propertyCode,thumbnail,externalReference,numPhotos,price,propertyType,operation,size,rooms,bathrooms,address,province,municipality,district,country,neighborhood,latitude,longitude,showAddress,url,description,hasVideo,status,newDevelopment,priceByArea,hasPlan,has3DTour,has360,hasStaging,notes,topNewDevelopment,topPlus,priceInfo.price.amount,priceInfo.price.currencySuffix,priceInfo.price.priceDropInfo.formerPrice,priceInfo.price.priceDropInfo.priceDropValue,priceInfo.price.priceDropInfo.priceDropPercentage,parkingSpace.hasParkingSpace,parkingSpace.isParkingSpaceIncludedInPrice,detailedType.typology,detailedType.subTypology,suggestedTexts.subtitle,suggestedTexts.title,highlight.groupDescription,floor,exterior,hasLift
106342257,https://img4.idealista.com/blur/480_360_mq/0/id.pro.es.image.master/be/36/3f/1329296773.webp,3248-24206,99,2950000.0,chalet,sale,751.0,7,10,avenida de la Osa Mayor,Madrid,Madrid,Moncloa,es,Aravaca,40.4575835,-3.7905039,False,https://www.idealista.com/inmueble/106342257/,"Magnífico Chalet independiente de lujo junto al centro urbano de Aravaca con una superficie construida de 751 m2 sobre una parcela de 776 m2. Muy cómodo, exclusivo y con gran privacidad. Reforma completa reciente con las mejores calidades e instalaciones, excelente estado de conservación, para entrar a vivir. Ubicado en la Urbanización La Fanega. Zona exterior: parcela completamente cerrada por muro de obra chapado en piedra Capri. En su parte norte, sobre la Avenida Osa Mayor, con panel anti ruido opaco coronado de un muro de cristal al acido. Precioso jardín con amplia zona verde (con riego totalmente automatizado por zonas) y piscina exterior de 10 x 5 metros dotada de zona de jacuzzi, pala de agua, tobogán en curva y playa de madera de Teka birmana salvaje, con sistemas de desinfección y control de ph automatizados. Cenador exterior cerrado con pérgola dotada de toldo motorizado con sensores de luz y viento, como el resto de los toldos de la vivienda. Se completa con cuartos exteriores de instalaciones y almacenaje, aseo de exterior con ducha y parking techado para dos coches. La vivienda se distribuye en cuatro plantas: baja, semi sótano, primera y bajocubierta. Planta baja: vestíbulo de entrada con zona distribuidor closet armario y aseo de vivitas, dormitorio principal con baño incorporado y acceso al jardín, salón principal con proyector y pantalla eléctrica de cine integrados y porche delantero con acceso al jardín, sala de música, comedor con acceso al jardín y cocina con isla central, barra y cuarto de lavandería, acceso al jardín y a cuarto de servicio. Planta semi sótano: gimnasio, piscina climatizada interior con zona de spa, distribuidor, cuarto de estar, baño incorporado, bodega, cuarto de calderas, cuarto de servicio con baño incorporado, cuarto despensa para vinoteca, nevera y congeladores, y diversos cuartos para herramientas y trastero. Planta primera: vestíbulo, sala de estar, dormitorio principal en suite con balcón incluyendo dos cuartos de baños con balcón y zona separada de armarios-vestidor, un dormitorio con baño completo y anexo y un dormitorio con balcón, cuarto de baño completo y trastero anexo. Bajocubierta: gran espacio diáfano que cuenta con baño completo, terraza cubierta, descubierta y mirador sobre elevado de la línea de tejado. Excepcionales calidades de construcción e instalaciones. Fachada de fábrica de ladrillo chapada en piedra natural caliza Capri. Solados de microcemento (semi sótano, gimnasio y spa), madera de Teka (salón, comedor, dormitorios, aseos y baños), porcelánico (cocina y baños) y mármol travertino natural (baño bajocubierta). Carpintería exterior de aluminio marca Technal (planta semisótano) y de madera de Iroko tratada con cristales térmicos. Cortina de cristal sin perfil vertical en el cerramiento del porche y cenador del jardín. Carpintería interior formada por puertas de paso macizas de madera de Teka y armarios con frentes de DM lacado e interiores forrados en madera maciza de Vongoy. Sistema de seguridad con instalación de alarma grado III, circuito cerrado de televisión y persianas de seguridad en toda la vivienda. La urbanización dispone de servicio de portería con portero residente en vivienda chalet junto a la entrada que pertenece a la comunidad de propietarios. Su excelente ubicación, a escasos 500 metros del centro urbano de Aravaca hace que cuente con muy buena red de comunicaciones por transporte público. Numerosos autobuses cercanos urbanos e interurbanos y a pocos minutos de la estación Renfe de Aravaca. Fácil y rápido acceso a A-6, M-30, M-500 y M-40. Todos los servicios necesarios a su alcance; centros de salud, hospitales, parques, colegios públicos, privados y concertados, centros deportivos, bancos, comercios de todo tipo, locales de ocio y restauración. Contáctenos para más información o para organizar una visita, estaremos encantados de atenderle.",True,good,False,3928.0,True,False,True,False,[],False,False,2950000.0,€,3150000.0,200000.0,6.0,True,True,chalet,independantHouse,"Aravaca, Madrid",Casa independiente en avenida de la Osa Mayor,Destacado,,,
108267599,https://img4.idealista.com/blur/480_360_mq/0/id.pro.es.image.master/37/b2/6b/1339029335.webp,4627,93,680000.0,chalet,sale,300.0,4,3,travesía de Ajalvir,Madrid,Cobeña,,es,,40.5651817,-3.5027391,False,https://www.idealista.com/inmueble/108267599/,"¡SEÑORIAL CHALET INDEPENDIENTE EN COBEÑA! Construido sobre una parcela de 458 m², con excelentes materiales que lo hacen único,  y distribuido en tres plantas de la siguiente manera. : El grandioso recibidor, actualmente usado como sala de estar, por una parte, nos conduce a las siguientes dependencias. : Al salón comedor provisto de chimenea y rodeado de ventanales. La cocina office, con muebles altos, bajos, electrodomésticos básicos y salida al patio trasero. Tres dormitorios dobles, dos, con armarios empotrados y el principal con fabuloso baño en suite con bañera de hidromasaje. Incluso otro baño para el resto de las estancias. Este, con cabina de ducha. Y, por la otra parte del recibidor, subida a la buhardilla y bajada al sótano. La buhardilla, muy acogedora, con preciosas vigas vistas y acceso a una terraza.  Cuenta con otro dormitorio, un baño, espacio cerrado usado como trastero o vestidor y zona diáfana para acondicionarla a vuestro gusto. En el sótano, es donde está ubicado el espacioso garaje con capacidad para varios vehículos y la caldera. Ya en el exterior, vemos el cuidado jardín, con césped natural y solado, la maravillosa piscina privada, el cenador, la barbacoa con horno de leña, entrada al garaje mediante una rampa y un sinfín de elementos por descubrir. Mencionar, que la vivienda, tiene aire acondicionado con bomba de calor canalizado, en la planta principal y en la buhardilla. ¿Una maravilla verdad? Venid, y descubrirlo vosotros mismos. Cobeña se encuentra muy bien comunicada con Madrid con varias líneas de autobuses interurbanos. La principal vía de acceso son la A-1 y también la vía de circunvalación M-50. Está situada muy cerca de La Moraleja, Las Tablas, la Ciudad de Telefónica y del BBVA. Es un municipio muy tranquilo junto a un entorno natural único -La Dehesa de Cobeña- y con todos los servicios al alcance de su mano: colegios, parques, polideportivo, servicios médicos y amplia zona de tiendas, comercios y restaurantes….",True,good,False,2267.0,True,False,True,True,[],False,False,680000.0,€,,,,True,True,chalet,independantHouse,Cobeña,Casa independiente en travesía de Ajalvir,Destacado,,,
108342060,https://img4.idealista.com/blur/480_360_mq/0/id.pro.es.image.master/5e/b5/79/1341265631.webp,,31,439900.0,chalet,sale,425.0,4,3,calle de Antonio Cabezón,Madrid,Ciempozuelos,Los Cestos - Belén - Las Eras,es,,40.1553927,-3.6304554,False,https://www.idealista.com/inmueble/108342060/,"Agencia inmobiliaria de CIEMPOZUELOS – SAN MARTÍN DE LA VEGA Oficina HOGARES CIEMPOZUELOS – SAN MARTÍN DE LA VEGA EN VENTA: ESPECTACULAR CHALET UNIFAMILIAR EN CIEMPOZUELOS, con piscina privada, placas solares y aerotermia, ideal para disfrutar de la máxima comodidad y eficiencia energética. Ubicado en una zona residencial tranquila, cercana a zonas verdes, colegios, parada de autobús y todos los servicios necesarios, este chalet independiente ofrece una vivienda única por su diseño, amplitud y equipamiento de última generación. En la planta principal, se encuentra una cocina independiente, amplia y luminosa, ideal para el día a día. El gran salón-comedor, con salida directa al patio, ofrece un ambiente acogedor perfecto para disfrutar en familia o con invitados. También dispone en esta planta de un aseo de cortesía para mayor comodidad. En la segunda planta, se distribuyen cuatro dormitorios. Dos de ellos comparten un baño completo, mientras que el dormitorio principal cuenta con baño en suite, garantizando privacidad y confort. La vivienda también dispone de una buhardilla diáfana, un espacio versátil que puede adaptarse como dormitorio adicional, despacho, sala de juegos o zona de ocio. En el exterior, la propiedad ofrece un impresionante patio privado con piscina, zona ajardinada y una barbacoa integrada, ideal para disfrutar del buen tiempo, celebraciones o simplemente relajarse al aire libre. Uno de los grandes valores añadidos de esta propiedad es su sistema de aerotermia y las placas solares, que garantizan una alta eficiencia energética y un importante ahorro en consumo, además de contribuir al cuidado del medio ambiente. Una vivienda pensada para quienes buscan calidad de vida, espacio y sostenibilidad en una ubicación privilegiada. ¡Posibilidad de Financiación al 100%: Una Oportunidad A Tu Alcance! Si estás buscando un hogar completo y eficiente para tu familia, no dejes pasar esta oportunidad. Además, ofrecemos condiciones de financiación adaptadas a tus necesidades, con posibilidad de financiación total. Contáctanos para más información o para programar una visita. Estaremos encantados de acompañarte en todo el proceso. ¡Tu nuevo hogar te espera! Este anuncio no es vinculante, puede contener errores. Se muestra a título informativo y no contractual.",False,good,False,1035.0,True,True,False,False,[],False,False,439900.0,€,,,,,,chalet,independantHouse,"Los Cestos - Belén - Las Eras, Ciempozuelos",Casa independiente en calle de Antonio Cabezón,Destacado,,,
107765555,https://img4.idealista.com/blur/480_360_mq/0/id.pro.es.image.master/a2/07/66/1323480508.webp,,49,800000.0,countryHouse,sale,300.0,6,3,camino de Matagallegos,Madrid,Ciempozuelos,Cuevas - Ilustración,es,,40.1367865,-3.6352715,False,https://www.idealista.com/inmueble/107765555/,"Agencia inmobiliaria de CIEMPOZUELOS – SAN MARTIN DE LA VEGA zona CIEMPOZUELOS Oficina HOGARES CIEMPOZUELOS – SAN MARTIN DE LA VEGA EN VENTA: IMPRESIONANTE FINCA RÚSTICA EN UNA SOLA PLANTA CON PISCINA Y AMPLIAS ZONAS DE OCIO Ubicada en un entorno tranquilo y rodeado de naturaleza, esta finca rústica es ideal para quienes buscan amplitud, privacidad y comodidad en un solo nivel La vivienda cuenta con una distribución espaciosa y funcional, perfecta para disfrutar en familia o con amigos Dispone de seis amplios dormitorios y tres baños completos, lo que proporciona comodidad y privacidad a todos los miembros del hogar El salón-comedor es amplio y acogedor, con grandes ventanales que permiten la entrada de luz natural y vistas despejadas al exterior La cocina es independiente, espaciosa y totalmente equipada, ideal para quienes disfrutan de la gastronomía en casa EXTERIOR: UN ESPACIO PARA EL DISFRUTE Y EL RELAX La finca cuenta con una gran parcela que ofrece múltiples zonas diseñadas para el ocio, el descanso y el entretenimiento Piscina privada de grandes dimensiones, perfecta para refrescarse en los días calurosos y disfrutar del verano en total privacidad Zona de barbacoa, ideal para reuniones con familiares y amigos donde se pueden organizar comidas al aire libre en un entorno natural Pista de tenis, un espacio ideal para los amantes del deporte y la actividad física Pozo propio, proporcionando un suministro autónomo de agua, una ventaja clave para el mantenimiento del jardín y la finca Zona de sauna, pensada para el confort y la relajación, ofreciendo un espacio de bienestar sin necesidad de salir de casa Amplias zonas ajardinadas y arboladas, perfectas para pasear, desconectar y disfrutar del entorno natural en un ambiente de tranquilidad y exclusividad Esta finca rústica destaca por su amplitud, funcionalidad y exclusivas zonas de ocio, convirtiéndose en el lugar perfecto para disfrutar de la naturaleza con todas las comodidades ¡Posibilidad de Financiación al 100%: Una Oportunidad A Tu Alcance! Si estás buscando un hogar para ti y tu familia, esta es tu oportunidad. Además, ofrecemos la posibilidad de financiación al 100%, lo que hace de esta propiedad una opción aún más atractiva para quienes desean dar el siguiente paso en la compra de su vivienda sin preocuparse por la financiación. No dejes pasar esta oportunidad única. Contacta con nosotros para más información y para programar una visita. Estaremos encantados de mostrarte esta maravillosa propiedad y ayudarte a conocer todos los detalles sobre las condiciones de financiación. ¡Tu nuevo hogar te espera! Este anuncio no es vinculante.",False,good,False,2667.0,True,True,False,False,[],False,False,800000.0,€,,,,True,True,countryHouse,countryHouse,"Cuevas - Ilustración, Ciempozuelos",Finca rústica en camino de Matagallegos,Destacado,,,
109202674,https://img4.idealista.com/blur/480_360_mq/0/id.pro.es.image.master/1e/61/08/1367357822.webp,,31,335000.0,duplex,sale,151.0,4,3,ARROYOS DE LOS SAUCES,Madrid,Alpedrete,,es,,40.6583547,-4.0352295,False,https://www.idealista.com/inmueble/109202674/,"¡HOGARES VENDE EN EXCLUSIVA ESTUPENDO PISO! Presentamos este magnífico dúplex en Alpedrete, una vivienda que combina amplitud, comodidad y un entorno privilegiado. Ideal para familias que buscan calidad de vida sin renunciar a todos los servicios, se ubica en una urbanización muy completa, rodeada de naturaleza y con excelentes conexiones. La vivienda cuenta con 4 dormitorios, todos ellos de gran tamaño, y 3 baños completos, distribuidos en dos cómodas plantas. En la primera planta encontramos una cocina amplia e independiente, con espacio suficiente para office y mucho potencial para quienes disfrutan de la cocina en familia. El salón-comedor, muy luminoso, da acceso directo a una terraza perfecta para relajarse, disfrutar de cenas al aire libre o simplemente aprovechar la tranquilidad de la zona. Además, esta planta dispone de 3 dormitorios equipados con armarios empotrados y 2 baños completos, lo que garantiza funcionalidad y confort para el día a día. En la segunda planta se encuentra el dormitorio principal, un espacio amplio y muy acogedor que se convierte en una auténtica suite privada. Aquí contamos con un baño completo, un vestidor y numerosos espacios de almacenaje, lo que aporta practicidad y elegancia a la vivienda. La propiedad incluye plaza de garaje y trastero, lo que facilita el orden, la comodidad y la seguridad en el día a día. Uno de los grandes atractivos de esta vivienda son sus zonas comunes, pensadas para disfrutar en familia y desconectar sin salir de la urbanización. Entre ellas destacan: • Una piscina comunitaria rodeada de jardines. • Pista de tenis para los amantes del deporte. • Amplias áreas verdes que invitan al paseo y al juego de los más pequeños. • Bar exclusivo para residentes, que aporta un extra de comodidad y vida social. Este dúplex no es solo una vivienda, es un estilo de vida. Vivir aquí significa disfrutar de la tranquilidad de Alpedrete, en un entorno rodeado de naturaleza, pero con todos los servicios a mano: colegios, supermercados, centro de salud, comercios locales y transporte público. Además, su excelente conexión con Madrid convierte a esta propiedad en una opción ideal tanto para residencia habitual como para segunda vivienda. En definitiva, un hogar pensado para quienes valoran los espacios amplios, la luz natural y las comodidades de una urbanización completa.",True,good,False,2219.0,True,False,True,False,[],False,False,335000.0,€,,,,True,True,flat,duplex,Alpedrete,Dúplex en Arroyos De Los Sauces,Destacado,3,True,False
108294189,https://img4.idealista.com/blur/480_360_mq/0/id.pro.es.image.master/8d/01/86/1339800651.webp,BFCA-V236,47,2190000.0,chalet,sale,900.0,14,14,Altos de Jarama,Madrid,Paracuellos de Jarama,Altos de Jarama,es,,40.5274722,-3.5373141,False,https://www.idealista.com/inmueble/108294189/,"CONTACTAR CON LA EXTENSIÓN Nº4. CASTELLANA. Propiedad Única con Alta Rentabilidad y Elegancia en Altos del Jarama. BAFRE INMOBILIARIA presenta esta gran vivienda en Altos del Jarama, en Paracuellos del Jarama. Dispone de una Casa Principal con un porche muy acogedor dispone de 4 dormitorios, 4 baños, cocina completamente equipada. Salón muy amplio y unos ventanales súper luminosos que dan a una gran terraza. Lo mejor son las vistas espectaculares que tiene.  Además, la propiedad incluye 10 estancias independientes, completamente equipadas y actualmente alquilados, garantizando un flujo constante de ingresos. Descubre esta exclusiva villa que combina confort, privacidad y rentabilidad en un entorno residencial privilegiado.  Zonas Comunes: Piscina privada, gimnasio exclusivo, parking privado y techado, y placas solares para eficiencia energética, ajardinado con plantas y flores. Datos Técnicos y Rentabilidad Año de construcción: 2005 Potencial de revalorización: Ubicación estratégica y alta demanda de alquiler. Propiedad mantenida en perfecto estado con materiales de alta calidad. Ventajas Únicas. Ingresos constantes y asegurados. Entorno tranquilo con excelente conectividad. Ahorro energético y sostenibilidad gracias a placas solares. Infraestructura moderna que ofrece confort y privacidad. ¡Invierte en una Propiedad Rentable y Exclusiva! Para más información, concertar una visita o acceder a la documentación completa (planos, certificados, informes) Superficie del Terreno: 1,850 m² Superficie Construida: 900 m² Ingresos Mensuales Actuales: 10.000 € aprox. Actualmente todo está alquilado. La condición es que el propietario viviría en una de las estancias con un renta mensual de 1.500 euros. No dejes pasar esta oportunidad única para asegurar tu inversión en una propiedad excepcional. ¡Llámanos hoy mismo! (Este anuncio no es vinculante, puede contener errores, se muestra a título informativo y no contractual. )> Oferta sujeta a condiciones de compra. Consulte los términos y condiciones aplicables.",True,good,False,2433.0,True,False,True,False,[],False,False,2190000.0,€,2500000.0,310000.0,12.0,True,True,chalet,independantHouse,"Altos de Jarama, Paracuellos de Jarama",Casa independiente,Destacado,,,
109195936,https://img4.idealista.com/blur/480_360_mq/0/id.pro.es.image.master/36/b5/73/1367118474.webp,,22,233000.0,duplex,sale,100.0,2,1,calle Santa Lucía,Madrid,Alpedrete,,es,,40.6601032,-4.0234392,False,https://www.idealista.com/inmueble/109195936/,"Dúplex en venta en el centro de Alpedrete – Urbanización exclusiva con piscina y jardines TRASTERO OPCIONAL POR 16.000€ Se vende fantástico piso dúplex de 100 m² construidos, ubicado en pleno centro de Alpedrete, dentro de una de las urbanizaciones más exclusivas y demandadas de la zona. La vivienda destaca por su excelente ubicación, con accesos directos a la carretera A-6 y a tan solo 2 minutos en coche de Collado Villalba, lo que permite una conexión rápida con Madrid y el resto de la Sierra. Además, se encuentra rodeada de todos los servicios necesarios para el día a día: supermercados, colegios, transporte público, centros médicos, comercios y zonas de ocio, todo a escasos metros. El dúplex cuenta con 2 dormitorios amplios con armarios empotrados, un baño completo, una agradable terraza privada, y un salón-comedor muy luminoso gracias a su orientación este, que garantiza luz natural durante buena parte del día. La cocina es independiente y funcional, y el estado general del inmueble es muy bueno. Entre sus calidades destacan los suelos de parqué, las paredes lisas, ventanas de aluminio y la calefacción individual por gas natural. Además, incluye plaza de garaje en el precio. La vivienda se encuentra dentro de una urbanización cerrada, tranquila y muy bien mantenida, que ofrece zonas ajardinadas y una magnífica piscina comunitaria, ideal para disfrutar en familia. Se trata de una propiedad ideal tanto para quienes buscan una vivienda cómoda y bien ubicada, como para quienes desean invertir en una zona con alta demanda y gran proyección. Los gastos son muy contenidos: se pagan 332 € anuales de IBI, 46 € de tasa de basuras y solo 48 € al mes de comunidad. Una oportunidad única de vivir en una zona privilegiada de Alpedrete, con todas las comodidades y servicios a tu alcance. ¡Llámanos para más información o para concertar una visita!",True,good,False,2330.0,True,False,True,False,[],False,False,233000.0,€,,,,True,True,flat,duplex,Alpedrete,Dúplex en calle Santa Lucía,Destacado,2,True,False
104696940,https://img4.idealista.com/blur/480_360_mq/0/id.pro.es.image.master/69/d5/22/1251244477.webp,3248-23749,76,760000.0,flat,sale,123.0,2,2,costanilla de San Andrés,Madrid,Madrid,Centro,es,Palacio,40.4117976,-3.7131293,False,https://www.idealista.com/inmueble/104696940/,"2 BALCONES a PLAZA DE LA PAJA. Fachada protegida. Casco Histórico de Madrid. Exento de IBI. ASCENSOR. Teatro La Latina y Polideportivo La Cebada a 400 mts.  VISITAS: En esta finca está prohibido el alquiler turístico, vacacional, de corta duración, pensiones o análogos. Si desea visitar el piso, por favor CONTACTA POR ESCRITO a través del anuncio.  NO COBRAMOS HONORARIOS AL COMPRADOR. NOTA PARA COMPRADORES NO RESIDENTES EN LA UNIÓN EUROPEA: El Gobierno de España tiene previsto aprobar en 2025, nuevo impuesto para desincentivar la compra de vivienda en España por No Residentes de la Unión Europea (personas físicas o empresas). DISTRIBUCIÓN DEL PISO: (ver plano):  -Salón: 24 m2 con 2 balcones. Vistas a frondosos árboles y a Plaza de la Paja.  -Recibidor-Comedor: 19 m2 con amplio armario. Este espacio también podría ser Despacho u otros usos. -Cocina: 10 m2, amueblada y equipada con todos los electrodomésticos.  -Dormitorio principal con vestidor. Baño en suite, dividido en zona váter-lavabo y zona lavabo-ducha; y ambas zonas con ventana. Orientación Sur a patio interior.  -Dormitorio Secundario con armario empotrado que ocupa una pared completa. Orientación Sur a patio interior.  - Baño 2 con lavabo, váter y bañera. Ubicado en distribuidor, al lado del dormitorio 2 y cocina. - Trastero de 2 m2 aprox., en última planta de la finca. - Si necesita un tercer dormitorio, en visita al piso le explicamos reforma para esta opción. DETALLES DEL PISO: -Puertas-ventanas en balcones a Plaza de la Paja: PVC lacadas blancas con alto aislamiento térmico y acústico, y contraventanas de madera lacadas blancas.   Las otras ventanas abatibles, PVC lacadas blancas, con rotura de puente térmico y persianas. -Calefacción individual por gas natural. Caldera Hermann.  -No tiene aire acondicionado. Por orientaciones del piso, puertas balcones con alto aislamiento térmico, y contraventanas de madera; la demanda de a/a es muy baja. -Certificado Eficiencia Energética “D” (eficiente): Poca demanda de calefacción y aire acondicionado. -Suelos de tarima de madera pino melis -Armarios y puertas de paso lacadas en blanco. -Pintura lisa color blanco -Puerta de Seguridad blindada -Fibra Óptica  DETALLES FINCA: -Actualmente finalizando OBRAS ITE en los dos (2) patios de la finca. Derramas ya abonadas.  Fecha estimada para retirar andamios del patio colindante con este piso: finales septiembre 2025.  -Exento de IBI (finca en Casco Histórico) -Ascensor -Antigüedad 1900  -2 pisos por planta y 2 escaleras (exterior e interior). Finca tranquila. -Gastos de Comunidad: 82 €/mes COMUNICACIONES: -Metro La Latina (L5) y varias líneas de Autobuses  -Fácil acceso a M-30 y A-5. ALREDEDORES DEL PISO: -Entorno Histórico-Monumental, Parques y Teatros (ver fotos)  -Histórico-Monumental: Palacio de los Vargas (palacete renacentista), Capilla de Nuestra Señora y de San Juan de Letrán (Bien de Interés Cultural), Museo de San Isidro, Plaza de los Carros, Plaza del Humilladero, Palacio Real de Madrid, Catedral de Santa María la Real de la Almudena, Real Basílica de San Francisco el Grande. -Parques: Jardín del Príncipe de Anglona (Jardín histórico), Jardines de las Vistillas (zona verde con vistas espectaculares), Parque del Emir Mohamed I y Muralla Árabe, Jardines de la Cuesta de la Vega, Parque Atenas (urbano), Campo del Moro (jardines franceses), Parque Madrid Río.  -Teatro La Latina, Corral de la Morería (espectáculos de flamenco y gastronomía española) -Amplia oferta de restauración e importantes mercados gastronómicos, como La Cebada y San Miguel.  -Centro Deportivo Municipal La Cebada: Edificio con piscina deportiva cubierta de 8 calles y 25 mts. de largo, más piscina polivalente e infantil; además de gimnasio, fisioterapia y amplio espacio deportivo al aire libre en última planta. Abierto lunes a domingo, 7:00 a 24:00 horas.",True,good,False,6179.0,True,False,True,False,[],False,False,760000.0,€,,,,,,flat,,"Palacio, Madrid",Piso en costanilla de San Andrés,Destacado,1,True,True
107794908,https://img4.idealista.com/blur/480_360_mq/0/id.pro.es.image.master/0e/b4/ba/1328526199.webp,8a855e0e-24be-4063-9977-044e9e26b22d,33,595000.0,chalet,sale,278.0,4,3,calle de la Bellota,Madrid,Alpedrete,,es,,40.6472541,-4.0196171,False,https://www.idealista.com/inmueble/107794908/,"Amplia y luminosa casa con jardín y piscina en Alpedrete. Descubre este encantador hogar de 278 m², diseñado para ofrecer comodidad y funcionalidad en cada rincón. Con cuatro dormitorios y tres baños, es el lugar perfecto para familias que buscan amplitud y calidad de vida. La vivienda se encuentra en excelente estado y cuenta con aire acondicionado para los días más cálidos y calefacción a gas para garantizar un ambiente acogedor en invierno. Sus amplios espacios exteriores incluyen una terraza con vistas despejadas, un jardín privado donde disfrutar del aire libre y una piscina ideal para refrescarse en los meses de verano. Además, la propiedad está adaptada para sillas de ruedas, asegurando accesibilidad para todos. Los armarios empotrados y un cuarto de almacenamiento proporcionan un extra de organización y comodidad. También dispone de un garaje incluido, brindando mayor seguridad y practicidad en el día a día. Alpedrete es un encantador municipio de la Sierra de Guadarrama, en la Comunidad de Madrid, conocido por su entorno natural y su tradición en la extracción de granito. Ofrece una excelente calidad de vida, combinando tranquilidad y proximidad a la capital. Con un ambiente acogedor, cuenta con todos los servicios esenciales, buenas conexiones de transporte y múltiples opciones de ocio al aire libre, como rutas de senderismo y ciclismo. Ideal para quienes buscan vivir en un entorno natural sin renunciar a la comodidad. Si buscas un hogar espacioso, bien equipado y en una ubicación tranquila, esta es una oportunidad que no puedes dejar pasar. ¡Contáctanos para más información o para programar una visita!",True,good,False,2140.0,True,False,True,False,[],False,False,595000.0,€,,,,True,True,chalet,independantHouse,Alpedrete,Casa independiente en calle de la Bellota,Destacado,,,
107272434,https://img4.idealista.com/blur/480_360_mq/0/id.pro.es.image.master/67/e9/ef/1308085200.webp,,22,1400000.0,penthouse,sale,123.0,3,4,travesía del Conde Duque s/n,Madrid,Madrid,Centro,es,Malasaña-Universidad,40.4261614,-3.7106538,True,https://www.idealista.com/inmueble/107272434/,"¡Descubre el ático de tus sueños en pleno corazón de la ciudad! Este impresionante ático, ubicado en un edificio histórico de 1900, ha sido recién reformado para ofrecerte el máximo confort y estilo. A tan solo unos pasos del Centro Cultural Conde Duque y a una calle del majestuoso Palacio de Lira, disfrutarás de una ubicación inmejorable.  La vivienda cuenta con una amplia área social donde la cocina integrada se convierte en el centro de reuniones. Las tres habitaciones, todas con baño en suite, garantizan privacidad y comodidad. El dormitorio principal es un verdadero oasis con su zona de vestidor independiente y un encantador balcón que da a la calle. Además, la propiedad se entrega amueblada, lista para que te instales sin preocupaciones. La iluminación LED y el sistema de climatización por conductos aseguran un ambiente acogedor en cualquier estación del año. Con 123 m² construidos, armarios empotrados que maximizan el espacio de almacenamiento y una orientación norte-sur que permite una excelente entrada de luz natural. Situado en la planta 4 de un edificio con ascensor, este ático es la combinación perfecta de historia y modernidad. ¡No pierdas la oportunidad de convertirlo en tu hogar!",False,good,False,11382.0,True,True,False,False,[],False,False,1400000.0,€,,,,,,flat,penthouse,"Malasaña-Universidad, Madrid",Ático en travesía del Conde Duque s/n,Destacado,4,True,True
107792492,https://img4.idealista.com/blur/480_360_mq/0/id.pro.es.image.master/d7/e2/01/1328532085.webp,9b3ed950-af0e-4d09-a2cc-b14987b5c1cc,49,595000.0,chalet,sale,261.0,5,4,calle de la Bellota,Madrid,Alpedrete,,es,,40.6446452,-4.0215888,False,https://www.idealista.com/inmueble/107792492/,"Descubre esta impresionante casa en Alpedrete, con 261 m² de espacio bien distribuido.  Esta propiedad en buen estado ofrece cinco dormitorios y cuatro baños, ideal para acomodar familias grandes. Disfruta de un estilo de vida cómodo con aire acondicionado y calefacción a gas.  La casa incluye una magnífica terraza y un jardín encantador, perfectos para disfrutar del aire libre.  Además, cuenta con una piscina refrescante y una zona de barbacoa para tus reuniones sociales. Los armarios empotrados proporcionan amplio espacio de almacenamiento, complementado por un trastero adicional.  La accesibilidad para sillas de ruedas asegura comodidad para todos. Un garaje privado completa este hogar, brindando seguridad y conveniencia.  Con vistas exteriores, esta propiedad combina confort y funcionalidad en un entorno encantador. Alpedrete es un encantador municipio de la Sierra de Guadarrama, en la Comunidad de Madrid, conocido por su entorno natural y su tradición en la extracción de granito. Ofrece una excelente calidad de vida, combinando tranquilidad y proximidad a la capital. Con un ambiente acogedor, cuenta con todos los servicios esenciales, buenas conexiones de transporte y múltiples opciones de ocio al aire libre, como rutas de senderismo y ciclismo. Ideal para quienes buscan vivir en un entorno natural sin renunciar a la comodidad. ¡No pierdas la oportunidad de hacerla tuya!",True,good,False,2280.0,True,False,True,False,[],False,False,595000.0,€,,,,True,True,chalet,independantHouse,Alpedrete,Casa independiente en calle de la Bellota,Destacado,,,
91030567,https://img4.idealista.com/blur/480_360_mq/0/id.pro.es.image.master/c0/b8/fb/806033460.webp,,17,299900.0,flat,sale,38.0,1,1,plaza de Manuel Becerra,Madrid,Madrid,Barrio de Salamanca,es,Goya,40.4289617,-3.6699932,False,https://www.idealista.com/inmueble/91030567/,"El piso se vende con inquilino solvente pagando 750€ al mes hasta febrero de 2025.  Ponemos a la venta este bonito piso totalmente reformado a estrenar en la misma plaza de Manuel Becerra. La reforma se terminó hace exactamente 2 meses y se cambió absolutamente todo fontanería, electricidad, electrodomésticos, suelos.. .  Primeras calidades en los materiales! Estrene casa con reforma de lujo.  Se trata de un piso de 40 metros cuadrados que se distribuyen en cocina americana, salón, baño y habitación. El piso está prácticamente nuevo.  El salón dispone de un sofá, una mesa y tiene un armario empotrado. La habitación también tiene otro armario empotrado y una cama de matrimonio.  La cocina es de tipo americana y cuenta con nevera, horno, microondas y vitrocerámica de cuatro fuegos. Todos los electrodomésticos están prácticamente a estrenar. La vivienda se completa con un baño reformado por completo y con plato de ducha.  En definitiva, estamos ante un piso con una muy buen ubicación, rodeado de todo tipo de servicios (bares, restaurantes, farmacias, colegios.. . ) y muy buena conexión tanto con el transporte público (metro Manuel Becerra en la puerta, al igual que varias paradas de autobús) como el transporte privado (perfecta conexión con la M. 30 y con el centro de Madrid).",True,good,False,7892.0,True,False,True,False,[],False,False,299900.0,€,,,,,,flat,,"Goya, Madrid",Piso en plaza de Manuel Becerra,Destacado,3,False,True
109150415,https://img4.idealista.com/blur/480_360_mq/0/id.pro.es.image.master/b3/3f/5a/1366033332.webp,MORALEJA,56,539900.0,chalet,sale,198.0,4,3,CL ALCORCON,Madrid,Moraleja de Enmedio,,es,,40.2643443,-3.8587332,False,https://www.idealista.com/inmueble/109150415/,"CAPITAL HOME ARROYOMOLINOS Te presenta en EXCLUSIVA este acogedor chalet INDEPENDIENTE, una vivienda UNIFAMILIAR pensada para disfrutar tanto del interior como del exterior durante todo el año. Ubicado en una zona tranquila, ofrece espacios amplios, luminosos y muy funcionales, perfectos para una familia que busca calidad de vida. Al acceder a la parcela, nos encontramos con un amplio patio solado que dispone de una piscina, así como de una zona de barbacoa cubierta y un trastero también cubierto, que aportan comodidad y almacenaje adicional. El porche acristalado se convierte en un rincón muy especial, ideal como comedor exterior, zona de lectura o espacio de descanso con vistas al patio. En la planta baja, la vivienda cuenta con un amplio y luminoso salón-comedor con chimenea funcional, que añade calidez en invierno y tiene salida directa al patio trasero. La cocina, cómoda y bien distribuida, también tiene acceso al exterior, lo que facilita el uso del espacio exterior para comidas al aire libre. En esta planta encontramos además un aseo con ventana, una práctica despensa bajo la escalera y el acceso al garaje cubierto. Subiendo la escalera, la cual cuenta con ventana que permite la entrada de luz natural, accedemos a la zona de descanso. La planta superior alberga cuatro dormitorios, tres de ellos secundarios con armarios empotrados y un amplio dormitorio principal con un enorme armario empotrado y baño en suite con bañera. Además, hay un baño completo con bañera pensado para dar servicio al resto de habitaciones. En la última planta encontramos una buhardilla abierta, un espacio polivalente que puede adaptarse como zona de juegos, despacho, sala de estar o dormitorio adicional. La vivienda cuenta con rejas en todas las ventanas, lo que aporta una mayor sensación de seguridad. Una casa muy completa, lista para entrar a vivir, que combina funcionalidad, espacios exteriores y estancias amplias para disfrutar en familia.  No pierdas la oportunidad de visitar este maravilloso chalet independiente y descubrir todas las ventajas que ofrece. ¡Contacta con nosotros para concertar una visita! ¡100% Financiación!",True,good,False,2727.0,True,False,True,True,[],False,False,539900.0,€,,,,True,True,chalet,independantHouse,Moraleja de Enmedio,Casa independiente en CL Alcorcon,Destacado,,,
109167255,https://img4.idealista.com/blur/480_360_mq/0/id.pro.es.image.master/b1/43/52/1366257273.webp,,42,650000.0,chalet,sale,334.0,6,3,calle San José,Madrid,Moralzarzal,Zona Iglesia - Estación,es,,40.6991874,-3.9670305,False,https://www.idealista.com/inmueble/109167255/,"¡INMOBILIARIA HOGARES TIENE EL PLACER DE PRESENTAR EN EXCLUSIVA ESTUPENDO CHALET EN LA URBANIZACIÓN RETAMAR EN MORALZARZAL! Se vende fantástico chalet independiente en una de las zonas más tranquilas y demandadas en Moralzarzal, ideal para familiares que buscan amplitud, privacidad y calidad de vida, rodeadas de naturaleza  La vivienda, construida en el año 1989, se asienta sobre una impresionante parcela de 1312m, con un jardín que rodea completamente la casa, ofreciendo múltiples espacios de disfrute al aire libre y una sensación de independencia difícil de igualar. En la parte delantera de la vivienda se dispone de otro porche cubierto, lo que permite disfrutar de exterior en cualquier momento del día. Además, en la parte trasera se encuentra una piscina privada, perfecta para los meses de verano, junto a un acogedor porche que invita a relajarse o compartir veladas con familia y amigos. La casa cuenta con una superficie construida 334m distribuidos en 2 plantas. En la planta baja se encuentras 2 habitaciones y un baño completo, lo que aporta comodidad para quienes buscan evitar escaleras o desean disponer de espacios polivalentes como despacho, sala de juegos o habitación de invitados. La planta superior alberga el resto de la zona de descanso, con 4 dormitorios adicionales y 2 baños completos, todo ello con buena iluminación natural y vistas al entorno verde que rodea la propiedad. Actualmente, tiene calefacción de gasoil, pero la cometida está preparada para gas natural. Este chalet es una opción ideal para quienes buscan un hogar donde disfrutar de la tranquilidad sin renunciar a estar bien conectados con Madrid y otras localidades de la sierra No dejes pasar la oportunidad de vivir en un entorno natural privilegiado, con amplios espacios interiores y exteriores, y con la independencia que solo una vivienda unifamiliar como este puede ofrecer  ¡FINANCIACIÓN AL 100% Y ESTUDIO FINANCIERO GRATUITO SIN COMPROMISO!",True,good,False,1946.0,True,False,True,False,[],False,False,650000.0,€,,,,True,True,chalet,independantHouse,"Zona Iglesia - Estación, Moralzarzal",Casa independiente en calle San José,Destacado,,,
109057347,https://img4.idealista.com/blur/480_360_mq/0/id.pro.es.image.master/5e/b8/79/1363422563.webp,,20,310000.0,flat,sale,110.0,4,2,calle Isla de la Toja,Madrid,Collado Villalba,Parque de la Coruña - Las Suertes,es,,40.6201427,-4.0126709,False,https://www.idealista.com/inmueble/109057347/,"¡INMOBILIARIA HOGARES PRESENTA EN EXCLUSIVA ESTUPENDO PISO EN PARQUE DE LA CORUÑA! Presentamos esta estupenda vivienda en venta, ubicada en una de las zonas más exclusivas de Collado Villalba. Este piso de cuatro dormitorios y dos baños, reformado (incluidas las ventanas), es ideal para quienes buscan comodidad, calidad y una ubicación inmejorable dentro de la Comunidad de Madrid. Al acceder a la vivienda, se aprecian los detalles de la reforma, combinando un diseño funcional con acabados de calidad. La distribución aprovecha al máximo el espacio y la luz natural, creando estancias acogedoras y prácticas. El salón-comedor es amplio y cuenta con salida a una de las dos terrazas, ideal para relajarse o compartir momentos con familia y amigos. La segunda terraza, a la que se accede directamente desde la cocina, ofrece un espacio adicional perfecto para zona de tendedero, desayunos al aire libre o como rincón de descanso. Las grandes ventanas, reformadas, permiten una excelente entrada de luz natural durante todo el día. La cocina es espaciosa, con una distribución que facilita el almacenamiento y el trabajo diario. Los cuatro dormitorios son amplios y bien distribuidos, adaptándose perfectamente a las necesidades de cualquier familia. Los dos baños han sido reformados y uno están equipado con plato de ducha, lo que aporta practicidad y comodidad en el uso diario. La vivienda dispone de plaza de garaje. El edificio cuenta con la instalación del ascensor. Ubicada en una de las mejores zonas de Collado Villalba, la vivienda forma parte de una urbanización consolidada y tranquila, ideal para familias que buscan un entorno seguro. Entre sus zonas comunes destacan una piscina comunitaria, perfecta para disfrutar en los días calurosos, parque infantil, pensado para el entretenimiento de los más pequeños y pista de tenis. HIPOTECAS HASTA EL 100%. La vivienda cuenta con una ubicación envidiable. Se encuentra próxima a todos los servicios esenciales, tales como, colegios e institutos, estación de autobuses, estación de RENFE, supermercados, pequeños comercios, centro médico, bares y restaurantes, fácil acceso a la A-6. ¡NO ESPERE MÁS Y CONVIERTA ESTA VIVIENDA EN SU NUEVO HOGAR! Para obtener más información o programar una visita, contáctenos o visite nuestra página web. Nuestro equipo estará encantado de ayudarle y mostrarle todas las ventajas y comodidades que esta propiedad tiene para ofrecer. ¡FINANCIACIÓN AL 100% Y ESTUDIO FINANCIERO GRATUITO Y SIN COMPROMISO!",True,good,False,2818.0,True,False,True,False,[],False,False,310000.0,€,318000.0,8000.0,3.0,True,True,flat,,"Parque de la Coruña - Las Suertes, Collado Villalba",Piso en calle Isla de la Toja,Destacado,1,True,True
107319350,https://img4.idealista.com/blur/480_360_mq/0/id.pro.es.image.master/5a/09/75/1309422837.webp,4577,100,520000.0,chalet,sale,190.0,6,2,calle Aragon,Madrid,Algete,,es,,40.6065247,-3.502001,False,https://www.idealista.com/inmueble/107319350/,"¡PRECIOSO CHALET INDEPENDIENTE EN VALDERREY! Os presentamos, este bonito y cómodo inmueble, debido a la disponibilidad de dormitorios en la planta principal, ubicado en una de las mejores urbanizaciones de la población y con un sinfín de posibilidades de redistribución para adaptarlo a vuestras necesidades. Consta de 190 m² construidos, repartidos en dos plantas y sobre una parcela de 510 m². En la principal, cuatro amplios dormitorios, dos, con armarios empotrados. En la actualidad, uno de ellos, es donde se ubica la biblioteca. El baño, que da servicio a las estancias de esta planta, es completo, con bañera provista de mampara y ventana exterior. En la planta baja, precioso salón comedor con chimenea, perfectamente diferenciado en dos ambientes. La cocina, con muebles altos y bajos nuevos, y acceso tanto a una despensa como a la sala donde está ubicada la caldera y el depósito de gasoil de 1000 litros. Esta, con mantenimiento realizado y en perfectas condiciones de funcionamiento. Dos dormitorios con aire acondicionado y bomba de calor. El principal, con baño en suite con plato de ducha y ventana exterior, y gran zona de armarios empotrados. Por el patio delantero, entramos al garaje con el que cuenta el chalet. El jardín que rodea a la vivienda, con parte solada y césped natural, es ideal para disfrutar con familia o amigos y acondicionarlo como más os guste. Además, la urbanización dispone de unas fantásticas zonas comunes con piscina, parques infantiles, etc. La localidad se encuentra perfectamente comunicada con Madrid a través de una amplia red de autobuses interurbanos, unos que salen de Algete y otros que vienen de otros municipios. La principal vía de acceso es la A-1, aunque también cuenta con la vía de circunvalación M-50. Muy cerca de La Moraleja, Las Tablas, Ciudad de Telefónica y BBVA “La Vela"". ¡Es lo que estabais buscando sin duda!",True,good,False,2737.0,True,False,True,False,[],False,False,520000.0,€,,,,True,True,chalet,independantHouse,Algete,Casa independiente en calle Aragon,Destacado,,,
108931095,https://img4.idealista.com/blur/480_360_mq/0/id.pro.es.image.master/03/39/8c/1359295435.webp,4663,103,675000.0,chalet,sale,300.0,4,3,calle Jazmín,Madrid,Cobeña,,es,,40.5733912,-3.5028954,False,https://www.idealista.com/inmueble/108931095/,"¡CHALET PAREADO EN ZONA PILOTOS DE COBEÑA! Te presentamos esta magnífica vivienda pareada, una propiedad que combina amplitud, funcionalidad y encanto en cada uno de sus rincones.  Ubicada en una zona residencial tranquila y bien comunicada, este chalet destaca por su cuidada distribución, su luminosidad natural y sus agradables espacios exteriores. Se distribuye en cuatro plantas que te detallamos a continuación. : En la planta baja, amplia cocina office, ideal para la vida diaria y el entretenimiento, un aseo de cortesía, y un acogedor salón con chimenea que conecta directamente con el porche exterior y la parcela.  Desde aquí se accede también a la planta inferior. En la primera, tres dormitorios, incluyendo un dormitorio principal en suite con baño propio y gran vestidor.  Uno de los dormitorios secundarios, dispone de salida a una encantadora terraza privada.  Además, se encuentra un segundo baño completo que da servicio a esta planta. La buhardilla, espacio diáfano y luminoso, perfecto como zona de trabajo, juegos, estudio o sala de estar adicional. Una planta versátil que se adapta a tus necesidades y con preinstalación para la construcción de un baño. Ya en la planta inferior, garaje con capacidad para dos vehículos, un dormitorio adicional, un cuarto de baño con plato de ducha y una amplia sala multiusos: ideal para gimnasio, cine en casa o zona de invitados. En el fantástico exterior, la parcela que consta de 400 m2, ofrece una excelente zona de ocio al aire libre: piscina privada, cenador con porche de madera, y espacio ajardinado donde disfrutar de momentos únicos en familia o con amigos. Este chalet pareado es mucho más que una casa: es un hogar pensado para disfrutar cada día con estilo, comodidad y privacidad. Cobeña se encuentra muy bien comunicada con Madrid con varias líneas de autobuses interurbanos. La principal vía de acceso son la A-1 y también la vía de circunvalación M-50. Está situada muy cerca de La Moraleja, Las Tablas, la Ciudad de Telefónica y del BBVA. Es un municipio muy tranquilo junto a un entorno natural único -La Dehesa de Cobeña- y con todos los servicios al alcance de su mano: colegios, parques, polideportivo, servicios médicos y amplia zona de tiendas, comercios y restaurantes… Contacta con nosotros para más información o para concertar una visita.  ¡Te invitamos a descubrirlo!",True,good,False,2250.0,True,False,True,False,[],False,False,675000.0,€,,,,True,True,chalet,semidetachedHouse,Cobeña,Chalet pareado en calle Jazmín,Destacado,,,
95463484,https://img4.idealista.com/blur/480_360_mq/0/id.pro.es.image.master/4e/01/cb/919012900.webp,3968,81,650000.0,chalet,sale,343.0,6,5,calle Baleares,Madrid,Algete,,es,,40.6049373,-3.4999994,False,https://www.idealista.com/inmueble/95463484/,"Fantástico chalet en Algete Una vivienda de calidad energética, debido a sus placas solares, perfectas, para ahorrar, considerablemente, en la factura de la luz. Construido en cuatro plantas detalladas a continuación. : Accedemos por el hall, que distribuye las diferentes estancias como son el aseo de bienvenida, la cocina y la despensa. Desde la cocina, accedemos por otra puerta al salón- comedor con chimenea, y el mismo, con salida al jardín En la primera planta encontramos cuatro dormitorios, todos ellos con armarios empotrados y un baño completo con bañera. El dormitorio principal además, cuenta con baño en suite. En la buhardilla, tenemos una amplia sala destinada a despacho o sala de juegos, también se encuentra un dormitorio con baño en suite con bañera. La planta sótano, tiene un garaje con capacidad para dos coches, trastero de 7m2, un gimnasio y una habitación adicional con baño en suite para dar servicio a la planta. Por último, el jardín, con pérgola de madera y acceso a la piscina comunitaria exclusiva para cinco viviendas. NO PIERDAS ESTA OPORTUNIDAD Y LLAMANOS!",True,good,False,1895.0,True,False,True,False,[],False,False,650000.0,€,,,,True,True,chalet,terracedHouse,Algete,Chalet adosado en calle Baleares,Destacado,,,
102653755,https://img4.idealista.com/blur/480_360_mq/0/id.pro.es.image.master/c5/b5/db/1274458882.webp,,38,630000.0,chalet,sale,298.0,4,2,Monte Escorial,Madrid,San Lorenzo de El Escorial,Zaburdón - Monte Escorial,es,,40.6079372,-4.1283117,False,https://www.idealista.com/inmueble/102653755/,"Agencia inmobiliaria en San Lorenzo de El Escorial, HOGARES San Lorenzo de El Escorial VENDE, en exclusiva, este chalet independiente en la mejor urbanización de San Lorenzo de El Escorial. Si estás buscando un hogar que combine la comodidad de un chalet independiente con la tranquilidad de una zona exclusiva, este es el lugar que has estado esperando. Con una amplia parcela de 1050 m² y un chalet construido en 2003, este hogar está en perfecto estado y listo para que comiences a disfrutar de una vida plena. Con 4 espaciosas habitaciones y 2 baños, uno de ellos en suite. La cocina, amplia y funcional, cuenta con una despensa que te permitirá mantener todo organizado, mientras que el salón es el lugar perfecto para relajarte. Desde este, podrás acceder directamente a la terraza y al jardín, donde disfrutarás de momentos al aire libre. El garaje de 143 m² ofrece un amplio espacio para tus vehículos y almacenamiento, y aún tiene mucho potencial para convertirlo en lo que necesites, incluso una vivienda independiente, ya que la planta está en bruto y se puede adaptar a tus gustos. La construcción, de alta calidad, está diseñada para asegurar tu confort. Las ventanas de PVC con doble cristal Climalit y rotura de puente térmico, junto con las contraventanas metálicas, te garantizarán una excelente aislación térmica y acústica. Además, el sistema de calefacción y agua es a gasóleo, y la propiedad está preparada para instalar una chimenea, ya que tiene el tiro existente. Las puertas macizas y la puerta de entrada blindada añaden una capa extra de seguridad a tu hogar. En el jardín encontrarás dos tomas de agua para el riego, ideal para mantener tu espacio exterior siempre en perfectas condiciones. Además, la parcela ofrece un gran potencial para ampliaciones, ya que aún queda edificabilidad disponible, lo que te brinda la posibilidad de añadir más metros cuadrados si así lo deseas. El muro de 30 cm de ancho con doble cámara de aire también asegura la protección contra humedades, lo que te proporcionará un ambiente saludable en todo momento. Uno de los mayores atractivos de esta propiedad es la urbanización en la que se encuentra, que ofrece una calidad de vida envidiable. Podrás disfrutar de dos piscinas (una para adultos y otra para niños), además de cuatro pistas de tenis, dos de pádel, dos de frontón y una de squash. Si eres amante de los deportes, también podrás disfrutar de dos campos de fútbol y uno de baloncesto. Para relajarte, la urbanización cuenta con un gimnasio y una sauna, perfecta para desconectar después de un día ajetreado. Además, podrás disponer del club social o disfrutar de una comida en el bar-restaurante. La seguridad está garantizada con un equipo de conserjes diurnos y nocturnos que estarán siempre disponibles para ayudarte en lo que necesites. La ubicación no puede ser mejor. Situado en el extremo más tranquilo de la calle, este chalet te ofrece la paz que buscas, pero al mismo tiempo está a solo 5 minutos a pie de la zona comercial, servicios esenciales, el hospital, el colegio Antonio Robles y la montaña. Si necesitas moverte por la ciudad, estarás perfectamente comunicado con el transporte público: hay una parada de autobús urbano e interurbano a poca distancia, con direcciones a Madrid y al centro de San Lorenzo de El Escorial.   Además, ofrecemos la posibilidad de financiación al 100% de tu préstamo hipotecario, con la gestión de nuestro departamento de intermediación financiera, ""FinanHogar"". ¡Tu hogar de ensueño te espera! Este anuncio no es vinculante, puede contener errores. Se muestra a titulo informativo y no contractual.",True,good,False,2114.0,True,False,True,True,[],False,False,630000.0,€,,,,True,True,chalet,independantHouse,"Zaburdón - Monte Escorial, San Lorenzo de El Escorial",Casa independiente en Monte Escorial,Destacado,,,
109133391,https://img4.idealista.com/blur/480_360_mq/0/id.pro.es.image.master/a5/47/19/1365330180.webp,10008603,40,1895000.0,flat,sale,174.0,4,3,calle de Claudio Coello,Madrid,Madrid,Barrio de Salamanca,es,Castellana,40.4365711,-3.6863748,False,https://www.idealista.com/inmueble/109133391/,"Exclusiva Vivienda2 · Piso con terraza y garaje en Claudio Coello Vivienda2 comercializa en exclusiva este magnífico piso en la prestigiosa calle Claudio Coello, en pleno barrio de Salamanca. Una ubicación inmejorable para quienes buscan vivir en una de las zonas más exclusivas y con mayor proyección de Madrid. Se trata de una cuarta planta exterior con terraza, muy luminosa gracias a sus dos grandes ventanales a la calle. La vivienda cuenta con 174 m² construidos, actualmente distribuidos en: Espacioso salón-comedor exterior con salida a la terraza. 4 dormitorios, de los cuales dos son exteriores. 3 baños completos. Cocina independiente con zona de servicio. La propiedad está completamente para reformar, lo que supone una excelente oportunidad para diseñar una vivienda a medida, ya que la mayor parte de la distribución actual está realizada con tabiquería, lo que facilita cambios y adaptaciones. Características destacadas Terraza exterior con orientación a Claudio Coello. Plaza de garaje incluida en el precio, con acceso directo desde el ascensor. Finca representativa, cuidada y con presencia, que dispone de dos ascensores y servicio de portería. Excelente luminosidad y gran potencial de redistribución de espacios. Ubicación privilegiada Situado en el corazón del barrio de Salamanca, a un paso de las calles Serrano y Ortega y Gasset, rodeado de las mejores boutiques, restaurantes de moda, galerías de arte y todos los servicios que hacen de esta zona una de las más deseadas de Madrid. Además, cuenta con excelentes conexiones de transporte público y se encuentra muy cerca del Parque del Retiro, el gran pulmón verde de la capital.",True,renew,False,10891.0,True,False,True,False,[],False,False,1895000.0,€,,,,True,True,flat,,"Castellana, Madrid",Piso en calle de Claudio Coello,Destacado,4,True,True
108895563,https://img4.idealista.com/blur/480_360_mq/0/id.pro.es.image.master/03/cc/98/1358217771.webp,EG6451,87,277000.0,flat,sale,84.0,2,1,San Isidro - Los Almendros,Madrid,Alcalá de Henares,San Isidro - Los Almendros,es,,40.4853997,-3.3624269,False,https://www.idealista.com/inmueble/108895563/,"Alcalá Inmobiliaria presenta este bonito piso luminoso y con vistas despejadas en Paseo de la Estación, Alcalá de Henares. Con 84 metros construidos y distribuidos en 2 dormitorios dobles, salón amplio y luminoso con terraza, 1 baño y cocina independiente. Carpintería interior en roble, carpintería exterior climalit con puente de rotura térmica, abatibles y oscilobatientes, suelos de tarima y gres, calefacción central individual, 2 armarios empotrados, toldos en salón y terraza recién cambiados, videoportero, portero físico 8 horas, 2 ascensores. Destacar el buen estado de la vivienda, ubicado a 2 minutos de la Plaza Cervantes, cuenta con todos los los servicios, muy buena comunicación con el transporte público y la Renfe y la orientación inmejorable. No dejes pasar la oportunidad y ¡Ven a visitarlo! No cobramos comision al comprador. Nos encargamos de toda la gestión de la compra. Y además ponemos a tu disposición nuestro departamento de hipotecas totalmente gratuito para buscarte las mejores condiciones del mercado. ¿Quieres saber cuánto se te quedaría la letra al mes? ¿Quieres saber qué impuestos conlleva una compra-venta? Llámanos sin compromiso y programaremos una visita. Los metros de la vivienda están contrastados según catastro/registro. Los muebles que aparecen en la vivienda no son vinculantes y pueden No estar incluidos. Este anuncio no es vinculante y puede contener errores. Se muestra a título informativo y no es contractual.   En los precios de venta no están incluidos impuestos legales ni gastos de escrituración.",True,good,False,3298.0,True,False,True,False,[],False,False,277000.0,€,,,,,,flat,,"San Isidro - Los Almendros, Alcalá de Henares",Piso,Destacado,5,True,True
108734016,https://img4.idealista.com/blur/480_360_mq/0/id.pro.es.image.master/87/2c/9c/1353563007.webp,,28,460000.0,flat,sale,160.0,3,2,calle de la Estación de Chamartín s/n,Madrid,Colmenar Viejo,San Crispín - La Estación Consorcio,es,,40.6491324,-3.7910746,True,https://www.idealista.com/inmueble/108734016/,"¡VENTA EN EXCLUSIVA CON HOGARES COLMENAR VIEJO! Moderno bajo con gran patio privado, 2 plazas de garaje, trastero y urbanización con piscina y pista de pádel Te presentamos esta magnífica vivienda de construcción reciente, ubicada en una urbanización privada que ofrece piscina comunitaria, pista de pádel y zonas comunes cuidadas. Una opción ideal para quienes buscan comodidad, privacidad y una excelente calidad de vida. Este luminoso bajo destaca por su espectacular patio privado, distribuido en tres zonas diferenciadas: � Área con césped artificial, perfecta para descansar o disfrutar con los más pequeños. � Espacio con suelo porcelánico, ideal para colocar una mesa exterior, celebrar comidas o relajarse al aire libre. � Zona habilitada para plantación o jardinería, ideal para crear tu propio jardín o huerto urbano. El patio es apto para barbacoas y ofrece total privacidad, ya que no hay balcones ni terrazas de vecinos justo encima. La vivienda incluye:  Suelo radiante, para máxima eficiencia y confort durante todo el año  Aire acondicionado por conductos  Suelos de tarima  2 plazas de garaje incluidas en el precio  Trastero Entorno y servicios cercanos: � Escuela primaria a pocos minutos a pie �️ A solo 10 minutos caminando se encuentran un polideportivo con campo de golf, pistas de pádel, campo de fútbol y gimnasio, así como un restaurante con vistas al campo de golf � La estación de tren (Renfe Cercanías) está a solo 15 minutos andando Una vivienda completa, moderna y lista para disfrutar. Ideal para familias, parejas o cualquier persona que valore el confort interior, el espacio exterior y una ubicación inmejorable. La vivienda cuenta con excelente comunicación mediante transporte público y acceso a las carreteras M-607 y M-40, facilitando los desplazamientos. GESTIONAMOS HIPOTECAS 100%.",True,good,False,2875.0,True,False,True,False,[],False,False,460000.0,€,,,,True,True,flat,,"San Crispín - La Estación Consorcio, Colmenar Viejo",Piso en calle de la Estación de Chamartín s/n,Destacado,bj,True,True
108662833,https://img4.idealista.com/blur/480_360_mq/0/id.pro.es.image.master/a1/a5/d8/1351460720.webp,3303-03176,30,310000.0,flat,sale,48.0,2,1,calle de la Paloma,Madrid,Madrid,Centro,es,Palacio,40.408765,-3.7104247,False,https://www.idealista.com/inmueble/108662833/,"¿Buscas un piso en una de las mejores zonas de Madrid? ¡Este puede ser tu hogar! Se vende un hermoso piso de 50 m² en la Calle de la Paloma, en pleno corazón del Madrid de los Austrias, a solo unos metros de la emblemática Puerta de Toledo.  Este piso interior, pero muy luminoso, ha sido completamente reformado y combina estilo y comodidad. Cuenta con 2 dormitorios y salón comedor con ventiladores de techo, cocina y cuarto de baño todas las estancias con ventanas oscilobatientes con persiana y doble acristalamiento (climalit), que garantizan tranquilidad y buen aislamiento. Los techos altos y la pintura lisa moderna aportan un toque de elegancia y amplitud. La cálida tarima de madera en toda la vivienda crea un ambiente acogedor.  La cocina reformada está equipada y lista para usar, perfecta para preparar tus platos favoritos. El baño también ha sido renovado, con un diseño actual y funcional. Además, el sistema de calefacción de gas te asegura mantenerte cómodo durante todo el año.  Este edificio típico del Madrid de los Austrias tiene mucho carácter y encanto histórico, ideal para quienes valoran la historia y el estilo en su hogar.  La ubicación es inmejorable: a solo 3 minutos andando de la parada de metro Puerta de Toledo, cerca del Mercado de la Cebada, La Latina y La Cava Baja, zonas llenas de vida, tapas y cultura. Además, en los alrededores encontrarás el Colegio de La Salle La Paloma (justo en la puerta) y la Universidad de Carlos III de Madrid a escasos 5 minutos a pie, perfectos para estudiantes o familias. ¿Te gustaría más información o programar una visita? ¡Contáctanos y te ayudaremos a descubrir tu próximo hogar en el corazón de Madrid!",True,good,False,6458.0,True,False,True,False,[],False,False,310000.0,€,320000.0,10000.0,3.0,,,flat,,"Palacio, Madrid",Piso en calle de la Paloma,Destacado,1,False,True
104955930,https://img4.idealista.com/blur/480_360_mq/0/id.pro.es.image.master/48/9d/dd/1300012942.webp,21922,28,1295000.0,flat,sale,160.0,3,2,Barrio Ventilla-Almenara,Madrid,Madrid,Tetuán,es,Ventilla-Almenara,40.4710357,-3.6880088,False,https://www.idealista.com/inmueble/104955930/,"Este lujoso apartamento exterior en el Paseo de la Castellana es una unidad en la séptima planta recién reformada, elegantemente amueblada en una zona privilegiada de Madrid.  Al entrar, te encuentras con un gran salón luminoso con varias zonas y acceso a dos terrazas con vistas al Paseo de la Castellana, las Cinco Torres y la Sierra de Madrid.  El salón incluye una mesa de billar, sillones, un sofá de Le Corbusier, una mesa de comedor de cristal y una zona de lectura con una silla de Charles Eames. El apartamento cuenta con 3 dormitorios: dos con camas dobles y uno con dos camas individuales, todos con armarios. Hay un baño completo con ducha de hidromasaje y un aseo para invitados. La cocina de office está totalmente equipada con electrodomésticos Siemens y se conecta con una luminosa galería acristalada que incluye un tendedero, gimnasio y armarios de temporada. La propiedad cuenta con calefacción central con control individual, aire acondicionado y ventiladores de techo de diseño en los tres dormitorios con sistema de verano/invierno. Las ventanas de doble acristalamiento proporcionan un aislamiento térmico y acústico óptimo. El suelo es de parquet de madera de pino, y la puerta principal es de alta seguridad. El apartamento se entrega totalmente equipado. Situado en la avenida más emblemática de Madrid, el Paseo de la Castellana recorre la ciudad de norte a sur, acogiendo diversos eventos como el desfile militar del 12 de octubre, la Vuelta Ciclista a España y el Maratón de Madrid, entre muchos otros. A pocos metros, hay supermercados, farmacias, cafeterías y restaurantes. El nuevo estadio Santiago Bernabéu está a solo 2 km de distancia, preparado para acoger más de 370 eventos importantes anualmente tras su remodelación en 2023. La zona de AZCA está cerca, y el aeropuerto de Madrid Barajas está a solo 10 minutos en Taxi/Uber. Existe la posibilidad de alquilar plazas de aparcamiento en los alrededores, aunque suele ser fácil aparcar en la calle con plazas siempre disponibles. Los vehículos de carsharing suelen estar disponibles a pocos metros del edificio. Cerca hay dos estaciones de metro (Plaza Castilla y Begoña), así como la estación central de autobuses de Plaza Castilla. La zona está en constante revalorización gracias a las expansiones e inversiones que se están realizando. La demanda tanto de alquileres a corto plazo como de residencias permanentes seguirá aumentando debido al creciente interés de los extranjeros en la zona. Nota: La propiedad se alquila de forma temporal. Se recomienda comprobar disponibilidad y programar visitas con anticipación.",True,good,False,8094.0,True,False,True,False,[],False,False,1295000.0,€,,,,,,flat,,"Ventilla-Almenara, Madrid",Piso,Destacado,7,True,True
109000914,https://img4.idealista.com/blur/480_360_mq/0/id.pro.es.image.master/61/32/0e/1361336683.webp,EG6461,65,202235.0,flat,sale,76.0,1,1,Camarma de Esteruelas,Madrid,Camarma de Esteruelas,,es,,40.5496177,-3.3822539,False,https://www.idealista.com/inmueble/109000914/,"Alcalá inmobiliaria pone a tu disposición este fabuloso apartamento en el centro de Camarma de Esteruelas Un dormitorio, cocina, salón de paso y baño. Con dos plaza de garaje en urbanización con piscina. Acompáñame en el recorrido descriptivo como si estuvieras allí viviendo. Entrando en la casa por la puerta principal blindada encontramos un hall de entrada de frente a el tenemos la cocina recién reformada con estilo moderno y muy buen gusto, amueblada con muebles altos y bajos mas electrodomésticos básicos (Campana, vitro y horno), la encimera es de piedra el fregadero de un seno de gran capacidad de aluminio con grifo. En la cocina tenemos un pequeño tendedero. Salón de paso  con aparato de aire acondicionado con bomba de calor de ultima generación y bajo consumo. Un baño completo con bañera, mueble de  madera con lavabo y espejo con luz integrada. Amplio dormitorio con armario empotrado y aparato de aire acondicionado con bomba de calor de la misma categoría que el del salón. La vivienda tiene pintura lisa en el salón además se ha pintado una pared con pintura de arena que le da un aire moderno y jovial. los suelos son de tarima, las ventanas de aluminio lacado, abatible con rotura de puente térmico y doble climalit mas mosquiteras y rejas. La calefacción y el agua caliente es por gas natural con caldera independiente.  La ubicación de esta vivienda es ideal en todo el centro de Camarma de Esteruelas,  en una zona tranquila y segura, pero cerca de todos los servicios y vías principales. Podrás encontrar colegios, institutos, supermercados, transporte público, centro de salud y farmacias, piscinas y polideportivos municipales a pocos minutos de distancia caminando.  Camarma de Esteruelas es un pueblo tranquilo rodeado de naturaleza y zonas verdes de paseo. Con Acceso directo a la carretera M-119 y comunicado con Alcalá de Henares a solo 20 minutos en transporte público (ALSA, LINEA 255) y a 10 minutos en coche. Además con muy buena comunicación con la A2. Si estas buscando un lugar tranquilo donde vivir no dudes en venir a verla. No cobramos comisión al comprador. Nos encargamos de toda la gestión de la compra. Y además ponemos a tu disposición nuestro departamento de hipotecas totalmente gratuito para buscarte las mejores condiciones del mercado. ¿Quieres saber cuánto se te quedaría la letra al mes? ¿Quieres saber qué impuestos conlleva una compra-venta? ¿Necesitas vender para comprar? Llámanos sin compromiso y programaremos una visita a este maravilloso Chalet, no dudes en venir a visitarlo. Los metros de la vivienda están contrastados según catastro/registro. Los muebles que aparecen en la vivienda no son vinculantes y pueden No estar incluidos. Este anuncio no es vinculante y puede contener errores. Se muestra a título informativo y no es contractual.  En los precios de venta no están incluidos impuestos legales ni gastos de escrituración.",True,good,False,2661.0,True,False,True,False,[],False,False,202235.0,€,,,,True,True,flat,,Camarma de Esteruelas,Piso,Destacado,bj,True,True
108804295,https://img4.idealista.com/blur/480_360_mq/0/id.pro.es.image.master/ab/0a/f1/1355633429.webp,RP1442025140168,84,899000.0,chalet,sale,283.0,6,4,Barrio Monte Rozas,Madrid,Las Rozas de Madrid,Monte Rozas,es,Monte Rozas,40.5150893,-3.9161726,False,https://www.idealista.com/inmueble/108804295/,"REDPISO LAS ROZAS presenta, en exclusiva, uno de los mejores chalets de la prestigiosa urbanización “Monterrozas”, en Las Rozas de Madrid. Una vivienda señorial que destaca por su excelente ubicación, tranquilidad y un estado de conservación impecable, con materiales y acabados de alta calidad. Distribución de la vivienda: Planta principal (Planta 0): Elegante hall de entrada. Aseo de cortesía. Amplia y luminosa cocina con doble acceso. Gran salón-comedor distribuido en dos ambientes, con chimenea funcional y acceso directo al porche y al jardín. (Orientación sur). Porche trasero elevado con magníficas vistas y salida al jardín. Jardín independiente, muy amplio y con abundante vegetación y decoración cuidada. Dispone además de un trastero bajo la escalera exterior y acceso privado y directo a las zonas comunes de la urbanización. Primera planta: Dormitorio principal en suite, con vestidor, baño exterior y orientación sur. Dispone de aire acondicionado. Tres dormitorios adicionales, todos con armarios empotrados. Segundo baño completo de uso compartido. Buhardilla (Planta 2): Espaciosa buhardilla diáfana, dividida en dos ambientes, con salida a solárium exterior. Sótano (Planta -1): Trastero bajo las escaleras. Dormitorio de servicio con baño en suite. Segundo dormitorio con gran capacidad de almacenaje gracias a sus armarios de gran formato. Garaje con capacidad para dos vehículos. Zonas comunes: La urbanización dispone de extensas zonas verdes, áreas de descanso, piscina comunitaria, pistas de tenis, fútbol y baloncesto, ideales para el disfrute de toda la familia. Ubicación: Situada en una de las zonas más tranquilas y demandadas de Las Rozas, con fácil acceso a las principales vías de comunicación y muy próxima a todos los servicios esenciales: colegios, centros comerciales, transporte público y áreas de ocio.",False,good,False,3177.0,True,True,False,False,[],False,False,899000.0,€,,,,True,True,chalet,terracedHouse,"Monte Rozas, Las Rozas de Madrid",Chalet adosado,Destacado,,,
109103537,https://img4.idealista.com/blur/480_360_mq/0/id.pro.es.image.master/7c/94/5e/1364700677.webp,,31,259000.0,flat,sale,85.0,2,1,LAS ROCAS,Madrid,Alpedrete,,es,,40.6588239,-4.0422218,False,https://www.idealista.com/inmueble/109103537/,"HOGARES VENDE EN EXCLUSIVA! Piso en Urbanización Las Rocas, Alpedrete! Piso en venta con terraza, trastero y todas las comodidades Si estás buscando un hogar que combine tranquilidad, naturaleza y comodidad, esta es tu oportunidad. Te presentamos este magnífico piso de 2 habitaciones ubicado en la prestigiosa Urbanización Las Rocas, una de las zonas más valoradas de Alpedrete, ideal tanto para residencia habitual como para inversión. La vivienda cuenta con dos dormitorios amplios y luminosos, ambos equipados con armarios empotrados que optimizan el espacio y aportan funcionalidad. El salón-comedor es amplio y acogedor, con acceso directo a una terraza privada donde podrás disfrutar de desayunos al sol, tardes de lectura o agradables momentos al aire libre. La cocina, bien distribuida y funcional, ofrece todo lo necesario para tu día a día, con espacio para almacenamiento y un diseño que facilita su uso. Además, la vivienda incluye un trastero independiente, perfecto para guardar bicicletas, equipaje, material deportivo o cualquier otro objeto sin ocupar espacio en la vivienda. La Urbanización Las Rocas es conocida por su entorno cuidado, seguro y tranquilo, rodeado de naturaleza y con vecinos que valoran la calidad de vida. Aquí podrás disfrutar de paseos relajantes, aire puro y la sensación de vivir en un lugar privilegiado. La urbanización cuenta con piscina y muchos campos deportivos  En cuanto a su ubicación, es inmejorable: •A pocos minutos del centro de Alpedrete, con supermercados, tiendas, restaurantes, colegios y todos los servicios necesarios. •Excelente conexión con Madrid y municipios cercanos gracias al transporte público (autobuses y estación de tren cercana) y fácil acceso a la A-6. •Situado a las puertas del Parque Nacional de la Sierra de Guadarrama, ideal para los amantes de la naturaleza, el senderismo y las actividades al aire libre. Este piso es perfecto para quienes buscan un hogar cómodo, práctico y bien ubicado, en un entorno natural pero sin renunciar a las comodidades de la vida urbana. ¡No pierdas la oportunidad de vivir en uno de los mejores lugares de Alpedrete! Contacta con nosotros para más información o para concertar una visita y descubre todo lo que esta vivienda puede ofrecerte.",True,good,False,3047.0,True,False,True,False,[],False,False,259000.0,€,,,,,,flat,,Alpedrete,Piso en Las Rocas,Destacado,3,True,False
107668120,https://img4.idealista.com/blur/480_360_mq/0/id.pro.es.image.master/05/f8/64/1319249174.webp,,21,289900.0,duplex,sale,146.0,3,2,luna,Madrid,Brunete,,es,,40.402798,-3.9987584,False,https://www.idealista.com/inmueble/107668120/,"Agencia Inmobiliaria en Brunete. HOGARES VENDE EN EXCLUSIVA! Hogares Brunete presenta: DÚPLEX EN VENTA EN EL CENTRO DE BRUNETE: ENCANTO Y COMODIDAD. Te presentamos este encantador dúplex, ubicado en pleno centro de la población, donde tendrás todos los servicios a mano. Ideal para quienes buscan un hogar luminoso, funcional y con estilo, esta propiedad cuenta con 3 habitaciones, una en planta y un despacho que podrás adaptar a tus necesidades, ya sea como oficina, sala de lectura o espacio adicional. En la planta baja te recibirá un amplio salón, perfecto para disfrutar de momentos de relax o recibir a tus invitados. La cocina independiente está totalmente equipada y tiene un diseño práctico y moderno, ideal para aquellos que disfrutan de la cocina en casa. Además, la propiedad dispone de un baño con acabados de calidad y muy bien distribuido. Uno de los grandes atractivos de este dúplex es la luminosidad que inunda todos sus espacios gracias a sus amplias ventanas, que permiten la entrada de luz natural a todas las estancias. Además, la propiedad incluye un trastero para que puedas guardar todo lo que necesites. Contamos con un equipo financiero altamente cualificado que te ayudará a gestionar tu hipoteca de manera sencilla. Podrás acceder a hasta el 100% de la financiación para que puedas cumplir tu sueño de tener tu propio hogar sin complicaciones. Nuestro equipo se encargará de ofrecerte las mejores opciones adaptadas a tu perfil y necesidades. Este dúplex es ideal para personas que buscan un hogar cómodo, bien comunicado y listo para entrar a vivir. La ubicación es inmejorable, en el corazón del centro, con todos los servicios a tu alcance: supermercados, centros de salud, tiendas, restaurantes y transporte público. ¡Todo lo que necesitas a solo unos pasos de tu hogar! No dejes pasar esta oportunidad de vivir en un lugar único y con todas las comodidades. ¡Tu nuevo hogar te está esperando! Para más información o para concertar una visita, no dudes en contactarnos. Estaremos encantados de ayudarte en todo el proceso.",True,good,False,1986.0,True,True,True,True,[],False,False,289900.0,€,,,,,,flat,duplex,Brunete,Dúplex en luna,Destacado,1,True,False
107155795,https://img4.idealista.com/blur/480_360_mq/0/id.pro.es.image.master/00/d5/50/1306439726.webp,CE205633,14,154000.0,chalet,sale,158.0,2,1,Manzanares el Real,Madrid,Manzanares el Real,,es,,40.7265422,-3.8625327,False,https://www.idealista.com/inmueble/107155795/,"¡Descubre el encanto en el corazón de Manzanares el Real! Esta singular casa de piedra, ubicada en pleno centro del pueblo, te ofrece la oportunidad perfecta para crear el hogar de tus sueños. Con 158 m² construidos, ideal para quienes buscan un espacio acogedor y personalizable. Aunque necesita reforma, su estructura sólida, te permitirán diseñar un espacio único a tu medida. Además, su ubicación privilegiada te sitúa cerca de todos los servicios esenciales, facilitando tu día a día. No dejes pasar esta oportunidad de vivir en un entorno lleno de historia y belleza natural. ¡Ven a visitarla y descubre todo su potencial! Si está interesado en esta vivienda no dude en ponerse en contacto con nosotros, le atenderemos con mucho gusto, le explicaremos detalladamente toda la información que necesite y si lo desea podrá visitarlo sin compromiso. ¡NOSOTROS NO COBRAMOS HONORARIOS AL COMPRADOR! ¡Y CONSEGUIMOS EL MÁXIMO DE FINANCIACIÓN CON LAS MEJORES CONDICIONES SIN COSTE PARA EL COMPRADOR! SI QUIERE VENDER SU CASA… LLÁMENOS. En GILMAR trabajamos para ofrecer a nuestros clientes los mejores inmuebles, con equipos especializados en cada zona para proporcionarles la mejor opción a su necesidad, con todas las excelencias y cuidando al máximo los detalles. En más de 35 años de andadura, Gilmar ha logrado alcanzar un espacio de privilegio dentro del Sector Inmobiliario de alto standing. Cubrimos todas las necesidades inmobiliarias: viviendas, oficinas, locales comerciales, solares, fincas rústicas, terrenos para construir. Nuestros clientes cuentan con el asesoramiento necesario desde el inicio, para garantizar su seguridad, eficacia jurídica y la mejor rentabilidad financiero-fiscal. Estupenda oportunidad, para conseguir su vivienda a la medida de sus sueños. Casas en Torrelodones, casas en Villalba, casas en Alpedrete, casas en Moralzarzal, casas en Becerril, casas en Navacerrada, casas en Guadarrama, casas en Los Molinos, casas en El Escorial, casas en Cercedilla, casas en Galapagar, casas en la Sierra, comprar vivienda, comprar piso, comprar casa, comprar chalet, compra ático.",False,renew,False,975.0,False,True,False,False,[],False,False,154000.0,€,,,,,,chalet,independantHouse,Manzanares el Real,Casa independiente,Destacado,,,
108012142,https://img4.idealista.com/blur/480_360_mq/0/id.pro.es.image.master/10/9f/0f/1333560082.webp,10008503,29,438000.0,flat,sale,61.0,1,1,calle de Goya,Madrid,Madrid,Barrio de Salamanca,es,Goya,40.4230381,-3.6698546,False,https://www.idealista.com/inmueble/108012142/,"Exclusiva oportunidad en el corazón del Barrio de Salamanca Calle Goya, a la altura de Felipe II Vivienda2 tiene el placer de presentar una propiedad única en el mercado en una de las zonas más Premium de Madrid, en una de las arterias más emblemáticas y codiciadas de Madrid: la calle Goya, en su tramo más privilegiado, a la altura de la Plaza de Felipe II. Esta vivienda representa una oportunidad única tanto para quienes buscan un hogar para residir en una de las zonas más dinámicas y elegantes de la ciudad, como para inversores que deseen obtener una rentabilidad inmediata y sostenida en el tiempo. La vivienda, lista para entrar a vivir, ha sido cuidadosamente mantenida y se encuentra en un estado impecable, lo que permite disfrutar de ella sin necesidad de realizar reformas. Esta característica, unida a su ubicación estratégica, la convierte en una opción sumamente atractiva tanto para alquiler tradicional como para arrendamiento de media o corta estancia, muy demandado en esta área. El inmueble cuenta con una habitación de generosas dimensiones, en la que destaca un armario empotrado de gran capacidad, perfectamente integrado en el espacio. Esta estancia se presenta como un refugio cómodo y funcional, ideal tanto como dormitorio principal como para adaptarlo a otras funciones según las necesidades del nuevo propietario. Todas las estancias han sido reformadas para dotar al inmueble de las mejores calidades y tener aún más amplitud gracias a su cocina abierta al salón de grandes dimensiones. El baño también reformado y exterior con una gran ventana que otorga gran luminosidad a cada estancia. Uno de los aspectos más destacados de esta propiedad es su luminosidad. La vivienda recibe una abundante luz natural gracias a su excelente orientación y a la amplitud de los ventanales, lo que genera una sensación constante de calidez y bienestar en cada rincón del hogar. Esta cualidad, tan buscada en el mercado madrileño, refuerza el atractivo del inmueble y eleva su valor tanto a nivel de confort como de inversión. La finca se ubica en un entorno vibrante y perfectamente comunicado, con acceso inmediato a múltiples líneas de transporte público, tanto de metro como de autobuses, y con todo tipo de servicios a escasos pasos: centros comerciales, zonas verdes como el Parque de Eva Duarte, centros culturales, colegios, restaurantes, y una amplia oferta de comercios de proximidad. Todo ello enmarcado en la elegancia y el dinamismo que caracteriza al Barrio de Salamanca. En definitiva, se trata de una vivienda singular, en una ubicación privilegiada, que reúne todas las condiciones para convertirse en un hogar acogedor o en un activo de alta rentabilidad. Una inversión segura en uno de los enclaves más valorados y con mayor proyección de Madrid. No deje pasar esta ocasión. Contáctenos para concertar una visita y descubrir personalmente el potencial de esta magnífica propiedad.",True,good,False,7180.0,True,False,True,False,[],False,False,438000.0,€,,,,,,flat,,"Goya, Madrid",Piso en calle de Goya,Destacado,bj,True,True
108818870,https://img4.idealista.com/blur/480_360_mq/0/id.pro.es.image.master/4c/db/fc/1356047588.webp,jus438HA,25,1710000.0,flat,sale,175.0,4,2,Barrio Chueca-Justicia,Madrid,Madrid,Centro,es,Chueca-Justicia,40.4216859,-3.7012,False,https://www.idealista.com/inmueble/108818870/,"Olisson Club presenta en el corazón del codiciado barrio de Justicia, esta espectacular vivienda de 175 m² construidos, ubicada en una elegante finca clásica con fachada protegida. Situado en una segunda planta con ascensor y con una única vivienda por planta, este piso ofrece privacidad, amplitud y el encanto propio de las construcciones históricas de Madrid. La propiedad destaca por su excepcional distribución y por la amplitud de sus estancias, realzada por los techos altos originales que aportan una sensación de volumen y luminosidad inigualables. El amplio salón, orientado al sur, cuenta con tres balcones a la calle, lo que permite disfrutar de una entrada constante de luz natural durante todo el día, generando un ambiente cálido y acogedor. La vivienda dispone de cuatro dormitorios: el principal con baño en suite y armarios empotrados, y tres habitaciones adicionales también amplias, que comparten un segundo baño completo.  Se trata de una oportunidad única para quienes buscan una propiedad con carácter, excelentes proporciones y una ubicación privilegiada, rodeada de boutiques, restaurantes, galerías de arte y una vibrante vida cultural. Una joya en uno de los barrios más dinámicos y exclusivos de Madrid. [IW].",True,good,False,9771.0,True,False,True,False,[],False,False,1710000.0,€,,,,,,flat,,"Chueca-Justicia, Madrid",Piso,Destacado,2,True,True
105052501,https://img4.idealista.com/blur/480_360_mq/0/id.pro.es.image.master/43/37/2f/1240218620.webp,EG6080,93,455000.0,chalet,sale,422.0,4,3,Camarma de Esteruelas,Madrid,Camarma de Esteruelas,,es,,40.5557276,-3.3740601,False,https://www.idealista.com/inmueble/105052501/,"Alcalá inmobiliaria presenta este impresionante chalet independiente de estilo mozárabe en la exclusiva Urbanización Nueva Camarma, situada en Camarma de Esteruelas. Con una construcción de 422 m2 y una parcela de 585 m2, esta magnífica propiedad de dos plantas te sorprenderá en todos los sentidos. Al ingresar, serás recibido por un elegante recibidor que te dará la bienvenida a esta hermosa residencia. En la planta principal, encontrarás un espacioso salón comedor con una acogedora chimenea y cuatro dormitorios, tres de ellos equipados con armarios empotrados. Además, hay un aseo y un baño completo con lavabo de dos senos y bañera, este baño dispone de dos entradas, una desde el dormitorio principal y la otra a través del pasillo. Para mayor comodidad, el pasillo está equipado con un sistema de aire acondicionado de 8.000 frigorías para refrescar toda la planta en los días más cálidos. Con su encanto, te transportará a la mismísima Granada. Bajando a la planta sótano, te espera un amplio salón con chimenea y acceso a la cocina. También encontrarás un baño completo que evoca los antiguos baños de La Alhambra, con lavabo de dos senos, un espacio sanitario separado y otro espacio con plato de ducha. Además, hay un cuarto de húmedo y un garaje, que se ha adaptado como un espacioso cuarto de herramientas, con otro baño completo y amplio con ducha. Esta planta también te brinda acceso a un pequeño apartamento totalmente independiente con su propio salón con chimenea y cocina, ideal para alojar a invitados o utilizar como espacio adicional. La parcela exterior es simplemente encantadora. Cuenta con un porche de entrada, además, encontrarás diferentes estancias adicionales utilizadas como trasteros, un amplio cenador y un fantástico espacio techado con una barbacoa de obra, ideal para disfrutar de reuniones con amigos y familiares. La piscina de obra con cascada y calentador de agua te permitirá refrescarte y relajarte.  Además, cuenta con una zona de rampa techada con espacio para 3 coches. Patio trasero de estilo andaluz con una hermosa fuente y otra zona techada con un pozo de 17.000 litros, perfectamente preparada para ser utilizada como bodega  Las rejas en toda la casa, provenientes de un antiguo palacio de Toledo, aportan un toque de historia y elegancia. Los suelos de baldosas de granito completan el encanto de esta propiedad.  En 2018 se cambió toda la fontanería, carpintería exterior doble ventana aluminio climalit, carpintería interior sapelly, suelos de tarim, gress porcelánico y terrazo, calefacción y agua caliente mediante caldera de gasoil ¡No pierdas la oportunidad de descubrir este excepcional chalet independiente y hacerlo tuyo!  Contáctanos hoy mismo para concertar una visita y dejarte cautivar por todas las maravillas que esta propiedad tiene para ofrecer. La superficie de la vivienda ha sido contrastada con catastro/registro.  Este anuncio tiene carácter informativo y no contractual.  Los precios de venta no incluyen impuestos legales ni gastos de escrituración.",True,good,False,1078.0,True,False,True,False,[],False,False,455000.0,€,,,,True,True,chalet,independantHouse,Camarma de Esteruelas,Casa independiente,Destacado,,,
108729692,https://img4.idealista.com/blur/480_360_mq/0/id.pro.es.image.master/a9/35/3a/1353441174.webp,,44,980000.0,chalet,sale,450.0,7,7,travesía de la Cañada,Madrid,Alpedrete,,es,,40.6568498,-4.0301917,False,https://www.idealista.com/inmueble/108729692/,"HOGARES VENDE EN EXCLUSIVA � IMPRESIONANTE CHALET INDEPENDIENTE EN ALPEDRETE – 4 PLANTAS, 2000 m² DE PARCELA, PISCINA PRIVADA Y VISTAS PANORÁMICAS A LA SIERRA � Descubre esta espectacular vivienda ubicada en una de las mejores zonas residenciales de Alpedrete, ideal para familias que buscan amplitud, confort, privacidad y contacto directo con la naturaleza sin renunciar a todos los servicios cerca. ________________________________________ � UBICACIÓN: Situada en Alpedrete (Madrid), en un entorno natural privilegiado a los pies de la Sierra de Guadarrama. Muy bien comunicada con Madrid por carretera (A6) y tren de cercanías. Zona tranquila, residencial y segura, rodeada de naturaleza y a pocos minutos del centro urbano, colegios, comercios y centros médicos. ________________________________________ � CARACTERÍSTICAS GENERALES: •Parcela: 2.000 m² ajardinada y completamente vallada •Superficie construida: aprox. 450 m² •Distribución en 4 plantas •Piscina privada •Garaje cerrado •6 dormitorios + vestidor + 6 baños (4 completos + 1 en suite + 1 aseo) •Salones amplios y muy luminosos •Grandes ventanales y vistas inmejorables a la Sierra ________________________________________ � DISTRIBUCIÓN DE LA VIVIENDA: � PLANTA SÓTANO: •Garaje cerrado con espacio para varios vehículos •1 habitación con baño completo en suite (ideal para invitados, servicio o zona de trabajo) •1 aseo adicional •Espacio de almacenaje � PLANTA PRINCIPAL: •Gran salón-comedor con muchísima luz natural gracias a sus ventanales orientados al jardín •Cocina independiente de grandes dimensiones, muy funcional y equipada, con zona de office y despensa •Acceso directo desde esta planta a la zona ajardinada y piscina � PRIMERA PLANTA: •Dormitorio principal con baño en suite y vestidor •4 habitaciones adicionales de buen tamaño •2 baños completos •Distribuidor con excelente entrada de luz natural � ÚLTIMA PLANTA  •Gran salón diáfano con techos altos y vistas panorámicas a toda la Sierra •1 habitación adicional •1 baño completo •Grandes ventanales en toda la planta que aportan luz y una sensación de amplitud inigualable ________________________________________ � ZONA EXTERIOR: •Amplia parcela de 2.000 m² •Piscina privada rodeada de zona verde •Jardín consolidado con árboles y plantas •Espacio ideal para celebraciones, reuniones familiares o simplemente disfrutar del entorno natural ________________________________________  DETALLES ADICIONALES: •Calefacción con suelo radiante •Carpintería exterior de alta calidad •Distribución perfecta para familias numerosas •Excelente estado de conservación •Vistas despejadas en todas las plantas •Ideal como vivienda habitual o segunda residencia ________________________________________ � ¡Solicita más información o agenda una visita sin compromiso! No dejes pasar la oportunidad de vivir en un entorno privilegiado, con todas las comodidades y espacio que necesitas.",True,good,False,2178.0,True,False,True,False,[],False,False,980000.0,€,,,,True,True,chalet,independantHouse,Alpedrete,Casa independiente en travesía de la Cañada,Destacado,,,
108645230,https://img4.idealista.com/blur/480_360_mq/0/id.pro.es.image.master/df/c0/6f/1350903567.webp,,41,799900.0,chalet,sale,289.0,4,4,calle Sierra del Castillo,Madrid,Collado Mediano,,es,,40.708033,-4.0096293,False,https://www.idealista.com/inmueble/108645230/,"¡INMOBILIARIA HOGARES VENDE EN EXCLUSIVA! En una de las zonas más exclusivas de Collado Mediano, se encuentra este espectacular chalet independiente sobre una parcela de 541 m² y con 289 m² construidos, diseñado con un estilo arquitectónico que combina confort, privacidad y una perfecta integración con el entorno natural. La vivienda dispone de cuatro amplios dormitorios dobles, todos equipados con armarios empotrados de gran capacidad. Dos de estos dormitorios cuentan con baño en suite, ofreciendo un alto nivel de comodidad y privacidad. El dormitorio principal es una auténtica joya, no solo por su amplitud y gran entrada de luz natural, sino también porque incluye una sauna privada, convirtiendo el descanso en un auténtico espacio de bienestar. Su baño en suite dispone de una elegante cabina de ducha y una bañera de hidromasaje, proporcionando un ambiente relajante y sofisticado. Desde este dormitorio se accede a una terraza de gran tamaño con vistas despejadas e impresionantes al paisaje natural que rodea la vivienda, gracias a su cuidada orientación. El salón principal es un espacio diáfano, luminoso y de generosas dimensiones que se convierte en el centro del hogar. Cuenta con grandes ventanales que permiten la entrada constante de luz natural y una ventilación cruzada excelente. Además, el salón se comunica directamente con el jardín delantero y la piscina de agua salada climatizada, creando una conexión fluida entre el interior y el exterior, ideal tanto para el día a día como para reuniones y celebraciones. La planta baja también incluye dos baños adicionales, elevando el total a cuatro baños distribuidos con funcionalidad y estilo. La cocina está completamente equipada con electrodomésticos modernos y acabados de alta calidad, siendo un espacio práctico y luminoso, perfectamente integrado con el resto de la vivienda. Además, dispone de una sala de lavandería independiente, un dormitorio en planta baja perfecto para invitados o personas con movilidad reducida, un amplio trastero para todas las necesidades de almacenaje y un jardín cuidado que rodea la casa, aportando un entorno privado y ideal para disfrutar al aire libre. Uno de los dormitorios en la parte trasera cuenta también con baño en suite y acceso a una terraza trasera que ofrece un ambiente tranquilo, perfecto para relajarse, leer o disfrutar del aire libre con total privacidad. El sótano está perfectamente acondicionado e incluye un dormitorio adicional con baño completo, ideal como espacio independiente para invitados o para el descanso. Además, cuenta con una estancia amplia y versátil que puede utilizarse como salón secundario, zona de juegos, gimnasio o despacho, aportando gran flexibilidad a la vivienda. En el exterior, la piscina de agua salada destaca por su sistema de climatización y una lona automática de microfibra que conserva la temperatura del agua durante casi todo el año, garantizando una experiencia de baño excepcional en cualquier estación. La propiedad cuenta con un aparcamiento privado dentro de la parcela, con acceso a través de un portón eléctrico, y una puerta peatonal con portero automático para mayor seguridad y comodidad. ¡FINANCIACION AL 100% Y ESTUDIO FINANCIERO GRATUITO Y SIN COMPROMISO!",True,good,False,2768.0,True,False,True,False,[],False,False,799900.0,€,,,,True,True,chalet,independantHouse,Collado Mediano,Casa independiente en calle Sierra del Castillo,Destacado,,,
108953362,https://img4.idealista.com/blur/480_360_mq/0/id.pro.es.image.master/a1/71/9c/1359939159.webp,,27,299900.0,flat,sale,116.0,4,2,calle Santa Lucía,Madrid,Alpedrete,,es,,40.6584534,-4.023275,False,https://www.idealista.com/inmueble/108953362/,"¡HOGARES VENDE EN EXCLUSIVA!  Vivienda de 4 dormitorios en urbanización con piscina en el centro de Alpedrete Se vende amplio y luminoso piso de 116 m² construidos en una de las mejores zonas de Alpedrete, ubicado en una urbanización privada con piscina y zonas verdes, en pleno centro del municipio, con todos los servicios al alcance: colegios, supermercados, transporte público y centro de salud. La vivienda, construida en el año 2001, destaca por su cómoda distribución y su reciente reforma, en la que se ha dividido parte del salón para habilitar una cuarta habitación. Gracias a esta mejora, el piso cuenta ahora con cuatro dormitorios, todos de buen tamaño, y varios de ellos con armarios empotrados, lo que lo convierte en una opción ideal para familias o para quienes necesiten espacio adicional para despacho o zona de trabajo. Dispone de dos baños completos, una cocina independiente que se vende totalmente equipada y un salón con salida directa a una agradable terraza. Esta terraza da al interior de la urbanización, con vistas despejadas a las zonas verdes y a la piscina, lo que garantiza tranquilidad y privacidad. Entre sus calidades destacan los suelos de parqué laminado, ventanas de aluminio con doble acristalamiento que aseguran un buen aislamiento térmico y acústico, puertas interiores de madera (las originales), paredes con gotelé, y calefacción individual por gas natural con caldera nueva recientemente instalada. La vivienda incluye además una plaza de garaje en la misma finca. Una oportunidad única para vivir en una zona tranquila, bien comunicada y con todas las comodidades, en una urbanización cuidada que ofrece calidad de vida a sus vecinos. Lista para entrar a vivir.",True,good,False,2585.0,True,False,True,False,[],False,False,299900.0,€,,,,True,True,flat,,Alpedrete,Piso en calle Santa Lucía,Destacado,1,False,False
108450571,https://img4.idealista.com/blur/480_360_mq/0/id.pro.es.image.master/8f/7e/19/1345265701.webp,,35,595000.0,chalet,sale,253.0,7,3,calle de los Pirineos,Madrid,Alpedrete,,es,,40.6474346,-4.0193409,False,https://www.idealista.com/inmueble/108450571/,"¡HOGARES VENDE EN EXCLUSIVA ESTUPENDO CHALET EN ALPEDRETE! � ESPECTACULAR CHALET INDEPENDIENTE EN ALPEDRETE – URBANIZACIÓN PRIVADA CON PISCINA Y CLUB SOCIAL � ¿Buscas una casa espaciosa, luminosa y bien ubicada? Te presentamos este impresionante chalet de 3 plantas en una de las mejores urbanizaciones de Alpedrete, ideal para familias que valoran el confort, la tranquilidad y un entorno natural sin alejarse de Madrid. ✨ DETALLES DE LA VIVIENDA: •� 7 habitaciones distribuidas en tres plantas, perfectas para familias numerosas, invitados, oficina o gimnasio en casa •� Gran salón con ventanales y excelente entrada de luz natural •� Cocina independiente con acceso directo al exterior •� Garaje privado para 2 coches •� Vivienda muy luminosa, con buena orientación •� Zona de barbacoa ideal para reuniones al aire libre •� Amplia parcela ajardinada, perfecta para disfrutar en familia o con amigos � URBANIZACIÓN PRIVADA CON SERVICIOS PREMIUM: •�♂️ Piscina comunitaria •� Pistas de tenis •� Club social •� Zona segura, tranquila y familiar � UBICACIÓN EXCELENTE: •Muy cerca de colegios, comercios, transporte público •Con rápida salida a la A6, a pocos minutos de Madrid ________________________________________ � Una casa lista para entrar a vivir, con espacio, privacidad y todo lo que necesitas para disfrutar al máximo. ¡No dejes pasar esta oportunidad! Si buscas un hogar donde disfrutar de la tranquilidad sin renunciar a la comodidad, este chalet es perfecto para ti. Contáctanos para más información o para concertar una visita. ¡Te encantará!",True,good,False,2352.0,True,False,True,False,[],False,False,595000.0,€,,,,True,True,chalet,independantHouse,Alpedrete,Casa independiente en calle de los Pirineos,Destacado,,,
103813679,https://img4.idealista.com/blur/480_360_mq/0/id.pro.es.image.master/98/de/ed/1203341642.webp,VIVSEFRE002,48,364000.0,chalet,sale,264.0,6,2,Fresnedillas de la Oliva,Madrid,Fresnedillas de la Oliva,,es,,40.4813904,-4.1753881,False,https://www.idealista.com/inmueble/103813679/,"CONSEGUIMOS FINANCIACIÓN HASTA DEL 100%. LOCATIVO VENDE CHALET INDEPENDIENTE DE 262 M2 SEGÚN CATASTRO EN PARCELA DE 1200 M2 DE 6 DORMITORIOS Y 2 CUARTOS DE BAÑO. Tenemos el privilegio de ofrecerles este espectacular chalet independiente ubicado en el municipio de Fresnedillas de la Oliva, con unas vistas espectaculares y en un entorno único para disfrutad de la naturaleza. En la planta calle, accedemos a la vivienda peatonalmente tras atravesar el jardín y subir unas escaleras que nos llevan a una amplia terraza con vistas espectaculares y a la puerta de entrada de la vivienda. Al acceder nos encontramos un amplio pasillo distribuidor que nos da paso a las diferentes estancias de la vivienda. A la izquierda tenemos un amplio salón comedor con estufa de leña, cocina independiente y el dormitorio principal. A la derecha tenemos tres dormitorios, todos ellos con armarios empotrados y al fondo del pasillo un cuarto de baño completo.  En la planta calle, tenemos dos amplias estancias o dormitorios, un cuarto de baño completo con plato de ducha, acceso directo al garaje y acceso a una terraza cubierta con salida directa al jardín. La parcela cuenta con amplio estacionamiento techado con capacidad para cuatro vehículos, zonas verdes, huerto, barbacoa de obra, riego automático, pozo registrado y piscina con jacuzzi.  La carpintería exterior es de aluminio con rejas y la carpintería interior es de madera.  Los suelos son de gres imitación tarima y las paredes son lisas. La calefacción es mediante caldera de gasoil con un depósito de 1500 litros y el agua sanitaria y la cocina con bombonas de propano. La vivienda se encentra a 5 minutos andando del centro del pueblo donde se puede disfrutar de todos los servicios como centro de salud, comercios y transporte público.  NO DUDE EN VISITARLA. TENEMOS MÁS INMUEBLES QUE NO ESTÁN EN LOS PORTALES. CONSULTE NUESTRA PÁGINA WEB LOCATIVO Avda. Villanueva de la Cañada, 35, LOCAL 1 28693 QUIJORNA MADRID Tlf. [IW].",True,renew,False,1379.0,True,False,True,False,[],False,False,364000.0,€,,,,True,True,chalet,independantHouse,Fresnedillas de la Oliva,Casa independiente,Destacado,,,
108916520,https://img4.idealista.com/blur/480_360_mq/0/id.pro.es.image.master/99/f0/36/1358857152.webp,,30,299900.0,flat,sale,106.0,2,2,DEL MAESTRO,Madrid,Alpedrete,,es,,40.6607006,-4.0339508,False,https://www.idealista.com/inmueble/108916520/,"HOGARES VENDE EN EXCLUSIVA! � AMPLIO Y LUMINOSO PISO EN VENTA EN EL CENTRO DE ALPEDRETE – 2 DORMITORIOS, GARAJE, ASCENSOR � Te presentamos esta fantástica vivienda situada en el corazón de Alpedrete, ideal tanto para familias como para parejas que buscan comodidad, buena ubicación y una excelente calidad de vida. � UBICACIÓN PRIVILEGIADA El piso se encuentra en pleno centro de Alpedrete, con todo lo que necesitas a pocos pasos: •� Supermercado a tan solo unos minutos caminando. •� Parada de autobuses a 2 minutos andando, con conexión directa a Madrid y pueblos cercanos. •� Cerca de centros médicos, colegios, farmacias, zonas verdes y comercios locales. ✨ DESCRIPCIÓN DE LA VIVIENDA Situado en una segunda planta con ascensor, este piso destaca por su excelente distribución, sus estancias amplias y su gran luminosidad natural durante todo el día. Cuenta con: •�️ Dos dormitorios con armarios empotrados, ideales para el orden y el almacenamiento. •�️ Un salón-comedor muy amplio y luminoso, perfecto para disfrutar del confort en familia o con amigos. •�️ Cocina independiente, funcional y bien equipada, con acceso a un patio privado que ofrece un desahogo adicional como zona de lavado, almacenaje o incluso un pequeño rincón chill-out. •� Un baño completo en muy buen estado. •� Trastero dentro de la propia vivienda, lo cual ofrece una solución práctica para guardar objetos personales o de temporada sin salir de casa. •� Plaza de garaje incluida en el precio, con acceso directo desde el ascensor. �️ Edificio moderno del año 2008, muy bien conservado, con ascensor y acceso adaptado. � La vivienda destaca por su excelente orientación y grandes ventanales, lo que le proporciona una luz natural excepcional durante gran parte del día, creando un ambiente cálido y acogedor. � Ideal para quienes buscan tranquilidad sin alejarse de los servicios esenciales, con todas las comodidades de una construcción moderna y práctica.",True,good,False,2829.0,True,False,True,False,[],False,False,299900.0,€,,,,True,True,flat,,Alpedrete,Piso en Del Maestro,Destacado,2,True,True
108757046,https://img4.idealista.com/blur/480_360_mq/0/id.pro.es.image.master/ab/e1/36/1354208886.webp,TORRELODONES,69,1050000.0,chalet,sale,413.0,4,4,calle de Antonio Maura,Madrid,Torrelodones,Los Robles,es,,40.5868227,-3.9233775,False,https://www.idealista.com/inmueble/108757046/,"CAPITAL HOME TORRELODONES VENDE EN EXCLUSIVA EXCEPCIONAL CHALET INDEPENDIENTE EN UNA DE LAS MEJORES ZONAS DE TORRELODONES.  Esta magnífica vivienda unifamiliar, diseñada por el prestigioso arquitecto Luis Laorga Gutiérrez, se ubica en una de las zonas residenciales más demandadas y tranquilas del municipio. Con una superficie construida de 413 m² sobre una generosa parcela de 1.573 m², este chalet independiente ofrece el equilibrio perfecto entre amplitud, comodidad y privacidad, ideal para familias que buscan calidad de vida sin renunciar a una buena comunicación y servicios próximos. La propiedad se distribuye en tres plantas y cuenta con un jardín privado muy bien aprovechado, con una estupenda piscina y barbacoa de obra para disfrutar con amigos o con la familia.  También dispone de distintas zonas al aire libre para aprovechar todo el año.  Cuenta con sistema de AEROTEREMIA por radiadores y PLACAS SOLARES, que mejoran la eficiencia energética de la vivienda. Planta principal: - Amplio salón-comedor con chimenea, conectado a una acogedora terraza y una estancia la cual fue ampliada posteriormente a doble altura, generando un espacio luminoso y muy versátil. - Cocina office, ideal para el día a día familiar, con zona de despensa independiente. - Aseo de cortesía. Primera planta: - Dormitorio principal con baño en suite completamente reformado con plato de ducha y acceso a una terraza privada con impresionantes vistas a las torres de Madrid. - Tres dormitorios secundarios de gran tamaño, uno de ellos con balcón privado. - Baño completo reformado, también con plato de ducha. Buhardilla: - Acogedora zona diáfana ideal como segunda sala de estar, despacho, zona de juegos o estudio. Apartamento anexo: Un valor añadido de esta propiedad es el apartamento independiente con entrada propia, ideal para invitados o familiares. Cuenta con cocina integrada, baño completo y espacio suficiente para dormitorio y zona de estar. Otras características destacadas: - Electricidad renovada recientemente. - Fontanería parcialmente actualizada. - Trastero y leñero. - Terraza, balcones y vistas despejadas, que aportan luz y sensación de amplitud. - Barbacoa de obra. Este chalet reúne todas las características de una vivienda confortable, funcional y exclusiva. Su ubicación, la amplitud de espacios, el estado de conservación y la posibilidad de contar con un apartamento independiente convierten esta propiedad en una oportunidad única. ¡LLÁMANOS PARA CONCERTAR TU VISITA!",True,good,False,2542.0,True,False,True,False,[],False,False,1050000.0,€,,,,True,True,chalet,independantHouse,"Los Robles, Torrelodones",Casa independiente en calle de Antonio Maura,Destacado,,,
109155413,https://img4.idealista.com/blur/480_360_mq/0/id.pro.es.image.master/54/ec/76/1365925234.webp,,57,749900.0,chalet,sale,255.0,4,4,calle de El Ferrol,Madrid,Arroyomolinos,Las Castañeras - Bulevar,es,,40.2856313,-3.9130973,False,https://www.idealista.com/inmueble/109155413/,"Capital Home Arroyomolinos ofrece en exclusiva espectacular chalet pareado de tres plantas, construido en 2020, que destaca por su diseño moderno, la amplitud de sus espacios y unas calidades pensadas para el máximo confort. Una vivienda luminosa, funcional y lista para entrar a vivir, ideal para familias que buscan un hogar con todas las comodidades y un entorno tranquilo. En la planta de acceso encontramos un garaje a nivel de calle, muy práctico para el día a día. En esta misma planta se ubica un dormitorio amplio, un baño completo y un salón comedor de generosas dimensiones que integra una cocina americana de estilo contemporáneo. Desde esta zona se accede directamente a una gran parcela privada, totalmente accesible y sin barreras arquitectónicas, donde se encuentra la piscina de obra, un espacio perfecto para disfrutar de reuniones familiares, momentos de ocio y relax al aire libre. La primera planta se distribuye en dos dormitorios secundarios, ambos con salida a una terraza compartida, un baño completo con doble lavabo y la suite principal. Esta suite destaca por su amplitud, la zona de vestidor, un baño en suite recientemente reformado y la salida a un balcón privado que ofrece la posibilidad de convertirse en un vestidor cerrado o una estancia adicional. El sótano sorprende por su luminosidad gracias a un elegante patio inglés que aporta luz natural, convirtiéndolo en un espacio versátil y acogedor. Dispone de un baño completo, un cuarto trastero y una gran superficie diáfana que permite destinarlo a sala de ocio, gimnasio, despacho o zona de juegos, adaptándose a las necesidades de cada familia. Entre los acabados y extras de la vivienda destacan los suelos renovados, la climatización por conductos en todas las estancias y un moderno sistema de domótica que controla la iluminación. En definitiva, se trata de un chalet pareado único, con estancias amplias y luminosas, espacios exteriores privados y una distribución muy funcional, que ofrece calidad de vida y confort en un entorno privilegiado.",True,good,False,2941.0,True,False,True,False,[],False,False,749900.0,€,,,,True,True,chalet,semidetachedHouse,"Las Castañeras - Bulevar, Arroyomolinos",Chalet pareado en calle de El Ferrol,Destacado,,,
108888605,https://img4.idealista.com/blur/480_360_mq/0/id.pro.es.image.master/9c/e5/3a/1367083466.webp,PR99559500,33,370000.0,flat,sale,117.0,3,2,avenida del Hospital,Madrid,Fuenlabrada,Universidad - Hospital,es,,40.2889058,-3.8174244,False,https://www.idealista.com/inmueble/108888605/,"*** EN VENTA PISO EN 3º PLANTA CON ASCENSOR DE 3 HABITACIONES Y 2 BAÑOS. 2 PLAZAS DE GARAJE Y TRASTERO. URBANIZACIÓN CON PISCINA ***   SIN HONORARIOS PARA LA PARTE COMPRADORA  Piso exterior en buen estado, situado en urbanización con piscina y zonas verdes. Gran salón-comedor muy amplio, cocina independiente con doble entrada-salida. Cuenta con 3 habitaciones, todas ellas con con armario empotrado. La vivienda tiene 2 baños, uno de ellos en suite en la habitación principal.  Aire acondicionado por conductos en toda la vivienda, suelos de parquet de espiga, puertas en roble, ventanas de climalit con rotura de puente térmico. Pintura lisa en toda la casa. La calefacción y el suministro de agua caliente es individual de gas natural. En el precio se incluyen 2 plazas de garaje y un trastero con acceso directo con el ascensor. A escasos minutos del Metro ""Hospital de Fuenlabrada"" a 200 metros, del Hospital de Fuenlabrada, y de la Universidad Rey Juan Carlos.  Se encuentra ubicada en el barrio más demandado de Fuenlabrada con todos los servicios: metro sur, supermercados, parques, gimnasios, institutos y colegios y amplia oferta comercial.",True,good,False,3162.0,True,False,True,False,[],False,False,370000.0,€,,,,True,True,flat,,"Universidad - Hospital, Fuenlabrada",Piso en avenida del Hospital,Destacado,3,True,True
105825462,https://img4.idealista.com/blur/480_360_mq/0/id.pro.es.image.master/7a/bb/63/1264530923.webp,,42,479900.0,duplex,sale,231.0,7,3,calle de San José de Calasanz,Madrid,Villanueva del Pardillo,Centro,es,,40.4893044,-3.9652453,False,https://www.idealista.com/inmueble/105825462/,"HOGARES VILLANUEVA DEL PARDILLO VENDE EN EXCLUSIVA espectacular piso, en una de las mejores urbanizaciones de Villanueva del Pardillo. Entre sus servicios podemos encontrar: piscina, pista de pádel y zonas verdes; próximo a todo tipo de comercios, servicios y paradas de autobús. Consta de plaza de garaje y trastero. Piso tipo dúplex muy luminoso. PERFECTO PARA INVERSORES, dado que se encuentra distribuido en 7 dormitorios y 3 cuartos de baño completos. La vivienda cuenta con calefacción individual por gas natural y suelo en parqué espigado.  *Las características de la vivienda son las siguientes: PLANTA PRIMERA: - Las estancias comunes han sido reconvertidas en dormitorios, de modo que en la primera planta contamos con 5 dormitorios de muy buen tamaño todos; uno de los cuales cuenta con un baño en suite. - Cocina de buen tamaño y luminosa con espacio de almacenamiento a ambos extremos. - Cuarto de baño que da servicio a los dormitorios. - Todos los dormitorios cuentan con armarios empotrados de obra. PLANTA SEGUNDA: - Encontramos un salón - comedor que cuenta con una cocina independiente y una salida a una terraza de aproximadamente 15 metros cuadrados. - Dos amplios dormitorios. *Todas las ventanas de la vivienda son doble climalit.  Plaza de garaje y trastero incluidos en el precio. NO PIERDAS LA OPORTUNIDAD, Y VEN A VER LA VIVIENDA SIN COMPROMISO. ¡FINANCIACIÓN 100%!",True,good,False,2077.0,True,False,True,False,[],False,False,479900.0,€,,,,True,True,flat,duplex,"Centro, Villanueva del Pardillo",Dúplex en calle de San José de Calasanz,Destacado,2,True,True
108117675,https://img4.idealista.com/blur/480_360_mq/0/id.pro.es.image.master/d7/d5/df/1352150461.webp,c893,39,360000.0,chalet,sale,132.0,3,3,calle Velázquez,Madrid,Valdemorillo,Valdemorillo pueblo,es,,40.5005908,-4.0643013,False,https://www.idealista.com/inmueble/108117675/,"**Chalet Adosado en Venta en el Corazón de Valdemorillo** Descubre este encantador chalet adosado de esquina, ubicado en pleno centro de Valdemorillo. Con un jardín privado de 40 m², equipado con barbacoa de obra, es el lugar perfecto para disfrutar de momentos al aire libre con amigos y familiares. La propiedad destaca por su luminosidad, gracias a sus amplios ventanales que inundan cada rincón de luz natural. La vivienda cuenta con 132 m² construidos, distribuidos en tres cómodas habitaciones, incluyendo una suite principal de 11 m² con baño privado. La planta baja alberga un acogedor salón de 20 m² que conecta directamente con el jardín, ideal para disfrutar de la tranquilidad del entorno. La cocina de 12 m², equipada con despensa, ofrece un espacio funcional para los amantes de la gastronomía. En la primera planta se encuentran tres habitaciones adicionales y otro baño completo, perfectas para niños o invitados. Además, el ático de 30 m² se presenta como un espacio versátil, ideal para un despacho, sala de juegos o un dormitorio extra.  La propiedad también incluye garaje y trastero en superficie, asegurando que tengas espacio suficiente para tus pertenencias. Su ubicación privilegiada permite el acceso fácil a comercios, colegios y centros de salud, así como al Polideportivo La Dehesa y transporte público.  No dejes pasar la oportunidad de hacer de este chalet tu nuevo hogar. ¡Ven a visitarlo y enamórate de su potencial!",True,renew,False,2727.0,True,False,True,True,[],False,False,360000.0,€,,,,True,True,chalet,terracedHouse,"Valdemorillo pueblo, Valdemorillo",Chalet adosado en calle Velázquez,Destacado,,,
108576004,https://img4.idealista.com/blur/480_360_mq/0/id.pro.es.image.master/03/f4/85/1350060488.webp,,64,599000.0,chalet,sale,250.0,5,2,avenida Soto,Madrid,Soto del Real,,es,,40.7530744,-3.7796949,False,https://www.idealista.com/inmueble/108576004/,"� Un hogar con alma en plena Sierra Norte de Madrid Bienvenidos a esta encantadora propiedad situada en la urbanización Soto Sierra, en el privilegiado entorno de Soto del Real, uno de los municipios más demandados de la Comunidad de Madrid por su equilibrio perfecto entre naturaleza, servicios y conexión con la capital. Este chalet independiente te ofrece 250 m² construidos en dos plantas con posibilidad de ampliar e incluso levantar una tercera altura. Todo ello sobre una parcela de 1.170 m², que combina un amplio jardín con una acogedora terraza orientada este-oeste, perfecta para disfrutar del sol desde el desayuno hasta el atardecer. � Confort, funcionalidad y espacio por dentro y por fuera Calefacción por gasoil Dos plantas con opción de una tercera, zona ajardinada y terrazas para cada estación del año Urbanización con seguridad, club social y servicio de recogida de basuras y podas incluida (Mancomunidad 157 €/trimestre) Nuevo tren Cercanías proyectado para 2026 (La línea C-4B de Cercanías de Madrid llegará hasta Soto del Real, extendiéndose desde su actual final en Colmenar Viejo. Esta ampliación, que recupera una antigua vía, incluirá la construcción de una nueva estación en Soto del Real y mejorará la conectividad de la zona con Madrid. Se espera que las obras estén finalizadas para finales de 2026. ) � Versátil y con gran proyección: tu próxima casa o inversión Este chalet es mucho más que una vivienda. Es una oportunidad. Ideal como residencia principal para quienes buscan calidad de vida sin renunciar a Madrid, como segunda vivienda para desconectar los fines de semana, o incluso como inversión: el alquiler vacacional o residencial en Soto del Real está al alza. La futura estación de tren reforzará aún más la conectividad con Madrid, incrementando el valor del entorno. Un activo que combina calidad de vida, ubicación estratégica y potencial de revalorización. � Soto del Real: naturaleza, comunidad y servicios Vivir en Soto del Real es vivir rodeado de montañas, aire puro y tranquilidad, con todos los servicios a tu alcance: colegios, centro de salud, supermercados, ocio, rutas de senderismo, restaurantes y una comunidad activa que valora la sostenibilidad y el bienestar. Y con Sky Real Estate como guía, cuentas con la experiencia de un equipo que entiende lo que buscas y lo convierte en realidad. � Contacta con Sky Real Estate y visítala Esta propiedad es única. ¿La imaginas como tuya? Llámanos hoy mismo. En Sky Real Estate, convertimos hogares en historias que empiezan bien.",True,good,False,2396.0,True,False,True,True,[],False,False,599000.0,€,,,,True,True,chalet,independantHouse,Soto del Real,Casa independiente en avenida Soto,Destacado,,,
108854366,https://img4.idealista.com/blur/480_360_mq/0/id.pro.es.image.master/2d/b6/14/1359069939.webp,EP2269,20,290000.0,flat,sale,81.0,3,1,Urbanizacion Residencial Jarama,Madrid,Paracuellos de Jarama,Residencial Jarama,es,,40.5006415,-3.5464335,False,https://www.idealista.com/inmueble/108854366/,"En venta piso de 120M² construidos con elementos comunes, 81m² construidos de vivienda y 71,30m² útiles en urbanización Residencial Jarama (Paracuellos de Jarama) La vivienda se encuentra en una planta primera y se distribuye en hall de entrada, salón con acceso a una espaciosa terraza, amplia cocina amueblada (añadida terraza a cocina), 3 habitaciones (dos de ellas con armario empotrado) y un cuarto de baño reformado con plato de ducha. La vivienda además cuenta con trastero y plaza de garaje incluido en el precio de venta. El inmueble es exterior.  Ubicado en gran urbanización dotada con exteriores con amplias y zonas comunes: zonas verdes, pista de tenis, cancha de baloncesto, zona para barbacoas, parque infantil, gran piscina de adultos y piscina infantil rodeadas de árboles y césped natural. Además la urbanización está videovigilada y totalmente cerrada. Los accesos a las zonas comunes se controlan mediante aplicaciones móviles y carnets personalizados. Buena comunicación con parada de diversas líneas de autobús en la puerta de la urbanización: 212, 211, 256, 214, 210, 5 minutos en coche del pueblo de Paracuellos de Jarama, del metro de Barajas (línea 8) y del aeropuerto, Todos los servicios con supermercados, colegios, centro de salud, áreas de ocio, etc a sólo 1,5 km. En los precios de venta no están incluidos impuestos legales ni gastos de escrituración.",True,good,False,3580.0,True,False,True,True,[],False,False,290000.0,€,,,,True,True,flat,,"Residencial Jarama, Paracuellos de Jarama",Piso en Urbanizacion Residencial Jarama,Destacado,1,True,False
107826949,https://img4.idealista.com/blur/480_360_mq/0/id.pro.es.image.master/7c/22/b0/1325209726.webp,ZORR,36,1600000.0,flat,sale,153.0,2,2,calle de Zorrilla,Madrid,Madrid,Centro,es,Huertas-Cortes,40.4154304,-3.6943287,False,https://www.idealista.com/inmueble/107826949/,"ESTUDIO HOME MADRID OFRECE piso de 153 m², según Catastro, en cuarta planta exterior, con orientación sur, con vistas a los jardines del Museo Nacional Thyssen-Bornemisza. Con plaza de garaje de acceso directo a la vivienda.  Según la distribución actual, la vivienda consta de amplio salón de 40 m², con dos balcones a la calle, con agradables vistas a los jardines del Museo Thyssen; cocina independiente, con ventana pasaplatos con el salón; dos dormitorios; dos cuartos de baño completo, uno suite en dormitorio principal; amplio pasillo con armarios empotrados a ambos lados. Dispone de amplia plaza de garaje, con acceso directo, incluida en el precio. En cuanto a sus calidades, la vivienda dispone de puerta de entrada blindada; suelos de parquet de espiga; los cerramientos exteriores son de aluminio con apertura oscilobatiente, aislantes tanto acústica como térmicamente; pintura en liso; calefacción central; aire acondicionado por conductos en todas las estancias; carpintería interior de madera, con 5 armarios empotrados; … Ubicado en finca que dispone de servicio de conserjería, ascensor y rampa de acceso para personas con movilidad reducida. Dentro del distrito municipal Centro, se encuentra en el barrio de Huertas-Cortes, una de las zonas más prestigiosas de Madrid, junto al Congreso de los Diputados.  Está situado a escasos 5 minutos de los principales puntos de interés cultural de Madrid, junto al denominado “Paseo del Arte” (Museo del Prado, Museo Thyssen, Museo Reina Sofía y Caixa Forum) y de las zonas verdes del Parque del Retito y el Jardín Botánico. ESTUDIO HOME MADRID, agencia inmobiliaria con 20 años de experiencia en el sector, les ofrece asesoramiento jurídico, fiscal y financiero, realizando un seguimiento personalizado durante todo el proceso de compraventa. Agencia inmobiliaria inscrita en el RAIN (Registro de Agentes Inmobiliarios de la Comunidad de Madrid).",True,good,False,10458.0,True,False,True,False,[],False,False,1600000.0,€,,,,True,True,flat,,"Huertas-Cortes, Madrid",Piso en calle de Zorrilla,Destacado,4,True,True
108821509,https://img4.idealista.com/blur/480_360_mq/0/id.pro.es.image.master/59/16/6a/1356122482.webp,8892PV-M,87,1497500.0,chalet,sale,775.0,6,6,Torrejón de la Calzada,Madrid,Torrejón de la Calzada,,es,,40.205307,-3.8045668,False,https://www.idealista.com/inmueble/108821509/,"Mr. House Real Estate pone a tu disposición UNA DE LAS MEJORES CASAS DEL SUR DE MADRID a solo 30 minutos de la capital ¡CON HONORARIOS INCLUIDOS! En esta ocasión en Mr. House Real Estate te ofrecemos una impresionante Villa de RECIENTE CONSTRUCCIÓN en uno de los municipios más demandados del Sur de Madrid por su tranquilidad y servicios; TORREJÓN DE LA CALZADA. Se trata de una vivienda de más de 700m2 útiles construidos sobre una parcela de casi 850m2. Está edificada en 4 plantas y se distribuye de la siguiente forma: - PLANTA BAJA: Prácticamente diáfana, cuenta con ESPACIOS AMPLIOS Y LUMINOSOS. Destacan sus más de 180m2 construidos para albergar la zona de estar, zona de comedor y la cocina abierta al comedor con varios accesos desde distintos puntos de la planta. Además dispone de un baño completo y una sala de lavadero en el que podemos encontrar parte de la maquinaria del hogar. También encontramos los accesos a las zonas externas. - PLANTA PRIMERA: Está compuesta por 3 dormitorios y dos baños completos. El dormitorio principal es una espectacular estancia de más de 50m2 con acceso un amplísimo vestidor y al baño en suite, que cuenta con más de 20m2. Además, el planteamiento sobre plano de la vivienda, permite la realización de otros dos dormitorios en la zona de vestidor. - PLANTA SEMISÓTANO: Encontramos una DISCOTECA completamente equipada con equipos profesionales de sonido e iluminación. También tenemos la zona destinada al gimnasio, un aseo y el garaje con espacio para más de 3 vehículos, sin contar con el espacio de la rampa que puede albergar varios vehículos más. - PLANTA SÓTANO; Aquí encontramos una SALA DE CINE TOTALMENTE EQUIPADA, un aseo y la sala de máquinas de la piscina y jacuzzis. MENCIÓN ESPECIAL al la zona externa de la vivienda, la cual tiene una ESPECTACULAR PISCINA con jacuzzi y tumbona de hidromasaje integrados en la misma cuenca. Cerramiento completo con calefacción para el invierno, termo regulación del agua, ducha con agua caliente corriente y zona de barbacoa de obra con horno de leña profesional. Además zonas de descanso, comedero, chill out y baño completo con acceso únicamente desde el exterior. La vivienda está equipada con AEROTERMIA en todas las estancias y plantas, con casi 6km de tubería radiante. Instalación de red interna y externa, A/A también en toda la vivienda para un posible apoyo de ventilación, suelos porcelánicos, placas de polvo de mármol en zonas húmedas, grifería externa con suministro de agua caliente, ventanas de climalit con rotura de puente térmico y cristales blindados de seguridad... y UN LARGUÍSIMO ETCÉTERA DE CALIDADES DE ÚLTIMA GENERACIÓN. Además, la vivienda cuenta con la posibilidad de transmitirse EQUIPADA COMO VES EN LAS FOTOGRAFÍAS (todo menos ropa y objetos personales) CON TODO INCLUIDO EN PRECIO!  Luces, estores, TV de dormitorio principal, cerraduras, telefonillo, cloradores,... TODO CONTROLADO POR DOMÓTICA. SOLICITA MÁS INFORMACIÓN SIN COMPROMISO! En Mr. House TE OFRECEMOS LAS MEJORES SOLUCIONES.",True,good,False,1932.0,True,False,True,False,[],False,False,1497500.0,€,,,,True,True,chalet,independantHouse,Torrejón de la Calzada,Casa independiente,Destacado,,,
108134189,https://img4.idealista.com/blur/480_360_mq/0/id.pro.es.image.master/dd/3a/78/1334885912.webp,,42,750000.0,chalet,sale,360.0,4,3,calle de Melilla,Madrid,Arroyomolinos,Urbanización Mediterráneo,es,,40.2772299,-3.9042028,False,https://www.idealista.com/inmueble/108134189/,"CAPITAL HOME ARROYOMOLINOS VENDE EN EXCLUSIVA MAGNÍFICO CHALET INDEPENDIENTE en la planta principal se encuentra un amplio dormitorio principal con armario empotrado, un baño completo con plato de ducha, mampara y ventana, y un práctico armario empotrado en el hall de entrada. La zona de día está compuesta por un amplio salón-comedor con cocina americana, equipada con isla central y mobiliario ampliado respecto al modelo original. Desde la cocina y el salón se accede directamente al patio, lo que aporta luminosidad y funcionalidad a la vivienda. Las ventanas han sido sustituidas por modelos de alta eficiencia. Toda esta planta dispone de suelos porcelánicos y sistema de climatización por aerotermia, lo que garantiza confort térmico y alta eficiencia energética. Desde esta misma planta se accede al garaje, con puerta automática, con capacidad para un vehículo grande y uno pequeño, además de albergar la caldera del sistema de aerotermia. La primera planta alberga dos dormitorios secundarios de gran tamaño, ambos con armarios empotrados, un baño completo con bañera, y acceso a una terraza desde el hall. En esta misma planta hay un segundo dormitorio principal con vestidor, baño en suite con doble lavabo y plato de ducha (sin mampara), así como salida directa a una segunda terraza privada. La última planta dispone de un espacio diáfano con acceso a un solárium, con posibilidad de ampliar la superficie construida en el futuro. Esta planta no dispone de climatización por aerotermia, lo que permite personalizar su uso según necesidades. En el exterior, el patio está completamente solado, y la parte trasera cuenta con césped artificial, ideal para disfrutar de un espacio al aire libre sin apenas mantenimiento. Una propiedad con una distribución muy funcional, materiales de calidad, y una instalación moderna de aerotermia que aporta eficiencia y sostenibilidad. Perfecta para quienes buscan una vivienda cómoda, moderna y con amplios espacios exteriores ¡Contáctenos para más información y para concretar una visita!  100% DE FINANCIACIÓN!",True,good,False,2083.0,True,False,True,False,[],False,False,750000.0,€,,,,True,True,chalet,independantHouse,"Urbanización Mediterráneo, Arroyomolinos",Casa independiente en calle de Melilla,Destacado,,,
108382580,https://img4.idealista.com/blur/480_360_mq/0/id.pro.es.image.master/1f/10/f6/1342455298.webp,,59,599000.0,chalet,sale,265.0,4,3,calle Goya,Madrid,Arroyomolinos,La Cárcaba - El Encinar - Montemolinos,es,,40.2612272,-3.9136161,False,https://www.idealista.com/inmueble/108382580/,"AGENCIA INMOBILIARIA CAPITAL HOME ARROYOMOLINOS VENDE EN EXCLUSIVA ESPECTACULAR CHALET ADOSADO. Magnífico chalet adosado en venta en una de las mejores zonas de Arroyomolinos. Este inmueble cuenta con una ubicación privilegiada, cerca de colegios, comercios, parques y polideportivos, ideal para disfrutar de una vida cómoda y activa. Además, ofrece una rápida salida tanto a la N-V como a la R-5, facilitando los desplazamientos. El chalet está distribuido en TRES plantas y cuenta con todas las comodidades necesarias. -En la planta baja, encontramos un amplio salón-comedor con salida directa al porche trasero acristalado, un aseo de cortesía, dormitorio/despacho y una maravillosa cocina con office con salida al porche también. -En la planta superior, el pasillo distribuidor cuenta con un balcón, se encuentra el dormitorio principal con zona de vestidor y baño completo en suite. También distribuye dos dormitorios secundarios de tamaño doble con armarios empotrados y un baño secundario completo con bañera. -En la planta sótano, podemos encontrar por un lado un segundo salón con barra, trastero y por otro lado, una sala diáfana con varias posibilidades de uso, como es en este caso, acondicionada a modo dormitorio. Este espacio cuenta con un aseo en el bajo de la escalera para dar servicio a esta planta. -En el jardín contamos con una maravillosa piscina, porche cenador y chillout que nos ofrece varias posibilidades para disfrutar al aire libre de nuestro espectacular jardín. Este chalet también ofrece extras como un garaje privado aéreo para dos coches techado, pintura en liso, suelo porcelánico, carpintería lacada en blanco, placas solares y calefacción de gas natural. No pierdas la oportunidad de visitar este maravilloso chalet adosado de esquina y descubrir todas las ventajas que ofrece. ¡Contacta con nosotros para concertar una visita! ¡100% Financiación!",True,good,False,2260.0,True,False,True,False,[],False,False,599000.0,€,,,,True,True,chalet,terracedHouse,"La Cárcaba - El Encinar - Montemolinos, Arroyomolinos",Chalet adosado en calle Goya,Destacado,,,
108984476,https://img4.idealista.com/blur/480_360_mq/0/id.pro.es.image.master/95/04/ff/1360881975.webp,MARQUES,21,319900.0,duplex,sale,105.0,3,2,"calle Marqués de Santillana, 144",Madrid,Guadarrama,,es,,40.6729951,-4.0847009,True,https://www.idealista.com/inmueble/108984476/,"EN VENTA: ESPECTACULAR PISO DÚPLEX EN GUADARRAMA, cercano a zonas verdes, colegios, parada de autobús, etc… Ponemos a tu disposición este magnífico piso tipo dúplex situado en una de las zonas más cotizadas de Guadarrama, ideal para quienes buscan confort, amplitud y una ubicación estratégica. Rodeado de todos los servicios esenciales, supermercados, colegios, comercios, zonas verdes y excelente comunicación con transporte público, este hogar combina tranquilidad con funcionalidad. La vivienda se encuentra en perfecto estado de conservación, completamente lista para entrar a vivir. Se distribuye en dos plantas, con una organización muy cómoda y práctica: Planta principal: Salón-comedor amplio y luminoso, perfecto para crear un espacio acogedor de convivencia y descanso. Cocina independiente, y espacio de almacenamiento más que suficiente. Aseo, moderno y funcional. Planta superior: Tres dormitorios, todos con armarios empotrados y buena iluminación. Segundo baño completo, muy cómodo para uso independiente. La vivienda dispone de plaza de GARAJE y TRASTERO incluida en el precio, lo que aporta un valor añadido importante en la zona. Todo ello en una urbanización tranquila, con vecinos estables y buen ambiente residencial. Una vivienda ideal tanto para familias como para profesionales que quieran disfrutar del entorno natural de Guadarrama sin renunciar a la comodidad del día a día. Este anuncio no es vinculante, puede contener errores. Se muestra a título informativo y no contractual.",True,good,False,3047.0,True,False,True,False,[],False,False,319900.0,€,,,,True,True,flat,duplex,Guadarrama,"Dúplex en calle Marqués de Santillana, 144",Destacado,1,True,False
