propertyCode,thumbnail,externalReference,numPhotos,price,propertyType,operation,size,rooms,bathrooms,address,province,municipality,district,country,neighborhood,latitude,longitude,showAddress,url,description,hasVideo,status,newDevelopment,priceByArea,hasPlan,has3DTour,has360,hasStaging,notes,topNewDevelopment,topPlus,priceInfo.price.amount,priceInfo.price.currencySuffix,parkingSpace.hasParkingSpace,parkingSpace.isParkingSpaceIncludedInPrice,detailedType.typology,detailedType.subTypology,suggestedTexts.subtitle,suggestedTexts.title,highlight.groupDescription,floor,exterior,hasLift,priceInfo.price.priceDropInfo.formerPrice,priceInfo.price.priceDropInfo.priceDropValue,priceInfo.price.priceDropInfo.priceDropPercentage
106713206,https://img4.idealista.com/blur/480_360_mq/0/id.pro.es.image.master/b7/92/6d/1315388501.webp,W-02WKF4,51,9000000.0,chalet,sale,1674.0,9,1,calle Eibar,Madrid,Madrid,Moncloa,es,El Plantío,40.4705946,-3.8084671,False,https://www.idealista.com/inmueble/106713206/,"Magnífica casa en La Florida - Aravaca Espectacular Chalet Independiente de Diseño Moderno.  Ubicado en una de las zonas más exclusivas de Madrid, en el barrio de Aravaca - La Florida. Urbanización privada con seguridad 24 horas, donde se combina lujo, comodidad y unas vistas inigualables al Monte del Pardo, Palacio de la Zarzuela y Sierra de Madrid. Esta vivienda de 1.674 m2 se distribuye en 4 plantas perfectamente diseñadas, dentro de una parcela de 2.869 m2 a la cual se accede desde un vial privado, equipado con garita de control de acceso. Cuenta con 9 dormitorios y 13 baños, ideal para familias que necesiten amplio espacio en su día a día o bien reuniones e invitados, ofreciendo un espacio único y exclusivo para vivir. Nos recibe un amplio hall de entrada en la planta baja, donde nos encontramos la zona social que consta de salón principal y comedor de gran dimensión. Un luminoso despacho y sala de estar, además de un dormitorio de invitados con baño en suite y cocina totalmente equipada. Todas y cada una de las estancias de la planta baja tienen acceso directo al jardín. En la planta primera o zona de dormitorios, que se accede por una impactante escalera de diseño, nos encontramos con cinco dormitorios todos en suite, sala de estar y zona de planchado, además del dormitorio principal en suite con una gran terraza de casi 90 m2. En la segunda planta tenemos sala de juegos y biblioteca, rodeada de terrazas con unas vistas a la sierra de Guadarrama y Monte del Pardo. En el sótano nos encontramos las estancias para el personal y lavandería. Vinculado con el jardín posterior encontramos el gimnasio, jacuzzi, garaje para seis coches y piscina interior climatizada con vestuarios. No nos olvidemos de su sala de vinos, equipada con cocina para la realización de eventos. Y con acceso directo a zona de barbacoa exterior y pista de pádel reglamentaria.  Materiales y Equipamientos de Alta Gama: Carpintería interior de madera lacada y exterior de cristal blindado que aporta elegancia y seguridad. Calefacción por suelo radiante y aire acondicionado por aerotermia. Sistema de alarma de última generación y placas solares para mayor eficiencia energética. En cuanto a la ubicación, La Florida es un barrio residencial tranquilo y exclusivo en el distrito de Moncloa - Aravaca, que ofrece una excelente calidad de vida. Cuenta con una amplia oferta de servicios y comodidades, como colegios de prestigio, centros comerciales, restaurantes y espacios verdes. Además, se encuentra a pocos kilómetros de varios colegios, como el Colegio British Council School, que se encuentra a menos de 10 kilómetros de distancia. También hay un centro comercial cercano, donde los residentes podrán disfrutar de una amplia variedad de tiendas y restaurantes. En cuanto a las opciones de transporte, el chalet se encuentra cerca de varias líneas de metro y cercanías, lo que facilita el desplazamiento por la ciudad. Las líneas de metro más cercanas son las líneas 6 y 7, mientras que las líneas de cercanías más cercanas son las líneas C7 y C10. Además, hay varias líneas de autobuses que pasan cerca de la ubicación de este inmueble.",True,good,False,5376.0,True,True,False,True,[],False,False,9000000.0,€,True,True,chalet,independantHouse,"El Plantío, Madrid",Casa independiente en calle Eibar,Top,,,,,,
106551234,https://img4.idealista.com/blur/480_360_mq/0/id.pro.es.image.master/36/d4/68/1286519380.webp,100005,48,2500000.0,chalet,sale,800.0,5,6,Ciudalcampo,Madrid,Ciudalcampo,,es,,40.6226048,-3.6097765,False,https://www.idealista.com/inmueble/106551234/,"Cristina Torras de GV | CIUDALCAMPO comercializa el siguiente inmueble:  Descubre este espectacular chalet independiente en Ciudalcampo, una exclusiva propiedad que combina comodidad en un entorno natural de ensueño, ideal para quienes buscan una vida privada rodeada de naturaleza sin renunciar a la cercanía de la ciudad. Características Principales de la Propiedad: - Superficie de la Parcela: 2,625 m² en una ubicación privilegiada elevada que le proporciona unas vistas inigualables y completa privacidad - Superficie Construida: 800 m² distribuidos en 3 plantas, con 750 m² de espacios útiles y luminosos - Habitaciones: 5 amplias habitaciones, incluyendo dos suites principales con vestidor y sala de estar privada - Baños: 6 baños - Exteriores: Frondoso jardín con vistas despejadas a la Sierra, piscina vallada, terraza chill-out y zona de barbacoa - Garaje: Capacidad para 5 vehículos en el sótano más espacio exterior adicional para otros 5 Un Exterior Perfecto para el Descanso y la Diversión: El jardín de esta propiedad es un auténtico paraíso verde, con una variada vegetación que rodea la piscina. Su diseño maximiza la privacidad y ofrece zonas de descanso y entretenimiento, como una amplia terraza estilo chill-out y una funcional área de barbacoa. Ubicación Exclusiva en Ciudalcampo: Situado en el Parque Regional de la Cuenca Alta del Manzanares, Ciudalcampo es una urbanización de prestigio, conocida por su seguridad 24 horas, su privacidad y sus vistas impresionantes a la Sierra Norte de Madrid. Con fácil acceso por la N-1 y a minutos de Madrid, Ciudalcampo ofrece también servicios exclusivos como el Colegio Internacional SEK, el Club Deportivo RACE, amplias zonas verdes, y un circuito de 6.5 km para deportes al aire libre. Comodidad y Seguridad: Con una excelente conexión a Madrid a través de autobuses y minibuses internos, Ciudalcampo asegura una movilidad cómoda y rápida. Sus sistemas de vigilancia y control de acceso refuerzan la tranquilidad de los residentes. No pierdas la oportunidad de vivir en una de las mejores propiedades de Ciudalcampo, rodeado de naturaleza, lujo y comodidad en una ubicación privilegiada. ¡Agenda tu visita hoy y descubre tu nuevo hogar! Distribución:  Desde el primer paso, el hall de entrada te da la bienvenida a una residencia de lujo, donde cada detalle está pensado para maximizar el confort. La planta baja cuenta con un majestuoso salón de 80 m² con chimenea, comedor independiente, y una acogedora sala de estar también con chimenea, todos conectados a un luminoso porche acristalado que invita a momentos de relajación y disfrute. Además, en esta planta encontrarás una amplia cocina completamente equipada con despensa, un cuarto de lavado, y un elegante dormitorio de invitados con baño en suite y salida directa al jardín. La planta superior alberga dos dormitorios principales de lujo con su propio salón, vestidor y baño, además de dos habitaciones adicionales que comparten un baño y una encantadora biblioteca con luz natural. Esta información no tiene Carácter contractual. Un porcentaje importante de nuestros inmuebles no aparecen publicados en idealista por expreso deseo de los propietarios. Para mas información sobre más propiedades en esta zona entre en nuestra página web.",True,good,False,3125.0,True,True,False,True,[],False,False,2500000.0,€,True,True,chalet,independantHouse,Ciudalcampo,Casa independiente,Top,,,,,,
108597804,https://img4.idealista.com/blur/480_360_mq/0/id.pro.es.image.master/b6/ab/93/1350050834.webp,LO-211386	,34,1121000.0,duplex,sale,185.0,3,2,Barrio Valdebebas - Valdefuentes,Madrid,Madrid,Hortaleza,es,Valdebebas - Valdefuentes,40.4973893,-3.6225086,False,https://www.idealista.com/inmueble/108597804/,"Gilmar Moraleja Consulting ofrece este impresionante ático dúplex en Valdebebas. En una las zonas con mas desarrollo de Madrid, impresionantes vistas despejadas al Campo de Golf de la Moraleja y al Skyline de Madrid, una propiedad a estrenar y lista para estrenar. Las vivienda se encuentra situada frente al Parque de Valdebebas en urbanización cerrada con seguridad 24 horas, pista de pádel, gimnasio, lobby gastronómico, piscina y gran parque infantil y zona común. La vivienda se distribuye en dos bonitas plantas. En la baja encontramos la cocina totalmente equipada con gran almacenaje, electrométricos y materiales utilizados de alta calidad y cuenta con tendedero y salida a terraza principal de planta baja. Encontramos zona social o salón con acceso a la misma terraza desde donde contemplar un precioso atardecer. La zona de descanso se encuentra en esta misma planta y consta de dos dormitorios secundarios y un baño compartido y habitación principal con baño en suite y zona de vestidor. En la planta de arriba encontramos una gran terraza con vistas al Skyline y con posibilidad de ser cerrada y utilizarse como un bonito playroom o salon. La vivienda cuenta con dos plazas de garaje y un gran trastero. Además, su ubicación estratégica te sitúa cerca de centros comerciales, parques, colegios, hospitales y con fácil acceso a la M-30, M-40 y el Aeropuerto Internacional Adolfo Suárez Madrid-Barajas. Ven a visitarlo.!",True,good,False,6059.0,True,True,False,True,[],False,False,1121000.0,€,True,True,flat,duplex,"Valdebebas - Valdefuentes, Madrid",Dúplex,Top,6,True,True,,,
107723589,https://img4.idealista.com/blur/480_360_mq/0/id.pro.es.image.master/a7/9b/5e/1320900578.webp,14447,53,1675000.0,chalet,sale,584.0,6,5,Ciudalcampo,Madrid,Ciudalcampo,,es,,40.6147787,-3.6158937,False,https://www.idealista.com/inmueble/107723589/,"Suma inmobiliaria presenta esta vivienda con Amplios Espacios y Máxima Privacidad Ubicada en una parcela privada que garantiza tranquilidad y exclusividad, residencia destaca por su diseño elegante, su luminosidad y su conexión con el exterior. Techos de gran altura, cada estancia ha sido concebida para ofrecer confort y funcionalidad. Distribución de la vivienda: Hall de entrada amplio y con techos altos que aporta una gran sensación de espacio y luminosidad. Salón principal con grandes ventanales que inundan la estancia de luz natural y ofrecen vistas al jardín. Sala de estar independiente, ideal para momentos de relajación o entretenimiento. Comedor elegante y espacioso, perfecto para reuniones familiares o eventos sociales. Cocina funcional, equipada con zona de office que comunica con el comedor. Habitación de servicio / lavadero con su propio baño, proporcionando comodidad y privacidad para el personal doméstico. Todas las estancias de la planta baja tienen acceso directo al jardín, permitiendo una integración armoniosa con el exterior. Zona de descanso: Dormitorios amplios y luminosos, con terrazas diseñados para garantizar el máximo confort. Suite principal con baño privado y vestidor, creando un espacio exclusivo y acogedor. Extras y características adicionales: 2 plazas de garaje, con acceso directo a la vivienda. Jardín privado, ideal para disfrutar del aire libre con total privacidad. Ubicada en la prestigiosa urbanización de Ciudalcampo, esta vivienda ofrece un entorno de lujo rodeado de naturaleza. Situada dentro del Parque Regional de la Cuenca Alta del Manzanares, garantiza privacidad, seguridad 24/7 y excelentes conexiones con Madrid. Además, la zona cuenta con colegios internacionales, un exclusivo club de golf y modernas instalaciones deportivas, ideales para quienes buscan un estilo de vida sofisticado y tranquilo. Disponemos de una amplia cartera de inmuebles “off market” no publicados en Idealista. Para solicitar información visite nuestra web pinchando en el enlace de abajo o contacte con nuestras oficinas.",True,good,False,2868.0,True,True,False,True,[],False,False,1675000.0,€,True,True,chalet,independantHouse,Ciudalcampo,Casa independiente,Top,,,,,,
108911533,https://img4.idealista.com/blur/480_360_mq/0/id.pro.es.image.master/86/be/22/1358700809.webp,gaz062RSP,26,1550000.0,flat,sale,155.0,2,3,Barrio Gaztambide,Madrid,Madrid,Chamberí,es,Gaztambide,40.4325555,-3.7153977,False,https://www.idealista.com/inmueble/108911533/,"Olisson presenta esta elegante propiedad recién reformada, ubicada en una de las calles más emblemáticas del codiciado barrio de Chamberí. Situado en la cuarta planta de un edificio clásico de 1927, este piso de 155 m² ha sabido combinar a la perfección la elegancia y el confort en su diseño, dando lugar a espacios sofisticados a la vez que funcionales. Esta impresionante propiedad ha sido reformada con las más altas calidades del mercado, cuidando cada detalle para ofrecer un ambiente de lujo discreto. El luminoso salón comedor de 30 m² goza de una impresionante luz natural gracias a sus balcones y sus acabados de diseño contemporáneo, creando un espacio sofisticado y acogedor, perfecto para el entretenimiento o el relax. La zona de descanso cuenta con dos amplios y luminosos dormitorios, ambos con baño completo en suite. El dormitorio principal dispone de un vestidor de ensueño y un exquisito baño en suite, garantizando privacidad y confort. Además, la vivienda ofrece un práctico aseo de cortesía, pensando en la comodidad de sus invitados. La magnífica cocina independiente es un verdadero deleite para los amantes de la gastronomía. Totalmente amueblada con muebles de diseño y equipada con electrodomésticos de alta gama marca Bosch, invita a crear experiencias culinarias inolvidables. Su funcionalidad y estética se complementan a la perfección. Los materiales de primera línea son una constante en toda la propiedad: elegantes suelos porcelánicos visten cada rincón, junto con los sofisticados azulejos de alta gama de los baños, creando ambientes de gran armonía. La carpintería de calidad superior refuerza la sensación de solidez y refinamiento. Para mayor comodidad, un ingenioso armario oculto cerca de la cocina alberga la zona de lavadora y secadora, optimizando el espacio. La vivienda cuenta con armarios empotrados tanto en el dormitorio secundario como en el pasillo y el hall de entrada. No solo se ha cuidado el diseño, sino también el concepto de sostenibilidad, incorporando sistemas de refrigeración y calefacción por aerotermia, además de instalación de domótica para un mayor ahorro de energía en toda la vivienda. La finca cuenta con servicio de portería, ofreciendo seguridad y tranquilidad a los vecinos. Su ubicación es sencillamente inmejorable. La calle goza de una conexión privilegiada con toda la ciudad, a pocos pasos de la estación de metro Argüelles y diversas líneas de autobús, garantizando una excelente movilidad. Disfrute de la proximidad a emblemáticos parques como el Parque del Oeste, ideal para paseos y actividades al aire libre. La zona ofrece una amplia y variada oferta cultural y de ocio, con teatros, cines, museos y galerías. Asimismo, encontrará prestigiosas instituciones educativas, centros de salud de referencia y una extensa selección de comercios, desde boutiques exclusivas hasta supermercados, así como una vibrante propuesta gastronómica con restaurantes y cafeterías para todos los gustos. Su completa red de transportes públicos incluye las estaciones de metro Islas Filipinas y Argüelles (cerca también el metro Canal), diversas paradas de autobús y el intercambiador de Moncloa. Cabe destacar su rápido acceso a la A-6 y M-30. Todo lo que necesita para una vida cómoda y plena al alcance de su mano. Esta es una oportunidad excepcional para adquirir una vivienda única en una de las zonas más demandadas de Madrid. [IW].",True,good,False,10000.0,True,True,False,True,[],False,False,1550000.0,€,,,flat,,"Gaztambide, Madrid",Piso,Top,4,True,True,1600000.0,50000.0,3.0
108788897,https://img4.idealista.com/blur/480_360_mq/0/id.pro.es.image.master/02/b8/e6/1355157665.webp,14496,38,1650000.0,chalet,sale,117.0,4,3,Barrio Apóstol Santiago,Madrid,Madrid,Hortaleza,es,Apóstol Santiago,40.4690763,-3.6633514,False,https://www.idealista.com/inmueble/108788897/,"Suma inmobiliaria presenta EN EXCLUSIVA esta vivienda con piscina privada en una de las zonas más tranquilas de Madrid. Ubicada en El Bosque, una de las zonas residenciales más demandadas de Arturo Soria, esta acogedora vivienda unifamiliar combina comodidad, diseño moderno.  La vivienda se distribuye en dos plantas y destaca por su luminosidad, gracias a sus grandes ventanales y puertas de cristal que permiten una conexión fluida entre interior y exterior. En la planta principal encontramos un amplio hall de entrada, un aseo de cortesía y un espacio de salón principal que conecta con la cocina y con un segundo salón-comedor. Esta zona se abre completamente al jardín delantero y al patio trasero, donde se encuentra la piscina privada con agua salina climatizada y una zona solada ideal para el relax o el entretenimiento. En esta planta también se ubican un despacho y una habitación adicional de uso versátil (trastero, dormitorio de servicio o cuarto de juegos). En la planta superior se sitúan tres dormitorios, todos exteriores y muy luminosos. La suite principal cuenta con baño privado, mientras que las otras dos habitaciones comparten un segundo baño completo. La propiedad incluye una plaza de garaje con espacio adicional para almacenamiento. Entorno y comunicaciones: La zona de Arturo Soria es conocida por su ambiente residencial y seguro, con fácil acceso a los principales ejes de la ciudad. A pocos minutos se encuentran los colegios internacionales más reconocidos, zonas verdes, el centro comercial Arturo Soria Plaza, y una variada oferta gastronómica. Las comunicaciones son excelentes, con líneas de autobús (varias líneas en Arturo Soria y alrededores) y estación de metro cercana (Arturo Soria – línea 4), además de acceso rápido a la M-30 y al aeropuerto. Disponemos de una amplia cartera de inmuebles “off market” no publicados en Idealista. Para solicitar información visite nuestra web pinchando en el enlace de abajo o contacte con nuestras oficinas.",True,good,False,14103.0,True,True,False,True,[],False,False,1650000.0,€,True,True,chalet,semidetachedHouse,"Apóstol Santiago, Madrid",Chalet pareado,Top,,,,,,
109051478,https://img4.idealista.com/blur/480_360_mq/0/id.pro.es.image.master/2d/ca/79/1362796826.webp,W-030WEG,35,1875000.0,flat,sale,197.0,5,3,Barrio Malasaña-Universidad,Madrid,Madrid,Centro,es,Malasaña-Universidad,40.4299414,-3.7091403,False,https://www.idealista.com/inmueble/109051478/,"Exclusivo Piso con 2 terrazas para Reformar en Conde Duque Engel & Völkers le da la bienvenida a una exclusiva propiedad en Univerdidad, una joya de casi 200 metros cuadrados que combina historia y gran potencial. Vistas despejadas y terraza. Edificio señorial construido a inicios de 1970, cuenta con escalera principal con dos ascensores y escalera de servicio con montacargas. Este espacioso inmueble ofrece una oportunidad única para personalizar un espacio en una ubicación privilegiada. Al entrar, se percibe un ambiente de amplitud y elegancia, con suelos de parquet que añaden calidez y un toque clásico. El salón, con vistas al oeste de la ciudad, invita a grandes momentos de relajación y confort. La terraza de aproximadamente 12 metros cuadrados es un refugio privado, ideal para disfrutar de vistas abiertas y del aire fresco de la ciudad. Este inmueble destaca por sus características únicas, excelente ubicación, espacio, vistas y posibilidades de adquirir o alquilar plaza de garaje en el mismo edificio. Descubra el potencial de este inmueble que combina el encanto del pasado con las comodidades modernas. Es una oportunidad excepcional para crear un hogar a su medida en una de las ciudades más vibrantes de Europa. Ubicado en el prestigioso barrio de Conde Duque, en Madrid, este inmueble ofrece una experiencia de vida inigualable en el corazón de la capital española. Ideal para aquellos que buscan un entorno vibrante y cultural, es conocido por su ambiente bohemio y su rica oferta artística. A solo dos minutos de la calle Alberto Aguilera, enclave sofisticado con tradición la modernidad. La infraestructura de la calle Alberto Aguilera es un verdadero lujo para el residente exigente. Con una conectividad excepcional, la estación de metro San Bernardo, varias líneas de Bus, garantizando un acceso rápido al resto de la vibrante metrópoli. Las avenidas arboladas están salpicadas de cafés boutique y restaurantes de alta cocina, donde cada esquina cuenta una historia de sabores y aromas únicos. Para los amantes del ocio y la cultura, el área ofrece una sinfonía de opciones. Desde el encanto bohemio del Mercado de Chamberí hasta el arte contemporáneo del Museo Sorolla, la proximidad a estos puntos de interés ofrece una vida rica en experiencias. Además, la cercanía al Teatro de la Abadía, con sus aclamadas producciones, brinda un refugio para los apasionados del arte escénico. Cabe destacar la cercanía al mercado Vallehermoso, el Corte Inglés Princesa, Icade, Casa de México, etc. En particular, el Parque del Oeste, a solo diez minutos en bicicleta, ofrece un respiro verde entre el bullicio urbano, un lugar donde el tiempo parece detenerse en medio de la naturaleza exuberante. Aquí, cada paseo se convierte en una oportunidad para revitalizar el espíritu. En suma, esta ubicación no solo es un lugar para residir, sino un escenario donde se entrelazan la sofisticación y el dinamismo, prometiendo una vida repleta de posibilidades vibrantes.  La infraestructura de la zona es excepcional, con acceso inmediato a varias líneas de metro y autobuses que conectan eficientemente con el resto de la ciudad. Además, el Aeropuerto Adolfo Suárez Madrid-Barajas se encuentra a solo 25 minutos en coche, facilitando los viajes internacionales. Para el ocio, el Parque del Oeste y el Templo de Debod ofrecen espacios verdes para el esparcimiento, mientras que el cercano Museo del Prado y el Palacio Real brindan experiencias culturales de renombre mundial. Este enclave único combina la sofisticación urbana con la tranquilidad de un refugio exclusivo, prometiendo una vida de lujo y comodidad en el corazón de Madrid.",True,renew,False,9518.0,True,True,False,True,[],False,False,1875000.0,€,,,flat,,"Malasaña-Universidad, Madrid",Piso,Top,5,True,True,,,
106637411,https://img4.idealista.com/blur/480_360_mq/0/id.pro.es.image.master/74/13/36/1327083629.webp,MAV02758,41,1160000.0,chalet,sale,306.0,6,5,Barrio Canillejas,Madrid,Madrid,San Blas,es,Canillejas,40.4472759,-3.6130414,False,https://www.idealista.com/inmueble/106637411/,"DE SALAS LUXURY HOMES Ref. MAV02758, les presenta este precioso chalet pareado ubicado en una bonita y tranquila calle, con piscina comunitaria y amplias zonas infantiles, ideal para familias con niños que deseen estar muy bien comunicados y a la vez gozar de una gran tranquilidad. MUCHAS DE NUESTRAS PROPIEDADES NO APARECEN EN IDEALISTA. CONSULTE EN NUESTRA PÁGINA WEB DE “De Salas”, PARA VER MÁS VIVIENDAS EN EXCLUSIVA. La vivienda, construida en el año 1993 tiene una cómoda distribución y sobre todo multitud de posibilidades de reforma si se desea. Accedemos al chalet atravesando un bonito jardín delantero y al subir la escalinata, nos encontramos ante un porche que resguarda la entrada de la vivienda tanto del calor del sol como de la lluvia o el frío. Una vez en el interior, nos encontramos en un hall con armario gabanero junto a un despacho (10m2). La cocina (11m2), de estilo rústico, cuenta con muchos armarios altos y bajos, alacena y zona para mesa de diario. El salón (33m2), decorado en 2 ambientes, se encuentra en el mismo espacio que el comedor. Tiene una práctica chimenea que hace este espacio aun más acogedor y cuenta con un gran ventanal-mirador y salida directa al porche y al jardín.  El porche, de gran tamaño y con una pérgola de mucha altura, hará las delicias de todos en cualquier comida o cena en los meses más cálidos del año, acompañados del sonido de su bonito estanque. En el jardín se ubica también una zona destinada a barbacoa, cubierta con una pérgola, junto a una zona de lavado para no tener que entrar en la cocina.  La planta primera, a la que se accede por una cómoda escalera de madera y pared de cristal traslúcido que aporta mucha luz, alberga 4 dormitorios y 2 baños.  El dormitorio principal (16m2) cuenta con baño e suite mientras que las otras 3 habitaciones (13m2, 9m2 y 9m2) disponen de un cuarto de baño con bañera. El dormitorio principal junto a otra habitación comparten además una zona externa destinada a vestidor.  La planta superior alberga una gran sala de estar en forma de ele (32m2) totalmente diáfana, por lo que puede ser destinada a multitud de opciones ya que cuenta también con un cuarto de baño con ducha. Sus ventanas velux proporcionan muchísima luminosidad a la estancia. En la planta semisótano encontramos un maravilloso txoco (32m2) con horno de leña, chimenea, zona de estar, comedor, barra-bar con cámaras frigoríficas industriales hechas a medida y una increíble bodega de 20m2 perfectamente aislada. En esta misma planta se sitúa un cuarto de lavandería y planchado (11m2) junto a un aseo y el garaje con espacio para un vehículo más otro en la rampa.  La vivienda tiene calefacción por gas natural, suelo de parquet en planta principal y dormitorios y barro cocido en la planta semisótano. Paredes lisas y estucadas.  Las zonas comunes de esta urbanización incluyen piscina, solarium, vestidores y amplias zonas infantiles.",True,renew,False,3791.0,True,True,False,True,[],False,False,1160000.0,€,True,True,chalet,semidetachedHouse,"Canillejas, Madrid",Chalet pareado,Top,,,,,,
107765274,https://img4.idealista.com/blur/480_360_mq/0/id.pro.es.image.master/6b/bf/db/1340967832.webp,14448,32,1725000.0,chalet,sale,388.0,4,3,Encinar de los Reyes,Madrid,La Moraleja,Encinar de los Reyes,es,,40.5051535,-3.6439449,False,https://www.idealista.com/inmueble/107765274/,"""Algunas de las imágenes incluidas en este anuncio son representaciones orientativas del posible aspecto de ciertas estancias y no reflejan el estado actual del inmueble. "" SUMA INMOBILIARIA ofrece bonito adosado en urbanización cerrada con seguridad 24h, magnifica ubicación dentro del Encinar de los Reyes, próximo al Centro Comercial. Estupendas zonas comunes compuestas por piscinas, pádel, zonas infantiles, club social para eventos y amplia zona verde.  La fachada es de ladrillo visto con un pequeño hall de entrada delantero y un jardín con encanto en la parte trasera. El Interior se distribuye en varias plantas; la planta baja tiene un amplio salón luminoso con grandes ventanales y chimenea, con acceso al porche y al jardín. En esta misma planta está la cocina y un baño de invitados. Habitaciones: En la planta superior se encuentran l3 habitaciones, espaciosas, con armarios empotrados y la habitación principal cuenta con un baño en suite. Las otras dos habitaciones comparten un baño que está en el distribuidor. La buhardilla es amplia para zona de juegos habitación o despacho, espacio totalmente diáfano y muy luminoso. El sótano está formado con una habitación con baño, una zona de lavandería y un garaje para 3 coches. Servicios: El Encinar de los Reyes ofrece diversas comodidades, como seguridad 24 horas, zonas deportivas y cercanía a colegios, comercios y restaurantes. Disponemos de una amplia cartera de inmuebles “off market” no publicados en Idealista. Para solicitar información visite nuestra web pinchando en el enlace de abajo o contacte con nuestras oficinas.",True,good,False,4446.0,True,True,False,True,[],False,False,1725000.0,€,True,True,chalet,terracedHouse,"Encinar de los Reyes, La Moraleja",Chalet adosado,Top,,,,,,
99071255,https://img4.idealista.com/blur/480_360_mq/0/id.pro.es.image.master/05/eb/40/1032599718.webp,52077,69,3500000.0,chalet,sale,376.0,5,6,Barrio Nueva España,Madrid,Madrid,Chamartín,es,Nueva España,40.464948,-3.6753461,False,https://www.idealista.com/inmueble/99071255/,"Lucía Suárez- Zuloaga de GV | NUEVA ESPAÑA comercializa el siguiente inmueble: Maravillosa casa independiente de obra nueva en el corazón de Nueva España. La vivienda, que es una autentica maravilla, ha sido reformada desde sus cimientos con todo detalle sustituyendo todas las instalaciones del edificio y dotándolo con las últimas tecnologías de eficiencia energética y domótica. Un edificio sostenible con las mejores instalaciones, para quien aprecia el espacio, el máximo confort y los detalles. En definitiva, una casa única y excepcional.  La vivienda cuenta con una superficie construida de 376m2, sobre una parcela de 232m2. A la casa se accede por una calle privada por lo que le da un toque muy especial y único en la zona. El edificio consta de cuatro plantas y un roof top con piscina exterior. Descripción:  Planta baja: Hall de entrada, dos espaciosos salones con amplios ventanales de suelo a techo, que le dan una luz fantástica a toda la casa. Sala de estar. Planta primera: Dos cuartos de dormir simétricos, ambos con vestidor y cuarto de baño en suite.  Planta segunda: Cuarto de dormir principal, con vestidor y cuarto de baño completo en suite. Cuarto de dormir con cuarto de baño en suite.  Planta ático: Precioso solarium con piscina privada.  Planta semisótano: Cocina con office, comedor interior y comedor exterior, aseo de invitados, cuarto de servicio con cuatro de baño en suite. La vivienda tiene ascensor en cada una de sus plantas.  Esta información no tiene Carácter contractual. Un porcentaje importante de nuestros inmuebles no aparecen publicados en idealista por expreso deseo de los propietarios. Para más información sobre más propiedades en esta zona entre en nuestra página web.",True,good,False,9309.0,True,True,False,True,[],False,False,3500000.0,€,True,True,chalet,independantHouse,"Nueva España, Madrid",Casa independiente,Top,,,,,,
108644340,https://img4.idealista.com/blur/480_360_mq/0/id.pro.es.image.master/74/a4/40/1350869674.webp,MAV02840,25,1395000.0,flat,sale,144.0,3,3,Barrio El Viso,Madrid,Madrid,Chamartín,es,El Viso,40.448358,-3.6770584,False,https://www.idealista.com/inmueble/108644340/,"DE SALAS LUXURY HOMES Ref. MAV02840, presenta este maravilloso piso con vistas al parque de Berlín. MUCHAS DE NUESTRAS PROPIEDADES NO APARECEN EN IDEALISTA. CONSULTE EN NUESTRA PÁGINA WEB DE “De Salas”, PARA VER MÁS VIVIENDAS EN EXCLUSIVA. Se trata de una vivienda reformada íntegramente en 2012, práctica y funcional, inundada de luz natural gracias a su privilegiada orientación este. En sus 144 m² catastrales, la vivienda cuenta con 3 amplios dormitorios (4 antes de la reforma), 2 baños completos y 1 aseo. Accedemos a la vivienda a través de un hall de entrada con armario gabanero. Un amplio salón-comedor distribuido en 2 ambientes, destaca por sus amplios ventanales con orientación este y bonitas vistas al parque de Berlín. Su distribución, hacen de ésta, la estancia perfecta para albergar y disfrutar de reuniones con familiares y amigos. La cocina ofrece una buena amplitud. De planta muy cuadrada, se le integró el espacio de una habitación de servicio que ha permitido poder disfrutar de un espacio office central, útil y práctico en el día a día. Dispone de una buena iluminación natural, con doble ventana y se ha mantenido una puerta de acceso de servicio. La comunidad tiene servicio de recogida diaria de basuras en planta. Un pasillo distribuidor, con armarios empotrados de 3 cuerpos, y aseo de cortesía, nos conduce a la zona de descanso. La vivienda cuenta con 3 amplios dormitorios, todos ellos exteriores y con armarios empotrados. Destaca la habitación principal, equipada con armarios de gran capacidad, y baño en suite con plato de ducha de grandes dimensiones. Otro baño completo con bañera, da servicio al resto de la casa. En la reforma se ha cuidado hasta el más mínimo detalle, optimizando al máximo los espacios de almacenamiento. La vivienda cuenta con sistema de aire acondicionado por split en salón y dormitorio principal, calefacción central con contadores individuales, ventanas oscilobatientes, persianas motorizadas y suelos de tarima de madera de color roble. Ubicada en el Viso, una de las zonas más cotizadas de Madrid Capital, ofrece una calidad de vida excepcional, con una amplia oferta de servicios de proximidad, colegios, centros comerciales, restaurantes, centros deportivos, el parque de Berlín, etc.",True,good,False,9688.0,True,True,False,True,[],False,False,1395000.0,€,,,flat,,"El Viso, Madrid",Piso,Top,5,True,True,,,
106186468,https://img4.idealista.com/blur/480_360_mq/0/id.pro.es.image.master/00/23/94/1275156862.webp,MOV03445,49,1900000.0,chalet,sale,480.0,5,4,Ciudalcampo,Madrid,Ciudalcampo,,es,,40.6116962,-3.6155106,False,https://www.idealista.com/inmueble/106186468/,"Este espectacular chalet independiente que les presentamos esta situado en una de las zonas más exclusivas de Ciudalcampo, se erige como una auténtica joya arquitectónica que combina a la perfección la calidad de construcción con un diseño funcional y elegante. La propiedad, que se asienta sobre una superficie de 2.535m², ofrece un entorno de privacidad y tranquilidad inigualables, con impresionantes vistas a la sierra de Madrid y al Parque Regional de la Cuenca Alta del Manzanares. Con 480 m² construidos en un estado impecable, la vivienda destaca por su amplitud y luminosidad. El acceso principal te recibe con un vestíbulo amplio y luminoso que marca el carácter señorial de la vivienda. A la derecha, se encuentra un elegante despacho o biblioteca, ideal para momentos de trabajo o estudio, mientras que a la izquierda, un aseo de invitados y un práctico armario gabanero ofrecen comodidad y funcionalidad. El salón principal, con una chimenea que invita al descanso, tiene acceso directo a un porche orientado al sur, perfecto para disfrutar de las vistas al espectacular jardín y a la piscina. Este espacio exterior es ideal para relajarse o compartir momentos en familia. A la derecha del salón, se ubica un acogedor cuarto de estar, que añade un toque íntimo y familiar a la estancia. A la izquierda, se accede a un amplio comedor, también con salida al porche, que se comunica directamente con una moderna cocina de diseño, equipada con un office de orientación sur, lo que garantiza una excelente entrada de luz natural durante todo el día. La zona de servicio, que incluye una habitación con baño propio y un cuarto de lavado y plancha, se sitúa de manera funcional en esta misma planta, proporcionando privacidad y comodidad. La primera planta está dedicada a la zona de descanso, compuesta por cuatro amplios dormitorios, todos ellos diseñados con gran atención al detalle. El dormitorio principal, una auténtica suite de lujo, cuenta con una sala de recibo, un extenso vestidor y un baño en suite. Otro de los dormitorios también dispone de su propio vestidor y baño, mientras que los dos dormitorios restantes, uno de ellos actualmente habilitado como despacho con chimenea, comparten un baño adicional. Las terrazas en esta planta son un verdadero lujo: la terraza de invierno ofrece unas impresionantes vistas al Parque Regional, mientras que la terraza de verano permite contemplar la majestuosa sierra de Madrid, creando espacios exteriores únicos para cada estación. En la planta inferior se encuentra un garaje con capacidad para dos coches, además de la posibilidad de estacionar hasta tres vehículos más en el exterior. Desde el garaje, se accede directamente a la cocina y a tres amplios trasteros, proporcionando soluciones de almacenamiento más que suficientes para cualquier necesidad. El jardín, sin duda uno de los mayores atractivos de la propiedad, una zona consolidada con césped y una gran variedad de árboles culmina en una encantadora piscina, ideal para disfrutar en los meses más cálidos. La propiedad cuenta con una espaciosa buhardilla sin habilitar, lo que ofrece la posibilidad de ampliar aún más el espacio habitable de la vivienda, adaptándolo a las necesidades de sus futuros propietarios. DISTRIBUCION PLANTA PRINCIPAL - Hall y salón con chimenea en 2 ambientes - Comedor independiente y despacho - Cocina con office y zona de servicio con cuarto de plancha y dormitorio de servicio y baño en suite. - Porche y jardín PRIMERA PLANTA - 4 Dormitorios (2 de ellos con baño en suite y vestidor) otros 2 dormitorios comparten 1 baño - Terraza SÓTANO - Garaje: 2 plazas de garaje - Habitación - Cuarto de lavandería - 3 trasteros - Calefacción de gas propano por radiadores y aire acondicionado por conductos.",True,good,False,3958.0,True,True,False,True,[],False,False,1900000.0,€,True,True,chalet,independantHouse,Ciudalcampo,Casa independiente,Top,,,,,,
108094140,https://img4.idealista.com/blur/480_360_mq/0/id.pro.es.image.master/50/04/f8/1334012577.webp,CA208736,30,1950000.0,chalet,sale,501.0,4,4,calle de la Fuente del Romero,Madrid,Madrid,Moncloa,es,Aravaca,40.4513216,-3.7627804,False,https://www.idealista.com/inmueble/108094140/,"GILMAR PRESENTA EN EXCLUSIVA el lujo y la elegancia de este impresionante chalet independiente ubicado en la prestigiosa zona de Aravaca, dentro del distrito de Moncloa-Aravaca. Con una extensión de 501 m² construidos sobre una generosa parcela de 996 m², esta residencia se distribuye en tres plantas, ofreciendo un espacio de vida sofisticado y confortable. El corazón del chalet es su magnífico salón comedor, que presume de un gran ventanal con vistas al precioso jardín, un oasis de tranquilidad que incluye una piscina espectacular. La planta baja también alberga una cocina independiente con acceso al porche, ideal para disfrutar de desayunos al aire libre, y un dormitorio de servicio con baño en suite, asegurando privacidad y comodidad para todos los residentes. En la primera planta, el dormitorio principal es un verdadero refugio, completo con vestidor y baño en suite, acompañado por dos dormitorios adicionales y un baño completo. El sótano de la propiedad añade valor con un cuarto de lavandería, una bodega amplia y un salón de juegos, perfecto para el entretenimiento. La ubicación es simplemente inmejorable, a tan solo 5 minutos en coche de Moncloa, con fácil acceso a colegios de renombre como el Colegio Bernadette y el Colegio Santa María de los Rosales. Para tus necesidades diarias, el Centro Comercial Zielo y el Corte Inglés de Pozuelo están a un paso, ofreciendo una variedad de tiendas y servicios de alta calidad. En cuanto al transporte, la estación de tren de Aravaca se encuentra muy cerca, facilitando el acceso al centro de Madrid y más allá. Además, las líneas de autobuses que pasan por esta área aseguran una excelente conectividad con el resto de la ciudad. Aravaca es un barrio que combina la tranquilidad de una zona residencial de alto standing con la cercanía a la vibrante vida urbana de Madrid. Con parques y espacios verdes, es el lugar perfecto para quienes buscan un equilibrio entre la naturaleza y la comodidad de la vida moderna. Desde 1983, GILMAR ha sido sinónimo de confianza y excelencia en el sector inmobiliario, ayudando a sus clientes a encontrar la casa de sus sueños. Si deseas más información sobre este exclusivo inmueble, por favor, contacta con nuestro equipo de Pozuelo-Aravaca. Nos encontrarás en la Avda. de Europa 14, o puedes llamarnos al o escribirnos a. No olvides mencionar la referencia 208736 para que podamos asistirte de la mejor manera posible.",True,renew,False,3892.0,True,True,False,False,[],False,False,1950000.0,€,True,True,chalet,independantHouse,"Aravaca, Madrid",Casa independiente en calle de la Fuente del Romero,Top,,,,,,
109177095,https://img4.idealista.com/blur/480_360_mq/0/id.pro.es.image.master/72/30/f7/1367363452.webp,dg213248,31,450000.0,flat,sale,48.0,1,1,Barrio Guindalera,Madrid,Madrid,Barrio de Salamanca,es,Guindalera,40.4375876,-3.6754075,False,https://www.idealista.com/inmueble/109177095/,"Magnífico Apartamento en Guindalera Gilmar Consulting Inmobiliario le presenta este exclusivo apartamento de 55 metros construidos ideal para vivir o bien para alquilar situado junto al Metro de Diego de León y al intercambiador de María de Molina. Este magnífico apartamento por su excelente ubicación es ideal tanto vivir como para cliente inversor por la alta demanda del mercado de alquiler de este tipo de vivienda y especialmente para estudiantes del IE (Instituto de Empresa) siendo estos clientes de un alto nivel adquisitivo que cuidan los inmuebles. Está distribuido en un dormitorio independiente, amplio baño, un cómodo salón comedor y cocina independiente. Todas las estancias tienen ventilación. Es una vivienda reformada con paredes lisas, todos los cerramientos son oscilobatientes, aire acondicionado, etc. Es interior pero con luz siendo un piso muy tranquilo. El edificio clásico muy bien cuidado y con todas las zonas comunes reformadas hace pocos años. La vivienda está muy bien ubicada en una de las calles más emblemáticas y muy bien comunicadas con múltiples opciones de transporte público y un rápido acceso a la M-30 y la A-2, estando a pocos minutos del Aeropuerto Internacional de Madrid Barajas. Además, ofrece una amplia oferta de ocio y servicios, comercios y tiendas de todo tipo, gran variedad de restaurantes y cafeterías. No dudes en contactarnos para obtener más información sobre esta oportunidad. Desde 1983, Gilmar Consulting Inmobiliario ha estado ayudando a sus clientes a encontrar la casa de sus sueños, brindando un servicio profesional y personalizado. Nuestro equipo está disponible para responder a todas tus preguntas y acompañarte en todo el proceso de compra. Nos encontramos en la calle López de Hoyos esquina Corazón de María. Puedes contactarnos a través del teléfono o por correo electrónico.",True,good,False,9375.0,True,True,False,False,[],False,False,450000.0,€,,,flat,,"Guindalera, Madrid",Piso,Top,3,False,True,,,
105995506,https://img4.idealista.com/blur/480_360_mq/0/id.pro.es.image.master/d4/d8/8f/1272387261.webp,CA201113,33,520000.0,flat,sale,151.0,3,2,calle San Juan de la Cruz,Madrid,Pozuelo de Alarcón,Zona Pueblo,es,Zona Pueblo,40.4278639,-3.8181256,False,https://www.idealista.com/inmueble/105995506/,"**NUDA PROPIEDAD** Este magnífico piso en Pozuelo de Alarcón es una oportunidad única para inversores que buscan una vivienda de NUDA PROPIEDAD en una de las mejores zonas de la Pozuelo de Alarcón. Con una ubicación privilegiada, a solo 2 minutos en coche del polideportivo Valle de las Cañas y a 5 minutos a pie de Pozuelo pueblo y todos sus servicios, este inmueble ofrece comodidad y conveniencia en cada aspecto. Con una superficie de 151 m2, este piso cuenta con 3 dormitorios amplios y luminosos, perfectos para adaptarse a las necesidades de cualquier familia. Además, dispone de 2 baños completos y una cocina independiente totalmente equipada, lo que garantiza el máximo confort y funcionalidad. Cuanta también con una amplia plaza de garaje que le permitirá estacionar un vehículo grande. Una de las características más destacadas de esta propiedad es su luminosidad. Gracias a su orientación este, disfrutarás de una abundante luz natural durante todo el día. Esto crea un ambiente acogedor y cálido en cada rincón de la vivienda. El piso se encuentra en una urbanización tranquila con solo 54 vecinos, lo que garantiza la privacidad y la tranquilidad que tanto buscas. Además, cuenta con excelentes servicios comunitarios, como jardín, piscina y pista de tenis. En cuanto a la ubicación, este piso se encuentra a solo 2 minutos a pie del centro de salud y de la comisaría de Policía Municipal, lo que proporciona una sensación de seguridad y tranquilidad. Además, está muy bien comunicado, con varias líneas de autobuses cercanas que te permitirán moverte fácilmente por la ciudad. En cuanto al entorno, Pozuelo de Alarcón es un barrio tranquilo y residencial que ofrece una excelente calidad de vida. Rodeado de zonas verdes y parques, es perfecto para aquellos que buscan un ambiente tranquilo y familiar. Además, cuenta con una amplia oferta de servicios y comodidades, como colegios, centros comerciales y restaurantes de calidad. En cuanto a la educación, este piso se encuentra a solo 3 minutos a pie del Colegio de Nuestra Señora de Schoenstatt, uno de los colegios más prestigiosos de la zona.  En cuanto a las opciones de ocio y compras, este piso se encuentra cerca de varios centros comerciales como Corte Inglés Pozuelo o Centro comercial Zielo, donde podrás encontrar una amplia variedad de tiendas, restaurantes y cines. Además, si te gusta el deporte, estarás a solo 2 minutos en coche del polideportivo Valle de las Cañas, donde podrás disfrutar de instalaciones deportivas de primera clase. En resumen, este piso en Pozuelo de Alarcón es una oportunidad única para inversores que buscan una propiedad de Nuda Propiedad en una de las mejores zonas de la ciudad. Con una ubicación privilegiada, excelentes servicios comunitarios y una gran variedad de servicios cercanos, este inmueble ofrece comodidad, seguridad y calidad de vida. GILMAR es una reconocida compañía inmobiliaria con más de 40 años de experiencia en el mercado. Desde 1983, hemos ayudado a miles de clientes a encontrar la casa de sus sueños. Nuestro equipo de profesionales altamente cualificados está comprometido en brindar un servicio personalizado y de calidad, adaptado a las necesidades de cada cliente. Si deseas obtener más información sobre este inmueble, no dudes en contactarnos. Estamos aquí para ayudarte en todo lo que necesites. Recuerda proporcionarnos la referencia del inmueble (201113) para facilitar el proceso de consulta. Puedes visitarnos en nuestra oficina en Avda. de Europa 14, o contactarnos por teléfono al o por correo electrónico a. ¡Esperamos poder ayudarte a encontrar la casa de tus sueños!",True,good,False,3444.0,True,True,False,False,[],False,False,520000.0,€,True,True,flat,,"Zona Pueblo, Pozuelo de Alarcón",Piso en calle San Juan de la Cruz,Top,1,True,True,,,
106855888,https://img4.idealista.com/blur/480_360_mq/0/id.pro.es.image.master/c0/8e/2f/1296145076.webp,CA202787,65,3100000.0,chalet,sale,807.0,6,7,calle Barrial,Madrid,Madrid,Moncloa,es,Aravaca,40.4623536,-3.7932296,False,https://www.idealista.com/inmueble/106855888/,"GILMAR TE PRESENTA EN EXCLUSIVA este maravilloso chalet de lujo en Aravaca: diseño, confort y máxima calidad de construcción Te presentamos esta espectacular propiedad independiente de 807 m², ubicada en una parcela de 1.122 m² en una de las zonas más exclusivas de Madrid. Con su construcción sólida, acabados de alta gama y una ubicación inmejorable, este chalet ofrece un estilo de vida excepcional. Una construcción excepcional Este chalet destaca por la calidad de sus materiales y técnicas constructivas. Los muros exteriores están fabricados con bloques YTONG rellenos de hormigón armado de 60x25x30, lo que proporciona un aislamiento térmico sin igual: un auténtico búnker de hormigón, capaz de mantener la temperatura perfecta en cualquier estación del año. La propiedad dispone de un sistema de climatización eficiente y versátil: Caldera de gas y electricidad con acumulador de 300 litros. Grupo hidráulico con bomba de calor para suelo radiante frío-calor, con una capacidad calorífica de 33.060 W y frigorífica de 24.800 W. Distribución perfecta Repartido en tres plantas conectadas por ascensor, este chalet ofrece comodidad y espacios amplios para cada necesidad: Sótano: Incluye un cuarto de juegos con bodega, un salón con salida al jardín, aseo, cuarto técnico, dormitorio y baño de servicio, además de una zona independiente para limpieza. Planta baja: Amplio recibidor que distribuye la planta en salón-comedor con acceso al jardín, cocina moderna con comedor independiente, dos despachos y un aseo. Primera planta: Suite principal con terraza privada, dos dormitorios con baño y vestidor, un salón acogedor con chimenea y un dormitorio adicional. Detalles únicos Cada rincón de esta propiedad está diseñado con cuidado: Ventanas de climalit y carpintería interior de madera. Suelo radiante y sistema de alarma para confort y seguridad. Jardín privado con piscina de agua salada, ideal para disfrutar de momentos de relax en un entorno de ensueño. Ubicación inmejorable Situado en la mejor zona de Aravaca, este chalet ofrece lo mejor de dos mundos: un barrio tranquilo y elegante, con excelentes conexiones y servicios: Acceso inmediato a la A6 y a tan solo 2 minutos del Corte Inglés de Pozuelo. Proximidad a colegios de prestigio, como el Colegio Internacional Aravaca y San Luis Gonzaga. Restaurantes, tiendas exclusivas y amplias zonas verdes a un paso. Confía en GILMAR, especialistas en viviendas de lujo Desde 1983, GILMAR ha ayudado a cientos de clientes a encontrar su hogar perfecto. Para más información sobre este chalet único, contacta con nuestra oficina de Pozuelo-Aravaca en la Avda. de Europa 14.   No dejes pasar esta oportunidad de vivir en una vivienda que lo tiene todo: lujo, confort y una calidad constructiva inmejorable.",True,good,False,3841.0,True,True,False,False,[],False,False,3100000.0,€,True,True,chalet,independantHouse,"Aravaca, Madrid",Casa independiente en calle Barrial,Top,,,,,,
107570049,https://img4.idealista.com/blur/480_360_mq/0/id.pro.es.image.master/fa/04/a7/1317343390.webp,SA207314,33,480000.0,flat,sale,108.0,3,2,calle Felipe de la Guerra,Madrid,Pozuelo de Alarcón,Zona Estación,es,Zona Estación,40.4531338,-3.7976903,False,https://www.idealista.com/inmueble/107570049/,"En el exclusivo barrio de Pozuelo de Alarcón, en Madrid, se encuentra este magnífico bajo de 108 metros en catastro. Situado en el corazón de la localidad, esta propiedad es un verdadero lujo para aquellos que buscan una planta baja con una pequeña parcela y pocos vecinos. La finca registral es independiente, lo que garantiza privacidad y exclusividad. La distribución de la vivienda es muy funcional y cómoda. Cuenta con tres dormitorios y dos baños, perfecto para una familia. Además, dispone de dos salas de estar de paso, un salón independiente y una cocina independiente, ideal para los amantes de la gastronomía.  El barrio de Pozuelo de Alarcón es conocido por ser un municipio muy vinculado a la ciudad de Madrid. Está situado al oeste de la capital española y se encuentra separado de ella por la Casa de Campo. Para acceder a este municipio, se puede utilizar la A-6, la M-503 y la M-40. Además, cuenta con una estación de Cercanías Madrid y se puede llegar a través de la línea de Tranvía Metro Ligero 2. También hay varias líneas de autobuses que conectan Pozuelo de Alarcón con otras zonas de Madrid. En cuanto a la oferta educativa, en este barrio se encuentran varios colegios de educación infantil, primaria y secundaria, así como tres campus universitarios: la Universidad Complutense, la Universidad Francisco de Vitoria y la universidad privada ESIC Business & Marketing School.  En cuanto a las comodidades, Pozuelo de Alarcón cuenta con polideportivos y zonas ajardinadas donde los residentes pueden disfrutar de actividades al aire libre. Además, en las proximidades se encuentra un centro comercial donde se pueden encontrar tiendas, restaurantes y cines. No podemos dejar de mencionar la prestigiosa compañía inmobiliaria GILMAR, que desde 1983 ha estado ayudando a sus clientes a encontrar la casa de sus sueños. Con un equipo de profesionales altamente cualificados, GILMAR se ha convertido en una referencia en el sector inmobiliario. Si estás interesado en obtener más información sobre este inmueble, no dudes en contactar con el equipo de GILMAR en la oficina de Pozuelo de Alarcón, ubicada en la Avenida de Europa 14. Puedes llamar al o enviar un correo electrónico a. Recuerda mencionar la referencia del inmueble para que puedan brindarte toda la información que necesitas.",True,renew,False,4444.0,True,True,False,False,[],False,False,480000.0,€,,,flat,,"Zona Estación, Pozuelo de Alarcón",Piso en calle Felipe de la Guerra,Top,bj,True,False,,,
107813757,https://img4.idealista.com/blur/480_360_mq/0/id.pro.es.image.master/a5/1d/08/1326927235.webp,FR208269,40,1170000.0,chalet,sale,285.0,5,5,camino del Barrial,Madrid,Madrid,Moncloa,es,Aravaca,40.4612742,-3.7885833,False,https://www.idealista.com/inmueble/107813757/,"Descubre una excelente oportunidad en Aravaca, uno de los barrios más exclusivos y demandados de Madrid. Este chalet adosado de 252 m², situado en una urbanización cerrada de 22 vecinos, se distribuye en cuatro plantas, ofreciendo un amplio espacio y múltiples posibilidades de distribución y reforma para adaptarlo a tus gustos y necesidades. El inmueble cuenta con cuatro dormitorios principales más uno de servicio y tres cuartos baño principales más uno de servicio y un aseo de cortesía, lo que lo hace ideal para familias numerosas o para aquellos que buscan un hogar con espacios amplios y confortables. La planta sótano incluye una habitación de servicio con baño, despacho, garaje y trastero bajo escalera. En la planta baja, encontrarás un hall, salón con chimenea, patio acristalado, comedor, aseo de cortesía, cocina y una terraza-tendedero. La primera planta dispone de una suite principal, dos habitaciones adicionales y un baño completo. En la segunda planta cuenta con el cuarto dormitorio en suite y una generosa terraza de 45m2 que proporciona un espacio exterior con la máxima intimidad. Ubicado junto al pueblo de Aravaca, este chalet se encuentra en una urbanización cerrada con piscina que garantiza privacidad y seguridad. Aravaca es una zona privilegiada por su entorno residencial y su excelente comunicación con el centro de Madrid. A menos de 10 kilómetros, se encuentra el prestigioso colegio Santa María de los Rosales, que ofrece una educación de calidad. Para tus compras y ocio, el Centro Comercial Zielo Shopping Pozuelo está muy cerca, proporcionando una amplia variedad de tiendas, restaurantes y servicios. En cuanto al transporte público, las líneas de metro más cercanas son la línea 10 y la línea 2, que conectan rápidamente con el corazón de la ciudad. Además, las líneas de cercanías C7 y C10 facilitan el acceso a diferentes puntos de Madrid y sus alrededores. Las líneas de autobús 160 y 161 también están disponibles, ofreciendo una excelente alternativa de movilidad. Este chalet adosado presenta una oportunidad única para reformarlo y conseguir una alta rentabilidad, gracias a su ubicación y características. No dejes pasar la ocasión de convertir este inmueble en la casa de tus sueños. GILMAR lleva desde 1983 ayudando a sus clientes a encontrar la casa perfecta. Con una amplia experiencia en el sector inmobiliario, nuestro equipo de expertos está a tu disposición para ofrecerte el mejor servicio y asesoramiento. Para más información sobre este inmueble, facilitarnos la referencia 208269. Puedes contactar con nuestro equipo de Pozuelo-Aravaca en la Avda. de Europa 14, llamando al teléfono o enviando un correo electrónico a. Estamos aquí para ayudarte a hacer realidad tus sueños inmobiliarios.",True,renew,False,4105.0,True,True,False,False,[],False,False,1170000.0,€,True,True,chalet,terracedHouse,"Aravaca, Madrid",Chalet adosado en camino del Barrial,Top,,,,,,
108095451,https://img4.idealista.com/blur/480_360_mq/0/id.pro.es.image.master/c5/82/dd/1335200032.webp,FR208622,38,690000.0,flat,sale,192.0,2,2,calle Murillo,Madrid,Pozuelo de Alarcón,Zona Prado de Somosaguas - La Finca,es,Prado de Somosaguas,40.4023039,-3.7872344,False,https://www.idealista.com/inmueble/108095451/,"Ubicado en Pozuelo de Alarcón, este impresionante bajo con jardín se encuentra en una urbanización residencial cerrada que garantiza la seguridad 24 horas, proporcionando un entorno tranquilo y seguro para sus residentes. Esta vivienda, con una superficie construida de 105 m² más 68m2 de jardines exteriores privados, es un oasis de luminosidad y confort. Con dos dormitorios y dos baños, ofrece espacio suficiente para una familia que busca comodidad y estilo. El salón es independiente, lo que permite disfrutar de una zona de estar acogedora y privada y con salida a un jardín. El inmueble cuenta con dos jardines, ideales para disfrutar de momentos al aire libre, el escenario perfecto para reuniones y celebraciones. Además, dispone de piscina comunitaria, pistas de pádel, etc, garaje para dos coches y un trastero, completando así una oferta difícil de igualar en la zona. Pozuelo de Alarcón es sinónimo de calidad de vida. Este barrio destaca por su ambiente residencial, rodeado de naturaleza y con amplias avenidas que invitan a disfrutar de paseos tranquilos. La proximidad al centro de Madrid, junto con una excelente red de transportes, lo convierten en una ubicación muy codiciada. Las líneas de autobuses cercanas facilitan el acceso a los principales puntos de la ciudad, las líneas de Metro 5 y 10 y la línea de metro ligero ML2 conectan rápidamente con otras zonas de interés. Las estaciones de cercanías más próximas son Pozuelo y Aravaca, conexión con las líneas de Cercanías C-7 y C-10, que ofrece una conexión directa con el corazón de Madrid. En cuanto a servicios educativos, en un entorno cercano dispone de centros educativos de calidad, tanto públicos como privados British Council, Retamar, Monte Tabor, Veritas, etc. Para las compras y el ocio, el Centro Comercial Zoco de Pozuelo, Kinépolis, La FINCA GRANDCAFÉ, Zielo Shopping Pozuelo, etc, proporcionando una amplia oferta de tiendas, restaurantes y actividades de entretenimiento. Desde 1983, GILMAR se ha dedicado a ayudar a sus clientes a encontrar la casa de sus sueños, ofreciendo un servicio personalizado y de alta calidad. Con una amplia experiencia en el sector inmobiliario, GILMAR es sinónimo de confianza y profesionalidad. Para más información sobre esta propiedad con referencia 208622, no dudes en contactar con nuestro equipo de Pozuelo-Aravaca en la Avda. de Europa 14. Puedes llamarnos al o escribirnos a. Estamos aquí para ayudarte a encontrar tu nuevo hogar.",True,good,False,3594.0,True,True,False,False,[],False,False,690000.0,€,True,True,flat,,"Prado de Somosaguas, Pozuelo de Alarcón",Piso en calle Murillo,Top,bj,True,True,,,
108008597,https://img4.idealista.com/blur/480_360_mq/0/id.pro.es.image.master/05/27/21/1339267256.webp,MAV02793,43,1200000.0,penthouse,sale,220.0,3,3,Barrio Virgen del Cortijo - Manoteras,Madrid,Madrid,Hortaleza,es,Virgen del Cortijo - Manoteras,40.485068,-3.668286,False,https://www.idealista.com/inmueble/108008597/,"De SALAS LUXURY HOMES Ref. MAV02793, les presenta este exclusivo ático tríplex con piscina privada en Isla de Chamartín. MUCHAS DE NUESTRAS PROPIEDADES NO APARECEN EN IDEALISTA. CONSULTE EN NUESTRA PÁGINA WEB DE “De Salas”, PARA VER MÁS VIVIENDAS EN EXCLUSIVA. Con una superficie de 218 m² catastrales, cuenta con un diseño único y funcional, disfrutando de una terraza de 50m² con piscina privada e impresionantes vistas panorámicas. Goza de una gran privacidad, siendo la luz su principal protagonista. Distribuida en 3 plantas, permite disfrutar de amplios espacios perfectamente diferenciados. Accedemos a la planta principal, a través de un hall de entrada con armario gabanero, que da paso a un amplio salón, abierto al exterior a través de grandes ventanales, que aportan una gran luminosidad. La cocina, de diseño moderno y funcional, se encuentra totalmente amueblada y equipada con electrodomésticos de alta gama. Dispone de un práctico cuarto de lavandería independiente. Una coqueta terraza con doble acceso directo desde la cocina y desde el salón, convierte este espacio en uno de los rincones preferidos de la vivienda. Un aseo de cortesía da servicio a la planta. En planta baja se ubica la zona de descanso. Un amplio hall con espacio para utilizarlo como despacho, nos da acceso a dos amplios dormitorios con armarios empotrados y que comparten un baño completo con ventana exterior. El dormitorio principal de destacadas dimensiones, dispone de baño en suite, con plato de ducha y bañera de hidromasaje, y cuenta con armarios de gran capacidad de almacenaje. En la planta superior encontramos una espectacular terraza solarium, con piscina privada, donde relajarse y disfrutar de grandes celebraciones con familiares y amigos, en un entorno privilegiado e inmejorable. Construido con las mejores calidades, la vivienda cuenta con sistema de calefacción mediante suelo radiante, aire acondicionado por conductos, sectorizado por plantas, persianas motorizadas, sistema de domótica, etc. La vivienda cuenta con 2 amplias plazas de garaje con acceso directo y un trastero, aportando ese espacio extra tan práctico y necesario. Ubicada en una de las urbanizaciones más exclusivas y representativas de Isla de Chamartín, cuenta con servicio de conserjería y vigilancia 24 horas, piscina comunitaria, sauna, un atractivo gimnasio abierto al exterior con toda la maquinaría propia de un club privado y área infantil. Isla de Chamartín debido a su ubicación se ha convertido en una zona privilegiada, cerca del área financiera y empresarial de la capital, próximo al aeropuerto de Barajas y al recito ferial IFEMA. Perfectamente comunicado, con rápido acceso desde M-30, M-40 y A-1, dispone de buena conexión mediante transporte público, con la estación de cercanías y metro ligero de Fuente de la Mora, y numerosas líneas de autobús.",True,good,False,5455.0,True,True,False,True,[],False,False,1200000.0,€,True,True,flat,penthouse,"Virgen del Cortijo - Manoteras, Madrid",Ático,Top,3,True,True,,,
107819178,https://img4.idealista.com/blur/480_360_mq/0/id.pro.es.image.master/67/bc/2e/1325110850.webp,MAV02789,27,899000.0,flat,sale,143.0,3,2,Barrio Castilla,Madrid,Madrid,Chamartín,es,Castilla,40.4805079,-3.6745707,False,https://www.idealista.com/inmueble/107819178/,"DE SALAS LUXURY HOMES, Ref. MAV02789, presenta este maravilloso piso con terraza en el barrio de Castilla, cuenta con una superficie construida de 143m² catastrales distribuidos en 3 amplios dormitorios y 2 baños completos.  MUCHAS DE NUESTRAS PROPIEDADES NO APARECEN EN IDEALISTA. CONSULTE EN NUESTRA PÁGINA WEB DE “De Salas”, PARA VER MÁS VIVIENDAS EN EXCLUSIVA. La vivienda se encuentra ubicada en urbanización con piscina, área infantil y amplias zonas verdes, con servicio de conserjería y seguridad 24 horas. Disponibles opcionalmente varias plazas de garaje, muy próximas al ascensor. Se accede a la vivienda a través de un amplio hall distribuidor con armario gabanero, que nos da acceso a un fantástico salón independiente de 20m² con orientación Este, disfrutando de una iluminación excepcional. Salida directa a una terraza de 10m² con posibilidad de integración en el salón. La cocina completamente equipada y con gran capacidad de almacenaje, práctica y funcional, disfruta de una zona office y de una terraza tendedero. Con una dimensión de 16m², tiene una perfecta disposición que permite la integración con el salón, otorgando la posibilidad de convertirlo en un gran espacio de concepto abierto. Un pasillo distribuidor con amplio armario, da acceso a la zona de noche. 3 amplias habitaciones exteriores con armarios empotrados y 2 baños completos, hacen de esta vivienda una oportunidad perfecta para albergar familias. A destacar la habitación principal con armario de grandes dimensiones, perfecto para los amantes de la moda, con baño en suite y salida a una segunda terraza privada, para disfrutar de esos momentos de intimidad. La vivienda se encuentra en un estado de conservación excepcional, con suelos de parquet de madera natural, puertas de madera maciza, sistema de calefacción individual, mediante caldera de gas natural. Urbanización cerrada, con portero físico 24 horas, zonas ajardinadas, área infantil y piscina de verano. hacen de esta comunidad un lugar seguro para el disfrute de los niños. El barrio de Castilla, ubicado en la zona norte de Madrid.",True,good,False,6287.0,True,True,False,True,[],False,False,899000.0,€,,,flat,,"Castilla, Madrid",Piso,Top,5,True,True,,,
108117577,https://img4.idealista.com/blur/480_360_mq/0/id.pro.es.image.master/13/a4/7b/1334363572.webp,mnt,37,979900.0,chalet,sale,271.0,5,5,"calle Mar Mediterráneo, 130",Madrid,Majadahonda,Zona Monte el Pilar,es,,40.4673843,-3.8613888,True,https://www.idealista.com/inmueble/108117577/,"HOGARES MAJADAHONDA GOLF vende en exclusiva espectacular CHALET PAREADO CON PISCINA PRIVADA y con las mejores calidades en la zona del monte del Pilar. En la planta principal encontramos; Un recibidor con armario gabanero, aseo de cortesía y una gran cocina donde encontramos, gran espacio de office y una amplia despensa, con las mejores calidades en materiales, electrométricos, etc. Seguidamente encontramos un gran salón que da paso a dos ambientes muy bien distinguidos, zona de comedor y la zona de estar muy acogedora, desde el mismo tenemos acceso al porche y al jardín privado con piscina. En el jardín encontramos zona de estar con acceso a una zona con césped y piscina. La primera planta se compone de; Dormitorio principal muy amplio y luminoso con vestidor incorporado, un cuarto de baño en suite con plato de ducha. Dos dormitorios secundarios amplios y con armarios empotrados vestidos. Un cuarto de baño independiente para dar servicio a estos. Planta segunda:  Buhardilla totalmente equipada con dormitorio, cocina y cuarto de baño completo. En la planta sótano; Encontramos amplia plaza de garaje con puerta automatica, un dormitorio con cuarto de baño completo, salon y zona de lavado. NO DUDE EN PREGUNTARNOS Y VISITARLA VIVIENDA. HIPOTECA 100% NO DUDES EN VENIR A VISITARLO.",True,good,False,3616.0,True,True,False,True,[],False,False,979900.0,€,True,True,chalet,semidetachedHouse,"Zona Monte el Pilar, Majadahonda","Chalet pareado en calle Mar Mediterráneo, 130",Top,,,,,,
108655543,https://img4.idealista.com/blur/480_360_mq/0/id.pro.es.image.master/36/09/fb/1357018215.webp,2926,46,899000.0,flat,sale,177.0,4,2,calle Murillo,Madrid,Pozuelo de Alarcón,Zona Prado de Somosaguas - La Finca,es,Prado de Somosaguas,40.4013383,-3.7864433,False,https://www.idealista.com/inmueble/108655543/,"InmoElite presenta en exclusiva este PRECIOSO PISO en la codiciada zona de Somosaguas. Este atractivo piso  se encuentra en la exclusiva zona de Somosaguas, en Pozuelo de Alarcón, en una urbanización cerrada con seguridad 24h. La combinación de espacio y funcionalidad se traduce en un hogar ideal para familias o profesionales que buscan calidad de vida en una de las áreas más privilegiadas de la Comunidad de Madrid. Al entrar, nos encontramos con un espacioso hall que da acceso a un amplio salón que se ilumina con luz natural gracias a sus grandes ventanales. Desde aquí, accedes a una bonita terraza con vistas despejadas convirtiéndose en el lugar perfecto para relajarte o compartir con amigos y familiares.  La cocina con office, está totalmente amueblada y equipada con electrodomésticos, con un estilo contemporáneo que combina funcionalidad y estética. Además cuenta con un amplio tendedero acristalado, ideal para zona de lavandería.  La propiedad cuenta con cuatro habitaciones, entre las que destaca un dormitorio suite con una terraza de 6m², y cuarto de baño con bañera. Además, dispone de tres amplias habitaciones y un cuarto de baño que da servicio a estas estancias. Cada habitación está equipada con armarios empotrados, optimizando el almacenamiento y manteniendo el orden. La propiedad dispone de dos plazas de garaje, lo que asegura comodidad y acceso directo a tu hogar. Encontrarás un trastero que ofrece espacio adicional para almacenamiento, una ventaja valiosa en cualquier residencia. Situada en una urbanización privada con seguridad 24h, esta urbanización cuenta con piscina, pista de tenis, zona infantil y amplias zonas verdes. Situado a escasos metros del Hospital Quirón y zonas de servicios educativos y comerciales, esta zona se beneficia de un entorno tranquilo y rodeado de naturaleza, al mismo tiempo que está bien conectado con el centro de Madrid.  No dejes pasar la oportunidad de visitarlo y descubrir todo lo que este espacio tiene para ofrecerte. Contacta con InmoElite Propiedades para más información o para concertar una visita. Tu nuevo hogar te espera en Pozuelo de Alarcón.",True,good,False,5079.0,True,True,False,True,[],False,False,899000.0,€,True,True,flat,,"Prado de Somosaguas, Pozuelo de Alarcón",Piso en calle Murillo,Top,,True,True,920000.0,21000.0,2.0
108294820,https://img4.idealista.com/blur/480_360_mq/0/id.pro.es.image.master/42/0d/91/1339828544.webp,,27,639900.0,penthouse,sale,155.0,4,3,"calle Viña, 93",Madrid,Majadahonda,Casco Antiguo,es,,40.4696706,-3.8761471,True,https://www.idealista.com/inmueble/108294820/,"HOGARES VENDE en Exclusiva dúplex de CUATRO dormitorios en una de las zonas más privilegiadas de Majadahonda con piscina, gimnasio, club social, parque infantil, pista de pádel y zonas ajardinadas. La vivienda se distribuye de la siguiente manera; Hall de bienvenida, salón muy amplio y luminoso en el que está muy bien diferenciado los dos ambientes, la zona de estar con la zona de comedor. La cocina muy amplia totalmente equipada, muy luminosa y zona de lavadero. Dormitorio principal amplio con armario empotrado y totalmente equipado, cuarto de baño en suite con plato de ducha. tres dormitorios secundarios con armarios empotrado y con capacidad suficiente para tener una cama y zona de escritorio  Cuarto de baño con bañera para dar servicio a los tres dormitorios secundarios.  Además de un aseo de cortesía  Plaza de garaje y trastero incluidos en el precio. Posibilidad de Hipoteca hasta el 100% ¡No dudes en venir a visitarlo!",True,good,False,4128.0,True,True,False,True,[],False,False,639900.0,€,True,True,flat,penthouse,"Casco Antiguo, Majadahonda","Ático en calle Viña, 93",Top,4,False,True,,,
108055235,https://img4.idealista.com/blur/480_360_mq/0/id.pro.es.image.master/80/a2/7d/1332487865.webp,monte pilar 3 ,30,719900.0,flat,sale,144.0,3,2,"calle Las Norias, 159",Madrid,Majadahonda,Zona Monte el Pilar,es,,40.4726572,-3.8494645,True,https://www.idealista.com/inmueble/108055235/,"HOGARES MAJADAHONDA VENDE EN EXCLUSIVA PISO DE TRES DORMITORIOS EN URBANIZACIÓN CON PISCINA, PISTA DE PADEL, ZONAS INFANTILES EN UNA DE LAS MEJORES ZONAS RESIDENCIALES DE MAJADAHONDA, CON VISTAS HACIA EL MONTE DE EL PILAR. La vivienda con amplio hall y armario gabanero da paso al salón comedor, a la cocina y a la zona de descanso. Cuenta con una magnífica cocina totalmente equipada con tendedero, destinado a la lavandería, después el salón con dos zonas muy bien diferenciadas con acceso a una increíble terraza con unas vistas inmejorables. La zona de descanso se distribuye de la siguiente manera; Tres dormitorios equipados con sus armarios correspondientes, siendo estos empotrados, uno de ellos el principal con gran capacidad y cuarto de baño en suite con bañera. Por último un cuarto de baño para dar servicio a el resto de los dormitorios con plato de ducha. La vivienda se encuentra en una urbanización con vigilancia 12 horas. La vivienda dispone de plaza de garaje, trastero, aire acondicionado por conductos, gran calidad en aislamientos y materiales. ¡ No dude en venir a visitarlo! ¡ POSIBILIDAD DE HIPOTECA AL 100%!",True,good,False,4999.0,True,True,False,True,[],False,False,719900.0,€,True,True,flat,,"Zona Monte el Pilar, Majadahonda","Piso en calle Las Norias, 159",Top,2,True,True,739900.0,20000.0,3.0
106987961,https://img4.idealista.com/blur/480_360_mq/0/id.pro.es.image.master/70/fe/c0/1299649491.webp,,29,649900.0,flat,sale,135.0,3,2,"calle Velázquez, 134",Madrid,Majadahonda,Golf - El Carralero,es,,40.4506068,-3.8670192,True,https://www.idealista.com/inmueble/106987961/,"HOGARES VENDE en Exclusiva piso de tres dormitorios en una de las zonas más privilegiadas de Majadahonda, con todos los servicios, piscina, pistas de pádel, cancha de futbol, zona infantil, seguridad 24h y rodeado de amplias zonas verdes. La vivienda se distribuye de la siguiente manera; Hall de bienvenida con armario gabanero con gran capacidad de almacenaje, dando paso a el salón comedor el cual destaca por su luminosidad en el que está muy bien diferenciado los dos ambientes, la zona de estar con la zona de comedor y cuenta con salida a una magnífica terraza. La cocina con zona de office, totalmente equipada y muy luminosa. En la zona de descanso, nos encontramos el dormitorio principal muy luminoso y que cuenta con mucho espacio, además dispone de baño em suite, con armario empotrado a medida y totalmente equipado. Los dormitorios secundarios con buen tamaño, están equipados también con armarios empotrados a medida y con capacidad suficiente para poner una cama y zona de escritorio. La vivienda cuenta con otro cuarto de baño completo adicional, el cual da soporte al resto de las estancias. Por último la vivienda dispone de una plaza de garaje y de un trastero. Muy bien ubicado, en una de las mejores zonas de Majadahonda, y a 5 minutos del Hospital Puerta de Hierro de Majadahonda, a escasos metros del Centro Comercial Centro Oeste, del Equinoccio (con restaurantes, cines y tiendas) tampoco nos podemos olvidar de todos los servicios necesarios al alcance de la mano, supermercados, farmacias, bancos, colegios, servicio de transporte. Posibilidad de Hipoteca hasta el 100%, no dudes en venir a visitarlo!",True,good,False,4814.0,True,True,False,True,[],False,False,649900.0,€,True,True,flat,,"Golf - El Carralero, Majadahonda","Piso en calle Velázquez, 134",Top,2,True,True,,,
106877532,https://img4.idealista.com/blur/480_360_mq/0/id.pro.es.image.master/14/9d/b7/1296498976.webp,M20753V,56,899000.0,flat,sale,75.0,2,2,calle del Monte Esquinza,Madrid,Madrid,Chamberí,es,Almagro,40.4282837,-3.693533,False,https://www.idealista.com/inmueble/106877532/,"En una de las zonas más exclusivas y demandadas de Madrid, esta vivienda de 75 metros cuadrados construidos combina el encanto clásico de una finca representativa con las comodidades contemporáneas. Situada en el distinguido barrio de Almagro, a escasos minutos a pie de la Castellana y la Plaza de Colón, esta propiedad destaca por su tranquilidad y privacidad, gracias a un diseño meticuloso que garantiza discreción y confort en cada rincón. Al acceder a la propiedad, nos recibe una distribución práctica y luminosa. La primera habitación cuenta con ventana y baño en suite de diseño con plato de ducha. A lo largo del pasillo iluminado naturalmente, encontramos un armario con gran capacidad de almacenaje, un aseo de cortesía y la habitación principal, que dispone de baño integrado, armarios empotrados y dos amplias ventanas. El salón, con tres ventanas y chimenea de vapor, conecta a una cocina panelada completamente equipada, creando un espacio moderno y acogedor. La climatización por conductos asegura un confort térmico durante todo el año. Ubicada en el corazón de Chamberí, esta propiedad ofrece una conexión inigualable con el centro de la ciudad, rodeada de servicios premium, comercios y una oferta cultural vibrante. Su ubicación estratégica y su entorno tranquilo hacen de esta vivienda una elección privilegiada para quienes valoran la calidad de vida. En Walter Haus, estamos encantados de ofrecerle esta oportunidad única para disfrutar de un estilo de vida sofisticado y funcional. Contáctenos para más información y descubra su próximo hogar en Almagro. Walter Haus Real Estate es un grupo inmobiliario con sede en las principales capitales de España, en las principales ubicaciones de Madrid, Barcelona y Costa Brava. Contamos con una experiencia de más de 20 años, con un dinámico equipo de profesionales con experiencia en el asesoramiento personal en constante formación y con una especialización muy concreta en cada zona de actuación lo que nos permite encontrar soluciones a las necesidades de cada cliente.",True,good,False,11987.0,True,True,False,False,[],False,False,899000.0,€,,,flat,,"Almagro, Madrid",Piso en calle del Monte Esquinza,Top,4,False,True,,,
108142164,https://img4.idealista.com/blur/480_360_mq/0/id.pro.es.image.master/77/55/a9/1335532895.webp,CH209273,45,7250000.0,flat,sale,485.0,5,5,paseo de Eduardo Dato,Madrid,Madrid,Chamberí,es,Almagro,40.4336364,-3.695097,False,https://www.idealista.com/inmueble/108142164/,"Esta impresionante vivienda, ubicado en la octava planta de un edificio emblemático diseñado por el renombrado arquitecto Gutiérrez Soto, ofrece 485 m² de puro lujo y confort. Con una espectacular terraza de 40 metros orientada al sureste, disfrutarás de vistas únicas y una luminosidad inigualable gracias a sus 11 ventanales exteriores y techos de más de tres metros de altura. El interior de la vivienda es un verdadero refugio de elegancia y sofisticación. Comienza tu recorrido en el gran hall de distribución que te lleva a dos salones con chimeneas y una biblioteca, ambos con acceso directo a la terraza. El comedor independiente, diseñado por Jacob Jensen, es perfecto para ocasiones especiales. La habitación principal, con 50 metros, incluye un vestidor y un baño reformado, mientras que las tres habitaciones en suite ofrecen comodidad y privacidad. La cocina-office está equipada con despensa y un comedor de diario, ideal para el día a día. Además, cuenta con una habitación de servicio, zona de plancha y lavandería. El edificio dispone de tres ascensores, calefacción central y aire acondicionado independiente para tu máximo confort. Dos amplias plazas de garaje y un trastero están incluidos en el precio, así como una zona de descanso para choferes. Ubicado en una de las mejores calles de Madrid, según The New York Times, este ático está rodeado de edificios singulares, embajadas y galerías de arte. Con completas infraestructuras de transporte y cercanía al barrio de Salamanca, este es el hogar perfecto para quienes buscan lo mejor en la capital. ¡No pierdas la oportunidad de vivir en uno de los barrios más elegantes de Madrid!",True,good,False,14948.0,True,True,False,False,[],False,False,7250000.0,€,True,True,flat,,"Almagro, Madrid",Piso en paseo de Eduardo Dato,Top,8,True,True,,,
107684577,https://img4.idealista.com/blur/480_360_mq/0/id.pro.es.image.master/32/17/18/1326896321.webp,CP206965,40,2450000.0,flat,sale,166.0,2,2,calle de San Gregorio,Madrid,Madrid,Centro,es,Chueca-Justicia,40.4245488,-3.6984559,False,https://www.idealista.com/inmueble/107684577/,"Te presentamos una espectacular vivienda en el emblemático barrio de Justicia, en el corazón de Madrid. Este exclusivo piso cuenta con 2 dormitorios, 2 baños y una cocina totalmente equipada, destacando por su luminosidad y elegancia. Con una orientación sureste y un salón independiente, esta propiedad ofrece tres balcones que dan directamente a la calle, proporcionando vistas despejadas sobre el majestuoso Convento de las Mercedarias Descalzas. Ubicado en una finca señorial construida en 1900, este piso se encuentra en un estado de conservación impecable. La calefacción es eléctrica y dispone de aire acondicionado, garantizando así el máximo confort durante todo el año. Además, el edificio cuenta con ascensor y portero automático, lo que añade un toque de comodidad y seguridad. El barrio de Justicia es uno de los más sofisticados y vibrantes de Madrid. Conocido por su ambiente cosmopolita, alberga una gran variedad de tiendas de moda, restaurantes de alta cocina y bares de diseño. A solo unos pasos, podrás disfrutar de la exclusividad del Mercado de San Miguel y la oferta cultural del Teatro Lara. Además, la zona está perfectamente comunicada con el resto de la ciudad gracias a varias líneas de transporte público. En cuanto a la educación, el prestigioso Colegio San Mateo se encuentra a menos de 10 kilómetros, ofreciendo una formación de calidad para los más pequeños de la familia. Para tus compras y entretenimiento, el Centro Comercial ABC Serrano está a tan solo unos minutos en coche, brindando una amplia gama de tiendas, restaurantes y servicios. La ubicación de este inmueble es privilegiada. Las estaciones de metro más cercanas son Tribunal (líneas 1 y 10) y Chueca (línea 5), facilitando el acceso rápido a cualquier punto de Madrid. Además, las líneas de cercanías están a tu disposición en la estación de Recoletos. Si prefieres el autobús, las líneas 3, 37 y M2 pasan por la zona, garantizando una excelente conectividad. Desde 1983, GILMAR se ha dedicado a ayudar a sus clientes a encontrar la casa de sus sueños. Con más de tres décadas de experiencia, nuestra compañía se ha consolidado como líder en el sector inmobiliario, ofreciendo un servicio personalizado y de alta calidad.  Para más información sobre este inmueble, por favor, facilita la referencia 206965 a nuestro equipo de la oficina ubicada en la Plaza de Herradores, 4. Puedes contactarnos al teléfono o enviarnos un correo electrónico a. ¡Estamos aquí para ayudarte a encontrar tu hogar perfecto!",True,good,False,14759.0,True,True,False,False,[],False,False,2450000.0,€,True,True,flat,,"Chueca-Justicia, Madrid",Piso en calle de San Gregorio,Top,2,True,True,,,
108723431,https://img4.idealista.com/blur/480_360_mq/0/id.pro.es.image.master/a5/56/30/1355024771.webp,SA211992,33,1100000.0,flat,sale,164.0,3,2,calle de Inglaterra,Madrid,Pozuelo de Alarcón,Zona Avenida Europa,es,Zona Avenida Europa,40.442093,-3.7883728,False,https://www.idealista.com/inmueble/108723431/,"Descubre este magnífico piso situado en Pozuelo de Alarcón, una de las zonas residenciales más exclusivas y deseadas de Madrid. Con una superficie construida de 164 m², esta vivienda ofrece una distribución impecable que incluye 3 amplios dormitorios (de origen 4), 2 baños completos, un salón independiente y una cocina funcional. La joya de la propiedad es su espectacular terraza de 50 m², orientada al sur, que garantiza una luminosidad excepcional durante todo el día. Además, cuenta con una plaza de garaje incluida en el precio, lo que añade comodidad y seguridad a tu día a día. Este piso, ubicado en un edificio con ascensor, destaca por sus completas zonas comunes. Entre ellas, encontrarás un jardín bien cuidado, piscina, pistas de tenis y pádel, además de un práctico tendedero. La calefacción es individual y dispone de aire acondicionado, lo que asegura el máximo confort durante todo el año. Aunque el estado de conservación requiere algunas actualizaciones, el potencial de esta vivienda es innegable. En cuanto a la ubicación, Pozuelo de Alarcón es sinónimo de calidad de vida. Este municipio, situado en el noroeste de Madrid, combina tranquilidad, seguridad y servicios de alto nivel. A menos de 10 kilómetros, se encuentra el prestigioso Colegio Retamar, reconocido por su excelencia académica. Para tus compras y ocio, el Centro Comercial Zielo Shopping Pozuelo está a pocos minutos en coche, ofreciendo una amplia variedad de tiendas, restaurantes y servicios. En términos de transporte, la vivienda está perfectamente conectada. Las estaciones de cercanías más cercanas son Pozuelo y Aravaca, que facilitan el acceso al centro de Madrid en pocos minutos. También dispones de varias líneas de autobuses que conectan con diferentes puntos de la capital, como las líneas 561, 562 y 563. Si prefieres el metro ligero, la Línea ML2 de Metro Ligero conecta Pozuelo con la red de metro de Madrid. Pozuelo de Alarcón es conocido por su ambiente residencial exclusivo, rodeado de zonas verdes como el Parque Forestal Adolfo Suárez y el Monte del Pilar. Su ubicación estratégica, cerca de la A-6 y la M-40, permite un acceso rápido tanto al centro de Madrid como a otros municipios del noroeste. Desde 1983, en GILMAR nos hemos dedicado a ayudar a nuestros clientes a encontrar la casa de sus sueños. Nuestra experiencia y compromiso con la excelencia nos convierten en líderes del sector inmobiliario. Si deseas más información sobre esta propiedad, por favor, contacta con nuestro equipo en la oficina de Pozuelo-Aravaca, ubicada en Avda. de Europa 14. Llámanos al o envíanos un correo a indicando la referencia 211992. Estaremos encantados de atenderte.",True,good,False,6707.0,True,True,False,False,[],False,False,1100000.0,€,True,True,flat,,"Zona Avenida Europa, Pozuelo de Alarcón",Piso en calle de Inglaterra,Top,bj,True,True,,,
108011866,https://img4.idealista.com/blur/480_360_mq/0/id.pro.es.image.master/07/0f/2c/1333559282.webp,AR209080 ,32,575000.0,flat,sale,103.0,3,2,calle de Embajadores,Madrid,Madrid,Arganzuela,es,Delicias,40.3953505,-3.6962179,False,https://www.idealista.com/inmueble/108011866/,"Descubre esta excepcional vivienda en altura, un piso exterior ubicado en el emblemático barrio de Embajadores, en el distrito Centro de Madrid. Construido en 1945, este inmueble ofrece una combinación perfecta de historia y modernidad, con todas las comodidades que uno podría desear. Con 103.70 metros cuadrados construidos, el piso cuenta con tres luminosos dormitorios y dos baños, todos ellos con ventanas que permiten el paso de la luz natural, creando un ambiente acogedor y sereno. Este encantador piso se encuentra en una zona privilegiada de Madrid, bien comunicado gracias a su proximidad a varias líneas de transporte público. La estación de metro más cercana es Delicias (Línea 3), que conecta rápidamente con el resto de la ciudad. Además, la estación de cercanías de Embajadores (C-5) facilita el acceso a otras áreas metropolitanas. Para aquellos que prefieren el autobús, las líneas 34, 36, 41 y 119 tienen paradas cercanas, garantizando una movilidad excepcional. En cuanto a servicios educativos, a menos de 10 minutos se encuentran los prestigiosos Colegios Miguel de Unamuno y Beata Santa María de Jesús, ofreciendo una educación de calidad para los más jóvenes. Para las compras y el ocio, el Centro Comercial Plaza Río 2 está a pocos minutos, ofreciendo una variedad de tiendas, restaurantes y opciones de entretenimiento. Embajadores es un barrio vibrante y cosmopolita, conocido por su rica oferta cultural y su ambiente bohemio. Sus calles albergan una mezcla de galerías de arte, teatros y una vida nocturna animada, además de una amplia variedad de bares y restaurantes que ofrecen desde tapas tradicionales hasta cocina internacional. Vivir aquí es disfrutar del auténtico espíritu madrileño, con la comodidad de tener todo lo necesario al alcance de la mano. Se encuentra a pocos minutos del Espacio Cultural Matadero y Madrid Rio.  Este piso, que se vende por 590,000 euros, ofrece características destacadas como su orientación exterior, el ascensor del edificio y calefacción por gas natural y también dispone de aire acondicionado. Además, cuenta con un sistema de alarma y puerta blindada, garantizando seguridad y tranquilidad a sus futuros propietarios. GILMAR, con más de 40 años de experiencia desde 1983, se enorgullece de ayudar a sus clientes a encontrar la casa de sus sueños, ofreciendo un servicio personalizado y profesional. Para obtener más información sobre este inmueble, por favor facilítanos la referencia 209080 contactando con nuestro equipo en la oficina de Embajadores, ubicada en C/ Embajadores, 80, o llamando al También puedes escribirnos a. Estamos aquí para ayudarte a encontrar tu nuevo hogar.",True,good,False,5583.0,True,True,False,False,[],False,False,575000.0,€,,,flat,,"Delicias, Madrid",Piso en calle de Embajadores,Top,3,True,True,,,
108837097,https://img4.idealista.com/blur/480_360_mq/0/id.pro.es.image.master/4b/44/b4/1357756494.webp,GH212496,30,1130000.0,flat,sale,137.0,3,2,calle de Hortaleza,Madrid,Madrid,Centro,es,Chueca-Justicia,40.4197903,-3.6998683,False,https://www.idealista.com/inmueble/108837097/,"GILMAR Consulting Inmobiliario pone a su disposición espectacular vivienda en el barrio de Chueca, en pleno corazón de Madrid. Ubicado en una de las zonas más vibrantes y emblemáticas de Madrid, este piso de 137 m² ofrece una oportunidad única para quienes buscan una vivienda con gran potencial de reforma y una ubicación insuperable. Situado en un edificio clásico de 1900, este inmueble cuenta con tres amplios dormitorios, dos baños y una orientación este, por lo que goza de una luminosidad excepcional durante todo el día. Su diseño exterior se ve realzado por tres grandes balcones que dan a la calle, ofreciendo vistas al dinámico barrio de Chueca. El inmueble incluye una plaza de garaje en la cercana Plaza de Pedro Zerolo, a solo dos minutos caminando, con concesión hasta 2049. Esta característica, sumada a su proximidad a la Gran Vía, lo convierte en una propiedad con un valor añadido difícil de encontrar en el centro de Madrid. Este piso se encuentra en el corazón de Chueca, un barrio conocido por su diversidad, cultura y una oferta gastronómica y comercial de primer nivel. A pocos pasos, encontrarás el Mercado de San Antón, un lugar ideal para disfrutar de la cocina local e internacional, así como boutiques de diseño y tiendas exclusivas. Además, el Centro Comercial ABC Serrano está a menos de 10 minutos en coche, ofreciendo una amplia variedad de opciones para el ocio y las compras. En cuanto a transporte, la estación de metro más cercana es Chueca (Línea 5), a tan solo 3 minutos a pie, mientras que la Gran Vía (Líneas 1 y 5) y varias líneas de autobuses como el 1, 2, 3 y 46, están a pocos metros, facilitando el acceso a cualquier punto de la ciudad. Un inmueble con potencial para maximizar su rentabilidad El piso se encuentra en estado para reformar, lo que lo convierte en una excelente oportunidad para inversores o particulares que busquen diseñar un espacio a medida. Con una distribución generosa y características como calefacción individual de gas natural, ascensor y puerta blindada, este inmueble tiene el potencial de convertirse en una joya en pleno centro de Madrid. Sobre GILMAR Desde 1983, GILMAR ha sido líder en el sector inmobiliario, ayudando a miles de clientes a encontrar la casa de sus sueños y a maximizar sus inversiones. Nuestro equipo de expertos está comprometido en ofrecer un servicio personalizado y profesional en cada etapa del proceso. Para más información sobre este inmueble, por favor, contacta con nuestro equipo de la oficina de Centro en la Plaza de Herradores, 4. Puedes llamarnos al o escribirnos a. Recuerda facilitarnos la referencia 212496 para que podamos atenderte más rápidamente.",True,renew,False,8248.0,True,True,False,False,[],False,False,1130000.0,€,True,True,flat,,"Chueca-Justicia, Madrid",Piso en calle de Hortaleza,Top,3,True,True,,,
108837160,https://img4.idealista.com/blur/480_360_mq/0/id.pro.es.image.master/8f/72/7f/1357753956.webp,GH212499,32,970000.0,flat,sale,127.0,3,1,calle de Hortaleza,Madrid,Madrid,Centro,es,Chueca-Justicia,40.4212855,-3.7017798,False,https://www.idealista.com/inmueble/108837160/,"GILMAR Consulting Inmobiliario pone a su disposición magnífica vivienda en el barrio de Chueca, en pleno corazón de Madrid. Ubicado en una de las zonas más vibrantes y emblemáticas de Madrid, este piso de 137 m² ofrece una oportunidad única para quienes buscan una vivienda con gran potencial de reforma y una ubicación insuperable. Situado en un edificio clásico de 1900, este inmueble cuenta con tres amplios dormitorios, dos baños, y una orientación este que garantiza una luminosidad excepcional durante todo el día. Su diseño exterior se ve realzado por tres grandes balcones que dan a la calle, ofreciendo vistas al dinámico barrio de Chueca. El inmueble incluye una plaza de garaje en la cercana Plaza de Pedro Zerolo, a solo dos minutos caminando, con concesión hasta 2049. Esta característica, sumada a su proximidad a la Gran Vía, lo convierte en una propiedad con un valor añadido difícil de encontrar en el centro de Madrid. Este piso se encuentra en el corazón de Chueca, un barrio conocido por su diversidad, cultura y una oferta gastronómica y comercial de primer nivel. A pocos pasos, encontrarás el Mercado de San Antón, un lugar ideal para disfrutar de la cocina local e internacional, así como boutiques de diseño y tiendas exclusivas. Además, el Centro Comercial ABC Serrano está a menos de 10 minutos en coche, ofreciendo una amplia variedad de opciones para el ocio y las compras. En términos de educación, el prestigioso Colegio San Antón se encuentra a menos de 10 kilómetros, asegurando una excelente opción educativa en la zona. En cuanto a transporte, la estación de metro más cercana es Chueca (Línea 5), a tan solo 3 minutos a pie, mientras que la Gran Vía (Líneas 1 y 5) y varias líneas de autobuses como el 1, 2, 3 y 46, están a pocos metros, facilitando el acceso a cualquier punto de la ciudad. Un inmueble con potencial para maximizar su rentabilidad. El piso se encuentra en estado para reformar, lo que lo convierte en una excelente oportunidad para inversores o particulares que busquen diseñar un espacio a medida. Con una distribución generosa y características como calefacción individual de gas natural, ascensor y puerta blindada, este inmueble tiene el potencial de convertirse en una joya en pleno centro de Madrid. Desde 1983, GILMAR ha sido líder en el sector inmobiliario, ayudando a miles de clientes a encontrar la casa de sus sueños y a maximizar sus inversiones. Nuestro equipo de expertos está comprometido en ofrecer un servicio personalizado y profesional en cada etapa del proceso. Para más información sobre este inmueble, por favor, contacta con nuestro equipo de la oficina de Centro en la Plaza de Herradores, 4. Puedes llamarnos al o escribirnos a. Recuerda facilitarnos la referencia 212496 para que podamos atenderte más rápidamente.",True,renew,False,7638.0,True,True,False,False,[],False,False,970000.0,€,True,True,flat,,"Chueca-Justicia, Madrid",Piso en calle de Hortaleza,Top,3,True,True,,,
107650677,https://img4.idealista.com/blur/480_360_mq/0/id.pro.es.image.master/e7/a3/6c/1358416114.webp,M11630V,28,828000.0,flat,sale,94.0,3,2,Sainz De Baranda,Madrid,Madrid,Retiro,es,Ibiza,40.4158892,-3.6698823,False,https://www.idealista.com/inmueble/107650677/,"Walter Haus les presenta este piso completamente reformado y a estrenar en Ibiza, ofreciendo una excelente oportunidad para adquirir una propiedad moderna y confortable. Con una superficie interior de 94 m², esta vivienda cuenta con el espacio ideal para disfrutar del estilo de vida mediterráneo. La distribución incluye 3 habitaciones y 2 baños completos, diseñados para ofrecer comodidad y funcionalidad. La propiedad es perfecta para familias o para quienes buscan espacio adicional para invitados o trabajo en casa, destaca por su gran reforma y diseño interior, creando un ambiente cálido y acogedor. Los acabados y materiales seleccionados son de calidad, pensados para ofrecer un diseño actual y duradero. Esta reforma incluye mejoras en todas las estancias, desde la cocina y los baños hasta los suelos y las paredes, asegurando un resultado impecable y moderno. Ubicado en la vibrante isla de Ibiza, este piso ofrece una localización privilegiada. Ibiza es conocida por su belleza natural, sus playas de ensueño y su animada vida nocturna, pero también ofrece un ambiente tranquilo y relajado para quienes buscan un refugio. La propiedad se encuentra en una zona que permite disfrutar de lo mejor de ambos mundos, con fácil acceso a servicios, comercios y zonas de ocio, así como a espacios naturales para desconectar. Este piso no solo ofrece un hogar sofisticado y funcional, sino también la promesa de un estilo de vida cómodo y conectado en una de las zonas más prestigiosas de Madrid. En Walter Haus, estamos comprometidos a ayudarle a encontrar la propiedad perfecta que se ajuste a sus necesidades y expectativas. Walter Haus Real Estate es un grupo inmobiliario con sede en las principales capitales de España, en las principales ubicaciones de Madrid, Barcelona y Costa Brava. Contamos con una experiencia de más de 20 años, con un dinámico equipo de profesionales con experiencia en el asesoramiento personal en constante formación y con una especialización muy concreta, en cada zona de actuación lo que nos permite encontrar soluciones a las necesidades de cada cliente.",True,good,False,8809.0,True,True,False,False,[],False,False,828000.0,€,,,flat,,"Ibiza, Madrid",Piso en Sainz De Baranda,Top,1,False,True,,,
108225196,https://img4.idealista.com/blur/480_360_mq/0/id.pro.es.image.master/46/13/be/1362792823.webp,M20786V,61,2585000.0,flat,sale,207.0,3,3,calle de Viriato,Madrid,Madrid,Chamberí,es,Almagro,40.4344438,-3.6981828,False,https://www.idealista.com/inmueble/108225196/,"-IMÁGENES SUJETAS A POSIBLES MODIFICACIONES- Walter Haus presenta este piso completamente reformado y a estrenar llave en mano, ubicado en una de las calles más codiciadas del prestigioso barrio de Almagro en Madrid, ofrece una oportunidad única para crear la vivienda de sus sueños. Con una superficie construida generosa, esta propiedad se encuentra en una finca representativa de la zona, que conserva el encanto clásico de la arquitectura madrileña. La vivienda presenta un gran potencial para ser adaptada a las necesidades y gustos de cada propietario si se adquiere en tiempo de realizar modificaciones. Se adjunta plano de estado reformado final. El estado actual de la vivienda seria: Al acceder a la vivienda, un hall de entrada con armario gabanero da paso a un amplio salón con dos zonas diferenciadas, ambas completamente exteriores y con acceso a una terraza. El salón cuenta con chimenea y una altura de techos de 2.5 metros, lo que aporta una sensación de amplitud y luminosidad. Desde el hall, a la izquierda, se encuentra la cocina, de buen tamaño, con armario y despensa, y una segunda entrada de servicio. La cocina dispone de baño y habitación de servicio, esta última con armario empotrado y ventana a patio. La zona de descanso se compone de tres habitaciones adicionales, todas ellas con armarios empotrados y ventanas a patios interiores que proporcionan una agradable luminosidad. La habitación principal cuenta con baño en suite y acceso a la terraza exterior, que tiene una anchura de 1.5 metros y una longitud de 7 metros. La ubicación de esta propiedad es inmejorable. Almagro es un barrio señorial y elegante, conocido por su arquitectura clásica, sus calles arboladas y su ambiente tranquilo y residencial. La zona ofrece una amplia gama de servicios, incluyendo comercios exclusivos, restaurantes de alta cocina, centros educativos de prestigio y excelentes conexiones de transporte público. Vivir en Almagro significa disfrutar de la tranquilidad de un barrio residencial sin renunciar a la cercanía del centro de la ciudad y a todas sus comodidades. Adquirir esta propiedad representa una inversión segura y una oportunidad excepcional para diseñar un hogar a medida en una de las zonas más valoradas de Madrid. La finca cuenta con ascensor, portero físico y calefacción central con contadores individuales, lo que garantiza el confort y la comodidad de sus residentes. Desde Walter Haus, estamos a su disposición para brindarle toda la información y el asesoramiento que necesite para hacer realidad su proyecto. Walter Haus Real Estate es un grupo inmobiliario con sede en las principales capitales de España, en las principales ubicaciones de Madrid, Barcelona y Costa Brava. Contamos con una experiencia de más de 20 años, con un dinámico equipo de profesionales con experiencia en el asesoramiento personal en constante formación y con una especialización muy concreta en cada zona de actuación lo que nos permite encontrar soluciones a las necesidades de cada cliente.",True,good,False,12488.0,True,True,False,False,[],False,False,2585000.0,€,,,flat,,"Almagro, Madrid",Piso en calle de Viriato,Top,4,True,True,,,
108539622,https://img4.idealista.com/blur/480_360_mq/0/id.pro.es.image.master/26/81/09/1348712279.webp,GF 207520,39,693000.0,flat,sale,186.0,5,3,avenida España,Madrid,Majadahonda,Zona Carretera del Plantío,es,,40.4715852,-3.8658737,False,https://www.idealista.com/inmueble/108539622/,"Gilmar de Majadahonda pone a su disposición este exclusivo piso en zona Norte de Majadahonda: Espacio, comodidad y potencial en una ubicación privilegiada. Descubre este magnífico piso de 152 m² ubicado en la zona norte de Majadahonda, una de las áreas residenciales más cotizadas del noroeste de Madrid. Esta vivienda destaca por su amplitud, con 4 dormitorios y 2 baños, ideal para familias numerosas o quienes buscan un hogar espacioso.  Su distribución incluye un salón independiente con gran luminosidad gracias a su orientación este y oeste, una cocina funcional. Y una característica única: una buhardilla independiente con baño privado y terraza, perfecta para un espacio adicional de trabajo, relax o invitados, esta buhardilla se puede comunicar directamente con el salón de la vivienda mediante una escalera, ya que esta justo en el piso superior de esta. La vivienda forma parte de una urbanización con servicios exclusivos que incluyen grandes zonas a ajardinadas cuidadas al detalle, una enorme piscina, pista de tenis/pádel y una sala social para reuniones o eventos. También dispone de dos plazas de garaje, de un práctico trastero comunitario y conserje, lo que garantiza comodidad y seguridad. El estado de conservación actual requiere una rehabilitación, lo que abre la oportunidad de personalizar este hogar y adaptarlo a tu propio estilo. El entorno: Majadahonda-Norte Majadahonda es conocida por ser una de las localidades más exclusivas y familiares de la Comunidad de Madrid. La zona norte se caracteriza por su tranquilidad, amplias zonas verdes y excelente calidad de vida. A menos de 10 kilómetros se encuentra el prestigioso Colegio Internacional Logos, reconocido por su excelencia académica. Para tus compras y ocio, el Centro Comercial Gran Plaza 2, uno de los más modernos y completos de la región, está a pocos minutos en coche. En cuanto a transporte público, la zona está bien conectada. Las líneas de autobuses interurbanos 651 y 652 tienen paradas cercanas y enlazan Majadahonda con Moncloa, en el centro de Madrid. Además, la estación de Cercanías de Majadahonda (línea C-7) se encuentra a pocos minutos, facilitando los desplazamientos a la capital. Un hogar con historia y futuro Este piso combina el encanto de una construcción sólida con el potencial de ser renovado para convertirse en una vivienda moderna y funcional. La urbanización ofrece un entorno seguro y familiar, ideal para disfrutar de una vida tranquila sin renunciar a las comodidades de la ciudad. Desde 1983, en GILMAR hemos ayudado a miles de clientes a encontrar la casa de sus sueños. Con más de 40 años de experiencia en el sector inmobiliario, nos hemos consolidado como una de las compañías líderes gracias a nuestro compromiso con la excelencia, la transparencia y un servicio personalizado. Nuestro equipo experto está aquí para guiarte en cada paso del proceso, asegurando que encuentres el hogar perfecto. Para más información sobre este inmueble, contacta con nuestro equipo en la oficina de Majadahonda, ubicada en la Avda. Doctor Calero 19 (Centro Comercial Tutti). Puedes llamarnos al o escribirnos a. Recuerda facilitarnos la referencia 207520 para que podamos atenderte de manera más ágil y eficiente. ¡Estamos aquí para ayudarte!",True,renew,False,3726.0,True,True,False,False,[],False,False,693000.0,€,True,True,flat,,"Zona Carretera del Plantío, Majadahonda",Piso en avenida España,Top,3,True,True,,,
108653603,https://img4.idealista.com/blur/480_360_mq/0/id.pro.es.image.master/d8/5e/35/1351178458.webp,M20816V,60,2350000.0,flat,sale,238.0,3,2,calle de Alonso Cano,Madrid,Madrid,Chamberí,es,Almagro,40.4374016,-3.6968656,False,https://www.idealista.com/inmueble/108653603/,"WALTER HAUS tiene el placer de presentar este espectacular piso exterior, completamente reformado a estrenar, ubicado en una finca señorial protegida de 1948, en plena tercera planta. Una joya arquitectónica que combina elegancia clásica con modernidad, manteniendo detalles originales tanto en el portal como en la vivienda, que realzan su carácter único. Esta propiedad destaca por su amplitud, luz natural y vistas despejadas. El gran salón-comedor, con cuatro ventanales —tres de ellos balcones—, ofrece una vista privilegiada al Convento y la Basílica de la Milagrosa, proporcionando una atmósfera inigualable en cada rincón. La orientación y altura inundan de luz natural todos los espacios principales. Cuenta con tres dormitorios, incluyendo un dormitorio principal de generosas dimensiones, con baño en suite, espectacular vestidor y acceso a una terraza privada de 8 m², ideal para desayunar o disfrutar del atardecer con vistas monumentales. Además, dispone de dos baños completos y un aseo de cortesía. La cocina independiente es amplia, luminosa, y cuenta con zona de lavado y espacio para una mesa de desayuno, pensada para el confort diario. Es el hogar ideal para quien busca amplitud, ubicación céntrica, vistas privilegiadas y calidades modernas en un entorno de alto valor histórico y arquitectónico. Ubicada en el exclusivo barrio de Almagro, dentro del distrito de Chamberí, esta propiedad goza de una posición inmejorable: junto a la vibrante zona de Ponzano, a pasos del Mercado de Chamberí, rodeada de restaurantes de moda, y con múltiples conexiones de transporte público (metro y autobús prácticamente en la puerta). También se destaca por su fácil acceso a las principales carreteras y su conexión directa con el aeropuerto. En sus alrededores se encuentran prestigiosos colegios públicos y privados, así como algunos de los hospitales más reconocidos de Madrid, lo que convierte esta propiedad en una opción ideal tanto para vivir como para invertir. Una vivienda única, donde el estilo de vida contemporáneo se encuentra con la historia y el encanto de Madrid. Walter Haus Real Estate es un grupo inmobiliario con sede en las principales capitales de España, en las principales ubicaciones de Madrid, Barcelona y Costa Brava. Contamos con una experiencia de más de 20 años, con un dinámico equipo de profesionales con experiencia en el asesoramiento personal en constante formación y con una especialización muy concreta en cada zona de actuación lo que nos permite encontrar soluciones a las necesidades de cada cliente.",True,good,False,9874.0,True,True,False,False,[],False,False,2350000.0,€,,,flat,,"Almagro, Madrid",Piso en calle de Alonso Cano,Top,3,True,True,,,
106848960,https://img4.idealista.com/blur/480_360_mq/0/id.pro.es.image.master/8e/96/6c/1299471716.webp,AG204628,26,1200000.0,flat,sale,132.0,2,2,calle de Fuencarral,Madrid,Madrid,Centro,es,Chueca-Justicia,40.4246084,-3.6993286,False,https://www.idealista.com/inmueble/106848960/,"Este elegante y lujoso piso se encuentra en la exclusiva zona de Malasaña, en el distrito Centro de Madrid. Con una ubicación privilegiada, este inmueble ofrece todas las comodidades y servicios necesarios para disfrutar de la vida en la ciudad. Con una superficie de 132 m2, este piso cuenta con 2 amplios dormitorios y 2 baños completos. La distribución original incluía 3 dormitorios, pero se ha adaptado para ofrecer espacios más amplios y luminosos. Gracias a su ubicación en la última planta del edificio, esta vivienda se beneficia de una gran cantidad de luz natural en todas las estancias. La cocina, de diseño moderno y funcional, está completamente equipada con electrodomésticos de alta gama. El salón-comedor, de generosas dimensiones, es el lugar perfecto para relajarse y disfrutar de momentos de ocio en un ambiente acogedor. El piso cuenta con calefacción individual de gas natural, lo que garantiza un ambiente cálido y confortable durante todo el año. Además, dispone de ascensor y portero automático/físico para garantizar la máxima seguridad y comodidad. En cuanto a la ubicación, este piso se encuentra en una zona privilegiada de Madrid. A menos de 10 kilómetros se encuentra el prestigioso colegio ""Colegio Internacional de Madrid"", garantizando la mejor educación para tus hijos. Además, el centro comercial ""Gran Vía"" está a poca distancia, ofreciendo una amplia gama de tiendas, restaurantes y opciones de ocio. En cuanto al transporte público, las líneas de metro más cercanas son la línea 1 (Estación de Gran Vía) y la línea 10 (Estación de Tribunal). Además, las líneas de cercanías C3 y C4 tienen parada en la estación de Sol, que está a pocos minutos a pie. El barrio de Malasaña es conocido por su ambiente bohemio y su gran oferta cultural. Con una gran variedad de tiendas, restaurantes y bares de moda, este barrio se ha convertido en uno de los más populares de la ciudad. Sus calles empedradas, plazas encantadoras y edificios históricos crean un ambiente único y especial. GILMAR es una reconocida compañía inmobiliaria con más de 30 años de experiencia en el sector. Nuestro equipo de expertos está comprometido en ayudarte a encontrar la casa de tus sueños. Si estás interesado en obtener más información sobre este exclusivo piso en Malasaña, por favor, no dudes en contactarnos y proporcionarnos la referencia del inmueble (Ref. 204628).",True,good,False,9091.0,True,True,False,False,[],False,False,1200000.0,€,,,flat,,"Chueca-Justicia, Madrid",Piso en calle de Fuencarral,Top,4,True,True,,,
107466376,https://img4.idealista.com/blur/480_360_mq/0/id.pro.es.image.master/31/5c/7c/1323165534.webp,FR207019,38,2400000.0,chalet,sale,372.0,7,5,avenida de Montealina,Madrid,Pozuelo de Alarcón,Urbanizaciones,es,Montealina,40.4358107,-3.8480711,False,https://www.idealista.com/inmueble/107466376/,"En Gilmar tenemos el placer de presentarte este exclusivo Chalet Independiente en la prestigiosa urbanización Montealina, una de las más valoradas en Pozuelo de Alarcón. Esta vivienda es un chalet independiente modelo Encinar de la constructora americana Levitt, se desarrolla en dos plantas y cuenta con una impresionante parcela de casi 2.300m2 con una piscina privada y un arbolado muy consolidado. La distribución de esta magnífica propiedad es simplemente perfecta. En su planta principal cuenta con un espacioso salón con más de 75m2, comedor, cocina, la suite principal, aseo de cortesía además de la habitación de servicio con baño. En la planta superior encontramos 5 dormitorios que comparten dos cuartos de baño, una espectacular terraza así como un amplio distribuidor con doble altura (family room). Esta propiedad destaca por su marcado estilo, su diseño y su espectacular parcela donde dispone de más de 2.000m2 de jardín al aire libre para el disfrute de toda la familia. El inmueble fue construido en 1984 se encuentra bien mantenido y con mejoras como la ampliación del salón, modernización de la cocina y algunos cambios con respecto al proyecto original pero el futuro propietario valorará alguna actualización. La urbanización también ofrece pistas de tenis y pádel comunitarias, así como un recinto cerrado con seguridad las 24 horas. En cuanto a la ubicación, Montealina es una de las urbanizaciones más exclusivas de Pozuelo de Alarcón. Se encuentra en la zona noroeste de Madrid, cerca de la A-6, A-5 y M-40, lo que te permitirá llegar al centro de la ciudad en pocos minutos. Además, esta zona cuenta con una gran oferta de servicios y comodidades. A pocos minutos de la propiedad, encontrarás varios colegios de prestigio, como el Colegio Americano, Retamar, Instituto Británico, Escolapios, Kensington, Liceo Sorolla, etc. También hay varios centros comerciales cercanos, como El Corte Inglés de Pozuelo “El Barrial”, Zoco de Pozuelo, LaFinca Grand Café, El Torreón, Centro Comercial Zielo, etc. En cuanto al transporte público, las estaciones de metro más cercanas son Colonia Jardín y Pozuelo Oeste, y las estaciones de cercanías más cercanas son Pozuelo y Aravaca. Además, hay varias líneas de autobús que pasan cerca de la propiedad (566 y 656A) Montealina es una urbanización residencial tranquila y exclusiva, ideal para aquellos que buscan un estilo de vida lujoso y elegante. La zona cuenta con amplias zonas verdes, calles arboladas y una gran seguridad. Es el lugar perfecto para disfrutar de la tranquilidad y la privacidad, sin renunciar a la comodidad y la cercanía a todos los servicios. En Gilmar llevamos desde 1983 ayudando a nuestros clientes a encontrar la casa de sus sueños. Nuestro equipo en la oficina de Pozuelo-Aravaca, ubicada en la Avenida de Europa 14, está a tu disposición para proporcionarte más información sobre esta impresionante propiedad. Si estás interesado en obtener más detalles sobre este inmueble, no dudes en contactarnos y facilitarnos la referencia 198055. Estaremos encantados de ayudarte. Puedes contactarnos por teléfono al o por correo electrónico a. ¡Esperamos poder mostrarte esta increíble casa pronto! En Gilmar llevamos desde 1983 ayudando a nuestros clientes a encontrar la casa de sus sueños. Somos una empresa líder en el sector inmobiliario, especializada en la venta y alquiler de propiedades de lujo. Nuestro equipo de expertos en marketing inmobiliario se encarga de mejorar la descripción de los inmuebles para destacar sus características únicas y atraer a los compradores más exigentes. En Gilmar nos enorgullece ofrecer un servicio personalizado y de alta calidad a nuestros clientes. Trabajamos en estrecha colaboración con ellos para entender sus necesidades y encontrar la propiedad perfecta que se ajuste a sus deseos y estilo de vida.",True,renew,False,6452.0,True,True,False,False,[],False,False,2400000.0,€,True,True,chalet,independantHouse,"Montealina, Pozuelo de Alarcón",Casa independiente en avenida de Montealina,Top,,,,,,
108401447,https://img4.idealista.com/blur/480_360_mq/0/id.pro.es.image.master/c5/fd/8e/1343587254.webp,AG210645,35,760000.0,flat,sale,140.0,5,1,calle de Esparteros,Madrid,Madrid,Centro,es,Sol,40.4137633,-3.7058304,False,https://www.idealista.com/inmueble/108401447/,"Descubre este exclusivo piso ubicado en el emblemático barrio de Sol, pleno corazón de Madrid. Con 140 m² construidos, esta vivienda ofrece un espacio amplio y versátil que combina elegancia y potencial. Dispone de 5 dormitorios, un baño con posibilidad de añadir más, un salón independiente y una orientación este que garantiza una luminosidad envidiable al recibir luz natural desde tres patios interiores. La finca, construida en 1890, es un ejemplo clásico de la arquitectura madrileña, con un portal excelente que refleja su carácter histórico. Además, cuenta con ascensor, calefacción por aire acondicionado frío-calor, alarma y portero físico y automático, ofreciendo comodidad y seguridad en todo momento. Este piso, actualmente para reforma total, es ideal para quienes buscan personalizar su hogar en una de las zonas más exclusivas de la capital. El barrio de Sol es sinónimo de vida, cultura y conexión. A escasos pasos, encontrarás la Puerta del Sol, epicentro de Madrid, y una amplia oferta de ocio, gastronomía y comercio. A menos de 10 kilómetros, destaca el prestigioso Colegio San Ildefonso, con una reputación centenaria. En cuanto a compras, el Centro Comercial La Vaguada está a un cómodo trayecto, ofreciendo tiendas, restaurantes y entretenimiento. En términos de transporte, la vivienda está perfectamente conectada. La estación de metro más cercana es Sol (Líneas 1, 2 y 3), que también cuenta con conexión a las líneas de cercanías C3 y C4. Además, las líneas de autobús EMT 3, 50 y M1 tienen paradas en las inmediaciones, facilitando el acceso a cualquier punto de la ciudad. Esta ubicación privilegiada no solo te sitúa en el corazón de Madrid, sino que te ofrece la oportunidad de vivir rodeado de historia, cultura y todas las comodidades modernas. Su entorno es ideal tanto para familias como para inversores que buscan una propiedad con alto potencial. En GILMAR, llevamos desde 1983 ayudando a nuestros clientes a encontrar la casa de sus sueños. Nuestra experiencia y compromiso nos han convertido en líderes del sector inmobiliario, ofreciendo un servicio personalizado y profesional. Para más información sobre este inmueble, no dudes en contactar con nuestro equipo en la oficina de Plaza de Herradores, 4. Llámanos al o escríbenos a. Por favor, facilita la referencia 210645 al realizar tu consulta. ¡Estamos aquí para ayudarte a encontrar tu nuevo hogar!",True,good,False,5429.0,True,True,False,False,[],False,False,760000.0,€,,,flat,,"Sol, Madrid",Piso en calle de Esparteros,Top,3,False,True,,,
108657253,https://img4.idealista.com/blur/480_360_mq/0/id.pro.es.image.master/a9/c1/84/1351300938.webp,M20834V,61,2390000.0,penthouse,sale,205.0,3,3,calle del General Arrando,Madrid,Madrid,Chamberí,es,Almagro,40.4303692,-3.6968397,False,https://www.idealista.com/inmueble/108657253/,"Precioso ático de 205m² construidos situado en la séptima planta de una finca clásica y representativa en el codiciado barrio de Almagro, Madrid. La vivienda ofrece una excelente orientación sur, lo que garantiza una luminosidad excepcional durante todo el día, y unas vistas despejadas, privadas y privilegiadas de la ciudad. Se trata de una propiedad única que combina el encanto de la arquitectura de los años 20 con todas las comodidades modernas, como plaza de garaje, gran trastero, portero físico y ascensor de jaula. El inmueble conserva detalles originales de gran valor, como techos altos con molduras, una preciosa puerta de entrada y espacios con gran personalidad. Actualmente, la distribución incluye un amplio hall, tres dormitorios, comedor independiente, cocina con despensa, dos baños y dos terrazas actualmente cubiertas, lo que ofrece interesantes posibilidades de reforma para adaptar la vivienda a los gustos y necesidades del comprador. Ubicado en una de las calles más exclusivas de Almagro, este ático goza de una localización inmejorable, rodeado de elegantes edificios, embajadas y una completa oferta de servicios, comercios y restauración. Además, cuenta con excelentes conexiones de transporte que permiten un acceso cómodo y rápido al centro y a otras zonas clave de Madrid. Adquirir esta propiedad es apostar por una vivienda con carácter, potencial y una situación privilegiada. Es ideal tanto como residencia habitual como inversión en una de las zonas más valoradas de la capital. Para más información o concertar una visita, no dude en contactar con nosotros. Walter Haus. Walter Haus Real Estate es un grupo inmobiliario con sede en las principales capitales de España, en las principales ubicaciones de Madrid, Barcelona y Costa Brava. Contamos con una experiencia de más de 20 años, con un dinámico equipo de profesionales con experiencia en el asesoramiento personal en constante formación y con una especialización muy concreta en cada zona de actuación lo que nos permite encontrar soluciones a las necesidades de cada cliente.",True,good,False,11659.0,True,True,False,False,[],False,False,2390000.0,€,True,True,flat,penthouse,"Almagro, Madrid",Ático en calle del General Arrando,Top,7,True,True,,,
108455194,https://img4.idealista.com/blur/480_360_mq/0/id.pro.es.image.master/58/b7/6f/1346531571.webp,AG210841,33,595000.0,flat,sale,49.0,2,1,calle de Carretas,Madrid,Madrid,Centro,es,Sol,40.4142007,-3.7046349,False,https://www.idealista.com/inmueble/108455194/,"Descubre esta excelente oportunidad en el corazón de Madrid, ubicada en el emblemático barrio de Sol, dentro del distrito Centro. Este piso de 49 m², orientado al este, destaca por su luminosidad natural durante todo el día y su encanto único. La vivienda cuenta con dos dormitorios, un baño completo, cocina y un salón. Es exterior, lo que garantiza una gran entrada de luz natural, y está equipada con aire acondicionado frío-calor, suelo porcelánico y ascensor, además de un portero automático y físico. Aunque el estado actual permite entrar a vivir, este inmueble es ideal para una reforma que maximice su potencial y rentabilidad. El barrio de Sol, una de las zonas más emblemáticas y codiciadas de Madrid. Rodeado de historia, cultura y vida urbana, está a pocos pasos del kilómetro cero, la Puerta del Sol, y perfectamente conectado con el resto de la ciudad gracias a la estación de metro y cercanías. Ideal tanto para vivir como para invertir, ofrece la oportunidad de disfrutar de la auténtica experiencia madrileña: comercio, gastronomía, teatros y todo tipo de servicios a tu alcance, en una zona completamente peatonal y en constante revalorización. La ubicación de este piso es inmejorable en términos de transporte y servicios. A menos de 10 kilómetros, encontrarás el prestigioso Colegio Nuestra Señora del Pilar, reconocido por su excelencia educativa. En cuanto a compras y entretenimiento, el Centro Comercial Príncipe Pío está a solo unos minutos en transporte público, ofreciendo una amplia variedad de tiendas, restaurantes y un cine. Las opciones de transporte público son abundantes. La estación de metro más cercana es Sol, que conecta con las líneas 1, 2 y 3, facilitando el acceso rápido a cualquier rincón de la ciudad. Además, Sol también cuenta con estación de cercanías (líneas C3 y C4), ideal para desplazamientos interurbanos. Las líneas de autobuses 3, 6, 26 y 50 tienen paradas cercanas, garantizando una excelente movilidad. Desde 1983, GILMAR se ha dedicado a ayudar a sus clientes a encontrar la casa de sus sueños. Con más de 40 años de experiencia, nuestro equipo combina un profundo conocimiento del mercado inmobiliario con un enfoque personalizado y profesional. Estamos comprometidos con ofrecerte las mejores oportunidades y acompañarte en cada paso del proceso de compra. Si deseas más información sobre este inmueble, no dudes en contactar con nuestro equipo en la oficina de Centro, ubicada en Plaza de Herradores, 4. Llámanos al ** ** o envíanos un correo a ****. Por favor, recuerda facilitarnos la referencia **210841** para que podamos atenderte de manera más eficiente.",True,good,False,12143.0,True,True,False,False,[],False,False,595000.0,€,,,flat,,"Sol, Madrid",Piso en calle de Carretas,Top,5,True,True,,,
108491843,https://img4.idealista.com/blur/480_360_mq/0/id.pro.es.image.master/1b/b2/0e/1347703582.webp,FR207779,48,925000.0,chalet,sale,247.0,5,5,calle Pinar de Somosaguas,Madrid,Pozuelo de Alarcón,Somosaguas,es,Somosaguas,40.4209219,-3.7938016,False,https://www.idealista.com/inmueble/108491843/,"Descubre este chalet adosado ubicado en la exclusiva zona de Somosaguas-Centro, en Pozuelo de Alarcón. Con una superficie construida de 247 m² y una parcela de 160 m², esta propiedad combina elegancia, comodidad y funcionalidad en un entorno privilegiado. La vivienda, distribuida en cuatro plantas, ha sido reformada y ampliada y se encuentra en perfecto estado, lista para convertirse en tu nuevo hogar. En la planta baja cuenta con un acogedor hall de entrada, un salón-comedor con chimenea, una cocina con office, un aseo de cortesía y un patio tendedero. En la primera planta, destaca la suite principal, un dormitorio con vestidor (resultado de la unión de dos habitaciones), otra habitación adicional y un baño compartido.  La planta bajo cubierta cuenta con otro baño completo y otro dormitorio/sala de estar. En el sótano, encontrarás un amplio garaje con capacidad para dos vehículos, un salón de juegos, una habitación de servicio con baño completo, trastero y maletero. La urbanización está ubicada en un recinto cerrado que garantiza privacidad y seguridad. Además, cuenta con amplias zonas comunes que incluyen jardines, piscina, pistas deportivas y áreas infantiles, ideales para disfrutar en familia. La carpintería interior de madera lacada, el suelo de parquet y la calefacción individual de gas natural, junto con el aire acondicionado y la alarma instalada, aseguran el máximo confort en cualquier época del año. Somosaguas, una de las zonas más exclusivas de Pozuelo de Alarcón, destaca por su tranquilidad y cercanía a Madrid. Este barrio residencial está perfectamente comunicado mediante transporte público y privado. A tan solo 10 minutos en coche, se encuentra el prestigioso Colegio Retamar, un referente educativo en la zona. Para tus compras y ocio, el Centro Comercial Zielo Shopping Pozuelo está a menos de 7 kilómetros. En cuanto a transporte público, las líneas de autobús 562 y 658 tienen paradas próximas, mientras que la estación de cercanías de Pozuelo (líneas C7 y C10) está a poca distancia, ofreciendo una conexión rápida y eficiente con el centro de Madrid. Pozuelo de Alarcón es conocido por su calidad de vida y sus servicios de alta gama. La combinación de zonas verdes, excelentes colegios, centros comerciales y una oferta gastronómica variada hacen de esta localidad un lugar excepcional para vivir. Somosaguas, en particular, es sinónimo de exclusividad, con amplias avenidas y un ambiente familiar. Desde 1983, GILMAR se ha consolidado como una de las compañías líderes en el sector inmobiliario, ayudando a miles de clientes a encontrar la casa de sus sueños. Con un equipo experto y una atención personalizada, nos esforzamos por ofrecer un servicio de excelencia en cada operación. Para más información sobre este inmueble, por favor contacta con nuestro equipo en la oficina de Pozuelo-Aravaca, ubicada en Avenida de Europa 14. Llámanos al ** ** o escríbenos a **** e indícanos la referencia **207779**. ¡Estamos encantados de ayudarte a encontrar tu próximo hogar!",True,good,False,3745.0,True,True,False,False,[],False,False,925000.0,€,True,True,chalet,terracedHouse,"Somosaguas, Pozuelo de Alarcón",Chalet adosado en calle Pinar de Somosaguas,Top,,,,,,
108709895,https://img4.idealista.com/blur/480_360_mq/0/id.pro.es.image.master/01/81/eb/1352817884.webp,M20776V,45,1495000.0,flat,sale,147.0,3,3,calle de José Abascal,Madrid,Madrid,Chamberí,es,Almagro,40.4382053,-3.6983794,False,https://www.idealista.com/inmueble/108709895/,"Este espectacular piso reformado a estrenar, con 147 m² construidos, se encuentra en una sexta planta exterior de un edificio representativo en el prestigioso barrio de Almagro, dentro del distrito de Chamberí. La altura del inmueble, junto con su orientación este y sus amplios ventanales, garantiza una luminosidad excepcional durante todo el día. El edificio dispone de portero físico, dos ascensores y un portal accesible para personas con movilidad reducida. Todos los detalles de la reforma han sido cuidadosamente seleccionados, con acabados de alta gama, carpintería a medida de suelo a techo y una distribución pensada para optimizar espacio, luz y confort. La vivienda cuenta con tres amplios dormitorios. El dormitorio principal destaca por su vestidor integrado y baño en suite, mientras que el segundo dormitorio también dispone de baño en suite, ideal para mantener la privacidad en estancias individuales o familiares. Un tercer baño completo se sitúa en el pasillo, ofreciendo funcionalidad adicional para visitas o el tercer dormitorio. El salón-comedor es amplio, luminoso y tiene acceso a una agradable terraza con vistas despejadas a la tranquila calle Ponzano. La cocina independiente, con isla central, alacena y ventana exterior, se conecta mediante elegantes puertas hechas a medida que permiten integrar o separar ambientes según la ocasión. Ubicado en una de las zonas más valoradas de Madrid, este inmueble combina el estilo de vida residencial de Almagro con la cercanía a servicios de calidad, colegios, zonas culturales y espacios gastronómicos. A pocos pasos se encuentran las estaciones de metro de Alonso Cano (Línea 7) y Canal (Líneas 2 y 7), lo que asegura una excelente comunicación con el resto de la ciudad. La zona ofrece un equilibrio perfecto entre tranquilidad, tradición y modernidad. Esta propiedad representa una magnífica oportunidad para quienes buscan un piso moderno, funcional y con una ubicación estratégica. Gracias a su altura, luz natural, materiales de calidad y distribución equilibrada, es ideal tanto como vivienda habitual como inversión. En Walter Haus, estaremos encantados de asesorarle y acompañarle en todo el proceso para que su experiencia de compra sea única, segura y satisfactoria. Walter Haus Real Estate es un grupo inmobiliario con sede en las principales capitales de España, en las principales ubicaciones de Madrid, Barcelona y Costa Brava. Contamos con una experiencia de más de 20 años, con un dinámico equipo de profesionales con experiencia en el asesoramiento personal en constante formación y con una especialización muy concreta en cada zona de actuación lo que nos permite encontrar soluciones a las necesidades de cada cliente.",True,good,False,10170.0,True,True,False,False,[],False,False,1495000.0,€,,,flat,,"Almagro, Madrid",Piso en calle de José Abascal,Top,6,True,True,,,
108236117,https://img4.idealista.com/blur/480_360_mq/0/id.pro.es.image.master/b1/31/7b/1338900915.webp,GH209603,40,1250000.0,flat,sale,102.0,3,3,calle de Miguel Moya,Madrid,Madrid,Centro,es,Malasaña-Universidad,40.4218953,-3.7044279,False,https://www.idealista.com/inmueble/108236117/,"¡MAGNÍFICA OPORTUNIDAD DE INVERSIÓN! VIVIENDA SEGREGADA EN 3 APARTAMENTOS CON 3 NOTAS REGISTRALES DIFERENTES.  EXCELENTE INVERSIÓN, JUNTO A LA PLAZA DE CALLAO Y GRAN VÍA, EN PLENO CENTRO DE MADRID Este singular inmueble, situado en pleno barrio de Malasaña, representa una excelente oportunidad de inversión en una de las zonas más vibrantes y demandadas del centro de Madrid. Con una superficie construida de 102 m², la vivienda ha sido segregada en tres apartamentos independientes, cada uno de ellos con su propio dormitorio y baño. Ideal tanto para quienes buscan una alta rentabilidad en alquileres como para quienes desean reformar y personalizar una propiedad con un enorme potencial. Construido en 1934, el edificio conserva el encanto de la arquitectura tradicional de la zona, aunque este piso en particular requiere una reforma integral, lo que te permitirá adaptarlo a las necesidades del mercado actual o a tus propios gustos. Aunque el inmueble no cuenta con ascensor, su ubicación privilegiada y su luminosidad compensan ampliamente este detalle. Malasaña es uno de los barrios más emblemáticos y dinámicos de Madrid, conocido por su vibrante vida cultural, su amplia oferta gastronómica y su ambiente bohemio. A solo unos pasos de la Gran Vía y la Plaza de Callao, estarás en el epicentro de la ciudad. Además, la zona cuenta con todos los servicios necesarios: supermercados, tiendas de proximidad, centros de salud y una rica oferta educativa. Uno de los colegios más cercanos es el **Colegio Sagrado Corazón de Jesús**, ubicado a tan solo 1,2 kilómetros, una opción ideal para familias. En cuanto a centros comerciales, la **Plaza de Callao** y sus alrededores ofrecen una variedad de tiendas y grandes almacenes, como El Corte Inglés. La ubicación está perfectamente conectada con el resto de la ciudad gracias a las líneas de metro **1, 3 y 5** (estaciones cercanas como Callao, Tribunal o Noviciado) y varias líneas de autobuses, como la **001, 44, 75 y M2**, que te permitirán desplazarte fácilmente por Madrid. También tienes acceso a la red de cercanías desde la estación de Sol, a poco más de 10 minutos a pie. Este inmueble es una oportunidad única para quienes buscan una propiedad en una de las zonas más codiciadas de Madrid. Su configuración actual, dividida en tres apartamentos, es perfecta para alquileres turísticos o de media estancia, una opción muy demandada en el área. Además, su precio por metro cuadrado está en línea con el mercado, lo que asegura una rentabilidad atractiva a medio y largo plazo. Desde 1983, en GILMAR hemos ayudado a nuestros clientes a encontrar la casa de sus sueños o la inversión perfecta. Con más de 40 años de experiencia en el sector, nuestro compromiso es ofrecerte un servicio personalizado y profesional, adaptado a tus necesidades. Contamos con un equipo de expertos en cada área de Madrid para garantizarte el mejor asesoramiento. Si deseas más información sobre este inmueble, contacta con nuestro equipo de la oficina de **Centro**, ubicada en **Plaza de Herradores, 4**. Llámanos al ** ** o envíanos un correo a ****. Por favor, facilítanos la referencia **209603** para poder atenderte de manera más eficiente. ¡No dejes pasar esta oportunidad de inversión!",True,good,False,12255.0,True,True,False,False,[],False,False,1250000.0,€,,,flat,,"Malasaña-Universidad, Madrid",Piso en calle de Miguel Moya,Top,1,False,False,,,
107849116,https://img4.idealista.com/blur/480_360_mq/0/id.pro.es.image.master/35/cf/05/1327112194.webp,IV208157,46,915000.0,flat,sale,138.0,2,2,"calle del Doctor Zamenhof, 22",Madrid,Madrid,San Blas,es,Salvador,40.4466777,-3.6273987,True,https://www.idealista.com/inmueble/107849116/,"Gilmar Consulting Inmobiliario presenta un exclusivo bajo con jardín a estrenar en una urbanización de lujo situada junto al emblemático Parque de la Quinta de los Molinos, en Madrid. Esta propiedad de 82 m2 destaca no solo por su excelente ubicación, sino también por sus calidades y su amplio jardín privado de 56 m2 cuadrados, un auténtico oasis en plena ciudad. Diseñada por el prestigioso estudio Morph y la firma Amenabar, este hogar combina elegancia, confort y sostenibilidad en un entorno privilegiado dentro de Madrid. La vivienda cuenta con dos dormitorios espaciosos y dos baños completos, diseñados con un estilo moderno y funcional. La distribución interior ha sido cuidadosamente pensada para ofrecer comodidad y luminosidad en cada rincón, con un salón acogedor que se abre directamente al jardín, perfecto para disfrutar de momentos al aire libre, comidas con amigos o simplemente relajarse rodeado de vegetación. La cocina, equipada con materiales de alta gama, se integra de manera armónica en el espacio, ofreciendo tanto estilo como practicidad. Todo en este piso transmite una sensación de tranquilidad, elegancia y confort, desde los acabados hasta la calidad de la construcción. Además, vivir aquí es disfrutar de una urbanización de alto nivel, concebida como un auténtico refugio urbano. Las zonas comunes son simplemente espectaculares: en la azotea encontrarás una piscina infinity con vistas panorámicas, un solárium donde relajarte al sol, una elegante zona chill out para desconectar, y un gimnasio totalmente equipado para mantenerte en forma sin salir de casa. Todo ello en un entorno cuidado al detalle, seguro y con un diseño contemporáneo. Si buscas un hogar moderno, con espacio exterior privado y acceso a servicios de primer nivel en una de las zonas más agradables y bien conectadas de la capital, esta es sin duda una oportunidad única. El Barrio de Arturo Soria es uno de los más prestigiosos y lujosos de Madrid con una estupenda localización próxima al centro urbano y a todos los servicios, por lo que es perfecto para disfrutar de la tranquilidad sin renunciar a la cercanía de una gran ciudad.  Este entorno privilegiado es sede de múltiples embajadas y algunos de los mejores centros educativos nacionales e internacionales tanto privados como públicos con una amplia oferta (Colegio Arturo Soria, Liceo Francés [Lycee Francais], Centro Bilingüe Concertado Nuestra Señora del Buen Consejo, Colegio San José del Parque (Maristas), Colegio Ramón y Cajal, Colegio Nuestra Señora de Santa María, Colegio Parque Conde Orgaz, International School of Madrid, Escuela de negocios ESIC, Colegio Stella Maris, Colegio Mater Inmaculada, Colegio Brains, etc.).  La cobertura hospitalaria es un factor añadido de la zona (Nuestra Señora de América, la Clínica Belén, Hospital Ramón y Cajal, Hospital de la Paz y la M.D Anderson). En sus inmediaciones encontramos el recinto Ferial IFEMA, el Centro Comercial Arturo Soria Plaza, Palacio de Hielo, Hipercor, Corte Inglés, y Centro Comercial Gran Vía de Hortaleza. Además disponemos de centros deportivos como Club de natación, Club de tenis Chamartín, Clubs de golf como el “Golf Olivar de la Hinojosa” y preciosos parques de los cuales destacamos Juan Carlos I y Juan Pablo II. La cercanía al metro Arturo Soria-Línea 4 y a diversas líneas de autobús como 9, 11, 70, 122 o N3 nos garantizan un rápido acceso al centro. La incorporación a las autovías M30, M40, M11 y NII es inmediata. La proximidad al Aeropuerto Internacional Adolfo Suarez Madrid Barajas y a la Estación de Chamartín es un valor añadido. Una oportunidad única para vivir en uno de los enclaves residenciales más privilegiados de Madrid.",True,good,False,6630.0,True,True,False,False,[],False,False,915000.0,€,True,True,flat,,"Salvador, Madrid","Piso en calle del Doctor Zamenhof, 22",Top,bj,True,True,,,
108195373,https://img4.idealista.com/blur/480_360_mq/0/id.pro.es.image.master/39/86/5c/1340671265.webp,FR209110,56,1195000.0,chalet,sale,292.0,5,5,calle Ave del Paraíso,Madrid,Madrid,Moncloa,es,Aravaca,40.4499374,-3.788405,False,https://www.idealista.com/inmueble/108195373/,"En el prestigioso barrio de Aravaca, dentro del distrito de Moncloa, se encuentra este espectacular chalet adosado de esquina, una propiedad que combina funcionalidad, independencia y una ubicación privilegiada. Con una superficie construida de 292 m² distribuidos en cuatro plantas, este inmueble ofrece un diseño cuidadosamente pensado para satisfacer las necesidades de una vida moderna y cómoda. La vivienda cuenta con cinco dormitorios, cuatro de ellos principales y uno secundario, ideales para familias que buscan espacio y privacidad. La distribución incluye cinco baños, tres de ellos principales, un baño secundario y un aseo, lo que garantiza comodidad para todos los miembros del hogar. El salón, con una superficie de 30 m² y suelo de tarima, es el lugar perfecto para disfrutar de momentos familiares o recibir invitados. Además, la propiedad dispone de un jardín privado de 45 m² y otro comunitario con piscina para 16 vecinos, convirtiéndose en un oasis de tranquilidad en plena ciudad. Entre las características destacables de esta vivienda se encuentran el aire acondicionado, armarios empotrados, puerta blindada y alarma, elementos que brindan seguridad y confort. La vivienda dispone de un garaje con capacidad para dos vehículos. Aravaca es conocido por ser uno de los barrios más exclusivos de Madrid, con un ambiente residencial que combina tranquilidad y accesibilidad. Rodeado de zonas verdes como el Monte del Pilar y el Parque de la Casa de Campo, este enclave ofrece un entorno perfecto para el disfrute al aire libre. La oferta comercial es amplia, destacando el cercano centro comercial Zielo Shopping Pozuelo, que cuenta con tiendas de prestigio, restaurantes y servicios de alta calidad. Cuenta en los alrededores con un gran número de centros educativos tanto públicos como privados, Santa María de los Rosales, Internacional Aravaca, Bernadette, Liceo Sorolla, San José de Cluny, Escolapios etc. Las comunicaciones son espléndidas, con acceso directo a líneas de transporte público como la estación de Cercanías de Aravaca y Pozuelo (líneas C7 y C10), y las líneas de autobús 161, 657 y 658 que conectan con el centro de Madrid y otros puntos estratégicos. Además, la proximidad a la carretera A-6 facilita el acceso rápido en vehículo privado. Desde 1983, GILMAR se ha dedicado a ayudar a sus clientes a encontrar la casa de sus sueños, combinando profesionalidad, experiencia y un servicio personalizado. Con un equipo experto en el mercado inmobiliario, nuestra misión es ofrecer soluciones que superen las expectativas de quienes confían en nosotros. Si deseas obtener más información sobre este excepcional chalet adosado en Aravaca, no dudes en contactar con nuestro equipo de expertos en la oficina de Pozuelo-Aravaca, ubicada en Avda. de Europa 14, o llamarnos al teléfono También puedes enviarnos un correo electrónico a. Por favor, facilita la referencia **209110** para agilizar el proceso. ¡Estamos aquí para ayudarte!",True,good,False,4092.0,True,True,False,False,[],False,False,1195000.0,€,True,True,chalet,terracedHouse,"Aravaca, Madrid",Chalet adosado en calle Ave del Paraíso,Top,,,,,,
108488804,https://img4.idealista.com/blur/480_360_mq/0/id.pro.es.image.master/db/9d/1b/1352690905.webp,AG209852,35,1100000.0,flat,sale,164.0,3,2,calle de la Salud,Madrid,Madrid,Centro,es,Sol,40.4184411,-3.7034143,False,https://www.idealista.com/inmueble/108488804/,"Descubre este exclusivo piso de lujo en el corazón de Madrid, situado en el emblemático barrio de Sol, una de las zonas más vibrantes y codiciadas de la capital. Con una superficie de 164 m², esta vivienda reformada con acabados de alta calidad combina elegancia, confort y una ubicación inmejorable. Dispone de 3 amplios dormitorios y 1 despacho, 2 baños completamente renovados, una cocina funcional y moderna, y un luminoso salón independiente orientado al este, que garantiza una entrada de luz natural espectacular durante todo el día. El suelo de parquet, los detalles cuidados y la orientación hacen de este inmueble un espacio cálido y acogedor. Entre las características de esta propiedad destacan la calefacción central, el aire acondicionado y un portal de lujo con ascensor. El edificio, construido en 1940, ha sido reformado para ofrecer todas las comodidades de la vida moderna sin perder su esencia histórica. Además, cuenta con portero automático, garantizando seguridad y comodidad. El barrio de Sol es uno de los más emblemáticos de Madrid. Vivir aquí significa estar rodeado de historia, cultura y entretenimiento. A pocos pasos encontrarás la Puerta del Sol, la Plaza Mayor, y una amplia oferta de teatros, restaurantes y boutiques exclusivas. También disfrutarás de una excelente conexión con el resto de la ciudad gracias a las líneas de metro 1, 2 y 3 (estación Sol), así como las líneas de cercanías C3 y C4. En cuanto a transporte en superficie, las líneas de autobús 3, 50 y 51 tienen paradas cercanas. Para las familias, el Colegio Público San Ildefonso se encuentra a menos de 2 kilómetros, ofreciendo una opción educativa de calidad en las inmediaciones. Si buscas opciones de compras y ocio, el centro comercial El Corte Inglés de Preciados está a pocos minutos caminando, añadiendo aún más comodidad a esta ubicación privilegiada. Desde 1983, GILMAR se ha consolidado como líder en el sector inmobiliario, ayudando a miles de clientes a encontrar la casa de sus sueños. Nuestro equipo de expertos está comprometido con ofrecer un servicio excepcional y personalizado, adaptado a las necesidades de cada cliente. Si deseas más información sobre este inmueble, no dudes en ponerte en contacto con nuestro equipo de la oficina de Centro. Por favor, facilita la referencia 209852 para que podamos atenderte de manera más ágil y precisa. ¡Estamos aquí para ayudarte!",True,good,False,6707.0,True,True,False,False,[],False,False,1100000.0,€,,,flat,,"Sol, Madrid",Piso en calle de la Salud,Top,2,True,True,,,
108514546,https://img4.idealista.com/blur/480_360_mq/0/id.pro.es.image.master/64/2f/0e/1347680237.webp,LM210923,38,793000.0,chalet,sale,300.0,5,3,Barrio El Pinar- Punta Galea,Madrid,Las Rozas de Madrid,El Pinar- Punta Galea,es,El Pinar- Punta Galea,40.5379518,-3.8920723,False,https://www.idealista.com/inmueble/108514546/,"GILMAR vende este exclusivo chalet adosado, se encuentra en la prestigiosa zona de El Pinar-Punta Galea, en Las Rozas de Madrid, una de las áreas residenciales más demandadas del noroeste de la capital. Con una superficie construida de 300 m² sobre una parcela de 295 m², esta vivienda combina amplitud, diseño y funcionalidad, distribuyéndose en cuatro plantas que se adaptan a las necesidades de cualquier familia.  Distribución En el sótano, se encuentra un garaje con capacidad para dos vehículos, así como un cuarto que puede ser utilizado como bodega y adaptado para incluir un baño adicional.  La planta baja alberga un luminoso salón-comedor con acceso directo al porche y jardín, una cocina independiente con tendedero y un aseo de cortesía.  En la primera planta, destaca el dormitorio principal en suite con terraza privada, junto a dos dormitorios adicionales que comparten un baño completo.  La buhardilla ha sido ampliada para incluir dos dormitorios más, uno de ellos con acceso a una terraza. Además, cuenta con una sala de estar que puede funcionar como distribuidor.  Características destacadas Este chalet ha sido renovado con múltiples mejoras: aire acondicionado en las tres plantas (instalado en 2022), persianas motorizadas en el salón y dormitorio principal, doble acristalamiento en las ventanas, y un cargador eléctrico en el garaje. En el exterior, el jardín cuenta con una piscina comunitaria, pista de tenis y pádel, y una amplia terraza ampliada para disfrutar de veladas al aire libre. La carpintería interior es de madera lacada, mientras que la exterior está realizada con doble ventana, asegurando aislamiento y confort. La calefacción es de gasoil, complementada con un sistema de alarma para mayor seguridad.  Entorno y servicios El Pinar-Punta Galea es un enclave residencial que combina tranquilidad y exclusividad, con una excelente comunicación por carretera a través de la A-6 y la M-50. Además, la estación de tren de cercanías de Las Rozas está a solo 10 minutos en coche, con las líneas C-7 y C-10 que conectan rápidamente con el centro de Madrid. También hay líneas de autobuses interurbanos como la 625 y la 628 que enlazan con Moncloa y otras áreas de la zona.  En cuanto a servicios educativos, el Colegio Europeo de Madrid está a menos de 5 kilómetros, ofreciendo una educación internacional de primer nivel. Para las compras y el ocio, el Centro Comercial Heron City y Las Rozas Village están a escasos minutos, con una amplia oferta de tiendas, restaurantes y actividades para toda la familia.  Sobre GILMAR Desde 1983, GILMAR se ha comprometido a ayudar a sus clientes a encontrar la casa de sus sueños. Con una trayectoria impecable y un equipo de expertos en el sector inmobiliario, nuestra prioridad es ofrecer un servicio personalizado y de calidad. Este chalet, con referencia 210923, es una muestra de nuestro compromiso con la excelencia. Si deseas más información sobre esta propiedad, no dudes en contactar con nuestro equipo en la oficina de Las Rozas, ubicada en la Avda. Atenas 75 (Centro Comercial Zoco de Monte Rozas). Llámanos al o envíanos un correo electrónico a. Indícanos la referencia para que podamos atenderte con mayor rapidez.",True,good,False,2643.0,True,True,False,True,[],False,False,793000.0,€,True,True,chalet,terracedHouse,"El Pinar- Punta Galea, Las Rozas de Madrid",Chalet adosado,Top,,,,,,
108437155,https://img4.idealista.com/blur/480_360_mq/0/id.pro.es.image.master/e8/fe/32/1344841288.webp,LM209959,39,1550000.0,chalet,sale,558.0,6,5,Barrio Molino de la Hoz,Madrid,Las Rozas de Madrid,Molino de la Hoz,es,Molino de la Hoz,40.5422666,-3.9294213,False,https://www.idealista.com/inmueble/108437155/,"GILMAR vende una joya arquitectónica en el corazón de Molino de la Hoz, una de las urbanizaciones más exclusivas de Las Rozas, Madrid. Este espectacular chalet independiente, reformado hace sólo 1 año, se alza sobre una parcela de 1862 m² con una privacidad inigualable y vistas privilegiadas a una zona protegida. Diseñado para los amantes del lujo y el confort, este inmueble combina un diseño arquitectónico imponente con materiales de la más alta calidad, ofreciendo 558 m² construidos distribuidos en tres plantas. La planta baja te recibe con un elegante hall de entrada presidido por una gran escalera de madera. Desde aquí, accedes a un salón amplio con varios ambientes y chimenea, ideal para disfrutar de momentos únicos en familia. El salón conecta con una terraza que bordea la propiedad, permitiéndote disfrutar de las vistas y el entorno natural. La cocina, moderna y equipada con electrodomésticos de primeras marcas, es el sueño de cualquier chef. Además, esta planta cuenta con un muy espacioso office, un cuarto de lavandería y un baño completo, añadiendo funcionalidad y versatilidad. En la primera planta, distribuida en dos niveles, encontrarás un dormitorio con baño completo en suite, otro dormitorio y una espectacular suite principal con vestidor y baño completo. Todos ellos con acceso a grandes terrazas privadas y vistas espectaculares. Un segundo nivel ofrece dos dormitorios adicionales y un baño que les da servicio, proporcionando espacio más que suficiente para toda la familia. La propiedad incluye un garaje con capacidad para tres coches, cargador de coche eléctrico y almacenamiento adicional, además de otro cuarto multifunción con baño completo y un cuarto de calderas. La vivienda dispone de una instalación fotovoltaica de 9 kW con baterías de 4 kWh, que subraya su eficiencia energética. El exterior es sencillamente impresionante. Los jardines, diseñados a varias alturas, enmarcan una gran piscina privada reformada con clorador salino y calentador/enfriador de agua y terrazas alrededor de la casa, desde donde se pueden admirar vistas panorámicas, ofreciendo un escenario idílico para relajarse o entretener a invitados. La carpintería interior de madera, la exterior de PVC, persianas motorizadas, aire acondicionado frío/calor, el suelo radiante con termostato digital en cada habitación y la alarma son solo algunas de las características que elevan esta vivienda a un nivel de exclusividad único. Molino de la Hoz es una urbanización cerrada con vigilancia 24 horas, rodeada de naturaleza y tranquilidad, ideal para familias que buscan calidad de vida. Dentro de la urbanización se encuentran dos prestigiosos colegios bilingües: el Logos International School (privado) y el colegio Bérriz (concertado), conocidos por su excelencia educativa. A tan solo 15 minutos en coche, está el Centro Comercial Heron City Las Rozas que ofrece una variada oferta de ocio, restaurantes y tiendas. En cuanto al transporte público, a solo 200m de la vivienda está la parada del autobús interno que circula por la urbanización y se encuentran las paradas de las líneas de autobús 625 y 629 que conectan Molino de la Hoz con el centro de Las Rozas y con Madrid, mientras que la estación de Cercanías de Las Rozas (líneas C-3 y C-10) se encuentra a unos 8 kilómetros.  La Urbanización cuenta a su entrada con el Pantano Molino de la Hoz navegable a vela para embarcaciones de hasta 4 metros de eslora. Adyacente al pantano se encuentra el Club Social de la urbanización, con uso gratuito de todas las instalaciones para los propietarios de viviendas. El Club cuenta con dos piscinas, 3 pistas de tenis, 2 pistas de pádel, canchas de baloncesto, balonmano, fútbol además de un moderno gimnasio y sala multifunción. También hay un magnífico restaurante del Club con amplias terrazas para disfrutar junto al lago. La urbanización tiene vigilancia privada con barreras y seguridad 24h fantásticamente ate.",True,good,False,2778.0,True,True,False,True,[],False,False,1550000.0,€,True,True,chalet,independantHouse,"Molino de la Hoz, Las Rozas de Madrid",Casa independiente,Top,,,,,,
