propertyCode,thumbnail,externalReference,numPhotos,price,propertyType,operation,size,rooms,bathrooms,address,province,municipality,district,country,latitude,longitude,showAddress,url,description,hasVideo,status,newDevelopment,newDevelopmentFinished,priceByArea,hasPlan,has3DTour,has360,hasStaging,notes,topNewDevelopment,topPlus,priceInfo.price.amount,priceInfo.price.currencySuffix,parkingSpace.hasParkingSpace,parkingSpace.isParkingSpaceIncludedInPrice,detailedType.typology,detailedType.subTypology,suggestedTexts.subtitle,suggestedTexts.title,floor,exterior,neighborhood,hasLift,priceInfo.price.priceDropInfo.formerPrice,priceInfo.price.priceDropInfo.priceDropValue,priceInfo.price.priceDropInfo.priceDropPercentage,parkingSpace.parkingSpacePrice
108367536,https://img4.idealista.com/blur/480_360_mq/0/id.pro.es.image.master/77/40/93/1341998051.webp,206 B V-12,12,570000.0,chalet,sale,168.0,3,3,"calle Denébola, 204",Madrid,Móstoles,Sur,es,40.3110036,-3.8517175,True,https://www.idealista.com/obra-nueva/108367536/,"¡OBRAS INICIADAS! ¡ENTREGA ANTES DE DICIEMBRE DE 2026!  *Descubre Villa 2 en Móstoles: Tu Nuevo Hogar Exclusivo* Presentamos 17 chalets de obra nueva, distribuidos en dos parcelas, con opción de solárium, ubicados en Móstoles, una de las localidades más atractivas de Madrid. Villa 2 ofrece chalets exclusivos diseñados para maximizar la luz natural, con jardín privado y un amplio solárium que proporciona un espacio adicional versátil y acogedor. Nos centramos en la calidad de cada proyecto, cuidando cada detalle para que disfrutes de un hogar confortable, eficiente y adaptado a las necesidades actuales. *Sostenibilidad y Confort Asegurados* Nuestro compromiso con la sostenibilidad se refleja en soluciones constructivas que reducen las emisiones y el consumo energético. Gracias a una envolvente de edificio optimizada, alto aislamiento térmico, sistema de aerotermia con suelo radiante-refrescante, carpintería exterior de calidad, doble acristalamiento, sistema de ventilación mecánica y placas fotovoltaicas, estas viviendas alcanzan estándares de consumo casi nulo, garantizando el máximo confort. *Diseño de Vanguardia y Personalización* Disfruta de un diseño de vanguardia con acabados de primeras marcas y cocinas amuebladas. Nuestro proyecto es moderno y te permitirá elegir entre diversas opciones sin coste adicional, para que puedas personalizar tu vivienda y hacerla realmente tuya. La entrega de las viviendas está prevista para el cuarto trimestre del año 2026. Si necesitas ayuda para vender tu vivienda de segunda mano, te ofrecemos asesoramiento en la gestión de compraventa. No dejes escapar esta oportunidad única de adquirir uno de estos exclusivos chalets de obra nueva en Villa 2 Móstoles. En Grupo Bafre, te lo ponemos fácil.",False,newdevelopment,True,False,3393.0,True,False,False,False,[],False,False,570000.0,€,True,True,chalet,semidetachedHouse,"Sur, Móstoles","Chalet pareado en calle Denébola, 204",,,,,,,,
108316533,https://img4.idealista.com/blur/480_360_mq/0/id.pro.es.image.master/9f/e5/e4/1340481839.webp,W-02ZFMK,33,630000.0,chalet,sale,175.0,3,2,Cerceda,Madrid,Cerceda,,es,40.7009959,-3.9439752,False,https://www.idealista.com/inmueble/108316533/,"Chalet individual en una planta en Cerceda Les presentamos esta magnífica vivienda unifamiliar cuidadosamente diseñada para ofrecer una experiencia de habitabilidad cómoda, práctica y acogedora. Su distribución se articula de manera eficiente en una sola planta, facilitando el día a día y promoviendo una fluida conexión entre los distintos espacios. Al acceder a la vivienda, nos recibe un amplio y luminoso vestíbulo de entrada que actúa como distribuidor principal, aportando privacidad a las estancias interiores. Desde aquí se accede directamente a la zona de día, compuesta por una moderna cocina, totalmente equipada, Este espacio de convivencia, disfruta de abundante luz natural gracias a sus grandes ventanales y salida directa al exterior, ideal para disfrutar de comidas al aire libre, reuniones sociales o simplemente relajarse en un entorno tranquilo. La zona de noche está estratégicamente separada para garantizar el descanso. El dormitorio principal, espacioso y luminoso, cuenta con un elegante baño en suite y un práctico vestidor, creando una atmósfera de confort y privacidad. Completan esta zona dos dormitorios mas, perfectos para familiares, invitados o incluso despacho, que comparten un baño completo de uso común, equipado con materiales de calidad. El garaje, completamente integrado en el volumen de la edificación, se ubica en la parte central de la fachada principal y desempeña un papel clave en la organización del conjunto. Desde su interior se accede a la vivienda y consta de puerta de acceso automatica.Frente a la puerta del garaje se ha dispuesto una segunda plaza de aparcamiento exterior, lo que proporciona una solución cómoda y práctica para familias con más de un vehículo. Esta vivienda tiene suelo radiante en toda la casa, aerotermia, paredes lisas, puertas lacadas blancas, armarios empotrados y esta en excelente estado. Exteriores muy bien cuidados con piscina salina. Cerceda es una localidad situada en la vertiente norte de la Comunidad de Madrid, perteneciente al municipio de El Boalo-Cerceda-Mataelpino. Ubicada a una altitud de 900 metros sobre el nivel del mar, se encuentra en plena Sierra de Guadarrama, a aproximadamente 52 kilómetros de la capital. Este enclave ofrece un entorno natural privilegiado, ideal para quienes buscan calidad de vida en un entorno rural con buenas conexiones a Madrid. Situada en el Parque Nacional de la Sierra de Guadarrama y el Parque Regional de la Cuenca Alta del Manzanares, Cerceda ofrece un entorno natural excepcional. Su economía se basa principalmente en el sector servicios, con presencia de actividades ganaderas y de cantería. La combinación de naturaleza, servicios y proximidad a Madrid hace de Cerceda un lugar atractivo para residir.",True,good,False,,3600.0,True,False,True,False,[],False,False,630000.0,€,True,True,chalet,independantHouse,Cerceda,Casa independiente,,,,,,,,
108530385,https://img4.idealista.com/blur/480_360_mq/0/id.pro.es.image.master/6d/6e/b8/1366883578.webp,25,12,727000.0,chalet,sale,284.0,3,3,"calle Manuel Azaña, 125",Madrid,Rivas-Vaciamadrid,Rivas Futura,es,40.3428884,-3.5160003,True,https://www.idealista.com/obra-nueva/108530385/,"ULTIMA VIVIENDA DISPONIBLE!  Promoción de 45 viviendas unifamiliares, situada en la zona de Rivas Futura, cerca del Auditorio.  La promoción se encuentra en su última fase de ejecución de obras.  Esta vivienda se ha quedado disponible en la promoción, así que aprovecha la ocasión de reservarla. Calificación energética A, muy buenas calidades. Con sótano, y con buhardilla, planta baja y primera, además de amplio jardín y terraza accesible desde cocina y salón. Cocina especial equipada con los mejores materiales y electrodomésticos. Entrega próxima, a finales de este año 2025.  Te podemos atender en persona en la oficina comercial de Rivas, o por videollamada o por teléfono.",False,newdevelopment,True,False,2560.0,True,False,False,False,[],False,False,727000.0,€,True,True,chalet,semidetachedHouse,"Rivas Futura, Rivas-Vaciamadrid","Chalet pareado en calle Manuel Azaña, 125",,,,,,,,
108397792,https://img4.idealista.com/blur/480_360_mq/0/id.pro.es.image.master/4a/de/c4/1342996683.webp,CM-426407-J,37,1900000.0,flat,sale,270.0,6,3,Barrio Trafalgar,Madrid,Madrid,Chamberí,es,40.4295267,-3.6987591,False,https://www.idealista.com/inmueble/108397792/,"Única inmobiliaria pone a su disposición magnífico piso exterior para reformar en una de las mejores calles del barrio de Trafalgar, pegado casi al barrio de Almagro. El inmueble se ubica en una primera planta exterior con bastante altura y doble orientación norte y oeste ya que hace esquina el edificio. En cuanto a su distribución, se trata de mas de 270 metros cuadrados que actualmente dan cabida a 6 dormitorios y 3 baños, zona de salón comedor y cocina independiente. Destacar sus techos de 3 metros, aire acondicionado por conducto y calefacción central. Con respecto a la finca, de los años 50, dispone de ascensor, portero físico y la ITE favorable. Esta propiedad es una oportunidad excepcional para vivir en una zona apacible de Chamberí, con espacios luminosos y todas las comodidades para disfrutar del hogar. No te pierdas la oportunidad de visitar esta vivienda. En Única Inmobiliaria aglutinamos más de veinte años de experiencia en el sector del lujo. Contamos con una amplia trayectoria que avala nuestra gestión trabajando alrededor de las zonas más exclusivas de Madrid: Barrio de Salamanca, Recoletos, Almagro, Chamartín, Retiro.",False,good,False,,7037.0,True,False,False,False,[],False,False,1900000.0,€,True,True,flat,,"Trafalgar, Madrid",Piso,1,True,Trafalgar,True,,,,
107674256,https://img4.idealista.com/blur/480_360_mq/0/id.pro.es.image.master/a6/1d/9e/1320693131.webp,V-2,16,935000.0,chalet,sale,317.0,5,4,"carretera Galapagar, 9",Madrid,Torrelodones,Colonia,es,40.5760409,-3.9571451,True,https://www.idealista.com/obra-nueva/107674256/,"Tu nuevo hogar en Torrelodones – Única vivienda disponible con entrega inmediata  Imagina vivir en un espacio pensado para ti, donde el diseño y la eficiencia se dan la mano, y cada rincón invita a disfrutar del hogar. En la Carretera de Galapagar, 9 (Torrelodones), te espera la única vivienda disponible de esta promoción exclusiva: una casa unifamiliar de obra nueva, ya finalizada y lista para recibirte en abril de 2025.  Ubicada en una de las zonas más privilegiadas del noroeste de Madrid, esta vivienda ofrece un entorno residencial sereno, bien comunicado y con todos los servicios al alcance. Aquí, la vida fluye a otro ritmo.  Un hogar que respira amplitud y luz.  Desde el primer paso en la planta principal, sentirá la armonía entre interior y exterior. El salón-comedor, bañado por la luz natural que entra a través de amplios ventanales, se abre a una terraza perfecta para comidas al aire libre o momentos de relax. La cocina, abierta e integrada, está equipada con electrodomésticos SMEG de alta gama, combinando estilo y funcionalidad. En esta misma planta encontrarás un dormitorio versátil —ideal como despacho, cuarto de juegos o habitación de invitados— y un baño completo.  Privacidad y descanso en la planta superior  La zona de noche se encuentra en la planta primera. El dormitorio principal, con baño en suite, armarios empotrados y una terraza privada con vistas despejadas, se convierte en tu refugio personal. Un segundo dormitorio con baño privado ofrece independencia y comodidad, mientras que los dos dormitorios adicionales —luminosos y versátiles— comparten un baño completo y se adaptan a cualquier necesidad familiar o profesional. Todo con una distribución cuidada que garantiza fluidez y comodidad.  Más espacio para ti, para tus hobbies, para vivir más  La planta sótano te brinda posibilidades infinitas: una zona diáfana para convertir en gimnasio, bodega, cine o lo que imaginas. Además, cuenta con un trastero y lavadero independientes. Desde aquí accedes directamente al jardín, donde te espera una piscina privada climatizada de cloración salina. Un lugar para refrescarte en verano, nadar en invierno o simplemente desconectar.  Un hogar eficiente y sostenible  Este hogar ha sido diseñado con criterios de sostenibilidad que se traducen en bienestar y ahorro:  - Sistema de aerotermia para calefacción, refrigeración y agua caliente. - Suelo radiante y refrescante en todas las estancias. - Paneles solares fotovoltaicos para autoconsumo. - Ventanas con doble acristalamiento y persianas motorizadas para un aislamiento térmico y acústico óptimo.   Torrelodones: calidad de vida a un paso de Madrid.",False,newdevelopment,True,True,2950.0,True,False,False,False,[],False,False,935000.0,€,True,True,chalet,independantHouse,"Colonia, Torrelodones","Casa independiente en carretera Galapagar, 9",,,,,,,,
108367463,https://img4.idealista.com/blur/480_360_mq/0/id.pro.es.image.master/f1/e0/05/1341998080.webp,206 B V-3,12,560000.0,chalet,sale,138.0,3,3,"calle Denébola, 204",Madrid,Móstoles,Sur,es,40.3110036,-3.8517175,True,https://www.idealista.com/obra-nueva/108367463/,"¡OBRAS INICIADAS! ¡ENTREGA ANTES DE DICIEMBRE DE 2026!  *Descubre Villa 2 en Móstoles: Tu Nuevo Hogar Exclusivo* Presentamos 17 chalets de obra nueva, distribuidos en dos parcelas, con opción de solárium, ubicados en Móstoles, una de las localidades más atractivas de Madrid. Villa 2 ofrece chalets exclusivos diseñados para maximizar la luz natural, con jardín privado y un amplio solárium que proporciona un espacio adicional versátil y acogedor. Nos centramos en la calidad de cada proyecto, cuidando cada detalle para que disfrutes de un hogar confortable, eficiente y adaptado a las necesidades actuales. *Sostenibilidad y Confort Asegurados* Nuestro compromiso con la sostenibilidad se refleja en soluciones constructivas que reducen las emisiones y el consumo energético. Gracias a una envolvente de edificio optimizada, alto aislamiento térmico, sistema de aerotermia con suelo radiante-refrescante, carpintería exterior de calidad, doble acristalamiento, sistema de ventilación mecánica y placas fotovoltaicas, estas viviendas alcanzan estándares de consumo casi nulo, garantizando el máximo confort. *Diseño de Vanguardia y Personalización* Disfruta de un diseño de vanguardia con acabados de primeras marcas y cocinas amuebladas. Nuestro proyecto es moderno y te permitirá elegir entre diversas opciones sin coste adicional, para que puedas personalizar tu vivienda y hacerla realmente tuya. La entrega de las viviendas está prevista para el cuarto trimestre del año 2026. Si necesitas ayuda para vender tu vivienda de segunda mano, te ofrecemos asesoramiento en la gestión de compraventa. No dejes escapar esta oportunidad única de adquirir uno de estos exclusivos chalets de obra nueva en Villa 2 Móstoles. En Grupo Bafre, te lo ponemos fácil.",False,newdevelopment,True,False,4058.0,True,False,False,False,[],False,False,560000.0,€,True,True,chalet,terracedHouse,"Sur, Móstoles","Chalet adosado en calle Denébola, 204",,,,,,,,
108048744,https://img4.idealista.com/blur/480_360_mq/0/id.pro.es.image.master/47/d5/02/1332294707.webp,BAJO B,4,277000.0,flat,sale,60.0,1,1,"camino de Perales, 26",Madrid,Madrid,Usera,es,40.3812117,-3.6922337,True,https://www.idealista.com/obra-nueva/108048744/,"Residencial Manzanares Park View El Registro de Demandantes de Vivienda y Suelo de CONCOVI (Confederación de Cooperativas de Vivienda y Rehabilitación de España) presenta el futuro “Residencial Manzanares Park View”. Se trata de una oportunidad única en el distrito de Usera, situada en un entorno estratégico en el sur de Madrid, a orillas del río Manzanares, en un paisaje urbano en plena transformación y desarrollo, rodeado de importantes zonas verdes, destacando entre otros el Parque de Madrid Rio y Pradolongo, que ofrecen amplias zonas de recreo y deporte para sus residentes. Este Residencial, se ubicará en la calle Camino de Perales 26, Madrid y contará con 16 exclusivas viviendas de 1, 2 y 3 dormitorios, bajo con jardín y 2 áticos, en urbanización privada con zona común y piscina. El Residencial cuenta además con 27 plazas de garaje y 16 trasteros, en el sótano del edificio. Según palabras del arquitecto redactor, el “Residencial Manzanares Park View”, nace de la necesidad de crear un espacio que refleje armonía y funcionalidad en cada rincón. Inspirados en la belleza natural y la simplicidad de las formas orgánicas, hemos diseñado un entorno que no solo respeta su contexto, sino que también enriquece la experiencia de sus ocupantes. El concepto arquitectónico se basa en la integración de los elementos naturales y la arquitectura moderna. La estructura se compone de líneas limpias y abiertas, que permiten una conexión fluida entre los espacios interiores y exteriores. La iluminación natural juega un papel fundamental, creando ambientes cálidos y acogedores. Manzanares Park View está inspirado en la serenidad y la majestuosidad de los paisajes naturales, la idea es atraer la calma y la belleza del exterior hacia el interior, generando un refugio que promueva la tranquilidad y el bienestar. Los colores, materiales y texturas han sido cuidadosamente seleccionados para evocar la pureza y la simplicidad de la naturaleza. Además, hemos incorporado elementos que recuerdan la tradición artesanal, creando una fusión entre lo contemporáneo y lo tradicional. En conclusión, nuestro proyecto arquitectónico representa una convergencia única de naturaleza y modernidad, sostenibilidad y funcionalidad. Cada detalle ha sido diseñado para ofrecer una experiencia que sea a la vez estética y práctica, inspirada en la serenidad de la naturaleza y guiada por una profunda conciencia ambiental.",False,newdevelopment,True,False,4617.0,True,False,False,False,[],False,False,277000.0,€,True,True,flat,,"12 de Octubre-Orcasur, Madrid","Piso en camino de Perales, 26",bj,True,12 de Octubre-Orcasur,True,,,,
106633330,https://img4.idealista.com/blur/480_360_mq/0/id.pro.es.image.master/68/73/3b/1132090811.webp,ESC 1 1ºA,17,453000.0,flat,sale,89.0,2,1,"calle Vazquez de Mella, 11",Madrid,Madrid,Ciudad Lineal,es,40.4360473,-3.6395842,True,https://www.idealista.com/obra-nueva/106633330/,"Última vivienda disponible Vázquez de Mella es un nuevo proyecto residencial que consta de 14 viviendas distribuidas en BAJOS, PRIMEROS, SEGUNDOS y ÁTICOS, además de contar con los mejores acabados y equipamientos, tanto en sus ZONAS COMUNES AJARDINADAS que incluyen PISCINA, como en el interior de las viviendas. Así, resulta en una combinación exclusiva de piscina y zona ajardinada en el Distrito de CIUDAD LINEAL. El proyecto incluye una gama de viviendas de 1, 2 y 3 habitaciones con superficies construidas totales que oscilan entre los 70 y los 120 Mz, la promoción cuenta con plazas de garaje y trastero, no incluidos en el precio de las viviendas. Se encuentra ubicado en una situación privilegiada de la metrópoli, rodeado de la Plaza de Toros de las Ventas, el cruce de la calle Alcalá con Arturo Soria, el acceso a la M-30 y el Centro Comercial Alcalá Norte. Con un diseño extraordinario y gracias a la presencia de innovadores componentes como los PANELES SOLARES, el sistema de CALEFACCIÓN POR AEROTERMIA y suelo radiante/refrigerante. El aislamiento tanto de la fachada tipo SATE, como de los ventanales con rotura de puente térmico y cristal doble tipo Climalit, hacen del edificio un lugar atractivo visualmente, a la par que eficiente energéticamente, pues el proyecto contará con el CERTIFICADO ENERGÉTICO A.    Cada vivienda cuenta con un trastero incluido en el precio.  Conoce VdM, el nuevo proyecto residencial que perdurará en el tiempo como un ejemplo de innovación y regeneración urbana. Combinación exclusiva de piscina y zona ajardinada al alcance de tu mano.",False,newdevelopment,True,False,5090.0,False,False,False,False,[],False,False,453000.0,€,,,flat,,"Pueblo Nuevo, Madrid","Piso en calle Vazquez de Mella, 11",1,True,Pueblo Nuevo,True,,,,
105274295,https://img4.idealista.com/blur/480_360_mq/0/id.pro.es.image.master/3b/b4/48/1247127953.webp,cm-426133,24,889000.0,flat,sale,117.0,3,3,Barrio Malasaña-Universidad,Madrid,Madrid,Centro,es,40.4238948,-3.7043554,False,https://www.idealista.com/inmueble/105274295/,"UNICA Inmobiliaria presenta impresionante piso exterior de 117 m² en el corazón de Malasaña, Madrid. Este magnífico inmueble reformado íntegramente, ofreciendo una luminosidad excepcional y un diseño moderno que maximiza cada uno de sus espacios.  La vivienda se distribuye en espaciosa área de comedor y salón, con cocina abierta completamente equipada, amplio dormitorio en suite con vestidor y acceso a balcón, proporcionando un espacio íntimo y relajante. Dos dormitorios dobles con armarios empotrados; uno de ellos también en suite. Situado en un edificio clásico del emblemático barrio de Malasaña, este piso combina el encanto tradicional con todas las comodidades.  Privilegiada ubicación en una de las zonas más vibrantes de Madrid, el barrio de Malasaña conocido por su ambiente bohemio, sus cafés y bares, tiendas de diseño y una vida cultural rica y diversa, ofreciendo una experiencia autentica en el corazón de la ciudad.  En Única Inmobiliaria aglutinamos más de veinte años de experiencia en el sector del lujo. Contamos con una amplia trayectoria que avala nuestra gestión trabajando alrededor de las zonas más exclusivas de Madrid: Barrio de Salamanca, Recoletos, Almagro, Chamartín, Retiro, Justicia….",False,good,False,,7598.0,True,False,False,False,[],False,False,889000.0,€,,,flat,,"Malasaña-Universidad, Madrid",Piso,2,True,Malasaña-Universidad,True,,,,
109216604,https://img4.idealista.com/blur/480_360_mq/0/id.pro.es.image.master/dc/30/28/1367732999.webp,PIS0467,3,196000.0,flat,sale,135.0,3,2,Campo Real,Madrid,Campo Real,,es,40.3405814,-3.3802957,False,https://www.idealista.com/inmueble/109216604/,"Piso reformado con garaje y trastero en Campo Real Se vende amplio y luminoso piso de 100 m², ubicado en una tranquila zona de Campo Real, a tan solo unos minutos a pie del centro y rodeado de todos los servicios esenciales: supermercados, colegios, transporte y comercios. Situado en una segunda planta (sin ascensor), el inmueble destaca por su excelente distribución: 3 dormitorios con buena iluminación natural. 2 baños (uno en suite) y el de servicio se utiliza como cuarto de lavandería con opción de volver a instalar la ducha. Cocina independiente con tendedero, amplia y cómoda para el día a día. Salón-comedor espacioso, perfecto para reuniones familiares y momentos de relax. La vivienda cuenta con gas natural, lo que garantiza un mayor confort y eficiencia energética. Construida en 2005, ha sido reformada recientemente, presentando un estado impecable y lista para entrar a vivir. Además, dispone de una plaza de garaje en el mismo edificio y un trastero de gran capacidad, ideales para mayor comodidad y almacenamiento. En resumen, una gran oportunidad para quienes buscan espacio, confort y ubicación privilegiada en Campo Real. [IW].",False,good,False,,1452.0,False,False,False,False,[],False,False,196000.0,€,True,True,flat,,Campo Real,Piso,2,True,,False,,,,
108081383,https://img4.idealista.com/blur/480_360_mq/0/id.pro.es.image.master/ef/e1/9b/1333247134.webp,PB C,23,385000.0,flat,sale,76.0,2,2,Juan Marichal s/n,Madrid,Alcalá de Henares,La Garena,es,40.4785912,-3.3946399,True,https://www.idealista.com/obra-nueva/108081383/,"“Próximo inicio de obras” PRECOMERCIALIZACION FASE I Y FASE II- Residencial NAO, una magnifica promoción de 136 viviendas de 2 y 3 dormitorios en Ciudad Garena 10 con plaza de garaje, trastero, piscina y amplias zonas comunes. Además de las viviendas tipo, las plantas bajas disponen de una terraza adicional ultimas plantas tipo dúplex con amplias terrazas. A destacar, sus grandes ventanales que aportan luminosidad a sus estancias, así como una distribución del espacio muy cuidada junto con la elección de materiales y acabados hace que Residencial Nao tenga lo necesario para que la conviertas en tu hogar. Además con aerotermia con suelo radiante refrescante para un óptimo confort. Como cada detalle es importante, también podrás elegir entre diferentes acabados, calidades y materiales, así como opciones de mejoras para que puedas personalizar la vivienda a tu estilo. La Garena, un enclave privilegiado donde se combina la calidad de vida de Alcalá de Henares a 20 minutos de Madrid. “Ciudad Garena Diez” se encuentra frente a la estación de cercanías de La Garena y a tan solo a 5 minutos a pie del centro comercial “La Garena”, el Hipercor y el centro de salud. En su entorno se encuentran dos colegios que figuran entre los 100 mejores de España, concretamente el CEIP La Garena en el noveno puesto y el CEIP Antonio Mingote en el puesto 40. Dispone de una amplia oferta de servicios ocio, restaurantes, supermercados y deportes, destacando la ciudad deportiva “El Juncal”, uno de los mayores centros de Alcalá de Henares y el centro de negocios “Garena Plaza”, una zona en auge para nuevas implantaciones comerciales. Conectado al centro histórico mediante el carril bici de la Avenida de Madrid. Comunicación directa a principales vías de comunicación A-2 y R-2 y cuenta con variedad transporte público, urbano e interurbano. Zonas comunes: Ascensor, zona infantil, zona de esparcimiento al aire libre, zonas verdes, piscina de adultos e infantil.",False,newdevelopment,True,False,5066.0,True,False,False,False,[],False,False,385000.0,€,True,True,flat,,"La Garena, Alcalá de Henares",Piso en Juan Marichal s/n,bj,True,,True,,,,
106186007,https://img4.idealista.com/blur/480_360_mq/0/id.pro.es.image.master/bf/45/34/1275135917.webp,06586,85,1400000.0,chalet,sale,868.0,8,6,Barrio Molino de la Hoz,Madrid,Las Rozas de Madrid,Molino de la Hoz,es,40.5423257,-3.9333504,False,https://www.idealista.com/inmueble/106186007/,"Les invitamos a conocer una de las mejores viviendas de Molino de la Hoz. Un gran chalet clásico de 860 m2 de vivienda, en una gran parcela de 2780 m2 con piscina, con un único vecino (pues el resto del espacio que rodea la parcela es zona verde no edificable), lo que asegura intimidad y confort. DISTRIBUCIÓN; La vivienda, grande en todas sus estancias, se organiza en 3 plantas y una buhardilla, siendo su distribución de la siguiente manera: - Planta baja (acceso principal): cuenta con una superficie útil de 200 m2 + 121 m2 de terraza. Consta de recibidor de entrada, dos salones, uno con chimenea y otro desde donde se accede a una galería utilizada ahora como despacho, dos comedores (uno de diario y otro de gala) con salida a la estupenda terraza donde tenemos unas vistas despejadas de la parcela y tanto de los montes de la urbanización como de la contigua urbanización del Golf. En esta planta también encontramos un aseo, una zona de estar, la cocina con despensa y dormitorio de servicio con baño en suite y el cuarto de calderas. - Planta primera: tiene una superficie útil de 117 m2 + dos terrazas de 9 y 5 m2 y acceso a una buhardillas de 36 m2 de superficie útil. La planta se distribuye fundamentalmente en 4 habitaciones y 3 baños. El dormitorio principal, amplio y luminoso, cuenta con gran vestidor y baño en suite y salida a la terraza de 9 m2. Hay otro dormitorio grande con salida a la terraza de 5 m2 y otros dos dormitorios dobles. Estos tres dormitorios comparten dos baños completos. Existe una gran zona de estar delante del dormitorio principal, desde donde sale una escalera de caracol para acceder a la buhardilla. Este espacio se distribuye en zona de estar y habitación en suite. - Planta semisótano: tiene una superficie útil de 186 m2 + 124 m2 de porches y 46 m2 de aparcamiento exterior techado. En esta planta nos encontramos con una zona de bar, una sala de estar con salida al jardín, una bodega, un garaje cubierto para dos coches, una habitación en suite, salas de almacenaje, de máquinas, instalaciones y taller. ES IMPORTANTE SABER: La planta semisótano es una planta exterior a la parcela dadas las caídas del terreno, lo que convierte la planta en una extensión completamente aprovechable y con luz natural. La calefacción es mediante caldera individual de propano, pero el depósito es comunitario de la urbanización, lo que ahorra costes de mantenimiento, así como de tener que ocuparse de revisiones o rellenados. La vivienda cuenta además con bombas de frío/calor en los dormitorios, despacho y buhardilla y de chimenea en el salón de la planta baja. En el jardín contamos con una gran piscina y de unos baños/vestuarios exteriores para dar servicio al jardín y la piscina. La urbanización cuenta con garita de entrada, seguridad 24h. COMUNICACIONES Y SERVICIOS Dentro de la propia urbanización de Molino de la Hoz, contamos con 2 de los mejores colegios de la comunidad de Madrid, un club social con vistas al lago y con restaurante, piscina de verano, pistas de tenis y pádel, autobús directo a Moncloa que recorre toda la Urbanización, autobús gratuito al centro de Las Rozas y una zona comercial con los principales servicios, panadería, farmacia, papelería, veterinario, centro médico, supermercado, restaurantes y cafetería. Además el acceso en coche es muy sencillo desde Las Rozas o desde la A-6. Si desea más información o realizar una visita, no dude en ponerse en contacto con nosotros.",False,good,False,,1613.0,True,False,False,False,[],False,False,1400000.0,€,True,True,chalet,independantHouse,"Molino de la Hoz, Las Rozas de Madrid",Casa independiente,,,Molino de la Hoz,,1500000.0,100000.0,7.0,
105136166,https://img4.idealista.com/blur/480_360_mq/0/id.pro.es.image.master/1f/c8/77/1243560105.webp,cm-426060,21,1189000.0,penthouse,sale,164.0,4,4,Barrio Sol,Madrid,Madrid,Centro,es,40.4176107,-3.7008456,False,https://www.idealista.com/inmueble/105136166/,"ÚNICA Inmobiliaria presenta este maravilloso inmueble ubicado en zona Centro de Madrid.  La propiedad está reformada a estrenar, consta de 164 m² que se distribuye en un amplio y espectacular salón-comedor con gran dimensión e increíble luz gracias a sus ventanales con vistas a la calle principal. Cocina con isla, completamente equipada con electrodomésticos de alta gama.  La zona de descanso cuenta con cuatro dormitorios, tres de ellos en suite, todas con armarios empotrados, un cuarto de baño de cortesía y el área de lavado. Destaca la elegante reforma, que ha cuidado cada detalle en las mejores calidades. Descubre la magia de vivir en el encantador barrio de Centro- Sol. Uno de los mejores barrios de Madrid. Cercano a lugares de moda, restaurantes y tiendas exclusivas. Excelente ubicación en enclave que se caracteriza por la diversidad que ofrece su actividad comercial y residencial, así como la disposición de áreas con bonitas callejuelas alejadas del ruidoso tráfico.  Esta zona ofrece una amplia posibilidad en la red de comunicaciones, así como una extensa oferta de cafés y lugares de encuentro. En Única Inmobiliaria aglutinamos más de veinte años de experiencia en el sector del lujo. Contamos con una amplia trayectoria que avala nuestra gestión trabajando alrededor de las zonas más exclusivas de Madrid: Barrio de Salamanca, Recoletos, Almagro, Chamartín, Retiro, Justicia….",False,good,False,,7250.0,True,False,False,False,[],False,False,1189000.0,€,,,flat,penthouse,"Sol, Madrid",Ático,5,True,Sol,True,,,,
107488759,https://img4.idealista.com/blur/480_360_mq/0/id.pro.es.image.master/55/43/05/1366233019.webp,AA184181000,26,515000.0,penthouse,sale,132.0,2,3,Barrio San Isidro,Madrid,Madrid,Carabanchel,es,40.3904989,-3.7310206,False,https://www.idealista.com/inmueble/107488759/,"Presentamos esta exclusiva vivienda de obra nueva (2025), un ático dúplex con una espectacular terraza de 35 m², ideal para disfrutar de reuniones, relax y momentos al aire libre. En la planta principal se encuentra una amplia superficie diáfana que integra cocina, salón-comedor, tendedero, un baño completo y salida directa a la terraza. La planta superior cuenta con 2 dormitorios luminosos y 2 baños, ofreciendo comodidad e independencia para toda la familia. La finca destaca por su diseño moderno y materiales de alta calidad: Fachada cerámica ventilada Piscina comunitaria de agua salina Ventanas de aluminio lacado con cristales climalit y rotura de puente térmico Sistema de aerotermia Aire acondicionado con bomba frío/calor Sistema de alarma Además, el precio incluye una plaza de garaje amplia y un trastero, añadiendo practicidad al confort de esta magnífica vivienda. Una oportunidad única de estrenar hogar en una de las zonas con mayor proyección de Carabanchel.",False,good,False,,3902.0,True,False,False,False,[],False,False,515000.0,€,True,True,flat,penthouse,"San Isidro, Madrid",Ático,3,True,San Isidro,True,,,,
108999090,https://img4.idealista.com/blur/480_360_mq/0/id.pro.es.image.master/b6/4b/7d/1332294708.webp,3A,4,535000.0,flat,sale,109.0,2,2,"camino de Perales, 26",Madrid,Madrid,Usera,es,40.3812117,-3.6922337,True,https://www.idealista.com/obra-nueva/108999090/,"Residencial Manzanares Park View El Registro de Demandantes de Vivienda y Suelo de CONCOVI (Confederación de Cooperativas de Vivienda y Rehabilitación de España) presenta el futuro “Residencial Manzanares Park View”. Se trata de una oportunidad única en el distrito de Usera, situada en un entorno estratégico en el sur de Madrid, a orillas del río Manzanares, en un paisaje urbano en plena transformación y desarrollo, rodeado de importantes zonas verdes, destacando entre otros el Parque de Madrid Rio y Pradolongo, que ofrecen amplias zonas de recreo y deporte para sus residentes. Este Residencial, se ubicará en la calle Camino de Perales 26, Madrid y contará con 16 exclusivas viviendas de 1, 2 y 3 dormitorios, bajo con jardín y 2 áticos, en urbanización privada con zona común y piscina. El Residencial cuenta además con 27 plazas de garaje y 16 trasteros, en el sótano del edificio. Según palabras del arquitecto redactor, el “Residencial Manzanares Park View”, nace de la necesidad de crear un espacio que refleje armonía y funcionalidad en cada rincón. Inspirados en la belleza natural y la simplicidad de las formas orgánicas, hemos diseñado un entorno que no solo respeta su contexto, sino que también enriquece la experiencia de sus ocupantes. El concepto arquitectónico se basa en la integración de los elementos naturales y la arquitectura moderna. La estructura se compone de líneas limpias y abiertas, que permiten una conexión fluida entre los espacios interiores y exteriores. La iluminación natural juega un papel fundamental, creando ambientes cálidos y acogedores. Manzanares Park View está inspirado en la serenidad y la majestuosidad de los paisajes naturales, la idea es atraer la calma y la belleza del exterior hacia el interior, generando un refugio que promueva la tranquilidad y el bienestar. Los colores, materiales y texturas han sido cuidadosamente seleccionados para evocar la pureza y la simplicidad de la naturaleza. Además, hemos incorporado elementos que recuerdan la tradición artesanal, creando una fusión entre lo contemporáneo y lo tradicional. En conclusión, nuestro proyecto arquitectónico representa una convergencia única de naturaleza y modernidad, sostenibilidad y funcionalidad. Cada detalle ha sido diseñado para ofrecer una experiencia que sea a la vez estética y práctica, inspirada en la serenidad de la naturaleza y guiada por una profunda conciencia ambiental.",False,,True,False,4908.0,True,False,False,False,[],False,False,535000.0,€,True,True,flat,,"12 de Octubre-Orcasur, Madrid","Piso en camino de Perales, 26",3,True,12 de Octubre-Orcasur,True,,,,
109057799,https://img4.idealista.com/blur/480_360_mq/0/id.pro.es.image.master/ed/00/9d/1363125715.webp,7008-VI-000-000-BAJ-,11,245600.0,flat,sale,82.0,2,2,"calle San Isidro, 12",Madrid,Getafe,Getafe Centro,es,40.3044529,-3.7258526,True,https://www.idealista.com/obra-nueva/109057799/,"Oportunidad de inversión con precios de lanzamiento de promoción. Viviendas de 2 dormitorios modernas, funcionales y eficientes, situadas en el centro de Getafe para un estilo de vida activo y urbano. Trastero incluido en el precio. Personalización de acabados y forma de pago flexible. Excelente ubicación: a menos de 17 min andando de la parada de metro Alonso de Mendoza y de la parada de Getafe Centro con cercanías también, a 270 metros del centro de salud Juan de la Cierva, a 350 m del supermercado más cercano, a 600 metros del Ayuntamiento y a 950 m del polideportivo.",False,newdevelopment,True,False,2995.0,True,False,False,False,[],False,False,245600.0,€,,,flat,,"Getafe Centro, Getafe","Piso en calle San Isidro, 12",bj,True,,True,,,,
108387304,https://img4.idealista.com/blur/480_360_mq/0/id.pro.es.image.master/57/e2/bb/1342590453.webp,W-02UOWO,67,2100000.0,chalet,sale,550.0,7,3,Zona Monte el Pilar,Madrid,Majadahonda,Zona Monte el Pilar,es,40.4574343,-3.8610835,False,https://www.idealista.com/inmueble/108387304/,"Exclusivo chalet en Pinar Del Pantío Engel & Völkers presenta este impresionante chalet unifamiliar completamente reformado en 2021, ubicado en la exclusiva zona del Monte del Pilar de Majadahonda. Con un diseño moderno y eficiente, la propiedad cuenta con espacios abiertos, luminosos y acabados de alta gama-  La planta principal ofrece un concepto abierto, donde sus ambientes, salón, comedor y cocina, se combinan en una sola área sin divisiones físicas, creando una atmósfera fluida y moderna, promoviendo la interacción entre los espacios y aprovechando al máximo la luz natural. Una suite con patio inglés y una habitación de servicio con lavandería completan este primer nivel.   La planta superior, alberga la zona de descanso, con cuatro espectaculares suites, destacando la principal con gran vestidor y acogedor salón con chimenea.  El sótano es un espacio multifuncional con gimnasio, sala polivalente y baño completo. Equipado con tecnología de última generación, como aerotermia y placas solares, la casa tiene una calificación energética A. El exterior de la propiedad presenta un espectacular jardín de 1.328m2, con un diseño paisajístico exquisito para integrarse con la naturaleza circundante. La moderna piscina salinizada está acompañada de un una construcción independiente que puede utilizarse como casa de invitados, estudio profesional o zona de ocio, ya que cuenta con una amplia estancia, un baño completo y un magnífico porche. La propiedad se encuentra dentro de una urbanización cerrada con vigilancia 24 horas a cargo de personal especializado y patrullas de seguridad, lo que garantiza la máxima tranquilidad, privacidad y protección para toda la familia. Una oportunidad exclusiva para quienes buscan una vivienda única.",True,good,False,,3818.0,True,False,True,False,[],False,False,2100000.0,€,,,chalet,independantHouse,"Zona Monte el Pilar, Majadahonda",Casa independiente,,,,,,,,
107165022,https://img4.idealista.com/blur/480_360_mq/0/id.pro.es.image.master/c6/51/97/1327036249.webp,W-02Y24R,49,630000.0,chalet,sale,281.0,5,4,Guadarrama,Madrid,Guadarrama,,es,40.6678433,-4.0964551,False,https://www.idealista.com/inmueble/107165022/,"Magnífico Chalet en Guadarrama ¡Bienvenido a tu nuevo hogar! Engel & Völkers te presenta este magnífico chalet en plena Sierra de Guadarrama, con 281 m² construidos sobre una parcela de 361 m². Su ubicación es inmejorable: muy cerca del centro, pero lo suficientemente alejada del bullicio para disfrutar de la tranquilidad que mereces. La distribución de la casa es amplia y moderna, dividida en tres plantas que ofrecen el máximo confort y funcionalidad. Al acceder a la planta principal, te recibirán un espacioso salón-comedor y una cocina independiente de grandes dimensiones, totalmente equipada y con una práctica despensa. Además, encontrarás una acogedora sala de estar y un baño de cortesía. En la planta superior, descubrirás tres habitaciones amplias y luminosas. La suite principal destaca por su baño en suite, brindándote total comodidad. Las otras dos habitaciones también son generosas en espacio y comparten un baño completo. Cada habitación cuenta con armarios empotrados, asegurando una excelente capacidad de almacenamiento. También se ha incluido una zona de lavandería en esta planta para mayor comodidad. La planta baja es un espacio versátil, ideal para crear una sala de juegos, un gimnasio o cualquier otra idea que se te ocurra. También cuenta con un baño completo y acceso al garaje, que tiene capacidad para dos vehículos. Y no podemos olvidar el amplio jardín, que incluye una piscina privada, barbacoa y un acogedor porche, perfecto para relajarte y disfrutar de momentos especiales al aire libre. La calefacción es de gasóleo, y la casa está convenientemente situada cerca de colegios y escuelas infantiles. ¡No dejes pasar la oportunidad de vivir en este maravilloso chalet! Guadarrama, en plena Sierra de Guadarrama, es un encantador pueblo con un entorno natural único y excelente conexión con Madrid. Ideal para quienes buscan tranquilidad sin renunciar a los servicios urbanos, ofrece colegios, centro de salud, transporte público (tren y autovía) y amplias instalaciones deportivas. Además, cuenta con una rica oferta cultural, restaurantes y comercios locales. Con su arquitectura tradicional, calles empedradas y paisajes impresionantes, Guadarrama es el lugar perfecto para vivir o disfrutar de escapadas al aire libre, combinando calidad de vida, naturaleza y proximidad a la capital.",True,good,False,,2242.0,True,False,True,False,[],False,False,630000.0,€,True,True,chalet,independantHouse,Guadarrama,Casa independiente,,,,,,,,
109186807,https://img4.idealista.com/blur/480_360_mq/0/id.pro.es.image.master/88/75/c0/1366843339.webp,ATICO CON EXCELENTES VISTAS,38,580000.0,flat,sale,78.0,3,2,paseo Imperial,Madrid,Madrid,Arganzuela,es,40.4064091,-3.716782,False,https://www.idealista.com/inmueble/109186807/,"activa casa vende excelente ático con vistas espectaculares. La vivienda se compone actualmente de 3 dormitorios, salón, cocina, baño, aseo y despensa. Excelente distribución ya que la vivienda no tiene muros de cargas. Muy buena finca. Suelos de tarima, ventanas exteriores de climalit. Calefacción central. SE INCLUYE CROQUIS CON POSIBLE REFORMA Se encuentra en una zona privilegiada, rodeada de parques como el Parque Madrid - Río, parque Atenas, Parque de la Cornisa, Jardines del Campo del Moro y cercana a casa de Campo, con todo tipo de servicios, Supermercados, sucursales bancarias, Centro de Salud, Centro de Especialidades, Biblioteca Municipal, Polideportivo, Parque de Bomberos, colegios, institutos y Comercio de proximidad hacen de esta zona un barrio muy agradable en el que vivir y por su cercanía al centro histórico de Madrid. Muy bien comunicada en transporte público, cercana a estación de metro Puerta de Toledo así como varias líneas de autobuses. ¡Llama hoy mismo para concertar una visita! . NOTA: Para viviendas en venta, el precio de venta anunciado no incluye IMPUESTO DE TRASMISIONES PATRIMONIALES, NI GASTOS DE NOTARÍA Y REGISTRO. No se incluyen los muebles que aparecen en las fotografías. Este anuncio puede contener errores, se muestra a título informativo y comercial de la información recibida y no tiene responsabilidad contractual.",True,good,False,,7436.0,True,False,False,False,[],False,False,580000.0,€,,,flat,,"Imperial, Madrid",Piso en paseo Imperial,7,True,Imperial,True,590000.0,10000.0,2.0,
108367498,https://img4.idealista.com/blur/480_360_mq/0/id.pro.es.image.master/f8/0a/16/1341998096.webp,204 A V-5,12,609000.0,chalet,sale,219.0,3,3,"calle Denébola, 204",Madrid,Móstoles,Sur,es,40.3110036,-3.8517175,True,https://www.idealista.com/obra-nueva/108367498/,"¡OBRAS INICIADAS! ¡ENTREGA ANTES DE DICIEMBRE DE 2026!  *Descubre Villa 2 en Móstoles: Tu Nuevo Hogar Exclusivo* Presentamos 17 chalets de obra nueva, distribuidos en dos parcelas, con opción de solárium, ubicados en Móstoles, una de las localidades más atractivas de Madrid. Villa 2 ofrece chalets exclusivos diseñados para maximizar la luz natural, con jardín privado y un amplio solárium que proporciona un espacio adicional versátil y acogedor. Nos centramos en la calidad de cada proyecto, cuidando cada detalle para que disfrutes de un hogar confortable, eficiente y adaptado a las necesidades actuales. *Sostenibilidad y Confort Asegurados* Nuestro compromiso con la sostenibilidad se refleja en soluciones constructivas que reducen las emisiones y el consumo energético. Gracias a una envolvente de edificio optimizada, alto aislamiento térmico, sistema de aerotermia con suelo radiante-refrescante, carpintería exterior de calidad, doble acristalamiento, sistema de ventilación mecánica y placas fotovoltaicas, estas viviendas alcanzan estándares de consumo casi nulo, garantizando el máximo confort. *Diseño de Vanguardia y Personalización* Disfruta de un diseño de vanguardia con acabados de primeras marcas y cocinas amuebladas. Nuestro proyecto es moderno y te permitirá elegir entre diversas opciones sin coste adicional, para que puedas personalizar tu vivienda y hacerla realmente tuya. La entrega de las viviendas está prevista para el cuarto trimestre del año 2026. Si necesitas ayuda para vender tu vivienda de segunda mano, te ofrecemos asesoramiento en la gestión de compraventa. No dejes escapar esta oportunidad única de adquirir uno de estos exclusivos chalets de obra nueva en Villa 2 Móstoles. En Grupo Bafre, te lo ponemos fácil.",False,newdevelopment,True,False,2781.0,True,False,False,False,[],False,False,609000.0,€,True,True,chalet,terracedHouse,"Sur, Móstoles","Chalet adosado en calle Denébola, 204",,,,,,,,
108367459,https://img4.idealista.com/blur/480_360_mq/0/id.pro.es.image.master/ef/65/be/1341998082.webp,204 A V-3,12,585000.0,chalet,sale,153.0,3,3,"calle Denébola, 204",Madrid,Móstoles,Sur,es,40.3110036,-3.8517175,True,https://www.idealista.com/obra-nueva/108367459/,"¡OBRAS INICIADAS! ¡ENTREGA ANTES DE DICIEMBRE DE 2026!  *Descubre Villa 2 en Móstoles: Tu Nuevo Hogar Exclusivo* Presentamos 17 chalets de obra nueva, distribuidos en dos parcelas, con opción de solárium, ubicados en Móstoles, una de las localidades más atractivas de Madrid. Villa 2 ofrece chalets exclusivos diseñados para maximizar la luz natural, con jardín privado y un amplio solárium que proporciona un espacio adicional versátil y acogedor. Nos centramos en la calidad de cada proyecto, cuidando cada detalle para que disfrutes de un hogar confortable, eficiente y adaptado a las necesidades actuales. *Sostenibilidad y Confort Asegurados* Nuestro compromiso con la sostenibilidad se refleja en soluciones constructivas que reducen las emisiones y el consumo energético. Gracias a una envolvente de edificio optimizada, alto aislamiento térmico, sistema de aerotermia con suelo radiante-refrescante, carpintería exterior de calidad, doble acristalamiento, sistema de ventilación mecánica y placas fotovoltaicas, estas viviendas alcanzan estándares de consumo casi nulo, garantizando el máximo confort. *Diseño de Vanguardia y Personalización* Disfruta de un diseño de vanguardia con acabados de primeras marcas y cocinas amuebladas. Nuestro proyecto es moderno y te permitirá elegir entre diversas opciones sin coste adicional, para que puedas personalizar tu vivienda y hacerla realmente tuya. La entrega de las viviendas está prevista para el cuarto trimestre del año 2026. Si necesitas ayuda para vender tu vivienda de segunda mano, te ofrecemos asesoramiento en la gestión de compraventa. No dejes escapar esta oportunidad única de adquirir uno de estos exclusivos chalets de obra nueva en Villa 2 Móstoles. En Grupo Bafre, te lo ponemos fácil.",False,newdevelopment,True,False,3824.0,True,False,False,False,[],False,False,585000.0,€,True,True,chalet,terracedHouse,"Sur, Móstoles","Chalet adosado en calle Denébola, 204",,,,,,,,
107709169,https://img4.idealista.com/blur/480_360_mq/0/id.pro.es.image.master/e3/89/d6/1324935999.webp,COOP-826@VT8-5ºC,9,503500.0,flat,sale,111.0,2,1,"VILLAESCUSA, 62",Madrid,Madrid,Ciudad Lineal,es,40.41962,-3.62887,True,https://www.idealista.com/obra-nueva/107709169/,"LAS ROSAS PLAZA (PERALEDA URBAN, S. COOP. -Fase Villaescusa). ¡LICENCIA DE OBRA CONCEDIDA! Futuro residencial formado por 24 viviendas de 1 y 2 dormitorios en régimen de cooperativa (promueve Peraleda Urban, S. COOP. ) gestionada por Prygesa, (Grupo Pryconsa). LICENCIA DE OBRA CONCEDIDA Dispondrá de piscina, jardines y conserjería. Además, cuentan con 1 o 2 plazas de garaje según vivienda, y trastero incluido en el coste. La urbanización privada estará situada en C/ VILLAESCUSA, 62 Las Rosas, Pueblo Nuevo (Madrid). Suelo en propiedad. • Financiación prevista: hasta el 80% • Entrega estimada: 2028 • Personalización de Espacios con Elección de Acabados. NOTA: A los costes indicados hay que añadir el 10% de IVA.",False,newdevelopment,True,False,4536.0,True,False,False,False,[],False,False,503500.0,€,True,True,flat,,"Pueblo Nuevo, Madrid","Piso en Villaescusa, 62",5,True,Pueblo Nuevo,True,,,,
103381549,https://img4.idealista.com/blur/480_360_mq/0/id.pro.es.image.master/aa/01/be/1187716823.webp,ch-425175-JL,45,2425000.0,flat,sale,470.0,4,5,Barrio El Viso,Madrid,Madrid,Chamartín,es,40.448886,-3.6858605,False,https://www.idealista.com/inmueble/103381549/,"ÚNICA Inmobiliaria Chamartín ofrece esta estupenda vivienda en El Viso, ubicada dentro de una urbanización con jardín y piscina. Consta de hall de entrada, gran salón independiente con salida a la terraza; cocina con office, terraza tendedero y dormitorio de servicio con baño; y la zona de descanso con 5 dormitorios (el principal en suite) y dos cuartos de baño más para dar servicio al resto de la vivienda.  Cuenta con dos plazas de garaje y un trastero en la misma finca.  El Viso representa un exclusivo oasis residencial sobre el asfalto de la capital y cuya arteria principal es la calle Serrano. El prestigioso barrio nació de la mano del arquitecto Rafael Bergamín en los años 30 del siglo pasado con vocación social y de segundas residencias. Terrenos que se encontraban en las afueras de la ciudad y sobre los que se experimentó un estilo diferente de construcción. Varios urbanistas de la época que estudiaron en Alemania importaron de este país el nuevo concepto de arquitectura racionalista y de ahí que muchas casas de El Viso imiten a pequeños palacetes. En Única Inmobiliaria aglutinamos más de veinte años de experiencia en el sector del lujo. Contamos con una amplia trayectoria que avala nuestra gestión trabajando alrededor de las zonas más exclusivas de Madrid: Barrio de Salamanca, Recoletos, Almagro, Chamartín, Retiro, Justicia….",False,renew,False,,5160.0,True,False,False,False,[],False,False,2425000.0,€,True,True,flat,,"El Viso, Madrid",Piso,1,True,El Viso,True,,,,
109076192,https://img4.idealista.com/blur/480_360_mq/0/id.pro.es.image.master/8b/1e/60/1345227556.webp,NE01,14,262952.0,flat,sale,91.0,2,1,"calle Provisional Ahijones Cuarenta y Cinco, 35",Madrid,Madrid,Vicálvaro,es,40.3892024,-3.5740277,True,https://www.idealista.com/obra-nueva/109076192/,"¡Tu nuevo hogar en Los Ahijones! Viviendas VPPB de 1, 2 y 3 dormitorios en régimen de cooperativa!  Un proyecto moderno, funcional y sostenible para viviendas de VPPB de 1, 2 y 3 dormitorios, diseñado para maximizar comodidad y calidad de vida, cada unidad incluye dos plazas de garaje y trastero, asegurando la practicidad esencial para tu vida cotidiana. La ubicación estratégica permite un fácil acceso a transporte público, colegios y comercios, lo que convierte a este proyecto en una opción ideal para familias que buscan un entorno seguro y accesible. Cada hogar ha sido diseñado con atención a las distribuciones interiores, asegurando que la luz natural inunde cada espacio. Además, se han incorporado modernas instalaciones y acabados de buena calidad, complementados por amplias y acogedoras terrazas, ideales para disfrutar del aire libre y la convivencia familiar. La sostenibilidad, la funcionalidad y el cuidado por los detalles son importantes para que puedas disfrutar de tu nuevo hogar. Además, el complejo cuenta con amplias áreas verdes, piscina, espacios comunitarios y conserjería que fomentan la convivencia entre los residentes. Ahijones contará con todos los servicios, tanto públicos como privados, necesarios para el día a día. Además, contará con más de 1.000.000 de m2 de zonas verdes y arbolado y se integrará dentro del proyecto municipal de Bosque Metropolitano. En el proyecto, también se incorporan más de 24 kms. de carril bici, que conectan entre sí las zonas verdes y las principales zonas del desarrollo. Un nuevo barrio perfectamente comunicado tanto en transporte público como privado. Acceso directo a la M-45 y la R-3 que enlaza con la A-3, con la A-2. Además, dispone de conexión directa con la Prolongación de O’Donnell que ofrece acceso directo al centro de Madrid. Los Ahijones será el único de los nuevos Sectores del Este que en su primera etapa disponga de una parada de metro de la línea 9 en el propio barrio. De este modo, el intercambiador de RENFE de Vicálvaro se encontrará a una sola parada de Metro y al centro de Madrid se podrá acceder en 15 minutos. También se han proyectado diferentes líneas de autobús y la incorporación de las líneas de Bus de Tránsito Rápido que recorrerán la Gran Vía del Sureste teniendo previstas varias paradas en Los Ahijones. *El coste de la vivienda es aproximado. Toda la documentación expuesta puede sufrir variaciones por razones técnicas, jurídicas, administrativas o por decisión de la cooperativa.",False,newdevelopment,True,False,2890.0,True,False,False,False,[],False,False,262952.0,€,True,True,flat,,"Los Ahijones, Madrid","Piso en calle Provisional Ahijones Cuarenta y Cinco, 35",bj,True,Los Ahijones,True,,,,
108476372,https://img4.idealista.com/blur/480_360_mq/0/id.pro.es.image.master/fd/c8/f1/1346078939.webp,W-030BN3,53,820000.0,chalet,sale,210.0,3,4,Villalbilla,Madrid,Villalbilla,,es,40.4409149,-3.3689973,False,https://www.idealista.com/inmueble/108476372/,"Lujoso chalet independiente con piscina en Villalbilla Engel & Völkers presenta en exclusiva este lujoso chalet, un oasis de eficiencia y confort en zona residencial con diseño moderno. Construida en el año 2019 esta propiedad de 204 m² construidos sobre una generosa parcela de 367 m² consta de un luminoso salón comedor en dos alturas con salida al jardín.  Cuenta con 2 patios para garantizar luz en todas la estancias del propiedad, incluida las habitaciones, tres baños completos y un elegante aseo. Dos dormitorios completos y una zona amplia zona de estudio. La majestuosa cocina con vistas a la piscina privada y salida al jardín hacen sin duda una estancia de los más agradable y familiar.  Su aislamiento inmejorable, diseñado para mantener una temperatura interior óptima durante todo el año, garantizando el confort y ahorro significativo en el consumo energético. Esto se logra gracias a la combinación estratégica de dos materiales de alta calidad: el mármol de travertino en su construcción exterior y un avanzado aislante de fibra de vidrio (SATA), que actúan como una barrera térmica superior. Detalles que Marcan la Diferencia Esta vivienda cuenta con un sistema de aerotermia de última generación para la climatización, su calificación energética A es un testimonio de su compromiso con la eficiencia. Su orientación a todas las direcciones garantiza una iluminación natural excepcional a lo largo del día.  No pierdas la oportunidad de vivir en un hogar donde la vanguardia arquitectónica se une a la eficiencia energética, ofreciéndote un estilo de vida de calidad superior. Descubra un estilo de vida incomparable en Villalbilla, un enclave privilegiado en la Comunidad de Madrid, a poca distancia de la capital y 5 km de Alcalá de Henares, cuna de Miguel de Cervantes y patrimonio de la humanidad. Esta excepcional propiedad se encuentra en una zona residencial tranquila y segura, ideal para familias que buscan un equilibrio perfecto entre la serenidad del campo y la comodidad de la ciudad. La zona se caracteriza por su excelente infraestructura. Dispone de una red de transporte público eficiente, con autobuses que conectan con Madrid en aproximadamente 30 minutos. Para aquellos que prefieren el coche, la conexión con la A-2 facilita el acceso a la capital en unos 20 minutos, dependiendo del tráfico. El Aeropuerto Adolfo Suárez Madrid-Barajas se encuentra a unos 35 minutos en coche. En cuanto a servicios, Villalbilla cuenta con una amplia gama de comercios, colegios de reconocido prestigio y centros médicos, asegurando la comodidad y el bienestar de sus residentes a menos de 2 km de distancia. Para los amantes del ocio, la zona ofrece diversas opciones como piscina cubierta pública, polideportivo y a 5 min la gran oferta cultural de Alcalá de Henares. Dentro de la zona residencial se encuentran amplias zonas verdes ideales para paseos, rutas de senderismo y ciclismo. Además, la proximidad a Madrid permite acceder fácilmente a una amplia oferta cultural, gastronómica y de entretenimiento. Desde museos de renombre mundial hasta restaurantes de alta cocina, la capital ofrece experiencias inigualables a un corto trayecto. Una de las características especiales de esta ubicación es su ambiente tranquilo y familiar, ideal para aquellos que buscan escapar del bullicio de la ciudad sin renunciar a la comodidad y las ventajas de vivir cerca de una gran urbe. Las amplias zonas verdes y la baja densidad de población contribuyen a un entorno sereno y seguro, perfecto para crear una familia. En resumen, esta propiedad en Villalbilla ofrece una oportunidad única de disfrutar de una vida lujosa y tranquila, con fácil acceso a todas las comodidades y atracciones de Alcalá de Henares o Madrid. Es el lugar ideal para aquellos que buscan la combinación perfecta entre serenidad y sofisticación, un oasis de paz a las puertas de la capital.",True,good,False,,3905.0,True,False,True,False,[],False,False,820000.0,€,True,True,chalet,independantHouse,Villalbilla,Casa independiente,,,,,,,,
108157581,https://img4.idealista.com/blur/480_360_mq/0/id.pro.es.image.master/5e/9b/b4/1345230560.webp,NE40,14,272529.0,flat,sale,94.0,3,2,"calle Provisional Ahijones Cuarenta y Cinco, 35",Madrid,Madrid,Vicálvaro,es,40.3892024,-3.5740277,True,https://www.idealista.com/obra-nueva/108157581/,"¡Tu nuevo hogar en Los Ahijones! Viviendas VPPB de 1, 2 y 3 dormitorios en régimen de cooperativa!  Un proyecto moderno, funcional y sostenible para viviendas de VPPB de 1, 2 y 3 dormitorios, diseñado para maximizar comodidad y calidad de vida, cada unidad incluye dos plazas de garaje y trastero, asegurando la practicidad esencial para tu vida cotidiana. La ubicación estratégica permite un fácil acceso a transporte público, colegios y comercios, lo que convierte a este proyecto en una opción ideal para familias que buscan un entorno seguro y accesible. Cada hogar ha sido diseñado con atención a las distribuciones interiores, asegurando que la luz natural inunde cada espacio. Además, se han incorporado modernas instalaciones y acabados de buena calidad, complementados por amplias y acogedoras terrazas, ideales para disfrutar del aire libre y la convivencia familiar. La sostenibilidad, la funcionalidad y el cuidado por los detalles son importantes para que puedas disfrutar de tu nuevo hogar. Además, el complejo cuenta con amplias áreas verdes, piscina, espacios comunitarios y conserjería que fomentan la convivencia entre los residentes. Ahijones contará con todos los servicios, tanto públicos como privados, necesarios para el día a día. Además, contará con más de 1.000.000 de m2 de zonas verdes y arbolado y se integrará dentro del proyecto municipal de Bosque Metropolitano. En el proyecto, también se incorporan más de 24 kms. de carril bici, que conectan entre sí las zonas verdes y las principales zonas del desarrollo. Un nuevo barrio perfectamente comunicado tanto en transporte público como privado. Acceso directo a la M-45 y la R-3 que enlaza con la A-3, con la A-2. Además, dispone de conexión directa con la Prolongación de O’Donnell que ofrece acceso directo al centro de Madrid. Los Ahijones será el único de los nuevos Sectores del Este que en su primera etapa disponga de una parada de metro de la línea 9 en el propio barrio. De este modo, el intercambiador de RENFE de Vicálvaro se encontrará a una sola parada de Metro y al centro de Madrid se podrá acceder en 15 minutos. También se han proyectado diferentes líneas de autobús y la incorporación de las líneas de Bus de Tránsito Rápido que recorrerán la Gran Vía del Sureste teniendo previstas varias paradas en Los Ahijones. *El coste de la vivienda es aproximado. Toda la documentación expuesta puede sufrir variaciones por razones técnicas, jurídicas, administrativas o por decisión de la cooperativa.",False,newdevelopment,True,False,2899.0,True,False,False,False,[],False,False,272529.0,€,True,True,flat,,"Los Ahijones, Madrid","Piso en calle Provisional Ahijones Cuarenta y Cinco, 35",2,True,Los Ahijones,True,,,,
106556547,https://img4.idealista.com/blur/480_360_mq/0/id.pro.es.image.master/35/33/7d/1286693112.webp,70da43da-4e6d-4792-8958-044bdf99bb41,66,2050000.0,chalet,sale,495.0,6,9,avenida de Atenas,Madrid,Las Rozas de Madrid,Monte Rozas,es,40.5236622,-3.9211556,False,https://www.idealista.com/inmueble/106556547/,"Descubre este maravilloso chalet independiente de aproximadamente 450 metros en parcela de 1300 metros con piscina individual. Ubicado en la zona de Las Rozas al lado del centro Comercial Rozas Village en un entorno natural y muy tranquilo con conexiones excelentes de transportes.  Distribución y características:  - Planta baja: entrada súper amplia, salón con maravillosas vistas al jardín que se integra con un diseño súper moderno con el comedor creando un ambiente acogedor y luminoso. Despacho ideal para trabajar desde casa, cuarto de estar, aseo.  - Está planta también dispone de una cocina súper amplia, habitación de servicio con baño y zona de lavadero. Salida al jardín trasero para disfrutar de la tranquilidad.  Planta superior: acceso mediante una atractiva escalera con barandilla de cristal que lleva a la 1 planta donde se encuentran 5 dormitorios cada uno con su baño en suite y otro dormitorio pequeño. El dormitorio principal con vestidor y amplio baño con bañera y ducha. Planta sótano: sala de fiestas grande con su baño! Aire condicionado, garaje para 2 coches. Exteriores y Servicios: Disfruta de un amplio jardín con un porche techado y zona para hacer barbacoa ideal para relajarse o recibir visitas con excelentes vistas a la piscina que tiene luces de colores, aseo. Suelo de madera.  Otro porche techado con zona de sofás y mesa para comer, el jardín tiene varios ambientes muy acogedores para disfrutar de un entorno natural.  No pierdas esta oportunidad de vivir en una zona exclusiva zona de Madrid.  Ven a visitarla hoy mismo! Las Rozas de Madrid es una de las localidades más destacadas de la zona noroeste de la capital, conocida por su calidad de vida, sus amplias áreas verdes y su excelente conectividad con Madrid. Este municipio, ideal para familias y profesionales, ofrece un entorno tranquilo con todos los servicios y comodidades, en un área caracterizada por su modernidad y bienestar. Las Rozas cuenta con una amplia variedad de servicios, desde centros comerciales, restaurantes, y zonas de ocio hasta prestigiosos colegios, centros de salud y deportivas, además de espacios naturales como el Parque Regional de la Cuenca Alta del Manzanares. La localidad también dispone de opciones para actividades al aire libre, como rutas de senderismo y ciclismo, que hacen de ella un lugar perfecto para disfrutar de la naturaleza sin renunciar a las ventajas de la vida urbana. La conectividad con Madrid es excelente gracias a las líneas de Cercanías, varias rutas de autobuses y el acceso a la A-6, lo que permite llegar al centro de la capital en menos de 30 minutos. Además, Las Rozas está bien comunicada con otras localidades de la zona, facilitando la movilidad en toda la región.",False,good,False,,4141.0,False,False,False,False,[],False,False,2050000.0,€,True,True,chalet,independantHouse,"Monte Rozas, Las Rozas de Madrid",Casa independiente en avenida de Atenas,,,Monte Rozas,,2100000.0,50000.0,2.0,
108367442,https://img4.idealista.com/blur/480_360_mq/0/id.pro.es.image.master/f8/0a/16/1341998096.webp,204 A V-1,12,595000.0,chalet,sale,196.0,3,3,"calle Denébola, 204",Madrid,Móstoles,Sur,es,40.3110036,-3.8517175,True,https://www.idealista.com/obra-nueva/108367442/,"¡OBRAS INICIADAS! ¡ENTREGA ANTES DE DICIEMBRE DE 2026!  *Descubre Villa 2 en Móstoles: Tu Nuevo Hogar Exclusivo* Presentamos 17 chalets de obra nueva, distribuidos en dos parcelas, con opción de solárium, ubicados en Móstoles, una de las localidades más atractivas de Madrid. Villa 2 ofrece chalets exclusivos diseñados para maximizar la luz natural, con jardín privado y un amplio solárium que proporciona un espacio adicional versátil y acogedor. Nos centramos en la calidad de cada proyecto, cuidando cada detalle para que disfrutes de un hogar confortable, eficiente y adaptado a las necesidades actuales. *Sostenibilidad y Confort Asegurados* Nuestro compromiso con la sostenibilidad se refleja en soluciones constructivas que reducen las emisiones y el consumo energético. Gracias a una envolvente de edificio optimizada, alto aislamiento térmico, sistema de aerotermia con suelo radiante-refrescante, carpintería exterior de calidad, doble acristalamiento, sistema de ventilación mecánica y placas fotovoltaicas, estas viviendas alcanzan estándares de consumo casi nulo, garantizando el máximo confort. *Diseño de Vanguardia y Personalización* Disfruta de un diseño de vanguardia con acabados de primeras marcas y cocinas amuebladas. Nuestro proyecto es moderno y te permitirá elegir entre diversas opciones sin coste adicional, para que puedas personalizar tu vivienda y hacerla realmente tuya. La entrega de las viviendas está prevista para el cuarto trimestre del año 2026. Si necesitas ayuda para vender tu vivienda de segunda mano, te ofrecemos asesoramiento en la gestión de compraventa. No dejes escapar esta oportunidad única de adquirir uno de estos exclusivos chalets de obra nueva en Villa 2 Móstoles. En Grupo Bafre, te lo ponemos fácil.",False,newdevelopment,True,False,3036.0,True,False,False,False,[],False,False,595000.0,€,True,True,chalet,terracedHouse,"Sur, Móstoles","Chalet adosado en calle Denébola, 204",,,,,,,,
108291416,https://img4.idealista.com/blur/480_360_mq/0/id.pro.es.image.master/c5/b5/ff/1339707080.webp,W-030288,64,795000.0,chalet,sale,450.0,5,5,Guadarrama,Madrid,Guadarrama,,es,40.6532447,-4.0452702,False,https://www.idealista.com/inmueble/108291416/,"Vivienda Unifamiliar en la Sierra de Guadarrama Descubre este elegante chalet unifamiliar, un refugio independiente en la majestuosa Sierra de Guadarrama. Con cinco amplios dormitorios y cinco cuartos de baño, esta residencia ofrece un espacio de vida exclusivo y elegante, complementado por un garaje, un jardín exquisitamente cuidado y una piscina privada. Las vistas panorámicas desde su balcón a la zona de piscina y barbacoa, con la cordillera madrileña de fondo son simplemente impresionantes. Ubicado en una amplia parcela de 1500 metros cuadrados, este hogar combina naturaleza y sofisticación. La vivienda cuenta con pozo propio y riego automático lo que permite tener un perfecto mantenimiento del jardín por un precio muy económico, además posee placas solares lo que la convierte en una propiedad muy eficiente energéticamente.  ¡Un sueño hecho realidad! La vivienda se sitúa próxima al centro de la localidad de Guadarrama pese a que está a literalmente 5km de Collado Villalba. Su fácil acceso a la A6 la convierte en un lugar estratégico en el que invertir. La propiedad está a menos de trescientos metros del autobús. Guadarrama es una localidad de 15.600 habitantes al pie de la sierra del mismo nombre. A 35 minutos del intercambiador de transportes de Moncloa, en Madrid, por la Autovía A6, varias líneas de transporte público interurbano conectan Guadarrama con la capital y con otras localidades del entorno. En un radio de menos de 10 km encontramos los centros comerciales y de ocio de la localidad vecina de Collado Villalba, dos hospitales generales (Villalba y El Escorial) y varias estaciones de las líneas C3, C8 y C10 de la red de ferrocarril de Cercanías. Guadarrama cuenta con todas las dotaciones y los servicios de proximidad necesarios (centros de enseñanza públicos y concertados, centro de salud, polideportivo, piscinas de invierno y verano, comercio, etc. ) y destaca, además, su reconocido hospital de media estancia. Rodeada de espacios naturales como el Parque Nacional de la Sierra de Guadarrama, culturales como el Monasterio del Escorial, cercana a otros puntos de interés como las principales estaciones de esquí de la Comunidad de Madrid, las ciudades históricas de Segovia y Ávila, nos ofrece un entorno inmejorable tanto para la vida cotidiana y el trabajo como para el descanso.",True,good,False,,1767.0,True,False,True,False,[],False,False,795000.0,€,True,True,chalet,independantHouse,Guadarrama,Casa independiente,,,,,,,,
108249173,https://img4.idealista.com/blur/480_360_mq/0/id.pro.es.image.master/70/96/05/1283964217.webp,PR-C-755@TipoA ,20,1190000.0,chalet,sale,317.0,5,4,"calle Cabo de la Nao, 3",Madrid,Boadilla del Monte,El Olivar de Mirabal,es,40.4228658,-3.9102185,True,https://www.idealista.com/obra-nueva/108249173/,"Vive el verano como te mereces: piscina privada en tu jardín, presente en la mayoría de nuestros chalés.  Piscina con cloración salina y vaso con iluminación. Chalés de lujo de 5 dormitorios En la mejor zona de Boadilla Vive en un espacio amplio y único, para disfrutar en familia, en una vivienda exclusiva. CAILÍN está formada por 26 viviendas unifamiliares (pareados y adosados) de lujo. De diseño moderno y funcional con detalles de arquitectura vanguardista, en las que las diversas estancias desarrolladas, harán disfrutar de la experiencia única del hogar. Disfrutarás de viviendas con amplias terrazas y espacios para el ajardinamiento en planta baja. En este proyecto cuentas con espacios abiertos y luminosos: nuestra preocupación por el espacio también se materializa en las modernas, luminosas y prácticas cocinas totalmente amuebladas con materiales de primera calidad. Proponemos 3 tipos de vivienda, con diversas distribuciones y superficies en torno a los 315 m² construidos y distribuidos en planta baja, primera, bajo cubierta y sótano. Su diseño se ha desarrollado desde la experiencia de que cada cliente es único, y con el propósito de ofrecer la vivienda que más se ajuste a tu hogar ideal. Aprovecha el ahorro energético que ofrecen estas viviendas, la luz y sus amplios espacios, tanto para teletrabajar como para pasar tiempo en familia, disfrutando tanto de interior como del exterior. Entrega en 2027, para disfrutar de unas instalaciones privilegiadas y compartirlas en familia o con amigos. Se ubica en la prestigiosa zona de Boadilla del Monte, en una zona tranquila, a pocos minutos de zonas de campo y naturaleza.  A escasa distancia de Las Lomas y zonas residenciales. Su situación privilegiada en c/ Cabo de la Nao, ofrece conexiones urbanas en una zona tranquila. Cerca de los colegios Miraval, St Michael o el Eurocolegio Casvi, de centros comerciales y muy próxima a los campos de Golf de la Ciudad del Santander.",False,newdevelopment,True,False,3754.0,True,False,False,False,[],False,False,1190000.0,€,True,True,chalet,semidetachedHouse,"El Olivar de Mirabal, Boadilla del Monte","Chalet pareado en calle Cabo de la Nao, 3",,,,,,,,
107672725,https://img4.idealista.com/blur/480_360_mq/0/id.pro.es.image.master/b4/9e/80/1265773976.webp,PR-C-791@TipoI1 ,20,343000.0,flat,sale,80.0,2,2,"del Tranvia de Arganda, 14",Madrid,Madrid,Puente de Vallecas,es,40.3813244,-3.6336729,True,https://www.idealista.com/obra-nueva/107672725/,"Con 2 garajes y 1 trastero. Disfruta de la comodidad y el estilo de vida que ofrecen estas viviendas de 1 a 3 dormitorios, situadas en una urbanización privada. Esta moderna comunidad cuenta con piscina, zonas verdes perfectas para el ocio y la relajación. La urbanización se encuentra cercana al Polideportivo Municipal Palomeras, en un área residencial consolidada que dispone de una amplia gama de servicios esenciales, incluidos servicios sanitarios, educativos, deportivos, comerciales y de entretenimiento. Ubicadas en el corazón de un barrio tranquilo y rodeado de parques y jardines, estas viviendas prometen un ambiente vecinal amistoso y acogedor, ideal para familias y profesionales jóvenes. El área resalta por su ambiente comunitario y sus espacios verdes, ofreciendo un respiro de la vida urbana sin sacrificar la conveniencia. Situado en la zona sur de Madrid, en el dinámico barrio de Vallecas, el complejo está convenientemente localizado cerca de la Avenida de la Albufera y el Parque Lineal Palomeras. A tan solo 15 minutos a pie de las estaciones de Metro y Cercanías, los residentes pueden acceder al centro de Madrid (Atocha) en aproximadamente 10 minutos mediante transporte público, lo que hace que desplazarse por la ciudad sea rápido y sencillo. Excelentes conexiones viales a través de la Avenida de la Albufera y la M-40. Adicionalmente, las opciones de transporte público cercanas incluyen la estación de Metro Sierra de Guadalupe, con una línea directa hacia la Puerta del Sol, y la estación de Cercanías en Vallecas, facilitando así un acceso eficiente a diversos puntos de interés en Madrid. Adquiere tu nuevo hogar en Madrid, en una ubicación privilegiada que combina a la perfección accesibilidad, servicios completos y calidad de vida. CALIFICACIÓN ENERGÉTICA A Entrega de llaves: Enero a marzo 2027.",False,newdevelopment,True,False,4288.0,False,False,False,False,[],False,False,343000.0,€,True,True,flat,,"Palomeras sureste, Madrid","Piso en del Tranvia de Arganda, 14",1,True,Palomeras sureste,True,,,,
106201348,https://img4.idealista.com/blur/480_360_mq/0/id.pro.es.image.master/0d/eb/84/1206559466.webp,COOP-826@VT2 P1-3ºB,9,469500.0,flat,sale,98.0,2,2,"VILLAESCUSA, 62",Madrid,Madrid,Ciudad Lineal,es,40.41962,-3.62887,True,https://www.idealista.com/obra-nueva/106201348/,"LAS ROSAS PLAZA (PERALEDA URBAN, S. COOP. -Fase Villaescusa). ¡LICENCIA DE OBRA CONCEDIDA! Futuro residencial formado por 24 viviendas de 1 y 2 dormitorios en régimen de cooperativa (promueve Peraleda Urban, S. COOP. ) gestionada por Prygesa, (Grupo Pryconsa). LICENCIA DE OBRA CONCEDIDA Dispondrá de piscina, jardines y conserjería. Además, cuentan con 1 o 2 plazas de garaje según vivienda, y trastero incluido en el coste. La urbanización privada estará situada en C/ VILLAESCUSA, 62 Las Rosas, Pueblo Nuevo (Madrid). Suelo en propiedad. • Financiación prevista: hasta el 80% • Entrega estimada: 2028 • Personalización de Espacios con Elección de Acabados. NOTA: A los costes indicados hay que añadir el 10% de IVA.",False,,True,False,4791.0,True,False,False,False,[],False,False,469500.0,€,True,True,flat,,"Pueblo Nuevo, Madrid","Piso en Villaescusa, 62",3,True,Pueblo Nuevo,True,,,,
108465042,https://img4.idealista.com/blur/480_360_mq/0/id.pro.es.image.master/5a/4e/7f/1345724697.webp,Vivienda 1,14,1484500.0,chalet,sale,285.0,3,4,"calle Ramón Gómez de la Serra, 60",Madrid,Madrid,Fuencarral,es,40.4818234,-3.7265068,True,https://www.idealista.com/obra-nueva/108465042/,"Exclusiva promoción de 5 viviendas unifamiliares en una de las mejores zonas de Madrid. Ubicadas en un entorno privilegiado, rodeadas de espacios naturales, zonas de ocio y todos los servicios necesarios para una vida cómoda y plena. Cada vivienda ha sido diseñada para ofrecer una experiencia única, con jardín privado, piscina, amplias terrazas y zonas polivalentes, ideales para el bienestar diario y momentos especiales en familia. Una promoción de alto nivel, construida con materiales de primera calidad, que combina elegancia, confort y funcionalidad para crear el hogar perfecto.",True,,True,False,5209.0,True,False,False,False,[],False,False,1484500.0,€,True,True,chalet,semidetachedHouse,"Peñagrande, Madrid","Chalet pareado en calle Ramón Gómez de la Serra, 60",,,Peñagrande,,,,,
108509397,https://img4.idealista.com/blur/480_360_mq/0/id.pro.es.image.master/de/39/50/1347027252.webp,426745-CM,32,2375000.0,flat,sale,205.0,4,3,Barrio El Viso,Madrid,Madrid,Chamartín,es,40.4482854,-3.6776426,False,https://www.idealista.com/inmueble/108509397/,"ÚNICA Inmobiliaria les invita a conocer una fantástica vivienda con vistas despejadas y una luz natural inmejorable gracias a su altura.  El inmueble se emplaza en una ubicación estratégica con todos los servicios, transportes y dotaciones a un paso. Se encuentra integrada dentro de una de las mejores fincas del Viso con vigilancia 24H, piscinas, sauna, gimnasio, jardín, zona de juegos y detalles que son un lujo en la zona.  Se trata de una superficie de 205m2 cuya distribución se articula a través de un elegante recibidor, el cual nos da acceso a un gran salón-comedor con salida a una amplia y agradable terraza; por otro lado encontramos la zona de la cocina con entrada independiente, zona de office, terraza tendedero y dormitorio de servicio con baño; y en cuanto a la zona de descanso cuenta con tres dormitorios (el principal en suite) con salida a otra terraza y un tercer cuarto de baño para dar servicio al resto.  Cuenta también con una gran plaza de garaje de acceso directo.  El Viso representa un exclusivo oasis residencial sobre el asfalto de la capital y cuya arteria principal es la calle Serrano. El prestigioso barrio nació de la mano del arquitecto Rafael Bergamín en los años 30 del siglo pasado con vocación social y de segundas residencias. Terrenos que se encontraban en las afueras de la ciudad y sobre los que se experimentó un estilo diferente de construcción. Varios urbanistas de la época que estudiaron en Alemania importaron de este país el nuevo concepto de arquitectura racionalista y de ahí que muchas casas de El Viso imiten a pequeños palacetes. En Única Inmobiliaria aglutinamos más de veinte años de experiencia en el sector del lujo. Contamos con una amplia trayectoria que avala nuestra gestión trabajando alrededor de las zonas más exclusivas de Madrid: Barrio de Salamanca, Recoletos, Almagro, Chamartín, Retiro, Justicia.",False,renew,False,,11585.0,True,False,False,False,[],False,False,2375000.0,€,True,True,flat,,"El Viso, Madrid",Piso,12,True,El Viso,True,,,,
108099969,https://img4.idealista.com/blur/480_360_mq/0/id.pro.es.image.master/ca/8e/2d/1342322777.webp,,20,2425000.0,chalet,sale,700.0,5,6,"calle del Espino, 36",Madrid,Boadilla del Monte,Urb. este - Montepríncipe,es,40.3990069,-3.8515005,True,https://www.idealista.com/obra-nueva/108099969/,"OBRA TERMINADA. Chalets de diseño singular, en un residencial privado dentro de la exclusiva urbanización Montepríncipe, junto al Bosque de Encinas. Entrega de llaves septiembre 2025.  DEHESA MONTEPRINCIPE es la oportunidad de vivir en un paisaje natural protegido cerca de la ciudad, con todas las ventajas de una urbanización privada y segura, y todos los servicios, en amplias parcelas de 3.000m2 con 700m2 construidos. Además, de manera adicional la parcela cuenta con edificabilidad y espacio para hacer una segunda edificación de hasta 60m2. Espléndidos jardines con piscinas privadas, grandes ventanales, patios y porches que enlazan el interior de la casa con el paisaje de encinas centenarias. Dobles alturas y alto nivel de calidad en diseño y en materiales, climatización por aerotermia y suelo radiante frío/calor. Disfruta de la tranquilidad y la privacidad gracias a la disposición estratégica de las viviendas, los cerramientos de los jardines y los elementos de la urbanización.  Ven a conocer tu casa. Estaremos encantados de ofrecerte una atención personalizada. HIDRA DESIGN es una promotora boutique con más de 20 años de recorrido, centrada en residencial de gama alta y proyectos singulares.",True,newdevelopment,True,True,3464.0,True,False,False,False,[],False,False,2425000.0,€,True,True,chalet,independantHouse,"Urb. este - Montepríncipe, Boadilla del Monte","Casa independiente en calle del Espino, 36",,,,,,,,
108853826,https://img4.idealista.com/blur/480_360_mq/0/id.pro.es.image.master/f7/fa/12/1357055630.webp,,29,2000000.0,chalet,sale,440.0,5,6,"Calle Danubio, 304",Madrid,Ciudalcampo,,es,40.6208237,-3.6083494,True,https://www.idealista.com/obra-nueva/108853826/,"Abeto Coches y casas - En Exclusiva - Estupenda oportunidad, magnífica vivienda de obra nueva en construcción con terreno de 2.940m2. Fecha prevista de finalización de la obra en primavera 2026. Precio final llave en mano. De orientación Sur con mucha privacidad y tranquilidad, rodeada de naturaleza y con bonitas vistas. La vivienda está diseñada para poder disfrutar las vistas y privacidad desde todas las estancias. La planta baja se abre al jardín para una conexión total entre interior y exterior. Obra nueva, vivienda con unos 440m2 y piscina privada de orientación sur, la vivienda dispone de una cómoda distribución. Con domótica y climatización por suelo radiante y refrescante por aerotermia.  La planta principal está diseñada en torno a la piscina y el jardín con orientación sur. En esta planta un amplio hall de entrada a doble altura, con aseo de cortesía y armario vestidor en la entrada, desde el hall accedemos al amplio salón comedor con chimenea y salida directa al jardín y piscina, cocina con gran isla central zona office de gran tamaño que se abren al porche del jardín y piscina cuarto de lavandería con entrada independiente, habitación de invitados con su baño en suite, y garaje privado para dos coches. En planta alta tenemos el gran dormitorio principal con amplio vestidor y baño en suite, el dormitorio principal con acceso a una gran terraza desde donde disfrutar las bonitas vistas, en esta planta tenemos tres dormitorios más todos ellos con su baño en suite y vestidor. Llámanos para más información y detalles. Abeto Coches y casas - Ven a vernos a nuestra oficina en el Centro Comercial Santo Domingo.",True,newdevelopment,True,False,4545.0,True,False,False,False,[],False,False,2000000.0,€,True,True,chalet,independantHouse,Ciudalcampo,"Casa independiente en Calle Danubio, 304",,,,,,,,
108395397,https://img4.idealista.com/blur/480_360_mq/0/id.pro.es.image.master/4e/18/fd/1337957825.webp,,22,2325000.0,chalet,sale,700.0,5,6,"calle del Espino, 36",Madrid,Boadilla del Monte,Urb. este - Montepríncipe,es,40.3989125,-3.8514047,True,https://www.idealista.com/obra-nueva/108395397/,"OBRA TERMINADA. Chalets de diseño singular, en un residencial privado dentro de la exclusiva urbanización Montepríncipe, junto al Bosque de Encinas. Entrega de llaves septiembre 2025.  DEHESA MONTEPRINCIPE es la oportunidad de vivir en un paisaje natural protegido cerca de la ciudad, con todas las ventajas de una urbanización privada y segura, y todos los servicios, en amplias parcelas de 3.000m2 con 700m2 construidos. Además, de manera adicional la parcela cuenta con edificabilidad y espacio para hacer una segunda edificación de hasta 200m2. Espléndidos jardines con piscinas privadas, grandes ventanales, patios y porches que enlazan el interior de la casa con el paisaje de encinas centenarias. Dobles alturas y alto nivel de calidad en diseño y en materiales, climatización por aerotermia y suelo radiante frío/calor. Disfruta de la tranquilidad y la privacidad gracias a la disposición estratégica de las viviendas, los cerramientos de los jardines y los elementos de la urbanización.  Ven a conocer tu casa. Estaremos encantados de ofrecerte una atención personalizada. HIDRA DESIGN es una promotora boutique con más de 20 años de recorrido, centrada en residencial de gama alta y proyectos singulares.",True,newdevelopment,True,True,3321.0,True,False,False,False,[],False,False,2325000.0,€,True,True,chalet,independantHouse,"Urb. este - Montepríncipe, Boadilla del Monte","Casa independiente en calle del Espino, 36",,,,,,,,
106994296,https://img4.idealista.com/blur/480_360_mq/0/id.pro.es.image.master/14/fd/2d/1299846619.webp,M11254V,45,3990000.0,penthouse,sale,160.0,3,3,Barrio Recoletos,Madrid,Madrid,Barrio de Salamanca,es,40.4296956,-3.6799099,False,https://www.idealista.com/inmueble/106994296/,"Descubre la exquisitez de este increíble ático reformado, ubicado en el distinguido barrio de Recoletos. Con una distribución elegante y cuidadosamente diseñada, esta vivienda ofrece un entorno de lujo y confort. La propiedad cuenta con tres espaciosas habitaciones, cada una concebida para brindar un ambiente acogedor y lleno de estilo. Los cuatro cuartos de baño, meticulosamente diseñados, ofrecen un toque de sofisticación y funcionalidad. La amplia zona de salón se fusiona armoniosamente con una cocina integrada, creando un espacio central que invita a la convivencia y al disfrute cotidiano. Desde el salón, se accede a una agradable terraza, el lugar perfecto para disfrutar de momentos al aire libre, ya sea relajándose con un libro o socializando con amigos. Este ático exclusivo no solo destaca por su diseño interior, sino también por su ubicación privilegiada en el codiciado barrio de Recoletos. Rodeado de boutiques de alta costura, restaurantes de renombre y espacios culturales, ofrece un estilo de vida único en el corazón de Madrid. Si buscas la combinación perfecta de lujo, comodidad y una ubicación inmejorable, este ático reformado en Recoletos es la elección ideal. ¡Contáctanos para obtener más detalles y descubre el placer de vivir en este enclave excepcional! Walter Haus Real Estate es un grupo inmobiliario con sede en las principales capitales de España, en las principales ubicaciones de Madrid, Barcelona y Costa Brava. Contamos con una experiencia de más de 20 años, con un dinámico equipo de profesionales con experiencia en el asesoramiento personal en constante formación y con una especialización muy concreta en cada zona de actuación lo que nos permite encontrar soluciones a las necesidades de cada cliente.",False,good,False,,24938.0,True,False,False,False,[],False,False,3990000.0,€,,,flat,penthouse,"Recoletos, Madrid",Ático,6,True,Recoletos,True,,,,
108474806,https://img4.idealista.com/blur/480_360_mq/0/id.pro.es.image.master/66/cc/c4/1345724690.webp,Vivienda 3,14,1435000.0,chalet,sale,285.0,3,4,"calle Ramón Gómez de la Serra, 60",Madrid,Madrid,Fuencarral,es,40.4818234,-3.7265068,True,https://www.idealista.com/obra-nueva/108474806/,"Exclusiva promoción de 5 viviendas unifamiliares en una de las mejores zonas de Madrid. Ubicadas en un entorno privilegiado, rodeadas de espacios naturales, zonas de ocio y todos los servicios necesarios para una vida cómoda y plena. Cada vivienda ha sido diseñada para ofrecer una experiencia única, con jardín privado, piscina, amplias terrazas y zonas polivalentes, ideales para el bienestar diario y momentos especiales en familia. Una promoción de alto nivel, construida con materiales de primera calidad, que combina elegancia, confort y funcionalidad para crear el hogar perfecto.",True,,True,False,5035.0,True,False,False,False,[],False,False,1435000.0,€,True,True,chalet,semidetachedHouse,"Peñagrande, Madrid","Chalet pareado en calle Ramón Gómez de la Serra, 60",,,Peñagrande,,,,,
108367464,https://img4.idealista.com/blur/480_360_mq/0/id.pro.es.image.master/e0/2d/41/1341998097.webp,206 B V-1,12,600000.0,chalet,sale,187.0,3,3,"calle Denébola, 204",Madrid,Móstoles,Sur,es,40.3110036,-3.8517175,True,https://www.idealista.com/obra-nueva/108367464/,"¡OBRAS INICIADAS! ¡ENTREGA ANTES DE DICIEMBRE DE 2026!  *Descubre Villa 2 en Móstoles: Tu Nuevo Hogar Exclusivo* Presentamos 17 chalets de obra nueva, distribuidos en dos parcelas, con opción de solárium, ubicados en Móstoles, una de las localidades más atractivas de Madrid. Villa 2 ofrece chalets exclusivos diseñados para maximizar la luz natural, con jardín privado y un amplio solárium que proporciona un espacio adicional versátil y acogedor. Nos centramos en la calidad de cada proyecto, cuidando cada detalle para que disfrutes de un hogar confortable, eficiente y adaptado a las necesidades actuales. *Sostenibilidad y Confort Asegurados* Nuestro compromiso con la sostenibilidad se refleja en soluciones constructivas que reducen las emisiones y el consumo energético. Gracias a una envolvente de edificio optimizada, alto aislamiento térmico, sistema de aerotermia con suelo radiante-refrescante, carpintería exterior de calidad, doble acristalamiento, sistema de ventilación mecánica y placas fotovoltaicas, estas viviendas alcanzan estándares de consumo casi nulo, garantizando el máximo confort. *Diseño de Vanguardia y Personalización* Disfruta de un diseño de vanguardia con acabados de primeras marcas y cocinas amuebladas. Nuestro proyecto es moderno y te permitirá elegir entre diversas opciones sin coste adicional, para que puedas personalizar tu vivienda y hacerla realmente tuya. La entrega de las viviendas está prevista para el cuarto trimestre del año 2026. Si necesitas ayuda para vender tu vivienda de segunda mano, te ofrecemos asesoramiento en la gestión de compraventa. No dejes escapar esta oportunidad única de adquirir uno de estos exclusivos chalets de obra nueva en Villa 2 Móstoles. En Grupo Bafre, te lo ponemos fácil.",False,newdevelopment,True,False,3209.0,True,False,False,False,[],False,False,600000.0,€,True,True,chalet,semidetachedHouse,"Sur, Móstoles","Chalet pareado en calle Denébola, 204",,,,,,,,
105789747,https://img4.idealista.com/blur/480_360_mq/0/id.pro.es.image.master/d2/12/65/1263069597.webp,P1AD,11,610000.0,penthouse,sale,60.0,1,1,"de Sebastián Elcano, 8",Madrid,Madrid,Arganzuela,es,40.4042414,-3.7005057,True,https://www.idealista.com/obra-nueva/105789747/,"ÚLTIMO ÁTICO DISPONIBLE Espectacular ático de 1 dormitorio con terraza de 34m2, ubicado en el centro de Madrid, a tan solo 5 minutos andando de la estación de Atocha. Se encuentra en un edificio de 6 plantas con 30 viviendas diseñadas y equipadas con un estilo vanguardista y moderno que conectan con la estética singular del edificio. Un residencial que ofrece las mayores comodidades y servicios a través de sus magníficas amenities donde encontramos piscina, zonas ajardinadas, un completo y equipado gimnasio, zona chill out en la azotea y un espacio dedicado al coworking. No dude en contactarnos para mayor información.",False,,True,False,10167.0,True,False,False,False,[],False,False,610000.0,€,True,True,flat,penthouse,"Palos de la Frontera, Madrid","Ático en de Sebastián Elcano, 8",5,True,Palos de la Frontera,True,,,,
108081370,https://img4.idealista.com/blur/480_360_mq/0/id.pro.es.image.master/39/a7/d9/1367260553.webp,4C,23,345500.0,flat,sale,76.0,2,2,Juan Marichal s/n,Madrid,Alcalá de Henares,La Garena,es,40.4785912,-3.3946399,True,https://www.idealista.com/obra-nueva/108081370/,"“Próximo inicio de obras” PRECOMERCIALIZACION FASES I-IV- Residencial NAO, una magnifica promoción de 136 viviendas de 2 y 3 dormitorios en Ciudad Garena 10 con plaza de garaje, trastero, piscina y amplias zonas comunes. Además de las viviendas tipo, las plantas bajas disponen de una terraza adicional ultimas plantas tipo dúplex con amplias terrazas. A destacar, sus grandes ventanales que aportan luminosidad a sus estancias, así como una distribución del espacio muy cuidada junto con la elección de materiales y acabados hace que Residencial Nao tenga lo necesario para que la conviertas en tu hogar. Además con aerotermia con suelo radiante refrescante para un óptimo confort. Como cada detalle es importante, también podrás elegir entre diferentes acabados, calidades y materiales, así como opciones de mejoras para que puedas personalizar la vivienda a tu estilo. La Garena, un enclave privilegiado donde se combina la calidad de vida de Alcalá de Henares a 20 minutos de Madrid. “Ciudad Garena Diez” se encuentra frente a la estación de cercanías de La Garena y a tan solo a 5 minutos a pie del centro comercial “La Garena”, el Hipercor y el centro de salud. En su entorno se encuentran dos colegios que figuran entre los 100 mejores de España, concretamente el CEIP La Garena en el noveno puesto y el CEIP Antonio Mingote en el puesto 40. Dispone de una amplia oferta de servicios ocio, restaurantes, supermercados y deportes, destacando la ciudad deportiva “El Juncal”, uno de los mayores centros de Alcalá de Henares y el centro de negocios “Garena Plaza”, una zona en auge para nuevas implantaciones comerciales. Conectado al centro histórico mediante el carril bici de la Avenida de Madrid. Comunicación directa a principales vías de comunicación A-2 y R-2 y cuenta con variedad transporte público, urbano e interurbano. Zonas comunes: Ascensor, zona infantil, zona de esparcimiento al aire libre, zonas verdes, piscina de adultos e infantil.",False,,True,False,4546.0,True,False,False,False,[],False,False,345500.0,€,True,True,flat,,"La Garena, Alcalá de Henares",Piso en Juan Marichal s/n,4,True,,True,,,,
108355843,https://img4.idealista.com/blur/480_360_mq/0/id.pro.es.image.master/8d/3d/7e/1341654351.webp,21985,25,990000.0,flat,sale,119.0,3,2,Barrio Sol,Madrid,Madrid,Centro,es,40.4162667,-3.703424,False,https://www.idealista.com/inmueble/108355843/,"Se presenta esta encantadora y acogedora vivienda amueblada, situada en la segunda planta de un edificio histórico de principios del siglo XX, ubicado en una apacible calle peatonal del vibrante barrio de Sol. Con una superficie útil de 110 m² (119 m² construidos), esta propiedad destaca por su carácter singular y atmósfera cálida. La distribución interior comprende dos dormitorios con baños en suite, así como una estancia independiente junto al salón-comedor que puede destinarse a un tercer dormitorio, oficina u otro uso según las necesidades del propietario. La cocina, completamente equipada y de gran funcionalidad, se integra armónicamente con el estilo general de la vivienda. Entre sus elementos arquitectónicos más destacados se encuentran una pared de ladrillo visto en el salón-comedor, vigas de madera expuestas, suelos de tabla de madera y radiadores de época, los cuales contribuyen a crear un ambiente auténtico, cálido y lleno de personalidad. Desde cualquiera de sus tres balcones, se puede disfrutar de una vista parcial del emblemático edificio de Telefónica en la Gran Vía, considerado el primer rascacielos de Europa. La propiedad cuenta con sistema de calefacción central individualizado y aire acondicionado por split, lo que garantiza confort térmico durante todo el año. Situada a menos de cinco minutos a pie de la Puerta del Sol y la Plaza Mayor, esta vivienda goza de una ubicación privilegiada en uno de los barrios más emblemáticos y dinámicos de Madrid. Está rodeada de una amplia oferta comercial —incluido El Corte Inglés de Sol y el mercado de flores de Tirso de Molina— así como de numerosos restaurantes y excelentes conexiones de transporte.",True,good,False,,8319.0,True,False,False,False,[],False,False,990000.0,€,,,flat,,"Sol, Madrid",Piso,2,True,Sol,False,,,,
108081420,https://img4.idealista.com/blur/480_360_mq/0/id.pro.es.image.master/e7/1f/ee/1357044458.webp,8 B,23,483000.0,duplex,sale,131.0,2,2,Juan Marichal s/n,Madrid,Alcalá de Henares,La Garena,es,40.4785912,-3.3946399,True,https://www.idealista.com/obra-nueva/108081420/,"“Próximo inicio de obras” PRECOMERCIALIZACION FASE I Y FASE II- Residencial NAO, una magnifica promoción de 136 viviendas de 2 y 3 dormitorios en Ciudad Garena 10 con plaza de garaje, trastero, piscina y amplias zonas comunes. Además de las viviendas tipo, las plantas bajas disponen de una terraza adicional ultimas plantas tipo dúplex con amplias terrazas. A destacar, sus grandes ventanales que aportan luminosidad a sus estancias, así como una distribución del espacio muy cuidada junto con la elección de materiales y acabados hace que Residencial Nao tenga lo necesario para que la conviertas en tu hogar. Además con aerotermia con suelo radiante refrescante para un óptimo confort. Como cada detalle es importante, también podrás elegir entre diferentes acabados, calidades y materiales, así como opciones de mejoras para que puedas personalizar la vivienda a tu estilo. La Garena, un enclave privilegiado donde se combina la calidad de vida de Alcalá de Henares a 20 minutos de Madrid. “Ciudad Garena Diez” se encuentra frente a la estación de cercanías de La Garena y a tan solo a 5 minutos a pie del centro comercial “La Garena”, el Hipercor y el centro de salud. En su entorno se encuentran dos colegios que figuran entre los 100 mejores de España, concretamente el CEIP La Garena en el noveno puesto y el CEIP Antonio Mingote en el puesto 40. Dispone de una amplia oferta de servicios ocio, restaurantes, supermercados y deportes, destacando la ciudad deportiva “El Juncal”, uno de los mayores centros de Alcalá de Henares y el centro de negocios “Garena Plaza”, una zona en auge para nuevas implantaciones comerciales. Conectado al centro histórico mediante el carril bici de la Avenida de Madrid. Comunicación directa a principales vías de comunicación A-2 y R-2 y cuenta con variedad transporte público, urbano e interurbano. Zonas comunes: Ascensor, zona infantil, zona de esparcimiento al aire libre, zonas verdes, piscina de adultos e infantil.",False,,True,False,3687.0,True,False,False,False,[],False,False,483000.0,€,True,True,flat,duplex,"La Garena, Alcalá de Henares",Dúplex en Juan Marichal s/n,8,True,,True,,,,
108709278,https://img4.idealista.com/blur/480_360_mq/0/id.pro.es.image.master/21/7c/be/1352798964.webp,9946-SS,7,1403500.0,chalet,sale,260.0,4,4,"Calle Mérida, 17",Madrid,Pozuelo de Alarcón,Somosaguas,es,40.4103769,-3.7802945,True,https://www.idealista.com/obra-nueva/108709278/,"Tu casa, tu espacio, tu ritmo. Vive en un chalet independiente junto a la Casa de Campo y a un paso de Madrid.  Tras el éxito de la nuestra primera fase, ponemos en marcha iKasaClass Lantana II, chalets independientes que se desarrollarán en régimen de Cooperativa, en la exclusiva Colonia de los Ángeles, en Pozuelo de Alarcón.  Disfruta de la independencia de una vivienda unifamiliar, con la amplitud y comodidad que tu familia necesita, en un entorno verde y rodeado de servicios.  Además, tú decides si quieres que tu casa tenga planta sótano o no.  - Gran salón- comedor con chimenea, que se abre al jardín privado, creando un entorno luminoso, amplio y acogedor. - Posibilidad de elegir entre cocina abierta o cerrada, creando espacios para disfrutar en familia. - Espacio en planta baja, perfecto como habitación, despacho o sala de juegos. - Cuatro dormitorios en planta primera, con opción a configurar la planta de arriba en tres dormitorios. El dormitorio principal cuenta con amplio vestidor. - Jardín privado con posibilidad de piscina opcional (con coste adicional)   Calidad, elegancia y diseño se unen para crear un hogar moderno, donde cada detalle cuenta.  Una ubicación que lo tiene todo en Colonia de los Ángeles. Estarás rodeado de naturaleza gracias a la proximidad de la Casa de Campo, sin renunciar a los servicios y las buenas conexiones:  - Centro Comercial Ciudad de la Imagen. - Colegios, escuelas infantiles y Centros Sanitarios cercanos. - Restaurantes y zonas de ocio. - Metro ligero y fácil acceso a las principales vías A-5, M-503, M-502 y M-40.   Espacio, independencia y vida en iKasaClass Lantana II, una oportunidad única de vivir en un chalet independiente en Pozuelo de Alarcón.  Para visitar la oficina comercial, es necesario concertar cita previa a través del teléfono de contacto o del formulario en nuestra web.",False,newdevelopment,True,False,5398.0,True,False,False,False,[],False,False,1403500.0,€,True,True,chalet,independantHouse,"Somosaguas, Pozuelo de Alarcón","Casa independiente en Calle Mérida, 17",,,Somosaguas,,,,,
108776271,https://img4.idealista.com/blur/480_360_mq/0/id.pro.es.image.master/06/b0/8c/1354793950.webp,,32,900000.0,flat,sale,145.0,4,3,Barrio Peñagrande,Madrid,Madrid,Fuencarral,es,40.4698787,-3.7195362,False,https://www.idealista.com/inmueble/108776271/,"Exclusiva vivienda reformada en urbanización con piscina y jardines Gilmar presenta esta espectacular vivienda de 145 m² construidos y 127 m² útiles, completamente reformada y con una distribución pensada para el máximo confort. La luminosidad es uno de sus grandes atractivos, gracias a su triple orientación norte, sur y este, que permite disfrutar de luz natural durante todo el día. Cuenta con cuatro dormitorios y tres baños, destacando la suite principal, que dispone de un amplio baño y un gran vestidor. La segunda suite también cuenta con baño en suite, un espacioso armario empotrado y una terraza privada. Los otros dos dormitorios, igualmente luminosos, tienen armarios empotrados, lo que garantiza un excelente espacio de almacenamiento. El salón-comedor es amplio y acogedor, con dos grandes ventanales que inundan la estancia de luz. Uno de ellos da acceso a una terraza de unos 6 metros cuadrados, perfecta para disfrutar del aire libre. La cocina es independiente y está equipada con un gran tendedero. En cuanto a acabados, la vivienda ha sido reformada con materiales de alta calidad. Los suelos de mármol en el salón, pasillo y dormitorios aportan elegancia y calidez, mientras que en la cocina y los baños se ha optado por suelo porcelánico. Las ventanas de PVC con apertura oscilobatiente y rotura de puente térmico garantizan aislamiento y eficiencia energética. Además, dispone de calefacción y agua caliente individual con una caldera de gas nueva y aire acondicionado Daikin con bomba de frío y calor en salón y dormitorios. El piso incluye una amplia plaza de garaje con acceso directo por ascensor. Se encuentra en una urbanización privada con piscina comunitaria, amplias zonas ajardinadas, parque infantil y portero físico, ideal para quienes buscan tranquilidad sin renunciar a todas las comodidades. La ubicación es inmejorable, en una zona residencial tranquila, entre el Parque Rodríguez Sahagún y la Dehesa de la Villa. Además, está perfectamente comunicada: A solo 150 metros de la estación de metro Valdezarza. Con paradas de autobús a 100 metros. Acceso rápido al centro por el Túnel de Valle de Mena y excelente conexión con la M-30 norte y sur a través de la calle Sinesio Delgado. Una vivienda lista para entrar a vivir, con todas las comodidades y en una ubicación privilegiada. No pierdas la oportunidad de visitarla. Contacta con Gilmar para más información.",False,good,False,,6207.0,True,False,False,False,[],False,False,900000.0,€,True,False,flat,,"Peñagrande, Madrid",Piso,2,True,Peñagrande,True,,,,28000.0
106201367,https://img4.idealista.com/blur/480_360_mq/0/id.pro.es.image.master/02/81/f0/1324935264.webp,COOP-826@VT11-ÁT.A,9,831500.0,penthouse,sale,176.0,2,1,"VILLAESCUSA, 62",Madrid,Madrid,Ciudad Lineal,es,40.41962,-3.62887,True,https://www.idealista.com/obra-nueva/106201367/,"LAS ROSAS PLAZA (PERALEDA URBAN, S. COOP. -Fase Villaescusa). ¡LICENCIA DE OBRA CONCEDIDA! Futuro residencial formado por 24 viviendas de 1 y 2 dormitorios en régimen de cooperativa (promueve Peraleda Urban, S. COOP. ) gestionada por Prygesa, (Grupo Pryconsa). LICENCIA DE OBRA CONCEDIDA Dispondrá de piscina, jardines y conserjería. Además, cuentan con 1 o 2 plazas de garaje según vivienda, y trastero incluido en el coste. La urbanización privada estará situada en C/ VILLAESCUSA, 62 Las Rosas, Pueblo Nuevo (Madrid). Suelo en propiedad. • Financiación prevista: hasta el 80% • Entrega estimada: 2028 • Personalización de Espacios con Elección de Acabados. NOTA: A los costes indicados hay que añadir el 10% de IVA.",False,newdevelopment,True,False,4724.0,True,False,False,False,[],False,False,831500.0,€,True,True,flat,penthouse,"Pueblo Nuevo, Madrid","Ático en Villaescusa, 62",7,True,Pueblo Nuevo,True,,,,
108149558,https://img4.idealista.com/blur/480_360_mq/0/id.pro.es.image.master/40/20/d6/1367590887.webp,07400,60,615000.0,chalet,sale,345.0,4,5,La Navata,Madrid,Galapagar,La Navata,es,40.5981353,-3.9918948,False,https://www.idealista.com/inmueble/108149558/,"ELEPHANT REAL ESTATE NO COBRA HONORARIOS AL COMPRADOR EN ESTA OPERACION MAGNIFICO CHALET PAREADO EN LA NAVATA Si estás buscando un chalet amplio, con todas las comodidades y en una ubicación privilegiada, no busques más, esta vivienda lo tiene todo!. Es un lugar donde podrás disfrutar de la vida con la máxima tranquilidad, en una zona residencial pero cercana al núcleo urbano y a la estación de Renfe, colegios, etc... ESTE CHALET ES ESPECIAL: Porque es una vivienda muy cómoda, sus estancias son muy amplias y luminosas, tiene piscina privada y unas vistas espectaculares a la sierra.   Dispone de un dormitorio con baño propio en la planta principal, lo que supone un extra de comodidad para quien no desee subir escaleras o como dormitorio de invitados. DISTRIBUCION: La vivienda tiene 326m2 construidos, distribuidos en 4 plantas: PLANTA PRINCIPAL: Accedemos a esta planta subiendo unas escaleras y atravesamos un agradable porche de entrada. En esta planta encontramos un amplio y luminoso salón comedor, cocina muy espaciosa con salida a una terraza trasera, un dormitorio con baño propio y un aseo en el distribuidor. 101m2 PLANTA PRIMERA: En esta planta encontramos el dormitorio principal, muy espacioso con baño en suite con bañera de hidromasaje y ducha independiente, otro dormitorio muy amplio, un segundo baño completo en el descansillo y una terraza. 84m2 PLANTA SÓTANO: Garaje grande con espacio para dos coches, cuarto de lavandería, bodega con chimenea y zona de ocio, un aseo y caldera de Gasoil. 84m2 BUHARDILLA: Totalmente acondicionada, paredes forradas de madera, se divide en dos estancias, una de ellas es actualmente un dormitorio, y la otra como zona de estudio o despacho, pero pueden utilizarse según las necesidades. 57m2 ES IMPORTANTE SABER QUE: Se han realizado importantes mejoras, que estrenarán los nuevos propietarios como: - Pintura nueva en toda la vivienda, también en puertas y armarios. - Lavabos, ducha, grifería y muebles nuevos en los tres baños completos. - Arreglo del jardín, instalando cesped en varias zonas y pintura de puertas de acceso y barandilla de escalera. La vivienda cuenta con una parcela 363m2, está solada en gran parte y cuenta con piscina privada, totalmente vallada y puerta de entrada para vehículos motorizada. COMUNICACIONES Y TRANSPORTE: Excelentes comunicaciones por carretera, con la A6 a 4 kms y a 20 minutos de Madrid. Por lo que respecta al transporte público, cuenta con la estación de Renfe a 17 minutos a pie, 3 minutos en coche y muy cerca la parada del autobús directo a Moncloa (632 y 635), y la línea 634 (que une la universidad de Colmenarejo con la estación de Renfe de La Navata). SERVICIOS Y OCIO: A 3 minutos en coche tenemos el supermercado SuperCor, y además de tener muy cercanos varios supermercados de Galapagar como Mercadona, Ahorramás, DIA, BM, etc... y todo el comercio del casco urbano, farmacias, ferreterías, bares, restaurantes, cafeterías, bancos e iglesia. COLEGIOS Y UNIVERSIDADES: Dispone de una amplia red de colegios e institutos tanto públicos CEIP La Navata ( 9 minutos a pie), San Gregorio, Carlos Ruiz, Jacinto Benavente, Instituto Cañada Real, Instituto Infanta Elena) como privados (Gondomar, Veracruz Parque), así como tres universidades en sus cercanías (Nebrija de Hoyo de Manzanares- Carlos III de Colmenarejo y UDIMA de Villalba). HOSPITALES: En el municipio de Galapagar encontramos un moderno centro de salud, además de varios centros médicos privados. Los hospitales más cercanos son Hospital Puerta de Hierro, Hospital de Villalba y Hospital de El Escorial. A 5 kilómetros tenemos el Hospital HM Torrelodones. Ven a verlo, te sorprenderá!",True,good,False,,1783.0,True,False,False,False,[],False,False,615000.0,€,True,True,chalet,semidetachedHouse,"La Navata, Galapagar",Chalet pareado,,,,,,,,
109192030,https://img4.idealista.com/blur/480_360_mq/0/id.pro.es.image.master/d0/5c/22/1367001941.webp,LHV0950-D,35,895000.0,flat,sale,141.0,3,2,calle del Monasterio de Sobrado,Madrid,Madrid,Fuencarral,es,40.5101737,-3.6947892,False,https://www.idealista.com/inmueble/109192030/,"Piso a estrenar en Montecarmelo – Reformado íntegramente Fantástica vivienda de 3 dormitorios y 2 baños, con plaza de garaje con preinstalación para coche eléctrico y trastero incluidos. La vivienda cuenta con una superficie total de 141 m² construidos incluyendo pp de elementos comunes, 100 m² construida propia y 87 m² útiles. Ubicada en 3ª planta con orientación este-oeste, muy luminosa durante todo el día. Reforma integral con excelentes calidades: suelos de tarima, carpintería de aluminio, armarios empotrados, aire acondicionado por conductos y calefacción individual de gas natural. Distribución: -Salón-comedor amplio y luminoso -Cocina semi-incorporada equipada, con office y tendedero -Dormitorio principal en suite -2 dormitorios adicionales + 1 baño completo Gastos de comunidad de la vivienda: 160 €/mes IBI: 710 €/año Urbanización privada con piscina, zonas verdes, infantil, local comunitario equipado con nevera y mobiliario y conserjería 24h. Zona tranquila, rodeada de servicios (colegios, restaurantes, bancos, farmacias…) y muy bien comunicada: Metro Montecarmelo (L10) a 7 min andando y varias líneas de autobús próximas. Una vivienda lista para estrenar en una de las mejores zonas residenciales de Madrid.",False,good,False,,6348.0,True,False,False,False,[],False,False,895000.0,€,True,True,flat,,"Montecarmelo, Madrid",Piso en calle del Monasterio de Sobrado,3,True,Montecarmelo,True,,,,
108922520,https://img4.idealista.com/blur/480_360_mq/0/id.pro.es.image.master/ed/00/ef/1359030102.webp,W-030K58,35,2480000.0,chalet,sale,252.0,3,3,Barrio El Plantío,Madrid,Madrid,Moncloa,es,40.4718903,-3.8344713,False,https://www.idealista.com/inmueble/108922520/,"Coqueto y exclusivo unifamiliar, su oasis junto a Madrid Engel & Völkers te invita a descubrir este encantador chalet independiente, donde cada rincón ha sido concebido para disfrutar del confort, la privacidad y el bienestar. Situado en una tranquila y cotizada zona residencial próxima a Madrid, en El Plantío, Aravaca, esta propiedad representa la perfecta fusión entre funcionalidad y estilo de vida. Distribuido en dos plantas, el hogar ofrece tres confortables dormitorios, el principal en la planta de acceso es amplio y luminoso con baño en suite, también en esta planta, dispone de un aseo de cortesía, una luminosa cocina y un acogedor salón comedor presidido por una chimenea que invita a disfrutar de reuniones cálidas y memorables.  En la planta inferior dotada de luz natural y altura, se encuentran los otros dos dormitorios, uno de ellos con baño en suite y el garaje cerrado actualmente usado como zona multifuncional, zona de lavandería.  En el exterior, un cuidado jardín rodea la vivienda, ofreciendo un oasis de serenidad con un elegante cenador e iluminación ambiental que transforma las noches en momentos especiales. La piscina, orientada al sur, se convierte en un refrescante refugio durante los días de verano, enmarcada por una atmósfera privada y apacible. La propiedad cuenta con una plaza de garaje cubierta y otra descubierta y destaca por su sólida construcción, su fachada discreta, acústica y térmicamente aislada y la amplitud de sus estancias, hacen de esta vivienda un hogar singular, diseñado para quienes valoran la funcionalidad, la privacidad, la luz natural y la proximidad a la ciudad, priorizando la tranquilidad. Una oportunidad excepcional para vivir en una de las zonas más consolidadas y mejor comunicadas del noroeste de Madrid. Dotada de todos los servicios con fácil acceso por distintos accesos a Madrid y con líneas urbanas y acceso al tren caminando a cinco minutos y acceder al Monte del Pilar donde realizar multitud de actividades en plena naturaleza. Descubra un estilo de vida incomparable en Aravaca, un exclusivo enclave madrileño que combina la serenidad de un entorno residencial privilegiado con la proximidad a la vibrante energía de la capital. Esta excepcional propiedad se encuentra en una zona residencial, ideal para familias que buscan un ambiente tranquilo y seguro, con fácil acceso a colegios internacionales de prestigio y una amplia gama de servicios de primera clase. La infraestructura de la zona es inmejorable. Disfrute de una red de transporte público eficiente, con conexiones directas al centro de Madrid en aproximadamente 15 minutos en coche o 20 minutos en transporte público. En las inmediaciones encontrará una amplia selección de restaurantes de alta cocina, boutiques exclusivas y centros comerciales de lujo, satisfaciendo las necesidades más exigentes. Aravaca ofrece una amplia gama de actividades de ocio. Los amantes del deporte podrán disfrutar de campos de golf de renombre internacional, pistas de tenis y centros ecuestres, todo ello a poca distancia. Para los que buscan un contacto más cercano con la naturaleza, ofrece extensos espacios verdes ideales para paseos, ciclismo y actividades al aire libre. Además, la proximidad al Monte del Pilar y a la Casa de Campo permite disfrutar de un entorno natural privilegiado a pocos minutos de la propiedad.",True,good,False,,9841.0,True,False,True,False,[],False,False,2480000.0,€,True,True,chalet,independantHouse,"El Plantío, Madrid",Casa independiente,,,El Plantío,,,,,
