propertyCode,thumbnail,externalReference,numPhotos,floor,price,propertyType,operation,size,exterior,rooms,bathrooms,address,province,municipality,district,country,neighborhood,latitude,longitude,showAddress,url,description,hasVideo,status,newDevelopment,hasLift,priceByArea,hasPlan,has3DTour,has360,hasStaging,notes,topNewDevelopment,topPlus,priceInfo.price.amount,priceInfo.price.currencySuffix,detailedType.typology,suggestedTexts.subtitle,suggestedTexts.title,parkingSpace.hasParkingSpace,parkingSpace.isParkingSpaceIncludedInPrice,detailedType.subTypology,priceInfo.price.priceDropInfo.formerPrice,priceInfo.price.priceDropInfo.priceDropValue,priceInfo.price.priceDropInfo.priceDropPercentage,parkingSpace.parkingSpacePrice
107145381,https://img4.idealista.com/blur/480_360_mq/0/id.pro.es.image.master/e0/9d/01/1323569823.webp,VPIS_3913,30,2,2200000.0,flat,sale,155.0,True,3,3,"calle de Claudio Coello, 141 -139",Madrid,Madrid,Barrio de Salamanca,es,Castellana,40.4357367,-3.6853702,True,https://www.idealista.com/inmueble/107145381/,"Home Select vende estupendo piso exterior en el barrio de Salamanca, zona Castellana justo en frente de la Embajada americana. Se trata de un piso exterior, tiene 155m2 distribuidos en un amplio salón muy acogedor con chimenea y con una cocina abierta, que dispone de mesa en isla y está equipada con los principales electrodomésticos, también tiene una bonita terraza con vistas despejadas. La zona de noche tiene dos habitaciones dobles en suite y una habitación individual. Además tiene lavandería independiente con lavadora y secadora.  ref: VPIS_3913.",False,good,False,True,14194.0,False,False,False,False,[],False,False,2200000.0,€,flat,"Castellana, Madrid","Piso en calle de Claudio Coello, 141 -139",,,,,,,
107953876,https://img4.idealista.com/blur/480_360_mq/0/id.pro.es.image.master/98/6c/9f/1329358747.webp,,26,1,760000.0,flat,sale,116.0,True,4,2,"calle de Cristóbal Bordiú, 8",Madrid,Madrid,Chamberí,es,Nuevos Ministerios-Ríos Rosas,40.4430878,-3.7033267,True,https://www.idealista.com/inmueble/107953876/,"**Home Action vende en exclusiva piso en Cristobal Bordiú - Oportunidad** Amplio piso exterior en la tranquila zona de Cristobal Bordiú, ideal para quienes buscan un hogar con potencial. Situado en un primer piso con altura de segundo/tercero. Cuenta con un luminoso salón que se abre a una encantadora terraza, perfecta para disfrutar de momentos al aire libre. La cocina independiente ofrece la posibilidad de crear un espacio a medida, mientras que las cuatro habitaciones dobles garantizan comodidad y espacio para toda la familia. Con dos cuartos de baño, uno de ellos en suite, este piso se adapta a las necesidades de cualquier hogar. Además de la terraza cuenta con un patio interior de uso exclusivo de aproximadamente 25 m², ideal para relajarse o realizar actividades al aire libre. Necesitaría reforma, y para ello la disposición del espacio permite una fácil redistribución de los tabiques al no tener muros de carga ni pilares desubicados, brindando la oportunidad de personalizar cada rincón a tu gusto. El edificio se encuentra en buen estado, con dos ascensores, además de contar con portero físico. Ubicado en una zona tranquila, está cerca de todo tipo de servicios, comercios, hospitales, colegios, centros de estudios, lo que lo convierte en una opción muy conveniente. Las conexiones de transporte son excelentes, con metro y autobuses muy cercanos, así como rápidos accesos a las autovías A6, A1 y A2. No dejes pasar esta oportunidad de adquirir un piso con tanto potencial en una ubicación inmejorable. ¡Solicita más información y ven a visitarlo! NUESTRA CARTERA DE PROPIEDADES INCLUYE OTROS INMUEBLES QUE NO APARECEN EN IDEALISTA POR EXPRESA VOLUNTAD DE SUS PROPIETARIOS EN homeaction. es.",True,good,False,True,6552.0,True,False,False,False,[],False,False,760000.0,€,flat,"Nuevos Ministerios-Ríos Rosas, Madrid","Piso en calle de Cristóbal Bordiú, 8",,,,,,,
108440359,https://img4.idealista.com/blur/480_360_mq/0/id.pro.es.image.master/34/60/5f/1344935543.webp,LF122,34,2,500000.0,flat,sale,139.0,True,4,2,calle de Troya,Madrid,Madrid,San Blas,es,Canillejas,40.4388914,-3.6109193,False,https://www.idealista.com/inmueble/108440359/,"Se VENDE piso exterior con terraza ubicado en Canillejas. Características: - 4 habitaciones con armarios empotrados. - 2 baños completos. - Orientación este y oeste. - Terraza de 4m². - Cocina con tendedero. - Calefacción individual de gas natural. - Agua caliente: gas natural. - Plaza de garaje para coche grande. - Trastero de 12m². La finca dispone de portero automático. Zona con todos los servicios (supermercados, farmacia, centro cultural, ferretería, colegios, iglesia, biblioteca, entre otros). Vivienda con muy buena comunicación. A 15min. andando del Estadio Metropolitano. A 10min. del Metro Estación Las Musas / Línea 7 y a menos de 15min. de la estación Torre Arias / Línea 5. Dispone de diferentes líneas de autobús EMT a su servicio (Líneas: 28-38-48-140-153-167-N5) e interurbanos. Contáctanos para visitarlo sin compromiso.",True,good,False,True,3597.0,True,False,False,False,[],False,False,500000.0,€,flat,"Canillejas, Madrid",Piso en calle de Troya,True,True,,,,,
109029083,https://img4.idealista.com/blur/480_360_mq/0/id.pro.es.image.master/a2/1a/5d/1362140632.webp,,22,3,199000.0,flat,sale,74.0,True,3,2,calle de los Barros,Madrid,Madrid,Puente de Vallecas,es,Entrevías,40.378171,-3.6686214,False,https://www.idealista.com/inmueble/109029083/,"Nueva Lega Servicios Inmobiliarios les ofrece en exclusiva este fabuloso piso en venta en calle de los Barros, por distrito Puente de Vallecas, por donde el Asamblea de Madrid.   Se encuentra en la 3ºplanta, arriba del todo, sin ascensor, cuenta con 74m2 de superficie construida y 69m2 del piso. Orientación Noreste y Suroeste. Suelo de madera en el salón y en las habitaciones, gres en la cocina y baño, ventanas de aluminio Consta de: - Salón comedor amplio. - Tres dormitorios. - Dos baños, uno es un aseo. - Cocina completamente amueblada y con todos los electrodomésticos. - Terraza acristalada, que conecta la cocina y el salón.  Ubicación zona residencial, en calles amplias, también con todo tipo de tiendas y comercios alrededor, colegios, campo deportivo,  A 700m de la estación Asamblea de Madrid-Entrevías, varias líneas de autobuses como: 102, 103, y le búho N11. No lo dejes pasar, ven a conocerlo.  Cuota de Comunidad: 50€ Cuota de IBI: 190€ aprox. Próxima ITE: 2028.",True,good,False,False,2689.0,True,False,False,False,[],False,False,199000.0,€,flat,"Entrevías, Madrid",Piso en calle de los Barros,,,,,,,
108807707,https://img4.idealista.com/blur/480_360_mq/0/id.pro.es.image.master/b9/a4/41/1355738505.webp,,61,,370000.0,chalet,sale,238.0,,3,3,AV LUXEMBURGO,Madrid,Eurovillas,,es,,40.3566833,-3.266956,False,https://www.idealista.com/inmueble/108807707/,"¡Descubre este encantador chalet independiente que te espera para entrar a vivir!  Situado en una parcela de esquina junto al Centro Comercial, este hogar alegre y luminoso ofrece una vida cómoda y práctica. Con acceso peatonal y de carruaje desde dos calles, disfrutarás de la conveniencia de tener todo a tu alcance: paradas de autobús, parques y servicios esenciales. La bonita parcela cuenta con zonas de césped artificial y solada, perfectas para disfrutar del aire libre sin complicaciones. La piscina, en perfecto estado, es ideal para refrescarte en los días calurosos. Además, el garaje independiente te proporciona un espacio seguro para tu vehículo.  Al entrar, te recibe un acogedor porche cubierto, perfecto para disfrutar del verano. El salón, con su cálida chimenea, se convierte en el lugar ideal para relajarte. La gran cocina, con vistas al salón y con salida al exterior, es perfecta para aquellos que disfrutan cocinar y compartir momentos en familia.  Este chalet cuenta con 3 dormitorios, ( dos de ellos en la planta baja, junto con dos baños ) En la planta alta se encuentra un impresionante dormitorio principal en suite con vestidor y baño privado que incluye bañera de hidromasaje. Los amplios ventanales permiten que la luz natural inunde cada rincón, creando un ambiente acogedor y agradable.  Con 238 m² construidos y 186 m² útiles, este hogar ofrece espacio suficiente para toda la familia. No te pierdas la oportunidad de vivir en un lugar donde la comodidad y el estilo se unen.  ¡Ven a verlo y enamórate de tu nuevo hogar!",False,good,False,,1555.0,True,False,False,False,[],False,False,370000.0,€,chalet,Eurovillas,Casa independiente en Av Luxemburgo,True,True,independantHouse,,,,
108816804,https://img4.idealista.com/blur/480_360_mq/0/id.pro.es.image.master/b9/f0/a2/1355985521.webp,,21,2,220000.0,studio,sale,156.0,True,0,1,"calle Thomas Edison, 4",Madrid,Rivas-Vaciamadrid,Rivas Futura,es,,40.3341552,-3.5255438,True,https://www.idealista.com/inmueble/108816804/,"**Lof en Venta en Rivas - Ideal para Tu Estilo de Vida** ¡Descubre este espectacular loft en venta, perfecto para autónomos, jóvenes, parejas o solteros que buscan un espacio polivalente donde vivir y/o trabajar! Con 33 m² de espacio principal, este inmueble ofrece la flexibilidad de crear habitaciones o despachos con 11m2 según tus necesidades. La separación de espacios permite una distribución funcional y cómoda.  Ubicado en un edificio construido en 2007, el estudio cuenta con aire acondicionado y suelo radiante, garantizando el máximo confort durante todo el año. Su orientación norte proporciona abundante luz natural sin el inconveniente del sol directo. Además, disfrutarás de buenas vistas.  Este inmueble también incluye 2 plazas de garaje y un generoso trastero de 6 m², perfectos para almacenar tus pertenencias.  La ubicación es inmejorable, frente al H2Ocio, el mayor centro comercial de Rivas, y a solo 5 minutos a pie de todos los servicios que puedas necesitar: supermercados, cines, restaurantes y más. Cercano también a centros médicos públicos y el nuevo Hospital de HM Con acceso directo a la A3 y de la M50, y a solo 10 minutos del metro, la conexión es excelente.  Además, la vivienda es apta para personas con movilidad reducida, brindando comodidad y accesibilidad a todos sus habitantes.  IBI de 470€ ¡No dejes pasar esta oportunidad única de adquirir un espacio ideal para tu estilo de vida!",False,good,False,True,1410.0,True,False,False,False,[],False,False,220000.0,€,flat,"Rivas Futura, Rivas-Vaciamadrid","Estudio en calle Thomas Edison, 4",True,True,studio,,,,
108876414,https://img4.idealista.com/blur/480_360_mq/0/id.pro.es.image.master/6e/32/e3/1357668829.webp,,39,6,1990000.0,penthouse,sale,300.0,True,4,4,calle de Oruro,Madrid,Madrid,Chamartín,es,Bernabéu-Hispanoamérica,40.4559295,-3.6804385,False,https://www.idealista.com/inmueble/108876414/,"Realizamos visitas también fines de semana y festivos. Nos adaptamos a tu horario. Distrito Global te invita a descubrir este impresionante Triplex/ Ático con una espectacular terraza ubicado en una de las zonas más privilegiadas de Madrid. Situado en una zona premium este hogar ofrece lujo, amplitud y confort en cada detalle. Este magnífico Triplex se distribuye en tres plantas, ofreciendo espacios diáfanos y una distribución funcional. En la planta principal, nos encontramos con un espectacular salón con grandes ventanales los cuales permiten la entrada de luz natural durante todo el día, creando un ambiente cálido y acogedor. Cocina de diseño moderno y totalmente equipada con electrodomésticos de alta gama ( NEFF), frigorífico Liebherr side by side y Vinoteca dormitorios, amplios y luminosos, con armarios empotrados y baños en suite, proporcionando el máximo confort y privacidad. En la planta superior, hay un encantador salón el cual cuenta con un proyector de cine en el techo con pantalla escamoteada perfecto para los amantes del cine. Este bonito salón da salida a una impresionante terraza con techo practicable (el cerramiento es de Lumon) perfecta para disfrutar tanto en invierno, queda totalmente cerrada, como en verano dejándola completamente abierta. En esta misma planta nos encontramos además de una gran habitacion en suite, aseo de invitados y un bonito vestidor. Dispone de una planta más de 20m con una pequeña terraza en la cual se encuentran 2 casetas de madera Los acabados de la vivienda son de primera calidad, con suelos de tarima de cerezo y puertas de madera. Cuenta con un sofisticado sistema de luces (Lutron ) el cual permite regular y crear diferentes ambientes proporcionando un hogar muy acogedor además de esto la vivienda dispone de un sistema de sonido cableado Bosé, de alta gama. Como parte de esta vivienda de lujo, los residentes tienen acceso a zonas comunes que incluyen piscina y pista de pádel (hay que solicitarlo y apuntarse a una lista) Conserje todo el día y sábados por la mañana Ubicado entre paseo de La Habana, Serrano y príncipe de Vergara, este inmueble se encuentra en una de las mejores zonas de Madrid. Rodeado de todo tipo de servicios exclusivos, restaurantes, numerosos colegios y hospitales y a pocos metros del famoso mercado de Chamartín. Tiene una excelente conexión con el centro ya que está a pocos metros del metro y cuenta con varias líneas de autobuses. La propiedad se encuentra próximo al Paseo de la Castellana y las principales zonas empresariales, la ubicación es perfecta para quienes buscan una combinación de lujo, comodidad y accesibilidad. Posibilidad de espaciosas plazas de garaje (130 euros) con acceso directo a la vivienda desde el ascensor.",False,good,False,True,6633.0,True,False,False,False,[],False,False,1990000.0,€,flat,"Bernabéu-Hispanoamérica, Madrid",Ático en calle de Oruro,True,False,penthouse,2095000.0,105000.0,5.0,70.0
107917429,https://img4.idealista.com/blur/480_360_mq/0/id.pro.es.image.master/52/64/5e/1328248263.webp,R10053,17,2,314000.0,flat,sale,61.0,True,1,1,paseo de la Dirección,Madrid,Madrid,Tetuán,es,Valdeacederas,40.4710415,-3.7043069,False,https://www.idealista.com/inmueble/107917429/,"Con Testa Homes no pagas comisión ni honorarios de intermediación por tu inmueble. Oportunidad de inversión: inmueble en rentabilidad. Viviendas actualmente alquiladas. Consulte con nuestro Agente Comercial la información adicional sobre el inmueble y las condiciones especiales de compraventa. *No se admiten visitas a la vivienda Vivienda distribuida en 61 m2, muy luminosa, con tarima flotante y puerta blindada. Amplio dormitorio con armarios empotrados, baño amueblado y equipado con mampara. Cocina totalmente equipada con electrodomésticos de primeras marcas: frigorífico, lavadora, horno, microondas.  A. C. S central con aporte de placas solares.  Bomba de frío/calor por conductos.  Plaza de garaje y trastero incluidos en el precio. Finca con ascensor y servicio de portería Edificio muy bien situado en zona norte de Madrid, frente al parque de los Pinos.  Muy bien comunicado con transporte público con parada de metro mas cercana, L9 Ventilla y paradas EMT mas cercanas 147, 42, N23. Muy próximo a todos los servicios, colegios, restaurantes, centros médicos y supermercados. Horario de atención telefónica de lunes a viernes de 9:00 a 21:00 y sábados de 9:00 a 14:00 horas.  *No se admiten visitas a la vivienda  En Testa Homes, te acompañamos durante todo el proceso de compra de la vivienda y te contamos todo con la mayor transparencia. Además, te ponemos en contacto con un asesor financiero que te informará de las mejores condiciones disponibles.  *En relación a los suministros de luz y agua, será necesario que el nuevo comprador realice el cambio de titularidad a su nombre. Con Testa Homes no pagas comisión ni honorarios de intermediación por tu inmueble.",False,good,False,True,5148.0,False,True,False,False,[],False,False,314000.0,€,flat,"Valdeacederas, Madrid",Piso en paseo de la Dirección,True,True,,,,,
108439565,https://img4.idealista.com/blur/480_360_mq/0/id.pro.es.image.master/6a/2b/b4/1363356080.webp,1277,35,,2650000.0,chalet,sale,487.0,,5,6,calle Playa de Sitges,Madrid,Boadilla del Monte,Bonanza,es,,40.448726,-3.9014995,False,https://www.idealista.com/inmueble/108439565/,"ENTREGA INMEDIATA  Calidades Premium, Diseño Moderno y Entorno Privilegiado INMOB HOMES en colaboración con Promotora IGELCASA, con diseño proyecto y construcción por parte de PAS38 Arquitectura, se complace en presentar en esta oportunidad, una increíble VIVIENDA REHABILITADA AÑO 2025, lista para ser estrenada, ubicada en el corazón de la Urbanización Bonanza, Boadilla del Monte, considerado uno de los Municipios más prósperos de Madrid.  La propiedad ha sido rehabilitada basándose principalmente en el concepto de la SOSTENIBILIDAD y EFICIENCIA ENERGÉTICA por AEROTERMIA y PANELES SOLARES combinadas con un diseño óptimo, funcional y exclusivo, con materiales de primera calidad que hacen de la eficiencia un pilar, con climatización por suelo radiante/refrescante, sumado a que es independiente, brinda toda la privacidad que necesite, además de inmejorables y únicas vistas a la sierra de Madrid. La reforma es del año 2025, manteniendo su estructura original, con distribución de espacios respetando la funcionalidad y calidades que toda familia moderna necesita. Cuenta con un total de 490 metros construidos aproximados en parcela de 1.407 metros.  La propiedad  está distribuida en dos plantas más sótano, con una configuración casi exclusivamente en planta, cuenta con un total de 4 dormitorios en suite, más despacho con aseo,  amplio hall de acceso abierto a estancias nobles con doble salón con cocina Porcelanosa,  integrada totalmente equipada con electrodomésticos de primera marca. Este amplio espacio posee grandes ventanales diáfanos acristalados con vistas a la sierra de Madrid y salida directa a gran terraza al magnifico jardín con piscina.  Desde esta planta se accede a la planta superior donde se encuentra la master suite con baño incorporado vestidor independiente con amplios ventanales que dan a este lugar un espacio distintivo y privado del resto de la casa. La planta sótano, cuenta con espacio de parking para 3 coches, mas zona de servicio con baño, sala de lavandería cuarto de instalaciones y trastero.  Resumen Memoria de calidades:  Fachada se mantienen los muros de 1Pie y ½ pie de origen con el asilamiento existente y se realiza nueva fachada con sistema SATE de 80mm en color blanco, sobre medio pie de ladrillo tosco donde ha sido necesario, cámara de aire, doble aislamiento interior, existente y nueva instalación interior en 50mm con lana de fibra de vidrio 70kg/m3 y al exterior mediante sistema SATE de 80mm y densidad mínima de 38Kg/m3, trasdosado interior en placas de cartón yeso o similar/ladrillo de hueco doble.  Cubierta de la vivienda se ha modificado completamente, y se ha realizado nueva cubierta plana invertida. Instalación fotovoltaica completa por medio de paneles solares en cubierta. Carpintería de aluminio lacado de la firma CORTIZO CON HOJA OCULTA Y CANAL 16 con rotura de puente térmico 55mm para evitar transmisión de frío, vidrios 4+4 clim-12mm-laminar 3+3, climaguard en orientación Norte y control solar en Sur. Su apertura habitualmente será oscilobatiente, abatible y fijo, según diseño. Se ha incorporado tres carpintearías en aluminio RPT correderas elevables.  Acristalamiento con cámara de aire intermedia tipo climalit, guardian sun (control solar). Persianas motorizadas en dormitorios en PVC en el mismo color que la carpintería. Puerta de acceso blindada acorazada y panelada.  Carpinteria de paso lisas lacadas en blanco, rodapié 12 cm. Falsos techos con yeso laminado hidrófugo. Doble aislamiento en zona doble altura proyectado de espuma rígida de poliuretano en 60mm y lana de fibra de vidrio en 50mm. Baños totalmente alicatados según proyecto, con piezas porcelánicas rectificadas de primera calidad firma PORCELANOSA en gran formato, sanitarios ROCA, inodoros suspendidos, platos de ducha de tipo resina, grifería monocromada y termostática. Baños tota.",True,good,False,,5441.0,True,False,False,False,[],False,False,2650000.0,€,chalet,"Bonanza, Boadilla del Monte",Casa independiente en calle Playa de Sitges,True,True,independantHouse,,,,
107917428,https://img4.idealista.com/blur/480_360_mq/0/id.pro.es.image.master/29/0e/cd/1328248052.webp,R10052,20,1,396600.0,flat,sale,67.0,False,2,1,travesía Navaluenga,Madrid,Majadahonda,Zona Carretera del Plantío,es,,40.4751952,-3.8539154,False,https://www.idealista.com/inmueble/107917428/,"Con Testa Homes no pagas comisión ni honorarios de intermediación por tu inmueble. Oportunidad de inversión: inmueble en rentabilidad. Viviendas actualmente alquiladas. Consulte con nuestro Agente Comercial la información adicional sobre el inmueble y las condiciones especiales de compraventa. *No se admiten visitas a la vivienda Estupenda vivienda interior de excelentes calidades y en perfectas condiciones para entrar a vivir.  Dispone de un maravilloso salón-comedor y cocina totalmente amueblada y equipada con electrodomésticos de primera calidad.  La vivienda también cuenta con 2 dormitorios, suelos laminados, baño completamente equipado y armarios empotrados que ofrecen un gran espacio de almacenaje adicional. Urbanización privada con una agradable piscina en la azotea, de la que disfrutar durante los meses de calor. Además, dispone de servicio de portería para mayor seguridad. El edificio está ubicado en una tranquila zona residencial junto al parque Nayi, y a pocos minutos del centro de la ciudad. Con todos los servicios a tu alcance: desde supermercados, locales comerciales, de ocio y restauración, hasta centros educativos y de salud entre otros. De fácil acceso en vehículo privado (A-6 y M-50) y en transporte público con la estación de tren muy próxima a la urbanización, y varias paradas de autobús interurbano en las inmediaciones. **No se admiten visitas a la vivienda Además, te ponemos en contacto con un asesor financiero que te informará de las mejores condiciones disponibles. También, si lo necesitas, te asesoramos y hacemos realidad la reforma de tu casa para que la disfrutes cómo si fuera nueva. No deje pasar esta oportunidad, ¡llámanos y ven a conocer tu nuevo hogar!  *En relación a los suministros de luz y agua, será necesario que el nuevo comprador realice el cambio de titularidad a su nombre. Con Testa Homes no pagas comisión ni honorarios de intermediación por tu inmueble.",False,good,False,True,5919.0,False,False,False,False,[],False,False,396600.0,€,flat,"Zona Carretera del Plantío, Majadahonda",Piso en travesía Navaluenga,,,,,,,
107918390,https://img4.idealista.com/blur/480_360_mq/0/id.pro.es.image.master/fa/31/e3/1328274766.webp,R10069,16,1,541000.0,flat,sale,102.0,True,2,2,calle del Golfo de Salónica,Madrid,Madrid,Ciudad Lineal,es,Costillares,40.4802687,-3.6652211,False,https://www.idealista.com/inmueble/107918390/,"Con Testa Homes no pagas comisión ni honorarios de intermediación por tu inmueble. Oportunidad de inversión: inmueble en rentabilidad. Viviendas actualmente alquiladas. Consulte con nuestro Agente Comercial la información adicional sobre el inmueble y las condiciones especiales de compraventa. *No se admiten visitas a la vivienda Estupenda vivienda en urbanización privada con piscina Amplia vivienda distribuida en un luminoso salón-comedor, cocina, 2 habitaciones y 2 baños completamente equipados. Cuenta con suelos laminados, armarios empotrados y aire acondicionado. La cocina está totalmente amueblada y equipada con electrodomésticos de primeras marcas. Los baños disponen de muebles y mamparas para mayor comodidad. Plaza de garaje y trastero incluidos en el precio. La urbanización privada ofrece servicio de portería, amplias zonas comunes ajardinadas, zona chill-out, parque infantil, piscina exterior, gimnasio y jardín privado. Las zonas comunes han sido recientemente reformadas, proporcionando un entorno moderno y acogedor. Ubicada en Pinar de Chamartín, una tranquila zona residencial rodeada de parques y jardines, con multitud de servicios próximos, como colegios, restaurantes, comercios, centros sanitarios y hospitales. Está perfectamente comunicada mediante varias líneas de autobús y metro. Las conexiones en transporte privado son excelentes, con un acceso inmediato tanto al centro de Madrid como al aeropuerto. ¡Una oportunidad única para vivir en un entorno tranquilo y con todas las comodidades! Horario de atención telefónica de lunes a viernes de 9:00 a 21:00 y sábados de 9:00 a 14:00 horas. Consulte condiciones y disponibilidad.  *No se admiten visitas a la vivienda  En Testa Homes, te acompañamos durante todo el proceso de compra de la vivienda y te contamos todo con la mayor transparencia. Además, te ponemos en contacto con un asesor financiero que te informará de las mejores condiciones disponibles.  *En relación a los suministros de luz y agua, será necesario que el nuevo comprador realice el cambio de titularidad a su nombre. Con Testa Homes no pagas comisión ni honorarios de intermediación por tu inmueble.",False,good,False,True,5304.0,False,False,False,False,[],False,False,541000.0,€,flat,"Costillares, Madrid",Piso en calle del Golfo de Salónica,True,True,,,,,
108505494,https://img4.idealista.com/blur/480_360_mq/0/id.pro.es.image.master/f5/d6/83/1350632478.webp,636879083,26,1,1550000.0,flat,sale,192.0,True,5,3,"CL DIEGO DE LEON, 52",Madrid,Madrid,Barrio de Salamanca,es,Lista,40.4342441,-3.6785799,True,https://www.idealista.com/inmueble/108505494/,"Fantástico piso señorial, exterior, en una ubicación privilegiada, casi en la esquina de Ppe Vergara. Amplio piso de 192 m² para reforma total, con muchas posibilidades  Con 4 dormitorios y un dormitorio de servicio. Gran zona de recibo de 80 m², con tres grandes ventanales y vistas agradables entre las copas de los árboles. El edificio cuenta con un portal bien cuidado y portero físico, lo que añade un extra de comodidad y seguridad.  La cocina, muy amplia, tiene espacio para una mesa y acceso a una puerta de servicio con ascensor.  Los suelos de tarima antigua pueden ser restaurados y recuperados  Este piso incluye un trastero.  plaza de garaje en el edificio de enfrente.  Con calefacción central y gastos de comunidad de 320€, . 6 3 6 8 7 9 0 8 3 6 4 5 8 3 1 5 0 3.",False,renew,False,True,8073.0,True,False,False,False,[],False,False,1550000.0,€,flat,"Lista, Madrid","Piso en CL Diego De Leon, 52",True,True,,,,,
107969103,https://img4.idealista.com/blur/480_360_mq/0/id.pro.es.image.master/8c/98/90/1329786286.webp,10118,23,3,318000.0,flat,sale,106.0,True,3,2,calle Beatriz Galindo,Madrid,Torrejón de Ardoz,Sureste,es,,40.4627732,-3.4444686,False,https://www.idealista.com/inmueble/107969103/,"Con Testa Homes no pagas comisión ni honorarios de intermediación por tu inmueble. ¿Te imaginas tener una vivienda en propiedad en Torrejón de Ardoz? ¡Testa Homes lo hace realidad! *La vivienda y fotos publicadas corresponden a una vivienda tipo, para más información consulte a su gestor comercial Descubre esta luminosa vivienda sin amueblar de 106 m² construidos, diseñada para ofrecerte una experiencia residencial completa. Su distribución se compone de 3 dormitorios con armarios empotrados, 2 baños completamente equipado y una terraza privada que aporta un espacio exterior adicional perfecto para desconectar o disfrutar en familia. Los suelos de tarima aportan un toque cálido y moderno a toda la vivienda. La cocina amueblada con encimera, fregadero y campana extractora cuenta además con un cuarto lavadero anexo, lo que la hace aún más práctica para el día a día. Plaza de garaje y trastero están incluidos en el precio, un plus de comodidad y almacenamiento que marca la diferencia. Existe la posibilidad de adquirir una segunda plaza de garaje La vivienda se encuentra dentro de una urbanización cerrada de diseño moderno, con zonas comunes recientemente reformadas, que incluyen jardines cuidados, piscina exterior y parque infantil, ideales para disfrutar del tiempo libre sin salir de casa. Además, el edificio cuenta con portero físico, lo que garantiza una mayor tranquilidad y seguridad para los residentes. Y sí, ¡las mascotas son bienvenidas! Ubicada en una de las zonas de mayor desarrollo de Torrejón de Ardoz, estarás a solo unos pasos del nuevo hospital y cerca de la estación de Cercanías, lo que garantiza una excelente conexión con el resto de la ciudad y con Madrid. El barrio ofrece todos los servicios esenciales: supermercados, centros educativos, zonas verdes, parques, bancos, restaurantes, clubes de pádel y gimnasios. Una vivienda pensada para quienes buscan confort, diseño y calidad en un entorno residencial en crecimiento. Horario de atención telefónica de lunes a viernes de 9:00 a 21:00 y sábados de 9:00 a 14:00 horas. Consulte condiciones y disponibilidad. *Imágenes orientativas sin carácter vinculante. **Viviendas sujetas a disponibilidad y viviendas no amueblada. En Testa Homes, te acompañamos durante todo el proceso de compra de la vivienda y te contamos todo con la mayor transparencia. Además, te ponemos en contacto con un asesor financiero que te informará de las mejores condiciones disponibles. *En relación a los suministros de luz y agua, será necesario que el nuevo comprador realice el cambio de titularidad a su nombre. Con Testa Homes no pagas comisión ni honorarios de intermediación por tu inmueble.",False,good,False,True,3000.0,False,False,False,False,[],False,False,318000.0,€,flat,"Sureste, Torrejón de Ardoz",Piso en calle Beatriz Galindo,True,True,,,,,
108944334,https://img4.idealista.com/blur/480_360_mq/0/id.pro.es.image.master/fa/52/76/1359675054.webp,,29,1,499000.0,flat,sale,103.0,False,3,2,paseo de la Esperanza,Madrid,Madrid,Arganzuela,es,Acacias,40.3983519,-3.7036678,False,https://www.idealista.com/inmueble/108944334/,"Agencia inmobiliaria de MADRID calle Tomas Borras 11 - zona DELICIAS- EMBAJADORES. CLICKHAUS. Se vende fantástico piso en paseo de la esperanza, en una zona inmejorable. La construcción es del año 1980 Distribuido en: - 3 dormitorios con armarios empotrados - Salón con terraza - 2 baños - Cocina totalmente equipada con office Características de la vivienda: - Calefacción central -Agua caliente centralizada Datos de la finca: - Ascensor. El barrio de Arganzuela se caracteriza por la variedad y tipología de sus viviendas, se pueden encontrar modernas viviendas en excelentes comunidades a escasos minutos del Matadero y Atocha y excelentemente comunicado con parque del retiro. Es la zona mejor comunicada del distrito, teniendo salidas por carretera y por calles principales. Además cuenta con diversidad de comercios como supermercados, farmacias, hospitales, hoteles, etc. Las líneas de metro que dan servicio a este barrio son la 3 y la 6. Excelente comunicación de autobuses fácilmente comunicados con Atocha, Méndez Álvaro, Madrid Rio y el centro de Madrid. Cualquier pregunta, no dude en contactar con nosotros. Asesor: Borja 6 4 6 7 8 2 0 6 2.",True,renew,False,True,4845.0,True,False,False,False,[],False,False,499000.0,€,flat,"Acacias, Madrid",Piso en paseo de la Esperanza,,,,,,,
108010014,https://img4.idealista.com/blur/480_360_mq/0/id.pro.es.image.master/b8/69/3b/1331066474.webp,R10142,17,bj,725000.0,flat,sale,86.0,False,2,1,calle de Tomás López,Madrid,Madrid,Barrio de Salamanca,es,Goya,40.4279073,-3.6703534,False,https://www.idealista.com/inmueble/108010014/,"Con Testa Homes no pagas comisión ni honorarios de intermediación por tu inmueble. Oportunidad de inversión: inmueble en rentabilidad. Viviendas actualmente alquiladas. Consulte con nuestro Agente Comercial la información adicional sobre el inmueble y las condiciones especiales de compraventa. *No se admiten visitas a la vivienda Vivienda orientada hacia patio de manzana muy luminosa y sin ruidos externos que cuenta con armarios empotrados aportando un espacio adicional a tu hogar.  Dispone de un amplio salón-comedor y cocina con equipamiento y muebles de excelentes calidades, con un área de aseo con lavadora. Además, dispone con 2 estupendos dormitorios con armarios empotrados.  La vivienda cuenta con 2 baños completamente equipados, plaza de parking con buen acceso desde Calle Hermosilla. Actualmente la vivienda no incluye el mobiliario que puedes apreciar en las fotos sí la cocina completamente equipada prácticamente nueva. Dispone de calefacción individual vía Gas con radiadores en todas las estancias y sistema individual de aire acondicionado frío/calor por conducto en toda la vivienda además de cerramiento Climalit de 1cm espesor. Cuenta con seguridad de cámaras videovigilancia y portero físico de lunes a sábado. Ubicado en una zona privilegiada peatonal siendo un pequeño oasis en el Barrio de Salamanca, Madrid sin ruido ni tráfico rodado. A pocos minutos del acceso a la M-30 y la calle Francisco Silvela, a pocos minutos del parque Fuente del Berro o El Retiro, y a minutos andando del palacio de los deportes (WiZink Center), también cuenta con distintas opciones de restauración, colegios, institutos, centros comerciales, hospitales etc. Además, dispone de fácil acceso a transporte público gracias a su cercanía a la estaciones de metro de Manuel Becerra o Goya, al igual que una amplia multitud de líneas de autobuses a sus alrededores. *No se admiten visitas a la vivienda En Testa Homes, te acompañamos durante todo el proceso de compra de la vivienda y te contamos todo con la mayor transparencia. Además, te ponemos en contacto con un asesor financiero que te informará de las mejores condiciones disponibles.  *En relación a los suministros de luz y agua, será necesario que el nuevo comprador realice el cambio de titularidad a su nombre. Con Testa Homes no pagas comisión ni honorarios de intermediación por tu inmueble.",False,good,False,True,8430.0,False,False,False,False,[],False,False,725000.0,€,flat,"Goya, Madrid",Piso en calle de Tomás López,True,True,,,,,
108698589,https://img4.idealista.com/blur/480_360_mq/0/id.pro.es.image.master/4a/a5/99/1352489773.webp,4270,17,en,1550000.0,flat,sale,220.0,True,4,4,calle del Buen Suceso,Madrid,Madrid,Moncloa,es,Argüelles,40.4267093,-3.7216101,False,https://www.idealista.com/inmueble/108698589/,"TORALIA CAPITAL ofrece piso Reformado a Estrenar en Edificio Clásico – Calle del Buen Suceso, Argüelles En el corazón del prestigioso barrio de Argüelles, junto al Parque del Oeste, se encuentra esta espectacular vivienda exterior a estrenar, ubicada en una finca clásica con ascensor. Situada en una primera planta, la vivienda destaca por su luminosidad, gracias a su orientación sur y amplias ventanas en todas las estancias. Los techos de casi 3 metros de altura y la conservación de los suelos originales aportan carácter y elegancia al espacio. La distribución incluye 3 amplios dormitorios, todos con baño en suite y ventilación natural, ofreciendo confort y privacidad. Además, cuenta con armarios empotrados, calefacción central y aire acondicionado. La reforma integral ha sido realizada con materiales y acabados de primeras calidades, combinando el encanto clásico con el diseño contemporáneo. Una vivienda única, lista para entrar a vivir, en una de las zonas más codiciadas de Madrid.",True,good,False,True,7045.0,True,False,True,False,[],False,False,1550000.0,€,flat,"Argüelles, Madrid",Piso en calle del Buen Suceso,,,,,,,
108779379,https://img4.idealista.com/blur/480_360_mq/0/id.pro.es.image.master/88/a7/ba/1354885853.webp,"Eduardo Morales, Vista Alegre.",79,3,225000.0,flat,sale,77.0,True,3,1,"calle Eduardo Morales, 31",Madrid,Madrid,Carabanchel,es,Vista Alegre,40.3872941,-3.7373643,True,https://www.idealista.com/inmueble/108779379/,"CALLE EDUARDO MORALES, zona Vista Alegre.  ¡Descubre tu nuevo hogar en el corazón del barrio de Carabanchel!  Este amplio piso de 77 m² es la oportunidad perfecta para quienes buscan un espacio que puedan personalizar a su gusto.  Contando con 3 interesantes dormitorios, un salón comedor exterior, una amplia cocina, un baño y una espléndida terraza, este inmueble ofrece un lienzo en blanco para crear el hogar de tus sueños. La terraza privada con orientación sur será tu refugio ideal para disfrutar del sol y relajarte al aire libre.  Situado en una tercera planta sin ascensor, este piso destaca por su excelente ubicación, a solo 5 minutos a pie de la estación de metro Vista Alegre (línea 5) y con varias paradas de autobús cercanas. Además, tendrás a tu disposición una variedad de comercios y servicios, incluyendo el Mercado Municipal de Puerta Bonita y el Palacio Vista Alegre, todo a un paso de casa.  Si te gusta disfrutar de la naturaleza, el Parque Cerro Almodóvar se encuentra a poco más de un kilómetro, perfecto para paseos y actividades al aire libre. Este piso de segunda mano, construido en 1960, cuenta con armarios empotrados que optimizan el espacio  ¡No dejes pasar esta oportunidad y ven a visitarlo! *Los honorarios de mediación inmobiliaria se cobran aparte*.",True,renew,False,False,2922.0,True,False,False,False,[],False,False,225000.0,€,flat,"Vista Alegre, Madrid","Piso en calle Eduardo Morales, 31",,,,,,,
108799036,https://img4.idealista.com/blur/480_360_mq/0/id.pro.es.image.master/32/cb/99/1355473225.webp,10582,26,2,568300.0,flat,sale,105.0,True,2,2,calle del Golfo de Salónica,Madrid,Madrid,Ciudad Lineal,es,Costillares,40.4818526,-3.6613422,False,https://www.idealista.com/inmueble/108799036/,"Con Testa Homes no pagas comisión ni honorarios de intermediación por tu inmueble. ¿Te imaginas disfrutando de tu hogar en propiedad en una excelente ubicación en Madrid? ¡Testa Homes lo hace realidad! *La vivienda y fotos publicadas corresponden a una vivienda tipo, para más información consulte a su gestor comercial. Vivienda sin amueblar de 105 m² construidos en perfecto estado de alquiler, ubicada en una exclusiva urbanización privada en Pinar de Chamartín. Ofrece 2 dormitorios con armarios empotrados, 2 baños completamente equipados con mobiliario de calidad y mamparas, y una cocina independiente totalmente amueblada y equipada con electrodomésticos de primeras marcas. Suelos laminados en excelente estado, distribución funcional y acabados pensados para garantizar confort y estilo. Plaza de garaje y trastero incluidos en el precio. Se admiten mascotas. La urbanización cuenta con zonas comunes recientemente renovadas que elevan la calidad de vida. Incluye piscina exterior, jardines privados, zona chill-out, parque infantil, gimnasio y servicio de portería física. Espacios pensados para el bienestar diario en un entorno cuidado, moderno y seguro. Ubicada en una de las zonas residenciales más tranquilas y consolidadas del norte de Madrid: Pinar de Chamartín. Rodeada de parques y jardines, con acceso inmediato a servicios esenciales como colegios, centros sanitarios, comercios, restaurantes y hospitales. Perfectamente comunicada mediante varias líneas de metro y autobuses, y con excelentes conexiones por transporte privado tanto hacia el centro de Madrid como al aeropuerto. Una vivienda que combina ubicación, servicios y calidad constructiva, ideal para quienes buscan bienestar y comodidad sin renunciar a una vida urbana. Horario de atención telefónica de lunes a viernes de 9:00 a 21:00 y sábados de 9:00 a 14:00 horas. Consulte condiciones y disponibilidad.  *Imágenes orientativas sin carácter vinculante.  **Las imágenes corresponden a un apartamento tipo.  **Viviendas sujetas a disponibilidad y viviendas no amueblada. * Tour virtual de vivienda tipo. *En relación a los suministros de luz y agua, será necesario que el nuevo comprador realice el cambio de titularidad a su nombre.",False,good,False,True,5412.0,False,False,False,False,[],False,False,568300.0,€,flat,"Costillares, Madrid",Piso en calle del Golfo de Salónica,True,True,,,,,
103247462,https://img4.idealista.com/blur/480_360_mq/0/id.pro.es.image.master/c0/4e/4d/1311653109.webp,,50,,1390000.0,chalet,sale,675.0,,6,4,VALLE NORUEGO,Madrid,Boadilla del Monte,Las Lomas,es,,40.4316363,-3.8935232,False,https://www.idealista.com/inmueble/103247462/,"""NO COBRAMOS AL COMPARDOR"" En un entorno maravilloso, como son Las Lomas, nos encontramos ésta maravillosa casa. En la planta calle tenemos un fantástico y luminoso salón, que comunica con otro; y ambos constituyen la mitad de la planta, haciendo única ésta estancia. Comunica con la cocina, lo que hace que sea muy cómodo y acogedor. En ésta planta también tenemos sala de estar o despacho y aseo de cortesía. En la primera planta nos encontramos con los dormitorios; el principal en suite, complementado por cuatro más que les dan servicio dos baños. En el sótano tenemos una gran zona diáfana y trastero, al que se le puede dar el uso que cada familia necesite. Dispone de un agradable agradable porche; junto con piscina y jardín consolidado.",False,renew,False,,2059.0,True,False,False,False,[],False,False,1390000.0,€,chalet,"Las Lomas, Boadilla del Monte",Casa independiente en Valle Noruego,True,True,independantHouse,,,,
109146454,https://img4.idealista.com/blur/480_360_mq/0/id.pro.es.image.master/32/2f/da/1367080082.webp,,57,2,775000.0,flat,sale,80.0,False,2,2,"calle del General Pardiñas, 48",Madrid,Madrid,Barrio de Salamanca,es,Goya,40.4282342,-3.678101,True,https://www.idealista.com/inmueble/109146454/,"Bienvenidos a Gara (Somos propietarios) Gara Singular, Casa de bienes raíces que ofrece fincas singulares, minuciosamente seleccionadas en el alma y esencia de Madrid. Calle General Pardiñas, corazón del Barrio de Lista. Gara ofrece en venta esta exclusiva propiedad que ofrece una gran versatilidad, al ser perfecta como producto de inversión o residencia permanente, La propiedad se encuentra en un precioso edificio clásico, acondicionado en su interior según las necesidades actuales y mantenido en excelentes condiciones.   Se encuentra en una 3 planta interior, y dispone de mucha luz gracias a la anchura de los patios interiores, lo bien mantenidos que están estos, y a las ventanas cortizo de una sola hoja en todas las estancias. La propiedad disfruta de dos dormitorios de matrimonio, el principal de ellos en suite ambos con un gran tamaño y gran capacidad de almacenaje gracias a sus numerosos armarios de suelo a techo. Zona de salón comedor con cocina integrada con electrodomésticos y península independiente, haciendo de todo el área social una zona muy fluida y agradable. Techos de casi tres metros. Armarios distribuidos por distintas zonas de la propiedad. Iluminación de pasillo en techo y focos empotrados en pared. Rodapiés de 12 centímetros. A/A por conductos en toda la vivienda. Esta propiedad se ha desarrollado por el reputado estudio de interioristas SIS para dotarla del más alto confort. Materiales de máxima calidad, aislamiento térmico y sonoro de su carpintería, y un sinfín de comodidades. Gastos de comunidad: 105 EUROS IBI: 485 EUROS  En el precio se incluyen los electrodomésticos, pero no el mobiliario.",False,good,False,True,9688.0,True,False,False,False,[],False,False,775000.0,€,flat,"Goya, Madrid","Piso en calle del General Pardiñas, 48",,,,,,,
108002061,https://img4.idealista.com/blur/480_360_mq/0/id.pro.es.image.master/70/b1/56/1346806689.webp,,20,6,2385000.0,penthouse,sale,194.0,True,3,4,calle de García de Paredes,Madrid,Madrid,Chamberí,es,Almagro,40.4354647,-3.6949153,False,https://www.idealista.com/inmueble/108002061/,"Velzia Homes presenta este impresionante ático en proceso de reforma, de aproximadamente 194 m², en el barrio de Chamberí. La vivienda dispone de 3 dormitorios, 3 baños completos, 1 aseo, un gran salón-comedor con acceso directo a una terraza, cocina equipada y lavandería. Además, cuenta con aire acondicionado, trastero, ascensor y portero físico.  La vivienda se encuentra actualmente en reforma; Las imágenes mostradas son renders ilustrativos. Se entrega amueblada y decorada. Ubicada en la 6ª planta del edificio los 194m² se distribuyen en 3 amplios dormitorios con armarios empotrados, dos de ellos con baño en suite, 1 baño completo, un gran salón-comedor con terraza, un aseo y una cocina abierta totalmente equipada y una lavandería.  El edificio residencial, construido en 1963, ofrece todas las comodidades modernas, incluyendo ascensor y portero físico. La vivienda cuenta con calefacción central de gas, aire acondicionado y un sistema domótico avanzado, lo que permite controlar de manera eficiente la climatización, iluminación y otros elementos del hogar, garantizando un alto nivel de confort y ahorro energético. Además, la propiedad dispone de trastero, aportando un espacio de almacenaje adicional.  Situada en el prestigioso barrio de Chamberí, esta vivienda combina la tranquilidad de una zona residencial de alto nivel con la cercanía a servicios de primera clase. Gracias a estar rodeada de edificios señoriales, embajadas, y espacios culturales destacados como el Museo del Romanticismo o el Frontón Beti Jai.   A esto se le suma la amplia oferta de restaurantes exclusivos, tiendas boutique, gimnasios y supermercados. Su ubicación excepcional próxima al Paseo de la Castellana hace que puedas ir andando al Museo Sorolla y al Parque del Retiro.  A pocos minutos se encuentran las estaciones de metro Rubén Darío (L5) y Alonso Martínez (L4, L5, L10), además de múltiples líneas de autobús que garantizan una excelente conexión con el resto de la ciudad.",False,good,False,True,12294.0,True,False,False,False,[],False,False,2385000.0,€,flat,"Almagro, Madrid",Ático en calle de García de Paredes,,,penthouse,,,,
107552960,https://img4.idealista.com/blur/480_360_mq/0/id.pro.es.image.master/e0/39/ef/1315981136.webp,,20,2,480000.0,flat,sale,96.0,True,3,2,calle del Convento,Madrid,Boadilla del Monte,Casco Antiguo,es,,40.4070432,-3.8778109,False,https://www.idealista.com/inmueble/107552960/,"¡Descubre tu nuevo hogar en el corazón de Boadilla del Monte! Este espectacular piso de 96 m² ha sido reformado para ofrecerte el máximo confort y estilo. Ubicado en una segunda planta con ascensor, disfrutarás de una vivienda exterior y luminosa, perfecta para quienes valoran la luz natural. Consta de tres amplios dormitorios, uno de ellos con bañera y otro con plato de ducha, ideales para adaptarse a tus necesidades. Los armarios empotrados y las ventanas climalit aseguran un espacio funcional y bien aislado. La calefacción individual de gas y el suelo de madera de pergo proporcionan calidez y elegancia a cada estancia. Las puertas lacadas en blanco añaden un toque moderno y sofisticado. Además, contarás con una plaza de garaje independiente de 10 m² y un trastero de 5 m² para tu comodidad. Todo esto a tan solo 5 minutos del tren, facilitando tus desplazamientos diarios. No pierdas la oportunidad de vivir en un entorno privilegiado con todas las comodidades al alcance de tu mano. ¡Ven a verlo y enamórate!",False,good,False,True,5000.0,True,False,False,False,[],False,False,480000.0,€,flat,"Casco Antiguo, Boadilla del Monte",Piso en calle del Convento,True,True,,500000.0,20000.0,4.0,
109098115,https://img4.idealista.com/blur/480_360_mq/0/id.pro.es.image.master/a8/b9/42/1364292498.webp,ANT_COLM,16,2,220000.0,flat,sale,50.0,True,2,1,calle de Antonio Torres,Madrid,Colmenar Viejo,Centro,es,,40.6606763,-3.7699188,False,https://www.idealista.com/inmueble/109098115/,"My Ideal Home ofrece en Exclusiva precioso piso abuhardillado para entrar a vivir, perfecto para tu primera vivienda o para compra para invertir y luego alquilar, ubicado en el centro de Colmenar Viejo. Esta vivienda destaca por su luz natural y detalles que marcan la diferencia. Distribución perfecta para disfrutar al máximo: Luminoso Salón - Comedor, cocina amueblada y equipada, 2 habitaciones y baño completo con plato de ducha. Aire acondicionado bomba frio calor, en el salón y la pasillo para mejor distribución. Orientación Este. 2ª planta sin ascensor. Calefacción y agua caliente individual eléctrica. La vivienda se encuentra ubicada en el centro de Colmenar viejo, a pocos metros del Centro de Salud Colmenar viejo Norte, Ayuntamiento de Colmenar Viejo, y Mercadona, rodeada de comercios como bancos, fruterías, farmacias bares, cafeterías y restaurantes. ¿Buscas un piso luminoso, espacioso y en una ubicación privilegiada? ¡Esta es tu oportunidad! Llámanos y concretamos una visita.",True,good,False,False,4400.0,True,True,False,False,[],False,False,220000.0,€,flat,"Centro, Colmenar Viejo",Piso en calle de Antonio Torres,,,,,,,
108839121,https://img4.idealista.com/blur/480_360_mq/0/id.pro.es.image.master/cb/b2/74/1356617216.webp,,42,2,775000.0,flat,sale,147.0,True,3,2,"CL DOCTOR ESQUERDO, 154",Madrid,Madrid,Retiro,es,Pacífico,40.4036408,-3.6729995,True,https://www.idealista.com/inmueble/108839121/,"¡Descubre tu nuevo hogar en el corazón de la ciudad! Este amplio piso de 147 m², situado en la segunda planta de un edificio con conserje, ofrece un sinfín de posibilidades. Con tres luminosos dormitorios y dos baños, cada rincón se puede transformar en el espacio de tus sueños. La cocina y el salón-comedor son perfectos para disfrutar de momentos inolvidables en familia o con amigos.  Los armarios empotrados en todas las habitaciones brindan un gran espacio de almacenamiento, mientras que la calefacción por gas natural garantizan tu comodidad durante todo el año. Además, el inmueble es apto para personas con movilidad reducida, lo que lo convierte en una opción ideal para todos. Ubicado a pocos pasos de la estación de metro de Pacífico y con varias líneas de autobuses cercanasSEN), tendrás acceso rápido y fácil a toda la ciudad. Aunque necesita reforma, este piso tiene un gran potencial para convertirse en tu refugio personal. ¡No pierdas la oportunidad de visitarlo y comenzar a imaginar tu futuro aquí!",True,renew,False,True,5272.0,False,False,False,False,[],False,False,775000.0,€,flat,"Pacífico, Madrid","Piso en CL Doctor Esquerdo, 154",,,,800000.0,25000.0,3.0,
108366392,https://img4.idealista.com/blur/480_360_mq/0/id.pro.es.image.master/e0/8b/24/1341975874.webp,1867,72,,1300000.0,chalet,sale,1105.0,,7,5,"calle Madrid, 28",Madrid,Fuente el Saz de Jarama,,es,,40.6279404,-3.5236529,True,https://www.idealista.com/inmueble/108366392/,"DESCUBRA UNA JOYA INMOBILIARIA: FINCA EXCEPCIONAL DE 5405 M² CON INFINITAS POSIBILIDADES Presentamos una propiedad única en su clase, un oasis de privacidad y amplitud que se extiende sobre una generosa parcela de 5405 m², inteligentemente distribuida en dos referencias catastrales para una versatilidad inigualable. Parcela Principal: El Corazón Residencial y de Ocio Con una superficie de 2.793 m², esta sección alberga un espectacular chalet individual de dos plantas diseñado para el máximo confort y disfrute: Planta Baja (107 m²): Un acogedor hall de entrada da la bienvenida a un encantador porche, perfecto para relajarse. Dispone de un espacioso garaje de 42 m², un luminoso y amplio salón ideal para reuniones, una cocina funcional con despensa, un elegante comedor, dos baños completos y dos cómodos dormitorios. Planta Superior (163 m²): Ascienda a un nivel de ensueño con cinco dormitorios adicionales (seis de los siete dormitorios totales cuentan con armarios empotrados) y tres baños completos. La joya de esta planta es, sin duda, su impresionante terraza, que regala vistas panorámicas de casi la totalidad de la parcela, un verdadero mirador privado. El confort está asegurado durante los meses fríos, gracias a la calefacción a gasoil. En el exterior, el paraíso continúa: sumérjase en la gran piscina, practique su revés en la pista de tenis privada o utilice la práctica caseta de 27 m² como apoyo para el jardín, vestuario o zona de almacenaje. Parcela Adicional: Espacio y Potencial La segunda referencia catastral comprende un terreno de 2.612 m² y una versátil edificación de 73 m² construidos, con licencia de almacén. Este espacio ofrece un enorme potencial para convertirse en un taller, estudio de artista, casa de invitados (previa consulta de normativa), o simplemente un amplio espacio de almacenamiento adicional. Una oportunidad única para adquirir una propiedad de grandes dimensiones, con instalaciones de lujo y un potencial ilimitado. Ideal para familias que buscan espacio, privacidad y un estilo de vida exclusivo. ¡IMPORTANTE! Posibilidad de comprar por separado las dos referencias catastrales: - 6080520VK5957N0001XU (Con almacén pero sin vivienda) 450.000€ - 6080515VK5957N0001RU (Terreno con vivienda, piscina, garaje, almacén) 850.000€.",True,good,False,,1176.0,True,False,False,False,[],False,False,1300000.0,€,chalet,Fuente el Saz de Jarama,"Casa independiente en calle Madrid, 28",True,True,independantHouse,,,,
107973985,https://img4.idealista.com/blur/480_360_mq/0/id.pro.es.image.master/75/d6/7b/1329896400.webp,10123,16,bj,430000.0,flat,sale,70.0,True,2,1,calle Mercedes Formica,Madrid,Las Rozas de Madrid,Montecillo,es,Montecillo,40.4978219,-3.8832238,False,https://www.idealista.com/inmueble/107973985/,"Con Testa Homes no pagas comisión ni honorarios de intermediación por tu inmueble. ¿Te imaginas tu vivienda en propiedad en Las Rozas? ¡Testa Homes lo hace posible! *La vivienda y fotos publicadas corresponden a una vivienda tipo, para más información consulte a su gestor comercial. Moderna vivienda de 2 dormitorios con terraza, 2 plazas de garaje y trastero en urbanización con piscina en Las Rozas Descubre esta luminosa y moderna vivienda sin amueblar de 70 m² construidos, ubicada en una de las zonas más atractivas y bien conectadas de Las Rozas, ideal para quienes valoran la comodidad, la calidad de vida y el entorno familiar. La vivienda cuenta con un salón-comedor muy luminoso, con acceso directo a una terraza privada, perfecta para relajarse al aire libre o disfrutar de momentos con amigos y familia. La cocina independiente, totalmente amueblada y equipada con electrodomésticos de primeras marcas, combina funcionalidad y estilo. Dispone de 2 dormitorios con armarios empotrados, que maximizan el espacio de almacenaje, y un baño completo, equipado con mueble bajo lavabo y mampara de vidrio, ofreciendo un diseño práctico y moderno. Se incluyen en el precio dos plazas de garaje y trastero, una ventaja diferencial para quienes necesitan amplitud y comodidad en su día a día. La vivienda destaca por sus excelentes calidades: suelos de tarima, carpintería moderna y distribución funcional, pensada para adaptarse a diferentes estilos de vida. Además, aceptamos mascotas, porque sabemos que son parte esencial de tu hogar. Ubicada en una cuidada urbanización cerrada con vigilancia y portero físico, disfrutarás de amplias zonas comunes que incluyen zonas ajardinadas, piscina exterior y parque infantil, creando un entorno tranquilo, seguro y perfecto para familias. La zona de Las Rozas está en plena proyección y ofrece todos los servicios necesarios a pocos minutos: colegios, centros de salud, supermercados, comercios, zonas de ocio y restauración. Su ubicación estratégica garantiza una excelente conexión con Madrid capital y otras zonas gracias a su cercanía a la A-6, M-50, M-40 y a la estación de tren de Las Rozas. Una vivienda completa, moderna y lista para convertirse en tu próximo hogar. ¡Ven a conocerla! Horario de atención telefónica de lunes a viernes de 9:00 a 21:00 y sábados de 9:00 a 14:00 horas.  Consulte condiciones y disponibilidad. *Imágenes orientativas sin carácter vinculante. **Viviendas sujetas a disponibilidad y viviendas no amueblada. En Testa Homes, te acompañamos durante todo el proceso de compra de la vivienda y te contamos todo con la mayor transparencia. Además, te ponemos en contacto con un asesor financiero que te informará de las mejores condiciones disponibles. *En relación a los suministros de luz y agua, será necesario que el nuevo comprador realice el cambio de titularidad a su nombre. Con Testa Homes no pagas comisión ni honorarios de intermediación por tu inmueble.",False,good,False,True,6143.0,False,False,False,False,[],False,False,430000.0,€,flat,"Montecillo, Las Rozas de Madrid",Piso en calle Mercedes Formica,True,True,,,,,
101655390,https://img4.idealista.com/blur/480_360_mq/0/id.pro.es.image.master/9d/0a/6f/1321200118.webp,VPIS_159,21,2,1650000.0,flat,sale,180.0,True,4,4,"calle de San Bartolomé, 29 -7",Madrid,Madrid,Centro,es,Chueca-Justicia,40.4219131,-3.6984668,True,https://www.idealista.com/inmueble/101655390/,"HOME SELECT vende en exclusiva este ideal y acogedor apartamento en el famoso Barrio de Chueca, en pleno centro de Madrid. Las calles alrededor dl mismo ofrecen una amplia variedad de tiendas y boutiques para todos los gustos. También podemos encontrar muchos cafés, bares y restaurantes excelentes con distintos estilos. La calle se encuentra a tan solo unos metros de la Plaza Zerolo donde se puede subir a la Terraza del Oscar y disfrutar de una magnífica vista de Madrid. Estar en el centro de Madrid te ofrece muchas facilidades para visitar las atracciones más interesantes e indispensables y poder disfrutar del verdadero estilo de vida de la ciudad. ESTE PISO SE VENDE CON OTRO IDÉNTICO Y CONTIGUO. Precio total de la transacción: 1.650.000€. IDEAL PARA INVERSORES. El acceso a transporte es inmejorable en esta ubicación, ya que se encuentra al lado de diferentes estaciones de metro muy transitadas, como son, Chueca, Sevilla y Gran vía. Pero si lo prefieren también hay rutas de autobús, y, por supuesto, taxis. Segunda planta exterior con una superficie de 90m2. Esta vivienda está segregada y actualmente puesta en alquiler corporativo. Se vende la vivienda matriz de 180m2 en total y segregada en dos viviendas de 90m2 cada una. La segregación es física y no registral. La distribución es la siguiente: la zona social está compuesta por un área abierta que hace de sala de estar -comedor. La cocina es abierta y está completamente equipada. Recibe mucha luz natural gracias a sus dos balcones a la calle. En su zona de noche, consta de dos dormitorios y dos baños, el principal en suite. El segundo dormitorios, doble. Se caracteriza por su estilo contemporáneo que combina color y paredes neutras con pisos de madera, creando una estancia muy agradable, además el amueblado consigue darle un ambiente acogedor.  EQUIPAMIENTO: El apartamento incluye un cómodo sofá, sillas y un gran televisor de pantalla plana. Este diseño abierto crea una experiencia íntima de cocina y comedor con espacio de preparación, además de una mesa para seis personas. Las habitaciones también son muy luminosas y con textiles frescos de alta calidad. Los huéspedes se benefician de la elección de dos baños, uno de ellos con ducha a ras de suelo y dos lavabos, ambos terminados con un impresionante diseño El salón está amueblado con un sofá de tres plazas, una butaca, una mesa de centro, Amazon Alexa y una lámpara de pie. Cuenta con una TV con soporte de pie y una mesa comedor para cuatro personas. La cocina es abierta y está completamente equipada. La vivienda consta de 2 dormitorios y dos baños. El dormitorio principal cuenta con una cama Queen de (1,50m x 2,00m), dos mesitas de noche con dos lámparas respectivamente, armarios empotrados, y baño en suite full equipado con ducha. El segundo dormitorio cuenta con dos camas (0,90 x 2,00m), una mesita de noche con una lámpara y armarios empotrados. El segundo cuarto de baño está full equipado y cuenta con ducha. Todo el piso cuenta con suelo de madera, excepto el cuarto de baño y la cocina que son de cerámica. Enlace al alquiler de la vivienda: (url oculto)  Alquiler desde 3.330€/mes.  ref:VPIS_159.",False,good,False,True,9167.0,False,False,False,False,[],False,False,1650000.0,€,flat,"Chueca-Justicia, Madrid","Piso en calle de San Bartolomé, 29 -7",,,,,,,
106395272,https://img4.idealista.com/blur/480_360_mq/0/id.pro.es.image.master/4a/0e/f8/1281572968.webp,4546,40,,975000.0,chalet,sale,541.0,,5,5,El Bosque,Madrid,Villaviciosa de Odón,El Bosque,es,,40.3910286,-3.9205214,False,https://www.idealista.com/inmueble/106395272/,"Casa unifamiliar de 350m2 útiles en parcela de 1.500 m2 ubicada en la Urbanización El Bosque, en Villaviciosa de Odón, Madrid.   Se trata de una vivienda construida en 1994 con muy buenas calidades de construcción y una excelente distribución.   En la planta principal, desde un hall distribuidor con baño de cortesía, accedemos a un amplio salón a dos alturas con chimenea, con salida directa al porche y al jardín donde se ubica la piscina. Este esta ubicado al lado de una amplia cocina con office, despensa y zona de servicio con baño completo. Al otro lado del hall tenemos una amplia habitación con baño completo así como un despacho independiente.   En la primera planta, en un ala encontramos la master con amplio vestidor y baño completo, y en el otro ala, dos amplias habitaciones dobles con baño compartido. En el sótano, tenemos un amplio garaje para dos coches con acceso directo a la vivienda, puerta de acceso a instalaciones y otra con acceso a una estancia con baño completo que podría destinarse a un gimnasio. El sótano tiene la posibilidad de ampliarse ganado mas de 50 m2 de superficie útil. La propiedad cuenta con un amplio jardín y piscina privada. El Bosque es una de las urbanizaciones mas consolidadas de la zona Oeste de Madrid, lindando con el parque natural del Guadarrama. A menos de 10 minutos se encuentra la Universidad Europea de Madrid, así como el termino municipal de Boadilla del Monte.   La urbanización el Bosque dispone de Campo de Golf, el Real Club de Golf Lomas-Bosque, así como del Centro Deportivo TENPLE y de un Centro Comercial con servicios como Farmacia, Supermercado y espacios de ocio. En cuanto al transporte publico, dispone de varias líneas de autobús, la 510, 518 y 519, con diferentes conexiones como una línea directa a Príncipe Pio (35 min).",True,good,False,,1802.0,True,True,False,False,[],False,False,975000.0,€,chalet,"El Bosque, Villaviciosa de Odón",Casa independiente,True,True,independantHouse,,,,
109043278,https://img4.idealista.com/blur/480_360_mq/0/id.pro.es.image.master/73/d3/77/1365102570.webp,,16,1,240000.0,flat,sale,76.0,True,3,1,calle Fernán Caballero,Madrid,Madrid,Carabanchel,es,Comillas,40.3941974,-3.711862,False,https://www.idealista.com/inmueble/109043278/,"Ático A Inmobiliaria presenta en exclusiva este magnífico piso de más de 75 m², diseñado para maximizar la comodidad y habitabilidad. La propiedad cuenta actualmente con entrada, salón, cocina con acceso a patio comunitario con otro vecino y derecho de uso, tres dormitorios y un baño completo. La zona es inmejorable, totalmente consolidada, dispone de un centro de salud a pocos minutos, varias estaciones de metro, la mas próxima es Marques de Vadillo apenas 10 minutos caminando y por supuesto en los alrededores dispones de colegios, institutos, supermercados y una amplia oferta de hostelería incluyendo las principales franquicias y un centro comercial, etc. Fernando, encargado de la venta, está disponible para resolver cualquier consulta o coordinar una visita.",False,renew,False,True,3158.0,True,False,False,False,[],False,False,240000.0,€,flat,"Comillas, Madrid",Piso en calle Fernán Caballero,,,,250000.0,10000.0,4.0,
107702465,https://img4.idealista.com/blur/480_360_mq/0/id.pro.es.image.master/49/62/ab/1320289350.webp,1257,20,2,723000.0,flat,sale,123.0,True,5,3,plaza de Lavapiés,Madrid,Madrid,Centro,es,Lavapiés-Embajadores,40.4080463,-3.6995763,False,https://www.idealista.com/inmueble/107702465/,"1917 – ""La Delicadeza de Jeanne Lanvin en Madrid"" ""Este piso de 1917 refleja la elegancia romántica de Jeanne Lanvin, quien en plena guerra mundial ofrecía moda como refugio estético con bordados refinados y líneas etéreas. Sus espacios armoniosos y detalles artesanales evocan la sensibilidad y el refinamiento de sus creaciones, creando un hogar donde la belleza prevalece incluso en tiempos inciertos. En 1917, Jeanne Lanvin revolucionó la moda al lanzar su icónica línea de moda madre-hija, algo inédito hasta entonces, uniendo ternura, elegancia y sofisticación en diseños coordinados. Además, apostó por la alta artesanía en bordados y tejidos, elevando la moda femenina en un contexto marcado por la guerra y la escasez. "" DAMEZ les presenta esta espectacular propiedad exterior, una oportunidad única para quienes buscan espacio, luz y carácter en una vivienda que combina a la perfección el encanto de lo clásico con la comodidad de lo moderno. Con una distribución generosa y funcional, la propiedad cuenta con cinco habitaciones llenas de luz natural, ideales tanto para familias como para quienes necesitan estancias adicionales para despacho, estudio o sala de juegos. Dispone de tres baños completos, garantizando comodidad para todos los miembros del hogar. La cocina, totalmente equipada, está pensada para el día a día, con espacio suficiente para disfrutar del placer de cocinar con practicidad. También incluye un tendedero independiente, aportando funcionalidad al conjunto. Tres balcones exteriores aportan encanto y luz, además de vistas agradables y ventilación cruzada. La vivienda cuenta con aire acondicionado, carpintería interior de madera y exterior de climalit/aluminio, lo que garantiza eficiencia térmica y un ambiente cálido y confortable. Pensando en la seguridad, dispone de puerta blindada y sistema de alarma instalado. Su orientación oeste proporciona una excelente iluminación natural por las tardes, bañando cada rincón con una luz acogedora. Ubicada en un entorno tranquilo y bien comunicado, esta propiedad se encuentra cerca de colegios, supermercados y transporte público, lo que la convierte en una opción ideal tanto para vivir como para invertir. El portal del edificio, de estilo clásico, aporta ese toque de distinción que solo los inmuebles con historia pueden ofrecer. � Si buscas una vivienda con alma, amplitud y proyección, contáctanos. Esta propiedad está lista para convertirse en tu próximo hogar o inversión.",False,good,False,False,5878.0,True,False,False,False,[],False,False,723000.0,€,flat,"Lavapiés-Embajadores, Madrid",Piso en plaza de Lavapiés,,,,,,,
108877710,https://img4.idealista.com/blur/480_360_mq/0/id.pro.es.image.master/ef/51/10/1357700638.webp,10613,19,1,390000.0,flat,sale,70.0,,2,1,calle Elena Fortún,Madrid,Las Rozas de Madrid,Montecillo,es,Montecillo,40.4986769,-3.8842767,False,https://www.idealista.com/inmueble/108877710/,"Con Testa Homes no pagas comisión ni honorarios de intermediación por tu inmueble. ¿Te imaginas tu vivienda en propiedad en Las Rozas? ¡Testa Homes lo hace posible! *La vivienda y fotos publicadas corresponden a una vivienda tipo, para más información consulte a su gestor comercial. Te damos la bienvenida a esta espectacular vivienda sin amueblar de 70 m² construidos, ubicada en una de las zonas residenciales con mayor proyección y calidad de vida del noroeste de Madrid. La propiedad cuenta con 2 amplios dormitorios y 1 baño completo, ideal para quienes buscan comodidad, diseño moderno y un entorno tranquilo, sin renunciar a las ventajas de vivir cerca de la capital. El interior de la vivienda está diseñado con suelos de tarima, armarios empotrados y materiales de primera calidad. La cocina está completamente amueblada y equipada con electrodomésticos de primeras marcas, perfecta para los amantes de la gastronomía. El baño cuenta con ducha y mampara, además de mobiliario funcional que completa un espacio práctico y elegante. Y para que no tengas que preocuparte por el aparcamiento ni el almacenamiento, esta vivienda incluye 2 plazas de garaje y trastero, todo incluido en el precio. La vivienda forma parte de una urbanización cerrada que ofrece conserjería, zonas comunes ajardinadas, piscina exterior y parque infantil, todo diseñado para el disfrute y bienestar de toda la familia. Un espacio seguro, privado y rodeado de naturaleza, ideal para desconectar del ritmo urbano. Situada en Las Rozas, una zona joven, en constante expansión y con acceso a todo tipo de servicios: centros educativos, comercios, zonas deportivas y espacios verdes. A nivel de movilidad, la ubicación es inmejorable: está próxima a la estación de tren de Las Rozas y muy bien comunicada por carretera gracias a su cercanía a la A-6, M-50 y M-40. Además, esta vivienda admite mascotas, porque sabemos que tu hogar también es su hogar. Horario de atención telefónica de lunes a viernes de 9:00 a 21:00 y sábados de 9:00 a 14:00 horas.  Consulte condiciones y disponibilidad.  *Imágenes orientativas sin carácter vinculante.  **Viviendas sujetas a disponibilidad y viviendas no amueblada. *En relación a los suministros de luz y agua, será necesario que el nuevo comprador realice el cambio de titularidad a su nombre. Con Testa Homes no pagas comisión ni honorarios de intermediación por tu inmueble.",False,good,False,True,5571.0,False,False,True,False,[],False,False,390000.0,€,flat,"Montecillo, Las Rozas de Madrid",Piso en calle Elena Fortún,True,True,,,,,
108010007,https://img4.idealista.com/blur/480_360_mq/0/id.pro.es.image.master/4f/fe/5e/1331065669.webp,R10137,18,2,247000.0,flat,sale,53.0,True,1,1,calle de Puentedey,Madrid,Madrid,Villa de Vallecas,es,Ensanche de Vallecas - La Gavia,40.3695382,-3.6125532,False,https://www.idealista.com/inmueble/108010007/,"Con Testa Homes no pagas comisión ni honorarios de intermediación por tu inmueble. Oportunidad de inversión: inmueble en rentabilidad. Viviendas actualmente alquiladas. Consulte con nuestro Agente Comercial la información adicional sobre el inmueble y las condiciones especiales de compraventa. *No se admiten visitas a la vivienda Distribuido en un amplio comedor con armario empotrado, para añadir espacio adicional a tu hogar, y acceso a la cocina totalmente amueblada y con electrodomésticos de excelente calidad, que dispone también de una zona de aseo con lavadora y termo. La vivienda cuenta también con un amplio salón muy luminoso gracias a sus ventanales a lo largo de la estancia. Además, dispone de 1 dormitorio con armarios empotrados de madera blanca para ofrecer más amplitud a la estancia, con cajonera y balda maletero. Además, la vivienda cuenta con 1 baño amueblado, con plato de ducha y mampara, incorporado en suite a la habitación principal. La vivienda dispone de calefacción individual en todas las estancias a través de conducto. Cuenta con suelo laminado, ventanas de aluminio en gris con Climalit; y baños con porcelánico y lavabo flotante. En sus zonas comunes dispone de una zona deportiva, parking comunitario, zona infantil, sala social, gimnasio, espacios ajardinados y piscina. Además, cuenta con servicio de portería y vigilancia 24h. ¡Todo a tu alcance con tu nuevo hogar! El inmueble está muy bien ubicado en el Ensanche de Vallecas, a pocos minutos del acceso a la M-45, y del C. C. La Gavia, también en la zona cuenta con distintas opciones de restauración, colegios, institutos, centros comerciales, hospitales etc. Además, dispone de fácil acceso a transporte público gracias a su cercanía a la estación de metro de La Gavia, al igual que una amplia multitud de líneas de autobuses a sus alrededores. *No se admiten visitas a la vivienda En Testa Homes, te acompañamos durante todo el proceso de compra de la vivienda y te contamos todo con la mayor transparencia. Además, te ponemos en contacto con un asesor financiero que te informará de las mejores condiciones disponibles.  *En relación a los suministros de luz y agua, será necesario que el nuevo comprador realice el cambio de titularidad a su nombre. Con Testa Homes no pagas comisión ni honorarios de intermediación por tu inmueble.",False,good,False,True,4660.0,False,False,True,False,[],False,False,247000.0,€,flat,"Ensanche de Vallecas - La Gavia, Madrid",Piso en calle de Puentedey,True,True,,,,,
107294038,https://img4.idealista.com/blur/480_360_mq/0/id.pro.es.image.master/98/5e/0a/1310460236.webp,BC97,72,,825000.0,chalet,sale,185.0,,3,4,"calle Isaac Albéniz, 14",Madrid,Brunete,,es,,40.4300793,-3.9848382,True,https://www.idealista.com/inmueble/107294038/,"GreenLife Inmobiliaria VENDE: Si buscas una vivienda moderna, con todas las comodidades y en una de las mejores zonas de la Comunidad de Madrid, esta es tu oportunidad. Te presentamos esta espectacular casa de 2023, ubicada en el tranquilo y cotizado municipio de Brunete.  ¡Oportunidad exclusiva en Brunete! a 5 minutos de la Universidad Alfonso X ""El Sabio"" y a 35km de Madrid. Chalet unifamiliar caracterizado por su diseño exterior de líneas minimalistas, de arquitectura contemporánea y funcional. La propiedad cuenta con una parcela de 500m² y 185m² construidos, distribuidos en dos únicas plantas.  Al llegar, te sorprenderá su entrada con acceso peatonal y una zona de garaje con puerta automática. Su amplio porche que te invita a piscina privada con césped artificial, ideal por tu comodidad en cuanto a mantenimiento.  Sobre la distribución interior: la primera planta se distribuye por hall de entrada que da acceso a un salón comedor con techo a dos alturas (14,17 m²), aportando amplitud a los espacios, y cocina abierta (20,50 m²) con salida a zona norte de la parcela, que a su vez accede a piscina privada. En esta planta también se ubica el dormitorio principal en suite, con baño completo y vestidor.  En la planta primera, se ubican dos dormitorios dobles con baños completos y dos terrazas exteriores.  En cuanto a las características más importantes encontramos:  - porche cenador exterior con acceso desde salón  - calefacción por aerotermia - persianas eléctricas  - vivienda dotada con grandes ventanales con preciosas vistas al jardín. Superficies:  Planta Baja:  Sp. útil interior83,82m² Sp. construida interior97,85m² Sp. útil exterior39,53m² Sp. construida ext.39,53m² Planta Primera: Sp. útil interior5I,80m² Sp. construida interior68,19m² Sp. útil exterior9,30m² Brunete es un es un encantador municipio situado en la Comunidad de Madrid, a solo 30 minutos en coche de la capital, lo que lo convierte en una opción ideal para quienes buscan disfrutar de la tranquilidad y belleza del campo sin alejarse de los servicios y ventajas de vivir cerca de Madrid.  Su cercanía a Madrid, unida a un entorno natural privilegiado, lo convierte en un lugar perfecto para familias, profesionales y personas que buscan un estilo de vida más relajado y saludable.  Brunete está rodeado de un paisaje rural, con zonas verdes, campos y montañas cercanas que invitan a disfrutar del aire libre, hacer senderismo, montar en bicicleta o simplemente relajarse en un entorno tranquilo. La cercanía al Parque Regional de la Cuenca Alta del Manzanares ofrece a los residentes un acceso fácil a espacios naturales para el disfrute y la desconexión.  No pierdas la oportunidad de conocer esta increíble propiedad en Brunete. CONTAMOS CON DEPARTAMENTO FINANCIERO, que ofrece ASESORAMIENTO SIN COMPROMISO NI COSTE Para estudiar tu capacidad real de CRÉDITOS/FINANCIACIÓN. Nuestros Asesores proporcionan todas las garantías en la compraventa con financiación. **ANUNCIO NO VINCULANTE, A TITULO INFORMATIVO Y NO CONTRACTUAL**.",True,good,False,,4459.0,True,True,False,False,[],False,False,825000.0,€,chalet,Brunete,"Casa independiente en calle Isaac Albéniz, 14",True,True,independantHouse,,,,
108461252,https://img4.idealista.com/blur/480_360_mq/0/id.pro.es.image.master/6e/b2/15/1345609049.webp,10375,30,4,395000.0,flat,sale,91.0,True,2,2,calle José Maria Peridis,Madrid,Getafe,Universidad,es,,40.3155422,-3.7288449,False,https://www.idealista.com/inmueble/108461252/,"Con Testa Homes no pagas comisión ni honorarios de intermediación por tu inmueble. ¿Te imaginas tu vivienda en propiedad Getafe? ¡Testa Homes lo hace posible! *La vivienda y fotos publicadas corresponden a una vivienda tipo, para más información consulte a su gestor comercial. Vivienda que necesita reforma, suelos, cocina, baños…fotos corresponde a una vivienda de misma tipología ya reformada. La vivienda se encuentra en una urbanización privada que ofrece unas zonas comunes excepcionales, pensadas para disfrutar al máximo del tiempo libre. Dispone de piscina exterior con energía solar y servicio de portería, lo que garantiza seguridad, bienestar y un ambiente relajado para toda la familia. Ubicada en un bonito edificio de cuatro alturas, esta vivienda se sitúa en una de las zonas más demandadas de Getafe, muy cerca de la Universidad Carlos III, rodeada de zonas verdes, supermercados y todo tipo de servicios. La conectividad es excelente: a pocos minutos de las estaciones de Cercanías Las Margaritas y Getafe Centro, varias líneas de autobús y rápido acceso a la A-42 para quienes prefieren el transporte privado.  ¡Una oportunidad única para vivir con todas las comodidades en una de las mejores zonas del sur de Madrid! Horario de atención telefónica de lunes a viernes de 9:00 a 21:00 y sábados de 9:00 a 14:00 horas. Consulte condiciones y disponibilidad.  *Imágenes orientativas sin carácter vinculante.  **Las imágenes corresponden a un apartamento tipo.  **Viviendas sujetas a disponibilidad y viviendas no amueblada. En Testa Homes, te acompañamos durante todo el proceso de compra de la vivienda y te contamos todo con la mayor transparencia. Además, te ponemos en contacto con un asesor financiero que te informará de las mejores condiciones disponibles. *En relación a los suministros de luz y agua, será necesario que el nuevo comprador realice el cambio de titularidad a su nombre. Con Testa Homes no pagas comisión ni honorarios de intermediación por tu inmueble.",False,good,False,True,4341.0,False,False,True,False,[],False,False,395000.0,€,flat,"Universidad, Getafe",Piso en calle José Maria Peridis,True,True,,,,,
107926419,https://img4.idealista.com/blur/480_360_mq/0/id.pro.es.image.master/16/c2/fc/1328530607.webp,R10078,16,1,480000.0,flat,sale,56.0,True,1,1,calle de José Antonio Navarrete,Madrid,Madrid,Hortaleza,es,Conde Orgaz-Piovera,40.4616614,-3.6341718,False,https://www.idealista.com/inmueble/107926419/,"Con Testa Homes no pagas comisión ni honorarios de intermediación por tu inmueble. Oportunidad de inversión: inmueble en rentabilidad. Viviendas actualmente alquiladas. Consulte con nuestro Agente Comercial la información adicional sobre el inmueble y las condiciones especiales de compraventa. *No se admiten visitas a la vivienda Distribuidos en un amplio y luminoso salón con excelente distribución, además dispone de 1 dormitorio y 1 baño amueblado. Su amplia cocina, amueblada y equipada con electrodomésticos de gran calidad te invitará a sacar tu lado más creativo en tus momentos de ocio con amigos.  El inmueble se encuentra en el distrito de Hortaleza, en el barrio de Conde Orgaz, a pocos metros del Parque Los Llanos y de El Palacio del Hielo, además a sus alrededores dispone de distintas opciones de centros de salud, restauración, colegios, El Corte Inglés, etc.  En cuanto a la movilidad por transporte público o privado, no tendrás de que preocuparte ya la zona cuenta con excelentes opciones:  - Autobuses: 120 y 122  - Estación de metro Canillas  - M-40  - A-2  *No se admiten visitas a la vivienda  *En relación a los suministros de luz y agua, será necesario que el nuevo comprador realice el cambio de titularidad a su nombre. Con Testa Homes no pagas comisión ni honorarios de intermediación por tu inmueble.",False,good,False,True,8571.0,False,False,False,False,[],False,False,480000.0,€,flat,"Conde Orgaz-Piovera, Madrid",Piso en calle de José Antonio Navarrete,True,True,,,,,
108729703,https://img4.idealista.com/blur/480_360_mq/0/id.pro.es.image.master/21/9f/0d/1353423608.webp,10544,23,2,318000.0,flat,sale,103.0,True,3,2,calle Teresa de Calcuta,Madrid,Valdemoro,Hospital,es,,40.2023868,-3.690424,False,https://www.idealista.com/inmueble/108729703/,"Con Testa Homes no pagas comisión ni honorarios de intermediación por tu inmueble. ¿Te imaginas disfrutando de tu hogar en propiedad en una excelente ubicación en Valdemoro? ¡Testa Homes lo hace realidad! *La vivienda y fotos publicadas corresponden a una vivienda tipo, para más información consulte a su gestor comercial. Amplia vivienda sin amueblar de 103 m² construidos en Valdemoro, ideal para familias que buscan espacio, seguridad y comodidad. Consta de 3 dormitorios con armarios empotrados en cada estancia, 2 baños completos con muebles y mamparas, y una cocina totalmente amueblada y equipada con electrodomésticos de primeras marcas. Los suelos de tarima y la puerta de seguridad aportan calidez y tranquilidad. Incluye plaza de garaje y trastero en el precio. Vivienda apta para mascotas, pensada para que cada miembro del hogar tenga su espacio. La finca privada ofrece zonas comunes modernas y renovadas que elevan la experiencia residencial. Piscina comunitaria de agua salada, amplias zonas verdes, área de juegos infantiles, pista de pádel, ascensor y servicio de portería física, todo cuidadosamente diseñado para el bienestar diario de sus residentes. Ubicada en la zona norte de reciente creación en Valdemoro, perfectamente comunicada con la A-4. En sus alrededores encontrarás supermercados, locales de ocio y restauración, centros educativos, centros de salud y zonas deportivas. Un enclave residencial completo y funcional que combina calidad de vida y conectividad. Horario de atención telefónica de lunes a viernes de 9:00 a 21:00 y sábados de 9:00 a 14:00 horas.  Consulte condiciones y disponibilidad.  *Imágenes orientativas sin carácter vinculante.  **Viviendas sujetas a disponibilidad y viviendas no amueblada. *En relación a los suministros de luz y agua, será necesario que el nuevo comprador realice el cambio de titularidad a su nombre. Con Testa Homes no pagas comisión ni honorarios de intermediación por tu inmueble.",False,good,False,True,3087.0,False,False,False,False,[],False,False,318000.0,€,flat,"Hospital, Valdemoro",Piso en calle Teresa de Calcuta,True,True,,,,,
109133620,https://img4.idealista.com/blur/480_360_mq/0/id.pro.es.image.master/87/d7/18/1365339180.webp,,47,5,398000.0,flat,sale,100.0,True,3,2,"calle Ganados del Salobral, 12",Madrid,Madrid,Villaverde,es,Butarque,40.3383113,-3.6770764,True,https://www.idealista.com/inmueble/109133620/,"Luminoso, amplio y moderno piso con AEROTERMIA, Piscina, Garaje y Trastero en Butarque. Este piso, listo para entrar a vivir, con 95,65 m² útiles se encuentra en una de las zonas con mayor proyección de Madrid. Ubicado en Butarque, la zona nueva de Villaverde. Este piso está rodeado de amplias zonas verdes, parques infantiles y una gran oferta de servicios, incluyendo colegios, centros de salud y una excelente conexión de transporte público teniendo autobús en la misma puerta y cercanías a escasos minutos.  Este luminoso piso dispone de tres amplios dormitorios, uno de ellos con un baño en suite. El salón comedor es muy espacioso, perfecto para el día a día. La cocina está equipada y cuenta con acceso a una práctica terraza. La vivienda incluye también otro baño completo y armarios empotrados en toda la casa. Lo que realmente distingue a esta propiedad es su sistema de aerotermia y suelo radiante. Este sistema usa energía renovable del aire exterior para calentar en invierno y refrescar en verano. El calor o el frío se reparte por el suelo, manteniendo todas las habitaciones a la temperatura ideal y con menos consumo energético, lo que se traduce en una factura de luz sorprendentemente económica. Además, el piso cuenta con plaza de garaje y trastero, un extra de comodidad muy valorado. Las zonas comunes del edificio son un verdadero lujo: un completo gimnasio muy bien equipado, una refrescante piscina y una segura zona infantil, pensadas para el disfrute de toda la familia. Este piso es una oportunidad inmejorable: Para inversores: Alta rentabilidad en alquiler gracias a sus prestaciones y la demanda de la zona. Para familias o vivienda principal: Un hogar listo para entrar a vivir, con todas las comodidades, eficiencia energética y excelentes zonas comunes. El piso se podría entregar parcialmente amueblado  Puedes programar tu visita llamando a nuestro teléfono o bien en WhatsApp al número 6 7 4 0 5 4 4 4 5.",True,good,False,True,3980.0,False,False,False,False,[],False,False,398000.0,€,flat,"Butarque, Madrid","Piso en calle Ganados del Salobral, 12",True,True,,405000.0,7000.0,2.0,
108012828,https://img4.idealista.com/blur/480_360_mq/0/id.pro.es.image.master/4a/2f/24/1331176152.webp,R1195,25,3,310000.0,flat,sale,104.0,True,3,2,calle Lenguas,Madrid,Madrid,Villaverde,es,Villaverde Alto,40.3415855,-3.7052043,False,https://www.idealista.com/inmueble/108012828/,"Con Testa Homes no pagas comisión ni honorarios de intermediación por tu inmueble. Oportunidad de inversión: inmueble en rentabilidad. Viviendas actualmente alquiladas. Consulte con nuestro Agente Comercial la información adicional sobre el inmueble y las condiciones especiales de compraventa. *No se admiten visitas a la vivienda Vivienda sin amueblar de 104 m² construidos, con una distribución muy funcional: 3 habitaciones, 2 baños completamente equipados (incluyen muebles y mamparas). Cuenta con armarios empotrados en todas las habitaciones, lo que aporta gran capacidad de almacenamiento. La cocina está totalmente amueblada y equipada con electrodomésticos de primeras marcas, lista para usar desde el primer día. Se aceptan mascotas, ideal para familias con animales de compañía. Dispone de suelos de tarima, que aportan calidez y elegancia a todas las estancias. Además, incluye plaza de garaje y trastero en el precio, ofreciendo comodidad y espacio adicional. Ubicada en la preciosa urbanización Mirador del Sur, en la Calle Lenguas (Villaverde, Madrid), una promoción de diseño vanguardista con excelentes zonas comunes (ZZCC): piscina, pista de pádel, dos salones de reuniones, parque infantil, jardines privados y amplias zonas verdes que favorecen la vida en comunidad y el disfrute al aire libre. Perfectamente conectada: a tan solo 10 minutos del metro y Cercanías RENFE, con acceso directo a Avda. de Andalucía, A-IV y M-40, y varias líneas de autobús (79, 130, 22 y 86). Junto a Carrefour, lo que garantiza fácil acceso a todos los servicios del día a día. Horario de atención telefónica de lunes a viernes de 9:00 a 21:00 y sábados de 9:00 a 14:00 horas.  *No se admiten visitas a la vivienda No dejes pasar esta oportunidad, ¡llámanos y ven a conocer tu nuevo hogar! *En relación a los suministros de luz y agua, será necesario que el nuevo comprador realice el cambio de titularidad a su nombre. Con Testa Homes no pagas comisión ni honorarios de intermediación por tu inmueble.",False,good,False,True,2981.0,False,False,True,False,[],False,False,310000.0,€,flat,"Villaverde Alto, Madrid",Piso en calle Lenguas,True,True,,,,,
109166817,https://img4.idealista.com/blur/480_360_mq/0/id.pro.es.image.master/a8/ff/e3/1367695902.webp,02777,19,4,278000.0,flat,sale,112.0,True,3,2,Sureste,Madrid,Torrejón de Ardoz,Sureste,es,,40.4521368,-3.450319,False,https://www.idealista.com/inmueble/109166817/,"Arya inmobiliaria vende en exclusiva, en Plaza Palmeras este especial inmueble con trastero, ascensor y terraza en una de las calles más tranquilas y ajardinadas de la zona, junto al Soto del Henares.    Se encuentra en un edificio del año 1981, de gran calidad constructiva y estéticamente, muy bien realizado; está rodeado de plantas que le confieren una sensación de frescor y verdor.    El barrio constituye uno de las zonas más demandadas de Torrejón de Ardoz por muchas razones, entre otras, por su ubicación, a cinco minutos andando del Parque Europa para pasear, hacer deporte, o simplemente tomarse algo.    Con respecto a la vivienda propiamente dicha, tiene 115 m² catastrales con elementos comunes, de los cuales, serán útiles, unos 105 m², muy bien aprovechados; comentar que se trata de una casa situada en una planta alta, sin vecinos delante, lo que además. le proporciona mucha intimidad y tranquilidad para disfrutarla al máximo.    Se trata de una casa con mucho encanto y muy agradable, que consta de un buen hall de entrada, que distribuye la vivienda, de la siguiente manera: mediante un pasillo, que nos lleva a la zona de cocina; ésta, consta de un área de office amplia, que tiene salida a un espacio, para dejar la basura y cosas que no se desee tener en la casa, la cocina propiamente dicha, que tiene una terraza tendedero grande, que da al patio grande la finca, un gran salón comedor, de unos 25 m²,con un gran ventanal con acceso a la terraza, suelos de parquet.  Al otro lado, tiene tres dormitorios de muy buen tamaño, ambos con armarios empotrados, y otro cuarto de baño completo con bañera, y un aseo con bañera.    La vivienda, aunque está muy bien cuidada y conservada, necesita reforma, y tiene muchas posibilidades, según las necesidades del nuevo propietario, pero incluso como está ahora, destila categoría, y puede quedar una casa maravillosa y muy bien distribuida.      Además, cuenta con un estupendo trastero situado en la planta sótano de amplias, dimensiones y techos altos, con una gran capacidad de almacenamiento, y que supone un gran desahogo, para la vivienda.      Con respecto a la zona en la que se encuentra, reseñar que, está muy bien comunicada, tanto por por autobús y Renfe.       En cuanto a la oferta educativa, cuenta con varios de los Colegios más prestigiosos y solicitados de gran calidad de formación. .    Además, cuenta con todos los servicios propios de un barrio consolidado, como farmacias, bancos, supermercados, Mercadona, Ahorramas, restaurantes, bares, en fin, todo lo necesario, para poder hacer todo tipo de gestiones sin necesidad de coger el coche, pero cerca de todo, por si se necesita; asimismo, dispone de centros deportivos.      Excelente oportunidad de vivir en una buena casa, y en una buena zona, rodeada de zonas verdes y a 3 minutos del Parque Europa.      No dudes en visitarlo con nuestros asesores porque merece la pena!          Consúltenos en el o a través de nuestro formulario de contacto.    Arya inmobiliaria   Avda. Unión Europea nr 19 Torrejón de Ardoz.",False,good,False,True,2482.0,False,False,False,False,[],False,False,278000.0,€,flat,"Sureste, Torrejón de Ardoz",Piso,,,,295000.0,17000.0,6.0,
109192688,https://img4.idealista.com/blur/480_360_mq/0/id.pro.es.image.master/4d/a6/5a/1367176383.webp,z5uge2d1b,15,1,280000.0,flat,sale,53.0,True,2,1,calle de Eugenio,Madrid,Madrid,Tetuán,es,Ventilla-Almenara,40.4707385,-3.6910204,False,https://www.idealista.com/inmueble/109192688/,"Agencia inmobiliaria de MADRID | zona Plaza Castilla | Oficina Tecnocasa de MADRID. Oficina Tecnocasa.  ¡Gran oportunidad de inversión y vivienda en Ventilla – Almenara! Se vende piso en primera planta exterior, sin ascensor, de 2 dormitorios y 1 baño, con múltiples posibilidades de reforma y personalización. Una vivienda con gran potencial, perfecta tanto para vivir como para invertir. El inmueble se encuentra en el barrio de Ventilla – Almenara, una de las zonas con mayor proyección de Madrid gracias al ambicioso proyecto Madrid Nuevo Norte, considerado la mayor transformación urbanística de Europa. Su proximidad al centro financiero de la capital, con las emblemáticas Cuatro Torres y todo el desarrollo de oficinas, viviendas y zonas verdes, convierte a esta ubicación en un auténtico foco de oportunidades de crecimiento y rentabilidad. Para inversores: la ubicación estratégica y la cercanía a la prestigiosa Universidad IE garantizan una fuerte demanda de alquiler, tanto de estudiantes internacionales como de profesionales que trabajan en la zona financiera. Esto supone una alta rentabilidad asegurada y un incremento de valor a medio y largo plazo. Para particulares: es una opción inmejorable para quienes buscan un hogar en Madrid a un precio competitivo, en un barrio en plena transformación y con todas las comodidades al alcance de la mano. La vivienda, al ser exterior, disfruta de buena luminosidad y ventilación, lo que la convierte en una base perfecta para reformar y adaptarla a tu propio estilo de vida. La zona cuenta con excelentes comunicaciones (Metro, Cercanías y líneas de autobús) y dispone de todos los servicios necesarios: colegios, centros de salud, zonas deportivas, pequeños comercios de barrio y grandes superficies. En definitiva, se trata de una oportunidad única tanto para vivir como para invertir, en un entorno llamado a convertirse en una de las áreas más modernas y valoradas de Madrid. No dejes escapar este piso con enorme potencial en el corazón del futuro de la capital. Financiación de hasta el 100% con nuestro departamento financiero, KIRON. ESTUDIO FINANCIERO GRATUITO Y SIN COMPROMISO, no dude en consultarnos. ¡No dejes pasar esta oportunidad! Para más información o para concertar una visita al inmueble, no dudes en ponerte en contacto. TECNOCASA, 30 años a su servicio. ¡Gracias por su confianza!",False,renew,False,False,5283.0,True,False,False,False,[],False,False,280000.0,€,flat,"Ventilla-Almenara, Madrid",Piso en calle de Eugenio,,,,,,,
107917450,https://img4.idealista.com/blur/480_360_mq/0/id.pro.es.image.master/38/be/e0/1328249175.webp,R10063,33,4,535000.0,penthouse,sale,130.0,True,2,2,calle Mercedes Formica,Madrid,Las Rozas de Madrid,Montecillo,es,Montecillo,40.5025875,-3.8842206,False,https://www.idealista.com/inmueble/107917450/,"Con Testa Homes no pagas comisión ni honorarios de intermediación por tu inmueble. Oportunidad de inversión: inmueble en rentabilidad. Viviendas actualmente alquiladas. Consulte con nuestro Agente Comercial la información adicional sobre el inmueble y las condiciones especiales de compraventa. *No se admiten visitas a la vivienda Distribuidos en un hall de acceso, con armario empotrado, que da paso al salón-comedor muy luminoso gracias a sus amplios ventanales que dan acceso a una amplia terraza ajardinada. Disfruta de tu cocina desde el primer momento, equipada con electrodomésticos de excelentes calidades y terraza que conecta el resto de dormitorios. La vivienda dispone de dos dormitorios, el principal con baño en suite, con bañera. Ambos baños de la vivienda se encuentran amueblados y cuenta con plato de ducha en el aseo secundario. La vivienda dispone de calefacción y climatización a través de conductos. Cuenta con suelo de tarima, ventanas de aluminio en gris con Climalit y persianas automáticas en el salón; los baños disponen de revestidura porcelánica. El inmueble está muy bien ubicado en Las Rozas, a pocos minutos del acceso a la M-50 y la A-6; la vivienda se encuentra rodeada por diversos parques y distintas opciones de restauración, colegios, institutos, hospitales etc. Además, dispone de fácil acceso a transporte público gracias a su cercanía a la estación de cercanías de Las Rozas (C7-C10), al igual que varias líneas de autobuses interurbanos a sus alrededores. *No se admiten visitas a la vivienda  En Testa Homes, te acompañamos durante todo el proceso de compra de la vivienda y te contamos todo con la mayor transparencia. Además, te ponemos en contacto con un asesor financiero que te informará de las mejores condiciones disponibles. *En relación a los suministros de luz y agua, será necesario que el nuevo comprador realice el cambio de titularidad a su nombre. Con Testa Homes no pagas comisión ni honorarios de intermediación por tu inmueble.",False,good,False,True,4115.0,False,False,False,False,[],False,False,535000.0,€,flat,"Montecillo, Las Rozas de Madrid",Ático en calle Mercedes Formica,True,True,penthouse,,,,
109102520,https://img4.idealista.com/blur/480_360_mq/0/id.pro.es.image.master/58/76/7a/1364410228.webp,Mira112,22,8,395000.0,flat,sale,109.0,True,4,2,calle de Arcos de Jalón,Madrid,Madrid,San Blas,es,Arcos,40.4209502,-3.6174988,False,https://www.idealista.com/inmueble/109102520/,"Grupo Inmobiliario Miracasa vende vivienda en calle Arcos de Jalón: Piso en 8ª Planta exterior, muy luminoso. Compuesto de cocina con terraza, amplío salón independiente con acceso a otra terraza, 4 dormitorios con armarios empotrados, dispone de dos cuartos de baño, uno de ellos con bañera francesa y otro con un gran plato de ducha.  Dispone de aire Acondicionado en todas las estancias con bomba frío y calor. Vivienda reformada en 2020. Zona consolidada y muy tranquila que cuenta con todos los servicios, junto a Centro Comercial Las Rosas – Carrefour, metro La Alsacia (Línea 2), metro Guadalajara (Línea 2), metro Simancas (Línea 7), intercambiador de autobuses (Líneas 59, 165, 167, E2, N7, N203) y rápido acceso en automóvil a M-30, M-40, A-2, A-3. No dude en contactar con nosotros para ampliar cualquier información relativa al inmueble o concertar una visita. Además, si necesita vender o alquilar su inmueble, realizamos valoraciones informativas y gratuitas. Tu inmobiliaria en San Blas - Las Rosas - Ciudad Lineal - Pueblo Nuevo - Madrid.",False,good,False,True,3624.0,False,False,False,False,[],False,False,395000.0,€,flat,"Arcos, Madrid",Piso en calle de Arcos de Jalón,,,,410000.0,15000.0,4.0,
107973986,https://img4.idealista.com/blur/480_360_mq/0/id.pro.es.image.master/2a/da/33/1329896434.webp,10124,27,3,413000.0,flat,sale,112.0,True,3,2,calle José Maria Peridis,Madrid,Getafe,Universidad,es,,40.315614,-3.7317052,False,https://www.idealista.com/inmueble/107973986/,"Con Testa Homes no pagas comisión ni honorarios de intermediación por tu inmueble. ¿Te imaginas disfrutando de tu hogar en propiedad en una excelente ubicación en Getafe? ¡Testa Homes lo hace realidad! *La vivienda y fotos publicadas corresponden a una vivienda tipo, para más información consulte a su gestor comercial. Vivienda que NECESITA REFORMA, suelos, cocina (sin electrodomesticos), baños, persianas…etc fotos corresponden a una vivienda de misma tipología ya en buen estado de conservación. Amplia y luminosa vivienda de 3 dormitorios con excelentes calidades en Getafe Te presentamos esta estupenda vivienda sin amueblar de 112 m² construidos, cuidadosamente distribuida para ofrecer el máximo confort. Al acceder, un hall da paso a un amplio salón-comedor bañado por luz natural gracias a sus ventanales de gran formato. La cocina está completamente amueblada y equipada con electrodomésticos de primeras marcas, ideal para quienes valoran la funcionalidad y el diseño. La vivienda cuenta con 3 dormitorios, todos con armarios empotrados, y 2 baños completos perfectamente equipados. Se incluyen en el precio plaza de garaje y trastero, y además se aceptan mascotas, lo que la convierte en una opción versátil para todo tipo de familias. En cuanto a acabados, dispone de suelos de tarima flotante, ventanas de aluminio gris con acristalamiento tipo Climalit, calefacción individual por radiadores y aire acondicionado para una climatización óptima durante todo el año. La vivienda forma parte de una urbanización privada con zonas comunes ajardinadas, perfecta para disfrutar del aire libre, además de contar con una magnífica piscina exterior, ideal en los meses más cálidos. Ubicada en una zona estratégica de Getafe, esta vivienda combina tranquilidad con accesibilidad. A tan solo unos minutos del acceso a la M-45 y A-4, se encuentra también muy próxima a la Universidad Carlos III de Madrid, y rodeada de una amplia oferta de servicios como colegios, centros de salud, supermercados y zonas de ocio. Las conexiones en transporte público son inmejorables, con cercanía a la estación de Cercanías y Metro de Getafe Centro (C4 y L12), además de múltiples líneas de autobús. Una vivienda diseñada para quienes buscan calidad, ubicación y estilo de vida en un mismo lugar. Horario de atención telefónica de lunes a viernes de 9:00 a 21:00 y sábados de 9:00 a 14:00 horas.  Consulte condiciones y disponibilidad. *Imágenes orientativas sin carácter vinculante. **Viviendas sujetas a disponibilidad y viviendas no amueblada. En Testa Homes, te acompañamos durante todo el proceso de compra de la vivienda y te contamos todo con la mayor transparencia. Además, te ponemos en contacto con un asesor financiero que te informará de las mejores condiciones disponibles. En Testa Homes, te acompañamos durante todo el proceso de compra de la vivienda y te contamos todo con la mayor transparencia. Además, te ponemos en contacto con un asesor financiero que te informará de las mejores condiciones disponibles.  *En relación a los suministros de luz y agua, será necesario que el nuevo comprador realice el cambio de titularidad a su nombre. Con Testa Homes no pagas comisión ni honorarios de intermediación por tu inmueble.",False,good,False,True,3688.0,False,False,False,False,[],False,False,413000.0,€,flat,"Universidad, Getafe",Piso en calle José Maria Peridis,True,True,,,,,
107443836,https://img4.idealista.com/blur/480_360_mq/0/id.pro.es.image.master/51/c2/90/1352176992.webp,,28,1,2200000.0,flat,sale,148.0,True,2,2,calle de Génova,Madrid,Madrid,Chamberí,es,Almagro,40.428294,-3.692319,False,https://www.idealista.com/inmueble/107443836/,"Velzia Homes presenta esta espectacular vivienda en proceso de reforma de aproximadamente 165 m² en la calle Génova, en el distrito de Chamberí. La vivienda dispone de 2 dormitorios, 2 baños completos, 1 aseo y un gran salón-comedor con cocina abierta totalmente equipada. Además, cuenta con aire acondicionado, ascensor y portero físico.  La vivienda se encuentra actualmente en reforma; mostramos fotos de otro proyecto de similares características. Se entrega amueblada y decorada.  Ubicada en la 1ª planta del edificio, los 148m² se distribuyen en 2 amplios dormitorios con armarios empotrados y baño en suite, un aseo, un gran salón-comedor conectado a la cocina abierta totalmente equipada y acceso directo a dos balcones.    El edificio construido en 1950 cuenta con una elegante fachada clásica. Además, ofrece todas las comodidades modernas, incluyendo ascensor y portero físico. La vivienda está equipada con aire acondicionado, calefacción central de gas y un sistema domótico que permite controlar de manera eficiente la climatización, iluminación y otros elementos del hogar, garantizando un alto nivel de confort y ahorro energético.  Ubicada en la Calle Génova, una de las vías más emblemáticas del distrito de Chamberí, cuenta con una excelente conexión de transporte gracias a las estaciones de metro de Alonso Martínez (L4,5, 10) y Colón (L4,5), que facilitan el acceso a otras áreas de Madrid   La vivienda está a pocos metros de la Plaza de Chamberí, un lugar central en el barrio, rodeado de cafés y edificios históricos, cerca del Museo Sorolla y de la Calle Fuencarral, vibrante centro de gastronomía y servicios donde se fusionan restaurantes innovadores, tiendas especializadas y una oferta única para todos los gustos.",False,good,False,True,14865.0,True,False,False,False,[],False,False,2200000.0,€,flat,"Almagro, Madrid",Piso en calle de Génova,,,,,,,
108999062,https://img4.idealista.com/blur/480_360_mq/0/id.pro.es.image.master/e3/aa/ff/1361283825.webp,,30,bj,235000.0,flat,sale,65.0,True,2,2,calle de Alejandro Morán,Madrid,Madrid,Carabanchel,es,Puerta Bonita,40.3873269,-3.7332295,False,https://www.idealista.com/inmueble/108999062/,"Nueva Lega Servicios Inmobiliarios les ofrece esta ocasión de inversión, con la rentabilidad garantizada desde el primer día. También con la opción de la venta sin inquilinos.    Renta actual por las dos apartamentos, son 1.500€ mensual.  Se encuentra en la planta baja, altura más alta del nivel de suelo, no al ras de la calle. Cuenta con 65m2 de superficie construida, 59m2 del piso. Suelo de tarima flotante y gres, paredes en gotele, ventanas de climalit normal, el piso cuenta con techos altos, de unos 3m, originalmente era de 3.6m. Actualmente está dividido en dos apartamentos independientes, con la entrada compartida.  Ambos con la misma distribución, cocina abierta, baño independiente, dormitorio con cama de matrimonio, aire acondicionado, armario y mesa de escritorio. Finca con sistema de cámara de seguridad, aportando la tranquilidad para todos los vecinos. Ubicación excelente, a un paso de las calles más concurridas como Calle Oca, General Ricardos, Valle de Oro, donde están todo tipo de comercios alrededor. Oficina de Correos en frente. Conexión con el medio de transporte inmejorable, está a 450m del Metro L5 y L6 Oporto, diversas líneas de autobuses como: 34, 35, 55, 81, 108, 118, las interurbanas 481, 484, 486, y Búho N16, N17, N26. Ven a conocerlo, te ayudamos con la financiación. Cuota de Comunidad: 55€ Cuota de IBI: 270€ aprox. Próxima ITE: 31-12-2028.",True,good,False,False,3615.0,True,False,False,False,[],False,False,235000.0,€,flat,"Puerta Bonita, Madrid",Piso en calle de Alejandro Morán,,,,,,,
108720739,https://img4.idealista.com/blur/480_360_mq/0/id.pro.es.image.master/e8/1b/66/1365661362.webp,07309,37,2,538000.0,flat,sale,134.0,True,4,2,calle del Lago Constanza,Madrid,Madrid,Ciudad Lineal,es,Pueblo Nuevo,40.4316337,-3.6457937,False,https://www.idealista.com/inmueble/108720739/,"Vivienda de 135m2 en 2ª planta y terraza en esquina, 4 dormitorios, el principal en suite, y 2 baños  La vivienda se encuentra a 3 minutos andando del metro de Quintana.  La vivienda es luminosa y está distribuida en hall, salón comedor con acceso a terraza, cocina tambien con acceso a la terraza, dormitorio principal en suite y 3 dormitorios secundarios, todos ellos exteriores con ventana y armarios empotrados. Hay ademas un cuarto de baño completo secundario para dar servicio a los tres dormitorios. La vivienda está en muy buen estado, aunque necesitaria alguna actualizacion puntual. Hay plazas de parking disponibles en la misma calle, incluso en la misma finca, su precio oscila en venta entre 15000 y 20000 euros, en alquiler 90 euros. En el corazón de Ciudad Lineal, desde la calle de Alcalá, nos encontramos la Plaza de Quintana, el alma mater del barrio. Esta plaza es conocida como ‘plaza de los viejos’ por los jubilados sentados en mesas y sillas mientras juegan a las cartas y la ‘plaza de los cromos’ por ser punto de referencia de intercambio.  Esta zona se encuentra excelentemente comunicada por las lineas 5 y 7 de metro y por todos los autobuses de la EMT que circulan por la calle Alcalá. No dude en contactar con ROAN, si desea conocer mas información sobre esta vivienda. ATENDEREMOS OFERTAS.",True,good,False,True,4015.0,False,False,False,False,[],False,False,538000.0,€,flat,"Pueblo Nuevo, Madrid",Piso en calle del Lago Constanza,,,,,,,
107990411,https://img4.idealista.com/blur/480_360_mq/0/id.pro.es.image.master/c4/21/ff/1330432784.webp,MD4A1V240,23,1,298000.0,flat,sale,71.0,True,3,1,Barrio Ventilla-Almenara,Madrid,Madrid,Tetuán,es,Ventilla-Almenara,40.4693515,-3.6995104,False,https://www.idealista.com/inmueble/107990411/,"Magnífica vivienda CON BALCÓN A LA CALLE y TERRAZA ACRISTALADA a patio de manzana, junto a la Avenida de Asturias y la calle Pinos Alta, 1ª planta, exterior y muy luminoso. 71 m2 construidos distribuidos en: hall-distribuidor, amplio salón con acceso a terraza acristalada, cocina independiente amueblada, 3 dormitorios espaciosos (el principal con balcón a la calle) y cuarto de baño completo. La vivienda necesita reforma. Calefacción y agua caliente individual por gas natural. Excelente ubicación, en zona con todo tipo de comercios y servicios, próximo al Paseo de la Dirección y al Parque Rodríguez Sahagún, muy bien comunicado por transporte público, a cinco minutos de estación de Metro de Ventilla (L9), y a diez minutos de estación de Metro de Valdeacederas (L1) y a quince minutos de estación de Metro de Plaza de Castilla (L1, L9, L10 e intercambiador de autobuses) y varias líneas de autobús. No lo dude, contacte con nosotros y concierte una visita con nuestros asesores. VENETA Inmobiliaria es una agencia especializada en la venta de viviendas en los distritos de Tetuán y Chamberí con más de 25 años de experiencia en la intermediación de compra-venta de inmuebles y asesoramiento inmobiliario. Síguenos en las redes y entérate el primero de los pisos que salen a la venta: fb: Veneta Inmobiliaria ig: veneta_grupo_inmobiliario.",False,renew,False,False,4197.0,True,False,False,False,[],False,False,298000.0,€,flat,"Ventilla-Almenara, Madrid",Piso,,,,,,,
108965320,https://img4.idealista.com/blur/480_360_mq/90/id.pro.es.image.master/c1/15/4a/1360288233.webp,AHV076,42,9,520000.0,flat,sale,143.0,True,4,2,CL ANTONIO ROMERO,Madrid,Madrid,Carabanchel,es,Abrantes,40.3749512,-3.7281554,False,https://www.idealista.com/inmueble/108965320/,"ASIHOGAR vende en exclusiva amplio piso en urbanización privada con piscina y gimnasio. Esta vivienda de 4 dormitorios, 2 baños, amplio salón y magnifica cocina tiene mucha luz natural con buenas vistas.  Como anexo tiene un trastero de unos 5 metros y se vende conjuntamente con 2 plazas de garaje muy cómodas próximas a la puerta de acceso a los ascensores que llevan hasta la vivienda. La urbanización privada muy cuidada consta de piscina, gimnasio, vestuarios con saunas, zona de juegos infantil, bancos y mucho espacio de paseo cuenta con servicio de portería 24 horas. La superficie construida total es de 143 m2 de los cuales 114 m2 son de la vivienda, 5 m2 del trastero y 24 m2 de los elementos comunes. En su entrada encuentras un gran recibidor y en seguidamente, en el pasillo, tienes un gran armario para poder colgar abrigos de tus visitas. Consta de 4 dormitorios (el principal en suite), todos ellos con armario empotrado, 2 baños completos, amplio salón con un magnifico mirador que le proporciona mucha luz natural y la cocina independiente totalmente equipada y con tendedero. Puerta acorazada, suelos de tarima flotante, gres y alicatado en zonas húmedas en muy buen estado. Calefacción individual con caldera de gas por radiadores y aire acondicionado por conductos, tanto la máquina del aire como la caldera se han instalado recientemente (2 años). Con muy buena comunicación al centro de la ciudad con rápido acceso a M-30, A-42, M-40 y M-45, cerca del Metro (línea 11) y rutas de los buses E-1, 116, 121,131 y 155 de la EMT. La zona dispone de colegios, guarderías, centro de salud, y diferentes comercios como: Mercadona, Ahorramas, Aldi, farmacias, guarderías, peluquerías, restaurantes, Burger y cafeterías, etc. También tiene el Centro Comercial Isla Azul a menos de 2 km… Todo esto le convierte en el espacio ideal para familias que buscan crecer sin renunciar a nada.",True,good,False,True,3636.0,True,False,True,False,[],False,False,520000.0,€,flat,"Abrantes, Madrid",Piso en CL Antonio Romero,True,True,,,,,
108693094,https://img4.idealista.com/blur/480_360_mq/0/id.pro.es.image.master/ba/ec/21/1352324341.webp,FAR-ESCRIBANOS,18,bj,197000.0,flat,sale,62.0,True,2,1,calle Escribanos,Madrid,Madrid,Villaverde,es,Villaverde Alto,40.344386,-3.7115246,False,https://www.idealista.com/inmueble/108693094/,"¡Descubre con Estudio Inmofar tu nuevo hogar en este acogedor piso en Villaverde Alto! Situado a solo 5 minutos a pie de la estación de metro y Renfe, este inmueble es perfecto para quienes buscan comodidad y accesibilidad. La vivienda, en muy buen estado de conservación, cuenta con una distribución práctica que maximiza el espacio. Con 62 m² construidos, incluye dos amplios dormitorios y un salón comedor de 20 m², ideal para disfrutar de momentos en familia o con amigos. La cocina y el baño, ambos exteriores y con ventana, aportan luminosidad y ventilación natural. Además, el piso está equipado con calefacción de gas natural y aire acondicionado, garantizando tu confort durante todo el año. La cercanía a comercios, supermercados, colegios y farmacias añade un valor extra a esta propiedad, convirtiéndola en una opción ideal tanto para vivienda habitual como para inversión. Si buscas rentabilidad, esta vivienda ofrece la posibilidad de reconvertirla en hasta cuatro dormitorios, adaptándose a tus necesidades. Con armarios empotrados, este piso es una oportunidad que no querrás dejar escapar. ¡Ven a visitarlo y enamórate de tu nuevo hogar!",True,good,False,False,3177.0,True,False,False,False,[],False,False,197000.0,€,flat,"Villaverde Alto, Madrid",Piso en calle Escribanos,,,,,,,
108586507,https://img4.idealista.com/blur/480_360_mq/0/id.pro.es.image.master/b3/b1/54/1349215148.webp,AROMERO,36,7,553000.0,flat,sale,144.0,True,4,2,calle Antonio Romero,Madrid,Madrid,Carabanchel,es,Abrantes,40.375022,-3.7296139,False,https://www.idealista.com/inmueble/108586507/,"� Tu nuevo hogar en el corazón de Abrantes (Carabanchel) Si estás buscando afincarte en un entorno residencial con todas las comodidades, en el madrileño barrio de Abrantes (Carabanchel), ¡esta puede ser tu gran oportunidad! Nuevo Hogar presenta esta espectacular vivienda de 4 dormitorios y 2 baños (originalmente 3) situada en la tranquila calle Antonio Romero, dentro de una finca moderna y muy bien equipada. � Características del edificio •Construido en 2002 •Finca cerrada con portero físico 24h •Piscina comunitaria •Zonas ajardinadas •Gimnasio y sauna •ITE favorable hasta 2032 �️ Distribución y espacios interiores La vivienda, con una superficie construida de 144 m², se distribuye de forma funcional y luminosa: •Amplio salón-comedor con mirador incorporado •Cocina independiente, totalmente amueblada y equipada, con balcón/lavadero anejo (donde se ubica la caldera) •4 dormitorios dobles, todos con armarios empotrados •2 baños completos, uno de ellos en suite en el dormitorio principal •Despensa/trastero interior, anteriormente aseo (posibilidad de reconvertir) �️ Calidades y equipamiento •Calefacción individual de gas natural •Aire acondicionado por conductos •Ventanas climalit con doble acristalamiento •Puerta de seguridad blindada •Carpintería interior de madera maciza •Suelos de tarima flotante •Trastero de 6 m² incluido •Amplia plaza de garaje en la misma finca (planta sótano) ________________________________________ � Sobre la zona �️ Calle Antonio Romero Una calle tranquila y residencial, ideal para familias, con: •Escuela infantil y zonas verdes •Farmacia y supermercado a menos de 5 minutos a pie •Instalaciones deportivas al aire libre •Comida rápida y pequeños comercios de proximidad � Avenida de los Poblados Una vía principal con excelentes conexiones y todos los servicios: •Líneas de Metro y EMT •Talleres, gasolineras, tiendas, grandes superficies •Restauración, ocio y servicios públicos •Centros comerciales y zonas administrativas ________________________________________ ¿Te gustaría conocer esta vivienda en persona? ¡Contáctanos hoy mismo para resolver cualquier duda o concertar una visita! � Nuevo Hogar | Tu tranquilidad, nuestro compromiso.",True,good,False,True,3840.0,True,False,False,False,[],False,False,553000.0,€,flat,"Abrantes, Madrid",Piso en calle Antonio Romero,True,True,,,,,
