propertyCode,thumbnail,externalReference,numPhotos,floor,price,propertyType,operation,size,exterior,rooms,bathrooms,address,province,municipality,district,country,neighborhood,latitude,longitude,showAddress,url,description,hasVideo,status,newDevelopment,hasLift,priceByArea,hasPlan,has3DTour,has360,hasStaging,notes,topNewDevelopment,topPlus,priceInfo.price.amount,priceInfo.price.currencySuffix,parkingSpace.hasParkingSpace,parkingSpace.isParkingSpaceIncludedInPrice,detailedType.typology,detailedType.subTypology,suggestedTexts.subtitle,suggestedTexts.title,highlight.groupDescription,parkingSpace.parkingSpacePrice,priceInfo.price.priceDropInfo.formerPrice,priceInfo.price.priceDropInfo.priceDropValue,priceInfo.price.priceDropInfo.priceDropPercentage,newDevelopmentFinished
108123840,https://img4.idealista.com/blur/480_360_mq/0/id.pro.es.image.master/ae/7b/50/1334586374.webp,mav02772,15,4,777650.0,penthouse,sale,89.0,True,2,2,Barrio Salvador,Madrid,Madrid,San Blas,es,Salvador,40.4478428,-3.6267563,False,https://www.idealista.com/inmueble/108123840/,"DE SALAS LUXURY HOMES Ref. MAV02772, les presenta este espectacular piso, y que ofrece un espacio moderno y luminoso, ideal para disfrutar de la vida en la ciudad. MUCHAS DE NUESTRAS PROPIEDADES NO APARECEN EN IDEALISTA. CONSULTE EN NUESTRA PÁGINA WEB DE “De Salas”, PARA VER MÁS VIVIENDAS EN EXCLUSIVA. Piso de 89 m², de los cuales 74 m2 son vivienda, a lo que hay que sumar un fantástica terraza de 75 m2 que podrá disfrutar a lo largo del año. Dotado de las mejores calidades de construcción. Con 2 amplios dormitorios, y dos baños, este piso es perfecto para familias o para aquellos que buscan un espacio adicional para trabajar desde casa. La propiedad cuenta con un diseño contemporáneo y está equipada con aire acondicionado, asegurando tu confort en cualquier época del año. La cocina, completamente amueblada y equipada, se convierte en el corazón del hogar, ideal para preparar deliciosas comidas y compartir momentos inolvidables con amigos y familiares. Además, disfrutarás de una terraza donde podrás relajarte y disfrutar del aire libre. El edificio cuenta con ascensor y garaje, lo que añade comodidad a tu día a día. También tendrás acceso a un trastero, perfecto para almacenar todo lo que necesites sin renunciar al espacio en tu hogar. La urbanización se sitúa en la zona noreste de Madrid, en un entorno privilegiado rodeado de naturaleza junto a numerosos grandes parques como el parque de la Quinta de los Molinos, el gran bosque Pinar de Barajas, el parque Quinta Torre Arias y el parque Juan Pablo II y, a su vez, dentro de la M-40 en Madrid, con todas las comodidades y accesibilidad que ello ofrece. En el entorno más cercano, podemos encontrar todos los servicios necesarios, tanto educativos, con una extensa oferta de colegios y guarderías de primer nivel como el colegio Montessori, Liceo Francés, colegio Bristol, y la Universidad de Navarra, entre otros; como sanitarios, ya que es reconocido por albergar centros de salud de referencia como la Clínica Universitaria de Navarra y el centro médico Quinta de los Molinos. Además, cuenta con numerosos pequeños comercios y con grandes Centros Comerciales a su alrededor, como son el CC Arturo Soria Plaza, el CC Alcalá Norte y El Corte Inglés de Campo de las Naciones. Asimismo, zonas deportivas como el Polideportivo Alcalá 525, todo ello rodeado de diferentes parques naturales por donde poder hacer deporte al aire libre. No dejes pasar la oportunidad de vivir en un entorno privilegiado, rodeado de servicios y con todas las comodidades que siempre has deseado. ¡Ven a visitar este magnífico piso y hazlo tuyo!",False,good,False,True,8738.0,False,False,False,False,[],False,False,777650.0,€,True,True,flat,penthouse,"Salvador, Madrid",Ático,Top,,,,,
106567722,https://img4.idealista.com/blur/480_360_mq/0/id.pro.es.image.master/79/f5/ba/1318406150.webp,CG203503 ,8,bj,1195000.0,flat,sale,398.0,True,2,2,calle de Juan de Herrera,Madrid,San Sebastián de los Reyes,Vega de la Moraleja,es,,40.5400824,-3.6213462,False,https://www.idealista.com/inmueble/106567722/,"GILMAR Zona Norte presenta un extraordinario bajo con jardín en Vega de La Moraleja de casi 400 m2, con un jardín consolidado con árboles de gran tamaño que te permiten acceder a un verdadero oasis en la mejor zona de San Sebastián de los Reyes y organizar reuniones con amigos y familia exprimiendo al máximo el exterior de la vivienda con una zona de césped y un área con barbacoa para comer en el exterior. La vivienda se reformó en su totalidad hace 10 años cambiando la distribución e incorporando los mejores materiales y acabados lo que la convierten en una propiedad única. La casa tiene un precioso salón comedor de gran tamaño con chimenea que se complementa con otro salón exterior cubierto de casi 100 metros adicionales que se disfruta durante todo el año con toldos y techo acristalados motorizados.  La cocina está equipada con muebles y electrodomésticos tope de gama y dispone de office. Al lado está la zona de lavado y otra de almacenaje. La vivienda tiene 2 dormitorios. El principal tiene el baño en suite. El otro cuarto de baño da servicio a la otra habitación y a los invitados. Cuenta con multitud de armarios suelo techo. Además dispone de dos plazas de garaje y un trastero. La urbanización donde se ubica la casa es de lujo y cuenta con seguridad 24 h y dispone de unas zonas comunes excepcionales con piscinas, gimnasio, parque infantil, pista de tenis-pádel, etc. Vega de la Moraleja es una zona exclusiva y de máximo lujo dentro de San Sebastián de los Reyes, un municipio madrileño situado a 10 minutos del centro de la capital, que a su vez permite disfrutar de un entorno tranquilo, junto al Parque Natural Dehesa Boyal, un espacio protegido que se ha convertido en el auténtico pulmón verde del municipio, además, ofrece una magnifica dotación de parques públicos, amplias zonas verdes, colegios, institutos y universidades tanto públicas como privadas, instalaciones deportivas, centros de salud entre los que destaca el Hospital Público Infanta Sofía, numerosos centros comerciales y grandes superficies como Megapark –con su estrella, Plaza Norte 2, Allegra, Viñas o el propio Corte Inglés. También hay que mencionar que cuenta con cercanos Clubes deportivos, Campos de golf, Escuelas de equitación, Club de tenis, de Pádel y de Automovilismo, la Ciudad Deportiva de Valdelasfuentes, además de varios centros culturales e iglesias. Sin olvidarnos de la magnífica comunicación por las vías de acceso de la autovía A-1, M-607, M-616 y M603, id, carretera M-100 y Radial 2. En cuanto al transporte público, ofrece múltiples líneas de autobuses interurbanos y urbanos, así como la C-4 de cercanías, la línea 10 de metro, muy cerca de la estación de Renfe y a 10 minutos del aeropuerto Adolfo Suarez de Madrid. En Gilmar trabajamos para ofrecer a nuestros clientes las mejores propiedades, con equipos especializados en cada zona para proporcionarles la mejor opción para satisfacer sus expectativas buscando la excelencia y prestando la máxima atención a los detalles.",False,good,False,True,3003.0,False,False,False,False,[],False,False,1195000.0,€,True,True,flat,,"Vega de la Moraleja, San Sebastián de los Reyes",Piso en calle de Juan de Herrera,Top,,,,,
108584591,https://img4.idealista.com/blur/480_360_mq/0/id.pro.es.image.master/0b/11/b9/1349157414.webp,,41,1,1820000.0,flat,sale,178.0,True,4,2,"calle de Ayala, 134",Madrid,Madrid,Barrio de Salamanca,es,Goya,40.4270507,-3.6727406,True,https://www.idealista.com/inmueble/108584591/,"Exclusiva vivienda reformada con calidades premium en una de las zonas más cotizadas de Madrid. Ubicada en pleno barrio de Salamanca, esta magnífica propiedad combina a la perfección el diseño contemporáneo con la funcionalidad y el confort. Ha sido completamente reformada con una cuidada atención al detalle, utilizando materiales de primeras calidades y acabados de lujo que aportan distinción y elegancia a cada estancia. El inmueble se distribuye de forma inteligente, aprovechando al máximo la luz natural y los espacios. El diseño interior destaca por su estilo moderno, con líneas limpias, tonos neutros y una selección exquisita de elementos decorativos que crean una atmósfera sofisticada y acogedora. La vivienda incluye una amplia plaza de garaje doble con acceso directo al edificio, una auténtica comodidad en pleno centro de Madrid, así como un trastero que ofrece espacio adicional para almacenamiento. Una oportunidad única para quienes buscan un hogar exclusivo, en una ubicación privilegiada y con todas las comodidades de una reforma integral de alto nivel.",True,good,False,True,10225.0,True,False,False,False,[],False,False,1820000.0,€,True,True,flat,,"Goya, Madrid","Piso en calle de Ayala, 134",Top,,,,,
106542745,https://img4.idealista.com/blur/480_360_mq/0/id.pro.es.image.master/4e/72/6f/1357994177.webp,1446-JA,20,1,595000.0,flat,sale,66.0,True,1,1,calle de José Abascal,Madrid,Madrid,Chamberí,es,Nuevos Ministerios-Ríos Rosas,40.4391321,-3.6975598,False,https://www.idealista.com/inmueble/106542745/,"Vende Direct, pone a la venta una ESPECTACULAR VIVIENDA TOTALMENTE REFORMADA! CON MUCHISIMA LUZ NATURAL, situado en primera planta TODO EXTERIOR con 6 VENTANAS A LA CALLE JOSE ABASCAL a 20 metros de la estación de metro de ALONSO CANO. Se encuentra totalmente reformada. Siendo ideal tanto como primera vivienda, o como inversión. Reforma realizada con las mejores calidades y detalles. Se entrega TOTALMENTE AMUEBLADA Y EQUIPADA. Salón muy amplio con cocina incorporada de diseño (todos los electrodomésticos panelados), con TV, chimenea eléctrica. La vivienda cuenta con iluminación de ambiente por diversas zonas de la casa, para darle un ambiente mucho más acogedor a la vivienda. Dormitorio muy amplio y luminoso con 4 ventanas a la calle haciendo esquina, dispone de armarios empotrados y zona de estudio. La vivienda se encuentra en un edificio clásico con ascensor y portal adaptado a PMR. Gastos de comunidad bajos. La vivienda se encuentra en una zona con todo tipo de servicios a un paso. VENDE DIRECT es un nuevo concepto de consultoría inmobiliaria que incorpora valor añadido en el proceso de compra. Vendemos en el menor tiempo posible mostrando todo el potencial de su vivienda. Puede visitar vendedirect. com para conocer más sobre nuestro método de venta. Para más información no dude en contactar con nosotros en el tlf. 7 4 7 8 5 0 8 1 9, también por WhatsApp Lorenzo López.",True,good,False,True,9015.0,True,False,False,False,[],False,False,595000.0,€,,,flat,,"Nuevos Ministerios-Ríos Rosas, Madrid",Piso en calle de José Abascal,Top,,,,,
108409701,https://img4.idealista.com/blur/480_360_mq/0/id.pro.es.image.master/0a/71/d8/1344083608.webp,,28,4,320000.0,duplex,sale,80.0,True,2,2,calle Daoíz y Velarde,Madrid,Alcalá de Henares,San Isidro - Los Almendros,es,,40.4851782,-3.3680006,False,https://www.idealista.com/inmueble/108409701/,"AGENCIA INMOBILIARIA DE ALCALÁ DE HENARES, TECNOCASA VENDE EXCELENTE VIVIENDA EN EL BARRIO DEL PARQUE O´DONNELL: La vivienda es un dúplex, tiene una superficie construida de 80 m², con un trastero y una gran plaza de garaje. Está distribuida en: Una primera planta en la que podemos encontrar un amplio salón muy luminoso gracias a sus grandes ventanales, con una cocina americana totalmente equipada, 1 dormitorio amplio y luminoso con armario empotrado y un cuarto de baño completo con bañera de hidromasaje. En la segunda planta tenemos todo el espacio dedicado a un dormitorio con armarios empotrados y con un baño en suite con plato de ducha. Destacar de la vivienda su gran luminosidad natural, lo bien ubicada que esta en una de las mejores zonas de Alcalá de henares a 5 minutos andando de la estación de RENFE y 7 minutos de la Plaza Cervantes. Cuenta con un inmejorable acceso a la nacional A2, además de numerosas paradas de autobús urbano e interurbano. La zona tiene todos los servicios a su alcance, como centros de salud, hospitales, colegios, institutos, supermercados, farmacias, zonas verdes además de numerosos comercios a pie de calle. La finca cuenta con ascensor, aparte de trastero. NO LO DUDE Y VENGA A VISITARLO SIN COMPROMISO!",True,good,False,True,4000.0,True,True,False,False,[],False,False,320000.0,€,True,True,flat,duplex,"San Isidro - Los Almendros, Alcalá de Henares",Dúplex en calle Daoíz y Velarde,Top,,,,,
108814349,https://img4.idealista.com/blur/480_360_mq/0/id.pro.es.image.master/ae/12/6b/1356346349.webp,AM210376,9,2,265000.0,flat,sale,78.0,True,2,1,avenida de la Albufera,Madrid,Madrid,Puente de Vallecas,es,San Diego,40.3943392,-3.6669305,False,https://www.idealista.com/inmueble/108814349/,"En el corazón del distrito de Puente de Vallecas, se encuentra esta magnífica vivienda exterior a la emblemática Avenida de la Albufera, ubicada en la última planta de un edificio clásico construido en 1910. Con una superficie construida de 78 m² y una distribución que aprovecha al máximo cada espacio, esta propiedad es una excelente oportunidad tanto para entrar vivir como para alquilar con una renta inmejorable en la zona. Su orientación y grandes ventanas aseguran una entrada constante de luz natural, destacando los techos altos que acentúan la sensación de amplitud en todas las estancias. La vivienda cuenta con dos dormitorios, un amplio baño completo, y un salón-comedor que, gracias a su distribución, puede transformarse en un espacio abierto y funcional. El suelo de parquet y la luminosidad de cada rincón de la casa son características que marcan la diferencia. Aunque el edificio no dispone de ascensor, el encanto y las posibilidades de esta propiedad compensan con creces esta particularidad. Además, su ubicación exterior a la emblemática Avenida de la Albufera garantiza unas vistas despejadas y una conexión inmejorable con el entorno urbano. El barrio de Numancia y el de San Diego son conocidos por su ambiente familiar, su oferta de servicios y su excelente comunicación con el resto de Madrid. La zona cuenta con colegios destacados como el Colegio Sagrada Familia, situado a menos de 10 kilómetros, y centros comerciales como el Centro Comercial Albufera Plaza, ideal para cubrir tus necesidades diarias. En cuanto al transporte público, las líneas de metro cercanas incluyen la Línea 1 (Alto del Arenal y Nueva Numancia), que conecta rápidamente con el centro de la ciudad. También dispones de varias líneas de autobuses urbanos como la 10, 24 y 310, así como la estación de cercanías Asamblea de Madrid-Entrevías, a pocos minutos en coche. Numancia y San Diego son barrios en constante revalorización, ideal tanto para vivir como para invertir. Su ambiente vibrante, su proximidad al centro de Madrid y su oferta de servicios los convierten en una opción muy atractiva para quienes buscan calidad de vida y rentabilidad. Desde 1983, en GILMAR nos hemos dedicado a ayudar a nuestros clientes a encontrar la casa de sus sueños. Con un equipo experto y una amplia trayectoria en el sector, somos líderes en el mercado inmobiliario gracias a nuestra dedicación y compromiso. Si deseas más información sobre esta vivienda con referencia 210376, no dudes en contactar con nuestro equipo de la oficina de Jerónimos-Retiro. Nos encontramos en la Avenida del Mediterráneo, 44, o puedes llamarnos al o escribirnos a. ¡Estamos aquí para ayudarte a encontrar tu próxima propiedad!",False,good,False,False,3397.0,False,False,False,False,[],False,False,265000.0,€,,,flat,,"San Diego, Madrid",Piso en avenida de la Albufera,Top,,,,,
108921166,https://img4.idealista.com/blur/480_360_mq/0/id.pro.es.image.master/cd/91/a9/1358978904.webp,,19,1,169900.0,flat,sale,90.0,True,3,1,"calle del Río Alberche, 2 A",Madrid,Navalcarnero,Centro,es,,40.2931121,-4.0088272,True,https://www.idealista.com/inmueble/108921166/,"Agencia inmobiliaria de Navalcarnero PISO TOTALMENTE EXTERIOR de 90 m2 a 5 minutos del centro Compuesto por: Tres amplios dormitorios, cocina, cuarto de baño completo, un amplio y luminoso salón y trastero en el mismo edificio de la vivienda Vivienda con excelentes calidades: ventanas en aluminio, puertas de paso en roble, dos bombas de aire acondicionado frio/calor, cocina totalmente amueblada, baño con ducha. El piso se encuentra enclavado en un edificio a solamente 5 minutos de la plaza Segovia, cercano a todos los servicios, se encuentra excelentemente situado, con buen acceso tanto a la autovía como al centro del municipio. Navalcarnero cuenta con todos los servicios tales como farmacias, supermercados, excelentes colegios, zonas verdes, comercios, centro medico, asimismo, se encuentra a menos de 10 minutos en coche del hospital mas cercano. En el caso de que necesite financiación, disponemos de un departamento financiero que estará encantado de atenderle y facilitarle la mejor financiación del mercado, con una cuota para esta vivienda desde 435/mes (consultar condiciones).",False,good,False,False,1888.0,True,False,False,False,[],False,False,169900.0,€,,,flat,,"Centro, Navalcarnero","Piso en calle del Río Alberche, 2 a",Top,,,,,
109031082,https://img4.idealista.com/blur/480_360_mq/0/id.pro.es.image.master/aa/68/5f/1362202753.webp,,26,1,900000.0,flat,sale,101.0,True,2,2,calle de San Vicente Ferrer,Madrid,Madrid,Centro,es,Malasaña-Universidad,40.4265133,-3.704429,False,https://www.idealista.com/inmueble/109031082/,"Con techos de 2,85 m de altura y tres balcones orientados al sur, este piso reformado a estrenar consigue un perfecto equilibrio entre la arquitectura clásica y el confort contemporáneo. La finca, una joya del art nouveau, conserva sus zonas comunes en perfecto estado —portal y escalera con detalles originales—, y la vivienda se entrega completamente amueblada en un estilo moderno y cálido pensado para vivir desde el primer día. El espacio principal se organiza alrededor de una cocina-comedor amplia y funcional, diseñada tanto para el uso cotidiano como para reuniones con amigos. El salón, muy luminoso, abre a dos balcones a la calle que inundan la estancia de luz natural. El tercer balcón está ubicado en uno de los dormitorios. El dormitorio principal funciona como una auténtica suite: amplios armarios empotrados, un tocador integrado y un baño en suite con acabados de alta calidad. Además, hay un segundo dormitorio exterior y un segundo baño completo, lo que convierte la distribución en práctica para pareja, familia o para quienes buscan una segunda habitación de trabajo/visitas. Situado en Malasaña, el piso disfruta de todo lo que hace atractivo al barrio: una intensa oferta de comercios independientes y cafeterías, programación cultural en salas y galerías cercanas, mercados y una oferta gastronómica variada; al mismo tiempo mantiene la comodidad de una buena comunicación con el resto de la ciudad. Es una propuesta ideal para quien busca vivir con personalidad en un entorno urbano dinámico, lista para entrar a vivir. Contacta con nosotros y te organizaremos una visita.",True,good,False,False,8911.0,True,True,False,False,[],False,False,900000.0,€,,,flat,,"Malasaña-Universidad, Madrid",Piso en calle de San Vicente Ferrer,Top,,,,,
109201676,https://img4.idealista.com/blur/480_360_mq/0/id.pro.es.image.master/08/65/81/1367354860.webp,,22,1,415000.0,flat,sale,95.0,False,3,1,calle de San Cayetano,Madrid,Madrid,Centro,es,Lavapiés-Embajadores,40.4101,-3.7071158,False,https://www.idealista.com/inmueble/109201676/,"AMPLIO PISO REFORMADO CON PATIO PRIVADO EN MADRID CENTRO Edificio con ITE Favorable Te presentamos esta fantástica vivienda en primera planta interior de la calle San Cayetano, reformada con un estilo moderno y lista para entrar a vivir. Con sus 95 m², destaca por la calidad de los acabados, la funcionalidad de su distribución y la atención al detalle en cada espacio, pensada para ofrecer confort y elegancia a diario. La vivienda cuenta con tres dormitorios amplios, un salón luminoso, cocina independiente totalmente equipada y un patio de uso privativo que aporta ese extra tan valorado en pleno centro. Además, dispone de aire acondicionado y calefacción por gas natural. Todas las estancias tienen ventanas, lo que asegura una excelente ventilación cruzada y una luminosidad constante. Ubicada en una finca con dos ascensores, portero físico e ITE favorable, este hogar combina calidad, tranquilidad y ubicación privilegiada. La zona cuenta con excelentes conexiones: a pocos minutos del metro Embajadores y Lavapiés, rodeada de una vibrante oferta cultural, gastronómica y de ocio. Una oportunidad única para quienes desean vivir con estilo y proximidad a todo lo que hace especial el centro de Madrid. NOTA: este anuncio no es vinculante; puede contener errores y se muestra a título informativo, no contractual.",True,good,False,True,4368.0,False,True,False,False,[],False,False,415000.0,€,,,flat,,"Lavapiés-Embajadores, Madrid",Piso en calle de San Cayetano,Top,,,,,
108600579,https://img4.idealista.com/blur/480_360_mq/0/id.pro.es.image.master/a6/9b/ff/1349631101.webp,MA-701,52,2,790000.0,flat,sale,179.0,True,5,1,calle de San Joaquín,Madrid,Madrid,Centro,es,Malasaña-Universidad,40.4231735,-3.7017526,False,https://www.idealista.com/inmueble/108600579/,"MUNDOAREA Vende_ piso exterior en la calle San Joaquín. Muy buena ubicación, en pleno barrio de Chueca, junto a la calle de Fuencarral. La vivienda está a reformar en su totalidad y se distribuye en: - Luminoso y amplio salón. - Cocina. - Cinco dormitorios. - Un cuarto de baño reformado, de buen tamaño. - Tres Salas auxiliares, (despachos, comedor, etc. ) La casa tiene dos balcones a la calle. Sobre la finca: La finca es bastante familiar. Sobre la zona y el transporte: Es un enorme enclave cultural y de ocio a la par que comparte el espacio con comercios tradicionales, ocio nocturno, etc. Tiene infinidad de transportes públicos además de ser zona de todos los trasportes alternativos como coches eléctricos de alquiler, bicicletas, etc. La zona es familiar, tiene todo tipo de comercios, colegios, supermercados y buena comunicación con metro y autobuses las 24h. El metro está a tres minutos andando del piso. Posibilidad de financiación. Si desea más información contacte con el departamento comercial de MUNDOAREA.",True,renew,False,False,4413.0,True,True,False,False,[],False,False,790000.0,€,,,flat,,"Malasaña-Universidad, Madrid",Piso en calle de San Joaquín,Top,,,,,
107444856,https://img4.idealista.com/blur/480_360_mq/0/id.pro.es.image.master/12/c2/72/1338531669.webp,28003,8,bj,180900.0,flat,sale,50.0,True,2,1,calle Achuri,Madrid,Madrid,Ciudad Lineal,es,Pueblo Nuevo,40.4296545,-3.6417716,False,https://www.idealista.com/inmueble/107444856/,"Piso REFORMADO compuesto por salón-comedor independiente, dormitorio principal, dormitorio individual, cocina amueblada y equipada con electrodomésticos, baño con plato de ducha y hall de entrada. La vivienda cuenta con suelos de tarima flotante, ventanas con sistema de cierre CLIMALIT, agua caliente y calefacción a Gas Natural. La finca cuenta con una excelénte ubicación, junto a calle de Ascao. Zona muy transitada, con gran variedad de comercios, supermercados, entidades bancarias, varios colegios e institutos. A 300 metros de L7 de Metro Ascao. LA VIVIENDA ESTÁ ALQUILADA Y SE VENDE ALQUILADA HASTA JULIO DE 2028.",False,good,False,False,3618.0,False,False,False,False,[],False,False,180900.0,€,,,flat,,"Pueblo Nuevo, Madrid",Piso en calle Achuri,Top,,,,,
106509352,https://img4.idealista.com/blur/480_360_mq/0/id.pro.es.image.master/97/1f/b8/579042062.webp,,62,1,4750000.0,flat,sale,396.0,True,4,5,Barrio Recoletos,Madrid,Madrid,Barrio de Salamanca,es,Recoletos,40.42435,-3.6809849,False,https://www.idealista.com/inmueble/106509352/,"ATENDEMOS TAMBIEN SABADOS Y DOMINGOS BERNADO LUXURY HOUSES vende esta espectacular vivienda en de la mejor zona de Madrid, a pocos metros del Parque del Retiro. Situada en un espectacular edificio, el precioso diseño del estilismo, hacen de este hogar una joya única en el mercado.  Reformada de lujo por prestigiosa arquitecto de interiores, la vivienda cuenta con las mejores calidades. La distribución es espectacular, nada mas entrar en la vivienda tenemos el gran salón-comedor junto con una sala de TV, un espacio diáfano que recibe luz y ventilación de la fachada, el aseo de invitados. La zona de descanso dispone de tres espectaculares dormitorios en suite con impresionantes baños y vestidor. Desde dos de las habitaciones y la espectacular cocina tenemos acceso a una impresionante terraza de 65 m2.",True,good,False,True,11995.0,True,True,False,True,[],False,False,4750000.0,€,True,False,flat,,"Recoletos, Madrid",Piso,Top,100000.0,,,,
108163016,https://img4.idealista.com/blur/480_360_mq/0/id.pro.es.image.master/c5/a3/45/1344313601.webp,,46,5,1350000.0,flat,sale,174.0,True,4,3,Barrio Fuente del Berro,Madrid,Madrid,Barrio de Salamanca,es,Fuente del Berro,40.4275669,-3.663082,False,https://www.idealista.com/inmueble/108163016/,"YÑARRA INMOBILIARIA, presenta esta magnífica vivienda de esquina, totalmente exterior. CON GARAJE Y TRASTERO directo. Ubicada en una urbanización cerrada con piscina zonas ajardinadas, zona infantil, zona social y sala de reuniones y vigilancia. La vivienda se encuentra en una quinta planta muy luminosa con vistas muy amplias y despejadas. Con dos terrazas cerradas, y con la posibilidad de abrir la que existía el salón de origen.   La cocina y el salón la decoración es virtual home Stagings, la vivienda esta para reformar. La ubicación es inmejorable, en el barrio de Fuente del Berro (Barrio de Salamanca). A escasos minutos de la Plaza de Manuel Becerra y del parque Quinta de la fuente del Berro. Se distribuye en hall de entrada que da acceso a un amplio salón comedor con chimenea, amplias ventanas frontales y laterales, antigua terraza que se incorporó al salón, con vistas a la piscina. Gran cocina con zona de lavado y área de servicio que dispone de habitación y baño completo con ducha.  Un pasillo que da acceso a la zona de descanso con un distribuidor de habitaciones con armario empotrado, desde el que se accede a un baño completo con ventana, un dormitorio con armario empotrado y terraza cerrada; el dormitorio principal con tres armarios empotrados, baño completo en suite y una terraza cerrada y un tercer dormitorio con armario empotrado cuya ventana se comunica con la terraza cerrada de la habitación principal.  Calefacción central con contadores individuales. La vivienda se encuentra en buen estado de conservación. Dispone de puerta principal y de servicio, dos vecinos por escalera, dos ascensores, portal representativo con portero físico. En la urbanización hay una guardería, un gimnasio y una consulta de fisioterapeuta. El barrio de Fuente del Berro es uno de los seis barrios administrativos del distrito de Salamanca, en el que se encuentra el parque de la Quinta de la Fuente del Berro, situado en la parte oriental espacio verde que data del siglo XVII y alberga jardines paisajísticos, cascadas y arte público. Se encuentra muy cerca de uno de los principales equipamientos deportivos de la ciudad, el Wizink Center inaugurado en 2005 sobre el antiguo Palacio de los Deportes. También cerca de diversas instituciones como la Real Casa de la Moneda o Fábrica Nacional de Moneda y Timbre. El barrio de Salamanca es atravesado diagonalmente por la calle de Alcalá que, junto a calles como Jorge Juan, Goya o Hermosilla, tienen un carácter eminentemente comercial a la que se accede en pocos minutos andando. Muy bien comunicado tanto por metro (Ventas, Manuel Becerra y Odonell), así como por autobuses, líneas, 2, 12, 15,21. 28., 53. etc.",True,renew,False,True,7759.0,True,False,False,True,[],False,False,1350000.0,€,True,True,flat,,"Fuente del Berro, Madrid",Piso,Top,,1400000.0,50000.0,4.0,
104404869,https://img4.idealista.com/blur/480_360_mq/0/id.pro.es.image.master/88/ba/06/1219586937.webp,4200,15,bj,105000.0,studio,sale,22.0,False,0,1,avenida de San Diego,Madrid,Madrid,Puente de Vallecas,es,San Diego,40.3870912,-3.6688445,False,https://www.idealista.com/inmueble/104404869/,"Si buscas una buena inversión, esta es tu oportunidad.  VIVALTA INMOBILARIA vende en EXCLUSIVA, este estudio REFORMADO exterior de 22 m2 construidos distribuidos en un ambiente principal amplio con 2 ventanas al exterior, que le otorga a toda la vivienda una gran luminosidad, cocina americana totalmente equipada con electrodomésticos y cuarto de baño reformado también con plato de ducha. El piso se vende completamente amueblado. Es importante resaltar el altillo de 5,5 m2 (2,81 x 1,98) en donde actualmente se encuentra una cama de matrimonio con acceso por escalera plegable instalada para mayor comodidad.  Debido a la alta demanda de inmuebles en alquiler por la zona se considera una inversión excelente para aquellas personas que quieren rentabilizar al máximo su dinero. Actualmente se encuentra alquilado con fecha de inicio de contrato el 1 de Enero de 2022. Gastos mínimos tanto de comunidad (26€) como de IBI (55€)  El inmueble es exterior y esta situado en la planta baja de un edificio con una rehabilitación completa del mismo en 2005. Los acabados de la vivienda son los siguientes: paredes y techos lisos-carpintería exterior de climalit-carpintería interior de madera maciza-suelos de gres. La calefacción del piso es mediante aire acondicionado con bomba de frío y calor.   Conexiones a través de los autobuses 24/102/144/103/111 y Estación Asamblea de Madrid-Entrevías.  EDIFICIO COMPLETAMENTE RENOVADO EN 2005. 213 m² de parcela-Construido en 1920-Calidad de construcción normal-Edificio de 3 plantas-2 vecinos por planta-Sin ascensor-12 Viviendas-6 Comercios.  Para visitar el inmueble o solicitar más información no dude en contactar con nosotros y estaremos encantados de acompañarles en este nuevo camino a su casa.  AVISO LEGAL: Según Real Decreto 515/1989 (de 21 de abril, relativa a la protección de los consumidores en cuanto a la información a suministrar en la compraventa y arrendamiento de viviendas), será puesta a disposición de los potenciales compradores en nuestras oficinas sin compromiso ninguno.  Los honorarios a percibir por la agencia son del 4% (Cuatro por ciento) + 21% I. V. A. a cargo del COMPRADOR o 4.000 € + 21% I. V. A en inmuebles inferiores a 100.000 €.",True,good,False,True,4773.0,True,False,False,False,[],False,False,105000.0,€,,,flat,studio,"San Diego, Madrid",Estudio en avenida de San Diego,Top,,110000.0,5000.0,5.0,
108408137,https://img4.idealista.com/blur/480_360_mq/0/id.pro.es.image.master/ba/21/38/1344027233.webp,DM867-VX3,24,5,285000.0,duplex,sale,94.0,True,3,2,calle del Laboratorio,Madrid,Madrid,San Blas,es,Arcos,40.4255042,-3.6187062,False,https://www.idealista.com/inmueble/108408137/,"Magnifica oportunidad de compra. Inmobiliaria d. Maqueda ofrece una excelente vivienda de 3 dormitorios y dos baños, ubicada en una quinta planta exterior con dos orientaciones, en un edificio con ascensor y gas natural. Entre sus principales caracteristacas descatamos su magnifica luz y ventilacion natural gracias a sus dos orientaciones y a la altura en la que se encuentra la vivienda, tambien dispone de una excelente climatizacion provista de calefaccion individual por gas natural y aire acondicionado. Los suelos de la vivienda son de gres, su carpinteria exterior es de aluminio, su puerta principal de entrada es blindada, tanto su salon como su cocina son independientes y sus dormitorios disponen de armario empotrado. La distribucion de la vivienda se encuentra en dos alturas tipo duplex, dispòniendo de un servicio en cada una de sus plantas. En cuanto a su ubicacion, se encuentra muy bien comunicado con cualquier punto de la capital ya que la vivienda se encuentra entre las estaciones de metro de asacia (conectada con la linea 2 de metro) y simancas (conectada con la linea 7 de metro), asi como con trasporte privado gracias a su cercania con la radial r3 que conecta directamente con la m30 lateral. Aproveche esta excelente oportunidad y adquiera esta centrica y luminosa vivienda por el precio de 285.000€. Ref. - dm867-vx3   nuestra garantía, el tiempo. Desde 1957 creando hogares.",True,good,False,True,3032.0,True,True,False,False,[],False,False,285000.0,€,,,flat,duplex,"Arcos, Madrid",Dúplex en calle del Laboratorio,Top,,,,,
109111990,https://img4.idealista.com/blur/480_360_mq/0/id.pro.es.image.master/3f/ae/a6/1367700066.webp,8925BF-PB,15,2,1439000.0,flat,sale,120.0,True,3,2,calle del General Oráa,Madrid,Madrid,Barrio de Salamanca,es,Lista,40.4367067,-3.6776613,False,https://www.idealista.com/inmueble/109111990/,"MR HOUSE REAL ESTATE VENDE EN BARRIO SALAMANCA. Concretamente, hablamos de un vivienda reformada al 100% por el prestigioso estudio de arquitectos ARCTEMPUS, en la calle General Oraa.  Descubre este luminoso y espacioso piso de 120 metros cuadrados catastrales, perfecto para quienes buscan comodidad y estilo de vida. La propiedad cuenta con tres dormitorios amplios y dos baños completos, ideales para familias o quienes valoran el espacio adicional.  El piso está completamente amueblado y equipado, listo para entrar a vivir. Dispone de armarios empotrados que ofrecen un amplio almacenamiento, además de una cocina moderna y funcional, totalmente amueblada y equipada con electrodomésticos.  Gracias a su orientación exterior, disfruta de abundante luz natural en todas las estancias. La vivienda cuenta con aire acondicionado y calefacción central, garantizando confort durante todo el año. También dispone de un lavadero y una terraza perfecta para relajarse o compartir momentos al aire libre.  El edificio cuenta con ascensor, facilitando el acceso a la vivienda. Una oportunidad única para vivir en un espacio cómodo, luminoso y bien equipado. ¡MR HOUSE ES GARANTÍA DE ÉXITO!",False,good,False,True,11992.0,False,False,False,False,[],False,False,1439000.0,€,,,flat,,"Lista, Madrid",Piso en calle del General Oráa,Top,,,,,
108728801,https://img4.idealista.com/blur/480_360_mq/0/id.pro.es.image.master/82/fc/e2/1353392618.webp,1428-1301,45,2,730000.0,flat,sale,102.0,False,3,2,calle de Cea Bermúdez,Madrid,Madrid,Chamberí,es,Vallehermoso,40.4395489,-3.7118676,False,https://www.idealista.com/inmueble/108728801/,"ALFA CHAMBERI pone a su disposición esta maravillosa vivienda en el Barrio de Chamberí, en la calle Cea Bermúdez, una de las zonas más demandadas de la capital. Se ubica en una finca señorial recién actualizada y dispone de portero físico. Se trata de una segunda planta con ascensor (recientemente actualizado) y acceso para personas con movilidad reducida. Se distribuye de la siguiente forma: -Salón-comedor de buen tamaño, con terraza acristalada a un patio de manzana, lo que le aporta mucha luz natural y la tranquilidad de no dar a la calle. -Dos baños completos con ventana a este mismo patio de manzana. -Cocina independiente con ventana -Tres dormitorios, dos de ellos con armario empotrado y todos con ventana a un patio interior. -Cocina independiente totalmente equipada. La vivienda cuenta con varios altillos para completar el almacenaje, así como un armario empotrado en el pasillo. La ITE es favorable hasta 2031. La vivienda tiene excelentes comunicaciones tanto para el transporte privado con rápido acceso a la M-30 y A-6, como con el transporte público, con las paradas de Metro de Madrid Argüelles, Moncloa, Quevedo, San Bernardo, Islas Filipinas y Canal, y con varias líneas del servicio de autobuses EMT. El barrio cuenta con todos los servicios necesarios: farmacias, colegios, supermercados, Hospital Clínico y Fundación Jiménez Díaz, parques, gimnasios, muy cercano a la Universidad de ICADE, Mercado de Vallehermoso y muy cercano al centro de la ciudad pero en un entorno tranquilo. No dude en llamar para pedir más información y fijar una cita para visitarlo. Aviso legal: La información mostrada en este anuncio es meramente informativa, no vinculante jurídicamente pudiendo contener algún error.",False,renew,False,True,7157.0,True,False,False,False,[],False,False,730000.0,€,,,flat,,"Vallehermoso, Madrid",Piso en calle de Cea Bermúdez,Top,,,,,
108253278,https://img4.idealista.com/blur/480_360_mq/0/id.pro.es.image.master/48/dc/38/1338558492.webp,8827PV-AM,6,3,4560000.0,flat,sale,260.0,True,5,5,Barrio Lista,Madrid,Madrid,Barrio de Salamanca,es,Lista,40.4309824,-3.6796418,False,https://www.idealista.com/inmueble/108253278/,"Bienvenido a tu nuevo hogar en el corazón del exclusivo Barrio de Salamanca. IMAGENES RENDERS (actualmente reformándose). Este elegante piso de 260 m², construido en 1948 y completamente reformado, fusiona con maestría el carácter de la arquitectura clásica con el confort y la funcionalidad del diseño contemporáneo. La vivienda dispone de cinco amplios dormitorios y cinco baños, todos ellos en suite, lo que garantiza privacidad y comodidad para cada miembro de la familia. La luminosidad es una de las grandes protagonistas del hogar, gracias a su orientación exterior y a los grandes ventanales que bañan cada estancia con luz natural. La cocina, moderna y completamente equipada, ha sido diseñada pensando en quienes disfrutan del arte de cocinar, mientras que el acogedor salón, con acceso a un encantador balcón, invita a compartir momentos especiales en buena compañía. Como valor añadido, la propiedad cuenta con una terraza privada ideal para relajarse al aire libre. Pensado para ofrecer el máximo confort durante todo el año, el piso incluye aire acondicionado y calefacción central de gas natural. Los armarios empotrados brindan soluciones prácticas de almacenamiento y el edificio, protegido por su valor arquitectónico, dispone de servicio de conserjería que aporta tranquilidad y seguridad. Situado en una de las esquinas más emblemáticas del barrio, este piso te permitirá disfrutar de la mejor oferta comercial, gastronómica y cultural de Madrid, además de una excelente comunicación con el resto de la ciudad. Una oportunidad única para vivir en una de las zonas más prestigiosas de la capital. Contáctanos y déjate sorprender. Barrio de Salamanca: historia y elegancia madrileña Concebido a mediados del siglo XIX por el marqués de Salamanca como parte de un ambicioso proyecto de expansión urbanística, el Barrio de Salamanca nació con el propósito de acoger a la alta sociedad madrileña en un entorno distinguido y ordenado. Sus amplias avenidas, su arquitectura señorial y la cuidada planificación urbana lo convirtieron desde sus inicios en símbolo de prestigio y sofisticación. Hoy en día, sigue siendo uno de los distritos más codiciados de Madrid, donde la historia, el arte y el estilo de vida contemporáneo conviven en perfecta armonía.",False,good,False,True,17538.0,True,False,False,False,[],False,False,4560000.0,€,,,flat,,"Lista, Madrid",Piso,Top,,,,,
108857404,https://img4.idealista.com/blur/480_360_mq/0/id.pro.es.image.master/f1/e0/a6/1358396479.webp,Venta-OrtegayGassetA,29,4,369000.0,flat,sale,95.0,True,2,1,El Pilar - Bripac,Madrid,Alcalá de Henares,El Pilar - Bripac,es,,40.5086814,-3.352738,False,https://www.idealista.com/inmueble/108857404/,"Descubre este encantador y luminoso piso en una de las zonas más agradables y bien conectadas de Alcalá de Henares, rodeado de tranquilidad, servicios y zonas verdes, ideal tanto para vivir como para invertir. La vivienda de 82 mt2 se encuentra en un edificio moderno, muy cuidado y con detalles que marcan la diferencia. Al entrar, te recibe un acogedor hall con ropero a medida, iluminación por sensor y mando interno para la luz del descansillo. La cocina independiente, completamente equipada, cuenta con caldera exterior, zona de lavadero y tendedero integrado en el techo, además de dos prácticos armarios a medida que multiplican el espacio de almacenaje. El salón-comedor es amplio y con carácter, con falso techo decorativo, luces LED regulables y zona de halógenos, creando una atmósfera cálida y moderna. Desde aquí se accede al balcón-terraza, que también conecta con la cocina y la habitación principal, ideal para relajarse al aire libre. Además, tanto el balcón como el lavadero cuentan con toldos que protegen toda la extensión. La vivienda dispone de dos habitaciones bien distribuidas y un baño completo, todo en perfecto estado y con paredes lisas. Las luces LED están instaladas estratégicamente en todos los espacios, lo que se traduce en un importante ahorro energético mensual. Incluye plaza de garaje y trastero, lo que aporta comodidad y funcionalidad. * Piscina olímpica con baja afluencia, perfecta para nadar o disfrutar en verano. * Pistas de pádel para mantenerte activo. * Zona infantil para los más pequeños. Una oportunidad excepcional en un entorno familiar, con todos los servicios cerca: colegios, supermercados, transporte, zonas verdes y fácil acceso a las principales vías.",True,good,False,True,3884.0,True,False,True,False,[],False,False,369000.0,€,True,True,flat,,"El Pilar - Bripac, Alcalá de Henares",Piso,Top,,395000.0,26000.0,7.0,
108828268,https://img4.idealista.com/blur/480_360_mq/0/id.pro.es.image.master/c2/6b/14/1356313923.webp,Casa Elinor,1,,7500000.0,chalet,sale,1707.0,,8,11,Las Lomas,Madrid,Boadilla del Monte,Las Lomas,es,,40.4293117,-3.8893545,False,https://www.idealista.com/obra-nueva/108828268/,"THE AVENUE Select Real Estate, se enorgullece de poder presentar en exclusiva CASA ELINOR. Casa Elinor, es una de las exclusivas viviendas de la nueva Colección Alea, una colección numerada de viviendas exclusivas protagonizadas por el diseño de vanguardia, el cuidado en cada detalle y una elección de acabados de altísima calidad. Ubicada en Boadilla del Monte, un municipio que se ha convertido en los últimos años en uno de los más deseados para quienes quieren vivir en un entorno más natural y tranquilo, sin perder las comodidades y la cercanía a la capital. La zona está experimentando un gran dinamismo, convirtiéndose rápidamente en una de las localidades con mayor crecimiento y revalorización de la Comunidad de Madrid, situándose durante muchos años consecutivos en lo alto del ranking de localidades más seguras de toda España. Cada espacio, en Casa Elinor, invita a una experiencia única por su composición, acabados e iluminación. El estilo contemporáneo y vanguardista, comparte con el minimalismo las líneas puras y rectas y los espacios amplios, limpios y diáfanos, sumándoles un ambiente acogedor y cálido que lo aleja de la frialdad y el impersonalismo, dominando los espacios sofisticados y vivibles, llenos de luz, con una gran continuidad interior y un elegante sentido del lujo. La vivienda se organiza en una gran planta principal, con la excepción de un espacio a mayor altura desde donde contemplar la imponente riqueza natural del jardín y de una amplia y luminosa zona inferior diseñada para el ocio y bienestar, a la que se accede cómodamente a través de su propio ascensor. Los grandes ventanales permiten disfrutar del exterior desde cualquier estancia de la vivienda favoreciendo un estilo de vida en constante conexión con la naturaleza. La inteligente disposición de las estancias principales de la vivienda, en la misma planta, facilita una vida más funcional y cómoda, optimizando la superficie útil y aportando más ligereza a los espacios, lo que garantiza lo más importante en una casa: la calidad de vida. Casa Elinor cuenta con numerosas estancias para el ocio y el recreo, y dormitorios ensuite; todo ello con la excelencia en las calidades utilizadas para su construcción. En el exterior, podemos disfrutar de una cómoda parcela, con agradable piscina infinity. Además, cuenta con una zona de recreo y ocio compuesta de un área de barbacoa, donde podrá disfrutar en la mejor compañía. Porque la exclusividad no sólo se encuentra en la riqueza. Lo encontramos en lo extraordinario, en lo que no abunda, en lo que va más allá de la excelencia. Disfrute de una vivienda única por sus calidades y por su entorno. Todo esto es CASA ELINOR.",False,newdevelopment,True,,4394.0,False,False,False,False,[],False,False,7500000.0,€,,,chalet,independantHouse,"Las Lomas, Boadilla del Monte",Casa independiente,Top,,,,,False
107579818,https://img4.idealista.com/blur/480_360_mq/0/id.pro.es.image.master/d5/82/3b/1316758321.webp,24145,6,,4200000.0,chalet,sale,962.0,,6,7,Barrio Ciudad Universitaria,Madrid,Madrid,Moncloa,es,Ciudad Universitaria,40.4678206,-3.7349917,False,https://www.idealista.com/inmueble/107579818/,"David Salcedo de GV | PUERTA DE HIERRO comercializa el siguiente inmueble: Ubicada en una de las zonas más prestigiosas de la colonia de Puerta de Hierro, dentro de un calle privada con acceso cerrado, combina elegancia arquitectónica, amplios espacios y un diseño excepcional que optimiza la luz natural y el confort en cada rincón. Con 900 m² construidos, en una parcela de 1.000 m2 ( 828 m2 de suelo privativo, al que hay que sumar el espacio común de la calle privada ), distribuidos en cuatro plantas comunicadas por una amplia y cómoda escalera y ascensor, está diseñada para ofrecer el máximo lujo y privacidad. Se terminó de construir en el año 2008.  Planta Baja: El corazón social de la viviendaDesde un hall de entrada, se accede al salón-comedor a doble altura ( 6 metros ) con chimenea, un espacio que destaca por su grandiosidad y conexión visual con los porches que rodean la vivienda, el jardín y la biblioteca de la planta superior. En esta planta también se encuentra un estudio/despacho independiente, ideal para trabajo o zona de relax, así como una cocina con office. Toda la vivienda está rodeada de unos amplios porches cubiertos, con varias zonas de descanso y comedor.  Planta Primera: Espacio de inspiración y relajaciónLa planta social se extiende hacia una espectacular biblioteca- sala de estar con chimenea, generando un ambiente sofisticado y acogedor. Desde la cual, se accede a un despacho/estudio privado con chimenea, ideal para momentos de concentración o descanso. Además, esta planta alberga una piscina interior climatizada con salida a una gran terraza-solárium, ofreciendo un oasis de bienestar y exclusividad. Un elegante cuarto de baño con vestuario complementa esta zona de relax. Planta Segunda: Área de descanso con máxima privacidadEl acceso a la zona de dormitorios se realiza a través de un recibidor con zona de estudio y lectura, creando un ambiente sereno y armonioso. Esta planta alberga tres impresionantes suites: Dormitorio principal (72 m²) con chimenea, vestidor de gran tamaño, despacho privado, cuarto de baño y acceso a una terraza-solárium privada. Dos amplios dormitorios secundarios (40 m² y 30 m² aprox.), ambos con su propio baño en suite. Todos los dormitorios se abren a un precioso patio interior de 25 m², que aporta gran luminosidad a los dormitorios y crea un espacio exterior de recogimiento e intimidad  Planta Semisótano: Funcionalidad y comodidad El nivel inferior de la casa está diseñado para el máximo confort y practicidad, contando con: Garaje con capacidad para 4-5 coches, con dos trasteros cerrados. Cuarto de caldera, ascensor y depuradora. Zona de servicio: apartamento independiente con dormitorio, baño y salón ( con pre-instalación para pequeña cocina), con salida a un patio ingles luminoso.  Zona de invitados con dos dormitorios amplios que comparten un baño. Cuarto de lavado y plancha con armarios de gran capacidad. Bodega/despensa En la cubierta se han instalado placas fotovoltaicas para generación de energía eléctrica y se dispone de un proyecto de aereotermia. Toda la vivienda dispone de suelo radiante para calefacción y refrescamiento. La carpintería exterior ( ventanas y puertas correderas ) es de la marca Shücco, que ofrece una total hermeticidad acústica y térmica  Una residencia que redefine el concepto de lujo. Cada detalle de esta espectacular vivienda ha sido cuidadosamente diseñado para ofrecer un equilibrio perfecto entre sofisticación, privacidad y bienestar. Sus acabados de máxima calidad, amplias terrazas, zonas de descanso y espacios diáfanos la convierten en una propiedad exclusiva para quienes buscan una residencia única. Esta información no tiene Carácter contractual. Un porcentaje importante de nuestros inmuebles no aparecen publicados por expreso deseo de los propietarios. Para más información sobre más propiedades en esta zona entre en nuestra página web.",False,good,False,,4366.0,False,False,False,False,[],False,False,4200000.0,€,True,True,chalet,independantHouse,"Ciudad Universitaria, Madrid",Casa independiente,Top,,,,,
108833873,https://img4.idealista.com/blur/480_360_mq/0/id.pro.es.image.master/2d/7c/5e/1356483811.webp,LCM37720,50,2,537000.0,flat,sale,90.0,True,1,2,calle del Águila,Madrid,Madrid,Centro,es,Palacio,40.4077053,-3.7117191,False,https://www.idealista.com/inmueble/108833873/,"DÚPLEX CON ENCANTO Y DISEÑO REFORMADO EN EL CORAZÓN DE PALACIO. Descubre este precioso ático dúplex exterior de 90 m², ubicado en una finca clásica con gran personalidad, perfectamente conservada, en una de las zonas más emblemáticas de Madrid: el barrio de Palacio. Una vivienda con alma madrileña, completamente reformada con un diseño moderno y funcional que mantiene el carácter original del edificio. Distribuido en dos plantas, la planta principal ofrece un amplio y luminoso salón con balcón orientado al sur, lo que garantiza una excelente entrada de luz natural durante todo el día y agradables vistas al entorno. La cocina, independiente y equipada con electrodomésticos de última generación, también cuenta con su propio balcón. En esta planta se encuentra además un aseo de cortesía. En la planta superior se ubica la espaciosa suite principal, con techos abuhardillados que aportan calidez y mucho encanto. El dormitorio incluye un baño completo en suite, creando un espacio íntimo y acogedor. La vivienda está equipada con aire acondicionado y calefacción por conductos, lo que garantiza confort en cualquier época del año. Una opción ideal para quienes buscan tranquilidad, luminosidad y estilo en pleno centro histórico de Madrid, en un inmueble listo para entrar a vivir. No dejes pasar esta oportunidad única. ¡Llámanos y agenda tu visita hoy mismo!",True,good,False,True,5967.0,False,False,False,False,[],False,False,537000.0,€,,,flat,,"Palacio, Madrid",Piso en calle del Águila,Top,,567000.0,30000.0,5.0,
108895339,https://img4.idealista.com/blur/480_360_mq/0/id.pro.es.image.master/1a/c6/47/1358211659.webp,LCM38032,43,1,550000.0,flat,sale,82.0,True,3,2,calle Divino Vallés,Madrid,Madrid,Arganzuela,es,Chopera,40.3952045,-3.6996013,False,https://www.idealista.com/inmueble/108895339/,"Vivienda reformada con terraza y excelente distribución en Calle Divino Vallés Te presentamos esta espectacular vivienda en venta, situada en la calle Divino Vallés, en una de las zonas más cotizadas y bien comunicadas de Madrid. Ubicada en una primera planta, esta propiedad destaca por su reforma integral de diseño, pensada para ofrecer confort, funcionalidad y estilo en cada rincón. Cuenta con una superficie de 82 m² construidos distribuidos de forma óptima en tres dormitorios y dos baños completos, uno de ellos en suite. Todas las habitaciones disponen de armarios empotrados a medida, maximizando el almacenamiento sin sacrificar espacio. El corazón de la vivienda lo conforman una amplia zona de salón con cocina integrada en concepto abierto, creando un espacio moderno, acogedor y muy luminoso gracias a su doble orientación. La vivienda es exterior y, además, disfruta de una impresionante terraza de aproximadamente 20 m², con vistas al patio de manzana y acondicionada como zona chill out, perfecta para relajarse o disfrutar con invitados en un entorno privado y tranquilo. Entre sus calidades destacan las ventanas con doble acristalamiento Climalit, que garantizan un excelente aislamiento térmico y acústico, y un completo sistema de aislamiento en todas las paredes, pensado para maximizar la eficiencia energética y el confort interior. La vivienda dispone de calefacción por suelo radiante, que proporciona una temperatura homogénea y agradable durante todo el año, así como de aire acondicionado por conductos, que permite una climatización eficiente en todas las estancias. Además, cuenta con un cuarto de lavandería independiente, equipado con lavadora, secadora y un termo inteligente de última generación. Esta propiedad está lista para entrar a vivir, con una distribución funcional, acabados de alta calidad y una ubicación privilegiada que combina tranquilidad, servicios y excelente comunicación. Precio de salida: 550.000 € Una oportunidad ideal tanto para familias como para quienes buscan una vivienda con personalidad, lista para disfrutar desde el primer día y con todas las comodidades de una reforma cuidada al detalle.",True,good,False,True,6707.0,True,True,False,False,[],False,False,550000.0,€,,,flat,,"Chopera, Madrid",Piso en calle Divino Vallés,Top,,,,,
108567046,https://img4.idealista.com/blur/480_360_mq/0/id.pro.es.image.master/de/5e/9b/1348660940.webp,BHHS-MAD-0773,10,1,610000.0,flat,sale,109.0,True,1,1,Barrio Huertas-Cortes,Madrid,Madrid,Centro,es,Huertas-Cortes,40.4138822,-3.7032294,False,https://www.idealista.com/inmueble/108567046/,"Si quieres vivir en el barrio de las letras te invitamos a conocer este exclusivo piso de 109 metros cuadrados catastrales, situado en una de las calles más representativas y emblemáticas del barrio de Cortes bien conocido como “barrio de las letras”. Ubicado en la primera planta del edificio con techos altos. La finca es representativa. Esta vivienda se encuentra ubicada en la zona más sibarita del barrio de Cortes, perteneciente al distrito Centro, este barrio se caracteriza, por su gran oferta cultural rodeado de museos, teatros, maravillosos hoteles y un sinfín de lugares turísticos. Dispone de toda la red de transporte publico de Madrid. Zonas de ocio y todo tipo de servicios. Su versatilidad y dinamismo hacen de esta propiedad una oportunidad única para vivir o invertir, en una de las zonas más dinámicas y privilegiadas de la capital española. Nos recibe un hall con gran armario gabanero que nos guía a zona de estar amplia con dos balcones a la calle con amplio salón y zona de comedor. Cocina independiente generosa con bahía, totalmente equipada con electrodomésticos de gama alta, totalmente panelada y todos los detalles arquitectónicos que una vivienda de estas características amerita.  En la zona de descanso, encontramos un gran dormitorio con armarios empotrados, cuenta además con un baño completo que presta servicio a todas las estancias. Cabe resaltar la alta rentabilidad que tiene la vivienda ya que se ha alquilado en corta estancia. Disponemos de varios inmuebles similares en esta zona que solo pueden estar anunciados en nuestra web por expreso deseo de sus propietarios. Si desean verlos pueden hacerlo pinchando en el enlace adicional ubicado al final del anuncio.",False,good,False,False,5596.0,False,False,False,False,[],False,False,610000.0,€,,,flat,,"Huertas-Cortes, Madrid",Piso,Top,,,,,
108998398,https://img4.idealista.com/blur/480_360_mq/0/id.pro.es.image.master/36/23/f6/1361261699.webp,LCM38137,25,3,234900.0,flat,sale,83.0,True,3,1,paseo de Estoril,Madrid,Fuenlabrada,Fuenlabrada II - El Molino,es,,40.2831948,-3.808315,False,https://www.idealista.com/inmueble/108998398/,"LA CASA AGENCY FUENLABRADA, vende vivienda en Paseo Estoril, Fuenlabrada. Inmueble de 83 m², para entrar a vivir, finca con ascensor y fachada rehabilitada. Consta de 3 dormitorios, armario empotrado en dormitorio principal, amplio salón-comedor, cocina, hall de entrada, baño completo, almacén y terraza. La vivienda cuenta con calefacción individual de gas natural, ventanas de aluminio, suelos de gres. Muy buena orientación. Buena zona. Próximo a la estación de Metro Sur Parque Europa. La zona es muy tranquila, rodeado de comercios, colegios, institutos, centro de salud, galería comercial. Cercano a Centro Comercial Fuenlabrada II, Hospital de Fuenlabrada y Parque de la Solidaridad. Si buscas una vivienda con buena distribución y para entrar a vivir ¡ésta es tu oportunidad!",True,good,False,True,2830.0,True,False,True,False,[],False,False,234900.0,€,,,flat,,"Fuenlabrada II - El Molino, Fuenlabrada",Piso en paseo de Estoril,Top,,,,,
108050636,https://img4.idealista.com/blur/480_360_mq/0/id.pro.es.image.master/00/84/78/1332355966.webp,,15,bj,225000.0,flat,sale,33.0,True,1,1,calle del Mesón de Paredes,Madrid,Madrid,Centro,es,Lavapiés-Embajadores,40.404388,-3.7023067,False,https://www.idealista.com/inmueble/108050636/,"**Piso en Venta en Lavapiés – Embajadores, Madrid** Descubre este encantador piso bajo en la Calle Mesón de Paredes, una joya en el corazón de Lavapiés. Construido en 1890 y reformado integralmente en 2005, este inmueble combina la esencia histórica con las comodidades modernas. Con 33 m² bien distribuidos, cuenta con un acogedor salón que integra una cocina americana, iluminado por dos ventanas que aportan luz natural. El dormitorio independiente ofrece privacidad y confort, mientras que el cuarto de baño completo añade funcionalidad al espacio. La finca, en perfecto estado de conservación, cuenta con una ITE favorable desde abril de 2021. Además, existe la posibilidad de adquirir una terraza como finca registral independiente (consultar precio), ideal para disfrutar del aire libre en la ciudad. La ubicación es inmejorable: a solo 100 metros de la estación de Embajadores (L. 3 y C. 5) y cerca de las estaciones de cercanías de Atocha y Sol. La zona está repleta de servicios educativos, sociales y asistenciales, así como de una vibrante oferta cultural con bares, restaurantes y teatros a un paso. No pierdas la oportunidad de vivir en un barrio lleno de vida y encanto. Este piso es perfecto tanto para inversores como para quienes buscan un hogar acogedor en Madrid. ¡Ven a visitarlo y enamórate de su potencial!",False,good,False,True,6818.0,False,False,False,False,[],False,False,225000.0,€,,,flat,,"Lavapiés-Embajadores, Madrid",Piso en calle del Mesón de Paredes,Top,,,,,
108903984,https://img4.idealista.com/blur/480_360_mq/0/id.pro.es.image.master/dd/3f/b9/1358470630.webp,002443,13,,1250000.0,chalet,sale,436.0,,6,6,calle Almería,Madrid,Pozuelo de Alarcón,Somosaguas,es,Somosaguas,40.4024833,-3.779754,False,https://www.idealista.com/inmueble/108903984/,"Exclusivo chalet adosado en La Colonia de los Ángeles – Espacio, confort y elegancia en una de las zonas más tranquilas y mejor comunicadas Presentamos este magnífico chalet de 436 m² ubicado en una de las zonas residenciales más codiciadas de la ciudad. Situado en La Colonia de los Ángeles, destaca por su entorno tranquilo, excelentes comunicaciones y orientación sur que garantiza una luminosidad excepcional durante todo el día. La vivienda cuenta con 6 amplias habitaciones dobles, 5 baños completos y 1 aseo, ideal para familias numerosas o quienes busquen espacio y comodidad. El salón-comedor, muy espacioso y con chimenea, se convierte en el corazón del hogar, perfecto para reuniones familiares o con amigos. La cocina de diseño con zona office ha sido completamente renovada, combinando funcionalidad y estilo. Cuenta con un moderno ascensor que une todas las plantas. Entre las múltiples mejoras respecto a los chalets de origen, destacan los suelos de tarima y mármol, la carpintería interior lacada en blanco y la instalación de aire acondicionado para un confort óptimo en todas las estancias. El exterior no se queda atrás: dispone de un jardín privado de 76,38 m², tres terrazas y acceso a zonas ajardinadas comunes con piscina, lo que ofrece un entorno ideal tanto para el descanso como para el ocio. Además, cuenta con un garaje privado con capacidad para 4 vehículos, una auténtica rareza en la zona.",False,good,False,,2867.0,True,False,False,False,[],False,False,1250000.0,€,True,True,chalet,terracedHouse,"Somosaguas, Pozuelo de Alarcón",Chalet adosado en calle Almería,Top,,,,,
108791335,https://img4.idealista.com/blur/480_360_mq/0/id.pro.es.image.master/11/e3/ec/1357173558.webp,1301865,39,bj,425000.0,flat,sale,114.0,True,4,2,bulevar de Indalecio Prieto,Madrid,Madrid,Vicálvaro,es,Valdebernardo - Valderrivas,40.3955146,-3.6219084,False,https://www.idealista.com/inmueble/108791335/,"VOhome pone a disposición esta vivienda en la mejor zona de Valdebernardo! 91_032_73_67 Somos especialistas en cambios de vivienda, consúltanos como hacemos el proceso, totalmente diferente y ajustado a las necesidades de cada cliente! Descubre este estupendo piso en Bulevar Indalecio Prieto, en una de las zonas más tranquilas y familiares de Valdebernardo.  Una vivienda luminosa y muy espaciosa que dispone de 3 dormitorios (antes 4), 2 baños completos, salón grande, cocina independiente con tendedero, suelos de parquet en espiga, techos altos, carpintería de madera maciza, paredes lisas y una amplia plaza de garaje incluida en el precio. Ubicado en una urbanización privada con zonas verdes y parque infantil, perfecta para disfrutar en familia.  El edificio cuenta con ascensor y acceso sin barreras arquitectónicas, portero físico y cámaras de vigilancia 24 horas. Rodeado de todos los servicios: a pocos pasos de la Escuela Infantil El Nogal, los colegios Valdebernardo y Loyola de Palacio, supermercados, comercios y zonas de ocio. Excelente comunicación con autobuses nº8 y 71 en la misma puerta, metro Valdebernardo y acceso directo a la M-40. Un hogar cómodo, accesible y listo para entrar a vivir.  ¡Ven a verlo y enamórate! En el precio no están incluidos gastos de compraventa tales como ITP, Notariales, Registro de la propiedad, honorarios de intermediación inmobiliaria. Consúltanos!",False,good,False,True,3728.0,True,False,True,False,[],False,False,425000.0,€,True,True,flat,,"Valdebernardo - Valderrivas, Madrid",Piso en bulevar de Indalecio Prieto,Top,,,,,
108692527,https://img4.idealista.com/blur/480_360_mq/0/id.pro.es.image.master/cd/a7/0c/1352305429.webp,00192MBR01,39,10,360000.0,flat,sale,78.0,True,2,1,calle de Santa Adela,Madrid,Madrid,Hortaleza,es,Pinar del Rey,40.4768802,-3.6501606,False,https://www.idealista.com/inmueble/108692527/,"A-House le ofrece este piso exterior para REFORMAR en la zona de Pinar del rey. La propiedad está distribuida ACTUALMENTE en un salón-comedor, cocina independiente, dos habitaciones (una de ellas doble exterior) y un baño completo. La vivienda está para REFORMAR con múltiples posibilidades. El inmueble dispone de calefacción central, ventanas de climalit y suelo de tarima. Piso lumioso debido a su orientación este y su altura. Finca regia de 1972 con ASCENSOR, CONSERJE, TRASTERO. Pinar del Rey es una zona residencial tranquila ubicada en el distrito de Hortaleza, Madrid. Ofrece un entorno ideal para familias y profesionales, con amplias zonas verdes, colegios, centros de salud, comercios y todos los servicios necesarios a poca distancia. Cuenta con excelentes conexiones de transporte, con la estación de metro Pinar del Rey (Línea 8), varias líneas de autobús (9, 72, 73, 87 y N2), y fácil acceso a la M-11, M-40 y A-2. Una zona cómoda, bien comunicada y con calidad de vida, perfecta para quienes buscan vivir cerca del centro sin renunciar a la tranquilidad. Aproveche esta oportunidad.",True,renew,False,True,4615.0,True,False,True,False,[],False,False,360000.0,€,,,flat,,"Pinar del Rey, Madrid",Piso en calle de Santa Adela,Top,,,,,
106894932,https://img4.idealista.com/blur/480_360_mq/0/id.pro.es.image.master/55/a4/3d/1320004598.webp,W-02X1G9,11,1,420000.0,flat,sale,43.0,True,1,1,Barrio Palacio,Madrid,Madrid,Centro,es,Palacio,40.4142862,-3.7132474,False,https://www.idealista.com/inmueble/106894932/,"Acogedor Piso Reformado en Palacio Magnífico piso de 43 m2 se encuentra en el barrio de Palacio, en pleno centro de Madrid. Con una excelente ubicación, esta vivienda ofrece una oportunidad única para aquellos que buscan invertir en una propiedad con gran potencial de rentabilidad o simplemente vivir en una de las zonas más demandadas de la capital.  El piso consta de 1 dormitorio y 1 baño, cuenta con todas las comodidades necesarias para una vida cómoda y moderna. Entre las características destacadas, se incluye aire acondicionado y ascensor. Además, el estado de conservación del piso es excelente, ya que ha sido recientemente reformado. El barrio de Palacio es conocido por su rica historia y su encanto único. Está situado en pleno corazón de la ciudad, cerca de lugares emblemáticos como la Plaza de la Paja, el Palacio Real, la calle muy tranquila en la que se encuentra el piso, la Plaza de Ópera y la Catedral de la Almudena. Además, cuenta con una gran oferta cultural y gastronómica, así como una amplia variedad de servicios y comercios cercanos.",False,good,False,True,9767.0,False,False,False,False,[],False,False,420000.0,€,,,flat,,"Palacio, Madrid",Piso,Top,,,,,
108948511,https://img4.idealista.com/blur/480_360_mq/0/id.pro.es.image.master/59/9b/33/1359780069.webp,1301868,22,5,420000.0,flat,sale,90.0,True,3,2,calle de la Marroquina,Madrid,Madrid,Moratalaz,es,Marroquina,40.4085669,-3.6498,False,https://www.idealista.com/inmueble/108948511/,"Descubre este luminoso y espacioso piso en la zona de Moratalaz, en el distrito de Moratalaz, en la zona de marroquina, en pleno centro de ocio de Moratalaz, construido en 1970. la vivienda cuenta con una superficie de 90 metros cuadrados, repartidos en 3 habitaciones y 2 baños, uno de ellos con plato de ducha. ventanas climalit en todas las estancias menos en la terraza y en la cocina. El piso cuenta con aire acondicionado además de estar completamente amueblado y equipado con armarios empotrados que optimizan el espacio de almacenamiento. La cocina, amueblada y equipada, Situado en una zona tranquila y bien comunicada, este inmueble dispone de ascensor.  la vivienda cuenta con calefacción central y portero  el coste de la comunidad son 200€.",False,good,False,True,4667.0,False,False,False,False,[],False,False,420000.0,€,,,flat,,"Marroquina, Madrid",Piso en calle de la Marroquina,Top,,440000.0,20000.0,5.0,
102588935,https://img4.idealista.com/blur/480_360_mq/0/id.pro.es.image.master/bb/ce/dd/1160528325.webp,24128,11,,2950000.0,chalet,sale,602.0,,7,6,Barrio Ciudad Universitaria,Madrid,Madrid,Moncloa,es,Ciudad Universitaria,40.4619458,-3.7286872,False,https://www.idealista.com/inmueble/102588935/,David Salcedo de GV | PUERTA DE HIERRO comercializa el siguiente inmueble: Fantástica vivienda unifamiliar de 602 metros cuadrados sobre una parcela de 1.074 metros cuadrados en la mejor zona de la Colonia Puerta de Hierro. Con una sólida construcción y amplias y luminosas estancias. Dispone de zona de barbacoa y piscina en el estupendo jardín. Distribución cómoda y funcional. Ideal para actualizar y convertir en una moderna propiedad en el área residencial más elegante y exclusiva de Madrid. Distribución: Planta Baja: Hall de entrada. Aseo de visitas. Salón Comedor con acceso a porche y jardín. Cuarto de dormir en suite con vestidor y cuarto de baño. Dos cuartos de dormir adicionales. Cuarto de baño. Cocina. Office.  Planta Primera: Cuarto de dormir con cuarto de baño en suite. Dos cuartos de dormir adicionales. Cuarto de baño. Terraza. Planta semisótano: Trastero. Garaje para tres coches. Cuarto de lavado. Habitación de servicio con cuarto de baño. Esta información no tiene Carácter contractual. Un porcentaje importante de nuestros inmuebles no aparecen publicados por expreso deseo de los propietarios. Para más información sobre más propiedades en esta zona entre en nuestra página web.,False,good,False,,4900.0,False,False,False,False,[],False,False,2950000.0,€,True,True,chalet,independantHouse,"Ciudad Universitaria, Madrid",Casa independiente,Top,,,,,
108979643,https://img4.idealista.com/blur/480_360_mq/0/id.pro.es.image.master/44/7f/e6/1360733579.webp,EC-5494,18,2,225999.0,flat,sale,61.0,True,3,1,calle Orense,Madrid,Getafe,El Bercial,es,,40.3250139,-3.7368345,False,https://www.idealista.com/inmueble/108979643/,"¡EMPIRE REAL ESTATE PROPERTIES VENDE ATRACTIVA VIVIENDA SITUADA EN UNA DE LAS ZONAS MAS DEMANDADAS DE GETAFE, EL BERCIAL! Esta excelente propiedad destaca por su cuidada distribución y la luminosidad que inunda cada uno de sus espacios, proporcionando un ambiente acogedor y funcional para toda la familia. Al acceder a la vivienda, nos recibe un amplio y cómodo salón-comedor, ideal para momentos de descanso o reuniones sociales. Este ambiente cuenta con acceso directo a una espaciosa cocina independiente, equipada con ventilación natural y gran luminosidad. Como elemento diferenciador, la cocina incorpora una ventana interior con cerramiento que comunica visualmente con el salón, aportando sensación de amplitud y funcionalidad al estilo de una cocina americana, pero manteniendo su independencia. Desde el salón se accede al pasillo distribuidor, que conduce a la zona de descanso compuesta por tres dormitorios exteriores, todos ellos con excelente entrada de luz natural y ventilación cruzada, lo que garantiza una óptima circulación del aire en toda la vivienda. El inmueble dispone además de un cuarto de baño completo, equipado con plato de ducha a ras de suelo, mampara de cristal templado y también con ventilación natural, lo que mejora notablemente las condiciones de salubridad y confort. Esta propiedad representa una oportunidad única de adquirir una vivienda cómoda, luminosa y con una distribución funcional en una ubicación privilegiada de El Bercial, con todos los servicios, comercios, centros educativos y transporte público a escasos minutos. No dude en contactarnos para más información o concertar una visita. ¡Le esperamos! FINANCIACION A TU MEDIDA, FINANCIAMOS HASTA EL 100% DEL VALOR. ¡VEN A VISITAR TU VIVIENDA!",False,good,False,False,3705.0,True,True,False,False,[],False,False,225999.0,€,,,flat,,"El Bercial, Getafe",Piso en calle Orense,Top,,240000.0,14001.0,6.0,
107310276,https://img4.idealista.com/blur/480_360_mq/0/id.pro.es.image.master/c1/7d/a2/1302616619.webp,,34,2,750000.0,penthouse,sale,76.0,True,1,2,El Soto de la Moraleja,Madrid,La Moraleja,El Soto de la Moraleja,es,,40.5237885,-3.6329949,False,https://www.idealista.com/inmueble/107310276/,"Moraleja Consulting inmobiliario ofrece en venta o alquiler por 2.000 euros, impecable inmueble reformado de 1 dormitorio en urbanización privada con piscina y amplios jardines. Atico duplex de linea moderna. Accedemos a la vivienda por zonas comunitarias y desde el hall de entrada disponemos de un amplio salón comedor con cocina integrada, zona de lavandería tendedero/lavadero y aseo de cortesía. Planta primera un impecable dormitorios con zona de armarios empotrados y baño completo en suite. La vivienda está dotada de electrodomésticos y tiene disponibilidad inmediata. Plaza de garaje incluida. Inmueble muy luminoso localizado en zona muy tranquila del Soto de la Moraleja, ideal para parejas, podrán disfrutar de un entorno tranquilo y rodeado de amplias zonas verdes ajardinadas. Disponibilidad inmediata. Zona comunitarias frondosas con piscina y amplias zonas verdes.",False,good,False,False,9868.0,True,False,False,False,[],False,False,750000.0,€,True,True,flat,penthouse,"El Soto de la Moraleja, La Moraleja",Ático,Top,,,,,
108683206,https://img4.idealista.com/blur/480_360_mq/0/id.pro.es.image.master/ec/cb/cb/1355685946.webp,20269,29,4,2450000.0,flat,sale,152.0,True,2,3,calle de Lagasca,Madrid,Madrid,Barrio de Salamanca,es,Recoletos,40.4243331,-3.6848426,False,https://www.idealista.com/inmueble/108683206/,"Álvora Capital Properties, consultora inmobiliaria de alta calidad en la gestión de activos prime en Madrid, les ofrece en venta es coqueto piso en cuarta planta exterior en una finca clásica en el corazón de Recoletos, a pocos metros de la Plaza de Colón de la calle Serrano. Cuenta con un salón comedor con bonita chimenea y tres grandes balcones orientados a la calle, sala de estar, vestíbulo con aseo de cortesía, cocina americana amueblada con todos los electrodomésticos, dos habitaciones en suite, la principal con vestidor, baño con ducha de hidromasaje y baño turco. También cuenta con trastero interior. La vivienda está reformada y se entrega totalmente amueblada. Cuenta con aerotermia de calor y frío por el suelo, sistema de depuración de aire y ducha con hidromasaje y baño turco. La vivienda se entrega con mobiliario de cocina de alta gama: lavavajillas, horno microondas, nevera, cava de vinos, campana extractora de techo, lavadora, secadora y proyector con sistema de home cinema y subwoofer bosé, tv smart, sistema sonos y wifi integrado en toda la casa, cuenta con aire acondicionado y calefacción.",False,good,False,True,16118.0,False,False,False,False,[],False,False,2450000.0,€,,,flat,,"Recoletos, Madrid",Piso en calle de Lagasca,Top,,,,,
108892416,https://img4.idealista.com/blur/480_360_mq/0/id.pro.es.image.master/21/76/b4/1358131158.webp,,15,st,115000.0,studio,sale,16.0,False,0,1,calle de Argumosa,Madrid,Madrid,Centro,es,Lavapiés-Embajadores,40.4093263,-3.7006914,False,https://www.idealista.com/inmueble/108892416/,"Estudio en Venta en Lavapiés - Embajadores, Madrid Descubre este encantador estudio ubicado en la calle Argumosa, en el vibrante barrio de Lavapiés. Situado en una finca histórica construida en 1960, este espacio de 16 m² catastrales es perfecto para quienes buscan una inversión o su primera vivienda. La distribución incluye un acogedor salón-dormitorio, una cocina y un cuarto de baño completo, ideal para disfrutar del corazón de Madrid. El barrio ofrece una rica variedad de servicios sociales, educativos y gastronómicos, lo que lo convierte en un lugar ideal para vivir. A pocos pasos encontrarás dos mercados municipales, supermercados y comercios locales que satisfacen todas tus necesidades diarias. Además, la excelente comunicación con varias estaciones de Metro y Cercanías Renfe facilita el desplazamiento por la ciudad, mientras que las líneas de la EMT Madrid aseguran que siempre estés conectado. Este estudio es una oportunidad única para aquellos que buscan un hogar con carácter en una ubicación inmejorable. Con fácil acceso a las principales vías de entrada y salida de Madrid y la disponibilidad de aparcamientos públicos cercanos, este inmueble se adapta perfectamente a un estilo de vida urbano. No dejes pasar la oportunidad de visitarlo y enamorarte de su encanto. ¡Tu nuevo hogar te espera!",False,good,False,True,7188.0,False,False,False,False,[],False,False,115000.0,€,,,flat,studio,"Lavapiés-Embajadores, Madrid",Estudio en calle de Argumosa,Top,,,,,
108633896,https://img4.idealista.com/blur/480_360_mq/0/id.pro.es.image.master/f3/87/21/1350558687.webp,LCM37524,36,3,360000.0,flat,sale,61.0,True,3,1,calle de Aldea del Fresno,Madrid,Madrid,Arganzuela,es,Chopera,40.39643,-3.6988696,False,https://www.idealista.com/inmueble/108633896/,"Presentamos esta vivienda situada en calle Aldea del Fresno, una tercera planta exterior sin ascensor, que destaca por su luminosidad y su excelente potencial de reforma. La vivienda cuenta con 61 m² construidos, distribuidos de manera práctica en tres dormitorios, un baño, salón y cocina independiente. Se trata de un inmueble a reformar, ideal para quienes buscan personalizar su hogar desde cero o para inversores que deseen rentabilizar una propiedad en una zona con alta demanda. Su distribución ofrece múltiples posibilidades de actualización para adaptarse a diferentes necesidades. Gracias a su orientación exterior, la vivienda goza de luz natural durante gran parte del día, lo que aporta calidez y una agradable sensación de amplitud en las estancias. Ubicada en una zona consolidada, rodeada de todo tipo de servicios: supermercados, comercios, centros educativos, zonas verdes y una excelente comunicación mediante transporte público, con varias líneas de autobús y estaciones de Cercanías a pocos minutos, lo que permite un fácil acceso al centro de Madrid y otros puntos de la ciudad. Una oportunidad perfecta para diseñar la vivienda a tu gusto o realizar un proyecto de inversión con buena rentabilidad. ¡No dudes en venir a visitarla y descubrir todas sus posibilidades!",False,renew,False,False,5902.0,True,False,False,False,[],False,False,360000.0,€,,,flat,,"Chopera, Madrid",Piso en calle de Aldea del Fresno,Top,,,,,
108680800,https://img4.idealista.com/blur/480_360_mq/0/id.pro.es.image.master/b0/c8/e0/1366829504.webp,WGI00965,43,2,425000.0,flat,sale,104.0,True,2,2,calle Ferenc Puskas,Madrid,Madrid,Vicálvaro,es,El Cañaveral,40.3989625,-3.5455814,False,https://www.idealista.com/inmueble/108680800/,"WGI pone a la venta una EXCELENTE OPORTUNIDAD en la zona de EL CAÑAVERAL. La vivienda, ubicada en una SEGUNDA planta, destaca por su MODERNA construcción del año 2022, realizada con materiales de PRIMERA CALIDAD, dentro de una urbanización cerrada con piscina, vigilancia y zonas comunes pensadas para disfrutar todo el año. El inmueble cuenta con 104m² construidos (95 m² útiles), perfectamente distribuidos en un salón-comedor amplio y luminoso, una cocina independiente equipada con electrodomésticos de primeras marcas, con acceso a una terraza de lavandería, dos habitaciones y dos baños completos, uno con plato de ducha y otro con bañera. La vivienda está equipada con ventanas Climalit, suelo de parquet que aporta calidez a todas las estancias, y aire acondicionado por conductos en toda la vivienda para garantizar confort durante todo el año. Incluye además plaza de garaje y trastero, lo que añade un extra de comodidad y espacio de almacenamiento. Ubicada en una zona en plena expansión, con excelentes accesos a la M45 y M50, y rodeada de servicios, comercios, zonas verdes y transporte público. CONSEGUIMOS HASTA EL 100% DE HIPOTECA EN LAS MEJORES CONDICIONES. Ven a visitarlo y descubre todo lo que esta vivienda puede ofrecerte. Nuestro equipo de especialistas inmobiliarios, financieros, legales y fiscales estará a tu disposición.",False,good,False,True,4087.0,True,False,False,False,[],False,False,425000.0,€,True,True,flat,,"El Cañaveral, Madrid",Piso en calle Ferenc Puskas,Top,,,,,
108774350,https://img4.idealista.com/blur/480_360_mq/0/id.pro.es.image.master/9a/7f/c5/1354729157.webp,,74,1,850000.0,flat,sale,134.0,True,4,2,ronda de Valencia,Madrid,Madrid,Arganzuela,es,Palos de la Frontera,40.4033774,-3.7015279,False,https://www.idealista.com/inmueble/108774350/,"Piso Reformado de 134 m² en Ronda de Valencia – Barrio Embajadores La Casa Agency Embajadores presenta en venta este elegante y luminoso piso, totalmente reformado con materiales de alta calidad y un gusto exquisito, ubicado en calle Ronda de Valencia, en pleno Barrio de Embajadores, una de las zonas más dinámicas y mejor conectadas de Madrid. Situado en una primera planta de una finca con ascensor, el edificio cuenta con la ITE favorable, lo que garantiza su buen estado general. Además, la finca dispone de piscina y zonas comunes de disfrute, ideales para el ocio y el relax. Con una superficie de 134 m², esta vivienda ha sido rediseñada cuidando cada detalle, ofreciendo una combinación perfecta entre funcionalidad, confort y estilo. Se distribuye de la siguiente manera: Amplio salón exterior con gran ventanal, bañado por la luz natural y decorado con una estética moderna y acogedora. Cocina americana con acceso a un balcón exterior, ideal para ventilar y disfrutar del espacio. Cuatro dormitorios amplios, todos con armarios empotrados; el principal incluye un elegante baño en suite. Suelos de tarima de excelente calidad que aportan calidez en toda la vivienda. La propiedad se vende con garaje incluido y trastero, añadiendo un plus de comodidad y almacenamiento. Ubicado en el Barrio de Embajadores, una zona con una rica vida cultural, excelente oferta de servicios y óptimas conexiones de transporte: Renfe Cercanías, varias líneas de Metro (Embajadores, Lavapiés, Acacias) y una amplia red de autobuses a pocos pasos. Una propiedad ideal tanto para quienes buscan entrar a vivir sin reformas, como para inversores que valoran calidad, ubicación y estilo. Para más información o visitas, no dudes en contactarnos.",True,good,False,True,6343.0,True,True,False,False,[],False,False,850000.0,€,True,True,flat,,"Palos de la Frontera, Madrid",Piso en ronda de Valencia,Top,,895000.0,45000.0,5.0,
107728543,https://img4.idealista.com/blur/480_360_mq/0/id.pro.es.image.master/6b/4b/bd/1321056631.webp,VM2503073,6,bj,370000.0,flat,sale,50.0,True,1,1,calle de la Palma,Madrid,Madrid,Centro,es,Malasaña-Universidad,40.4248323,-3.7052704,False,https://www.idealista.com/inmueble/107728543/,"PISO REFORMADO Y LUMINOSO EN MALASAÑA ¡Encantador bajo reformado en el corazón de Malasaña! Si buscas un hogar acogedor en una de las zonas más vibrantes de Madrid, esta es tu oportunidad. Este precioso bajo de 1 habitación con cuarto de baño ha sido reformado con gusto, combinando el encanto clásico con comodidades modernas. Con una ubicación inmejorable, en pleno barrio de Malasaña, estarás rodeado de bares, restaurantes, tiendas y transporte público. Su distribución funcional aprovecha al máximo cada metro cuadrado, ofreciendo un espacio cómodo y bien iluminado. Reformado con materiales de calidad, es perfecto para entrar a vivir o como inversión en una zona con alta demanda de alquiler. ¿Te imaginas vivir aquí?  Contacte con nosotros para ver más inmuebles similares.",False,good,False,True,7400.0,False,False,False,False,[],False,False,370000.0,€,,,flat,,"Malasaña-Universidad, Madrid",Piso en calle de la Palma,Top,,,,,
101568758,https://img4.idealista.com/blur/480_360_mq/0/id.pro.es.image.master/11/8d/c4/1126440918.webp,202305016-FV,40,,2190000.0,chalet,sale,1051.0,,8,6,Fuente del Fresno,Madrid,Fuente del Fresno,,es,,40.5915682,-3.5931441,False,https://www.idealista.com/inmueble/101568758/,"Ubicada en la zona norte de Madrid, a solo 20 minutos del Estadio Santiago Bernabéu, se encuentra la exclusiva urbanización Fuente del Fresno, que es el entorno privilegiado donde le presentamos un exclusivo y lujoso chalet. Una casa única por su concepto y estilo, de muy generosas dimensiones, pero a la vez muy acogedora y con ambiente hogareño. La villa ha sido reformada en 2006, con un enfoque hacia dar privacidad a todos los que la habitan, a la vez que ofrecerles espacios para disfrutar en familia o para recibir visitas, preservando el aire de elegancia y el ambiente hogareño a la vez.  Si para Usted la buena mesa y la convivencia con amigos e invitados son importantes, hay que saber que la cocina tiene una gran zona de office y esta complementada por un comedor elegante y muy amplio en la planta principal. A estos se suma un otro salón-comedor, una bodega para almacenar en impecables condiciones hasta 1.000 botellas y un cenador situado en el jardín, al lado de la parilla. Los amantes del deporte cuentan con un gimnasio y disfrutarán de una piscina climatizada. Y si es usted amante de la música es bueno saber que la casa ofrece también una sala de música, y un piano en impecable estado y perfectamente funcional. A la vez, un amplio y elegante despacho ofrece condiciones optimas para el trabajo desde casa. Una magnífica residencia de aproximadamente 1000 m2, distribuidos en tres plantas y construcciones anexas, con 7 dormitorios mas servicio, sobre una parcela de 2.800 m2.  La planta principal abre a un hall distribuidor, que da acceso a un amplio salón con chimenea, comedor independiente, elegante sala de música y cocina moderna con electrodomésticos de alta gama, así́ como un área privada compuesta de dos grupos de dos dormitorios con dos baños.  En la planta alta nos recibe un espacio abierto y luminoso, que alberga el piano y también un amplio y elegante despacho. Los suelos son de parqué de madera natural. En la misma planta encontramos otras dos zonas: el magnifico dormitorio principal con, su baño en suite y su vestidor, así́ como otra zona de dos habitaciones que comparten un baño.  En la planta calle se ubica una enorme sala de estar y otro comedor, así́ como la bodega, un gimnasio con spa y jacuzzi, junto con la zona de servicio. La zona de servicio incluye un apartamento de servicio (dormitorio, sala con kitchenette y baño) así como lavandería y zona de planchado. El garaje ofrece espacio para 3 coches, con posibilidad de aparcar en rampa otros 2-3 coches mas.  El jardín es maravilloso, muy consolidado, maduro y bien mantenido, ofreciendo varios espacios, para disfrutar de la parilla, pasear o para tener su huerta. Xclusive Real Estate colabora con todos los profesionales inmobiliarios, no cobramos comisión al comprador. Precio negociable. Fuente del Fresno es la urbanización situada en la Zona Norte de Madrid, en la proximidad de los campos de golf de la Real Sociedad Hípica Española, del RACE y del Circuito del Jarama. Gracias a su sistema de vigilancia las 24h al día, la urbanización ofrece un alto nivel de seguridad y privacidad a sus vecinos. La urbanización dispone de una zona comercial propia, que ofrece mini-market, clínicas, bar, farmacia, peluquería, papelería, así como escuela de música, pistas de pádel, tenis y baloncesto, además de la parroquia de Nuestra Señora de Fuente del Fresno y cerca de 22 km2 de zonas verdes.  La oferta escolar en Fuente del Fresno es una de muy alta calidad, destacando la proximidad al Colegio Internacional SEK (International Baccalaureate, privado), el Trinity College (concertado), el CEIP Santo Domingo (público) y la Escuela Privada El Ardal y prácticamente tod.",True,good,False,,2084.0,True,True,False,True,[],False,False,2190000.0,€,True,True,chalet,independantHouse,Fuente del Fresno,Casa independiente,Top,,,,,
104639244,https://img4.idealista.com/blur/480_360_mq/0/id.pro.es.image.master/47/b2/ea/1226992937.webp,MON-1046,18,5,130000.0,flat,sale,28.0,False,1,1,calle del Oso,Madrid,Madrid,Centro,es,Lavapiés-Embajadores,40.4104365,-3.7069234,False,https://www.idealista.com/inmueble/104639244/,"VENDOFÁCIL MONCLOA vende piso en zona de Lavapiés-Embajadores, Centro Piso en venta con espacio acogedor, con una superficie de 28 metros cuadrados, que se presta a un diseño ingenioso. Al entrar, te recibirá una sala de estar multifuncional que integra hábilmente la sala de estar y el dormitorio en un espacio compartido. Los muebles son seleccionados cuidadosamente para maximizar la funcionalidad, con sofá, mesa plegable que se adapta a las diversas necesidades del día a día. El piso cuenta con ventanas de climalit con rotura de puente térmico y aire acondicionado.  La cocina, está equipada con electrodomésticos modernos y soluciones de almacenamiento inteligentes que aprovechan al máximo cada rincón. Los colores claros y la iluminación estratégica ayudan a crear una sensación de amplitud en este espacio. El dormitorio principal es agradable, con espacio para una cama doble.   El baño es funcional y eficiente, con accesorios modernos y soluciones de almacenamiento integradas para optimizar el espacio.  Está en una zona céntrica de la ciudad, con una gran variedad de comercios cercanos a la vivienda, con fácil acceso a medios de transporte situado en una calle tranquila, rodeado de servicios y comercios, plazas, farmacias, bancos, parques, etc. ¡NO TE PIERDAS ESTA OPORTUNIDAD! ¡CONTACTA CON NOSOTROS PARA REALIZAR UNA VISITA!",False,good,False,False,4643.0,False,False,False,False,[],False,False,130000.0,€,,,flat,,"Lavapiés-Embajadores, Madrid",Piso en calle del Oso,Top,,135000.0,5000.0,4.0,
108293160,https://img4.idealista.com/blur/480_360_mq/0/id.pro.es.image.master/92/4c/82/1339764148.webp,15175,46,3,1950000.0,flat,sale,124.0,True,2,2,Gran Vía,Madrid,Madrid,Centro,es,Malasaña-Universidad,40.4203823,-3.7013559,False,https://www.idealista.com/inmueble/108293160/,"CENTRO / GRAN VIA  Este espectacular piso recién reformado te ofrece un espacio luminoso y contemporáneo que se adapta perfectamente a tu estilo de vida. Desde el momento en que entras, sentirás la amplitud y la modernidad que te brinda su diseño. El espacioso salón-comedor está diseñado no solo para ser un lugar de encuentro, sino también para disfrutar de momentos memorables. La cocina americana, completamente equipada con electrodomésticos de alta gama. Ideal para quienes aprecian la funcionalidad y la estética. La distribución de la vivienda se complementa con dos acogedores dormitorios. El dormitorio principal, con su baño en suite, ofrece el refugio perfecto al final del día. En el segundo dormitorio, que actualmente cuenta con una cama individual, se puede incluir una cama doble. Tiene una  azotea,   que es  un verdadero oasis urbano. Con dos zonas de chill out donde relajarte y un gimnasio completo dotado de máquinas Technogym de última generación, tendrás todo lo necesario para mantenerte en forma sin salir de casa. Desde aquí, disfrutarás de impresionantes vistas 360 grados de la ciudad, Ubicado en una de las zonas más dinámicas de Madrid, esta vivienda de 124 m² ofrece una combinación perfecta de confort y modernidad, con todo lo que necesitas al alcance de la mano. Con 2 habitaciones y 2 baños, y un diseño inteligente que maximiza el espacio, este es el lugar perfecto para establecer tu nuevo hogar o realizar una inversión inmobiliaria. En el precio están excluidos el impuesto sobre transmisiones patrimoniales y los gastos sobre notaria y registro de la propiedad.",True,good,False,True,15726.0,True,False,False,False,[],False,False,1950000.0,€,,,flat,,"Malasaña-Universidad, Madrid",Piso en Gran Vía,Top,,,,,
108427852,https://img4.idealista.com/blur/480_360_mq/0/id.pro.es.image.master/36/5f/d3/1344570071.webp,PL209995,6,4,420000.0,studio,sale,47.0,False,0,1,Barrio Gaztambide,Madrid,Madrid,Chamberí,es,Gaztambide,40.4299758,-3.7129143,False,https://www.idealista.com/inmueble/108427852/,"Te presentamos un impecable y luminoso estudio de 47 m² en el prestigioso barrio de Gaztambide, perteneciente al distrito de Chamberí, una de las zonas más codiciadas de Madrid. Este inmueble, construido en 2023, combina modernidad, confort y una ubicación inmejorable.  El estudio, de diseño interior y cuidado al detalle, cuenta con un baño completo y está diseñado para aprovechar al máximo la luz natural, a pesar de ser interior.  Destaca por su suelo radiante, una solución eficiente y elegante para la calefacción.  Además, el edificio ofrece una serie de comodidades exclusivas como ascensor, jardín y piscina, ideales para disfrutar del tiempo libre sin salir de casa.  Su estado de conservación es impecable, por lo que está listo para entrar a vivir.  Gaztambide se caracteriza por ser un barrio lleno de vida, con una perfecta mezcla de tradición y modernidad. Su ubicación estratégica en Chamberí lo sitúa cerca de universidades, zonas comerciales y una amplia oferta cultural y gastronómica. A menos de 10 kilómetros, encontramos el reconocido **Colegio Santa María del Camino**, que garantiza una excelente formación educativa.  En cuanto a las conexiones, la zona está muy bien comunicada. Las estaciones de metro más cercanas son Islas Filipinas (Línea 7) y Moncloa (Líneas 3 y 6), a pocos minutos a pie. Moncloa también conecta con varias líneas de autobuses interurbanos y la red de cercanías Renfe. Las líneas de autobús urbano más próximas incluyen la Circular (C2), 16, 61y 2, que permiten un rápido acceso a diferentes puntos de la ciudad.  Para los amantes de las compras y el ocio, se encuentra a pocos minutos de la calle Princesa, ofreciendo una amplia variedad de tiendas, restaurantes y servicios.  Desde 1983, en GILMAR trabajamos con un único objetivo: ayudarte a encontrar la casa de tus sueños. Con más de 40 años de experiencia en el sector inmobiliario, ofrecemos un servicio integral, personalizado y profesional, acompañándote en cada paso del camino para que tu experiencia sea inmejorable.  Si deseas más información sobre este exclusivo inmueble, no dudes en contactar con nuestro equipo especializado en Chamberí y Argüelles. Llámanos al visita nuestra oficina en la C/ Carranza, 20, o escríbenos a. Por favor, facilita la referencia 209995 al ponerte en contacto con nosotros. ¡Estamos aquí para ayudarte!",True,good,False,True,8936.0,False,False,False,False,[],False,False,420000.0,€,,,flat,studio,"Gaztambide, Madrid",Estudio,Top,,,,,
108941705,https://img4.idealista.com/blur/480_360_mq/0/id.pro.es.image.master/da/af/5d/1359579630.webp,VM2508001,7,1,719000.0,flat,sale,64.0,False,2,1,avenida de Menéndez Pelayo,Madrid,Madrid,Retiro,es,Ibiza,40.4151911,-3.6779081,False,https://www.idealista.com/inmueble/108941705/,"PISO AMUEBLADO A ESTRENAR EN MENEDEZ PELAYO Una vivienda perfecta para quien busque la exclusividad de invertir frente al Retiro, pulmón de la capital, sin renunciar a las comodidades de una vivienda reformada, amueblada y decorada por el estudio de arquitectura Arctempus. Una primera planta interior a un amplio patio, con dos dormitorios dobles, un gran baño completo y una zona social abierta completamente amueblada y equipada. Rodeada de una de las ofertas gastronómicas más variada de la ciudad, a escasos metros de la zona comercial de Goya, y con todos los servicios necesarios para un día a día cómodo.   ¿Te imaginas vivir aquí?  Contacte con nosotros para ver más inmuebles similares.",False,good,False,True,11234.0,False,False,False,False,[],False,False,719000.0,€,,,flat,,"Ibiza, Madrid",Piso en avenida de Menéndez Pelayo,Top,,,,,
108748174,https://img4.idealista.com/blur/480_360_mq/0/id.pro.es.image.master/be/27/dc/1353982727.webp,,29,4,612000.0,flat,sale,85.0,True,2,2,calle de las Veneras,Madrid,Madrid,Centro,es,Sol,40.4211334,-3.7075907,False,https://www.idealista.com/inmueble/108748174/,"�️ ¡VIVE LA HISTORIA EN EL CORAZÓN DE MADRID! Excepcional piso en el emblemático centro histórico, ¡donde vivió Rubén Darío! ✨ Una joya con alma literaria y confort moderno. ¿Buscas algo más que un simple piso? Te presentamos una vivienda única y con historia, situada en un elegante edificio del siglo XX totalmente reformado, en una de las zonas más codiciadas de Madrid. �️ 2 habitaciones exteriores con balcón a la calle � 2 baños  �️ Salón acogedor con balcón + comedor independiente � Cocina equipada �️ Aire acondicionado por conductos y calefacción individual en todas las estancias Ubicación privilegiada: a un paso de Gran Vía, Plaza España, El Corte Inglés y una oferta inagotable de comercios, cultura y vida madrileña. � ¡No dejes escapar esta oportunidad irrepetible! Pide tu cita y descubre este tesoro arquitectónico que combina historia, elegancia y una ubicación inmejorable.",True,good,False,True,7200.0,True,True,False,False,[],False,False,612000.0,€,,,flat,,"Sol, Madrid",Piso en calle de las Veneras,Top,,,,,
108453807,https://img4.idealista.com/blur/480_360_mq/0/id.pro.es.image.master/c8/c6/f1/1345361135.webp,nij044IZ,38,,2530000.0,chalet,sale,462.0,,9,5,Barrio Niño Jesús,Madrid,Madrid,Retiro,es,Niño Jesús,40.4105302,-3.6737883,False,https://www.idealista.com/inmueble/108453807/,"Olisson club te presenta esta exclusiva casa, en una de las zonas más codiciadas de Madrid, a un paso del Parque del Retiro. Una imponente vivienda independiente de 462 m², construidos sobre parcela de 266 m², que te ofrece el equilibrio perfecto entre tranquilidad residencial y vida urbana de alta gama. Consta de 9 habitaciones, 5 baños, terraza, jardín privado y plaza de garaje incluida, es ideal para familias, clínicas privadas o proyectos boutique de alojamiento. Destacan su luminosidad natural gracias a la orientación en los cuatro puntos cardinales, así como su sólida construcción y espacios versátiles. Además, su cercanía al Retiro, hospitales, colegios internacionales y el centro de Madrid convierte esta casa en una oportunidad única para quien busca ubicación, amplitud y exclusividad. [IW].",True,renew,False,,5476.0,False,False,False,False,[],False,False,2530000.0,€,True,True,chalet,independantHouse,"Niño Jesús, Madrid",Casa independiente,Top,,,,,
106165862,https://img4.idealista.com/blur/480_360_mq/0/id.pro.es.image.master/f1/93/1b/1274504086.webp,PIS_52,18,4,1329000.0,flat,sale,127.0,False,2,2,calle de Castelló,Madrid,Madrid,Barrio de Salamanca,es,Castellana,40.4357707,-3.681941,False,https://www.idealista.com/inmueble/106165862/,"K&N ELITE le ofrece esta espectacular vivienda en la Calle Castelló, ubicada en el prestigioso barrio de Salamanca, Madrid.  Este cuarto piso interior, actualmente en obras, cuenta con 126 m² catastrales y está diseñado para ofrecer el máximo lujo y confort. La propiedad incluye dos habitaciones y dos baños, con una cocina totalmente equipada.  Con aire acondicionado y ascensor, El barrio de Salamanca es conocido por su exclusividad y elegancia. Vivir aquí significa estar cerca del ABC Serrano, que ofrece una experiencia de compra de lujo, y el Intercambiador de Avenida de América, que asegura excelentes conexiones de transporte.  Para los amantes de la cultura, el Museo Lázaro Galdiano es una visita obligada, mientras que el IE Business School proporciona un entorno académico de prestigio. La zona también alberga varias embajadas, añadiendo un nivel de seguridad y prestigio adicional. Esta vivienda ofrece lujo y comodidad en una ubicación privilegiada en el corazón de la capital.",True,good,False,True,10465.0,True,False,False,False,[],False,False,1329000.0,€,,,flat,,"Castellana, Madrid",Piso en calle de Castelló,Top,,,,,
108981139,https://img4.idealista.com/blur/480_360_mq/0/id.pro.es.image.master/bd/06/7c/1360779084.webp,,35,bj,189500.0,duplex,sale,60.0,True,2,1,calle de Manuel Galindo,Madrid,Madrid,Carabanchel,es,Vista Alegre,40.3876413,-3.7363679,False,https://www.idealista.com/inmueble/108981139/,"Oca Servicios Inmobiliarios ofrece en venta un maravilloso dúplex de 60 m², 40 m² en la planta de abajo y 20 m² en la planta de arriba ubicado en la calle de Manuel Galindo.  Con una distribución inteligente, dos niveles conectados que optimizan cada metro cuadrado, una cocina moderna y abierta, un dormitorio amplio en la planta de arriba, otro en la planta de abajo con una puerta acristalada y un baño de fácil acceso. La ubicación es inmejorable: a solo tres minutos de la estación de Metro de Vista Alegre, y muy cerca del histórico Palacio de Vista Alegre. El entorno está rodeado de supermercados, tiendas y una variedad de servicios que te ofrecerán todo lo que necesitas a tu alcance. ¡Es el momento perfecto para invertir o hacer de esta vivienda tu nuevo hogar! Y si te preocupa la financiación, ¡no te preocupes! Existe la posibilidad de recibir ayuda para hacer realidad tu sueño de tener una vivienda propia. No dejes pasar esta oportunidad. Contacta con nosotros y ven a visitarlo.",True,good,False,False,3158.0,True,False,True,False,[],False,False,189500.0,€,,,flat,duplex,"Vista Alegre, Madrid",Dúplex en calle de Manuel Galindo,Top,,,,,
108885207,https://img4.idealista.com/blur/480_360_mq/0/id.pro.es.image.master/ce/57/a1/1357919135.webp,arg163RSP,21,bj,950000.0,flat,sale,104.0,False,3,3,Barrio Argüelles,Madrid,Madrid,Moncloa,es,Argüelles,40.4319247,-3.7226295,False,https://www.idealista.com/inmueble/108885207/,"Olisson presenta esta magnífica propiedad reformada en el corazón de Argüelles, un enclave que combina la tranquilidad residencial con la vibrante vida urbana, ofreciendo un estilo de vida inigualable. Ubicado en una finca construida en 1950, este inmueble ha sabido conservar la elegancia arquitectónica de mediados del siglo XX, fusionándola a la perfección con comodidades modernas. La vivienda con una superficie de 104 m2 construidos, situada en una planta baja, cuenta con tres amplios dormitorios con armarios empotrados y tres baños completos. La vivienda ha sido diseñada pensando en la funcionalidad y el confort. Su cocina semi-integrada, amueblada y totalmente equipada, ofrece un espacio moderno y práctico, ideal tanto para el día a día familiar como para recibir invitados. Uno de los mayores atractivos es su terraza privada, un oasis urbano perfecto para disfrutar del aire libre, complementada con un trastero que aporta un valioso espacio de almacenamiento adicional. En cuanto a diseño, toda la carpintería ha sido realizada a medida, aprovechando al máximo los espacios. Las calidades en revestimientos y suelos son porcelánicos de primera calidad y dureza superior. Los suelos en los dormitorios son gres porcelánico de la firma Balau. Además, la propiedad cuenta con aire acondicionado por conductos y calefacción central. Además la finca cuenta con servicio de portería y es accesible para personas con movilidad reducida. Argüelles, enclavado en el distrito de Moncloa-Aravaca, es un barrio que encapsula la esencia vibrante de Madrid: historia, cultura, vida universitaria y una calidad de vida excepcional. Las zonas residenciales, particularmente en calles como Benito Gutiérrez, ofrecen propiedades con un encanto distintivo y un acceso privilegiado a parques, áreas comerciales y una red de transporte eficiente, garantizando tanto el bienestar de los residentes como una atractiva rentabilidad para los inversores. La existencia de límites urbanos tan definidos y reconocibles, como el paseo de Moret, la Calle Princesa, el Paseo del Pintor Rosales/Ferraz y la Plaza de España, sugiere que Argüelles no es simplemente un área difusa, sino un distrito con una identidad fuerte y cohesiva.  Argüelles se distingue por una infraestructura de servicios completa y de alta calidad. [IW].",True,good,False,True,9135.0,False,False,False,False,[],False,False,950000.0,€,,,flat,,"Argüelles, Madrid",Piso,Top,,,,,
