propertyCode,thumbnail,numPhotos,floor,price,propertyType,operation,size,exterior,rooms,bathrooms,address,province,municipality,district,country,latitude,longitude,showAddress,url,description,hasVideo,status,newDevelopment,hasLift,priceByArea,hasPlan,has3DTour,has360,hasStaging,notes,topNewDevelopment,topPlus,priceInfo.price.amount,priceInfo.price.currencySuffix,parkingSpace.hasParkingSpace,parkingSpace.isParkingSpaceIncludedInPrice,detailedType.typology,suggestedTexts.subtitle,suggestedTexts.title,detailedType.subTypology,externalReference,neighborhood,priceInfo.price.priceDropInfo.formerPrice,priceInfo.price.priceDropInfo.priceDropValue,priceInfo.price.priceDropInfo.priceDropPercentage,parkingSpace.parkingSpacePrice
90144233,https://img4.idealista.com/blur/480_360_mq/0/id.pro.es.image.master/24/bf/fc/1367046820.webp,74,bj,750000.0,flat,sale,250.0,True,2,3,"calle Junta de Castilla y León 8, 8",Madrid,Boadilla del Monte,Valdepastores - Las Encinas,es,40.44027,-3.87256,True,https://www.idealista.com/inmueble/90144233/,"Les presentamos, este fantástico bajo, totalmente reformado y con una amplia parcela de mas de 80m2, cuenta con dos dormitorios antes TRES, ya que uno de ellos se transformo en un amplio vestidor totalmente amueblado, CON SALIDA AL JARDIN Y LUZ NATURAL, y además se puede revertir a tres dormitorios solo poniendo un tabique en caso de necesidad, la vivienda esta prácticamente a estrenar, ya que se encuentra en un estado inmejorable, situado en una de las mejores y mas demandadas zonas de Boadilla del monte. la urbanización se encuentra adentrada en el mismo Monte de Boadilla. El piso cuenta con un amplio hall recibidor, a la izquierda accedemos al salón de mas de 40 mtrs, totalmente rectangular, orientación sur, con amplios ventanales y acceso directo a una amplia terraza cerrada con cristales lumon donde podrá disfrutar de bonitas cenas incluso en invierno, que le dan una luminosidad y calidez de hogar a todas sus estancias además de contar con salida directa a zonas comunes y vistas al monte de Boadilla. En el pasillo distribuidor encontramos el salón y a continuación la cocina amplia con salida al jardín y totalmente equipada con electrodomésticos e isla de alta gama,acompaña un tendedero para lavadora y secadora, y un aseo de cortesía. A continuación encontramos un baño completo con bañera que da servicio a las dos habitaciones, y después la habitación principal con ventanal con salida al jardín, baño completo en suite, totalmente renovado dotado de ducha con hidromasaje y mampara en cristal, amplio lavabo, grifería grohe, y sanitarios Jacob Delafon, paredes y suelos porcelánicos y ventana al exterior. Vestidor antes habitación de unos 10 m2 La vivienda tiene calefacción individual y aire acondicionado frio/calor, por conductos en todas las dependencias, pintura lisa (pladur), puerta de acceso a la vivienda blindada, puertas lacadas en blanco, persianas en salón automáticas, ventanas en aluminio y climalit, Alarma y video portero conectado con centralita. Todas sus estancias cuentan con salida directa al jardín. ZONAS COMUNES: La urbanización cuenta con amplias zonas ajardinadas, piscina de adultos, piscina infantil, dos pistas de pádel, vigilancia 24h, cámaras de seguridad perimetrales, sensores de movimiento y luces de alerta conectados con la garita de seguridad. COMUNICACION: La ubicación es perfecta ya que la urbanización se encuentra a pocos minutos de la zona comercial del Carralero (Centro Oeste), centros comerciales y de Ocio, colegios, restaurantes, cines etc, y El Hospital Universitario Puerta de Hierro, salida directa a la M-503 con conexiones con M-40, M-50, A6 en todas direcciones y apenas a 20 minutos del centro de la Capital, lo que hace de esta vivienda una buena opción para aquellos que quieran vivir en plena naturaleza, sin renunciar a la Capital La vivienda incluye en el precio DOS plazas de garaje y posibilidad de alquilar otras, y un amplio trastero. Sin duda una buena oportunidad a su alcance! Concertamos su Visi Jose Antonio Hernandez.",False,good,False,True,3000.0,False,False,False,False,[],False,False,750000.0,€,True,True,flat,"Valdepastores - Las Encinas, Boadilla del Monte","Piso en calle Junta de Castilla y León 8, 8",,,,,,,
109163214,https://img4.idealista.com/blur/480_360_mq/0/id.pro.es.image.master/17/58/a6/1366128613.webp,64,,520000.0,chalet,sale,250.0,,4,3,"avenida de el Escorial, 50",Madrid,Valdemorillo,Cerro Alarcón,es,40.4624797,-4.0718969,True,https://www.idealista.com/inmueble/109163214/,"¡Oportunidad Única en Valdemorillo! Chalet en venta con vistas impresionantes y entorno privilegiado Precio de venta: 520.000€ Dirección: Avenida del Escorial, 50 Valdemorillo, Madrid Características del Chalet: Año de construcción: 2002 Metros de parcela: 1.475 m² Metros construidos: 250 m² Dormitorios: 4 amplios dormitorios Baños: 3 baños completos IBI: 720€ anuales (con un 30% de descuento por placas solares) Calefacción: Gas natural Aire acondicionado Certificado de eficiencia energética: En trámite Lo que hace único a este chalet: Vistas espectaculares que te permitirán disfrutar de la naturaleza y tranquilidad de la zona. Entorno privilegiado en una de las mejores ubicaciones de Valdemorillo, ideal para vivir o descansar en un ambiente rural pero bien conectado. Eficiencia energética gracias a las placas solares instaladas, lo que no solo te permite ahorrar en tu factura de energía, sino también cuidar el medio ambiente. ¡No pierdas la oportunidad de vivir en un lugar único y disfrutar de una casa con todo lo que necesitas para tu comodidad y bienestar! Para más información o concertar una visita, contacta con nosotros. ¡Te esperamos!",False,good,False,,2080.0,False,False,False,False,[],False,False,520000.0,€,True,True,chalet,"Cerro Alarcón, Valdemorillo","Casa independiente en avenida de el Escorial, 50",independantHouse,,,,,,
109133016,https://img4.idealista.com/blur/480_360_mq/0/id.pro.es.image.master/49/22/74/1365317825.webp,39,,825000.0,chalet,sale,416.0,,5,4,calle Albert Boadella,Madrid,Rivas-Vaciamadrid,Rivas Centro,es,40.358565,-3.5183422,False,https://www.idealista.com/inmueble/109133016/,"La primera sensación al ver esta casa no será de ilusión inmediata, sino de una ligera punzada de remordimiento: la de pensar en todas las visitas que has hecho antes, en cada vivienda que se quedaba pequeña, en cada patio inexistente y en cada piscina que solo aparecía en el anuncio. Aquí, en cambio, todo cambia. Este chalet independiente en Rivas lo tiene todo bien repartido en tres plantas que no solo ofrecen metros, sino también comodidad. Hablamos de 5 habitaciones amplias, 4 baños completos, un salón luminoso donde realmente caben todos, y una cocina con office pensada para esas comidas largas que acaban convirtiéndose en sobremesas eternas. Pero la verdadera diferencia está en lo que rodea a la vivienda: una parcela de 462 m² con un gran patio que multiplica las posibilidades de ocio, desde barbacoas con amigos hasta tardes de juegos para los niños. Y, como no podía faltar, una piscina de obra amplia, de las que no se encuentran en cualquier casa, donde el verano se disfruta sin salir de casa. Tampoco hay que olvidar lo práctico: garaje para aparcar sin preocupaciones, trastero para que el espacio nunca falte y aire acondicionado por conductos en toda la vivienda, que garantiza el confort en cualquier época del año. Este no es uno de esos chalets que te hacen dudar o pensar en reformas. Este es el tipo de hogar que, al visitarlo, te hace sentir que has llegado al punto final de la búsqueda. ¿Qué comunicaciones y servicios hay cerca de la casa? La vivienda se encuentra en Rivas-Vaciamadrid, un municipio muy bien conectado y con todos los servicios necesarios para el día a día. Dispone de acceso directo a la A-3 y a la M-50, lo que facilita la movilidad hacia Madrid y el resto de la Comunidad. Además, cuenta con varias líneas de autobús interurbano y estaciones de metro, que comunican cómodamente con el centro de la capital. En cuanto a servicios, la zona ofrece una amplia variedad: supermercados, centros comerciales, farmacias, colegios, institutos, escuelas infantiles y centro de salud. También dispone de polideportivos, parques y zonas verdes que invitan a disfrutar al aire libre. La oferta de ocio y restauración es igualmente extensa, con bares, restaurantes y espacios culturales que aportan vida al municipio y lo convierten en un entorno dinámico y familiar. ¿Te preocupa la hipoteca? Es cierto que el año pasado se pusieron las cosas más complicadas para la compra de la vivienda, pero este año las entidades bancarias están levantando más la mano en la concesión de hipotecas, concediendo mejores tipos de interés. ¿Necesitas financiación? Te podemos ayudar. Tenemos un equipo financiero que se dedica única y exclusivamente a realizar los números necesarios para ver la viabilidad del préstamo. Si deseáis venir a verlo llámanos ahora, estaremos encantados de resolver cualquier duda que tengáis.",True,good,False,,1983.0,True,False,False,False,[],False,False,825000.0,€,True,True,chalet,"Rivas Centro, Rivas-Vaciamadrid",Casa independiente en calle Albert Boadella,independantHouse,34_23,,,,,
108651796,https://img4.idealista.com/blur/480_360_mq/0/id.pro.es.image.master/56/5f/cb/1351114032.webp,26,5,330000.0,studio,sale,65.0,True,0,1,calle de Martín de los Heros,Madrid,Madrid,Moncloa,es,40.4264245,-3.7135347,False,https://www.idealista.com/inmueble/108651796/,"Agencia inmobiliaria de MADRID zona ARGUELLES - PLAZA ESPAÑA - CONDE DUQUE Oficina Tecnocasa  EN VENTA: Apartamento exterior en quinta planta con ascensor. Muy luminoso y recién reformado, se ubica en la C/Martín de los Heros, en pleno barrio de Argüelles. Su distribución es la siguiente: estudio/ salón, cocina integrada, cuarto de baño completo con plato de ducha y vestidor. La vivienda tiene zonas abuhardilladas, pero tiene muy buena altura en prácticamente toda su superficie. El piso se entrega tal y como como se aprecia en las fotos. La cocina dispone de frigorífico, lavadora, microondas, placa vitrocerámica y almacenaje. Excelente zona, perfectamente comunicada con el transporte público y todos los servicios a su disposición. A escasos metros de Plaza de España, junto a los cines Renoir y Golem, y el paseo de la fama de Madrid.",False,good,False,True,5077.0,True,False,False,False,[],False,False,330000.0,€,,,flat,"Argüelles, Madrid",Estudio en calle de Martín de los Heros,studio,,Argüelles,,,,
109074922,https://img4.idealista.com/blur/480_360_mq/0/id.pro.es.image.master/4e/08/0a/1363647016.webp,24,1,3139000.0,flat,sale,315.0,True,5,3,CL PRINCIPE DE VERGARA,Madrid,Madrid,Chamartín,es,40.4364769,-3.6794932,False,https://www.idealista.com/inmueble/109074922/,"Piso en Venta en Calle Príncipe de Vergara  Descubre este fantástico piso ubicado en la prestigiosa calle Príncipe de Vergara, una de las zonas más deseadas de la ciudad. Con un amplio espacio de 315 m² construidos, esta vivienda recién reformada ofrece todo lo que necesitas para disfrutar de un hogar cómodo y moderno. Con 5 habitaciones y 5 baños, es perfecta para familias grandes o para aquellos que buscan espacio adicional para trabajar desde casa. El inmueble se entrega completamente amueblado y equipado, listo para entrar a vivir. Además, cuenta con armarios empotrados que optimizan el espacio y un trastero para mayor comodidad. La plaza de garaje incluida es otro gran atractivo que facilita el día a día en la ciudad.  Situado en la primera planta, este piso exterior goza de luz natural y está equipado con ascensor para mayor accesibilidad. La propiedad, construida en 1958, ha sido mantenida en excelente estado y ofrece una oportunidad excepcional a un precio inmejorable. No dejes pasar la oportunidad de vivir en un lugar que combina espacio, comodidad y estilo. ¡Contáctanos para más información y agenda tu visita!",False,good,False,True,9965.0,True,False,False,False,[],False,False,3139000.0,€,,,flat,"El Viso, Madrid",Piso en CL Principe De Vergara,,,El Viso,,,,
108166406,https://img4.idealista.com/blur/480_360_mq/0/id.pro.es.image.master/54/d0/fc/1335838863.webp,22,4,220000.0,flat,sale,66.0,True,1,1,calle de San Nicomedes,Madrid,Madrid,Usera,es,40.3859588,-3.7127959,False,https://www.idealista.com/inmueble/108166406/,"Agencia inmobiliaria de MADRID - zona USERA - MOSCARDO - PLAZA ELÍPTICA Vende vivienda para entrar a vivir en la calle San Nicomedes, compuesta de 1 Dormitorio (ANTES DOS), Salón, Cocina, Baño y Terraza. Tiene varios puntos a destacar: - Finca residencial. - Vivienda en buen estado. - Vivienda luminosa. - La cercanía a metro de Usera a 10 minutos. - La cercanía a Plaza Elíptica a 2 minutos. Zona perfecta para las familias con zonas verdes en el entorno, bloque muy tranquilo A 15 MINUTOS A PIE DE MADRID RÍO. Fácil acceso a A42, M40, M30 Calle de Antonio López, Avenida de Andalucía, Hospital 12 de octubre, a 10 minutos del metro almendrales línea 3 (Villaverde - Moncloa), autobuses (47, 247 y 60 y búho Nº12 ). Zona con todos los servicios, supermercado próximo. PROXIMAMENTE TOUR VIRTUAL. AVISO LEGAL: Recordamos a nuestros Señores clientes que la información facilitada no constituye una auténtica oferta vinculante ni contractual. Este anuncio publicitario es provisional, y las fotografías y datos en él incluidos están sujetos a posibles modificaciones, consecuencia de exigencias comerciales, jurídicas, técnicas o por mandato expreso de la propiedad. La información aquí contenida procura reflejar una orientación sobre los inmuebles a la fecha de su publicación. La totalidad del contenido que aparece tiene carácter meramente informativo y aproximado, no teniendo, en modo alguno, carácter contractual. Tanto los datos, como las imágenes y planos pueden estar sujetos a cambios, por lo que le invitamos a que, si precisa una información más exacta y detallada, contacte con nosotros y le atenderemos a la mayor brevedad posible. Los contenidos tienen únicamente finalidad informativa y bajo ninguna circunstancia deben usarse ni considerarse como oferta de venta o financiación, solicitud de una oferta de compra o financiación, ni recomendación para realizar cualquier otra transacción, salvo que así se indique expresamente. La información y documentación a ofrecer de acuerdo con lo dispuesto en el Real Decreto 515/1989 (de 21 de abril, relativa a la protección de los consumidores en cuanto a la información a suministrar en la compraventa y arrendamiento de viviendas), será puesta a disposición de los potenciales compradores en las respectivas delegaciones territoriales gestoras del inmueble.",False,good,False,False,3333.0,True,False,False,False,[],False,False,220000.0,€,,,flat,"Moscardó, Madrid",Piso en calle de San Nicomedes,,Álvaro,Moscardó,,,,
108456239,https://img4.idealista.com/blur/480_360_mq/0/id.pro.es.image.master/23/0c/50/1345446361.webp,29,3,345000.0,flat,sale,73.0,True,2,2,Barrio El Cañaveral,Madrid,Madrid,Vicálvaro,es,40.4053003,-3.5536686,False,https://www.idealista.com/inmueble/108456239/,"VOhome Propiedades La Gavia vende magnífico piso en El Cañaveral Te presentamos esta preciosa vivienda de 2 dormitorios, ubicada en una de las zonas con mayor proyección de Madrid. La vivienda se distribuye en un amplio salón, cocina independiente con tendedero cubierto, dos baños completos (uno en suite en el dormitorio principal) y una acogedora terraza ideal para disfrutar de las tardes al aire libre. Incluye en el precio dos plazas de garaje y un trastero. Construida en 2018, la propiedad se encuentra en excelente estado de conservación y cuenta con calidades modernas: aire acondicionado por conductos en toda la vivienda, calefacción central con contador individual, suelos de tarima, armarios empotrados y un práctico vestidor en el dormitorio principal. Ventanas climalit con excelente aislamiento térmico y acústico. Orientación oeste, lo que garantiza luz natural durante toda la tarde. Ubicada en una urbanización privada con completas zonas comunes: piscina, zona infantil, gimnasio completamente equipado, pistas de pádel y multideporte, servicio de portería de lunes a viernes y 3 noches alternas y videovigilancia 24 horas.  Una oportunidad única para vivir con todas las comodidades en un entorno moderno, seguro y bien comunicado. No dudes en llamarnos para concertar una cita y visitar la vivienda sin ningún compromiso. Además, ofrecemos un servicio de asesoramiento financiero gratuito para facilitarte el proceso. *En el precio de venta no están incluidos los gastos de compra (Impuesto de transmisiones patrimoniales / notaría - gestoría / registro/ intermediación inmobiliaria y/o financiera) Horario de oficina de Lunes a Viernes de 10:00 a 14:00 y de 16:30 a 20:30. Sábados de 10:00 a 14:00 horas. Avda. de las Suertes, 62 (local) 28051 Madrid. Telf. :.",True,good,False,True,4726.0,True,False,True,False,[],False,False,345000.0,€,True,True,flat,"El Cañaveral, Madrid",Piso,,171683,El Cañaveral,,,,
109141097,https://img4.idealista.com/blur/480_360_mq/0/id.pro.es.image.master/be/08/fd/1365545405.webp,60,,1230000.0,chalet,sale,398.0,,6,3,calle Federico del Cerro,Madrid,Torrelodones,Los Ángeles - Jarandilla,es,40.577624,-3.9355565,False,https://www.idealista.com/inmueble/109141097/,"Chalet con piscina en Los Ángeles–Jarandilla (Torrelodones): amplitud, ubicación y un potencial único Una oportunidad única en Torrelodones, en la exclusiva zona de Los Ángeles–Jarandilla, muy próxima al centro del municipio (a tan solo 700 m, aproximadamente 8-10 minutos andando).  Este chalet independiente, levantado sobre una parcela de 620 m², ofrece amplitud, privacidad y la tranquilidad de un entorno residencial rodeado de naturaleza, sin renunciar a la cercanía de todos los servicios del municipio.  Una casa sólida y funcional que, tras una reforma integral, puede convertirse en la residencia familiar definitiva: luminosa, moderna y con todas las comodidades que siempre soñaste. * Superficie y distribución La vivienda cuenta con 398 m² construidos según Catastro, sobre una parcela de 620 m².  - Planta sótano: almacén de 133 m².  - Planta baja: vivienda de 121 m² con salón comedor con chimenea, cocina con salida directa al jardín lateral, dos habitaciones y un baño completo. Acceso interior al sótano.  - Planta primera: vivienda de 115 m² con cuatro habitaciones (una con baño en suite), un baño común y una sala de paso/distribuidor con salida a una terraza longitudinal en la fachada delantera.  - Piscina privada en la parte posterior de la parcela: reflejada en Catastro como “zona deportiva”. Con una superficie de 29 m² * Estado actual y oportunidad La vivienda ha estado alquilada hasta hace un año y conserva un estado general normal y funcional. Lo verdaderamente atractivo es su gran potencial: con una reforma integral, esta casa puede transformarse en una residencia más luminosa, moderna y espectacular, plenamente adaptada a las necesidades actuales.  * Situación registral y catastral - En la Nota Simple registral figura únicamente la parcela.  - En Catastro consta la construcción existente de 398 m², que abona regularmente el IBI (aprox. 1.100 €) y la tasa de basura (aprox. 80 € anuales).  - La propiedad está tramitando la Licencia de Obra Nueva Antigua, un proceso que asumirá íntegramente, garantizando la plena regularización para el comprador, adquiriendo éste el inmueble libre de cargas, gravámenes y sin inquilinos. * Entorno y servicios Vivir aquí significa tener todo a mano:  - Ayuntamiento de Torrelodones: aproximadamente 8-10 minutos andando.  - Parada de autobús a Madrid (Moncloa): aproximadamente 8-10 minutos andando.  - Acceso a A-6: aproximadamente 8-10 minutos en coche.  - Comercios locales, supermercados, farmacias, bancos e iglesia: aproximadamente 8-10 minutos andando.  - Entorno rodeado de naturaleza y zonas verdes, ideal para pasear o hacer deporte.  * Características adicionales - Jardín posterior, lateral y delantero con piscina privada.  - Orientación sur-oeste con gran luminosidad y sol.  - Armarios empotrados, chimenea y calefacción individual de gas natural.  - Espacio para aparcamiento de varios vehículos.  - Almacén en sótano.  En resumen:  Una vivienda amplia, con buena distribución y un potencial enorme. Actualmente en estado correcto tras su último alquiler, pero con una reforma integral puede convertirse en un hogar moderno, luminoso y exclusivo, con todos los servicios a pie y excelente comunicación con Madrid y muy cerca del centro del municipio. Una oportunidad que no aparece todos los días en Torrelodones. Honorarios de intermediación Nuestros honorarios serán por cuenta de la parte compradora, equivalentes al 2% más el IVA correspondiente, mediante factura de curso legal. Su tranquilidad, nuestra preocupación.",False,renew,False,,3090.0,False,False,False,False,[],False,False,1230000.0,€,,,chalet,"Los Ángeles - Jarandilla, Torrelodones",Casa independiente en calle Federico del Cerro,independantHouse,1540,,,,,
108894446,https://img4.idealista.com/blur/480_360_mq/0/id.pro.es.image.master/d3/f9/dc/1358187868.webp,77,,350000.0,chalet,sale,165.0,,3,3,calle Rocinante,Madrid,Camarma de Esteruelas,,es,40.5482779,-3.3793552,False,https://www.idealista.com/inmueble/108894446/,"*¡Inmobiliaria Valeshouse pone a la venta en exclusiva esta estupendo chalet  de ESQUINA en Camarma de Esteruelas con PISCINA COMUNITARIA. Este encantador chalet adosado con infinidad de reformas y mejoras, es perfecto para quienes buscan comodidad y estilo.  Con 165 m², cuenta con 3 plantas distribuidas de tal manera que: La planta baja cuenta con recibidor, aseo de cortesía con ventana, salón- comedor con acceso directo jardín privado en el que podrás disfrutar de muchos momentos al aire libre con los tuyos, amplia cocina con dos ambientes y grandes ventanales para que disfrutes de luz natural y ventilación todo el día. La planta primera se distribuye en tres amplios y luminosos dormitorios, ideales para el descanso de toda la familia, todos con armarios empotrados lacados en blanco, además, dispone de 2 baños, uno en suite equipado con plato de ducha, mampara y ventana y otro con bañera y mampara, lo que garantiza la privacidad y comodidad en el día a día. La planta semisótano, se encuentra distribuida en garaje, habitación para darle diferentes usos, zona lavadero-plancha, ofreciendo espacio adicional para tus necesidades. El jardín de esquina de 25 m² es un verdadero oasis, donde podrás disfrutar de la ducha solar y relajarte al aire libre. La vivienda dispone de puertas blancas, suelos de tarima, ventanas de aluminio blanco con Climalit, pintura en liso, escalera de mármol, radiadores recién cambiados y muros del jardín nuevos. Disfrutarás de Aire Acondicionado en salón, dormitorio principal y uno de los dormitorios infantiles. Este chalet, construido en 2005 y en buen estado, dispone de la posibilidad de construir una buhardilla y cuenta con calefacción de gas natural, asegurando un ambiente cálido y confortable en cualquier época del año. Algunos servicios cercanos que podemos encontrar son paradas de autobuses urbanos e interurbanos, farmacia, comercios, supermercados, floristería, restaurantes y bares, colegios, escuelas infantiles, institutos, iglesia, centro de salud, etc. A 5 km y a 5 minutos de Alcalá de Henares, a 300 metros del centro del pueblo. A 5 minutos en coche de la salida a la carretera A2, a 30 de minutos de Madrid, a 25 minutos del aeropuerto y a 5 del Hospital Universitario Príncipe de Asturias. ¡No dejes pasar la oportunidad de vivir en este maravilloso hogar! ¡Ven a visitarlo y enamórate! *Valeshouse no cobra honorarios sorpresa. * *Impuestos legales y gastos de escrituración no incluidos en el precio. * ""Este anuncio no es vinculante y puede contener errores. Se muestra a título informativo y no es contractual. "".",False,good,False,,2121.0,True,False,False,False,[],False,False,350000.0,€,True,True,chalet,Camarma de Esteruelas,Chalet adosado en calle Rocinante,terracedHouse,,,,,,
109178999,https://img4.idealista.com/blur/480_360_mq/0/id.pro.es.image.master/e1/a7/2b/1366602955.webp,17,1,195000.0,flat,sale,60.0,True,3,1,calle Princesa,Madrid,Alcorcón,Centro,es,40.3461484,-3.8319837,False,https://www.idealista.com/inmueble/109178999/,"R House Asesores Inmobiliarios Ensanche Sur gestiona en exclusiva la venta de esta vivienda compuesta por recibidor, tres dormitorios, cocina equipada, cuarto de baño completo con ventana y salón con salida a terraza cerrada. Calefacción individual de gas natural y Aire Acondicionado. Cerramientos aluminio. Posibilidad de alquiler de PLAZA DE GARAJE en la zona. Muy bien comunicado, a pocos metros de la estación ""ALCORCON CENTRAL"" C5 de Cercanías y Línea 12 de Metro.  La vivienda se encuentra rodeada de los principales servicios: entidades bancarias, supermercados, colegios, farmacias y zonas de restauración.",False,good,False,False,3250.0,False,False,False,False,[],False,False,195000.0,€,,,flat,"Zona Renfe, Alcorcón",Piso en calle Princesa,,PRINCESA,Zona Renfe,,,,
109121885,https://img4.idealista.com/blur/480_360_mq/0/id.pro.es.image.master/2b/7a/20/1364977973.webp,25,1,186000.0,flat,sale,98.0,True,3,2,Barrio Entrevías,Madrid,Madrid,Puente de Vallecas,es,40.3852829,-3.6730265,False,https://www.idealista.com/inmueble/109121885/,"Piso en Madrid, ideal para familias. La vivienda cuenta con una superficie de 96 m² distribuidos en 3 habitaciones, de las cuales 2 tienen acceso a balcón, salón-comedor con acceso al balcón, cocina equipada con horno, lavavajillas y acceso al lavadero además de 1 aseo y 1 baño completo. La vivienda tiene suelos de parquet que proporcionan al piso de mayor calidez y confort. La finca dispone de ascensor. Cuenta con todos los servicios necesarios a su alrededor, como el Colegio Público Francisco Ruano, supermercados, bancos, farmacias, oficinas de correos, centros deportivos y la estación de tren Asamblea de Madrid-entrevias. Con fácil acceso a Autopista de Circunvalación. “Esta propiedad se encuentra alquilada. No se puede visitar. No apta para compradores que requieran financiación hipotecaria. El comprador se subrogara al contrato de alquiler vigente y a las condiciones indicadas en el contrato de alquiler vigente. “La información proporcionada referente a la distribución y estructura puede no ajustarse a la realidad, ya que su verificación no ha sido posible. La distribución indicada se ha tomado en referencia a la distribución de activos de la zona. ” “This property is rented. Cannot be visited. Not suitable for buyers requiring mortgage financing. The buyer will be subrogated to the current rental contract and to the conditions indicated in the current rental contract. “The information provided concerning the distribution and structure may not conform to reality, since its verification has not been possible. The distribution indicated has been taken in reference to the distribution of assets in the area. [IW].",False,good,False,False,1898.0,True,False,False,False,[],False,False,186000.0,€,,,flat,"Entrevías, Madrid",Piso,,AL2QMADRID27,Entrevías,,,,
108933026,https://img4.idealista.com/blur/480_360_mq/0/id.pro.es.image.master/45/56/80/1359334319.webp,36,2,289000.0,flat,sale,54.0,True,2,1,calle Plazuela,Madrid,Las Rozas de Madrid,Rozas Centro,es,40.4915595,-3.8763416,False,https://www.idealista.com/inmueble/108933026/,"GS SERVICIOS INMOBILIARIOS TE OFRECE! Inmueble muy luminoso, totalmente exterior y reformado en segunda planta en calle Plazuela, en el casco histórico de Las Rozas de Madrid. El inmueble está abuhardillado, pero sin problemas para el paso y vida. Además, se ha ahuecado esas zonas para darle mas espacio para enseres, teniendo una casa perfectamente optimizada. La finca es de ladrillo visto y data del año 1991 y se distribuye en 2 plantas más la baja y con 2 vecinos en cada una de ellas.  El inmueble fue recientemente reformado y se distribuye en hall de entrada que da a primer dormitorio y segundo dormitorio (principal) en su lado derecho. Al fondo tenemos un baño completo con plato de ducha e hidromasaje. También cuenta con toallero- radiador. Si vamos por el lado izquierdo del distribuidor, encontraremos un amplio salón-cocina-comedor de 23 metros cuadrados aproximados. En cuanto a calidades cabe destacar el suelo de tarima en perfecto estado, dobles ventanas Climalit, puertas lacadas en blanco. La electricidad y tuberías están totalmente reformadas. Es un piso perfecto para una pareja, pareja con hijo, para teletrabajo. Tiene amplias opciones. Está perfectamente ubicado, teniendo la M-505 pegada, así como diferentes servicios de alimentación y hostelería.",False,good,False,False,5352.0,True,False,False,False,[],False,False,289000.0,€,,,flat,"Casco Antiguo, Las Rozas de Madrid",Piso en calle Plazuela,,2909,Casco Antiguo,299000.0,10000.0,3.0,
109172574,https://img4.idealista.com/blur/480_360_mq/0/id.pro.es.image.master/39/9f/f7/1367424292.webp,22,1,375000.0,flat,sale,120.0,True,4,2,calle de Algemesí,Madrid,Madrid,Barajas,es,40.4737302,-3.5832638,False,https://www.idealista.com/inmueble/109172574/,"OFICINA TECNOCASA - BARAJAS - MADRID vende piso en casco histórico de Barajas  La vivienda cuenta con 120 metros distribuidos de un hall recibido amplio, cuenta con cocina totalmente equipada con acceso a la primera terraza, 4 dormitorios, 2 baños y salón con salida a la segunda terraza de la vivienda. Toda la vivienda esta equipada con doble ventana. No dispone de ascensor. Cerca tiene todos los servicios como la parada de metro, restaurantes, farmacias, colegios y el centro de salud. El inmueble se localiza en el casco histórico de Barajas, con muy buenas comunicaciones tales como paradas de Autobús (Líneas 101, 105, 115, 151, 166, 212 y 827) y la parada de metro (Línea 8). Financiación de hasta el 100% con nuestro departamento financiero, Kiron. Asesoramiento gratuito y sin compromiso, no dude en consultarnos.",False,renew,False,False,3125.0,False,False,False,False,[],False,False,375000.0,€,,,flat,"Timón, Madrid",Piso en calle de Algemesí,,,Timón,,,,
107849619,https://img4.idealista.com/blur/480_360_mq/0/id.pro.es.image.master/b0/61/10/1326166047.webp,26,,430000.0,chalet,sale,231.0,,4,4,"calle Miguel de Cervantes, 43",Madrid,Arroyomolinos,La Cárcaba - El Encinar - Montemolinos,es,40.2638773,-3.9153995,True,https://www.idealista.com/inmueble/107849619/,"Agencia inmobiliaria de Madrid, zona ARROYOMOLINOS. EN VENTA: Descubre este impresionante chalet adosado de dos plantas más bodega, perfecto para disfrutar de la vida en familia.  Con 231 m² construidos y 154 m² útiles, este hogar ofrece un espacio generoso y bien distribuido. La amplia cocina, llena de luz natural y equipada con despensa, se convierte en el corazón del hogar, ideal para preparar deliciosas comidas. El salón, dividido en dos ambientes y con chimenea, proporciona un ambiente acogedor y cálido, además de contar con salida directa al jardín, donde podrás disfrutar de momentos al aire libre. En la primera planta, encontrarás tres amplios dormitorios, siendo el principal un verdadero refugio con su propio baño completo y bañera de hidromasaje, así como un vestidor que añade un toque de lujo. Además, hay un baño de cortesía y dos terrazas que ofrecen vistas agradables y espacios perfectos para relajarse. La bodega es un espacio versátil que incluye un baño completo y puede servir como otro salón, con salida directa al jardín privado, lo que la convierte en un lugar ideal para reuniones familiares o con amigos. Este chalet también cuenta con garaje y acceso a una piscina comunitaria, perfecta para los días calurosos. Con calefacción por bomba de frío/calor y una excelente distribución, este hogar es una oportunidad única en el mercado.  No dejes pasar la ocasión de vivir en un entorno tranquilo y acogedor, donde cada rincón está diseñado para el confort y la felicidad familiar. ¡Ven a visitarlo y enamórate de tu nuevo hogar!",True,good,False,,1861.0,False,False,False,False,[],False,False,430000.0,€,True,True,chalet,"La Cárcaba - El Encinar - Montemolinos, Arroyomolinos","Chalet adosado en calle Miguel de Cervantes, 43",terracedHouse,Chalet Carcaba,,,,,
108369737,https://img4.idealista.com/blur/480_360_mq/0/id.pro.es.image.master/cd/50/dc/1342066204.webp,47,7,970000.0,flat,sale,90.0,True,2,2,calle del Conde de Peñalver,Madrid,Madrid,Barrio de Salamanca,es,40.428796,-3.6741613,False,https://www.idealista.com/inmueble/108369737/,"Vivienda de lujo reformada en Calle Conde de Peñalver – Barrio de Salamanca Se ofrece espectacular piso de 90 m² totalmente reformado con calidades de alta gama, ubicado en plena Calle Conde de Peñalver, una de las zonas más exclusivas del Barrio de Salamanca. La vivienda cuenta con una distribución funcional y luminosa: 2 dormitorios amplios, uno de ellos con baño en suite2 baños completosSalón-comedor diáfano con cocina integradaAltos techos y acabados modernos que aportan amplitud y eleganciaGracias a su orientación y diseño, la vivienda disfruta de gran luminosidad durante todo el día. Ideal tanto para vivir como para invertir, por su alta rentabilidad en una de las zonas más demandadas de Madrid. El edificio dispone de ascensor y portero físico. Ubicación inmejorable, rodeada de comercios, restaurantes, servicios y muy bien comunicada por transporte público. Para más información o concertar una visita, no dudes en contactarnos.",True,good,False,True,10778.0,True,False,False,False,[],False,False,970000.0,€,,,flat,"Goya, Madrid",Piso en calle del Conde de Peñalver,,1305,Goya,,,,
108558701,https://img4.idealista.com/blur/480_360_mq/0/id.pro.es.image.master/fc/86/3d/1348433436.webp,32,bj,375000.0,flat,sale,88.0,True,2,3,"calle de Sambara, 44",Madrid,Madrid,Ciudad Lineal,es,40.4342808,-3.6514998,True,https://www.idealista.com/inmueble/108558701/,"EXCELENTE OPORTUNIDAD DE INVERSIÓN en la zona de QUINTANA INMUEBLE CON LICENCIA DE APARTAMENTO TURISTICO Y ALTA RENTABILIDAD (mas de 30.000 € brutos de ingresos anuales). Este magnifico apartamento, dividido en 3 plantas supone una oportunidad única para adquirir un ACTIVO TURÍSTICO en pleno funcionamiento, en una ubicación estratégica y una ALTA rentabilidad. Se vende completamente equipado, tal y como se ve en los videos y fotografías, cuidado hasta el más mínimo detalle, listo para generar ingresos. El acceso a la vivienda, con entrada independiente, nos muestra un amplio salón-comedor con cocina al fondo y un aseo. Amplios ventanales que hacen que tanto la planta baja como la superior tenga una magnifica luz a cualquier hora.  En su planta superior encontramos una habitación moderna con baño y armarios empotrados. En la planta sótano, tenemos otra estancia, ahora habitación con baño y armarios empotrados, que puede ser también zona de trabajo. En esta planta sótano tenemos un office, con puerta independiente, donde está la lavadora y tendedero portátil. Tiene capacidad para 6 huéspedes pues ambas camas son de matrimonio y el sofá es un amplio sofá-cama, lo que lo hace ideal para familias y viajeros que buscan comodidad y flexibilidad, incluso para estancias largas. El inmueble cuenta con LICENCIA TURÍSTICA y CERTIFICADO DE IDONEIDAD para Vivienda de Uso Turístico (CIVUT).  Tiene aire acondicionado en las tres plantas y persianas automatizadas.  A escasos metros de la conocida y comercial Calle de Alcalá donde se puede encontrar todo tipo de negocio: hostelería, bancos, supermercados, gimnasios etc.. . y a 10 - 15 minutos de agradable paseo de la Plaza de Toros de las Ventas.",True,good,False,True,4261.0,True,False,False,False,[],False,False,375000.0,€,,,flat,"Quintana, Madrid","Piso en calle de Sambara, 44",,,Quintana,,,,
109005644,https://img4.idealista.com/blur/480_360_mq/0/id.pro.es.image.master/ff/92/1e/1361529049.webp,23,2,240000.0,flat,sale,46.0,True,2,1,calle Prudencio Álvaro,Madrid,Madrid,Ciudad Lineal,es,40.439966,-3.6439607,False,https://www.idealista.com/inmueble/109005644/,"Oportunidad en el Barrio de Quintana. Piso de 2 habitaciones. Se vende acogedor piso de 46 m² construidos, ubicado en el barrio de Quintana, una zona tranquila y bien comunicada de Madrid. La vivienda cuenta con: •2 dormitorios, uno de ellos con armario empotrado. •1 baño completo. •Salón-comedor luminoso. •Cocina independiente, totalmente amueblada y equipada con electrodomésticos. •Suelos de tarima en las estancias principales y gres cerámico en zonas húmedas. •Carpintería exterior de aluminio tipo Climalit, que aporta aislamiento térmico y acústico. •Calefacción y agua caliente por gas natural. Comunicaciones inmejorables: A pocos minutos de las estaciones de metro Ciudad Lineal y Pueblo Nuevo (líneas 5 y 7), y varias líneas de autobús (38, 48, 70, 109, 146 y N5). Zona con todos los servicios: Muy cerca de la conocida calle Alcalá y Arturo Soria, con supermercados, comercios, colegios y todo tipo de servicios. También dispone de un Centro Deportivo en el Barrio de la Concepción y está a escasos minutos del precioso parque La Quinta de Los Molinos, ideal para pasear y disfrutar de la naturaleza. ¡Una excelente oportunidad para vivir o invertir en una de las zonas más consolidadas de Madrid! En Grupo Mejocasa, nos especializamos en ofrecer el mejor servicio inmobiliario en toda la Comunidad de Madrid. Con cuatro oficinas estratégicamente ubicadas en Chamberí-Centro, Ciudad Lineal-Salamanca, Hortaleza-Las Tablas y Canillejas-Vicálvaro, tenemos un amplio conocimiento del mercado y un alcance inigualable en la ciudad. Gracias a nuestro método de trabajo, brindamos un servicio integral que cubre todos los aspectos del proceso inmobiliario, garantizando que nuestros clientes tomen decisiones informadas y seguras. Confía en nosotros para encontrar la vivienda ideal o vender tu propiedad con las mejores condiciones.",False,good,False,False,5217.0,False,False,False,False,[],False,False,240000.0,€,,,flat,"Quintana, Madrid",Piso en calle Prudencio Álvaro,,93833,Quintana,,,,
109147560,https://img4.idealista.com/blur/480_360_mq/0/id.pro.es.image.master/8d/36/df/1365688549.webp,34,,625000.0,chalet,sale,172.0,,3,3,UR ENCINAR EL,Madrid,El Escorial,Las Zorreras - Monte Encinar,es,40.620923,-4.0414781,False,https://www.idealista.com/inmueble/109147560/,"Inmobiliaria José Luis gestiona en exclusiva la venta de este chalet independiente seminuevo. Características: Parcela de terreno con encinas y pinos completamente vallada en piedra y cuyos muros que lindan al exterior de dos calles cuentan con cerramientos metálicos de gran altura.  Construcción: Edificado en una sola planta, sobre una parcela de más de 1.232 m², está distribuido en un amplio y luminoso salón-comedor con estufa de leña, dos ventanales y puerta con acceso a porche trasero.  Tres dormitorios, dos de ellos con armarios de dos puertas vestidos en su interior con baldas y cajoneras, el tercero y principal con gran vestidor repleto estantes, espejo, cajoneras y cuarto de baño con bañera de hidromasaje. Sensacional cocina con office, amueblada, muy luminosa al contar con 3 ventanas y puerta de acceso acristalada a porche trasero, además de acceso al bajo cubierta de la vivienda a través de una trampilla con escalera retráctil.  Segundo cuarto de baño con plato de ducha y aseo con acceso desde el distribuidor de la entrada. Toda la construcción, carpintería interior, cerramientos exteriores, cerámicas, etc, está realizada con materiales de primeras calidades. Calefacción y agua caliente sanitaria por caldera de gasóleo ubicada en un cuarto anexo a la vivienda. Aunque la urbanización El Encinar pertenece al término municipal de El Escorial, por su ubicación está más próximo a los servicios de Collado Villalba, con acceso cercano a la Nacional VI. Imprescindible cita previa para concertar visita.",False,good,False,,3634.0,True,False,False,False,[],False,False,625000.0,€,,,chalet,"Las Zorreras - Monte Encinar, El Escorial",Casa independiente en Ur Encinar El,independantHouse,383,,,,,
109041993,https://img4.idealista.com/blur/480_360_mq/0/id.pro.es.image.master/78/38/ae/1362466089.webp,49,bj,335000.0,flat,sale,139.0,True,4,2,Parque de la Coruña - Las Suertes,Madrid,Collado Villalba,Parque de la Coruña - Las Suertes,es,40.6227885,-4.0134855,False,https://www.idealista.com/inmueble/109041993/,"ESTE PISO ES ESPECIAL PORQUE:  Es un piso muy amplio y luminoso, distribuido en una sola planta, bastante grande con una ubicación muy buena, con unas zonas comunes como pocas urbanizaciones.    DISTRIBUCCIÓN:  Entrando encontramos un pequeño hall, con dos puertas de acceso, una nos llevaría al salóncomedor y la otra a la cocina. Si entráramos por la cocina nos encontraríamos un office bastante amplio con la cocina alargada y una terraza tendedero muy práctica. Volviendo tenemos una puerta que nos llevaría a un pasillo donde se encuentran las habitaciones, un baño completo que da servicio a las estas y la habitación principal con baño dentro, en suite.  Todas las habitaciones tienen armarios empotrados.  El suelo es de tarima. Y las ventanas son dobles de aluminio.    ES IMPORTANTE SABER QUE:  Es un piso muy céntrico, que forma parte de una urbanización privada que cuenta con:  Piscina comunitaria, zonas verdes y jardines bien cuidados, zona infantil de juegos, pista de tenis, mesas de ping pong, cancha de baloncesto y de fútbol.  También es importante destacar que cuenta con una plaza de garaje.    COMUNICACIONES:  Nada más salir del portal a 50 metros tenemos la parada de autobús con autobuses al centro de salud, estación de Renfe, etc.    COMERCIOS Y SERVICIOS:  Enfrente de la casa encontramos supermercado Ahorramás y DÍA. El centro del pueblo lo tendríamos caminando a 10 minutos.  El centro de salud también estaría cerca.  El hospital de Villalba en coche a 10 minutos.    COLEGIOS E INSTITUTOS:  Caminando a cinco minutos está el colegio público y enfrente el Instituto que también es Escuela oficial de idiomas.",True,good,False,True,2410.0,False,False,False,False,[],False,False,335000.0,€,True,True,flat,"Parque de la Coruña - Las Suertes, Collado Villalba",Piso,,07941,,,,,
108536589,https://img4.idealista.com/blur/480_360_mq/0/id.pro.es.image.master/f2/62/4a/1350663766.webp,30,5,345000.0,flat,sale,88.0,True,3,2,Barrio Santa Eugenia,Madrid,Madrid,Villa de Vallecas,es,40.3821469,-3.6068993,False,https://www.idealista.com/inmueble/108536589/,"Inmobiliaria Santa Eugenia VOhome Vende Piso de orientación suroeste en el barrio de Santa Eugenia. Se compone de 3 dormitorios con armarios empotrados, salón con acceso a terraza exterior, cocina, tendedero, baño completo con bañera y aseo. Cuenta con aire acondicionado en el salón, calefacción individual y plaza de garaje opcional, no incluida en el precio. Esta vivienda se encuentra Situada en el barrio de Santa Eugenia, el cual fue concebido en sus orígenes como una urbanización privada llamada ciudad residencial Santa Eugenia, de ahí que esté rodeado de infinidad de zonas verdes tanto dentro como en sus alrededores, cuenta con un mínimo de 113 especies de árboles y más de 100 especies de arbustos catalogados, esto ha dado lugar a que se haya aprobado el proyecto JARDÍN BOTÁNICO URBANO. Dotado de guarderías y buenos centros educativos tanto de enseñanza primaria como secundaria y posterior, galerías de alimentación de las de toda la vida, comercios de barrio, centro de salud, etc.. . A escasos 10 minutos en coche encontramos El Centro Comercial ""La Gavia. Allí se pueden encontrar más de 60.000 m2 destinados a comercios y restauración, 10.000 para el supermercado Carrefour, 20.000 para Ikea y más de 5.000 plazas de garaje de aparcamiento gratuito. Por su ubicación tiene una excelente comunicación con paradas de autobuses urbanos: Línea 58 - Puente de Vallecas. Línea 145 - Conde Casal / Ensanche de Vallecas (C. C. La Gavia a 10 min). Línea 63 - Felipe II (Goya). La estación de Renfe Santa Eugenia está situada a 6 minutos caminando de la vivienda (líneas C2, C7 y C8), Atocha y Sol en 15 min y acceso inmediato a la A3. Financiación hasta 100% (según condiciones). Servicio de asesoramiento gratuito. Visítenos sin compromiso. Calle Castrillo de Aza, 14, LOCAL 7, 28031 Madrid Telf. : *En el precio de venta no están incluidos los gastos de compra (Impuestos de transmisiones patrimoniales / Notaría - Gestoría / Registro / Intermediación inmobiliaria y / o Financiera).",True,good,False,True,3920.0,True,False,True,False,[],False,False,345000.0,€,,,flat,"Santa Eugenia, Madrid",Piso,,1301857,Santa Eugenia,,,,
105500499,https://img4.idealista.com/blur/480_360_mq/0/id.pro.es.image.master/84/84/cb/1337205353.webp,69,,7575000.0,chalet,sale,1100.0,,6,5,La Moraleja urbanización,Madrid,La Moraleja,La Moraleja urbanización,es,40.5137355,-3.618983,False,https://www.idealista.com/inmueble/105500499/,"Vivienda de autor, localizada en una de las principales arterias de La Moraleja, con entrada por un tranquilo fondo de saco. Se encuentra construida en una parcela de 3200m2 que es única, por disponer de un manantial de agua permanente, disfrutar de construcciones históricas y tener impactantes vistas sobre el campo de golf, con el que linda a lo largo de 150 m lineales. Esa masa verde, de aproximadamente 5 hectáreas, participa como una extensión natural del jardín. La vivienda, proyectada por el prestigioso arquitecto Javier Carvajal, tiene un diseño atemporal y vanguardista. Incluida en distintos libros que recogen las obras arquitectónicas más representativas del siglo XX, esta vivienda ha sido totalmente reformada en 2020 (*). Con una superficie aproximada de 1.200 m2, todas sus estancias son muy luminosas, por estar orientadas a mediodía, siendo sus vistas al campo de golf. La vivienda cuenta con dos salones con ambientes distintos y dos chimeneas, cuarto de estar, comedor interior circular con patio, y sala de cine para 14 personas. La zona de descanso dispone de 4 dormitorios - dos de ellos en suite y de 63 m2 y 58 m2  4 baños, y un apartamento de servicio con 2 dormitorios, totalmente independiente. En el jardín, muy consolidado, existe otro comedor de verano (con horno de leña y barbacoa profesionales), un acogedor chill-out, un aseo/vestuario, una bodega/sala de juegos y un despacho. La piscina, dotada de cascada y jacuzzi de obra, se integra perfectamente con las singulares construcciones antiguas que existen en esta parcela - una gruta y un torreón de vigilancia del siglo XVIII - toda vez que respeta el espíritu de la zona, cuando fue abrevadero de ganado y de reses. A la misma parcela llega por una galería de ladrillo de tejar, un manantial permanente de agua que en su día dio servicio al Palacio de La Moraleja y que ha dado nombre a la calle Camino de la Fuente.  *La reforma llevada a cabo a lo largo de todo el 2020 ha consistido en la ampliación de la vivienda, nueva distribución, sustitución de toda la electricidad, nueva iluminación, interior y decorativa del jardín, punto de recarga de coches eléctricos, nueva carpintería y puertas, nueva fontanería, nuevos cuartos de baño, nueva sala de cine, pintura de todos los paramentos, nuevo chill-out, nueva piscina, nuevo vestuario, nuevos muros y vallados exteriores, nuevo sistema integral de seguridad, etc.  Resumen:  - Gran hall con vistas al golf y aseo para invitados.  - Dos amplios salones a doble altura, con varios ambientes.  - Gran comedor circular.  - Amplia cocina con comedor de diario, cuarto de plancha y zona de lavado.  - Dormitorio principal de 63 m2 con estar, vestidor, baño y terraza.  - Dormitorio de 58 m2, con estar, baño en suite y vistas al golf y la cascada.  - Dos dormitorios con acceso al exterior. Un baño.  - Despacho independiente.  - Sala de cine para 14 personas.  - Apartamento servicio: dos dormitorios y baño.  - Parking cubierto dos coches y descubierto para seis más.  - Cargador coche eléctrico.  - Sistema de seguridad.  - Bodega / barbacoa exterior / zona chill out acristalada.  - Piscina con jacuzzi y cascada.  - Magnífico jardín consolidado.",False,good,False,,6886.0,True,False,False,False,[],False,False,7575000.0,€,True,True,chalet,"La Moraleja urbanización, La Moraleja",Casa independiente,independantHouse,1171,,,,,
109081356,https://img4.idealista.com/blur/480_360_mq/0/id.pro.es.image.master/2f/0e/b0/1363833551.webp,26,2,455000.0,flat,sale,112.0,True,3,2,calle de Eduardo Marquina,Madrid,Madrid,Carabanchel,es,40.3940525,-3.7110416,False,https://www.idealista.com/inmueble/109081356/,"Precioso piso de 112 metros listo para entrar. Precio negociable. Sin comisión de agencia para el comprador. La vivienda tiene tres dormitorios con armarios empotrados completamente forrados y con cajoneras. Dos cuartos de baños reformados uno con bañera y otro con ducha. Cocina grande con zona para comer. El comedor amplio soleado por la mañana. todos los acabados son de primera calidad. Tiene un pequeño trastero y armario para almacenaje en el pasillo. La calefacción y agua caliente individual de gas. Aire acondicionado en comedor dormitorio principal y pasillo que enfría toda la vivienda. El piso se vende con garaje opcional por 35.000€. El garaje no esta situado en el edificio. Se encuentra en una calle cercana. Marques de Vadillo esta apenas cinco minutos andando. En la calle Antonio López pasan autobuses como el 23 o el n 15 que comunican con Cibeles y Plaza Mayor en apenas 15 minutos. Por la calle Antonio Leyva pasa la línea 116 que le lleva a Embajadores. Están construyendo a 2 minutos andando la estación de metro de Comillas L11. Tiene escuelas infantiles colegios e institutos a pocos metros del portal. El centro de salud al final de la calle. Supermercados como Ahorramas, Supersol y lidl. El centro comercial Madrid Rio 2 esta a 18 minutos andando. También esta muy cercano el parque Madrid Rio que permite rutas andando o en bicicleta por sus casi 24 km de longitud. En esta zona existe un gran número de cafeterías y restaurantes.",False,good,False,True,4063.0,True,False,False,False,[],False,False,455000.0,€,True,False,flat,"Comillas, Madrid",Piso en calle de Eduardo Marquina,,marquina,Comillas,,,,35000.0
109151662,https://img4.idealista.com/blur/480_360_mq/90/id.pro.es.image.master/fc/d2/25/1366031377.webp,34,,500000.0,chalet,sale,211.0,,4,2,camino de Salomón,Madrid,Fuente el Saz de Jarama,,es,40.6206621,-3.5369778,False,https://www.idealista.com/inmueble/109151662/,"Parcela de clase rústica en el término municipal de Fuente el Saz, con uso agrario de 14.763m2, dentro de esta finca existen varias edificaciones inscritas tanto en el Catastro como en el Registro de la propiedad. Zona muy tranquila, rodeada de naturaleza, cerca del pueblo y de todos los servicios. Muy buena comunicación, cerca de la A1, R2 y M-50, con transporte público con líneas de autobuses directos a Madrid.  Casa principal de planta baja dividida en vestíbulo de entrada, salón-comedor con salida a la terraza, cocina, cuatro habitaciones y dos cuartos de baño completos con una extensión superficial de 106 m2, todo exterior con mucha luz. Otra casa dividida en diferentes habitaciones, con una extensión de 70m2. Cuenta con dos chimeneas de leña a parte de sistema de calefacción eléctrica por radiadores, aire acondicionado por split, tiene pozo para su suministro de agua. Zona de terrazas muy agradable con una gran piscina para su disfrute. Además cuenta con garaje y diferentes zonas de aparcamiento.",False,good,False,,2370.0,False,False,False,False,[],False,False,500000.0,€,True,True,chalet,Fuente el Saz de Jarama,Casa independiente en camino de Salomón,independantHouse,2019445,,,,,
108927332,https://img4.idealista.com/blur/480_360_mq/0/id.pro.es.image.master/44/42/21/1359187641.webp,20,2,705000.0,flat,sale,137.0,True,3,3,Barrio Casa de Campo,Madrid,Madrid,Moncloa,es,40.4341414,-3.7326976,False,https://www.idealista.com/inmueble/108927332/,"Lucas Fox presenta este piso PARA REFORMAR con mucho potencial en la prestigiosa avenida de Valladolid, en el cotizado distrito de Moncloa-Aravaca. Se trata de un piso a renovar con un gran potencial de reforma, ideal para personalizar a tu gusto en una de las zonas más verdes y demandadas de Madrid. Por este motivo, es una gran oportunidad de inversión. La propiedad cuenta con una superficie muy bien distribuida, que incluye dos dormitorios exteriores con buena luminosidad, un baño completo y una amplia cocina independiente con espacio para office. Además, dispone de un amplio y luminoso salón comedor con acceso directo a dos terrazas, una de ellas orientada hacia el parque del Oeste, donde tendrás unas vistas despejadas y un entorno natural inigualable. Se sitúa en una urbanización privada con zonas ajardinadas comunes. La finca dispone de ascensor, servicio de portería y un entorno muy cuidado que ofrece tranquilidad y calidad de vida a escasos minutos del centro. Una vivienda con mucho potencial, perfecta tanto como residencia habitual como para inversores, gracias a su ubicación estratégica, excelentes comunicaciones (metro, Cercanías, M-30 y A-6) y proximidad a espacios emblemáticos como Príncipe Pío, el Templo de Debod o la Casa de Campo.  Un alto porcentaje de los inmuebles que tenemos en esta zona solo están publicados en nuestra web. Para ver toda nuestra cartera, visite nuestra web.",False,renew,False,True,5146.0,False,False,False,False,[],False,False,705000.0,€,,,flat,"Casa de Campo, Madrid",Piso,,MAD62142,Casa de Campo,,,,
108904926,https://img4.idealista.com/blur/480_360_mq/90/id.pro.es.image.master/0b/82/1d/1366147481.webp,12,3,339000.0,flat,sale,80.0,False,3,1,calle Joaquín Martín,Madrid,Madrid,Carabanchel,es,40.3941007,-3.7213003,False,https://www.idealista.com/inmueble/108904926/,"¡Oportunidad única en el distrito de Carabanchel! Este luminoso piso, totalmente amueblado y equipado, se encuentra en Calle Joaquín Martín, en una tercera planta con ascensor, y es ideal tanto como inversión rentable (por su alta demanda en alquiler ) como para quienes buscan una vivienda tranquila y bien comunicada en Madrid. Dispone de tres habitaciones, dos de ellas amplias y una individual, todas con mobiliario funcional y en buen estado. Una de las habitaciones cuenta además con una terraza privada, perfecta para disfrutar del aire libre. El piso es interior pero muy luminoso, con orientación norte-sur que garantiza luz natural a lo largo del día. Está equipado con cocina independiente con todos los electrodomésticos, baño completo, y aire acondicionado, por lo que no necesita reforma para entrar a vivir o alquilarlo de inmediato. Ubicado a tan solo 5 minutos a pie del metro Urgel (Línea 5), ofrece excelentes conexiones con el centro de Madrid (Sol, Gran Vía, Atocha.. . ) en 15-25 minutos. La zona dispone de todos los servicios necesarios: supermercados, farmacias, colegios, zonas verdes y líneas de autobús.",True,good,False,True,4238.0,True,False,False,False,[],False,False,339000.0,€,,,flat,"Opañel, Madrid",Piso en calle Joaquín Martín,,,Opañel,349000.0,10000.0,3.0,
102305674,https://img4.idealista.com/blur/480_360_mq/0/id.pro.es.image.master/ff/a4/fd/1151273688.webp,36,8,950000.0,flat,sale,146.0,True,3,2,"paseo de la Dirección, 161",Madrid,Madrid,Tetuán,es,40.4681297,-3.7084941,True,https://www.idealista.com/inmueble/102305674/,"PRIVEE Homes ofrece este apartamento con vistas al cielo de Madrid El piso es totalmente exterior en esquina y dispone de 145 m2 perfectamente distribuidos, cuenta con un amplio y abierto salón muy luminoso y confortable con un gran ventanal que da acceso a la terraza con espectaculares vistas despejadas hacia las 4 torres y a la sierra de Madrid; una cocina integrada en el salón con mucho espacio para almacenaje. Tiene 3 dormitorios: el principal con dos ventanales por ser esquina con vistas únicas a la ciudad, dos amplios armarios empotrados, y baño en suite con plato de ducha y lavabo sobre encimera, los otros 2 dormitorios cuentan con armarios empotrados y con excelentes vistas a la ciudad, adicional dispone de 1 baño de visita con bañera y lavabo sobre encimera, también dispone de un funcional trastero y plaza de parking incluidos en el precio. El sistema de climatización es por aerotermia, agua caliente individual por gas y paneles solares en cubierta, sistema de suelo radiante, puerta de entrada blindada con cerradura de seguridad, el piso se completa con un pequeño recibidor y el pasillo distribuidor. El Edificio cuenta con unas vistas panorámicas únicas a toda la ciudad, algo único en Madrid: Dispone de 8 ascensores, 2 piscinas comunitarias (una de ellas en la azotea de la planta 24 con frente acristalado con solárium y un espacio Lounge que completa la oferta lúdica de agua y sol, ideal para los meses de verano y la segunda piscina en planta 0 con zona ajardinada y césped, gimnasio, spa, sauna, gastroteca, jardín comunitario, huerto urbano, conserjería con servicios similares a un hotel las 24 horas, videoportero de última generación, zona de coworking y salón de reuniones. Sobre la situación de este piso se encuentra en Madrid, a pocos minutos del Paseo de la Castellana, IE, de las 4 Torres Business Área, de Azca, de la estación de Chamartín, de los accesos norte y nordeste de la M-30. Será el icono de referencia de un modelo de barrio que va a crecer de una manera diferente y que se enfrenta a ser la piel del borde de Madrid Norte. La propiedad se presenta como un activo ideal para INVERSION, si necesita asesoría para Golden Visa, contáctenos. Para más información y gestionar una visita puede ponerse en contacto con nosotros, estaremos encantados de poder atenderle (También contamos con pisos de 1, 2 Dormitorios).",True,good,False,True,6507.0,True,False,False,False,[],False,False,950000.0,€,True,True,flat,"Valdeacederas, Madrid","Piso en paseo de la Dirección, 161",,SKYLP,Valdeacederas,,,,
107112982,https://img4.idealista.com/blur/480_360_mq/90/id.pro.es.image.master/ed/aa/28/1365816691.webp,68,1,1520000.0,flat,sale,180.0,True,3,3,paseo de San Francisco de Sales,Madrid,Madrid,Chamberí,es,40.441673,-3.7142013,False,https://www.idealista.com/inmueble/107112982/,"Piso totalmente reformado (reforma integral). Tres habitaciones, tres baños, amplio salón, cocina con comedor amplio, cuarto de limpieza, patio interior y plaza de garaje. Habitación principal con amplio armario empotrado doble, baño en suite y lavabo doble.  2 habitaciones amplias con armarios empotrados y vestidos integralmente con cajoneras. Salón de 36m2 totalmente exterior muy cuadrado con amplias posibilidades. Cocina muy amplia con todos los electrodomésticos panelados y zona amplia de comida con salida al patio interior. Pario interior de 30m2 con cesped, electricidad y grandes posibilidades. Aire acondicionado con bomba de frio/calor por conductos y calefacción central. Cuarto de limpieza totalmente equipado con lavadora, secadora y armarios. Plaza de garaje sin numerar pero con facilidad de aparcamiento, mejor ver. Portal con acceso para minusválidos, bastante representativo con portero físico y sistema de video vigilancia.",False,good,False,True,8444.0,True,False,False,False,[],False,False,1520000.0,€,True,True,flat,"Vallehermoso, Madrid",Piso en paseo de San Francisco de Sales,,sales,Vallehermoso,,,,
108799568,https://img4.idealista.com/blur/480_360_mq/0/id.pro.es.image.master/07/38/48/1355492085.webp,16,1,360000.0,flat,sale,64.0,True,2,1,calle de Mira el Sol,Madrid,Madrid,Centro,es,40.4067823,-3.7058114,False,https://www.idealista.com/inmueble/108799568/,"¡Descubre la oportunidad perfecta para vivir en uno de los barrios más vibrantes de Madrid! Este encantador piso de 64 m² se encuentra en el primer piso. Con dos acogedores dormitorios y un baño moderno, este espacio ofrece todo lo necesario para disfrutar de la vida en la ciudad. La calefacción por bomba de frío/calor y el aire acondicionado aseguran un ambiente agradable durante todo el año. Lavapiés es conocido por su ambiente multicultural, con una amplia oferta de restaurantes, bares y actividades culturales. Además, la rentabilidad de €1580 hace de este piso una excelente inversión. Alquilado hasta el mes de enero de 2026. ¡Ven a verlo y enamórate de tu nuevo hogar!",False,good,False,True,5625.0,True,False,False,False,[],False,False,360000.0,€,,,flat,"Lavapiés-Embajadores, Madrid",Piso en calle de Mira el Sol,,,Lavapiés-Embajadores,,,,
108776434,https://img4.idealista.com/blur/480_360_mq/0/id.pro.es.image.master/90/1c/2b/1354799500.webp,11,1,780000.0,flat,sale,53.0,False,2,2,"calle de Núñez de Balboa, 22",Madrid,Madrid,Barrio de Salamanca,es,40.4239998,-3.6827759,True,https://www.idealista.com/inmueble/108776434/,"PROPERTY PLUS VENDE Precioso Inmueble de 2 dormitorios con 2 baños en suite, totalmente amueblado y equipado en la MEJOR ZONA DEL BARRIO SALAMANCA. EXTRAORDINARIA OPORTUNIDAD DE INVERSION!  Finca representativa semiesquina con Calle Jorge Juan!  Piso 1º, distribuido en Salón comedor con preciosa cocina abierta totalmente amueblada y equipada con electrodomésticos ( lavadora-secadora, horno, lavavajillas, micro... ). Dormitorio 1 con cama matrimonio, armario empotrado vestido y Baño en suite. Domritorio 2 con cama matrimonio, armario empotrado vestido y Baño en suite. Aire acondicionado en Toda la vivienda!  Inmejorable Ocasión de inmueble en la mejor zona del Barrio Salamanca junto al Parque del retiro y la mejor zona de comercios y servicios de todo Madrid! Contacte con nosotros los 7 días de la semana sin compromiso para ampliar la información!",True,good,False,True,14717.0,True,False,False,False,[],False,False,780000.0,€,,,flat,"Recoletos, Madrid","Piso en calle de Núñez de Balboa, 22",,NB22 01 DA,Recoletos,,,,
108984462,https://img4.idealista.com/blur/480_360_mq/0/id.pro.es.image.master/ed/c3/2e/1360881683.webp,40,,625000.0,chalet,sale,220.0,,4,3,DE LOS MANANTIALES,Madrid,Griñón,,es,40.2135947,-3.8566287,False,https://www.idealista.com/inmueble/108984462/,"Chalet independiente esquinero en Griñón, con gran parcela, piscina y posibilidad de segregar – ¡Oportunidad única! Se vende chalet independiente en esquina, con fachada a dos calles, situado en una de las zonas residenciales más tranquilas y exclusivas de Griñón. La vivienda está rodeada de zonas verdes y chalets independientes, lo que garantiza privacidad, tranquilidad y un entorno natural privilegiado. Además, cuenta con todos los servicios a mano: supermercado Ahorra Más, paradas de autobús y fácil acceso a las principales vías de comunicación. La parcela, de 700 m², ofrece un amplio jardín con abundante vegetación y piscina privada, ideal para disfrutar al aire libre. La casa, de 180 m² construidos distribuidos en dos plantas con entradas independientes, dispone actualmente de 4 habitaciones, 3 baños completos, salón, cocina y varias estancias polivalentes. Su configuración y ubicación permiten múltiples opciones de uso y distribución. Características principales: Parcela de 700 m² en esquina, con fachada a dos calles 180 m² construidos en dos plantas independientes 4 habitaciones y 3 baños Piscina privada Amplio jardín rodeado de zonas verdes Zona muy tranquila y residencial Posibilidad de segregar la parcela y construir dos viviendas independientes Ideal para reforma integral a tu gusto El inmueble necesita una reforma integral, lo que te permitirá diseñar la casa de tus sueños desde cero o incluso desarrollar dos viviendas independientes, ya que la parcela es segregable. Es una opción perfecta tanto para quienes buscan una gran vivienda familiar como para inversores que quieran rentabilizar la operación. ¡Te ayudamos con la reforma! Disponemos de empresa de reformas que puede presentarte varios proyectos personalizados y entregarte la vivienda totalmente acabada, adaptada a tus necesidades y gustos. Precio: 625.000 € No dejes pasar esta oportunidad única en Griñón. Para más información o concertar una visita, contacta sin compromiso. I_V_A_N_6_0_0_6_7_2_8_5_0_.",True,renew,False,,2841.0,True,False,False,False,[],False,False,625000.0,€,True,True,chalet,Griñón,Casa independiente en De Los Manantiales,independantHouse,,,,,,
109102589,https://img4.idealista.com/blur/480_360_mq/0/id.pro.es.image.master/38/03/99/1364411828.webp,24,3,219900.0,flat,sale,70.0,True,3,1,calle Sierra de Peñalara,Madrid,Alcorcón,Centro,es,40.3465672,-3.8197341,False,https://www.idealista.com/inmueble/109102589/,"TUVALORSEGURO. ES, agencia inmobiliaria, vende piso de 3 dormitorios en ALCORCON. ¿Buscas una vivienda familiar con espacio, luz y buena ubicación? Esta vivienda, situada en la zona centro, puede ser tu nuevo hogar. Con doble orientación y muchísima luz natural, este piso exterior se distribuye en: - Salón-comedor independiente de 16 m² - 3 dormitorios - Cocina amueblada - Baño completo con plato de ducha La vivienda dispone de calefacción de gas natural y aire acondicionado en el salón. ASCENSOR en proyecto, con derrama ya abonada por la propiedad e inicio de obras previsto para finales de año. Además, el precio incluye una plaza de garaje en régimen de concesión situada a escasos 300 m de la vivienda. La zona está rodeada de colegios, parques y todo tipo de servicios, ideal para familias que buscan tranquilidad. La finca se encuentra a unos 550 m. de la estación de metro de Parque Lisboa (línea 12) y a 1200 m. de la estación de cercanías de Alcorcón Central. Línea de autobús urbano 1, e interurbanos 450, 510, 513, 514, 520 y 560 en un radio de 350 m. Para más información, contacte con nosotros sin ningún tipo de compromiso y concierte una cita para conocer el inmueble. El precio de venta no incluye el Impuesto de Transmisiones Patrimoniales (6%) gastos notariales, gastos registrales, gastos de gestoría, ni gastos de intermediación (4,84 % del precio de compra, IVA incluido) que satisface el comprador.",False,good,False,False,3141.0,True,False,False,False,[],False,False,219900.0,€,True,True,flat,"Zona Centro Joven, Alcorcón",Piso en calle Sierra de Peñalara,,Alcorcon3d,Zona Centro Joven,,,,
108314513,https://img4.idealista.com/blur/480_360_mq/0/id.pro.es.image.master/cf/27/5c/1340437265.webp,28,6,185000.0,flat,sale,66.0,True,3,1,avenida de los Andes,Madrid,Fuenlabrada,La Avanzada - La Cueva,es,40.294723,-3.7848903,False,https://www.idealista.com/inmueble/108314513/,"OPORTUNIDAD EN MADRID, PISO DE TRES DORMITORIOS, CON TERRAZA ACRISTALADA Y MUY BIEN COMUNICADO. Oportunidad en Fuenlabrada: Piso de Tres Dormitorios con Terraza Acristalada y Excelente Comunicación. Descubre esta excelente oportunidad de vivienda en Fuenlabrada, ubicada en la zona de La Avanzada - La Cueva. Se trata de un piso de 66 m² con una distribución funcional, ideal para quienes buscan un hogar con grandes posibilidades de personalización. Características principales: Superficie: 66 m² construidos, con 60 m² útiles. Terraza: 7 m² acristalada, perfecta para disfrutar todo el año. Habitaciones: 3 dormitorios bien distribuidos. Baño: 1 baño completo. Estado: Para reformar, ofreciendo la posibilidad de diseñar el hogar a medida. Cocina: Espacio independiente con muebles instalados. Orientación: Sureste, lo que garantiza buena iluminación natural. Carpintería interior: Madera. Carpintería exterior: Aluminio. Suelo: Gres y parquet, ofreciendo una combinación de durabilidad y estética. Extras y comodidades: Este piso no solo destaca por su ubicación y posibilidades de reforma, sino también por una serie de extras que hacen la vida más cómoda y segura: Acceso PMR, facilitando el ingreso a personas con movilidad reducida. Armarios empotrados, ofreciendo gran espacio de almacenamiento. Ascensor, ideal para un acceso rápido y sin esfuerzo. Calefacción central, incluida en los gastos de comunidad. Jardín comunitario, para disfrutar de espacios verdes en el entorno. Puerta blindada, proporcionando mayor seguridad. Excelente luminosidad y suministro eléctrico adecuado. Ubicación y conexión inmejorables: Este piso cuenta con una de las mejores ubicaciones en Fuenlabrada, con accesibilidad a servicios, transporte y zonas de interés, tales como: Transporte público: Autobuses: líneas 2, 492, 493, N5 y N803. Metro: línea 12 (Parque de los Estados). Tren: línea C5 (La Serna), ubicado en la misma calle. Servicios cercanos: Centros comerciales y supermercados (Aldi en la misma calle). Centros médicos y hospitales (Hospital Universitario de Fuenlabrada). Educación: cerca de universidades (Universidad Rey Juan Carlos), colegios e institutos. Parques y zonas de esparcimiento. Gastos y accesos adicionales: Gastos de comunidad: 200 €/mes, incluyendo calefacción central y agua. Vías de acceso: Conexión rápida con M50, M507 y A42, lo que permite desplazamientos cómodos dentro y fuera de la ciudad. Este piso representa una oportunidad única para quienes buscan un hogar con excelente ubicación, amplias posibilidades de reforma y todas las comodidades necesarias. ¡Contáctanos para más información y ven a descubrirlo! Opportunity in Fuenlabrada: Three-Bedroom Apartment with Enclosed Terrace and Excellent Connectivity Discover this fantastic housing opportunity in Fuenlabrada, located in the La Avanzada - La Cueva area. This 66 m² apartment offers a functional layout, perfect for those seeking a home with great customization potential. Main Features Size: 66 m² built, 60 m² usable. Terrace: 7 m² enclosed, ideal for year-round enjoyment. Bedrooms: 3 well-distributed rooms. Bathroom: 1 full bathroom. Condition: Requires renovation, offering the chance to design the home to your taste. Kitchen: Independent space with installed cabinets. Orientation: Southeast, ensuring excellent natural lighting. Interior Carpentry: Wood. Exterior Carpentry: Aluminum. Flooring: Combination of ceramic and parquet, blending durability with aesthetics. Extras & Comfort This apartment stands out not only for its location and renovation possibilities but also for various extras that enhance comfort and security: PMR access, facilitating entry for people with reduced mobility. Built-in wardrobes, providing ample storage space. Elevator, for easy access. Central heating, included in community expenses. Community garden, offering pleasant green spaces. Armored door, ensuring g.",True,renew,False,True,2803.0,True,False,False,False,[],False,False,185000.0,€,,,flat,"La Avanzada - La Cueva, Fuenlabrada",Piso en avenida de los Andes,,,,190000.0,5000.0,3.0,
105197985,https://img4.idealista.com/blur/480_360_mq/0/id.pro.es.image.master/ca/69/ff/1244827345.webp,25,9,1700000.0,penthouse,sale,284.0,True,3,3,"paseo de la Dirección, 161",Madrid,Madrid,Tetuán,es,40.4679358,-3.7086742,True,https://www.idealista.com/inmueble/105197985/,"PRIVEE Homes presenta este exclusivo ático en el corazón de Madrid, donde el lujo se encuentra con la elegancia en cada detalle.  Este espectacular ático cuenta con unos 284 m² ofrece unas vistas incomparables al cielo de madrid, combinando la tranquilidad de la naturaleza con la vitalidad de la ciudad. Este inmueble cuenta ademas on una amplia terraza de 61m2 y vistas 360º a la ciudad de Madrid, ¡las mejores de la ciudad! El diseño de este ático es obra del afamado estudio de arquitectura Touza, lo que garantiza una calidad y estilo únicos.  Al entrar en la vivienda, encontramos un hall de entrada amplio que nos lleva a un salón luminoso y confortable con un amplio ventanal. La cocina está integrada en el salón, lo que permite una mayor luminosidad y amplitud en el espacio. La suite principal cuenta con baño en suite y 2 armarios empotrados, mientras que los otros 2 dormitorios dobles también tienen armarios empotrados. Además, hay 1 baño completo con bañera y lavabo sobre encimera y 1 baño de visita.  Ademas cuenta con 2 plazas de parking y trastero Este ático cuenta con un sistema de climatización por aerotermia, agua caliente individual por gas, paneles solares en cubierta, suelo radiante y una puerta de entrada blindada con cerradura de seguridad. Además, el edificio cuenta con vistas panorámicas únicas, 8 ascensores, 2 piscinas comunitarias (una en la azotea y otra en planta 0), gimnasio, spa, sauna, gastroteca, jardín comunitario, huerto urbano, conserjería 24 horas, videoportero de última generación, zona de coworking y salón de reuniones.  La ubicación de este ático es inmejorable, cerca del Paseo de la Castellana, IE, 4 Torres Business Área, Azca, estación de Chamartín y accesos a la M-30. Este inmueble es un icono de referencia de un modelo de barrio en crecimiento. Para más información y gestionar una visita puede ponerse en contacto con nosotros, estaremos encantados de poder atenderle.",True,good,False,True,5986.0,True,False,False,False,[],False,False,1700000.0,€,True,True,flat,"Valdeacederas, Madrid","Ático en paseo de la Dirección, 161",penthouse,PHSKY09,Valdeacederas,,,,
108852859,https://img4.idealista.com/blur/480_360_mq/0/id.pro.es.image.master/07/8d/75/1357034940.webp,31,1,441750.0,flat,sale,83.0,True,2,2,paseo de Santa María de la Cabeza,Madrid,Madrid,Usera,es,40.387349,-3.7127377,False,https://www.idealista.com/inmueble/108852859/,"Magnifica vivienda de diseño en el Paseo de Santa María de la Cabeza con terraza Totalmente reformada y lista para entrar a vivir. Diseño, luz y confort a solo 10 minutos del centro de Madrid.  Te presentamos esta impresionante vivienda reformada con altas calidades por Home Arquitech, estudio especializado en reformas integrales con estilo contemporáneo y atención al detalle.  El piso se encuentra ubicado en una primera planta exterior con ascensor, esta propiedad consta de 83 metros cuadrado construidos, que destacan por su luminosidad, distribución inteligente y acabados premium. DISTRIBUCIÓN:  - Suite principal con vestidor independiente, baño integrado y zona de despacho.  - Segunda habitación espaciosa con cama de matrimonio y armario empotrado.  - Segundo baño completo: moderno, funcional y con estilo.  - Salón comedor amplio, luminoso, ideal para relajarte o recibir visitas.  - Preciosa cocina americana semicerrada totalmente equipada con electrodomésticos Teka, perfecta para los amantes del diseño y la funcionalidad.  EXTRAS QUE MARCAN LA DIFERENCIA DE ESTA VIVIENDA:  - Salón con chimenea electiva muy luminoso  - Aire acondicionado - Terraza soleada - Garantía 3 años materiales - Completamente reformada  Espacios abiertos, bien aprovechados, pensados para tu confort y estilo de vida.  UBICACIÓN PRIVILEGIADA Ubicada en el número 135 del Paseo de Santa María de la Cabeza, esta dirección forma parte del barrio de Las Acacias en el distrito Arganzuela, una zona dinámica y bien comunicada junto al río Manzanares y con acceso directo al Puente de Praga. Excelente conexión con transporte público:  - Metro: Plaza Elíptica - A un paso de la M-30, con rápido acceso al centro y rodeado de comercios, servicios, colegios, oferta gastronómica y zonas verdes. - A 2 minutos M-30 - A 5 minutos Muy del Madrid Río  - A 10 minutos Atocha  - A 20 Barrio Salamanca ENTORNO NATURAL Y CULTURAL A TU ALCANCE:  - Madrid Río y Parque de la Arganzuela a 8 minutos caminando: más de 30 km de zonas verdes, ciclovías, fuentes y espacios para el ocio al aire libre. - Jardines de la Chopera y glorietas arboladas justo al salir de casa. - Muy cerca del Matadero Madrid, el Mercado Municipal renovado y la emblemática Fábrica Osram (BIC). SOBRE EL EDIFICIO:  - Ideal tanto como residencia habitual como para inversión por su ubicación estratégica y alta demanda en la zona.  - Con zonas ajardinadas en el edificio.  No dejes pasar esta oportunidad única de vivir o invertir en una de las zonas más vibrantes de Madrid.  ¿Quieres verlo en persona? Llama manos y agenda tu visita.",True,good,False,True,5322.0,True,False,False,False,[],False,False,441750.0,€,,,flat,"Moscardó, Madrid",Piso en paseo de Santa María de la Cabeza,,,Moscardó,,,,
108254880,https://img4.idealista.com/blur/480_360_mq/0/id.pro.es.image.master/73/dc/95/1361227976.webp,26,10,293000.0,flat,sale,73.0,True,3,1,calle de Quero,Madrid,Madrid,Latina,es,40.3893896,-3.762347,False,https://www.idealista.com/inmueble/108254880/,"¡Piso reformado, muy luminoso y silencioso en la última planta frente al Parque de Aluche! Se vende estupenda vivienda de 3 dormitorios, 1 baño, amplio salón y cocina independiente, con 73 m² construidos, en perfecto estado y lista para entrar a vivir: no necesita reforma. Ubicada en la décima y última planta del edificio, esta vivienda destaca por su tranquilidad total, ya que no hay vecinos arriba y no se escucha ruido de la calle. La doble orientación este-oeste garantiza una excelente luminosidad durante todo el día: salón y dormitorio principal con sol de mañana y el resto de estancias con sol de tarde, lo que permite una ventilación cruzada natural que mejora el confort en todas las épocas del año. Dispone de aire acondicionado, calefacción y agua caliente individual por caldera de gas. Las ventanas de aluminio nuevas ofrecen un gran aislamiento térmico y acústico. El edificio ha sido recientemente rehabilitado: se ha renovado por completo el revestimiento de la fachada, mejorando su aislamiento e impermeabilización, y se ha realizado la reforma integral de la cubierta. Además, la ITE ha sido pasada favorablemente, lo que aporta un valor añadido en términos de seguridad y eficiencia energética. Situado en calle Quero, justo frente al Parque de Aluche, en una zona tranquila y muy bien comunicada, entre las estaciones de metro de Aluche y Empalme, con acceso directo a transporte público, zonas verdes y todos los servicios necesarios a pocos pasos. Una vivienda ideal para quienes buscan luz, silencio, buena orientación y tranquilidad, sin necesidad de hacer reformas, en una ubicación con excelentes conexiones. ¡No dejes pasar esta oportunidad! Contáctanos para más información o para concertar una visita. Inveriba: Expertos en Gestión de Patrimonio Inmobiliario.",False,good,False,True,4014.0,True,False,False,False,[],False,False,293000.0,€,,,flat,"Aluche, Madrid",Piso en calle de Quero,,4905,Aluche,,,,
107778708,https://img4.idealista.com/blur/480_360_mq/0/id.pro.es.image.master/a6/cb/74/1323517251.webp,25,3,2259000.0,flat,sale,180.0,True,3,3,calle de Diego de León,Madrid,Madrid,Barrio de Salamanca,es,40.4344509,-3.6763039,False,https://www.idealista.com/inmueble/107778708/,"Exclusivo piso exterior en venta en Diego de León Lista, Madrid Ubicada en el prestigioso barrio de Lista, en pleno distrito de Salamanca, esta extraordinaria vivienda ha sido totalmente reformada para ofrecer el máximo confort y elegancia. Situada en un tercer piso exterior, destaca por su luminosidad y sus 197 m² catastrales, diseñados con acabados de alta calidad y una distribución funcional. Características principales: •Superficie: 197 m² catastrales •Distribución: 3 habitaciones, 3 baños completos •Cocina: Totalmente equipada, con electrodomésticos de alta gama •Extras: Cuarto de lavado, aire acondicionado y calefacción •Zonas exteriores: Balcón y terraza, perfectos para disfrutar del aire libre •Edificio: Con ascensor Ubicación privilegiada Situado en el exclusivo barrio de Lista, este piso ofrece una experiencia de vida sofisticada. A pocos pasos del Parque de María Eva Duarte de Perón, proporciona un entorno verde para el ocio y la relajación. Además, su cercanía al Mercado de la Paz garantiza acceso a una oferta gastronómica de primer nivel. La zona está rodeada de boutiques exclusivas, restaurantes gourmet y cafeterías de moda, además de contar con excelentes conexiones de transporte, lo que hace de esta propiedad una opción ideal para quienes buscan comodidad, estilo y exclusividad en el corazón de Madrid. ¡No dejes pasar esta oportunidad única de vivir en uno de los barrios más codiciados de la capital!",False,good,False,True,12550.0,True,False,False,False,[],False,False,2259000.0,€,,,flat,"Lista, Madrid",Piso en calle de Diego de León,,1119,Lista,,,,
109095320,https://img4.idealista.com/blur/480_360_mq/0/id.pro.es.image.master/39/cd/7d/1364221118.webp,39,2,194500.0,duplex,sale,87.0,True,2,2,calle Estrella de Elola,Madrid,Valdemoro,Centro,es,40.1904241,-3.6764853,False,https://www.idealista.com/inmueble/109095320/,"SOMOS AGENTES OFICIALES, NO COBRAMOS COMISIÓN AL COMPRADOR. VIVIENDA EN VENTA FLASH, NO SE ADMITEN OFERTAS POR DEBAJO DEL PRECIO PUBLICADO.  LA VIVIENDA ENTRARÁ EN SUBASTA SI HAY MAS DE UNA SOLICITUD DE COMPRA. Piso de 87 m² ubicado en Valdemoro, Madrid. Se trata de un piso de 87 m² distribuidos en salón-comedor, cocina, 2 dormitorios y 2 baños. Incluye un garaje de 25 m². Cuenta con ventanas tipo climalit, preinstalación de aire acondicionado por conductos, calefacción de gas natural individual, cocina amueblada con muebles altos y bajos, ascensor y acceso directo al garaje. La vivienda se encuentra en el núcleo urbano de Valdemoro, concretamente en la calle Estrella Elola, una de las vías principales del municipio, lo que garantiza una excelente ubicación y fácil acceso a todos los servicios. El edificio presenta una estructura moderna y funcional, con zonas comunes cuidadas y acceso adaptado. El piso destaca por su luminosidad y buena distribución, ofreciendo espacios amplios y confortables para la vida diaria. En la zona donde se sitúa el inmueble, los residentes disponen de una amplia variedad de servicios como supermercados (Mercadona, Carrefour Market), restaurantes, cafeterías, farmacias, instalaciones deportivas (Polideportivo Municipal Valdesanchuela), centros educativos (Colegio Público Pedro López de Lerena, IES Neil Armstrong), oficinas bancarias y otros comercios de proximidad. A escasos minutos se encuentra el Hospital Universitario Infanta Elena, uno de los centros sanitarios de referencia en la zona, así como el Centro de Salud Valdemoro. En cuanto a comunicaciones, la vivienda goza de excelentes conexiones tanto en transporte público como privado. A pocos minutos andando se localiza la estación de Cercanías Renfe Valdemoro (línea C-3), que conecta directamente con Madrid y otras localidades del sur. Además, varias líneas de autobús urbano e interurbano (como la 422 y la 423) enlazan Valdemoro con Madrid y municipios cercanos. Para el acceso en vehículo privado, la vivienda cuenta con rápidas salidas a la autovía A-4 (Madrid-Andalucía) y la M-423, facilitando los desplazamientos hacia la capital y otras zonas de la Comunidad de Madrid. Entre los puntos de interés cercanos destacan el Parque Bolitas del Airón, un gran espacio verde ideal para el ocio y el deporte al aire libre, así como el Centro Comercial El Restón, que ofrece una amplia oferta de tiendas y restauración. Con nuestros servicios podrá encontrar el piso que necesita y asegurar su inversión con el mejor de los asesoramientos especializados. Empiece ahora mismo pidiendo más información. Un responsable cercano a usted le atenderá personalmente.",False,good,False,True,2236.0,True,False,False,False,[],False,False,194500.0,€,,,flat,"Centro, Valdemoro",Dúplex en calle Estrella de Elola,duplex,MED-C6-09348,,,,,
109091886,https://img4.idealista.com/blur/480_360_mq/0/id.pro.es.image.master/0d/44/2b/1364432980.webp,16,bj,228000.0,flat,sale,80.0,True,2,2,Centro,Madrid,Navalcarnero,Centro,es,40.291638,-4.0096123,False,https://www.idealista.com/inmueble/109091886/,"Descubre esta excepcional propiedad ubicada en el corazón del área de Navalcarnero, ideal para quienes buscan un hogar cómodo y accesible.  Esta propiedad es especial porque. Este piso cuenta con una superficie útil de 60 m2, que incluye una amplia cocina office perfecta para disfrutar momentos familiares. Consta de dos dormitorios, uno de ellos en suite, y un segundo baño que da servicio al resto de la vivienda. Es la opción idónea tanto para parejas como familias pequeñas. La vivienda requiere reformas parciales que te permitirán personalizarla a tu gusto sin grandes inversiones iniciales. Además, destaca su versátil patio privado. Situada en un vecindario familiar, tendrás acceso caminando a todos los servicios esenciales: supermercados, ambulatorio, colegios, farmacia, transporte público (autobuses directos a Madrid Pio XII).  Todo ello sumado a su acceso adaptado desde la calle hasta la entrada principal y su precio competitivo, hacen que este inmueble sea aún más atractivo.  No pierdas esta oportunidad exclusiva; contáctanos hoy mismo! La vivienda se encuentra actualmente alquilada hasta 2026.",False,good,False,True,2850.0,False,False,False,False,[],False,False,228000.0,€,,,flat,"Centro, Navalcarnero",Piso,,07958,,,,,
109155443,https://img4.idealista.com/blur/480_360_mq/0/id.pro.es.image.master/d4/bb/20/1365927975.webp,27,5,777000.0,flat,sale,116.0,True,3,1,calle de Orense,Madrid,Madrid,Tetuán,es,40.4578952,-3.6966292,False,https://www.idealista.com/inmueble/109155443/,"GARANTÍA INMOBILIARIA VENDE vivienda ubicada en zona CUZCO. El inmueble consta de salón-comedor, cocina, 1 baño completo, 3 dormitorios y terraza. El inmueble tiene una superficie de 116m2 construidos, de los cuales 104m2 son de vivienda y 12m2 de elementos comunes. Instalaciones: - Suelos dependiendo de cada estancia - Puertas sapelly - Paredes gotelé - Ventanas de aluminio - Armarios empotrados en dormitorios - Recibidor con armario de cortesía  - 1 baño completo con plato de ducha  - Calefacción individual de gas natural con caldera comunitaria - Terraza abierta  Tiene una ubicación excepcional, combinando un ambiente residencial tranquilo con la vitalidad urbana. A escasos minutos dela estación de Metro Cuzco. Además, a su alrededor encontrarás accesiblemente todo tipo de servicios como supermercados, colegios, centros de salud y todo tipo de ocio. ¡FINANCIACIÓN HASTA UN 100%! No dude en ponerse en contacto con nosotros y venga a visitarla sin ningún compromiso. GARANTÍA INMOBILIARIA, PROTEGEMOS TU FUTURO.",False,renew,False,True,6698.0,True,False,False,False,[],False,False,777000.0,€,,,flat,"Cuzco-Castillejos, Madrid",Piso en calle de Orense,,,Cuzco-Castillejos,,,,
108738568,https://img4.idealista.com/blur/480_360_mq/0/id.pro.es.image.master/04/0c/07/1353703066.webp,29,,220000.0,chalet,sale,70.0,,4,1,calle de Ferraz s/n,Madrid,Alcalá de Henares,San Isidro - Los Almendros,es,40.4889397,-3.3625959,True,https://www.idealista.com/inmueble/108738568/,"AGENCIA INMOBILIARIA DE ALCALÁ DE HENARES, VENDE CASA ADOSADA EN BARRIO DE LA ESTACION La zona destaca por su cómoda accesibilidad desde la Nacional A-2, además cuenta con numerosas paradas de autobús urbano e interurbano, y la estación de Alcalá de Henares a sólo 5 minutos andando. Además la zona cuenta con una gran variedad de servicios como: Colegios, Institutos, centro de especialidades, Centro comercial Alcalá Magna, además de bancos, farmacias, bares y todo tipo de comercios. La vivienda está distribuida en dos plantas, se compone de: Planta Baja: Hall de entrada, salón, gran cocina, baño completo y un dormitorios. Patio con acceso al dormitorio de la panta baja Primera planta: Dos amplios dormitorios, un vestidor y terraza, que comunica uno de los dormitorios con otro No lo dude y venga a visitarlo sin compromiso. Y NO OLVIDE QUE PODEMOS CONSEGUIR HASTA EL 100% DE FINANCIACIÓN GRACIAS A NUESTRO DEPARTAMENTO DE INTERMEDIACIÓN FINANCIERA KIRON. ESTUDIOS DE VIABILIDAD GRATUITOS.",False,good,False,,3143.0,False,False,False,False,[],False,False,220000.0,€,,,chalet,"San Isidro - Los Almendros, Alcalá de Henares",Chalet adosado en calle de Ferraz s/n,terracedHouse,,,235000.0,15000.0,6.0,
109075246,https://img4.idealista.com/blur/480_360_mq/0/id.pro.es.image.master/9d/22/7e/1363658437.webp,67,,488000.0,chalet,sale,194.0,,3,3,CL HAYA DE LA,Madrid,Móstoles,Coimbra - Guadarrama,es,40.3111968,-3.9283394,False,https://www.idealista.com/inmueble/109075246/,"Fantastico chalet adosado en Parque Coimbra. Distribuido en 4 plantas, se compone de: Planta Sotano: garaje antiguamente diafano, actualmente con capacidad para dos coches, con puerta automatizada, salon de verano de unos 30 metros con acceso directo a patio trasero y cuarto trastero. Planta baja: Hall de entrada con cerramiento, amplia cocina con mesa esquinera para comer, aseo de servicio para dicha planta y salon independiente en L con acceso a terracita y bajada a zona de patio trasero. Planta primera: Compuesta por tres dormitorios, uno de ellos de matrimonio con baño integrado y otro baño completo para dar servicio a las otras dos habitaciones.  Planta Buhardilla: Zona diafana multiuso no escriturada, preparada para si se quiere hacer otra habitacion. Dispone de calefaccion en esta planta y ventilacion mediante ventana. Vivienda es estado excelente, con poco o nada que hacer si se quiere entrar a vivir. Calefaccion de gas natural individual.",False,good,False,,2515.0,True,False,False,False,[],False,False,488000.0,€,True,True,chalet,"Coimbra - Guadarrama, Móstoles",Chalet adosado en CL Haya De La,terracedHouse,,,,,,
108939356,https://img4.idealista.com/blur/480_360_mq/0/id.pro.es.image.master/63/59/46/1364447130.webp,40,1,849750.0,flat,sale,98.0,True,3,1,calle de Fuencarral,Madrid,Madrid,Chamberí,es,40.4313763,-3.702368,False,https://www.idealista.com/inmueble/108939356/,"Don Chamberí Inmobiliaria presenta en exclusiva esta interesante propiedad a reformar, ubicada en la emblemática calle de Fuencarral, a escasos metros de la glorieta de Quevedo y muy próxima a la renovada Plaza de Olavide, uno de los enclaves con más vida y personalidad del distrito de Chamberí. Situada en una primera planta exterior de un edificio representativo de estilo castizo madrileño, esta vivienda de 98 m² construidos conserva el carácter de las fincas clásicas de la zona, con dos balcones a la calle que aportan luz natural y vistas directas a una de las arterias más dinámicas del barrio. La propiedad se organiza en torno a un luminoso patio interior, lo que garantiza luz en prácticamente todas sus estancias. Actualmente requiere una reforma integral, ofreciendo así una magnífica oportunidad para diseñar una vivienda a medida, con el estilo y distribución que el comprador desee. Aspectos destacados: • Exterior, con dos balcones a la calle • Edificio con encanto, de corte clásico madrileño • Excelente orientación y entrada de luz natural • Ubicación privilegiada en una de las zonas más deseadas de Chamberí • Gran potencial de revalorización tras reforma Entorno único: En plena calle Fuencarral, con una oferta incomparable de tiendas, restaurantes, cafés, espacios culturales y excelentes conexiones de transporte.  Ideal tanto para vivir como para invertir en una de las zonas con mayor demanda del centro de Madrid. No dejes pasar esta oportunidad. Contacta con Don Chamberí Inmobiliaria y agenda una visita sin compromiso. Don Chamberí, tu inmobiliaria especializada en Chamberí.",False,renew,False,True,8671.0,True,True,False,False,[],False,False,849750.0,€,,,flat,"Trafalgar, Madrid",Piso en calle de Fuencarral,,562668,Trafalgar,,,,
108667984,https://img4.idealista.com/blur/480_360_mq/0/id.pro.es.image.master/01/c1/e1/1352658492.webp,11,5,2559000.0,flat,sale,183.0,True,3,3,Barrio Lista,Madrid,Madrid,Barrio de Salamanca,es,40.4347297,-3.6752753,False,https://www.idealista.com/inmueble/108667984/,"Álvora Capital Properties, estudio de arquitectura y consultora inmobiliaria de alta calidad en la gestión de activos prime en Madrid, les ofrece esta luminosa propiedad en quinta planta, totalmente reformada, exterior y en esquina, con una privilegiada orientación a dos calles y nada menos que seis ventanales que inundan la vivienda de luz natural durante todo el día. La vivienda cuenta con una excelente distribución con amplio salón comedor con salida directa a una terraza de 6m², cocina abierta, moderna y totalmente equipada, integrada en la zona social. La zona de noche se compone de tres dormitorios: dos de ellos en suite, y un tercero con baño independiente en el pasillo. El dormitorio principal destaca por su ubicación en esquina, gran capacidad de almacenaje, zona de tocador y baño privado. Se entrega totalmente amueblada y equipada, lista para entrar a vivir. Incluye además plaza de garaje de acceso directo, incluida en el precio. Próximamente publicaremos las fotos del estado finalizado.",False,good,False,True,13984.0,True,False,False,False,[],False,False,2559000.0,€,True,True,flat,"Lista, Madrid",Piso,,79797,Lista,,,,
108123647,https://img4.idealista.com/blur/480_360_mq/0/id.pro.es.image.master/03/f1/52/1334556307.webp,69,6,11900000.0,penthouse,sale,605.0,True,5,5,plaza del Marqués de Salamanca,Madrid,Madrid,Barrio de Salamanca,es,40.4298759,-3.6814988,False,https://www.idealista.com/inmueble/108123647/,"Maravilloso ático exterior con terraza y piscina privada, donde la luz y las vistas a Madrid son las protagonistas. La distribución está pensada al detalle. Cuenta con un amplio hall, por donde se accede a un magnífico salón y comedor independiente. Por otro lado, descubrimos cuatro dormitorios con cuarto de baño ensuite. Se diferencia la zona de servicio con una espaciosa cocina- office independiente, cuarto de plancha y dormitorio de servicio con su correspondiente cuarto de baño, creando de esta forma un área privada y recogida que dará servicio discreto a las zonas principales de la vivienda. Dispone de agradables terrazas, con piscina privada y solarium. Materiales nobles como suelo de pino, piedra natural y detalles como las molduras en las paredes aportan la calidez que hace de una vivienda un hogar. Incluye trastero y una plaza de garaje. Las zonas comunes incluyen un moderno gimnasio y piscina, completamente equipado con las mejores instalaciones para mantenerse en forma. Un wellness center para hacer que cualquier propietario disfrute sin salir de casa de momentos de relajación y cuidado. Servicio Concierge, aparcamiento privado con control de acceso restringido, acceso de servicio independiente y seguridad 24h.",True,good,False,True,19669.0,True,False,False,False,[],False,False,11900000.0,€,True,True,flat,"Castellana, Madrid",Ático en plaza del Marqués de Salamanca,penthouse,,Castellana,,,,
109063683,https://img4.idealista.com/blur/480_360_mq/0/id.pro.es.image.master/e8/fd/69/1363306454.webp,47,8,245000.0,flat,sale,66.0,True,3,1,avenida Juan de Austria,Madrid,Alcalá de Henares,Juan de Austria,es,40.4869469,-3.3537397,False,https://www.idealista.com/inmueble/109063683/,"Piso reformado en Avenida Juan de Austria – listo para entrar a vivir ¡Estupenda oportunidad! Vivienda totalmente reformada, situada en una de las zonas más demandadas, a menos de 10 minutos a pie del centro. Cuenta con 3 dormitorios, 1 baño completo con plato de ducha, salón con acceso a terraza y cocina independiente equipada con electrodomésticos. Características principales:  • Calefacción individual por gas natural  • Aire acondicionado  • Ventanas Climalit oscilobatientes  • Suelos de tarima  • Puerta blindada  • Muy luminosa  · Ascensor   Ubicada en una zona con todos los servicios: supermercados, colegios, transporte público y comercios. Ideal para entrar a vivir o como inversión. ¡No dejes pasar esta oportunidad!",False,good,False,True,3712.0,False,False,False,False,[],False,False,245000.0,€,,,flat,"Juan de Austria, Alcalá de Henares",Piso en avenida Juan de Austria,,00880B,,249000.0,4000.0,2.0,
107446998,https://img4.idealista.com/blur/480_360_mq/0/id.pro.es.image.master/e2/57/89/1312883348.webp,14,7,7350000.0,flat,sale,438.0,True,4,5,Barrio Almagro,Madrid,Madrid,Chamberí,es,40.4324773,-3.6942067,False,https://www.idealista.com/inmueble/107446998/,"DIZA Consultores les presenta señorial piso con grandes ventanales al exterior, en edificio representativo en la mejor zona de Almagro. En la séptima planta de un edificio construido a mediados del siglo XX, encontramos este piso de techos altos con 438 metros cuadrados, cuatro dormitorios, cinco baños y aseo para reformar. El salón se divide en diferentes y amplias estancias. Biblioteca, zona de estar, gran comedor.. . todas ellas con muchísima luz.  La zona de descanso está compuesta por cuatro dormitorios con baño en suite. La cocina cuenta con office, comedor de uso diario y zona de servicio. Los grandes y luminosos espacios de esta vivienda, permiten hacer volar la imaginación, convirtiéndola en una vivienda moderna de aire clásico en la mejor zona de la capital. La finca cuenta con portero físico todos los días de la semana, calefacción central y soberbio portal clásico. La propiedad incluye una plaza de garaje doble. El barrio de Almagro perteneciente al distrito Chamberí, se trata de una de las zonas más lujosas y con mejor calidad de vida de Europa. Gracias a la amplia oferta gastronómica, cultural y comercial, se trata de una formidable zona donde vivir e invertir. Estaremos encantados de atenderle. DIZA Consultores Inmobiliarios Inmobiliaria de lujo en Madrid especializada en comprar, vender y alquilar pisos en las zonas premium de Madrid: Barrio de Salamanca, Almagro, Chamartín, Retiro, Pozuelo, Aravaca, Boadilla. Convertimos Sueños en Hogares.",False,renew,False,True,16781.0,False,False,False,False,[],False,False,7350000.0,€,True,True,flat,"Almagro, Madrid",Piso,,DS-P77195B,Almagro,,,,
108982705,https://img4.idealista.com/blur/480_360_mq/0/id.pro.es.image.master/79/79/b6/1367350149.webp,39,bj,620000.0,flat,sale,75.0,True,3,1,calle de Andrés Mellado,Madrid,Madrid,Chamberí,es,40.4370676,-3.7150261,False,https://www.idealista.com/inmueble/108982705/,"  Descubre este encantador piso en planta baja, situado en una de las calles más emblemáticas y demandadas de Chamberí. Una vivienda que combina amplitud, luz natural y una ubicación inmejorable. Características que te enamorarán: 3 dormitorios de buen tamaño, perfectos para familia o despacho Salón espacioso con luz natural durante todo el día Cocina independiente con múltiples posibilidades de reforma Baño completo Altura de techos que aporta mayor amplitud Excelente orientación que garantiza luminosidad incluso en planta baja Ubicación privilegiada: En pleno corazón de Chamberí, la calle Andrés Mellado ofrece todos los servicios al alcance de tu mano: supermercados, comercios de barrio, restaurantes, centros de salud y zonas de ocio. Conectado con varias líneas de metro y autobús, y fácil acceso a las principales vías de Madrid. Ideal para vivir o invertir Una opción perfecta para quien busque una vivienda lista para habitar o un proyecto de reforma con gran potencial de revalorización. Alta rentabilidad en alquiler debido a la fuerte demanda en la zona. No dejes pasar esta oportunidad única en uno de los barrios más cotizados de Madrid. Llámanos hoy mismo y agenda tu visita.",False,good,False,True,8267.0,True,True,False,False,[],False,False,620000.0,€,,,flat,"Gaztambide, Madrid",Piso en calle de Andrés Mellado,,562790,Gaztambide,,,,
108538934,https://img4.idealista.com/blur/480_360_mq/0/id.pro.es.image.master/17/f4/b8/1347897674.webp,52,,697900.0,chalet,sale,316.0,,5,4,calle Gregorio Ordóñez,Madrid,Algete,,es,40.6118171,-3.5413301,False,https://www.idealista.com/inmueble/108538934/,"S I N H O N O R A R I O S AL C O M P R A D O R  � Chalet Adosado de Lujo en Soto del Duque – 317 m² de Elegancia, Espacio y Funcionalidad Con taller en buhardilla, zona de recreo en sótano y jardín privado. Una joya única en Algete. Exclusiva vivienda de alto standing en la prestigiosa urbanización Soto del Duque (Algete). Diseñada para quienes valoran la calidad, el espacio y la tranquilidad, esta propiedad ofrece un equilibrio perfecto entre funcionalidad, estilo y confort. � Distribución inteligente y versátil: Con 317 m² construidos, esta propiedad se distribuye en 4 plantas con espacios diferenciados y pensados para disfrutar cada rincón: � Planta principal (98 m²): Acceso desde jardín delantero con espacio para 2 vehículos Elegante hall recibidor, aseo de cortesía Cocina independiente completamente equipada, con zona office y salida a lavandería Espacioso salón comedor con chimenea de leña y acceso directo a la terraza y jardín privado Grandes ventanales y luz natural en todas las estancias � Primera planta (76 m²): 3 dormitorios amplios con armarios empotrados Dormitorio principal tipo suite con vestidor y baño privado Segundo baño completo y distribuidor central �️ Buhardilla (48 m²): Espacio diáfano con gran altura, perfecto como estudio, oficina o taller creativo Instalaciones preparadas para baño adicional Posibilidad de redistribución en hasta 2-3 habitaciones extra � Semisótano con luz natural (91 m²): Espacio multiusos con gran amplitud: zona de juegos, gimnasio, sala de cine o bodega Cuarto de plancha, trastero, aseo y espacio para bicicletas Excelente ventilación y luz natural, ideal también como zona de invitados � Exterior y entorno: Jardín privado con sistema de riego automático y zona de barbacoa Acceso a piscina comunitaria, zonas ajardinadas y parques infantiles Urbanización cerrada con vigilancia 24h, ideal para familias ⚙️ Equipamiento y calidades: Calefacción por gas natural Preinstalación de aire acondicionado Escalera de mármol en toda la vivienda Carpintería en madera natural, suelos impecables Puerta blindada, videoportero y salida de humos Galería, lavandería y trastero Instalación de fibra y línea telefónica � Ubicación privilegiada: Rápido acceso a la A-1 (Madrid y Sierra), transporte público, centros educativos, supermercados y zonas comerciales a pocos minutos. Todo lo que necesitas para vivir con tranquilidad y comodidad. � Una casa de lujo con alma práctica. Ideal para quienes buscan espacio para vivir, trabajar y disfrutar. ¡Solicita tu visita y siente la diferencia! DEHESA NORTE ¡ Permítenos guiarte a casa!",True,good,False,,2209.0,True,False,True,False,[],False,False,697900.0,€,True,True,chalet,Algete,Chalet adosado en calle Gregorio Ordóñez,terracedHouse,VIVI00028,,,,,
108628539,https://img4.idealista.com/blur/480_360_mq/0/id.pro.es.image.master/9d/14/37/1362447329.webp,31,bj,220000.0,flat,sale,50.0,False,1,1,paseo de Delicias,Madrid,Madrid,Arganzuela,es,40.3909321,-3.6866252,False,https://www.idealista.com/inmueble/108628539/,"EXCLUSIVA – DM Servicios Inmobiliarios presenta encantadora vivienda en Paseo de las Delicias (zona Legazpi) Ponemos a tu disposición esta acogedora planta baja de 50 m² construidos, una opción ideal tanto para inversión como para quienes buscan un hogar confortable en una de las áreas con mayor proyección de Madrid. La vivienda dispone de una habitación con armario empotrado, salón-comedor de distribución práctica y cómoda, perfecto para el día a día. Dispone además de cocina independiente totalmente equipada y baño completo con plato de ducha. Entre sus características destacan: •Suelos de tarima flotante •Ventanas de climalit •Puertas de madera •Aire acondicionado con bomba frío-calor •Calefacción eléctrica El edificio, construido en 1925 y en buen estado de conservación, dispone de ascensor. Su ubicación es inmejorable: a pocos metros de la estación de metro Legazpi (líneas 3 y 6), con excelentes conexiones de autobús y rodeada de todos los servicios: supermercados, comercios, restaurantes y zonas de ocio. A escasos minutos se encuentran Matadero Madrid, Madrid Río, el Parque Tierno Galván y el centro de la ciudad. Una oportunidad perfecta para inversores o particulares que busquen una vivienda lista para entrar a vivir en una zona dinámica y muy demandada de Madrid. � Contáctanos para ampliar información o concertar una visita.",True,good,False,True,4400.0,True,False,False,False,[],False,False,220000.0,€,,,flat,"Legazpi, Madrid",Piso en paseo de Delicias,,DMPD033,Legazpi,223000.0,3000.0,1.0,
106526862,https://img4.idealista.com/blur/480_360_mq/0/id.pro.es.image.master/a7/94/59/1285552394.webp,11,7,4100000.0,flat,sale,195.0,True,3,3,Barrio Ibiza,Madrid,Madrid,Retiro,es,40.4232465,-3.6793389,False,https://www.idealista.com/inmueble/106526862/,"DIZA Consultores les presenta piso alto con espectaculares vistas al Retiro. En una de las plantas altas de un edificio construido en los años 70, nos encontramos este exclusivo piso con unas vistas de ensueño, 195 metros cuadrados y una plaza de parking. Actualmente el piso se encuentra para reformar existiendo diferentes propuestas para ello. En la primera propuesta el salón-comedor con concina integrada quedaría muy amplio y luminoso con una isla preciosa. Tres dormitorios amplios, ambos con baño en suite y el principal con vestidor grande. Desde los grandes ventanales del salón y del dormitorio se puede contemplar el pulmón de la ciudad, el Parque del Retiro. En la segunda propuesta la zona de día quedaría un salón amplio y luminoso con una de las mejores vistas de todo Madrid y una cocina totalmente independiente para mayor comodidad. La casa quedaría con dos dormitorios amplios, ambos con baño en suite, aseo de cortesía y el principal con vestidor grande. La finca dispone de servicio de conserjería, vigilancia nocturna y zonas comunes. Situado en la zona residencial cerca de todos los comercios, colegios, tiendas, restaurantes y museos del barrio de Salamanca y a menos de 1 minuto andando del Retiro, se trata de una excelente vivienda para vivir o invertir. Estaremos encantados de atenderle. DIZA Consultores Inmobiliarios Inmobiliaria de lujo en Madrid especializada en comprar, vender y alquilar pisos en las zonas premium de Madrid: Barrio de Salamanca, Almagro, Chamartín, Retiro, Pozuelo, Aravaca, Boadilla. Convertimos Sueños en Hogares.",False,good,False,True,21026.0,False,False,False,False,[],False,False,4100000.0,€,,,flat,"Ibiza, Madrid",Piso,,DS-P77642B,Ibiza,,,,
