propertyCode,thumbnail,externalReference,numPhotos,floor,price,propertyType,operation,size,exterior,rooms,bathrooms,address,province,municipality,district,country,neighborhood,latitude,longitude,showAddress,url,description,hasVideo,status,newDevelopment,hasLift,priceByArea,hasPlan,has3DTour,has360,hasStaging,notes,topNewDevelopment,topPlus,priceInfo.price.amount,priceInfo.price.currencySuffix,detailedType.typology,suggestedTexts.subtitle,suggestedTexts.title,newDevelopmentFinished,parkingSpace.hasParkingSpace,parkingSpace.isParkingSpaceIncludedInPrice,priceInfo.price.priceDropInfo.formerPrice,priceInfo.price.priceDropInfo.priceDropValue,priceInfo.price.priceDropInfo.priceDropPercentage,detailedType.subTypology
108088505,https://img4.idealista.com/blur/480_360_mq/0/id.pro.es.image.master/cd/4d/dd/1345127763.webp,VPIS_4221,31,6,1495000.0,flat,sale,147.0,True,3,3,calle de José Abascal,Madrid,Madrid,Chamberí,es,Almagro,40.4379047,-3.6987568,False,https://www.idealista.com/inmueble/108088505/,"Home Select vende un precioso piso reformado en una de las mejores zonas del barrio de Chamberí. La vivienda cuenta con 143 m² construidos y dispone de tres habitaciones, de las cuales dos de sus baños son en suite, mientras que el tercer baño da servicio a la tercera habitación y también como baño de invitados.  La vivienda tiene mucha luz natural y una terraza ideal para disfrutar del entorno. Además, cuenta con una cocina abierta equipada con materiales extraordinarios, que aportan un toque moderno y elegante al conjunto.  ref: VPIS_4221.",True,good,False,True,10170.0,True,False,True,False,[],False,False,1495000.0,€,flat,"Almagro, Madrid",Piso en calle de José Abascal,,,,,,,
108573822,https://img4.idealista.com/blur/480_360_mq/0/id.pro.es.image.master/e9/89/18/1348844760.webp,c652fbee-dd22-40b7-a05c-c9198e484773,19,1,1680000.0,flat,sale,127.0,True,3,2,paseo de la Castellana,Madrid,Madrid,Tetuán,es,Cuatro Caminos,40.4538032,-3.68987,False,https://www.idealista.com/inmueble/108573822/,"Huspy ™ le invita a descubrir este magnífico piso completamente reformado. Destaca su cómoda y espaciosa distribución, su cocina con office totalmente equipada con electrodomésticos de alta gama, su salón comedor con vistas a la Castellana y la amplitud de sus dormitorios. El piso viene completamente amueblado con muebles de diseño y cuenta con aire acondicionado por conducto. Cuenta con numerosos armarios empotrados que facilitan el almacenamiento. Los acabados de la reforma hecha recientemente son de alta calidad, con ventanales amplios y cerramientos Cortizo que aseguran un excelente aislamiento térmico y sonoro. El portal cuenta con elevador lateral para sortear las escaleras de acceso. Cuenta con portero en horario comercial, incluyendo fines de semana y festivos. Ideal para quienes buscan comodidad y accesibilidad en una ubicación céntrica, este piso es una oportunidad única para vivir en una de las zonas más dinámicas de Madrid. Magnífica opción para inversores que buscan un activo en rentabilidad.  ¡No pierdas la oportunidad de convertir este espacio en tu nuevo hogar o de incluirlo en tu cartera de inversión!",False,good,False,True,13228.0,False,False,False,False,[],False,False,1680000.0,€,flat,"Cuatro Caminos, Madrid",Piso en paseo de la Castellana,,,,,,,
109215733,https://img4.idealista.com/blur/480_360_mq/0/id.pro.es.image.master/4c/80/b4/1367701206.webp,P2-1A,5,1,422664.0,flat,sale,139.0,True,3,2,"calle Cerro del Baile, 16",Madrid,San Sebastián de los Reyes,Dehesa Vieja-Puente Cultural,es,,40.5676485,-3.6117507,True,https://www.idealista.com/obra-nueva/109215733/,"Cerro del Baile Levels es un residencial de 76 viviendas VPPL.  Tipologías de 2 dormitorios en planta baja con jardín y ático. 3 dormitorios en planta baja con jardín, en planta intermedia y ático. 4 dormitorios en planta primera. Moderno y de diseño ubicado en el nuevo desarrollo Cerro del Baile en San Sebastián de los Reyes. Se desarrolla en régimen de cooperativa. Viviendas espaciosas, bien distribuidas y con terraza. Luminosas y sostenibles cuentan con aerotermia para maximizar al máximo la eficiencia y el ahorro energético. En esta misma línea el edificio dispondrá de un sistema de ventilación interior. Carpintería exterior que permitirá aislar completamente la temperatura y el ruido. Todas estás características harán de tu hogar un lugar vanguardista y de un confort que te hará disfrutar de tu hogar como te mereces.  Las cocinas se entregarán amuebladas e incluso podrás plantear opciones de distribución. Coste incluye dos plazas de garaje y un trastero. Hemos diseñado una vivienda que esté a la altura de lo que estás buscando, acogedora, bien distribuida y con una urbanización cerrada que incluye acceso por conserjería, piscina comunitaria, zonas verdes, recreo infantil, local multisusos y parking para bicicletas. La ubicación inmejorable, muy cerca de la Dehesa Boyal, del Outlet y del Hospital Infanta Sofía. Entrega prevista primera mitad 2029.",False,newdevelopment,True,True,3041.0,True,False,False,False,[],False,False,422664.0,€,flat,"Dehesa Vieja-Puente Cultural, San Sebastián de los Reyes","Piso en calle Cerro del Baile, 16",False,True,True,,,,
108111199,https://img4.idealista.com/blur/480_360_mq/0/id.pro.es.image.master/88/e0/c6/1334162297.webp,07388,48,bj,699000.0,duplex,sale,167.0,True,3,2,Viñas Viejas,Madrid,Boadilla del Monte,Viñas Viejas,es,,40.4150047,-3.8957721,False,https://www.idealista.com/inmueble/108111199/,"ESTA PROPIEDAD ES ESPECIAL PORQUE: Es un bajo dúplex de esquina muy luminoso con un jardín espectacular de más de 100m2 con orientación suroeste, en una de las urbanizaciones más prestigiosas y demandadas de Boadilla del Monte. Grandes ventanales rodean la casa permitiendo que el exterior y el interior se integren perfectamente. Sus espacios te permitirán la posibilidad de conseguir la distribución que más se adapte a tu estilo de vida, convirtiéndolo en la casa ideal para tu familia.  Desde el amplio salón comedor accedemos directamente al protagonista de este bajo, el gran jardín. Un espacio versátil donde podrá recibir a familia y amigos. Gracias a las puertas francesas, los metros se amplían, y podrá disfrutar de su enorme jardín durante casi todo el año. La cocina en tonos neutros será el alma de la casa. Es muy amplia, luminosa y podrá integrar la zona exterior de lavadero para aumentar su espacio y ganar aún más luz. También existe la posibilidad de unificar la cocina al salón para aquellos que prefieran este formato. El dormitorio principal en suite con su luz y gran almacenaje, ofrece una armonía especial, será tu pequeño oasis. Tiene también acceso directo al jardín. Al lado, nos encontramos con otro dormitorio que es ideal para niños y su propio baño justo al lado. En la planta inferior hayamos este magnífico espacio, un verdadero tesoro. Podrá usarlo como salón, despacho, habitación de juegos o invitados e incluso dividirlo en dos dormitorios con baño, consiguiendo así cuatro en total, algo que hará que su propiedad se revalorice inmediatamente. Además esta sala tienen acceso directo a un patio inglés con apertura en la parte superior, de manera que le aportará no solo luz natural si no también ventilación natural. Por si esto fuera poco, justo debajo de la vivienda, se encuentran las dos amplísimas plazas de parking, que dan cabida hasta tres vehículos. Esto aporta mucha comodidad, ya que el acceso a su hogar es inmejorable. Esta prestigiosa urbanización destaca por sus amplitud y buen cuidado, sus vistas despejadas y fabulosas zonas comunes (piscina exterior, piscina interior, gimnasio, sauna, campito de fútbol, pádel y zona infantil). En este hogar usted y sus hijos se sentirán seguros, jugarán con sus amiguitos, se bañarán en la piscina y usted podrá jugar al pádel o tomarse algo en su jardín para desconectar de todo y relajarse después de un largo día de trabajo. Un hogar que le ofrece la calidad de vida que siempre ha querido. ¡El hogar con el que siempre ha soñado! Todos los servicios a un paso para facilitarte el día a día (supermercados, farmacia, cafeterías, restaurantes, bancos, metro ligero...). 130m2 útiles+135m2 útiles jardín UNIVERSIDADES, COLEGIOS Y GUARDERÍAS: CEU, Francisco Vitoria, Universidad Europea de Madrid, Casvi, Mirabal, St. Michael´s, Virgen de Europa, Trinity College, José Bergamín Gutiérrez, Quercus, Ägora, Hélade, Teresa Berganza, Don Felipe. HOSPITALES Y CENTROS DE SALUD: Puerta de Hierro, Montepríncipe, Centro Mapfre, Centro de Salud. PUNTOS DE INTERÉS: Supercor, Lidl, Alcampo, Ahorramás, BM, Carrefour y Carrefour Market, Mercadona, Sánchez Romero, Aldi, Día, Hipercor de Pozuelo, El Corte Inglés Outlet, gimnasios, parques infantiles, parques caninos, Club de Las Encinas, Polideportivo Rey Felipe VI. TRANVIA: diversas paradas de metro ligero Boadilla-Colonia Jardín, conexión con línea 10 del metro. SERVICIOS Y OCIO: Av. Don Luis Infante, Av. Siglo XXI, Equinoccio Majadahonda, Centro Oeste Carralero. RED DE CARRETERAS: M50, M501, M513, M40, fácil acceso a la A6 y A5. ***El precio de venta no incluye los gastos de Notaría, Registro e impuestos.***.",True,good,False,True,4186.0,True,False,True,False,[],False,False,699000.0,€,flat,"Viñas Viejas, Boadilla del Monte",Dúplex,,True,True,720000.0,21000.0,3.0,duplex
109215785,https://img4.idealista.com/blur/480_360_mq/0/id.pro.es.image.master/3f/f4/ba/1367703508.webp,P6-1B,5,1,403125.0,flat,sale,131.0,True,3,2,"calle Cerro del Baile, 16",Madrid,San Sebastián de los Reyes,Dehesa Vieja-Puente Cultural,es,,40.5676485,-3.6117507,True,https://www.idealista.com/obra-nueva/109215785/,"Cerro del Baile Levels es un residencial de 76 viviendas VPPL.  Tipologías de 2 dormitorios en planta baja con jardín y ático. 3 dormitorios en planta baja con jardín, en planta intermedia y ático. 4 dormitorios en planta primera. Moderno y de diseño ubicado en el nuevo desarrollo Cerro del Baile en San Sebastián de los Reyes. Se desarrolla en régimen de cooperativa. Viviendas espaciosas, bien distribuidas y con terraza. Luminosas y sostenibles cuentan con aerotermia para maximizar al máximo la eficiencia y el ahorro energético. En esta misma línea el edificio dispondrá de un sistema de ventilación interior. Carpintería exterior que permitirá aislar completamente la temperatura y el ruido. Todas estás características harán de tu hogar un lugar vanguardista y de un confort que te hará disfrutar de tu hogar como te mereces.  Las cocinas se entregarán amuebladas e incluso podrás plantear opciones de distribución. Coste incluye dos plazas de garaje y un trastero. Hemos diseñado una vivienda que esté a la altura de lo que estás buscando, acogedora, bien distribuida y con una urbanización cerrada que incluye acceso por conserjería, piscina comunitaria, zonas verdes, recreo infantil, local multisusos y parking para bicicletas. La ubicación inmejorable, muy cerca de la Dehesa Boyal, del Outlet y del Hospital Infanta Sofía. Entrega prevista primera mitad 2029.",False,newdevelopment,True,True,3077.0,True,False,False,False,[],False,False,403125.0,€,flat,"Dehesa Vieja-Puente Cultural, San Sebastián de los Reyes","Piso en calle Cerro del Baile, 16",False,True,True,,,,
109196659,https://img4.idealista.com/blur/480_360_mq/0/id.pro.es.image.master/c7/ba/52/1367141756.webp,07982,34,,1195000.0,chalet,sale,290.0,,4,2,Bonanza,Madrid,Boadilla del Monte,Bonanza,es,,40.4462192,-3.9030746,False,https://www.idealista.com/inmueble/109196659/,"Para los que siempre han soñado con vivir en un entorno verde, tranquilo y seguro, y con esa sensación de estar de vacaciones cada día. Si está buscando un HOGAR para actualizar a su gusto, que ofrezca el espacio necesario para usted y los suyos, con un jardín consolidado y pensado para el disfrute, lo acaba de encontrar. Se trata de un chalet independiente de unos 300m2 construidos en una parcela de 2030m2. Al entrar nos encontramos con el salón comedor en dos ambientes separados por una preciosa chimenea, desde donde se accede por una escalera a una sala multiusos en una planta inferior. También desde el salón accedemos a la magnífica terraza rodeada de naturaleza y con vistas parciales a la sierra de Madrid. En esta misma planta se encuentra la cocina con despensa-fresquera, dos habitaciones de grandes dimensiones y un baño con ducha. En la planta superior se hayan otros dos dormitorios de generosas dimensiones y un segundo baño en este caso con bañera. Todas las estancias poseen grandes ventanales aportando una preciosa luz y permitiendo que el exterior y el interior se fundan. Otro de los grandes atractivos de esta propiedad es la privacidad que aporten los árboles. Ubicado en Bonanza, una de las urbanizaciones más exclusivas y seguras del noroeste de Madrid (cuenta con vigilancia/coches patrulla 24horas). Una zona privilegiada, rodeada de todo tipo de servicios, hospitales, centros comerciales, y a escasos minutos caminando de algunos de los mejores colegios de Madrid. Comunicación: bus líneas 3 y 567, fácil acceso por M-40, M-50, M-511, M-513, M-516 y metro ligero. ***El precio de venta no incluye los gastos de Notaría, Registro e impuestos. ***.",True,renew,False,,4121.0,True,False,True,False,[],False,False,1195000.0,€,chalet,"Bonanza, Boadilla del Monte",Casa independiente,,True,True,,,,independantHouse
108246995,https://img4.idealista.com/blur/480_360_mq/0/id.pro.es.image.master/9b/72/85/1338352368.webp,4229,55,,620000.0,chalet,sale,500.0,,8,3,calle Alemania,Madrid,Villalbilla,,es,,40.4491625,-3.3707316,False,https://www.idealista.com/inmueble/108246995/,"ALTOR ASESORES OFRECE: Exclusivo Chalet en la Mejor Zona de Villalbilla – Espacio, Confort y Seguridad Presentamos este magnífico chalet independiente ideal para familias, ubicado en la zona más prestigiosa, tranquila y segura de Villalbilla. Perfecta para disfrutar de la vida en armonía, comodidad y calidad de vida. La vivienda cuenta con amplios espacios interiores luminosos y exteriores, con 500 m² construidos y 460 m² útiles, esta propiedad se alza sobre una sólida construcción del año 1994, mantenida en excelente estado. Dispone sistema de aire acondicionado, ventanas Climalit doble, que garantizan aislamiento térmico y acústico, placas solares, que aportan eficiencia energética y ahorro, trastero, piscina privada, garaje.  8 amplias habitaciones y 3 baños completos, lo que la convierte en una opción perfecta para familias grandes, teletrabajo o proyectos residenciales de alta capacidad. Dispone de terraza y balcón, ideales para disfrutar del aire libre y las vistas de una zona tranquila y bien comunicada. El inmueble cuenta con múltiples comodidades: Portero físico Servicio de seguridad 24H Jardines Piscina comunitaria Centro comercial interno Pista de Pádel Ofrece un entorno perfecto y privilegiado, para compartir en familia o relajarse al aire libre con detalles de calidad que lo convierten en el lugar ideal para crear recuerdos inolvidables en familia.",False,good,False,,1240.0,True,False,True,False,[],False,False,620000.0,€,chalet,Villalbilla,Chalet adosado en calle Alemania,,True,True,650000.0,30000.0,5.0,terracedHouse
108585321,https://img4.idealista.com/blur/480_360_mq/0/id.pro.es.image.master/a2/bd/ec/1349179379.webp,EG6410,72,bj,185000.0,flat,sale,88.0,True,2,1,Rinconada,Madrid,Alcalá de Henares,Rinconada,es,,40.475285,-3.3707784,False,https://www.idealista.com/inmueble/108585321/,"Alcalá Inmobiliaria presenta este encantador piso en La Rinconada, una ubicación privilegiada a escasos metros del Casco Histórico de Alcalá de Henares. Este piso ofrece 88 m² construidos y 65 m² útiles, con una distribución cómoda y funcional pensada para aprovechar al máximo cada rincón. Al entrar en la vivienda, accedemos directamente a un amplio salón-comedor de 24 m² que, además de ser el corazón de la casa, cuenta con un práctico armario empotrado. A la derecha encontramos el baño totalmente reformado en 2022, con un moderno plato de ducha; la cocina independiente, funcional y bien organizada; y el armario del recibidor. Frente al salón, un pequeño distribuidor nos conduce a la zona de descanso, con dos dormitorios: el principal, muy espacioso, con 15 m², y un segundo dormitorio de 7 m² ideal como habitación infantil, de invitados o despacho. La vivienda cuenta con carpintería exterior de aluminio lacado con doble acristalamiento Climalit, carpintería interior en sapely, suelos de gres porcelánico, calefacción eléctrica y agua caliente mediante termo eléctrico. Su orientación noroeste permite disfrutar de una luz suave y agradable durante las tardes. Una opción ideal tanto para vivir como para invertir, gracias a su cercanía al centro histórico, su buena conexión y cercanía con todos los servicios públicos y privados, y su excelente estado de conservación. ¡No dejes pasar esta oportunidad de hacer realidad tus sueños en una ubicación inmejorable! Contáctanos hoy mismo para obtener más información. NO COBRAMOS COMISIÓN A COMPRADORES Nos encargamos de toda la gestión de la compra Y además, ponemos a tu disposición nuestro departamento de hipotecas totalmente gratuito para buscarte las mejores condiciones del mercado. ¿Quieres saber cuanto se te quedaría de letra al mes? ¿Quieres saber que impuestos conlleva una compra-venta? LLÁMANOS SIN COMPROMISO Y PROGRAMAREMOS UNA VISITA Los metros de la vivienda están contrastados según catastro y registro.   El mobiliario y artículos que aparecen en el inmueble NO son vinculantes y pueden NO estar incluidos  Este anuncio puede cometer errores En los precios de venta NO están incluidos impuestos legales ni gastos de escrituración.",False,good,False,False,2102.0,True,False,True,False,[],False,False,185000.0,€,flat,"Rinconada, Alcalá de Henares",Piso,,,,,,,
109216357,https://img4.idealista.com/blur/480_360_mq/0/id.pro.es.image.master/4a/00/e3/1334037387.webp,2-B,8,2,490000.0,flat,sale,68.0,True,2,1,"calle Navarra, 16",Madrid,Madrid,Tetuán,es,Bellas Vistas,40.4537389,-3.7040362,True,https://www.idealista.com/obra-nueva/109216357/,"Promoción de 20 viviendas en c/ Navarra, en pleno corazón del Barrio de Tetuán, una de las zonas más conectadas, vibrantes y en transformación de Madrid. Ideal tanto para jóvenes que buscan su primera vivienda como para inversores que apuestan por una ubicación estratégica y en auge. A escasos minutos de Cuatro Caminos, Nuevos Ministerios y del espectacular nuevo Estadio Santiago Bernabéu, este enclave ofrece una combinación perfecta entre tradición y modernidad, con toda clase de servicios disponibles, y todo ello en un entorno joven, dinámico y con una revalorización inmobiliaria asegurada. Conectividad total: Metro (L1, L2, L6 y L10) Cercanías en Nuevos Ministerios Múltiples líneas de autobús Fácil acceso a M-30 y A-6 Tanto si buscas tu primera vivienda en Madrid como si quieres invertir en una zona con gran proyección y alta demanda de alquiler, Abauco Tetuán es tu sitio. ¡Seguimos construyendo sueños!",False,,True,True,7206.0,True,False,False,False,[],False,False,490000.0,€,flat,"Bellas Vistas, Madrid","Piso en calle Navarra, 16",False,,,,,,
107765990,https://img4.idealista.com/blur/480_360_mq/0/id.pro.es.image.master/c6/7d/5c/1346009323.webp,D.CH.,49,19,690000.0,flat,sale,100.0,True,2,1,calle de Dulce Chacón,Madrid,Madrid,Hortaleza,es,Virgen del Cortijo - Manoteras,40.4881311,-3.6705927,False,https://www.idealista.com/inmueble/107765990/,"ESTUDIO HOME MADRID OFRECE espectacular piso de 100 m2 según Catastro, en decimonovena planta, nueva construcción, situado en una de las mejores zonas residenciales de Madrid, en la zona nueva de Virgen del Cortijo, con orientación Este y Sur, con amplias y lujosas zonas comunes, en perfecto estado conservación. Según su distribución actual, la vivienda cuenta con recibidor que incluye armario de dos cuerpos; salón – comedor – cocina amueblada y totalmente equipada, con inmejorables vistas al oeste; dos dormitorios, con dos armarios empotrados en el principal y uno en el secundario; un cuarto de baño completo con ducha. Dispone de plaza de garaje y trastero incluidos en el precio con acceso directo al ascensor del edificio. Respecto a sus calidades, cuenta con puerta de entrada acorazada; ventanas de aluminio lacadas en grafito, con aislamiento térmico y acústico con cristal del tipo Climalit, además de persianas motorizadas y domotizadas; puertas de estructura maciza lacadas en blanco y rayado horizontal; suelo de tarima de gran formato y gres porcelánico en baños; paredes con pintura lisa; calefacción por suelo radiante; aire acondicionado por conductos en toda la casa y control por domótica. Urbanización de lujo muy cuidada, de aspecto minimalista, cuenta con conserje 24h, piscina con gran pradera de césped, zona infantil, dos pistas de pádel y zonas comunes de recreo interiores y azotea con gastrobar, piscina y una de las mejores vistas de Madrid. Cuenta también con gimnasio, sauna, jacuzzi. Está ubicada en la zona norte de la ciudad de Madrid, dentro del distrito municipal de Hortaleza en la zona nueva de Virgen del Cortijo.  Se trata de una zona residencial muy tranquila, rodeada de parques como el Parque Forestal de Valdebebas y cuenta con todos los servicios (centros médicos, colegios, supermercados, centro comercial Corte Ingles, bancos, etc.). Muy bien comunicada con el centro de la ciudad, a través de diferentes líneas de autobuses (150, 158, 173, 174) que conectan tanto con Pinar de Chamartín en Hortaleza y con el intercambiador de Plaza de Castilla y líneas de metro ligero ML1 a escasos 100 metros de la vivienda, cercano a paradas de Metro (estaciones María tudor, Blasco Ibáñez). Con fácil acceso en coche a la carretera A1, M11, M30 y M40. ESTUDIO HOME MADRID, agencia inmobiliaria con 20 años de experiencia en el sector, les ofrece asesoramiento jurídico, fiscal y financiero, realizando un seguimiento personalizado durante todo el proceso de compraventa. Agencia inmobiliaria inscrita en el RAIN (Registro de Agentes Inmobiliarios de la Comunidad de Madrid).",True,good,False,True,6900.0,True,False,False,False,[],False,False,690000.0,€,flat,"Virgen del Cortijo - Manoteras, Madrid",Piso en calle de Dulce Chacón,,True,True,,,,
108628071,https://img4.idealista.com/blur/480_360_mq/0/id.pro.es.image.master/82/d2/72/1350654424.webp,CH-426778,31,5,1395000.0,flat,sale,144.0,True,3,3,Barrio El Viso,Madrid,Madrid,Chamartín,es,El Viso,40.4486928,-3.6781138,False,https://www.idealista.com/inmueble/108628071/,"ÚNICA Inmobiliaria les ofrece este bonito piso de esquina que gracias a su altura y sus orientaciones goza de una luz espléndida. Hablamos de una superficie de 144m2 que se articula a través de un hall de entrada que nos da paso por un lado a un gran salón-comedor en dos ambientes y una amplia cocina también independiente con entrada de servicio.  En cuanto a la zona de descanso cuenta con tres dormitorios dobles (siendo el principal en suite) y otro cuarto de baño completo, además de un aseo de cortesía.  Toda la vivienda fue reformada con excelentes calidades, entre las que cabe destacar, carpinterías exteriores con Rotura de Puente Térmico, persianas motorizadas y carpinterías interiores tanto de puertas como de armarios de roble y suelos de tarima maciza.  También cuenta con calefacción central con consumos individualizados, aire acondicionado. Ubicada en una buena finca con una situación excepcional dentro del barrio del Viso, con todos los servicios, transportes, colegios y dotaciones a un paso.  El Viso representa un exclusivo oasis residencial sobre el asfalto de la capital y cuya arteria principal es la calle Serrano. El prestigioso barrio nació de la mano del arquitecto Rafael Bergamín en los años 30 del siglo pasado con vocación social y de segundas residencias.   Terrenos que se encontraban en las afueras de la ciudad y sobre los que se experimentó un estilo diferente de construcción. Varios urbanistas de la época que estudiaron en Alemania importaron de este país el nuevo concepto de arquitectura racionalista y de ahí que muchas casas de El Viso imiten a pequeños palacetes. En Única Inmobiliaria aglutinamos más de veinte años de experiencia en el sector del lujo. Contamos con una amplia trayectoria que avala nuestra gestión trabajando alrededor de las zonas más exclusivas de Madrid: Barrio de Salamanca, Recoletos, Almagro, Chamartín, Retiro, Justicia….",False,good,False,True,9688.0,True,False,True,False,[],False,False,1395000.0,€,flat,"El Viso, Madrid",Piso,,,,,,,
109220542,https://img4.idealista.com/blur/480_360_mq/0/id.pro.es.image.master/f4/d8/a2/1367852632.webp,,22,3,1990000.0,flat,sale,283.0,True,6,4,Barrio Arapiles,Madrid,Madrid,Chamberí,es,Arapiles,40.433317,-3.7083682,False,https://www.idealista.com/inmueble/109220542/,"**Gran piso señorial de 283 m² con 6 habitaciones en edificio con ascensor – Ideal para reformar y personalizar** Se ofrece en venta esta magnífica propiedad de **283 m² construidos (253 m² útiles)**, ubicada en la **tercera planta de un edificio con ascensor**, en una zona residencial consolidada, tranquila y con todos los servicios al alcance. Un piso **amplio, luminoso y con gran potencial de reforma**, ideal tanto para grandes familias como para inversores que deseen transformar este espacio en una vivienda exclusiva. **Distribución y espacios** La vivienda destaca por su **generosa superficie** y distribución versátil, actualmente compuesta por: * **6 habitaciones** de buen tamaño, todas con ventanas exteriores. * **4 baños completos**, con ventilación natural. * Amplio **salón-comedor con gran ventanal**, perfecto para crear una zona de día confortable y elegante. * Cocina independiente con acceso a zona de servicio. * Espacioso hall de entrada que da paso a una cómoda distribución de estancias. Además, la propiedad incluye un **trastero**, ofreciendo espacio extra de almacenamiento, algo muy valorado en viviendas de esta categoría. **Características adicionales** * **Orientación norte y este**, lo que garantiza **una buena entrada de luz natural por las mañanas** y una temperatura agradable durante todo el día. * **Calefacción central de gas**, ideal para mantener una temperatura homogénea en todas las estancias durante los meses fríos. * El edificio dispone de **ascensor** y se encuentra en buen estado de conservación.  **Estado de conservación** El piso se encuentra en estado de **segunda mano y necesita reforma**, lo que brinda una **excelente oportunidad para personalizar cada detalle a tu gusto**. Su amplitud y distribución permiten múltiples posibilidades de redistribución, tanto en estilo clásico como moderno. Un lienzo en blanco con enorme potencial. **Ideal para...** * Familias numerosas que buscan una vivienda espaciosa en una zona bien comunicada. * Profesionales que necesitan un piso con despacho o zonas de teletrabajo. * Inversores que deseen crear una propiedad de alto valor tras una reforma integral. **Ubicación** Situado en una **zona residencial bien comunicada**, con fácil acceso a transporte público, comercios, colegios, centros de salud y zonas verdes. Un entorno ideal para vivir con comodidad, sin renunciar a la tranquilidad. **No pierdas la oportunidad de visitar esta vivienda única y descubrir todo su potencial. Contáctanos para más información o para agendar una visita.**.",False,renew,False,True,7032.0,False,False,False,False,[],False,False,1990000.0,€,flat,"Arapiles, Madrid",Piso,,,,,,,
107379207,https://img4.idealista.com/blur/480_360_mq/0/id.pro.es.image.master/0f/f5/44/1314795469.webp,426514,31,2,920000.0,flat,sale,80.0,True,2,2,Barrio Ibiza,Madrid,Madrid,Retiro,es,Ibiza,40.4187836,-3.6752739,False,https://www.idealista.com/inmueble/107379207/,"UNICA Inmobiliaria, les presenta una estupenda vivienda que ha sido reformada de manera integral, situada en una de las calles más destacadas del barrio de Ibiza, a 10 minutos del Retiro.  La zona social del inmueble recibe una fantástica luz por su orientación oeste con balcón y una amplia ventana. Destacamos la altura de los altos techos otorgan una sensación de mayor amplitud. Su cocina incorporada en el salón se entrega completamente equipada. La zona de descanso está compuesta por el dormitorio principal en suite con vestidor incorporado, y otra segunda habitación doble. En cuanto a calidades, destacamos los cerramientos de PVC, con doble acristalamiento, aire acondicionado. Las puertas están lacadas en blanco.  Dispone de portero físico, en la finca. El portal ha sido reformado recientemente dispone de fácil acceso para personas con movilidad reducida.  En el distrito de Retiro, la zona de Ibiza es una zona residencial que cuenta con una amplia dotación de comercios, restaurantes, cafeterías, lo que convierte a la zona en una de las más animadas de la capital.  Cuenta con todos los servicios necesarios: mercados y supermercados, centros de belleza, grandes almacenes, colegios, instalaciones deportivas y centros de salud, así como el Hospital Universitario Gregorio Marañón y el del Niño Jesús. El Parque del Buen Retiro es el auténtico protagonista de este barrio de Madrid. Este parque público, es uno de los lugares preferidos de los madrileños, considerado como una de las principales atracciones turísticas de la capital, y posee figuras arquitectónicas y paisajísticas desde el siglo XVII al XXI. Las comunicaciones y medios de transporte son excelentes. Dispone de varias líneas de autobuses urbanos y estaciones de metro como las de Ibiza, Retiro y Sainz de Baranda, así como salida directa a la M-30. En Única Inmobiliaria aglutinamos más de veinte años de experiencia en el sector del lujo. Contamos con una amplia trayectoria que avala nuestra gestión trabajando alrededor de las zonas más exclusivas de Madrid: Barrio de Salamanca, Recoletos, Almagro, Chamartín, Retiro, Justicia….",False,good,False,True,11500.0,True,False,True,False,[],False,False,920000.0,€,flat,"Ibiza, Madrid",Piso,,,,,,,
108442463,https://img4.idealista.com/blur/480_360_mq/0/id.pro.es.image.master/f5/75/99/1344999610.webp,93031,27,2,275000.0,flat,sale,97.0,True,2,1,calle del Teniente Compaired,Madrid,Madrid,Usera,es,Pradolongo,40.3826427,-3.7061589,False,https://www.idealista.com/inmueble/108442463/,"Luminoso piso exterior con amplia terraza en zona Usera – Madrid Situado en una zona tranquila y bien comunicada del distrito de Usera, a un paso de la calle Dolores Barranco, futura calle peatonal donde encontraras todo tipo de comercio, tiendas, restaurantes etc. Este piso exterior ofrece una superficie construida de 97 m², de los cuales 75 m² son útiles, con una distribución cómoda y funcional. La vivienda cuenta con un espacioso salón de 23 m² muy luminoso, con salida a una terraza abierta, dos dormitorios, principales uno de ellos con armario empotrado, cocina equipada con acceso a terraza-tendedero, y un cuarto de baño completo con plato de ducha y ventana exterior. Entre sus calidades destacan los suelos de tarima y gres cerámico, ventanas de aluminio con doble acristalamiento tipo Climalit, puertas interiores de madera, calefacción eléctrica, aire acondicionado en el salón y puerta de acceso blindada. La propiedad incluye un gran trastero de 15 m² ubicado en la cubierta del edificio, ideal como espacio adicional de almacenamiento. Aunque el edificio no dispone de ascensor, los tramos de escalera son cortos, cómodos y de fácil acceso. La zona dispone de una amplia oferta de servicios, comercios, centros educativos y zonas verdes, ideal tanto para familias como para quienes buscan tranquilidad sin alejarse del centro de Madrid. En cuanto a comunicaciones, la vivienda se encuentra a escasos minutos de la estación de metro Usera (línea 6) y también próxima a la estación Plaza Elíptica (líneas 6 y 11), lo que permite una excelente conexión con toda la ciudad. Además, varias líneas de autobús como la 55, 81, 247 y N17 operan en las inmediaciones. Destaca el Centro de Salud a 150 metros, la Junta Municipal de Usera a 250 metros y el Parque Pradolongo a 5 minutos. El acceso en vehículo privado es rápido gracias a la cercanía con la A-42, M-30 y otras vías principales. Una opción interesante por su buena ubicación, distribución y terraza, ideal para quienes buscan vivienda principal o una inversión con buen potencial en el sur de Madrid. Grupo Mejocasa, somos un equipo dedicado a ofrecer el mejor servicio inmobiliario en toda la Comunidad de Madrid. Contamos con cuatro oficinas estratégicamente ubicadas en los barrios de Chamberí-centro, Ciudad Lineal-Salamanca, Hortaleza-Las Tablas y Canillejas-Metropolitano, lo que nos permite tener un amplio alcance y conocimiento del mercado en todas las zonas de la ciudad. Nos enorgullece ofrecer un servicio integral, gracias a nuestro Método de trabajo que abarca todos los aspectos necesarios para una experiencia inmobiliaria satisfactoria. No solo nos especializamos en la compra y venta de propiedades, sino que también brindamos asesoramiento completo para que nuestros clientes tomen decisiones informadas y seguras.",True,good,False,False,2835.0,True,False,True,True,[],False,False,275000.0,€,flat,"Pradolongo, Madrid",Piso en calle del Teniente Compaired,,,,280000.0,5000.0,2.0,
100781944,https://img4.idealista.com/blur/480_360_mq/90/id.pro.es.image.master/f4/2e/3c/1086626371.webp,TKMD,30,4,650000.0,penthouse,sale,76.0,True,1,1,"calle de la Madera, 27",Madrid,Madrid,Centro,es,Malasaña-Universidad,40.4237562,-3.7041974,True,https://www.idealista.com/inmueble/100781944/,"TuKsa Madrid ofrece en alquiler exclusiva vivienda en el corazón de Malasaña, calle de la Madera. Posicionado en 4° planta, siendo la última de la finca. Goza de unas vistas privilegiadas y una gran luz natural gracias a su orientación sureste. La vivienda tiene un diseño moderno y un ambiente diáfano con techos muy altos donde se comparte el salón-comedor y la cocina semi incorporada totalmente amueblada y equipada con electrodomésticos de 1ª marcas. Dormitorio independiente con cama matrimonial y amplios armarios. Un baño independiente con bañera en microcemento. Para acceder a la segunda planta se accede a través de una escalera de caracol. Toda la superficie es abuhardillada con zona de sofá a modo lectura o para invitados. Además existe una zona independiente a modo de trastero. Gran aislamiento tanto térmico como acústico. Calefacción individual mediante radiadores con caldera de gas. Aire acondicionado en salón y dormitorio. Localización inmejorable en el barrio más pop y alternativo de Madrid. Es una zona dinámica de estudiantes con cafeterías, panaderías, tiendas de ropa vintage y espacios abiertos apetecibles de la capital. La histórica plaza del Dos de Mayo, repleta de animados bares y puestos de mercado durante los fines de semana, es un popular punto de encuentro. Perfectas comunicaciones con metro San Bernardo (L2 L4) y Bilbao (L1 L4).",True,good,False,False,8553.0,True,False,True,False,[],False,False,650000.0,€,flat,"Malasaña-Universidad, Madrid","Ático en calle de la Madera, 27",,,,,,,penthouse
105041538,https://img4.idealista.com/blur/480_360_mq/0/id.pro.es.image.master/2d/6e/38/1299998926.webp,21958,29,9,3300000.0,penthouse,sale,137.0,True,2,2,Barrio Malasaña-Universidad,Madrid,Madrid,Centro,es,Malasaña-Universidad,40.4219152,-3.7031678,False,https://www.idealista.com/inmueble/105041538/,"Sotheby´s le ofrece este impresionante ático en el edificio de obra nueva de Gran Vía, pisto para entrar a vivir! La vivienda cuenta con un amplio salón-comedor y una cocina de concepto semi-abierto, dos habitaciones dobles y dos baños completos (uno de ellos en suite), un vestíbulo de entrada y dos grandes terrazas. La calefacción y el aire acondicionado se controlan mediante un sistema radiante-refrescante de suelo con termostatos, complementado por un sistema de aire acondicionado por conductos. La puerta original de la propiedad ha sido conservada, y los techos presentan molduras que replican las originales, aportando un toque de elegancia. Las contraventanas metálicas de tono oscuro respetan la estética original del edificio. Las puertas interiores y los armarios están hechos de madera lacada en blanco, y los suelos son de tablas de madera. Además, la propiedad cuenta con un sistema domótico.  El portal y las escaleras originales del edificio han sido restaurados, e incluye un ascensor y un portero.  En la última planta, hay un gimnasio con acceso directo a la azotea comunitaria, que incluye un solárium con ducha exterior. Este edificio es una construcción nueva, finalizada en 2022 por el estudio de arquitectos Rafael Robledo.",False,good,False,True,24088.0,True,False,True,False,[],False,False,3300000.0,€,flat,"Malasaña-Universidad, Madrid",Ático,,,,,,,penthouse
109219681,https://img4.idealista.com/blur/480_360_mq/0/id.pro.es.image.master/2e/1b/29/1367829201.webp,VM2509021,27,1,720000.0,flat,sale,107.0,True,2,3,calle de Abtao,Madrid,Madrid,Retiro,es,Pacífico,40.4071377,-3.6730021,False,https://www.idealista.com/inmueble/109219681/,"PISO REFORMADO DE DOS HABITACIONES EN PACÍFICO Acogedora y luminosa vivienda de 107 m² que combina comodidad, amplitud y una excelente distribución. Cuenta con dos habitaciones con armarios empotrados, la habitación principal en suite con baño integrado. Además, dispone de un segundo baño completo y un aseo de cortesía actualmente no en uso. El espacio central de la casa está formado por un amplio salón-comedor integrado con la cocina, creando un ambiente moderno y funcional, perfecto para disfrutar tanto en familia como con amigos, además tiene la posibilidad de sacar una tercera habitación en el espacio que actualmente se ve como zona de teletrabajo. La vivienda se completa con un patio de uso privativo con acceso directo desde la cocina, también se caracteriza por su gran capacidad de almacenaje y cómoda reforma. Dispone de aire acondicionado. Ubicada en un edificio representativo, con portal en cota cero, portero y con ascensor amplio en el barrio del Pacífico, ofrece un entorno tranquilo y bien conectado con todos los servicios, comercios y transportes de la zona. ¿Te imaginas vivir aquí?  Contacte con nosotros para ver más inmuebles similares.",True,good,False,True,6729.0,False,False,False,False,[],False,False,720000.0,€,flat,"Pacífico, Madrid",Piso en calle de Abtao,,,,,,,
106791427,https://img4.idealista.com/blur/480_360_mq/0/id.pro.es.image.master/e1/37/58/1336061499.webp,01134,77,,1290000.0,chalet,sale,650.0,,7,4,Puerto de Galapagar-Las Cuestas,Madrid,Galapagar,Puerto de Galapagar-Las Cuestas,es,,40.5482065,-3.9935253,False,https://www.idealista.com/inmueble/106791427/,"NO COBRAMOS HONORARIOS AL COMPRADOR  La Tranquilidad. El Espacio. La Luz. Vivir en una casa con todas las comodidades y disfrutar de inmejorables atardeceres en la sierra. Se hace extraño pensar que Madrid quede a solo treinta y cinco minutos... ESTA VIVIENDA ES ESPECIAL PORQUE: en una finca con más de 5.500 m2 de superficie, con especies vegetales que van desde olivos centenarios a rosales, se encuentra la gran casa de piedra original de la finca, pero con el interior completamente reconstruido. Tiene instalada una gran superficie de paneles solares, que reducen notablemente el gasto en electricidad y combustibles, obteniendo la mejor calificación energética (A). LA CASA Esta preciosa casa de mampostería con tejado de pizarra, tiene una superficie de 420 m2 de vivienda distribuidos en tres plantas: Por la izquierda del vestíbulo entramos a un gran salón-comedor de casi 65 m2, con buena iluminación natural. Dispone de una chimenea artesanal de hierro fundido.  Por la derecha del recibidor pasamos a una zona de habitación en la que se encuentra el dormitorio principal, de más de 20 m2, con un gran ventanal abierto al oeste que ofrece magníficas vistas de la sierra. Junto a el, un cuarto de baño completo y otra habitación, con un cuarto de baño en suite.  La cocina dispone de una zona de office y otra de elaboración, desde la que hay salida al exterior, donde se encuentra otro porche y una barbacoa de obra. La planta superior es muy luminosa por las grandes ventanas que hay en cada estancia, así como por el lucernario que ilumina el tiro de la escalera. Al subir, vemos dos grandes dormitorios, uno a cada lado, separados por un cuarto de baño completo. A continuación se ubica un gran salón de cerca de 40 m2 al fondo del cual está un tercer dormitorio, orientado al amanecer. Todos los dormitorios disponen de aire acondicionado. En la planta semisótano, además de una despensa y un cuarto trastero, se encuentran dos dormitorios, uno doble y otro individual, y un cuarto de baño completo. También podemos acceder a un gran garaje y taller donde está la caldera -de pellets- que está ubicado bajo la gran terraza-solárium adosada a la casa por el costado oeste. LA FINCA Más de 5.000 m2 de jardín rodean la casa. En él se encuentran multitud de especies arbóreas autóctonas, como encinas, enebros, pinos, madroños,... y otras muchas plantadas o trasplantadas, como olivos (alguno centenario), almendros, cerezos, perales, membrillos, cipreses, higueras..., así como variedades de arbustos y rosales. Además, dispone de un pozo con abundante caudal todo el año, un campo de deportes y un almacén o pabellón cerrado con una superficie diáfana de más de 110 m2. Junto a la casa, en el lado oeste,con la mejor orientación y vistas, está la piscina de diseño desbordante y completamente renovada en el año 2018. ES IMPORTANTE SABER QUE La urbanización Los Ranchos cuenta con barrera de seguridad automática en sus dos accesos y seguridad privada permanente con cámaras de video vigilancia distribuidas con grabación de imágenes.  La vivienda fue reconstruida, conservando los muros de piedra, hace apenas 20 años. SERVICIOS Y OCIO A 3 km. del centro de Colmenarejo, municipio que cuenta con todos los servicios, comercio, restauración, centro de salud, polideportivos, colegios e institutos. Y el campus de Colmenarejo de la Universidad Carlos III de Madrid.  COMUNICACIONES A 35 ó 40 minutos de Madrid (Moncloa) en automóvil. Las líneas de autobús con paradas más próximas son la 631, que comunica con Moncloa y las líneas 630 y 633, con municipios cercanos y el Hospital Puerta de Hierro. Las estaciones de Renfe Cercanías más próximas son La Navata a 9 km y Torrelodones a 10 km.",False,good,False,,1985.0,True,False,True,False,[],False,False,1290000.0,€,chalet,"Puerto de Galapagar-Las Cuestas, Galapagar",Casa independiente,,True,True,,,,independantHouse
108760207,https://img4.idealista.com/blur/480_360_mq/0/id.pro.es.image.master/02/43/34/1354332985.webp,,44,,899000.0,chalet,sale,309.0,,5,4,calle Prado del Estudiante,Madrid,Torrelodones,Centro Comercial - Hospital,es,,40.5671614,-3.92065,False,https://www.idealista.com/inmueble/108760207/,"Hogares Torrelodones - Agencia inmobiliaria de Torrelodones y Hoyo de Manzanares. Pone a su disposición, chalet adosado en urbanización privada con piscina. Destaca por sus inmejorables zonas comunes con piscina, zonas deportivas y amplios jardines. En perfecto estado de conservación y excelentes calidades. Esta vivienda cuenta con ascensor, persianas motorizadas y A/C. Ubicado en una tranquila zona residencial junto a zonas verdes, centro comercial, colegios, hospital, transportes públicos, espacios naturales y accesibilidad inmediata autovía A-6. Distribuido en cuatro alturas: -Planta principal: Cocina amplia, baño y salón-comedor con acceso al jardín privado.  -Planta alta: Tres amplios dormitorios, dos baños completos, uno de ellos en suite. Además, la habitación principal y una individual, están conectadas por una amplia terraza. -Planta buhardilla: Estancia diáfana con amplia terraza y vistas espectaculares. -Planta semisótano: Amplia estancia muy luminosa gracias a su patio inglés, baño, zona de almacenaje y garaje para dos vehículos. *Aprovecha nuestros servicios FINANCIEROS exclusivos y realiza un estudio personalizado. Gracias a nuestros acuerdos con las principales entidades bancarias, ofrecemos a nuestros clientes, un gran abanico de posibilidades con las mejores soluciones hipotecarias. * Visite nuestra oficina en c/ Carlos Picabea Nº6, Torrelodones (Madrid) para más información. Realizamos todas las gestiones a su medida, para la COMPRA-VENTA-ALQUILER de su actual o futuro Hogar. - Torrelodones - Municipio del noroeste de la Comunidad de Madrid (España), situado a 29 kilómetros de Madrid. Por su localización entre la sierra de Guadarrama y el área metropolitana de la capital, está vinculado a dos comarcas madrileñas: la comarca agrícola de Guadarrama y la corona metropolitana de Madrid. Según datos oficiales de población cuenta con una población de 25 316 habitantes (INE 2024), distribuida en siete núcleos de población. Se encuentra a una altitud media de 845 m sobre el nivel del mar. Limita al norte con Hoyo de Manzanares, al este con Madrid a través del monte de El Pardo, al sur con Las Rozas de Madrid y al oeste con Galapagar. Los habitantes de este municipio se encuentran entre los de mayor renta per cápita de la Comunidad de Madrid. Los servicios, la hostelería y la construcción constituyen sus principales actividades económicas. El pueblo posee un interesante patrimonio artístico y natural y forma parte de dos rutas turísticas de la Comunidad de Madrid. Una de ellas es la Ruta Imperial, que sigue parcialmente el camino histórico empleado en el siglo XVI por el rey Felipe II en sus desplazamientos desde la ciudad de Madrid hasta el Real Sitio de El Escorial. La otra es la Ruta por los Castillos, Fortalezas y Atalayas, a la que queda vinculada por la atalaya de Torrelodones, una torre-vigía de origen andalusí. En lo que respecta a sus valores ambientales, buena parte de su territorio está protegido a través del parque regional de la Cuenca Alta del Manzanares y del parque regional del Curso Medio del Río Guadarrama y su Entorno. En su término se encuentra el Casino Gran Madrid, inaugurado en 1981 y primero existente en la Comunidad de Madrid, de gran importancia en la economía local del municipio, al ser la primera gran empresa radicada en el mismo.",True,good,False,,2909.0,True,False,True,False,[],False,False,899000.0,€,chalet,"Centro Comercial - Hospital, Torrelodones",Chalet adosado en calle Prado del Estudiante,,True,True,929000.0,30000.0,3.0,terracedHouse
109063773,https://img4.idealista.com/blur/480_360_mq/0/id.pro.es.image.master/4c/66/df/1363307529.webp,COEL0500F,24,bj,257000.0,flat,sale,95.0,True,3,1,PZ CONDE ELETA,Madrid,Madrid,Carabanchel,es,Vista Alegre,40.3795937,-3.7473857,False,https://www.idealista.com/inmueble/109063773/,"Planta baja con terraza y patio en el corazón de Carabanchel. En la tranquila Plaza del Conde de Eleta, en pleno Carabanchel, se encuentra este amplio piso en planta baja que combina comodidad y espacio exterior, algo muy valorado en la ciudad. La vivienda cuenta con 95 metros cuadrados construidos, distribuidos en tres dormitorios, un baño completo, cocina equipada y un salón con acceso directo a una terraza y un pequeño patio, perfectos para disfrutar de momentos de relax al aire libre. El piso se entrega sin amueblar, lo que te permite decorarlo a tu gusto y adaptarlo a tus necesidades. La zona ofrece un entorno agradable, con calles peatonales, comercios de barrio, colegios y servicios muy próximos. A pocos pasos está el Centro Deportivo Municipal La Mina, ideal para practicar deporte, y también se encuentra cerca el Palacio Vistalegre Arena, uno de los principales recintos de conciertos y eventos de Madrid. El barrio conserva la esencia de la vida vecinal tradicional, pero con la ventaja de disponer de todo lo necesario a mano. Ubicado en un barrio consolidado, con comercios, colegios y el Centro Deportivo Municipal La Mina muy cerca, además del Palacio Vistalegre Arena. Excelente comunicación: Metro Vista Alegre (L5) a pocos minutos, varias líneas de autobús en la zona y fácil acceso en coche a M-30, M-40 y A-42. Un piso amplio, bien comunicado y con espacio exterior en una de las zonas más demandadas de Carabanchel. Este piso también supone una excelente oportunidad para inversores. Vivienda de 95 m² en planta baja, con terraza y patio privado, situada junto al Metro Vista Alegre (L5). La zona cuenta con gran demanda de alquiler por su cercanía a comercios, colegios, instalaciones deportivas y el Palacio Vistalegre. Con tres dormitorios y buena distribución, ofrece alta rentabilidad y revalorización asegurada en uno de los barrios más consolidados de Madrid.",True,good,False,True,2705.0,True,False,True,False,[],False,False,257000.0,€,flat,"Vista Alegre, Madrid",Piso en Pz Conde Eleta,,,,,,,
89804856,https://img4.idealista.com/blur/480_360_mq/0/id.pro.es.image.master/35/fe/b1/776977541.webp,RRU,54,,949990.0,chalet,sale,300.0,,5,3,calle pio milla andres s/n,Madrid,Pozuelo de Alarcón,Somosaguas,es,Somosaguas,40.4037964,-3.7790371,True,https://www.idealista.com/inmueble/89804856/,"Espectacular vivienda unifamiliar en parcela de 500m2 en la mejor ubicación de la colonia de los Ángeles. Cuenta con la mejores zonas comunes de la urbanización con piscina, pista de tenis y amplias zonas comunes. La vivienda tiene un total de 300m2 con jardín muy cuidado. En la planta baja cocina amueblada con electrodomésticos, un baño, salón con suelos de tarima garaje con portón motorizado. En la planta primera 4 dormitorios con dos baños. En la segunda planta amplia buhardilla muy luminosa forrada en madera. En la planta sótano garaje y cuarto de plancha. La vivienda se encuentra a 5 minutos de Madrid. Enfrente del hospital Quirón con un amplio parque infantil en la calle paralela.",False,good,False,,3167.0,True,False,True,False,[],False,False,949990.0,€,chalet,"Somosaguas, Pozuelo de Alarcón",Chalet pareado en calle pio milla andres s/n,,True,True,985000.0,35010.0,4.0,semidetachedHouse
108079902,https://img4.idealista.com/blur/480_360_mq/0/id.pro.es.image.master/6e/ae/aa/1333554419.webp,,1,1,1200000.0,flat,sale,269.0,True,5,3,Barrio Prado de Somosaguas,Madrid,Pozuelo de Alarcón,Zona Prado de Somosaguas - La Finca,es,Prado de Somosaguas,40.4103944,-3.7936039,False,https://www.idealista.com/inmueble/108079902/,"Piso orientación SUR situado en urbanización privada, con vigilancia 24 horas, de Prado de Somosaguas, Pozuelo de Alarcón. *Por motivos de privacidad, no se publicarán fotografías de este inmueble, le invitamos a solicitar información por teléfono sin compromiso* Distribución: -Hall de entrada con armario gabanero -Amplio salón-comedor, con acceso a la terraza (orientada a la urbanización).  -Gran cocina independiente con zona de office y tendedero cubierto. -Master suite -Tres dormitorios dobles  -Baño independiente -Aseo -Dormitorio de servicio -Baño de servicio Incluye dos amplias plazas de garaje y un trastero La urbanización, de 27.000m2 cuenta con portero 24h y conserje. Las zonas comunes destacan por su gran extensión e incluyen tres pistas de tenis, una pista deportiva multiusos, una piscina y amplias áreas ajardinadas. Se encuentra muy próxima al Centro Comercial Somosaguas, que ofrece variedad de comercios, servicios y opciones de restauración. Prado de Somosaguas, en Pozuelo de Alarcón, es una de las zonas residenciales más exclusivas de Madrid, conocida por su entorno tranquilo, amplias zonas verdes y urbanizaciones de alto nivel con seguridad privada. Ofrece una excelente conexión con la M-40 y la A-6, además de proximidad a colegios internacionales y servicios de primer nivel. A pocos minutos se encuentra el nuevo centro comercial de La Finca, que amplía la oferta de ocio y restauración en la zona.",True,renew,False,True,4461.0,True,False,False,False,[],False,False,1200000.0,€,flat,"Prado de Somosaguas, Pozuelo de Alarcón",Piso,,True,True,,,,
108297046,https://img4.idealista.com/blur/480_360_mq/0/id.pro.es.image.master/f8/d9/23/1349613436.webp,VIVEXROB017,31,bj,160000.0,flat,sale,75.0,True,2,1,Robledo de Chavela,Madrid,Robledo de Chavela,,es,,40.5010656,-4.2376012,False,https://www.idealista.com/inmueble/108297046/,"VENDE CON NOSOTROS DESDE SOLO EL 1,9 %! � ¡REESTRENA ESTE ENCANTADOR PISO RECIEN REFORMADO Y PINTADO EN PLENO CENTRO DE ROBLEDO DE CHAVELA! LISTO PARA ENTRAR A VIVIR �✨ ¿Buscas un hogar tranquilo, moderno y con todo a mano? Inmobiliaria LOCATIVO presenta esta fantástica oportunidad de adquirir un piso recién reformado con calidades excelentes, ubicado en una calle sin tráfico en el corazón de Robledo de Chavela, uno de los municipios con más encanto de la sierra oeste de Madrid. � CARACTERÍSTICAS DESTACADAS: •� Planta baja cómoda y accesible, perfecta para todas las edades. •�️ Dos dormitorios exteriores, con luz natural y excelente aislamiento. •�️ Acogedor salón comedor, ideal para el día a día o disfrutar con invitados. •� Cocina independiente moderna y funcional. •� Baño completo con acabados actuales. •� Terraza interior privada, perfecta para desconectar o como espacio auxiliar. � CALIDADES Y CONFORT: • ¡Totalmente reformado! Instalaciones, acabados, pintura, suelos y carpintería. •�️ Calefacción eléctrica con termostato individual y general. •� Termo eléctrico para agua caliente. •� Puertas interiores de madera maciza, aportando calidez y estilo. •� Tarima flotante de alta calidad y ventanas exteriores que garantizan luz y ventilación. •�️ Sistema de alarma instalado. •� Excelente aislamiento térmico y acústico. � UBICACIÓN INMEJORABLE: Situado en una calle tranquila y sin tráfico, en el centro del municipio, con todos los servicios a un paso: comercios, farmacias, colegio, centro médico, transporte público, estación de tren (línea C-3 Cercanías Madrid) y zonas naturales únicas. Robledo de Chavela es conocido como la “Suiza Española”, por su belleza natural, su calidad de vida y su clima saludable durante todo el año. � IDEAL COMO PRIMERA VIVIENDA, INVERSIÓN O ESCAPADA DE FIN DE SEMANA Gracias a su tamaño perfecto, su estado impecable y su ubicación central, esta propiedad se adapta a cualquier necesidad. ¡Solo tendrás que traer tus cosas y empezar a disfrutarla! � Contáctanos ya en LOCATIVO INMOBILIARIA y ven a descubrir esta joya en la sierra madrileña. ¡Te encantará desde la primera visita!  AVDA. DE LA VERA 65 VILLANUEVA DE LA VERA CACERES TELÉFONO: [IW].",True,good,False,False,2133.0,True,False,True,False,[],False,False,160000.0,€,flat,Robledo de Chavela,Piso,,,,,,,
109131017,https://img4.idealista.com/blur/480_360_mq/0/id.pro.es.image.master/50/e4/68/1367129822.webp,Vivienda 2,15,bj,532000.0,duplex,sale,85.0,True,2,2,"Calle AGUSTIN DURAN, 4",Madrid,Madrid,Barrio de Salamanca,es,Guindalera,40.4352986,-3.6718033,True,https://www.idealista.com/obra-nueva/109131017/,"VIVIENDAS DUPLEX DE DOS DORMITORIOS Y DOS BAÑOS EN EL BARRIO DE SALAMANCA Viviendas desde 85 m2 en venta, con dos dormitorios y dos baños a estrenar. Ubicados en la calle Agustín Durán 4, en Guindalera en el barrio de Salmanca en Madrid.  Descubre esta espectacular promoción de dúplex con un diseño moderno y vanguardista donde se prioriza la máxima calidad, cocinas completamente amuebladas y equipadas con electrodomésticos de última generación, aislamientos acústicos y térmicos y tarimas vinílicas hidrófugas en color roble, armarios empotrados y aire acondicionado. Materiales de alta calidad que garantizan durabilidad y confort. Disfruta de un hogar diseñado a tu medida, que destaca por su extraordinaria ubicación y con entrega inmediata.",False,newdevelopment,True,True,6259.0,False,False,True,False,[],False,False,532000.0,€,flat,"Guindalera, Madrid","Dúplex en Calle Agustin Duran, 4",False,,,,,,duplex
108211027,https://img4.idealista.com/blur/480_360_mq/0/id.pro.es.image.master/f7/e0/1d/1350634887.webp,VIVEXROB014,72,,320000.0,chalet,sale,218.0,,3,2,Robledo de Chavela,Madrid,Robledo de Chavela,,es,,40.510996,-4.2430515,False,https://www.idealista.com/inmueble/108211027/,"¡VENDE CON NOSOTROS DESDE SOLO EL 1,9%! ¡CONSEGUIMOS HASTA EL 100 % DE FINANCIACIÓN! � ¡EXCLUSIVO CHALET INDEPENDIENTE EN UNA SOLA PLANTA EN ROBLEDO DE CHAVELA! � Inmobiliaria LOCATIVO tiene el placer de presentar esta espectacular vivienda situada en una parcela de 1.627 m², con una construcción de 106 m² en una única planta**, más 101 m² adicionales de garaje en planta calle, lo que brinda una magnífica oportunidad de ampliación o personalización según tus necesidades. ✨ Distribución y características La vivienda, totalmente amueblada y lista para entrar a vivir, cuenta con: •Tres amplios dormitorios, incluyendo un dormitorio principal con baño en suite. •Dos cuartos de baño completos, diseñados con funcionalidad y comodidad. •Luminoso salón con chimenea, ideal para disfrutar en familia durante el invierno. •Balcón con vistas inmejorables al entorno natural de Robledo de Chavela. •Cocina independiente y amueblada, perfecta para los amantes de la cocina. •Garaje de 101 m², con espacio para varios vehículos y gran potencial para ser transformado en zona habitable, taller, gimnasio o apartamento independiente. � La parcela está completamente ajardinada, con zonas de piedra solada que facilitan el mantenimiento y ofrecen espacios ideales para disfrutar del aire libre, comidas al sol o reuniones con amigos y familiares. � Ubicación y servicios del municipio Situado en Robledo de Chavela, un enclave único de la Sierra Oeste de Madrid, a tan solo 63 km de la capital. El municipio ofrece: •Centro médico y urgencias 24h •Colegio e instituto •Farmacia, supermercados, bancos y restaurantes •Estación de tren Cercanías Renfe (línea C-3 a Madrid) •Autobuses directos a Moncloa •Zonas recreativas, senderismo y naturaleza en estado puro � Un entorno ideal para quienes buscan tranquilidad, naturaleza y buena conexión con Madrid, ya sea como primera residencia o casa de vacaciones. � AVDA. VILLANUEVA DE LA CAÑADA 35, LOCAL 1 QUIJORNA 28693 TELEFONO:  PARQUE EMPRESARIAL “LA FINCA” PASEO CLUB DEPORTIVO 1, EDIFICIO 4 POZUELO 28223 TELEFONO: [IW].",True,good,False,,1468.0,True,False,True,False,[],False,False,320000.0,€,chalet,Robledo de Chavela,Casa independiente,,,,,,,independantHouse
109220460,https://img4.idealista.com/blur/480_360_mq/0/id.pro.es.image.master/c6/01/14/1367850854.webp,W-030QWD,28,3,1120000.0,flat,sale,121.0,True,2,2,Barrio Huertas-Cortes,Madrid,Madrid,Centro,es,Huertas-Cortes,40.4155975,-3.6979142,False,https://www.idealista.com/inmueble/109220460/,"Magnífico ático dúplex con gran terraza en Cortes. Magnífico ático dúplex de lujo con espectacular terraza en el corazón del barrio de las Cortes. Este exclusivo inmueble, totalmente reformado con materiales de la más alta calidad, se ubica en la última planta de un edificio moderno, a escasos pasos del prestigioso Hotel Four Seasons y la icónica Galería Canalejas. En su primera planta, con vistas a la calle, encontramos un elegante salón-comedor que, gracias a unos funcionales paneles de madera abatibles, puede transformarse en una segunda habitación con baño completo independiente. La cocina abierta, totalmente equipada y ocultable tras puertas de madera, combina diseño y funcionalidad. La suite principal, amplia y luminosa, dispone de vestidor y un baño en suite de acabados impecables. En la segunda planta encontramos lo mejor de la vivienda: una terraza privada de unos 53 m² con jacuzzi y pérgola acristalada, perfecta para disfrutar de Madrid durante todo el año con la máxima privacidad. Una oportunidad irrepetible para vivir el centro con estilo, confort y exclusividad. Llamenos y organizamos una visita. El Barrio de las Letras es uno de los enclaves más emblemáticos y con mayor personalidad del centro de Madrid. Situado entre el Paseo del Prado y la Puerta del Sol, este histórico barrio —antiguo hogar de escritores universales como Cervantes, Lope de Vega o Quevedo— se ha transformado en un destino único donde conviven tradición, vanguardia y calidad de vida. Vivir en el Barrio de las Letras es disfrutar de un entorno peatonal, seguro y lleno de encanto, perfecto para pasear sin prisas por calles adoquinadas repletas de historia, terrazas, librerías, galerías de arte y pequeños comercios con alma. Es también uno de los núcleos culturales más importantes de la ciudad: a solo unos pasos se encuentran el Museo del Prado, el Museo Thyssen-Bornemisza y el Museo Reina Sofía, que forman el famoso Triángulo del Arte, así como teatros históricos como el Teatro Español, el Teatro de la Comedia o el Teatro Calderón. La Plaza de Santa Ana, corazón del barrio, es uno de los espacios más animados y reconocidos de Madrid, rodeada de bares centenarios, terrazas de moda y hoteles históricos como el ME Reina Victoria o el Gran Hotel Inglés, el más antiguo de Madrid, completamente renovado con categoría cinco estrellas. A escasa distancia, la Plaza de Canalejas, recientemente transformada, alberga el espectacular complejo de Galería Canalejas, con boutiques de lujo, gastronomía gourmet y el exclusivo Hotel Four Seasons Madrid, que ha reforzado el perfil premium del centro de la ciudad.En términos de movilidad, el barrio está excepcionalmente bien conectado: a escasos minutos a pie se encuentran estaciones de metro como Antón Martín, Sevilla o Sol, además de la estación de Atocha, nodo principal de trenes AVE y media distancia. Todo esto permite prescindir del vehículo privado y vivir con plena comodidad en el corazón de la ciudad. La continua renovación del centro histórico —incluyendo la modernización de calles, plazas, zonas verdes y servicios urbanos— ha elevado el atractivo del Barrio de las Letras no solo como un lugar ideal para residir, sino también como una zona de alta rentabilidad y creciente valor para la inversión inmobiliaria. Un barrio vivo, cosmopolita, sofisticado y cada vez más demandado tanto por residentes nacionales como internacionales que buscan calidad de vida en un entorno único.",False,good,False,True,9256.0,False,False,False,False,[],False,False,1120000.0,€,flat,"Huertas-Cortes, Madrid",Piso,,,,,,,
108568454,https://img4.idealista.com/blur/480_360_mq/0/id.pro.es.image.master/a2/64/9f/1352060835.webp,UNI3715,29,3,910000.0,flat,sale,129.0,True,2,2,calle de Fuencarral,Madrid,Madrid,Centro,es,Malasaña-Universidad,40.4216756,-3.6999097,False,https://www.idealista.com/inmueble/108568454/,"GLOBALPISO- MALASAÑA VENDE fantástico dúplex abuhardillado con 2 balcones exteriores en la prestigiosa calle Fuencarral, en pleno tramo peatonal y a pocos pasos de la Gran Vía, la Plaza de Callao y la calle Hortaleza. Ubicado en una 3ª planta exterior con ascensor, este inmueble destaca por su luminosidad gracias a su orientación este y cuenta con 129 m² construidos, distribuidos en dos plantas.  En la planta baja encontramos un baño completo con bañera, un amplio salón con altura de techos de 3,50 metros y un balcón exterior, una cocina americana y un dormitorio también con balcón exterior (ambos a la calle Fuencarral) y armario empotrado de seis puertas.  A la planta superior, abuhardillada con techos de vigas de madera vista, se accede por una escalera de caracol donde se ubica el segundo dormitorio, el segundo baño con plato de ducha y una estancia utilizada como zona de estudio con ventanal a la calle Fuencarral y dos laterales adicionales ideales como trasteros, despachos o cuartos de invitados. Cuenta con aire acondicionado tanto en el salón y dormitorio de la planta baja como en el dormitorio de la planta alta.  Entre sus características se incluyen suelos de parquet en espiga, ventanas de madera y termo de 80 litros en la parte superior.  La finca, construida en 1986, con ITE favorable dispone de ascensor, portero automático y conserje. La ubicación es inmejorable: a escasos metros de la Gran Vía y bien comunicada por transporte público, con estaciones de metro cercanas como Gran Vía (L1 y L5), Callao (L3 y L5) y Chueca (L5). Además, la zona ofrece una amplia variedad de comercios, restaurantes, bares, cafeterías y supermercados. Gastos: Comunidad: 145€/mes. IBI: 686 €/año. Para conocer más sobre este inmueble y otros disponibles, puede visitar nuestra página web en o descargar nuestra app Globalpiso, completamente gratuita. Condiciones adicionales: *Globalpiso nunca solicitará documentación ni dinero sin haber realizado antes una visita a la vivienda. *Ofrecemos financiación del 100% a través de nuestro departamento financiero, H2b Hipotecas. La aprobación de la financiación está sujeta a las condiciones de la entidad financiera y se evaluará el perfil y solvencia del cliente. *De conformidad con el Artículo 6 del RD 515/1989, de 21 de abril, informamos a los clientes que los gastos notariales, registrales, Impuesto de Transmisiones Patrimoniales (I.T.P.) gastos financieros e intermediación inmobiliaria y otros gastos inherentes a la compraventa no están incluidos en el precio de venta de la vivienda. ""Se cumplen todos los requisitos y derechos referidos en la Ley 12/2023 por el Derecho a la Vivienda.",True,good,False,True,7054.0,True,False,True,False,[],False,False,910000.0,€,flat,"Malasaña-Universidad, Madrid",Piso en calle de Fuencarral,,,,,,,
109205604,https://img4.idealista.com/blur/480_360_mq/0/id.pro.es.image.master/aa/9f/c1/1367444635.webp,,32,2,545000.0,flat,sale,80.0,True,3,2,calle de Toledo,Madrid,Madrid,Arganzuela,es,Imperial,40.4043061,-3.712216,False,https://www.idealista.com/inmueble/109205604/,"TECNOCASA RONDA-IMPERIAL VENDE MAGNÍFICO PISO EN CALLE TOLEDO Esta magnífica vivienda reformada situada en pleno centro histórico de Madrid cuenta con 80 m² distribuidos en tres habitaciones, un amplio salón con tres balcones a calle Toledo, cocina, aseo y baño completamente equipado. ¡POR LAS ESCALERAS TIENE ALTURA DE PRIMERO! Incluida en el precio, una gran plaza de garaje con un acceso perfecto para coche grande y motos. La vivienda es una segunda planta exterior sin ascensor; a pesar de esto, el acceso a la vivienda es muy cómodo, ya que tiene pocas escaleras. Completamente reformada, en la habitación tenemos todos los electrodomésticos necesarios y de una gran calidad; perfecto para entrar a vivir en el mismo momento de la compra. Además, tenemos aires acondicionados frío/calor en todas las habitaciones y salón. Situada en uno de los mejores barrios de Madrid, con todo tipo de transporte público en la puerta de casa, y a pocos minutos andando de los monumentos más emblemáticos del centro de Madrid. ¡No pierdas esta oportunidad y contáctanos para visitarla!",False,good,False,False,6813.0,True,False,True,False,[],False,False,545000.0,€,flat,"Imperial, Madrid",Piso en calle de Toledo,,True,True,,,,
108953461,https://img4.idealista.com/blur/480_360_mq/0/id.pro.es.image.master/3a/10/49/1360881333.webp,VIVEXVDQ002,80,,410773.0,chalet,sale,265.0,,4,3,Valdemaqueda,Madrid,Valdemaqueda,,es,,40.5139561,-4.30421,False,https://www.idealista.com/inmueble/108953461/,"¡VENDE CON NOSOTROS DESDE SOLO EL 1,9 %! ¡CONSEGUIMOS HASTA EL 100% DE FINANCIACIÓN! � Exclusiva Vivienda en Valdemaqueda – Espacio, Confort y Naturaleza �✨ Descubre esta espectacular casa de 265 m² construidos, diseñada para disfrutar de la tranquilidad sin renunciar al confort. Ubicada en el encantador entorno natural de Valdemaqueda, esta propiedad combina amplitud, funcionalidad y un estilo de vida relajado. �️ 4 dormitorios amplios – Perfectos para familias grandes, teletrabajo o invitados. � 3 baños completos – Modernos y bien distribuidos, uno de ellos en suite. �️ Cocina totalmente equipada – Lista para cocinar desde el primer día. � Jardín privado – Ideal para disfrutar del aire libre, organizar barbacoas o relajarte bajo el sol. � Trastero – Espacio extra para guardar lo que necesites. � Garaje privado �Persianas automáticas � Además cuenta con un sistema de aspiración centralizada con tomas en varias estancias y unidad central en garaje.  Vivienda luminosa, con buena distribución y calidades que marcan la diferencia. � Posibilidad de aparcamiento en la zona. � Rodeada de naturaleza, rutas de senderismo y la paz que solo Valdemaqueda puede ofrecer. � ¡No dejes pasar esta oportunidad! CONSULTE NUESTRA PÁGINA WEB TENEMOS MÁS VIVIENDAS QUE NO ESTÁN EN LOS PORTALES. SÍGANOS EN NUESTRAS REDES SOCIALES PARA NO PERDERSE NADA: Instagram: @Locativoinmobiliariamadrid TikTok: @Locativoinmobiliaria AVDA. VILLANUEVA DE LA CAÑADA 35, LOCAL 1 QUIJORNA 28693 TELÉFONO:  PARQUE EMPRESARIAL “LA FINCA” PASEO CLUB DEPORTIVO 1, EDIFICIO 4 POZUELO 28223 TELÉFONO: [IW].",False,good,False,,1550.0,True,False,True,False,[],False,False,410773.0,€,chalet,Valdemaqueda,Casa independiente,,True,True,,,,independantHouse
108823129,https://img4.idealista.com/blur/480_360_mq/0/id.pro.es.image.master/06/f4/ba/1357977570.webp,17370-2025,12,3,219000.0,flat,sale,69.0,True,3,1,calle Granados,Madrid,Alcalá de Henares,Chorrillo,es,,40.4868655,-3.3760803,False,https://www.idealista.com/inmueble/108823129/,"¡ Oportunidad! Piso de 69 m² para reformar a la venta en el municipio de Alcalá de Henares, Madrid. La vivienda está distribuida en salón-comedor, tres dormitorios, cocina, cuarto de baño, terraza y vestíbulo. Cuenta con suelos de parquet, ventanas de aluminio.. . Precisa reforma integral para entrar a vivir, pero ofrece muchas posibilidades. Es una 3ª Planta en un bloque residencial con ascensor. Buenas comunicaciones por carretera (A-2) y transporte público, a menos de cinco minutos de la parada de autobús de la calle Pedro del Campo. Próximo a todo tipo de servicios e infraestructuras como centros educativos (IES Antonio Machado), comercios, supermercados, farmacias, zonas verdes... SIN COMISIÓN.",False,renew,False,True,3174.0,True,False,True,False,[],False,False,219000.0,€,flat,"Chorrillo, Alcalá de Henares",Piso en calle Granados,,,,,,,
108352902,https://img4.idealista.com/blur/480_360_mq/0/id.pro.es.image.master/80/22/50/917874529.webp,,20,1,360000.0,flat,sale,81.0,True,3,1,calle Carmen Montoya,Madrid,Madrid,Tetuán,es,Ventilla-Almenara,40.4704748,-3.6986805,False,https://www.idealista.com/inmueble/108352902/,"Rumah Alia presenta un magnífico piso en la privilegiada zona de Ventilla Esta hermosa vivienda destaca por su excelente ubicación, en una zona tranquila y bien comunicada, ideal para quienes buscan comodidad y paz. Situada cerca de todos los servicios esenciales, supermercados, colegios y zonas verdes, ofrece un entorno perfecto para vivir con tranquilidad y conveniencia. La vivienda cuenta con un amplio patio de entrada que invita a disfrutar del aire libre, un luminoso salón comedor con acceso a una terraza exterior, perfecta para relajarse o compartir momentos con familia y amigos. La cocina independiente, completamente amueblada y equipada con electrodomésticos, facilita la vida diaria. Además, dispone de 3 dormitorios con armarios empotrados y un cuarto de baño completo con ducha, brindando comodidad y funcionalidad. El piso está equipado con suelo de parquet, calefacción individual de gas natural y aire acondicionado, garantizando un ambiente agradable en todas las estaciones del año. Su ubicación estratégica, junto a la estación de metro Ventilla (línea 9), permite un acceso rápido y cómodo a puntos clave de la ciudad, como Plaza Castilla y Chamartín, facilitando desplazamientos y conexiones. No pierdas la oportunidad de visitar este maravilloso piso y descubrir todo lo que ofrece. ¡Contáctanos y ven a verlo!",True,good,False,False,4444.0,True,False,True,False,[],False,False,360000.0,€,flat,"Ventilla-Almenara, Madrid",Piso en calle Carmen Montoya,,,,,,,
109215554,https://img4.idealista.com/blur/480_360_mq/0/id.pro.es.image.master/5f/2c/da/1367695687.webp,86120880,56,9,1600000.0,duplex,sale,149.0,True,3,3,paseo de San Francisco de Sales,Madrid,Madrid,Chamberí,es,Vallehermoso,40.4389185,-3.7159167,False,https://www.idealista.com/inmueble/109215554/,"BARNES presenta este precioso atico duplex con vistas panorámicas ubicado en el prestigioso edificio Mindanao, en pleno corazón de Chamberí donde se combina un diseño contemporáneo con una distribución funcional y una luminosidad excepcional gracias a sus grandes ventanales y salidas a terrazas desde prácticamente todas las estancias. En la planta principal, el acceso conduce a una amplia zona social compuesta por un salón-comedor de generosas proporciones, originalmente concebido con una tercera habitación que fue eliminada para potenciar la amplitud del espacio. Sin embargo, si se desea, se puede recuperar ese tercer dormitorio que además contaría con acceso directo a un baño sin costo adicional. Desde el salón se accede directamente a una de las dos terrazas privadas, un verdadero privilegio en esta zona de Madrid. En esta misma planta se encuentra una cocina de excelente tamaño, con espacio para un comedor auxiliar, perfectamente ventilada y equipada con electrodomésticos Siemens. Subiendo por una elegante escalera con barandilla de vidrio que refuerza el estilo moderno del piso, accedemos a la planta superior. Aquí encontramos dos dormitorios dobles. El primero, con armarios empotrados de suelo a techo y salida a la segunda terraza. El baño que le da servicio está situado justo enfrente. La suite principal destaca por su amplitud, luminosidad y acceso directo a la terraza, además de contar con un baño en suite con bañera. La vivienda incluye plaza de garaje y trastero ubicados en la misma finca. En cuanto al edificio, se trata de uno de los más completos y demandados de la zona. Dispone de dos piscinas —una exterior en la azotea con vistas privilegiadas y otra interior climatizada—, sauna, gimnasio completamente equipado, amplias zonas comunes de estilo actual y vigilancia 24 horas con doble portería. Situado en el barrio de Vallehermoso, en una de las zonas más residenciales y consolidadas de Chamberí, el entorno ofrece una calidad de vida inmejorable. Rodeado de zonas verdes como el parque de Santander, a un paso del Hospital Clínico San Carlos y con fácil acceso a Ciudad Universitaria, además de excelentes comunicaciones con el resto de la ciudad gracias a su cercanía al intercambiador de Moncloa, la M-30 y la A-6. Una propiedad única que combina diseño, confort, servicios de alta gama y una ubicación estratégica en el centro de Madrid.",True,good,False,True,10738.0,False,False,False,False,[],False,False,1600000.0,€,flat,"Vallehermoso, Madrid",Dúplex en paseo de San Francisco de Sales,,True,True,,,,duplex
108511834,https://img4.idealista.com/blur/480_360_mq/0/id.pro.es.image.master/95/7d/35/1366039639.webp,,37,2,535000.0,flat,sale,114.0,True,4,2,calle de Juan Duque,Madrid,Madrid,Arganzuela,es,Imperial,40.4072823,-3.7194336,False,https://www.idealista.com/inmueble/108511834/,"TECNOCASA PRESENTA GRAN OPORTUNIDAD EN CALLE JUAN DUQUE Si estás buscando una vivienda amplia, luminosa y con muchas posibilidades para reformar a tu gusto, esta puede ser la oportunidad que esperabas. Te presentamos este piso exterior de 114 m² en la calle Juan Duque, en pleno corazón del barrio Imperial, una zona tranquila, bien comunicada y cada vez más valorada por quienes buscan calidad de vida en Madrid. La vivienda se encuentra en una segunda planta con orientación oeste, lo que le aporta mucha luz natural durante todo el día. Actualmente cuenta con 4 habitaciones, un baño completo, un aseo, cocina independiente, salón con salida a una agradable terraza, y un balcón adicional. También dispone de un trastero anexo, perfecto para almacenamiento extra, y calefacción central de gas natural. Aunque necesita reforma, su distribución ofrece múltiples opciones para diseñar un espacio moderno y funcional, adaptado completamente a tus necesidades. Ya sea que busques tu primera vivienda, un proyecto de hogar familiar o una inversión con potencial, aquí tienes una base sólida sobre la que construir. Imperial es uno de esos barrios que enamoran poco a poco: calles tranquilas, vida de barrio, y al mismo tiempo, muy cerca del centro de Madrid. A dos pasos del Madrid Río, rodeado de parques, zonas deportivas, colegios, tiendas, supermercados y con excelentes conexiones de transporte. Es un lugar ideal para vivir con calma, pero sin renunciar a tener todo cerca. Este piso lo tiene todo para convertirse en el hogar que siempre has querido. Ven a verlo y descúbrelo por ti mismo.",False,renew,False,True,4693.0,True,False,True,False,[],False,False,535000.0,€,flat,"Imperial, Madrid",Piso en calle de Juan Duque,,,,555000.0,20000.0,4.0,
108709433,https://img4.idealista.com/blur/480_360_mq/0/id.pro.es.image.master/63/b0/2d/1352804073.webp,,66,5,749000.0,flat,sale,124.0,True,4,1,calle de Granada,Madrid,Madrid,Retiro,es,Pacífico,40.4040201,-3.6779969,False,https://www.idealista.com/inmueble/108709433/,"CALLE GRANADA, PACÍFICO (RETIRO) - LUMINOSO PISO EXTERIOR CON 4 DORMITORIOS Y PLAZA DE GARAJE-  En una de las zonas más cotizadas y consolidadas del distrito de Retiro, se encuentra esta fantástica vivienda exterior de 124 m² construidos, ubicada en una quinta planta con ascensor, en una finca representativa de 1970 con conserje y todas las comodidades. 4 dormitorios, quinta planta exterior con ascensor, calefacción central, plaza de garaje incluida en el precio con vigilancia 24h y trastero comunitario para bicicletas. La vivienda destaca por su amplitud, luz natural y excelente distribución. Cuenta con 4 dormitorios todos con armarios empotrados, un baño completo con plato de ducha y mampara de cristal (recién reformado), un amplio salón con acceso directo a la terraza y cocina independiente (recién reformada). Las ventanas son de climalit con rotura térmica y oscilobatientes. La calefacción central garantiza confort en los meses más fríos, y gracias a su orientación y altura, disfruta de luz durante todo el día. Además, el precio incluye una plaza de garaje en el mismo edificio con vigilancia 24h y circuito cerrado de seguridad, lo que aporta un plus de tranquilidad.  Situado en una ubicación privilegiada, Calle Granada, en el barrio de Pacífico, este piso se encuentra a escasos metros del Parque del Retiro, el Real Jardín Botánico, y a un agradable paseo del Museo del Prado o Atocha. La zona está rodeada de comercios de barrio, colegios, supermercados, centros de salud y zonas verdes. En cuanto a comunicaciones, cuenta con una excelente conexión con transporte público: •Metro Pacífico (L1 y L6) a menos de 5 minutos a pie •Cercanías Atocha o Méndez Álvaro a pocos minutos •Varias líneas de autobús en las inmediaciones •Fácil acceso a la M-30 y principales vías de entrada/salida de Madrid Una oportunidad única para vivir en una zona residencial con encanto, excelente comunicación y todos los servicios al alcance. Para más información o visitas, contacta con nosotros. Los honorarios de la agencia no están incluidos en el precio de venta.",True,good,False,True,6040.0,True,False,True,False,[],False,False,749000.0,€,flat,"Pacífico, Madrid",Piso en calle de Granada,,True,True,770000.0,21000.0,3.0,
108262833,https://img4.idealista.com/blur/480_360_mq/0/id.pro.es.image.master/39/72/7b/1338875912.webp,JAVER03204B,23,4,395000.0,flat,sale,100.0,True,3,1,calle de Jacinto Verdaguer,Madrid,Madrid,Carabanchel,es,Opañel,40.3968954,-3.7187737,False,https://www.idealista.com/inmueble/108262833/,"¡Descubre esta excelente oportunidad para reformar y personalizar tu nuevo hogar en una ubicación privilegiada de Madrid! La vivienda dispone de tres amplios dormitorios, un baño completo, una cocina independiente y una acogedora terraza orientada al sur, que asegura una magnífica entrada de luz natural durante todo el día. Su estado actual es para reformar, lo que ofrece la posibilidad de adaptarlo completamente a tu gusto y necesidades.  Este piso de 90 m² útiles se encuentra en la cuarta planta de un edificio con ascensor y cuenta con un portal adaptado para personas con movilidad reducida, lo que lo hace accesible para todos. Situado en la calle Jacinto Verdaguer, en el barrio de Opañel (distrito de Carabanchel), este piso goza de una localización inmejorable. A solo unos minutos a pie se encuentra el Parque de San Isidro, un espacio verde emblemático perfecto para disfrutar del aire libre, y también está muy cerca Madrid Río, una de las zonas recreativas más atractivas de la ciudad, ideal para paseos, deporte y tiempo en familia. En las inmediaciones hay una amplia variedad de servicios y equipamientos. La zona cuenta con centros educativos (Concepción Arenal, CEIP Perú, Lope de Vega), instalaciones deportivas (como las piscinas GoFit San Miguel), centros de salud, supermercados, farmacias y todo tipo de comercios de proximidad. Además, el entorno ofrece una buena oferta de ocio y restauración, lo que contribuye a una vida de barrio cómoda y completa. En cuanto a las comunicaciones, la vivienda está muy bien conectada tanto en transporte público como en coche. La estación de metro Marqués de Vadillo (Línea 5) está a escasa distancia y varias líneas de autobús tienen parada en las inmediaciones, facilitando el acceso a distintos puntos de la ciudad. Para quienes se desplazan en vehículo propio, la cercanía a la M-30 permite una conexión rápida con otras zonas de Madrid y con las principales salidas hacia fuera de la ciudad. Esta propiedad representa una excelente ocasión para quienes buscan una vivienda para reformar en una zona consolidada, con todos los servicios al alcance y magníficas posibilidades de revalorización. Ideal para familias, parejas o inversores que deseen aprovechar el potencial de este piso con una ubicación estratégica y una base sólida sobre la que construir el hogar de sus sueños.",True,renew,False,True,3950.0,True,False,True,False,[],False,False,395000.0,€,flat,"Opañel, Madrid",Piso en calle de Jacinto Verdaguer,,,,,,,
108034221,https://img4.idealista.com/blur/480_360_mq/0/id.pro.es.image.master/29/16/26/1331831679.webp,ELE010402C,44,2,625000.0,flat,sale,124.0,True,3,2,calle Elena Fortún,Madrid,Las Rozas de Madrid,Montecillo,es,Montecillo,40.5006509,-3.8831937,False,https://www.idealista.com/inmueble/108034221/,"¡OPORTUNIDAD ÚNICA EN LAS ROZAS! Piso luminoso de 3 dormitorios con zonas comunes excepcionales.    Se vende espectacular piso en una de las mejores zonas residenciales de Las Rozas, ideal para familias que buscan confort, calidad de vida y una excelente ubicación. La vivienda cuenta con tres amplios dormitorios, un salón muy espacioso y luminoso, cocina independiente y dos baños completos. Grandes ventanales proporcionan luz natural durante todo el día, con vistas despejadas al exterior.  Dispone de dos plazas de garaje y trastero.  Ubicado en una urbanización privada con zonas ajardinadas, piscina comunitaria, parque infantil y excelentes zonas comunes para disfrutar en familia. Entorno inmejorable: rodeado de zonas verdes, múltiples colegios cercanos, como el Colegio Europeo de Madrid, GSD Las Rozas, etc. Amplia oferta de restauración, comercios, y perfectamente comunicado con medios de transporte, autobús ( y N903,. ) que tienen paradas a escasos minutos. También muy cercano encontrarás el cercanías (Las Rozas). ¡Una vivienda lista para entrar a vivir, en una zona tranquila, segura y con todo al alcance! No dejes pasar esta oportunidad. Contáctanos para más información o concertar una visita.",False,good,False,True,5040.0,True,False,True,False,[],False,False,625000.0,€,flat,"Montecillo, Las Rozas de Madrid",Piso en calle Elena Fortún,,True,True,,,,
109161274,https://img4.idealista.com/blur/480_360_mq/0/id.pro.es.image.master/6d/eb/11/1366108082.webp,,25,9,520000.0,flat,sale,112.0,True,3,2,calle de Andorra,Madrid,Madrid,Hortaleza,es,Canillas,40.4605351,-3.6418346,False,https://www.idealista.com/inmueble/109161274/,"¡Descubre tu nuevo hogar en el corazón del barrio de Esperanza! Este amplio piso en novena planta ofrece 112 m² de comodidad y luminosidad, ideal para disfrutar de la vida en familia. Con 3 dormitorios y 2 baños, uno de ellos en suite, tendrás espacio suficiente para todos. La calefacción central individualizada y el calentador de agua a gas natural garantizan un ambiente cálido y acogedor durante todo el año. Ubicado en una zona tranquila rodeada de jardines, este inmueble es perfecto para quienes buscan un refugio en la ciudad. Además, cuenta con armarios empotrados que optimizan el espacio y mantienen todo organizado. La cercanía a comercios de proximidad y a los centros comerciales Palacio de Hielo y Gran Vía de Hortaleza hace que tengas todo lo que necesitas a un paso. La conexión con el transporte público es excelente, con la estación de metro Esperanza muy cerca, y un rápido acceso a las vías M40 y M30. No dejes pasar la oportunidad de vivir en un lugar que combina confort, tranquilidad y accesibilidad. ¡Ven a visitarlo y enamórate de tu futuro hogar!",False,good,False,True,4643.0,True,False,True,False,[],False,False,520000.0,€,flat,"Canillas, Madrid",Piso en calle de Andorra,,,,,,,
108910143,https://img4.idealista.com/blur/480_360_mq/0/id.pro.es.image.master/38/eb/4d/1358657143.webp,FPV CALAFATE,22,bj,210000.0,flat,sale,60.0,True,1,1,calle del Lago Calafate,Madrid,Madrid,Puente de Vallecas,es,Portazgo,40.3821589,-3.6493456,False,https://www.idealista.com/inmueble/108910143/,"¡Descubre esta increíble oportunidad en el corazón de Palomeras! Este local, ubicado a pie de calle, ha sido reformado integralmente y está listo para estrenar. Actualmente es de una habitación pero fácilmente se puede convertir en dos dormitorios con un solo tabique. Con una decoración ingeniosa y buenas calidades, cada rincón de este espacio ha sido diseñado para maximizar la funcionalidad y el confort. La aerotermia es una tecnología de calefacción (y refrigeración) que extrae energía del aire exterior para climatizar un espacio y producir agua caliente  •El bajo consumo energético se traduce en un importante ahorro en la factura energética.  •Requiere menos mantenimiento que una caldera de gas o gasóleo. •No hay combustión ni depósitos de combustible.  •No hay riesgo de explosiones, intoxicaciones por monóxido de carbono o fugas de gas. •Funciona solo con electricidad. Con 60 m² construidos y 50 m² útiles, el estudio cuenta con un salón acogedor y una cocina integrada equipada con electrodomésticos modernos. El dormitorio, un ambiente tranquilo, con armarios empotrados que optimizan el espacio. Además, disfrutarás de un baño completo que añade comodidad a tu día a día. Las persianas motorizadas y el aire acondicionado con bomba de calor por aerotermia garantizan un ambiente agradable durante todo el año. Este bajo exterior, combina la comodidad de la vida urbana con la tranquilidad de un hogar bien diseñado. No dejes pasar esta oportunidad única de vivir en una zona con encanto y excelente comunicación. ¡Ven a verlo y enamórate de tu nuevo hogar!",False,good,False,False,3500.0,True,False,True,False,[],False,False,210000.0,€,flat,"Portazgo, Madrid",Piso en calle del Lago Calafate,,,,220000.0,10000.0,5.0,
108555890,https://img4.idealista.com/blur/480_360_mq/0/id.pro.es.image.master/d6/d2/98/1351393356.webp,,19,4,915000.0,flat,sale,93.0,True,3,1,"CL MAGALLANES, 9",Madrid,Madrid,Chamberí,es,Arapiles,40.4341456,-3.70589,True,https://www.idealista.com/inmueble/108555890/,"¡Descubre tu nuevo hogar en el corazón de Madrid! Este magnífico piso de tres dormitorios, recién reformado, se encuentra en el encantador barrio de Arapiles, dentro del distrito de Chamberí. Con una ubicación inmejorable, a solo un minuto de la plaza de Quevedo, disfrutarás de todas las comodidades que ofrece la ciudad.  El piso, destaca por su luminosidad gracias a su orientación exterior. Cuenta con un amplio salón que se abre a un balcón acogedor. La cocina está equipada para satisfacer todas tus necesidades. Además, dos de los dormitorios y el salón cuentan con balcones a la calle que dan una luminosidad impresionante! La finca, construida en 1935, combina el encanto clásico con las comodidades modernas, incluyendo portero físico y ascensor. La calefacción y el aire acondicionado garantizan un ambiente agradable durante todo el año. Con todos los servicios y comercios a tu alrededor, este piso es perfecto para quienes buscan calidad de vida en una de las mejores zonas de la capital. ¡No pierdas la oportunidad de visitarlo!",True,good,False,True,9839.0,True,False,True,False,[],False,False,915000.0,€,flat,"Arapiles, Madrid","Piso en CL Magallanes, 9",,,,950000.0,35000.0,4.0,
91759517,https://img4.idealista.com/blur/480_360_mq/0/id.pro.es.image.master/fd/d1/dc/822598694.webp,2459,46,1,595000.0,flat,sale,70.0,True,2,2,ILUSTRACION,Madrid,Madrid,Moncloa,es,Argüelles,40.4201146,-3.7178565,False,https://www.idealista.com/inmueble/91759517/,"En Altor Asesores pone a su disposición esta vivienda a estrenar recién reformada y amueblada con materiales de primera calidad.  Consta de dos dormitorios dobles y baños en suite, uno de ellos tiene un balcón a la calle Ilustración y desde el otro podemos ver el nuevo hotel.  El salón, decorado con un gusto increíble, posee un segundo balcón a la calle.  Cocina independiente completamente amueblada y equipada con materiales de primera línea (horno, vitrocerámica, nevera, etc. ).  La vivienda cuenta con una luz excepcional ya que todas las habitaciones de la vivienda tienen ventana al exterior.  Caldera individual de gas y aire acondicionado en todas las estancias.   La vivienda es una primera planta pero con altura de segunda planta. La finca está equipada con ascensor. Su ubicación es inmejorable ya que a menos de dos minutos andando se encuentra la estación de Plaza España (línea 2,3 y 10) y cerca de Príncipe Pío, por lo que se encuentra en un enclave privilegiado, con distintas comunicaciones. Se encuentra cerca de Príncipe Pío por lo que tanto dentro de la capital (líneas 6, 10 y ramal Ópera-Príncipe Pío de Metro y alrededor de 10 líneas de autobús a distintos puntos de la ciudad), como interurbanas (Cercanías y distintas líneas de autobuses interurbanos).   Al mismo tiempo, se encuentra a pocos minutos de puntos de interés turístico y de recreo como el Templo de Debod, el Parque del Oeste, el Paseo de la Florida, la Casa de Campo, el Palacio Real, los Jardines de Sabatini, la Catedral de la Almudena, Madrid Río, la Plaza de España o la Gran vía.",True,good,False,True,8500.0,True,False,True,False,[],False,False,595000.0,€,flat,"Argüelles, Madrid",Piso en Ilustracion,,,,,,,
108845363,https://img4.idealista.com/blur/480_360_mq/0/id.pro.es.image.master/f7/0e/b3/1356802935.webp,VIVEXMADCARBVI001,35,,210000.0,flat,sale,60.0,True,2,1,Barrio Buena Vista,Madrid,Madrid,Carabanchel,es,Buena Vista,40.3683978,-3.7552698,False,https://www.idealista.com/inmueble/108845363/,"¡VENDE CON NOSOTROS DESDE SOLO EL 1,9%! ¡CONSEGUIMOS HASTA EL 100 % DE FINANCIACIÓN! LOCATIVO vende estupendo piso totalmente reformado en el barrio de Buenavista, una de las zonas más tranquilas y residenciales del entorno. La vivienda, de 60 m², está lista para entrar a vivir y destaca por su diseño moderno, funcionalidad y calidades. Dispone de dos dormitorios con armarios empotrados, un cuarto de baño completo con plato de ducha y una amplia terraza que aporta desahogo y luz natural, ideal para disfrutar del exterior desde casa. Ha sido completamente reformado con excelentes acabados: suelos de tarima, paredes lisas y ventanas climalit oscilobatientes que garantizan un alto nivel de aislamiento térmico y acústico. La calefacción y el agua caliente funcionan mediante caldera individual de gas natural, lo que ofrece eficiencia energética y confort en todas las estaciones. Situado en una zona bien comunicada y con todos los servicios a mano, este piso es una oportunidad perfecta tanto para vivir como para invertir. ¡No dejes pasar la oportunidad de visitarlo! CONSULTE NUESTRA PÁGINA WEB TENEMOS MÁS VIVIENDAS QUE NO ESTÁN EN LOS PORTALES. SÍGANOS EN NUESTRAS REDES SOCIALES PARA NO PERDERSE NADA: Instagram: @Locativoinmobiliariamadrid TikTok: @Locativoinmobiliaria Facebook: @Locativo Inmobiliaria AVDA. VILLANUEVA DE LA CAÑADA 35, LOCAL 1 QUIJORNA 28693 TELEFONO:  PARQUE EMPRESARIAL “LA FINCA” PASEO CLUB DEPORTIVO 1, EDIFICIO 4 POZUELO 28223 TELEFONO: [IW].",False,good,False,False,3500.0,True,False,True,False,[],False,False,210000.0,€,flat,"Buena Vista, Madrid",Piso,,,,,,,
106587812,https://img4.idealista.com/blur/480_360_mq/0/id.pro.es.image.master/52/03/7d/1288794076.webp,28-02042,83,12,1200000.0,flat,sale,247.0,True,4,3,avenida de Burgos,Madrid,Madrid,Chamartín,es,Castilla,40.4798908,-3.6754694,False,https://www.idealista.com/inmueble/106587812/,"ALQUILER PROTEGIDO REAL ESTATE, VENDE DOS VIVIENDAS EN UNA, EN LA MISMA AVENIDA DE BURGOS, Vivienda muy luminosa toda exterior en una doceava planta con ascensor. Se distribuye en cuatro dormitorios dobles, dos de ellos con vestidor, 3 baños completos uno de ellos con bañera, cocina muy amplia completa y equipada con todos los electrodomesticos, calefacción individual de gas natural, cuatro aires acondicionado, tarima flotante en toda la vivienda, Finca con cuatro ascensores, piscina comunitaria plaza de garaje de 2 coches y trastero incluido. La propiedad se ubica en el barrio residencial de Castilla, dentro del distrito de Chamartín, al norte de la capital. La zona es conocida por ser una zona residencial tranquila y segura. Esta cerca de la estación de Chamartín y a 200 metros de la estación de Bambú, además la zona cuenta con varios restaurantes y tiendas cercanas lo que la hace muy conveniente para los residentes, también hay varias áreas verdes cercanas. Su población de alto poder adquisitivo se compone de empresarios, diplomáticos, ejecutivos, etc. , lo cual se expresa en la tipología de las viviendas que se encuentran entre las mejor valoradas en el centro de Madrid. Es una zona muy tranquila, bien cuidada con espacios verdes cercanos y disfruta de una excelente comunicación con el resto de la ciudad. Además el barrio está regulado como zona de aparcamiento S. E. R. lo cual supone más comodidad para los residentes. El distrito Chamartín ofrece una amplia gama de servicios desde grandes almacenes, comercios, farmacias, colegios, iglesias, gimnasios, hoteles, zonas deportivas, hasta una selección de los mejores bares y restaurantes de Madrid. Chamartín alberga varias embajadas y administraciones públicas importantes. El sistema de transporte público asegura la máxima comodidad para los residentes de sus barrios, ya que actualmente disponen de aproximadamente 50 líneas de autobús, 7 líneas de metro y dos estaciones de cercanías. La estación de Chamartín es también terminal para la mayoría de los trenes de media y larga distancia hacia el norte de España. Otros puntos de interés son el Auditorio Nacional de Música, el estadio de fútbol Santiago Bernabéu, varios museos y el Parque de Berlín.",False,good,False,True,4858.0,True,False,True,False,[],False,False,1200000.0,€,flat,"Castilla, Madrid",Piso en avenida de Burgos,,True,True,,,,
108195047,https://img4.idealista.com/blur/480_360_mq/0/id.pro.es.image.master/dc/11/9a/1336742305.webp,28-02194,71,3,406000.0,flat,sale,142.0,True,4,2,calle Teresa de Calcuta,Madrid,Valdemoro,Hospital,es,,40.2003255,-3.6922447,False,https://www.idealista.com/inmueble/108195047/,"� Vivienda Seminueva en Urbanización Privada con Piscina – ¡Listo para Entrar a Vivir! Gestionado por Alquiler Protegido Real Estate Descubre este fantástico piso en una tercera planta completamente exterior, situado en una urbanización cerrada con excelentes zonas comunes: piscina, pista de tenis y zona infantil. ✨ Características Principales: Muy luminoso, con orientación que maximiza la entrada de luz natural. Amplio salón con múltiples posibilidades de distribución. Cocina office totalmente equipada, con todos los electrodomésticos y acceso a tendedero cerrado. 4 dormitorios dobles, todos con grandes armarios empotrados. 2 baños completos, uno de ellos en suite con el dormitorio principal. Gran hall de entrada. � Calidades y Extras: Calefacción individual por gas natural. Ventanas climalit que aíslan perfectamente del ruido y la temperatura exterior. Aire acondicionado sin apenas uso Plaza de garaje amplia y trastero privado, ambos incluidos en el precio. � Ubicación y Entorno: Ubicada en una zona en expansión ya consolidada, rodeada de servicios y con excelente comunicación: Cercanía a colegios, centros comerciales, restaurantes y zonas verdes. Acceso rápido a la autovía A-4. Bien conectado con la red de transporte público del municipio. � ¡No dejes pasar esta oportunidad! Contáctanos hoy mismo para más información o para agendar una visita. Con más de 15 años de experiencia, en Alquiler Protegido Real Estate hemos ayudado a más de 13,000 propietarios y 24,000 inquilinos. ¡Te esperamos para encontrar tu nuevo hogar!",False,good,False,True,2859.0,True,False,True,False,[],False,False,406000.0,€,flat,"Hospital, Valdemoro",Piso en calle Teresa de Calcuta,,True,True,,,,
109215472,https://img4.idealista.com/blur/480_360_mq/0/id.pro.es.image.master/1f/d5/3c/1367695856.webp,perales,19,1,189000.0,flat,sale,64.0,True,3,1,CM PERALES,Madrid,Madrid,Usera,es,San Fermín,40.3716289,-3.6872398,False,https://www.idealista.com/inmueble/109215472/,"** FINCAS PRIMER HOGAR SL** Vivienda en el distrito de Usera, zona San Fermín, muy próximo al mítico hospital 12 de Octubre y a La Caja Mágica: un estadio multiusos de importantes eventos. En sus alrededores encontramos todo tipo de servicios y comercios, escuelas infantiles, colegios, institutos, centros médicos, comisaria de policía, supermercados, bancos, bibliotecas, farmacias, oficinas de correos, centros deportivos y la estación de metro Hospital 12 de Octubre. Respecto a la vivienda hablamos de una 1ª planta compuesta por hall y pasillo distribuidor, tres dormitorios, salón comedor, cocina y baño.  La vivienda se encuentra en un estado apto para su habitabilidad con necesidad de alguna actualización para su completo confort. Dispone de línea de metro ( Doce de Octubre), varias líneas de autobús, muy próximo a La Avenida de Andalucía es una de las principales calles de la ciudad de Madrid, que atraviesa, de norte a sur, los distritos de Usera y Villaverde.",False,good,False,False,2953.0,True,False,False,False,[],False,False,189000.0,€,flat,"San Fermín, Madrid",Piso en CM Perales,,,,,,,
106639706,https://img4.idealista.com/blur/480_360_mq/0/id.pro.es.image.master/b9/9b/55/1289742555.webp,1477187,28,,500000.0,chalet,sale,448.0,,6,3,Diseminado Valdegrande,Madrid,Chinchón,,es,,40.2106639,-3.4903217,False,https://www.idealista.com/inmueble/106639706/,"GESTIONPISO vende en ALQUILER CON OPCIÓN COMPRA en EXCLUSIVA magnifica villa en una de las mejores Urbanizaciones de la zona, dicha finca tiene dos edificaciones independientes. PRECIO DE LA FINCA 500.000EUR IMPORTE DE ENTRADA 50.000EUR IMPORTE DEL ALQUILER MENSUAL 1000EUR DURANTE DOS AÑOS. TOTAL ENTREGADO A LOS DOS AÑOS 74.000EUR. PENDIENTE DE PAGAR 426.000EUR.   La finca esta en un zona excepcional con unas vistas espectaculares dotada de todos los servicios necesarios para vivir en plena naturaleza y a 30minutos de Madrid. Una de las casas esta distribuida de garaje en planta baja, y apartamento en primera. La otra vivienda es mas grande y su distribución es un tanto peculiar ya que según se entra hacia el lado izquierdo hay una zona mas baja con una sala abierta, hacia el lado derecho esta la sala tenemos otro apartamento que en un principio era el garaje y también el cuarto de calderas, subimos una escalera entramos a zona de cocina, baño, salón y comedor con chimenea. Subiendo las escaleras pasamos a la zona de los dormitorios y una gran sala de despacho o reuniones. En el exterior de la finca tenemos pozo propio por si se quisiera hacer riego por goteo, llenado de una futura piscina o riego de los arboles y huertas que tiene en la zona baja de finca.   Si desean mas información no duden en ponerse en contacto con nosotros.   S. E. U. O.",False,good,False,,1116.0,True,False,True,False,[],False,False,500000.0,€,chalet,Chinchón,Casa independiente en Diseminado Valdegrande,,True,True,600000.0,100000.0,17.0,independantHouse
107901148,https://img4.idealista.com/blur/480_360_mq/0/id.pro.es.image.master/82/4a/98/1338969752.webp,07243,63,,650000.0,chalet,sale,347.0,,5,4,Guadarrama,Madrid,Guadarrama,,es,,40.6563107,-4.054414,False,https://www.idealista.com/inmueble/107901148/,"¿Te animas a entrar en tu nuevo hogar? Este fantástico chalet, de sólida construcción, ofrece todos los espacios que puedas desear. Una gran casa, proyectada en planta única, para que puedas disfrutar de mayor comodidad, facilitando el acceso y la movilidad entre sus diferentes estancias. Ahora, vivir en plena Sierra de Guadarrama, en un entorno tranquilo y rodeado de naturaleza y aire puro todo el año, es posible.  No dejes pasar la oportunidad de visitarla ¡Te sorprenderá!  ESTA PROPIEDAD ES ESPECIAL: Existen muy pocas oportunidades de encontrar una vivienda tan amplia construida en una sola planta. Proyectada para ofrecerte la comodidad que siempre has soñado y construida sobre una magnífica finca de 2154m2, podrás diseñar tu nuevo hogar a la medida de tus necesidades.  DISTRIBUCIÓN: De grandes dimensiones, disfrutarás de tu vida diaria en un ambiente relajado y sin incómodas escaleras. Con una perfecta diferenciación entre las zonas de uso común y el área privada de la casa. Nada interrumpirá tu descanso o concentración, cuando te retires a tu habitación a descansar o estudiar. Un bonito vestíbulo de entrada conduce al espectacular salón de grandes dimensiones y varios ambientes que, junto a un gran comedor, rodean una chimenea abierta a todos los espacios y construida sobre un imponente muro de piedra original. Su agradable terraza-porche con vistas a la piscina, accesible desde el salón, enriquece esta zona de la casa. La espaciosa cocina family-friendly se convertirá en un lugar donde compartir agradables momentos de ocio culinario. Comunica con el comedor a través de un pasaplatos, que podrás reconvertir en una moderna barra para conectar ambos espacios, si lo deseas. Además, cuenta con otra puerta por la fachada posterior. La zona de descanso incluye cinco amplios dormitorios con armarios empotrados, el principal con baño en suite. Dos baños más dan servicio al resto de la casa. En un nivel inferior, con ventana que lo dota de ventilación natural, disfrutarás de una estancia independiente, salón- bodega, como zona de recreo adicional. Todas las comodidades y un estilo de vida que podrás disfrutar y compartir, gracias a sus estupendas instalaciones. Una agradable piscina, un práctico aseo exterior que le da servicio y un estupendo pozo, que contribuirá al mantenimiento de esta enorme parcela, que cuenta con un gran jardín arbolado. Trastero, garaje y un cuarto de calderas, donde se aloja el depósito de gasóleo que nutre la calefacción, completan las instalaciones de esta magnífica residencia. ES IMPORTANTE SABER: Ubicada en la urbanización Las Cabezuelas, cuenta con todos los servicios y está dotada de asfaltado, alcantarillado y alumbrado público. Se trata de dos fincas registrales independientes, con una única referencia catastral. Su práctico acceso por dos calles, permite disfrutar de una amplia zona de aparcamiento descubierto, además de la entrada directa al garaje. Por normativa urbanística, está permitido el uso hotelero, alojamiento de turismo rural o de restauración, conforme a la ordenación vigente. Así como usos sociales varios; asistencial y socio-sanitario, entre otros. SERVICIOS Y COMUNICACIONES: Perteneciente al término municipal de Guadarrama, y entre Villalba y Alpedrete, cuenta con todos los servicios comerciales, educativos y sanitarios. Próximo al polígono P29 y los centros comerciales Planetocio y Los Valles, con todo tipo de comercios, ocio y restauración. Y a pocos minutos del Hospital General Universitario de Collado Villalba.  Tres cercanas estaciones de tren y un servicio constante de autobuses facilitarán tu transporte. Con rápido acceso a la A6, estarás en Madrid capital en poco más de media hora. Una casa grande pero, sobre todo, una gran casa preparada para acoger a su nueva familia ¿será la tuya? ¿A qué esperas para visitarla? ¡Te va a encantar!",True,good,False,,1873.0,True,False,True,True,[],False,False,650000.0,€,chalet,Guadarrama,Casa independiente,,True,True,,,,independantHouse
107933437,https://img4.idealista.com/blur/480_360_mq/0/id.pro.es.image.master/d8/0d/b8/1328744492.webp,28-02169,41,1,350000.0,flat,sale,95.0,True,3,2,calle de Portalegre,Madrid,Madrid,Carabanchel,es,Opañel,40.3889804,-3.7223214,False,https://www.idealista.com/inmueble/107933437/,"**ALQUILER PROTEGIDO REAL ESTATE presenta: Amplia Vivienda de 3 Dormitorios y 2 Baños** Te invitamos a descubrir esta luminosa y espaciosa vivienda, completamente exterior, ideal para disfrutar de la comodidad y la calidez del hogar. **Características de la Propiedad: ** - **Salón Independiente: ** Un espacio acogedor para relajarte y compartir momentos con familiares y amigos. - **Cocina Amplia: ** Totalmente amueblada y equipada, con acceso a una pequeña terraza cerrada, perfecta para disfrutar de un café por la mañana. - **Dormitorio Principal: ** Doble, con salida a otra terraza cerrada, proporcionando un rincón privado para disfrutar del aire fresco. - **Dos Dormitorios Adicionales: ** Ambos dobles, ideales para familias o como oficinas. - **Baño Completo: ** Equipado con plato de ducha, ideal para relajarte después de un largo día. - **Pequeño Aseo: ** Adicional para mayor comodidad.   **Otras Características: ** - Calefacción individual de gas natural. - Ventanas de climalit que aseguran un buen aislamiento. - Suelos de parquet en roble, que aportan calidez al ambiente. En cuanto a la ubicación, el piso se encuentra cerca de una variedad de servicios, incluyendo supermercados, farmacias, colegios y bares, lo que garantiza la comodidad de tener todo lo necesario a pocos pasos. Además, la propiedad cuenta con una excelente comunicación, gracias a su proximidad a las carreteras M-40, A-42 y M-30, facilitando el acceso a diferentes puntos de la ciudad y alrededores. Metro de Opañel, Oporto y Plaza Elíptica cerca. Este inmueble es ideal para aquellos que buscan un hogar moderno, bien situado y con todas las comodidades   **Finca Recientemente Renovada: ** Cuenta con dos ascensores para facilitar el acceso. No dejes pasar la oportunidad de vivir en este magnífico hogar. ¡Contáctanos para más información o para programar una visita!",False,good,False,True,3684.0,True,False,True,False,[],False,False,350000.0,€,flat,"Opañel, Madrid",Piso en calle de Portalegre,,,,,,,
108498135,https://img4.idealista.com/blur/480_360_mq/0/id.pro.es.image.master/13/38/64/1348432938.webp,DP210403,57,,1595000.0,chalet,sale,780.0,,5,6,Fontenebro - Altavista,Madrid,Collado Villalba,Fontenebro - Altavista,es,,40.6532051,-3.9620939,False,https://www.idealista.com/inmueble/108498135/,"En el prestigioso enclave de Fontenebro, se encuentra este magnífico chalet independiente, que ofrece una experiencia de vida única. Con una superficie construida de 780 m² en una espectacular parcela consolidada de 4.420 m², esta propiedad combina lujo, confort y funcionalidad. Por su distribución y orientación asegura una luminosidad excepcional y unas impresionantes vistas a la Sierra que se disfrutan desde toda la casa.  La parcela, completamente plana, es un oasis de tranquilidad que incluye una piscina privada, una pista de tenis, un cenador y una zona de barbacoa, ideal para reuniones familiares y sociales. El jardín, perfectamente cuidado, es un espacio donde la naturaleza se integra armoniosamente con el diseño residencial.   **Distribución de la vivienda:** La vivienda se organiza en tres niveles que maximizan el espacio y la comodidad: - **Sótano:** En esta planta encontramos una encantadora bodega, un garaje con capacidad para tres vehículos y un cuarto de calderas. - **Planta baja:** Accedemos a través de un gran hall que conduce a un salón de 80 m² con chimenea, zona de comedor y vistas espectaculares. La cocina, de 15 m², tiene acceso directo a la terraza y cuenta con un cuarto de servicio/lavadero. En esta planta también se encuentran 4 dormitorios, dormitorio, dos dormitorios en suite y el dormitorio principal, que destaca por su vestidor, baño amplio y ventanales que llenan la estancia de luz natural. - **Primera planta:** Un espacio diáfano con baño que ofrece múltiples posibilidades de uso, desde estudio o sala de juegos hasta un espacio adicional para invitados, con la posibilidad de incorporar ventanales.  **Características destacadas:** El chalet cuenta con carpintería interior de madera lacada, carpintería exterior de PVC, suelos de tarima flotante y calefacción por depósito de gasoil. Además, dispone de puerta blindada, garantizando seguridad y privacidad.  **El entorno:**  Se ubica en Dominio de Fontenebro urb. con barrera de seguridad Collado Villalba es conocido como la ""capital de la Sierra"" por su excelente ubicación y servicios. Rodeado por parajes naturales como el Parque Regional de la Cuenca Alta del Manzanares, este barrio combina la tranquilidad de la vida en la sierra con la comodidad de estar a solo 40 minutos de Madrid. La zona cuenta con una amplia oferta educativa, incluyendo el colegio **Maristas Santa María**, a menos de 10 kilómetros. También destacan centros comerciales como **Los Valles**, donde se encuentra nuestra oficina, y el **Centro Comercial Planetocio**. En cuanto al transporte, la línea de cercanías **C8** conecta Villalba con Madrid, y las líneas de autobús **L1, L2 y L6** aseguran una excelente movilidad dentro del municipio.   **Sobre GILMAR:** Desde 1983, GILMAR ha sido líder en el sector inmobiliario, ayudando a miles de clientes a encontrar la casa de sus sueños. Nuestro compromiso con la excelencia y la atención personalizada nos posiciona como referencia en el mercado.  Para más información sobre esta exclusiva propiedad, no dudes en contactar con nuestro equipo en la oficina de Villalba, situada en **C/ Rincón de las Heras 3 (Centro Comercial Los Valles)**. Llámanos al ** ** o envíanos un correo a ****, indicando la referencia **210403**. ¡Estaremos encantados de ayudarte!",True,good,False,,2045.0,True,False,False,False,[],False,False,1595000.0,€,chalet,"Fontenebro - Altavista, Collado Villalba",Casa independiente,,True,True,,,,independantHouse
108355601,https://img4.idealista.com/blur/480_360_mq/0/id.pro.es.image.master/d0/a8/bf/1341651132.webp,VT2541,38,5,630000.0,flat,sale,167.0,True,4,2,calle Laguna Negra,Madrid,Madrid,Moratalaz,es,Horcajo,40.4043669,-3.6310151,False,https://www.idealista.com/inmueble/108355601/,"Arrenda pone en exclusiva impresionante vivienda de 4 dormitorios en urbanización privada en la zona de Horcajo, Moratalaz. Descubre esta fantástica vivienda de 167 metros, con garaje, trastero y piscina comunitaria opcional. En perfecto estado de conservación, la vivienda es toda exterior, con increíbles vistas a parques y zonas verdes. Suelos de parqué, ventanas abatibles, cocina totalmente equipada con tendedero, armarios empotrados y vestidos, y preinstalación de aire acondicionado mediante conductos. La urbanización ofrece gran comodidad y tranquilidad, cuenta con amplios espacios ideales para toda la familia, además de ubicarse en una zona tranquila y residencial. El inmueble con una ubicación inmejorables, tiene acceso directo a la M40, sin atascos de entrada o salida, enfrente está el colegio concertado Gredos San Diego, a 10 minutos andando del metro de Pavones, y de las líneas de autobús que conectan con la puerta del Sol. Una zona totalmente consolidada, residencial y de fácil acceso por cualquier medio.",True,good,False,True,3772.0,True,False,False,False,[],False,False,630000.0,€,flat,"Horcajo, Madrid",Piso en calle Laguna Negra,,True,True,,,,
98129863,https://img4.idealista.com/blur/480_360_mq/0/id.pro.es.image.master/69/e6/34/1189320975.webp,EOR34372,46,,1800000.0,countryHouse,sale,1812.0,,10,5,calle Bola del Mundo,Madrid,Guadarrama,,es,,40.6939358,-4.0738291,False,https://www.idealista.com/inmueble/98129863/,"ESTATE ONE Ofrece preciosa casa de campo para reformar en un terreno urbano de 13.000. metros, se puede parcelar cada 2.000. - metros. Casa unifamiliar del año 1812 con grandes ventanas con vistas a una jardín con grandes árboles, techos altos. La planta baja consta de hall de entrada, despacho, comedor, cocina, 5 dormitorios, dos cuartos de baño y un aseo, escalera principal y escalera de servicio. En la planta alta; salón, 5 dormitorios y 2 baños. Tiene una buhardilla diáfana con un aseo. La finca tiene una antigüa hípica, una ermita y dos pozos.",False,renew,False,,993.0,True,False,True,False,[],False,False,1800000.0,€,countryHouse,Guadarrama,Finca rústica en calle Bola del Mundo,,,,,,,countryHouse
