propertyCode,thumbnail,externalReference,numPhotos,floor,price,propertyType,operation,size,exterior,rooms,bathrooms,address,province,municipality,district,country,neighborhood,latitude,longitude,showAddress,url,description,hasVideo,status,newDevelopment,hasLift,priceByArea,hasPlan,has3DTour,has360,hasStaging,notes,topNewDevelopment,topPlus,priceInfo.price.amount,priceInfo.price.currencySuffix,detailedType.typology,detailedType.subTypology,suggestedTexts.subtitle,suggestedTexts.title,highlight.groupDescription,parkingSpace.hasParkingSpace,parkingSpace.isParkingSpaceIncludedInPrice,priceInfo.price.priceDropInfo.formerPrice,priceInfo.price.priceDropInfo.priceDropValue,priceInfo.price.priceDropInfo.priceDropPercentage,newDevelopmentFinished
108499497,https://img4.idealista.com/blur/480_360_mq/0/id.pro.es.image.master/04/15/d6/1354456243.webp,3e4dcb66-4a68-4909-8c46-8635c6d8f08f,19,5,990000.0,penthouse,sale,120.0,True,3,2,calle de la Buganvilla,Madrid,Madrid,Chamartín,es,Castilla,40.4722731,-3.6758523,False,https://www.idealista.com/inmueble/108499497/,"Te presentamos este exclusivo ático de 120 m² ubicado en el barrio de Castilla, dentro del prestigioso distrito de Chamartín, Madrid. Una vivienda única que destaca por su amplitud, luminosidad y por ofrecer todas las comodidades necesarias para una vida moderna y confortable en una de las zonas más valoradas de la capital. La propiedad se encuentra actualmente en proceso de reforma, en su fase final, lo que permitirá a los futuros propietarios estrenar un hogar completamente renovado, con acabados actuales y de alta calidad. Cuenta con tres dormitorios bien distribuidos y dos baños completos, pensados para satisfacer las necesidades tanto de familias como de quienes buscan espacio adicional para teletrabajar o recibir invitados. Entre sus características destaca una amplia terraza privada de más de 20 m², perfecta para disfrutar del aire libre, relajarse o compartir momentos especiales. El ático está equipado con aire acondicionado, calefacción individual a gas, armarios empotrados, una cocina totalmente equipada y un práctico cuarto de lavado, optimizando cada metro de la vivienda para brindar funcionalidad sin renunciar al diseño. El edificio en el que se ubica la vivienda ofrece servicios de gran valor añadido como conserjería, ascensor, piscina comunitaria y accesibilidad para personas con movilidad reducida. Además, existe la opción de adquirir una plaza de garaje en la misma finca con acceso directo, por un precio adicional de 20.000 €, lo que representa un plus en una zona donde el aparcamiento es muy demandado. Ubicación Situado en el barrio de Castilla, dentro del distrito de Chamartín, este ático goza de una ubicación excelente. Se trata de una zona residencial consolidada, conocida por su tranquilidad, amplias avenidas, cercanía a zonas verdes y excelente dotación de servicios. En sus inmediaciones encontrarás colegios, centros de salud, supermercados, comercios locales y una completa oferta de ocio y restauración. Además, la zona está muy bien comunicada mediante transporte público (metro, autobuses y Cercanías), y cuenta con acceso rápido a las principales vías de salida y entrada a Madrid. Una oportunidad excepcional para vivir en una de las áreas más cotizadas de la ciudad, en un ático moderno y listo para disfrutar desde el primer día. ¡Contáctanos para más información y agenda tu visita!",False,renew,False,True,8250.0,False,False,False,False,[],False,False,990000.0,€,flat,penthouse,"Castilla, Madrid",Ático en calle de la Buganvilla,Destacado,,,,,,
108961048,https://img4.idealista.com/blur/480_360_mq/0/id.pro.es.image.master/df/da/b3/1360772150.webp,59d0ebcc-6c7d-4010-a979-f06e7a4144c0,49,7,249900.0,flat,sale,106.0,True,3,2,calle de Belzunegui,Madrid,Madrid,Carabanchel,es,Puerta Bonita,40.3775377,-3.7379822,False,https://www.idealista.com/inmueble/108961048/,"Descubre este espacioso piso de 106 m² en el corazón de Puerta Bonita.  Con 3 dormitorios y 2 baños, esta vivienda es ideal para familias que buscan personalizar su hogar. Aunque requiere reforma, ofrece un potencial increíble con una terraza exterior y armarios empotrados que añaden funcionalidad. La cocina está equipada, lista para tus aventuras culinarias. El sistema de calefacción a gas promete calidez en los meses fríos. Situado en un edificio con ascensor, el acceso es cómodo y sin esfuerzo.  Perfectamente conectado y con vistas exteriores, este piso es una oportunidad para crear el hogar de tus sueños. Con todo tipo de trasporte público metro San Francisco a 2 minutos y Autobuses a Madrid 47, 108, 118, 121, 131, 155 y Autobús interurbano 485.",True,renew,False,True,2358.0,False,False,False,False,[],False,False,249900.0,€,flat,,"Puerta Bonita, Madrid",Piso en calle de Belzunegui,Destacado,,,,,,
109135407,https://img4.idealista.com/blur/480_360_mq/0/id.pro.es.image.master/a5/ab/43/1365738935.webp,VENTA-COSLADA,50,1,235000.0,flat,sale,91.0,True,3,1,avenida de Madrid,Madrid,Coslada,Ciudad 70,es,,40.4200783,-3.5414788,False,https://www.idealista.com/inmueble/109135407/,"SERVICHECK VENDE PRECIOSO Y AMPLIO PISO DE TRES HABITACIONES EN COSLADA, MADRID. -Visitas presenciales: MEJOR VER, PARA MAS INFORMACION CONTACTAR CON EMILIANO CORREA AL 602_25_02_83 ( MEJOR POR WHATSAPP). -Horario de atención: Lunes a viernes de 09:30 a 14:00 y de 17:00 a 20:00. -Tour 3D disponible para una experiencia visual completa. Oportunidad en Coslada – Piso de 3 dormitorios con terraza en zona céntrica Se pone a la venta esta luminosa vivienda situada en una primera planta exterior, en el corazón de Coslada (Madrid), rodeada de todos los servicios y comodidades. El piso cuenta con una distribución práctica y confortable: Tres dormitorios amplios, uno de ellos con ventanas climalit y los otros dos con doble ventanal, lo que garantiza un excelente aislamiento térmico y acústico, favoreciendo el confort y la eficiencia energética. Salón-comedor espacioso, muy luminoso, con salida directa a una terraza exterior perfecta para disfrutar del aire libre. Cocina americana integrada, práctica y funcional, que aporta amplitud al espacio de día. Baño completo con plato de ducha, moderno y cómodo. La vivienda destaca por su orientación sureste, que asegura luz natural durante gran parte del día, y por contar con calefacción individual de gas natural. El inmueble dispone de un amplio trastero, ideal para almacenamiento. En cuanto a ubicación, es inmejorable: una zona muy céntrica de Coslada, a escasos metros de paradas de autobús (esos mismos comunican a 10 minutos con la estación de Renfe de Coslada y Metro), supermercados, parques, colegios, hospital, todo tipo de comercios y servicios, lo que hace que esta vivienda sea ideal tanto para familias como para quienes buscan comodidad y buena conexión. Una excelente oportunidad para entrar a vivir en una zona consolidada y con gran proyección. MEJOR VER, PARA MAS INFORMACION CONTACTAR CON EMILIANO CORREA AL 602_25_02_83 ( TAMBIEN SE ATIENDE POR WHATSAPP).",True,good,False,False,2582.0,True,False,True,True,[],False,False,235000.0,€,flat,,"Ciudad 70, Coslada",Piso en avenida de Madrid,Destacado,,,,,,
109184257,https://img4.idealista.com/blur/480_360_mq/0/id.pro.es.image.master/09/5a/7e/1366756644.webp,LCM38512,44,2,420000.0,flat,sale,75.0,True,3,1,paseo de la Ermita del Santo,Madrid,Madrid,Latina,es,Los Cármenes,40.4051658,-3.7263788,False,https://www.idealista.com/inmueble/109184257/,"PISO REFORMADO CON ENCANTO EN EL PASEO DE LA ERMITA DEL SANTO En el Paseo de la Ermita del Santo te espera un piso único que combina lo mejor de dos mundos: la calma de una zona residencial junto al río Manzanares y la vibrante vida del centro de Madrid a solo unos minutos. La vivienda ha sido totalmente reformada con instalaciones de fontanería y electricidad renovadas, ofreciendo la seguridad y eficiencia de un hogar moderno. Sus tres habitaciones, un baño completo y una cocina americana integrada al salón crean un espacio amplio, luminoso y perfecto para disfrutar de la vida en familia o con amigos. Cada detalle ha sido cuidado para ofrecer confort y estilo. Cuenta con dos aires acondicionados, ventiladores de techo en todas las habitaciones, ventanas de aluminio con mosquiteras, mobiliario actual de reciente instalación y calefacción central de gas natural. El edificio dispone de ascensor y la propiedad añade un práctico trastero, un extra muy valorado en la zona. Aquí encontrarás un hogar preparado para entrar a vivir y disfrutar desde el primer día, sin preocupaciones ni reformas pendientes. El entorno es simplemente inspirador: a pocos pasos se abre el Parque de la Ermita del Santo, ideal para pasear, hacer deporte o relajarse junto al río. En pocos minutos llegarás a Príncipe Pío, uno de los grandes nodos de transporte de la ciudad, con metro, cercanías y autobuses, además de una variada oferta comercial y de ocio. La cercanía a la Puerta del Sol y al centro histórico hace que la vida madrileña esté siempre a tu alcance. Además, la zona está en plena transformación urbanística, con nuevos edificios, servicios y espacios verdes que revalorizarán aún más este enclave, convirtiéndolo en uno de los puntos más atractivos y prometedores de Madrid. No pierdas la oportunidad de vivir en este maravilloso piso. ¡Contáctanos hoy mismo para programar una visita! NOTA: este anuncio no es vinculante; puede contener errores y se muestra a título informativo, no contractual.",False,good,False,True,5600.0,True,False,False,False,[],False,False,420000.0,€,flat,,"Los Cármenes, Madrid",Piso en paseo de la Ermita del Santo,Destacado,,,,,,
109195747,https://img4.idealista.com/blur/480_360_mq/0/id.pro.es.image.master/13/ae/a3/1367108926.webp,LCM38512,47,2,420000.0,flat,sale,75.0,True,3,1,paseo de la Ermita del Santo,Madrid,Madrid,Latina,es,Los Cármenes,40.4071735,-3.724351,False,https://www.idealista.com/inmueble/109195747/,"PRECIOSO PISO EN VENTA EN PASEO DE LA ERMITA DEL SANTO. Descubre este espectacular piso en una ubicación privilegiada en el Paseo de la Ermita del Santo, donde la modernidad se encuentra con la tranquilidad. Este inmueble ha sido sometido a una reforma integral reciente, lo que garantiza un espacio fresco y acogedor. Con 75 m² construidos, cuenta con tres habitaciones luminosas, un baño completo y una cocina americana integrada al salón, perfecta para disfrutar de momentos en familia o con amigos. El piso está equipado con dos aires acondicionados, uno en el salón y otro en la habitación principal, así como ventiladores de techo en todas las habitaciones, asegurando el máximo confort durante todo el año. Las ventanas de aluminio con mosquiteras permiten disfrutar de la brisa sin preocuparse por los insectos. Además, el mobiliario actual tiene una antigüedad máxima de 2020, lo que significa que podrás mudarte sin necesidad de realizar inversiones adicionales. La calefacción central de gas natural y la presencia de un ascensor en la finca añaden comodidad a la vida diaria. También incluye un trastero adicional, ideal para almacenar lo que necesites. La cercanía al Parque de la Ermita del Santo y al Río Manzanares te permitirá disfrutar de espacios verdes y actividades al aire libre. Este barrio tranquilo y seguro es perfecto para vivir o como inversión inteligente, especialmente considerando la transformación urbanística que está experimentando la zona. Con excelente conexión al resto de Madrid a través de Príncipe Pío, metro, cercanías y autobuses, no hay mejor oportunidad para adquirir un hogar con potencial de revalorización futura. ¡No dejes pasar esta oportunidad única!",False,good,False,True,5600.0,True,False,False,False,[],False,False,420000.0,€,flat,,"Los Cármenes, Madrid",Piso en paseo de la Ermita del Santo,Destacado,,,,,,
109028158,https://img4.idealista.com/blur/480_360_mq/0/id.pro.es.image.master/76/7c/48/1363296244.webp,,22,1,150000.0,studio,sale,59.0,True,0,1,calle Charco de la Peña,Madrid,Collado Villalba,Fontenebro - Altavista,es,,40.6451211,-3.9816912,False,https://www.idealista.com/inmueble/109028158/,"¡INMOBILIARIA HOGARES PRENSENTA EN EXCLUSIVA ESTUPENDO DESPACHO! Desarrolla tu inversión en una urbanización con piscina y parque infantil. Despacho profesional adaptado como estudio o vivienda a estrenar, en primera planta con ascensor y orientación noreste. Cuenta con garaje y trastero, además de una piscina para disfrutar en familia y zonas comunes con parque infantil. Ideal para inversores: posibilidad de alquiler estimado de 850€/mes. Detalles destacados: Videoportero para mayor seguridad Persianas eléctricas y suich eléctricos para mayor confort Bomba de frío y calor para climatización eficiente A estrenar: listo para entrar a vivir o adaptar a tu negocio Aire acondicionado para clima agradable todo el año Orientación noreste: luz natural y ventilación optimizadas Ubicación en urbanización con servicios y acceso cómodo ¡NO ESPERE MÁS Y CONVIERTA ESTA VIVIENDA EN SU NUEVO HOGAR! Para obtener más información o programar una visita, contáctenos o visite nuestra página web. Nuestro equipo estará encantado de ayudarle y mostrarle todas las ventajas y comodidades que esta propiedad tiene para ofrecer. ¡FINANCIACIÓN Y ESTUDIO FINANCIERO GRATUITO Y SIN COMPROMISO!",True,good,False,True,2542.0,True,True,False,False,[],False,False,150000.0,€,flat,studio,"Fontenebro - Altavista, Collado Villalba",Estudio en calle Charco de la Peña,Destacado,True,True,,,,
109185601,https://img4.idealista.com/blur/480_360_mq/0/id.pro.es.image.master/03/30/84/1366802900.webp,,25,bj,410000.0,flat,sale,67.0,True,2,1,calle de Antonio Machado,Madrid,Madrid,Moncloa,es,Valdezarza,40.464181,-3.7191154,False,https://www.idealista.com/inmueble/109185601/,"ESTUDIO ANTONIO MACHADO S. L. VENDE PISO EN URBANIZACIÓN CERRADA Y FINCA REPRESENTATIVA COMPLETAMENTE EXTERIOR Consta de 2 dormitorios, 1 cuarto de baño, salón, cocina y despensa. La urbanización cuenta con servicios como piscina, jardines privados, campo de fútbol, salón de eventos, farmacia, fisioterapia, peluquería. Con todos los servicios; colegios, supermercados, bancos, farmacias, centro de salud y rodeado de zonas verdes a muy pocos metros. Muy bien ubicado, se accede a A6 y M30 en 1 minuto. Autobuses: 42, 126, 127, 132, 137, N20, N21 y N2 que comunican la zona con toda la capital. Línea 7 de metro (Antonio Machado, Valdezarza y Peñagrande) ¡OPORTUNIDAD! Con KÌRON y sus agentes de intermediación financiera podrás encontrar la hipoteca que mejor se adapte a tus necesidades de financiación, para que puedas beneficiarte de los convenios que tiene el grupo Tecnocasa con diferentes entidades bancarias. Con la posibilidad de financiación hasta 100%, asesórate gratis y sin compromiso. Reserva tu visita. ¡MÁS DE 25 AÑOS NOS AVALAN EN EL BARRIO!",False,good,False,True,6119.0,True,False,False,False,[],False,False,410000.0,€,flat,,"Valdezarza, Madrid",Piso en calle de Antonio Machado,Destacado,,,,,,
109198994,https://img4.idealista.com/blur/480_360_mq/0/id.pro.es.image.master/2a/6b/09/1367232828.webp,OFICIOS,27,6,458000.0,flat,sale,134.0,True,3,2,Sector Oficios,Madrid,Tres Cantos,Primera Fase - Nuevo Tres Cantos,es,,40.6027577,-3.7149075,False,https://www.idealista.com/inmueble/109198994/,"JJS HOMES vende EXCELENTE vivienda de 3 dormitorios en Sector Oficios (Tres Cantos) CUENTA CON PLAZA DE GARAJE Y TRASTERO INCLUIDOS EN EL PRECIO. Posibilidad de financiación hasta el 100% El inmueble consta de 134 m2 distribuidos de la siguiente manera: - Amplio HALL recibidor. - SALÓN INDEPENDIENTE muy amplio que cuenta con una gran luminosidad gracias a su inmejorable orientación y con salida en SUITE a la impresionante TERRAZA. - TRES HABITACIONES, todas con armarios empotrados y de buen tamaño. - DOS CUARTOS DE BAÑO. - COCINA INDEPENDIENTE muy amplia y con tendedero. La calefacción es individual de gas natural El suelo de la vivienda es de parquet se conserva en excelente estado. Amplias zonas verdes y jardines colindantes al edificio, zona muy tranquila y familiar Vivienda muy amplia con muy buena distribución y gran luminosidad. Se encuentra ubicada cerca de todos los servicios como parada de autobuses urbanos e interurbanos, supermercados, colegios, parques y al lado de la piscina municipal y gimnasios, inmejorable ubicación. La vivienda está en un entorno inmejorable con dotaciones como los colegios públicos Carmen Hernández Guarch, el CP. Ciudad de Columbia y la Escuela Infantil Cantinela en sus proximidades y el Polideportivo Alfonso Cadiñanos. Bancos, farmacias, comercios y servicios de todo tipo en la misma calle y en la cercana Avenida de Colmenar Viejo. Muy buena comunicación con Madrid y Colmenar Viejo mediante autobuses con paradas frente al edificio y 713, L4 y L5 y otras como las 712, L2 y N701, en sus proximidades. Fácil acceso en automóvil desde la salida 24 de la autovía de Colmenar Viejo M-607.",False,good,False,True,3418.0,True,False,False,False,[],False,False,458000.0,€,flat,,"Primera Fase - Nuevo Tres Cantos, Tres Cantos",Piso en Sector Oficios,Destacado,True,True,,,,
109196400,https://img4.idealista.com/blur/480_360_mq/0/id.pro.es.image.master/8a/9f/e8/1367305020.webp,P-3037,57,3,599000.0,duplex,sale,156.0,True,5,2,calle de Vicente Espinel,Madrid,Madrid,Ciudad Lineal,es,Pueblo Nuevo,40.4340284,-3.6403447,False,https://www.idealista.com/inmueble/109196400/,"LINKCASA PASEO EXTREMADURA VENDE un dúplex de 156 m² construidos en la calle Vicente Espinel (barrio de Pueblo Nuevo), a escasos metros de la arteria principal y comercial de la zona como es la calle Alcalá. La vivienda se distribuye en 2 plantas:  *Primera: consta de 1 habitación, un amplio salón, comedor, una cocina espaciosa, baño completo con bañera y terraza descubierta.  *Segunda: dispone de 4 habitaciones (3 de ellas doble), baño completo con bañera, trastero y terraza descubierta. El inmueble es exterior, muy luminoso, se trata de una tercera planta, está para entrar a vivir y dispone de calefacción individual de gas natural, bomba de calor y aire acondicionado. La propiedad se encuentra a 5 minutos de los metros Pueblo Nuevo (L-5 y L-7) y Ascao (L-7) y de varias líneas de autobuses de la EMT (38, 109, 113 y N5). La finca tiene la ITE favorable (año 2015). La vivienda se encuentra ubicada en una zona muy tranquila y bien comunicada, con todo tipo de servicios y comodidades a su alrededor (supermercados, restaurantes, entidades bancarias, farmacias, colegios, instalaciones deportivas, zonas verdes.. . etc), lo que hace de la compra del inmueble una buena oportunidad. Para más información, visítanos en nuestra web: linkcasa. es. No dejes de visitarlo.",False,good,False,False,3840.0,True,False,True,False,[],False,False,599000.0,€,flat,duplex,"Pueblo Nuevo, Madrid",Dúplex en calle de Vicente Espinel,Destacado,,,,,,
108069095,https://img4.idealista.com/blur/480_360_mq/0/id.pro.es.image.master/0d/1b/be/1344700447.webp,3248-24721,71,10,1490000.0,flat,sale,194.0,True,5,3,paseo de San Francisco de Sales,Madrid,Madrid,Chamberí,es,Vallehermoso,40.4396154,-3.7155371,False,https://www.idealista.com/inmueble/108069095/,"Magnifica vivienda exterior en venta en el Paseo San Francisco de Sales, ubicación privilegiada, en pleno corazón del emblemático barrio de Vallehermoso, uno de los más consolidados y prestigiosos de Chamberí y de todo Madrid. Con una superficie construida de 194 metros cuadrados, destaca su luminosidad, una décima planta exterior, con espectaculares vistas a  Madrid y a la Sierra. También destaca su tranquilidad, sin apenas ruido gracias a su orientación a un amplio jardín que forma parte de la finca, y a la Calle Doménico Scarlatti, la cual no tiene viviendas enfrente. Todo esto le confiere un valor añadido a esta exclusiva vivienda, sin duda una joya en una de las zonas más codiciadas de la capital. Consta de hall de entrada con armario gabanero, una estupenda cocina con office, tendedero cubierto, entrada y zona de servicio con dormitorio y baño completo, un maravilloso salón  comedor de casi 50 metros cuadrados, con una agradable terraza, 4 dormitorios más, en dos de los cuales se incorporaron las terrazas, dos cuartos de baño completos, muy espaciosos, uno de ellos en suite con el dormitorio principal, que dispone de vestidor. Todas las estancias son amplias y muy luminosas gracias a la altura de la casa y a los grandes ventanales que recorren toda la fachada. Se encuentra en buen estado de conservación, los baños y la cocina han sido reformados recientemente. Suelos de parquet, aire acondicionado en el salón, armarios empotrados en todas las estancias, así como en el pasillo. Gran capacidad de almacenaje. Calefacción central con repartidores de consumo. Agua caliente individual. Esta finca, exclusiva y muy cuidada, en urbanización cerrada con magnífico jardín comunitario, cuenta con un amplio portal señorial y conserje, sin barreras arquitectónicas, dos ascensores y dos montacargas de servicio por los que se accede al garaje de la finca, el cual también cuenta con su propio conserje.  Se puede acceder al portal tanto por San Francisco de Sales como por su calle paralela, Doménico Scarlatti. Su ubicación y comunicaciones son inmejorables, muy próxima a la plaza de Cristo Rey, con salida directa a la A-6, y rápido acceso a la M-30, a un paso de las estaciones de Metro de Moncloa, Argüelles, Guzmán el Bueno, Canal, Vicente Aleixandre e Islas Filipinas, así como del intercambiador de Moncloa, a lo que se añaden numerosas líneas de autobús. Muy cerca del Hospital Universitario Fundación Jiménez Diaz y el Hospital Clínico San Carlos. Rodeada de todo tipo de servicios, comercios, ocio, ofertas culturales, centros educativos y restauración. Cercana también a todo el entorno de la Ciudad Universitaria. Muy próximo a El Corte Inglés de Princesa y de todos los establecimientos de grandes cadenas, así como de tiendas de todo tipo. A pocos minutos del Parque del Oeste, de las zonas verdes del Parque Santander y Virgen Blanca, perfectos para pasear, disfrutar de la naturaleza o practicar deportes, instalaciones deportivas del Canal, gimnasio GoFit, etc. Todo un lujo en Madrid. La vivienda forma parte de una mancomunidad propietaria de varios locales, con lo que se generan ingresos por el alquiler de los mismos, lo cual hace que haya meses que no se devenguen gastos de comunidad. Plaza de garaje en el mismo edificio incluida en el precio. Además, existe la posibilidad de adquirir una segunda plaza que tienen los propietarios situada en el parking de residentes cercano. No deje pasar esta oportunidad y llámenos sin compromiso, estaremos encantados de atenderle. No cobramos honorarios al comprador.",False,good,False,True,7680.0,False,False,False,False,[],False,False,1490000.0,€,flat,,"Vallehermoso, Madrid",Piso en paseo de San Francisco de Sales,Destacado,True,True,,,,
108107134,https://img4.idealista.com/blur/480_360_mq/0/id.pro.es.image.master/2e/eb/f5/1334038811.webp,b3d894b1-f090-4471-b34a-45ffe264a49a,39,4,950000.0,flat,sale,91.0,True,3,2,calle de Joaquín María López,Madrid,Madrid,Chamberí,es,Arapiles,40.4356959,-3.7092292,False,https://www.idealista.com/inmueble/108107134/,"Descubre este encantador apartamento reformado recientemente en Arapiles, Chamberí, Madrid. Con una superficie de 91 m², esta vivienda ofrece un espacio cómodo y moderno. Dispone de 3 dormitorios y 2 baños, ideal para familias o compartir con amigos. La cocina está completamente equipada, lista para tus mejores recetas. El apartamento cuenta con aire acondicionado y calefacción eléctrica, asegurando el confort en cualquier estación. Los armarios empotrados proporcionan un excelente espacio de almacenamiento. Además, el edificio incluye prácticos servicios como ascensor y portero, facilitando la vida diaria. Ubicado en una zona vibrante y bien comunicada, este apartamento es una joya esperando ser descubierta. No pierdas la oportunidad de vivir en uno de los barrios más deseados de Madrid. ¡Contáctanos hoy para más información! Arapiles, en el distrito de Chamberí de Madrid, es un barrio residencial y céntrico con un ambiente vibrante y tradicional. Destaca por sus calles llenas de comercios, restaurantes, y una excelente oferta cultural. Su proximidad a zonas como Moncloa y el centro de la ciudad, junto con su buena conexión mediante transporte público, lo convierte en una opción ideal para quienes buscan comodidad y calidad de vida en un entorno urbano.",False,good,False,True,10440.0,False,False,False,False,[],False,False,950000.0,€,flat,,"Arapiles, Madrid",Piso en calle de Joaquín María López,Destacado,,,,,,
106737785,https://img4.idealista.com/blur/480_360_mq/0/id.pro.es.image.master/8d/e9/bd/1294033672.webp,1565,95,,1150000.0,chalet,sale,951.0,,8,7,calle de Gustavo Torner,Madrid,Mejorada del Campo,,es,,40.3928357,-3.4852101,False,https://www.idealista.com/inmueble/106737785/,"**Impresionante Chalet Independiente en el Corazón de la Ciudad** ¡Bienvenido a su nuevo hogar! Esta espectacular casa/chalet de 951 m² es una joya arquitectónica construida en 1982, que combina elegancia y comodidad en cada rincón. Con un diseño de alto standing, esta propiedad cuenta con 8 amplios dormitorios y 7 baños, ideal para familias numerosas o para aquellos que buscan espacio y privacidad. Ubicada en una zona céntrica, esta vivienda se encuentra a pie de calle, lo que le proporciona un acceso inmejorable a todos los servicios y comodidades que la ciudad tiene para ofrecer. La casa destaca por su luminosidad, gracias a sus ventanas Climalit que permiten la entrada de luz natural, creando un ambiente cálido y acogedor. Entre sus características más destacadas, encontrará un jardín privado perfecto para disfrutar de momentos al aire libre, así como un trastero y un almacén que ofrecen un amplio espacio de almacenamiento. La cocina amueblada es un sueño para los amantes de la gastronomía, y el salón, con chimenea de pellets, se convierte en el lugar ideal para relajarse en familia. La propiedad también cuenta con aire acondicionado y calefacción de gas natural individual, asegurando su confort durante todo el año. Además, dispone de un ascensor que facilita el acceso a todas las plantas, y su puerta de seguridad garantiza la tranquilidad que usted y su familia merecen. Con su garaje privado y su excelente estado de conservación, esta casa está lista para convertirse en el hogar de sus sueños. No pierda la oportunidad de visitarla y descubrir todo lo que tiene para ofrecer. ¡Contáctenos hoy mismo para programar una visita! Trabajamos por tu futuro, trabajamos para ti.",False,good,False,,1209.0,True,False,False,False,[],False,False,1150000.0,€,chalet,independantHouse,Mejorada del Campo,Casa independiente en calle de Gustavo Torner,Destacado,True,True,,,,
108884375,https://img4.idealista.com/blur/480_360_mq/0/id.pro.es.image.master/39/3a/de/1357896436.webp,GUIJO,35,,64900.0,countryHouse,sale,78.0,,1,0,calle del Guijo,Madrid,Zarzalejo,,es,,40.5469606,-4.181825,False,https://www.idealista.com/inmueble/108884375/,"INMOBILIARIA HOGARES EL ESCORIAL VENDE, en exclusiva, esta parcela en el Casco Histórico de Zarzalejo. Descubre la tranquilidad y el encanto de la vida rural en Zarzalejo con esta parcela urbana de 78 metros cuadrados. Situada en un entorno natural privilegiado, esta propiedad te ofrece la oportunidad de construir la casa de tus sueños, diseñada a tu gusto y con todas las comodidades que siempre has deseado. Ubicado a solo 50 km de Madrid, es el lugar perfecto para escapar del bullicio de la ciudad y disfrutar de la serenidad del campo sin renunciar a la cercanía a la capital. Esta parcela cuenta con vistas impresionantes de la Sierra de Guadarrama, que te permitirán despertar cada mañana con un paisaje incomparable. Vivir en Zarzalejo te brinda acceso a una rica vida cultural y una amplia variedad de actividades al aire libre. Disfruta de rutas de senderismo, paseos en bicicleta y la belleza de los paisajes naturales que rodean la zona. Además, el pueblo cuenta con un patrimonio histórico notable, con monumentos y tradiciones que enriquecen la vida cotidiana. Invertir en una parcela en Zarzalejo no solo te ofrece la oportunidad de crear tu hogar ideal, sino que también representa una inversión segura en una de las zonas más atractivas y con mayor potencial de revalorización en los alrededores de Madrid. La demanda de propiedades en entornos rurales ha aumentado, y esta parcela es una excelente opción para aquellos que buscan una inversión sólida. ¡No dejes pasar esta oportunidad! Contacta con nosotros para más información y para concertar una visita. HOGARES también ofrece financiación al 100% de su préstamo hipotecario, a través de nuestro departamento de intermediación financiera ""FINANHOGAR"", para hacer su compra aún más accesible. *Este anuncio no es vinculante, puede contener errores. Se muestra a título informativo y no contractual. *.",False,renew,False,,832.0,True,False,False,False,[],False,False,64900.0,€,countryHouse,casaDePueblo,Zarzalejo,Casa de pueblo en calle del Guijo,Destacado,,,,,,
108520180,https://img4.idealista.com/blur/480_360_mq/0/id.pro.es.image.master/d6/95/c9/1347385238.webp,COSLADA,49,1,249000.0,flat,sale,90.0,True,3,1,calle del Norte,Madrid,Coslada,Coslada Pueblo,es,,40.4248556,-3.5686064,False,https://www.idealista.com/inmueble/108520180/,"La empresa DG Real Estate, VENDE EN EXCLUSIVA este MAGNIFICO PISO en la zona de COSLADA. La vivienda dispone de 85 m2 distribuidos en: El SALÓN muy amplio dispone de zona de COMEDOR dividido por un muro de carga separando ambas zonas. Cuenta con AIRE ACONDICIONADO y es muy luminoso gracias a la buena orientación que tiene y los grandes ventanales. Tiene acceso UN MAGNIFICO PATIO, totalmente acondicionado donde poder relajarse, y o reunirse con familiares y amigos. La COCINA REFORMADA, totalmente equipada, amplia y con gran capacidad de almacenaje en ella.  TRES HABITACIONES, dos de ellas disponen de buen tamaño con posibilidad de ubicar cama doble cuentan con salida a la TERRAZA y la tercera habitación con AIRE ACONDICIONADO cuenta con espacio para ubicar una cama individual y armario, tal y como aparece en las fotografías. El BAÑO TOTALMENTE REFORMADO, dispone de plato de ducha con mampara y armarios supletorios.  Las VENTANAS son mixtas lo que aporta un gran aislamiento tanto de frio como calor, además de ruido. Comunicado con parada de cercanías COSLADA CENTRAL y líneas de autobuses 2, 286, 290, N203 Ubicado en una zona muy tranquila con espacios ajardinados, colegios, zonas verdes, centros de salud, polideportivos, centros comerciales y de ocio en todo el entorno. Zona muy consolidada con todos los servicios. Si estás interesado en obtener más información sobre esta propiedad, no dudes en contactarnos. Nuestro equipo de expertos, estarán encantado de ayudarte. La compra de una casa siempre marca un momento especial en la vida de las personas.",True,good,False,False,2767.0,True,False,False,False,[],False,False,249000.0,€,flat,,"Coslada Pueblo, Coslada",Piso en calle del Norte,Destacado,,,260000.0,11000.0,4.0,
109077197,https://img4.idealista.com/blur/480_360_mq/0/id.pro.es.image.master/20/b1/f2/1364742617.webp,,18,2,169000.0,duplex,sale,45.0,True,2,1,CL PICOS DE EUROPA,Madrid,Madrid,Puente de Vallecas,es,Numancia,40.3968169,-3.660845,False,https://www.idealista.com/inmueble/109077197/,"Mayac Inmobiliaria pone en venta acogedora vivienda en Puente de Vallecas Se vende casa de 45 m², perfectamente distribuida en dos habitaciones, salón luminoso, cocina independiente y un baño completo. Una oportunidad ideal tanto para quienes buscan su primera vivienda como para inversores que quieran rentabilizar en una de las zonas más demandadas de Madrid. La vivienda se encuentra situada en el barrio de Puente de Vallecas, un distrito en constante crecimiento y con una amplia oferta de servicios: colegios, centros de salud, supermercados y zonas de ocio. Además, cuenta con una excelente comunicación, con varias líneas de autobús y metro cercanas que conectan directamente con el centro de Madrid en pocos minutos. Un barrio lleno de vida, con mercados tradicionales, comercios de proximidad, uno de los miradores más conocidos de la capital. Si buscas una vivienda con buena ubicación, lista para adaptarla a tu estilo y con todo lo necesario alrededor, esta es tu oportunidad.",False,good,False,False,3756.0,True,False,True,False,[],False,False,169000.0,€,flat,duplex,"Numancia, Madrid",Dúplex en CL Picos De Europa,Destacado,,,,,,
109134074,https://img4.idealista.com/blur/480_360_mq/0/id.pro.es.image.master/b4/1b/ca/1365826777.webp,BFCA-V347,1,5,390000.0,studio,sale,65.0,False,0,1,calle de Azcona,Madrid,Madrid,Barrio de Salamanca,es,Guindalera,40.4352314,-3.6711555,False,https://www.idealista.com/inmueble/109134074/,"CONTACTAR CON EXTENSIÓN Nº4 Por deseo expreso de la propiedad no se permite realizar fotos en el interior de la vivienda.  Bafre Castellana ofrece en el barrio de Guindalera, dentro del distrito de Salamanca, este atractivo ático tipo loft. Situado en una quinta planta de un edificio con ascensor. La vivienda sorprende por su gran luminosidad, gracias a su altura y a la excelente orientación, lo que aporta a cada estancia una sensación de amplitud y confort. El salón, amplio y acogedor, se integra con una cocina de diseño práctico y moderno; junto a él, una habitación bien distribuida y un baño completo que aportan comodidad y funcionalidad a la vivienda. Como valor añadido, el piso cuenta con un amplio trastero y una plaza de garaje en el mismo edificio, un auténtico privilegio en esta zona de Madrid. La comunicación es inmejorable: a pocos minutos caminando se encuentra la estación de metro Diego de León, con conexión directa a las líneas 4, 5 y 6, además de varias líneas de autobús en las inmediaciones que garantizan un acceso rápido y cómodo a cualquier punto de la ciudad. El entorno combina lo mejor de un barrio residencial con la vitalidad del centro de Madrid. En sus alrededores se encuentran comercios de proximidad, mercados tradicionales, restaurantes, cafeterías y zonas verdes, lo que convierte esta ubicación en un lugar ideal tanto para vivir como para invertir. Este ático luminoso, con garaje y trastero incluidos, representa una oportunidad única de disfrutar de un hogar con estilo en uno de los barrios más demandados de la capital.  (Este anuncio no es vinculante, puede contener errores, se muestra a título informativo y no contractual. ) > Oferta sujeta a condiciones de compra. Consulte los términos y condiciones aplicables.",False,good,False,True,6000.0,True,False,False,False,[],False,False,390000.0,€,flat,studio,"Guindalera, Madrid",Estudio en calle de Azcona,Destacado,True,True,,,,
108040928,https://img4.idealista.com/blur/480_360_mq/0/id.pro.es.image.master/d3/7a/3a/1332030221.webp,79127,21,5,1839000.0,flat,sale,163.0,True,3,3,calle de Hermosilla,Madrid,Madrid,Barrio de Salamanca,es,Goya,40.4252891,-3.6725208,False,https://www.idealista.com/inmueble/108040928/,"Álvora Capital Properties, estudio de arquitectura y consultora inmobiliaria de alta calidad en la gestión de activos prime en Madrid, les ofrece esta vivienda reformada, situada en una quinta planta exterior con una terraza de 6m², en el barrio de Goya. Con 137m² de superficie, esta propiedad destaca por su distribución funcional. El acceso principal conduce a una amplia zona de estar, compuesta por un salón-comedor con cocina abierta. La estancia disfruta de gran luminosidad gracias a sus ventanales de suelo a techo y a la salida directa a una acogedora terraza. La cocina, diseñada con una gran isla central, combina materiales de alta calidad y perfectamente integrada con la zona social. El acceso de servicio, independiente, conecta directamente con la cocina y la zona de lavandería, facilitando un uso práctico sin interferencias en la zona principal. La zona de descanso, orientada a un patio interior, cuenta con tres dormitorios bien distribuidos. El dormitorio principal dispone de un vestidor y baño en suite. Los otros dos dormitorios cuentan con armarios empotrados y cada uno tiene acceso a su propio baño completo. Actualmente este inmueble se encuentra en fase de obra, se entregará completamente amueblado con acabados de alta calidad, ofreciendo un espacio listo para entrar a vivir. Destaca también por la presencia de dos accesos independientes.  Esta propiedad ofrece una combinación de elegancia y funcionalidad en una de las zonas más conocidas de Barrio de Salamanca, por su gran comercio y versatilidad en todos sus servicios.",False,good,False,True,11282.0,True,False,False,False,[],False,False,1839000.0,€,flat,,"Goya, Madrid",Piso en calle de Hermosilla,Destacado,,,,,,
109191924,https://img4.idealista.com/blur/480_360_mq/0/id.pro.es.image.master/6e/0f/c5/1367367033.webp,,96,,382000.0,chalet,sale,206.0,,3,3,calle los Saúcos,Madrid,Cubas de la Sagra,,es,,40.198892,-3.8518113,False,https://www.idealista.com/inmueble/109191924/,"¿Estas buscando EL HOGAR PERFECTO PARA TU FAMILIA? Este exclusivo chalet pareado de 179m2 CONSTRUIDOS, 3 HABITACIONES, BOARDILLA TERMINADA Y JARDIN CON PISCINA, es el hogar que siempre has soñado.  Disfruta de la tranquilidad y el confort, con todas las comodidades que necesitas para vivir y relajarte.  ¿TE IMAGINAS DISFRUTANDO DEL SOL EN SU JARDIN Y REFRESCANDOTE EN LA PISCINA?   Planta baja - Luminoso salón de 27 m2, con acceso directo al JARDIN PRIVADO Y A LA PISCINA, mediante 2 grandes puertas correderas, con otra ventana que da vistas a la entrada de la casa. EXCELENTE VENTILACION.  - Cocina de 10 m2, con opción de cocina abierta, con tendedero, que NOS DA ACCESO AL JARDIN Y A SU PISCINA. - AMPLIO aseo de cortesía, ideal para tus invitados, CON VENTANA, mucha luz natural y buena VENTILACION. Primera planta - 3 Habitaciones: Una DOBLE con BAÑO EN SUITE y 2 sencillas, amplias y luminosas, con armarios empotrados de puerta correderas para mayor comodidad y aprovechar el espacio. - 2 Baños completos: Uno de ellos en suite, CON VENTANAS. EXCELENTE VENTILACION. Buhardilla - Buhardilla TERMINADA, con 2 ventanas, una de ellas Velux. 44 m2 DIAFANOS, un espacio adicional ideal para habitación, oficina, zona de juegos o lo que necesites, SUELO DE TARIMA. EXCELENTE VENTILACION. Cuenta con un pequeño trastero, arriba en la boardilla. Zona común privada, de acceso para 4 chalets.   - Radiadores en todas las habitaciones, baños y pasillo.  - Gas natural. - Ventanas en aluminio blanco. - Piscina con Clorador salino:  - Suelo de tarima en la boardilla. - Suelo de gres en los demás espacios. - Paredes gotelé. - EXCELENTE VENTILACION EN TODA LA CASA.  Disfruta de una PISCINA MAS ECOLOGICA y de menos mantenimiento, perfecta para relajarte y disfruta de los días calurosos.   - GRAN JARDIN, con CON BARBACOA DE OBRA, CENADOR DE OBRA Y PISCINA:   Un espacio exterior perfecto para disfrutar de comidas al aire libre, reuniones familiares o momentos de relax. * En el jardín tambien encontraras 2 casetas para perros( de obra ), una hamaca y una mesa de pin pon. - GARAJE CERRADO, con puerta motorizada, para 2 COCHES Y MOTO:   * Con suficiente espacio para tus vehículos y mucho almacenamiento adicional y acceso directo al jardín. Ubicación excelente:  - A 500 metros del Mercadona,  - Centro de salud,  - Polideportivo, - Ayuntamiento,  - Colegio bilingüe,  - Instituto bilingüe,  - Farmacias,  - Supermercados, - Zonas verdes.    Gastos de la vivienda: * Luz: 50€/60€ mes.  * Agua: 60€ mes. *GAS: 100€ APROX * Ibi: 700€, si se fracciona en 6 meses tiene un 5% de descuento.   ¡Un chalet PERFECTO PARA COMENZAR UNA NUEVA ETAPA en tu vida! Ven a verlo, ¡Te enamorarás!",True,renew,False,,1854.0,True,False,False,False,[],False,False,382000.0,€,chalet,semidetachedHouse,Cubas de la Sagra,Chalet pareado en calle los Saúcos,Destacado,True,True,,,,
107863009,https://img4.idealista.com/blur/480_360_mq/0/id.pro.es.image.master/24/d3/96/1326561007.webp,lis464MS,26,2,2300000.0,flat,sale,192.0,True,3,3,Barrio Lista,Madrid,Madrid,Barrio de Salamanca,es,Lista,40.4323373,-3.6788091,False,https://www.idealista.com/inmueble/107863009/,"Olisson Club ofrece esta magnífica vivienda exterior a estrenar con balcón, en el barrio de Salamanca. Esta propiedad de 192 m2 se encuentra recién reformada con los mejores materiales, cuidando hasta el más mínimo detalle.  Se distribuye de la siguiente manera: desde el hall accedemos a una espaciosa zona social con un amplio salón-comedor y una zona de trabajo, desde ambas estancias tenemos acceso a un amplio balcón desde el que podemos disfrutar de una vistas despajadas y los grandes ventanales hacen que la entrada de luz sea maravillosa. Al otro lado del hall tenemos una espectacular cocina equipada con el más mínimo detalle, con una inmensa isla, ideal para convertirse en centro reuniones sociales con amigos y familiares. Siguiendo el recorrido de la casa entramos en la zona de descanso, totalmente independiente. Esta cuenta con tres dormitorios, dos de ellos con baño en suite. Todas ellas con amplios armarios de suelo a techo. El tercer dormitorios tiene un baño completo justo enfrente. La casa también cuenta con aseo de cortesía y lavandería. La reforma y el interiorismo de la vivienda se han cuidado hasta el último detalle. Los materiales empleados en cocina y baños, el sistema de calefacción, la carpintería exterior e interior, o todo el sistema de iluminación con luces directas e indirectas, son detalles pensados y cuidados por el arquitecto para que la vivienda cuente con todos los lujos y comodidades. Se ubica en una finca de 1946 y cuenta con servicio de portería y trastero La vivienda se ubica en el barrio de Salamanca, una de las zonas más privilegiadas de Madrid, a un paso de los restaurantes mas exclusivos de la zona. Esta ubicación tan céntrica, facilita la conexión con el resto de la ciudad y el poder disfrutar de los museos y diversas zonas de moda. Además, está a solo 20 minutos del aeropuerto. Es una zona residencial, con varias terrazas y ofertas de restauración, supermercados y tiendas, e inmejorable comunicación tanto con la exclusiva milla de oro de la calle Serrano y la zona de embajadas, con inmediato acceso al parque del Retiro y la zona de museos con el Prado y el jardín Botánico como idílicos enclaves, así como con la estación de Atocha y vías de circunvalación. [IW].",True,good,False,True,11979.0,True,False,False,False,[],False,False,2300000.0,€,flat,,"Lista, Madrid",Piso,Destacado,,,,,,
107573125,https://img4.idealista.com/blur/480_360_mq/0/id.pro.es.image.master/83/dd/a7/1353542536.webp,lis460IV,27,4,2409000.0,flat,sale,200.0,True,3,3,Barrio Lista,Madrid,Madrid,Barrio de Salamanca,es,Lista,40.429376,-3.6781173,False,https://www.idealista.com/inmueble/107573125/,"Olisson Club ofrece fantástico piso de un diseño exquisito con acabados de lujo que crean una vivienda exclusiva, elegante y con mucho estilo en la mejor zona del barrio Salamanca. Este piso de 200m2 con terraza de 10 m2 completamente exterior, situado en una cuarta planta es verdaderamente espectacular y espacioso, reformado con los mejores materiales, cuidando hasta el más mínimo detalle, se distribuye de la siguiente manera: la puerta de entrada se abre a un espacio amplio a modo de hall, que distribuye la zona social y la zona privada de la vivienda. La zona social de la vivienda: amplia zona de estar de dos ambientes con comedor de planta abierta, que da aseso a una terraza, un espacio exterior privilegiado en el centro de la ciudad. Sus puertas y ventanas de suelo a techo permiten disfrutar de las vistas y ampliarlas, a la vez que proporcionan abundante luz natural. La cocina, totalmente equipada con electrodomésticos, con isla, muy cómoda y preparada para poder sentarte y disfrutar del desayuno o para que los invitados te acompañen mientras cocinas.  Desde el hall de entrada se accede a la zona más privada de la vivienda, donde se encuentran tres dormitorios dobles, todo con sus baños correspondientes en suite y vestidores con amplios armarios empotrados que van de suelo a techo. Todos los dormitorios son exteriores con vistas despejadas. El edificio en perfecto estado de conservación, con portal bien cuidado, ofrece servicio de conserjería y dos ascensores. La vivienda cuenta con trastero de unos 6m2.  El proyecto de reforma de esta vivienda ha sido obra de una prestigiosa firma de arquitectura de interiores y destaca por el buen uso y aprovechamiento de los espacios, así, como el empleo de materiales de primera calidad utilizados en la reforma, como por ejemplo: suelos de madera de roble natural, celosías de madera hechas a medida, revestimientos porcelánicos Porcelanosa, ventanas Cortizo con perfilería de diseño en zonas comunes y techos altos con elegantes molduras, etc... La vivienda se ubica en el barrio de Salamanca, una de las zonas más privilegiadas de Madrid, cerca de la calle José Ortega y Gasset y plaza Marques de Salamanca, a un paso de los restaurantes únicos de la zona. Esta ubicación tan céntrica, facilita la conexión con el resto de la ciudad y el poder disfrutar de los museos y diversas zonas de moda. Además, está a solo 20 minutos del aeropuerto. Es una zona residencial, con varias terrazas y ofertas de restauración, supermercados y tiendas, e inmejorable comunicación tanto con la exclusiva milla de oro de la calle Serrano y la zona de embajadas, cerca de parque del Retiro y la zona de museos con el Prado y el jardín Botánico como idílicos enclaves, así como con la estación de Atocha y vías de circunvalación. [IW].",True,good,False,True,12045.0,True,False,False,False,[],False,False,2409000.0,€,flat,,"Lista, Madrid",Piso,Destacado,,,,,,
105891127,https://img4.idealista.com/blur/480_360_mq/0/id.pro.es.image.master/1f/d5/d3/1315420047.webp,W-02WYKI,31,7,1520000.0,penthouse,sale,121.0,True,1,2,calle Alcalá,Madrid,Madrid,Barrio de Salamanca,es,Goya,40.4266794,-3.6692334,False,https://www.idealista.com/inmueble/105891127/,"OPORTUNIDAD ÚNICA EN EL CORAZÓN DEL BARRIO DE SALAMANCA! Presentamos un espectacular ático en venta que combina elegancia, diseño y confort, ubicado en uno de los barrios más prestigiosos de Madrid. Esta joya arquitectónica del año 1924, totalmente rehabilitada, ofrece un estilo de vida exclusivo que no te querrás perder. Superficie construida: 120 metros cuadrados Superficie útil: 100 metros cuadrados + 13 metros cuadrados de terraza Orientación: Sureste Habitaciones: 1 dormitorio con baño en suite (transformado de tres habitaciones) Techos altos que aportan amplitud y luminosidad. Suelos de mármol Thassos, traído directamente de Grecia. Cocina y baño principal diseñados por Sicis, con cristal de Murano negro, ofreciéndote un ambiente sofisticado. Calefacción por suelo radiante de gas natural para mayor comodidad. Aire acondicionado frío/calor para disfrutar del clima perfecto en todo momento. Ventanas Climalit con apertura oscilobatiente, garantizando un excelente aislamiento térmico y acústico. Pintura lisa y puertas acorazadas que contribuyen a un ambiente moderno y seguro. Equipamiento de alta gama: Cocina equipada con electrodomésticos Miele, incluyendo un horno de 90 cm, placa vitrogrill, placa de inducción y campana extractora de encimera. Vinoteca integrada de Liebherr y nevera/frigorífico doble de alta capacidad. Grifería de diseño Hansgrohe y sanitarios Duravit de alta calidad. Ducha circular exenta que brinda un toque de lujo. Instalación de internet en todas las estancias, fibra óptica y Wi-Fi para una conectividad sin límites. Preparación para proyector de cine y sistema de audio para disfrutar de tus momentos de entretenimiento en casa. Este ático deslumbra no solo por sus acabados de lujo, sino también por su diseño innovador y funcional. Sin lugar a dudas, es el hogar que estabas buscando, donde cada detalle ha sido cuidadosamente pensado para ofrecerte el máximo confort y estilo. ¡No dejes pasar esta oportunidad única! Contáctanos para concertar una visita y hacer de este impresionante ático tu nuevo hogar. El Barrio de Salamanca, construido por el Marqués de Salamanca en el siglo XIX, es un ejemplo de expansión urbana y de un barrio aristocrático con amplias avenidas y majestuosas casonas. Al recorrer sus calles, se puede sentir que se está ingresando a un mundo exclusivo destinado a la aristocracia. Este barrio alberga tiendas y negocios de lujo como Loewe, Lubaloo, Prada, Valentino, Miu Miu y Cartier, entre otros, que deleitan a aquellos con bolsillos más afortunados. El área conocida como Milla de Oro es considerada la máxima expresión de lujo, especialmente en términos de oferta gastronómica, con el recientemente inaugurado Centro de Ocio Platea. Este espacio único cuenta con restaurantes como Ramón Freixa's y Sinergias, donde tres de los mejores chefs españoles han unido fuerzas para ofrecer recetas renovadas y los postres más codiciados de Mamá Framboise, entre otras delicias. Para los amantes de la comida tradicional y los visitantes extranjeros, el Barrio de Salamanca es el escenario perfecto para disfrutar de las tapas más exquisitas de Madrid. El restaurante-cervecería Casa Dani en el Mercado de la Paz, Qué Tapas en el Mercado de Torrijos y la Cervecería Santa Bárbara son solo algunos ejemplos donde se pueden degustar deliciosas raciones de pulpo, jamón curado, tortilla y patatas bravas. En definitiva, el Barrio de Salamanca fue concebido como una réplica del maravilloso París, donde el lujo y el glamour son los protagonistas principales.",False,good,False,True,12562.0,False,False,False,False,[],False,False,1520000.0,€,flat,penthouse,"Goya, Madrid",Ático en calle Alcalá,Destacado,,,,,,
107715812,https://img4.idealista.com/blur/480_360_mq/0/id.pro.es.image.master/35/44/89/1320665776.webp,goy545PC,19,1,1100000.0,flat,sale,125.0,True,2,2,Barrio Goya,Madrid,Madrid,Barrio de Salamanca,es,Goya,40.4267169,-3.6739713,False,https://www.idealista.com/inmueble/107715812/,"Olisson presenta este magnífico piso reformado ubicado en el Barrio Salamanca.  La vivienda, totalmente exterior, ha sido reformada íntegramente aprovechando cada espacio de la casa. Con la reforma, la casa destaca por su diseño moderno, acabados de alta calidad y eficiencia energética, siendo ideal tanto para quienes buscan una ubicación privilegiada, funcionalidad y comodidad. Este piso de 125m², se distribuye de la siguiente manera: nada más entrar tenemos un espacioso salón-comedor. Esta zona social se complementa con una cocina integrada con electrodomésticos de alta gama y una amplia isla. La zona de descanso se compone de dos dormitorios, amplios y muy luminosos con armarios de suelo a techo. Además, el dormitorio principal cuenta con un espacioso vestidor y un baño en suite con un espacio para lavandería. La finca en la que se ubica cuenta con portero de lunes a viernes y es totalmente accesible. Se encuentra ubicado en el distrito Salamanca, al noroeste de Madrid, ofreciendo unas vistas privilegiadas a los edificios más emblemáticos. Su estratégica ubicación ofrece acceso rápido a la M-30, y el centro de la ciudad. Además, la zona se encuentra excelentemente conectada mediante transporte público. Esta zona residencial, urbana y segura, destaca por su alta calidad de vida y una amplia oferta de colegios nacionales e internacionales, así como lugares de restauración y ocio. [IW].",True,good,False,True,8800.0,False,False,False,False,[],False,False,1100000.0,€,flat,,"Goya, Madrid",Piso,Destacado,,,1200000.0,100000.0,8.0,
107967755,https://img4.idealista.com/blur/480_360_mq/0/id.pro.es.image.master/e0/e1/b4/1329750627.webp,W-02ZBJJ,42,7,995000.0,flat,sale,219.0,True,5,4,calle Alameda,Madrid,Coslada,El Barral Ferial,es,,40.4311625,-3.5607421,False,https://www.idealista.com/inmueble/107967755/,"Ático - dúplex con tres terrazas y vistas despejadas. Espectacular Ático con doscientos diecinueve metros construidos. En la primera planta nos encontramos con un amplio recibidor que da paso a un espacioso salón distribuido en dos ambientes con amplios ventanales que dan salida a una bonita terraza de gran tamaño. En la misma planta nos encontramos con un dormitorio que podría ser destinado para un despachos por ejemplo y baño de cortesía. En esta planta también accedemos a la estupenda cocina, luminosa, despensa y un balcón para tendedero cubierto. A la planta superior accedemos por una amplia y cómoda escalera y encontramos cuatro amplios dormitorios, uno de ellos con baño en suite. A través de dos de dos dormitorios tenemos la posibilidad de acceder a la joya de la casa, una tranquila terraza de gran tamaño - espacio multiusos.  Esta propiedad por su generosa superficie y fácil plano nos ofrece la posibilidad de increíbles reformas para dejar la casa de su vida en uno de los barrios tranquilos de Coslada.  La propiedad tiene trastero y una plaza de garaje incluida en precio y posibilidad de alquilar o comprar otras plazas de garaje. La finca cuenta con portero y está adaptada para movilidad reducida. Este ático es una oportunidad única para familias e inversores de crear su casa deseada.",False,good,False,True,4543.0,False,False,True,False,[],False,False,995000.0,€,flat,,"El Barral Ferial, Coslada",Piso en calle Alameda,Destacado,,,,,,
105614445,https://img4.idealista.com/blur/480_360_mq/0/id.pro.es.image.master/b1/6a/fc/1280293936.webp,lav002GM,21,5,1195000.0,duplex,sale,138.0,True,2,2,Barrio Lavapiés-Embajadores,Madrid,Madrid,Centro,es,Lavapiés-Embajadores,40.4127736,-3.7032122,False,https://www.idealista.com/inmueble/105614445/,"Olisson pone a su disposición, acogedor dúplex en buen estado y excelentes calidades, en la zona de Embajadores. Ubicado en una quinta planta exterior y con sus 138 m2, presenta una distribución que va de la siguiente manera: ingresando a la vivienda, se visualiza una primera planta, con un amplio salón con tres ambientes bien diferenciados: por un lado la zona del salón con muy buena capacidad para ubicar muebles amplios. Por otro lado la zona de comedor, con buen espacio para situar una mesa de seis u ocho puestos, precioso mueble de madera con luz muy decorativo, y presencia de una amplia ventana con luz natural. Cercano se tiene una zona de lectura con biblioteca y se visualizan dos grandes y amplios balcones a la calle con vistas verdes y despejadas, lo que aporta muy buena entrada de luz natural a toda la zona.  Seguidamente y ubicados en la misma primera planta, se tiene acceso a una zona de despacho, con cómoda biblioteca, mesa amplia y gran balcón con vistas a patio de manzana que aporta una estupenda entrada de luz natural al dormitorio. Avanzando en el recorrido, se tiene acceso a una segunda planta, que llevan a dos dormitorios dobles y armarios empotrados con buena capacidad de almacenamiento. Por un lado se ve el dormitorio principal, bastante amplio y en suite, con baño completo integrado al dormitorio, ducha, mueble de almacenamiento, lavabo y mas. Desde el dormitorio principal, se accede a una acogedora terraza, ideal para tomar el sol y leer un buen libro, con vistas despejadas. Más adelante está el segundo dormitorio con buena entrada de luz natural. Ubicada en una finca clásica representativa, que ha sido rehabilitada en su totalidad en el año 1.999, con portal amplio de techos altos en excelente estado, apto para personas con movilidad reducida, portero en horario comercial y ascensor. Situado en una calle conocida de la zona de Embajadores, rodeado de variedad de locales comerciales, cafés, terrazas, restaurantes, bancos, y excelente comunicación con diferentes medios de transporte como: líneas de metro, líneas de autobús, taxis y demás. Este piso se presenta como una buena oportunidad de inversión tanto para generar rentabilidad como para vivir. [IW].",True,renew,False,True,8659.0,True,False,False,False,[],False,False,1195000.0,€,flat,duplex,"Lavapiés-Embajadores, Madrid",Dúplex,Destacado,,,,,,
107873381,https://img4.idealista.com/blur/480_360_mq/0/id.pro.es.image.master/d7/2f/16/1326879378.webp,goy557IV,17,4,2100000.0,flat,sale,162.0,True,3,3,Barrio Goya,Madrid,Madrid,Barrio de Salamanca,es,Goya,40.4268843,-3.6752102,False,https://www.idealista.com/inmueble/107873381/,"Olisson Club gestiona la venta de esta vivienda de autor recién reformada de tres dormitorios y tres baños, completamente amueblada y decorada. Se trata de una 3ª planta exterior muy luminosa con vistas despejadas, en un edificio clásico de 1920, cuidado al detalle, con elegante portal, portero físico y ascensor. Este piso de 162 m2 es muy luminoso y espacioso, con espectaculares vistas, reformado con los mejores materiales, cuidando hasta el más mínimo detalle, se distribuye de la siguiente manera: la puerta de entrada se abre a un amplio hall de entrada con armarios empotrados, que nos lleva a la zona social de la vivienda: amplio salón comedor con dos balcones franceses, comunicado con amplia cocina hecha a medida, totalmente equipada con electrodomésticos, con isla central. Sus puertas y ventanas de suelo a techo permiten disfrutar de las vistas y ampliarlas, a la vez que proporcionan abundante luz natural a lo largo del todo el día. La zona privada de la vivienda cuenta con tres amplios dormitorios y tres baños completos, todos los dormitorios son dobles con armarios empotrados y sus baños correspondientes en suite, dispuestos de tal manera que garantizan la privacidad y separan el dormitorio principal. El proyecto de reforma de esta vivienda ha sido obra de una prestigiosa firma de arquitectura de interiores y destaca por el buen uso y aprovechamiento de los espacios, así, como el empleo de materiales de primera calidad utilizados en la reforma, como por ejemplo: suelos de madera de roble natural, revestimientos porcelánicos Porcelanosa, ventanas Cortizo con perfilería de diseño en zonas comunes y techos altos con elegantes molduras, etc... El edificio es clásico, de principios de s.XX. cuenta con una bonita fachada recién restaurada, con elegante portal, cuenta con portero físico y ascensor. Hay posibilidad de adquirir una plaza de garaje en las fincas cercanas tanto en venta como en alquiler. La vivienda se ubica en el barrio de Salamanca, una de las zonas más privilegiadas de Madrid, a un paso de los restaurantes únicos de la calle Jorge Juan. Esta ubicación tan céntrica, facilita la conexión con el resto de la ciudad y el poder disfrutar de los museos y diversas zonas de moda. Además, está a solo 20 minutos del aeropuerto. Es una zona residencial, con varias terrazas y ofertas de restauración, supermercados y tiendas, e inmejorable comunicación tanto con la exclusiva milla de oro de la calle Serrano y la zona de embajadas, con inmediato acceso al parque del Retiro y la zona de museos con el Prado y el jardín Botánico como idílicos enclaves, así como con la estación de Atocha y vías de circunvalación. [IW].",False,good,False,True,12963.0,True,False,False,False,[],False,False,2100000.0,€,flat,,"Goya, Madrid",Piso,Destacado,,,,,,
106790346,https://img4.idealista.com/blur/480_360_mq/0/id.pro.es.image.master/b7/e2/22/1294086805.webp,goy517IV,23,5,1459000.0,flat,sale,100.0,True,2,2,Barrio Goya,Madrid,Madrid,Barrio de Salamanca,es,Goya,40.4236499,-3.6768174,False,https://www.idealista.com/inmueble/106790346/,"Olisson Club presenta este magnífico piso reformado con tres balcones a la calle con vistas despejadas, al lado de parque del Retiro.  El piso de 100 m2 en una quinta planta, ha sido reformado aprovechando cada uno de sus espacios, distribuidos de la siguiente forma: hall de entrada, zona social distribuida en dos estancias, un salón-comedor de buen tamaño y cocina abierta totalmente equipada con electrodomésticos de alta gama. En la zona de descanso tenemos dos dormitorios y dos baños, el dormitorio principal es exterior con su con baño en suite. Ambos dormitorios con armarios empotrados de suelo a techo. Esta vivienda está diseñada para quienes buscan luminosidad, espacio y elegancia. Además, se vende amueblado, listo para entrar a vivir sin necesidad de preocuparte por nada más. Destaca la altura de techos, los grandes ventanales que hacen que el piso sea muy luminoso. El piso se ubica en un edificio clásico de 1930 con portal representativo y ascensor en una de las mejores calles de distrito de Salamanca. Tradicionalmente Salamanca es una zona de uso residencial, especialmente habitada por las élites políticas y económicas del país. En los últimos cincuenta años este carácter residencial convive con otras actividades como la empresarial, la diplomática y, especialmente, la comercial ya que es una de las áreas de moda de lujo más importantes de la capital. Esta zona, tranquila y residencial cuenta con una amplia oferta de ocio, comercio y servicios, y está perfectamente comunicada con distintas líneas de autobuses y próxima a las paradas del metro. También es perfecta para los desplazamientos en coche gracias a su situación cercana al aeropuerto y la entrada a Madrid por la M-30 y la A-2. [IW].",True,good,False,True,14590.0,True,False,False,False,[],False,False,1459000.0,€,flat,,"Goya, Madrid",Piso,Destacado,,,,,,
108664156,https://img4.idealista.com/blur/480_360_mq/0/id.pro.es.image.master/3d/ba/2c/1362878977.webp,goy569NR,26,1,1240000.0,flat,sale,92.0,True,2,2,Barrio Goya,Madrid,Madrid,Barrio de Salamanca,es,Goya,40.4242904,-3.670462,False,https://www.idealista.com/inmueble/108664156/,"En una de las zonas más representativas de Madrid, en el barrio de Salamanca – Goya, se encuentra esta elegante vivienda reformada con calidades de lujo en una finca clásica de 1940. Con una superficie de 92 m², esta propiedad combina el encanto de la arquitectura tradicional con un interiorismo actual, pensado para ofrecer confort, estilo y funcionalidad en cada rincón. La vivienda ha sido completamente rediseñada con un enfoque de concepto abierto que integra el salón, el comedor y la cocina en un solo espacio amplio y luminoso. Gracias a sus cuatro balcones a la calle, la luz natural es protagonista en todo el hogar. Los techos altos con molduras originales, junto con una cuidada selección de materiales y acabados, aportan carácter y sofisticación. Dispone de dos dormitorios y dos baños. El dormitorio principal cuenta con baño en suite y acceso a uno de los balcones, generando un ambiente íntimo y relajado. La cocina, equipada con electrodomésticos de alta gama y una isla central, se presenta como un espacio tanto práctico como estético, ideal para quienes disfrutan de cocinar y recibir. La distribución ha sido optimizada al máximo, logrando un equilibrio perfecto entre zonas comunes y privadas. Cada metro está aprovechado, sin pasillos innecesarios ni espacios desaprovechados, lo que refuerza la sensación de amplitud y funcionalidad. Ubicada en Goya, una de las zonas más dinámicas del distrito de Salamanca, rodeada de tiendas exclusivas, restauración de primer nivel, zonas verdes y excelente comunicación. Una ubicación privilegiada donde todo está al alcance, en un entorno residencial que combina vida urbana y tranquilidad. Una vivienda lista para entrar a vivir, que destaca por su diseño, ubicación y calidad. Una oportunidad única en una de las direcciones más buscadas de Madrid. [IW].",True,good,False,True,13478.0,True,False,False,False,[],False,False,1240000.0,€,flat,,"Goya, Madrid",Piso,Destacado,,,,,,
108427835,https://img4.idealista.com/blur/480_360_mq/0/id.pro.es.image.master/5f/22/26/1344568857.webp,RP452025138665,8,3,155000.0,studio,sale,33.0,False,0,1,avenida de la Albufera,Madrid,Madrid,Puente de Vallecas,es,Numancia,40.3988239,-3.667445,False,https://www.idealista.com/inmueble/108427835/,"REDPISO VENDE EN EXCLUSIVA, estudio con dormitorio-salón, cocina, baño, en plena Avenida de la Albufera con todos los servicios necesarios, transporte hacia todo Madrid, a sólo 15 minutos de Atocha y estación de autobuses Méndez Álvaro, finca con ascensor, el estudio se encuentra para entrar a vivir. Disponibilidad inmediata, puede solicitar una cita para verlo o contactar por teléfono para resolver sus dudas.",False,good,False,True,4697.0,False,False,False,False,[],False,False,155000.0,€,flat,studio,"Numancia, Madrid",Estudio en avenida de la Albufera,Destacado,,,,,,
108408750,https://img4.idealista.com/blur/480_360_mq/0/id.pro.es.image.master/53/2c/a0/1344051707.webp,PR99559407,89,,660000.0,chalet,sale,403.0,,4,3,Becerril de la Sierra,Madrid,Becerril de la Sierra,,es,,40.7033608,-4.0020877,False,https://www.idealista.com/inmueble/108408750/,"^**^EXCLUSIVO CHALET DE DISEÑO CANADIENSE EN BECERRIL DE LA SIERRA – 400 M², ZONAS DE RELAX, JARDÍN PRIVADO Y ENTORNO NATURAL INIGUALABLE^**^ Ponemos a la venta este precioso chalet independiente de diseño canadiense, situado en una de las mejores zonas residenciales de Becerril de la Sierra, a los pies de la majestuosa Sierra de Guadarrama. Una propiedad única que aúna comodidad, estilo, amplitud y una conexión directa con la naturaleza, ideal tanto como vivienda habitual como para escapadas de descanso. Con 400 m² construidos distribuidos en dos plantas, esta vivienda destaca por sus espacios luminosos y funcionales, diseñados para el disfrute en cada estación del año. En la planta baja nos recibe un gran salón comedor con imponentes ventanales que inundan de luz natural la estancia, y que dan acceso directo a un porche cerrado, perfecto para relajarse con vistas al jardín. Desde el salón se accede a una cocina independiente muy amplia, también con salida a un segundo porche acristalado de mayor tamaño, ideal para reuniones familiares o como comedor de verano. En esta misma planta encontramos una estancia adicional actualmente utilizada como sala de estar (posible dormitorio), un baño completo con ducha, y un garaje cerrado con acceso directo a la vivienda. En la planta alta se ubica un amplio dormitorio principal con baño en suite, y dos dormitorios dobles que comparten otro baño completo, todos con excelente luminosidad y vistas al entorno natural. El exterior de la vivienda es una auténtica joya: un jardín consolidado, cuidado con mimo, rodeado de vegetación, con zona de relax con jacuzzi, barbacoa cubierta, zona chillout, y dos edificaciones independientes. Una de ellas está acondicionada como zona de spa o descanso con jacuzzi, y la otra como despacho profesional o estudio, ideal para teletrabajo o proyectos personales. Además, el chalet cuenta con dos terrazas acristaladas que amplían las zonas habitables y permiten disfrutarlas todo el año. Becerril de la Sierra es uno de los pueblos más bonitos de la Comunidad de Madrid, situado en pleno Parque Nacional de la Sierra de Guadarrama. Su enclave privilegiado lo convierte en un lugar ideal para quienes buscan calidad de vida, aire puro y tranquilidad sin renunciar a los servicios esenciales. El municipio ofrece una excelente calidad urbanística, con zonas verdes, rutas de senderismo, actividades culturales y deportivas durante todo el año, además de colegios, centro de salud, supermercados, restaurantes y una destacada oferta gastronómica local. Es una zona muy valorada tanto por residentes como por visitantes que buscan desconexión en plena naturaleza. A tan solo 50 metros del chalet hay parada de autobús, y el acceso en coche es rápido y cómodo, con conexión directa a carreteras principales como la M-601 y la M-607, lo que permite llegar al centro de Madrid en menos de 45 minutos. En definitiva, esta propiedad reúne todas las características para convertirse en tu nuevo hogar o en tu refugio ideal en plena sierra madrileña. Este anuncio no es vinculante y puede contener errores. Se muestra a título informativo y no es contractual.",True,good,False,,1638.0,True,False,True,False,[],False,False,660000.0,€,chalet,independantHouse,Becerril de la Sierra,Casa independiente,Destacado,True,True,690000.0,30000.0,4.0,
108387671,https://img4.idealista.com/blur/480_360_mq/0/id.pro.es.image.master/c0/a9/0c/1356950381.webp,V47,6,4,377000.0,penthouse,sale,127.0,True,4,2,"Calle San Isidro, 20",Madrid,Valdemoro,Guardia Civil - Zona Industrial,es,,40.1938008,-3.6774849,True,https://www.idealista.com/obra-nueva/108387671/,"Ático-dúplex Tenemos el placer de presentarles este nuevo proyecto cooperativo de obra nueva en el centro de Valdemoro con los mejores áticos de la localidad.   Residencial Pomarada es una promoción de 48 viviendas de uno a cuatro dormitorios, incluyendo bajos con jardin, espectaculares aticos dúplex de 4 dormitorios  y viviendas con terrazas para disfrutar del buen tiempo. Podrás disfrutar de una piscina comunitaria dentro de un residencial privado y cerrado, con acceso único a través de conserjería.   Destacamos que es una promoción económica con una ubicación excelente. Goza de una situación inmejorable en el corazón de Valdemoro, cerca de la Avenida de Andalucía y el Ayuntamiento. Estará a un paso de la principal zona comercial de la ciudad, así como de espacios verdes y las principales conexiones de transporte: tren, autobuses y la cercanía a la A4. En sus proximidades para ir andando podrás encontrar una amplia gama de servicios, incluyendo un centro de salud, parques, colegios, supermercados y todo tipo de comercios.   Todas las viviendas son exteriores y están diseñadas para que la luz sea protagonista de los hogares. Son viviendas pensadas para aprovechar los espacios primando el confort y la economía de consumo. El suelo radiante con aerotermia es un ejemplo de ello.   Cada vivienda incluye una plaza de garaje.   Si deseas obtener más información sobre los planos, precios o concertar una visita, no dudes en ponerte en contacto con nosotros. ¡Tu nuevo hogar te espera!",False,newdevelopment,True,True,2969.0,True,False,False,False,[],False,False,377000.0,€,flat,penthouse,"Guardia Civil - Zona Industrial, Valdemoro","Ático en Calle San Isidro, 20",Destacado,True,True,,,,False
108351749,https://img4.idealista.com/blur/480_360_mq/0/id.pro.es.image.master/cd/7a/52/1356592554.webp,V06,6,bj,276000.0,flat,sale,70.0,True,2,2,"calle San Isidro, 20",Madrid,Valdemoro,Guardia Civil - Zona Industrial,es,,40.1938008,-3.6774849,True,https://www.idealista.com/obra-nueva/108351749/,"Tenemos el placer de presentarles este nuevo proyecto cooperativo de obra nueva en el centro de Valdemoro.   Residencial Pomarada es una promoción de 48 viviendas con opciones de uno a cuatro dormitorios, incluyendo bajos con jardín, áticos dúplex y viviendas con terrazas para disfrutar del buen tiempo. Podrás disfrutar de una piscina comunitaria dentro de un residencial privado y cerrado, con acceso único a través de conserjería.   Destacamos que es una promoción económica con una ubicación excelente. Goza de una situación inmejorable en el corazón de Valdemoro, cerca de la Avenida de Andalucía y el Ayuntamiento. Estará a un paso de la principal zona comercial de la ciudad, así como de espacios verdes y las principales conexiones de transporte: tren, autobuses y la cercanía a la A4. En sus proximidades para ir andando podrás encontrar una amplia gama de servicios, incluyendo un centro de salud, parques, colegios, supermercados y todo tipo de comercios.   Todas las viviendas son exteriores y están diseñadas para que la luz sea protagonista de los hogares. Son viviendas pensadas para aprovechar los espacios primando el confort y la economía de consumo. El suelo radiante con aerotermia es un ejemplo de ello.   Cada vivienda incluye una plaza de garaje.   Si deseas obtener más información sobre los planos, precios o concertar una visita, no dudes en ponerte en contacto con nosotros. ¡Tu nuevo hogar te espera!",False,newdevelopment,True,True,3943.0,True,False,False,False,[],False,False,276000.0,€,flat,,"Guardia Civil - Zona Industrial, Valdemoro","Piso en calle San Isidro, 20",Destacado,True,True,,,,False
108013177,https://img4.idealista.com/blur/480_360_mq/0/id.pro.es.image.master/a5/b3/de/1335131303.webp,81891,23,3,274900.0,flat,sale,62.0,True,2,1,calle de Mateo García,Madrid,Madrid,Ciudad Lineal,es,Ventas,40.4308221,-3.6547755,False,https://www.idealista.com/inmueble/108013177/,"Magnífico piso en venta de dos habitaciones, salón y cocina independientes y baño. La cocina se encuentra totalmente equipada y la vivienda dispone de armarios empotrados, calefacción a gas natural y aire acondicionado. Se encuentra muy bien ubicado a un minuto de la Calle de Alcalá, muy próximo a supermercados, centros escolares, comercios y líneas de transporte público con el metro de El Carmen (L5) y el metro de La Elipa (L2). Además, está rodeado de multitud de zonas verdes como el Parque El Calero o el Parque Fuente del Berro.",False,renew,False,False,4434.0,False,False,False,False,[],False,False,274900.0,€,flat,,"Ventas, Madrid",Piso en calle de Mateo García,Destacado,,,,,,
109197761,https://img4.idealista.com/blur/480_360_mq/0/id.pro.es.image.master/79/23/9f/1367204539.webp,sol084IT,21,2,1895000.0,flat,sale,194.0,True,3,4,Barrio Sol,Madrid,Madrid,Centro,es,Sol,40.4182566,-3.704825,False,https://www.idealista.com/inmueble/109197761/,"Espectacular piso de 3 habitaciones completamente renovado en edificio clásico en el centro de Madrid Ubicado en el corazón de Madrid, en la codiciada Calle de la Salud 15, presentamos esta joya arquitectónica: un elegante piso de 194 m² con 3 amplias habitaciones, recientemente reformado integralmente con calidades de primer nivel, conservando el alma de un edificio clásico de estilo herreriano. La vivienda se sitúa en una finca señorial de estilo Herreriano con portal de carruajes, techos altos y detalles arquitectónicos originales que aportan carácter y distinción. El diseño interior ha sido pensado al detalle, ofreciendo una distribución ideal que optimiza los espacios y la luz natural en cada estancia. Características destacadas: - Superficie construida: 194 m² - 3 dormitorios espaciosos - Reforma integral de diseño contemporáneo con acabados premium - Techos altos y elementos clásicos restaurados - Edificio representativo Herrerriano con encanto histórico - Excelente ubicación, a pasos de Gran Vía, Callao y zonas culturales y comerciales Una oportunidad única de adquirir una propiedad de alto valor patrimonial e inmejorable ubicación, perfecta tanto como vivienda habitual como inversión de lujo. [IW].",False,good,False,True,9768.0,False,False,False,False,[],False,False,1895000.0,€,flat,,"Sol, Madrid",Piso,Destacado,,,,,,
101499618,https://img4.idealista.com/blur/480_360_mq/0/id.pro.es.image.master/3c/97/d4/1280297054.webp,goy358IT,29,9,1200000.0,penthouse,sale,157.0,True,1,1,Barrio Fuente del Berro,Madrid,Madrid,Barrio de Salamanca,es,Fuente del Berro,40.4305016,-3.6649322,False,https://www.idealista.com/inmueble/101499618/,"Olisson Club ofrece este maravilloso ático de autor con 2 terrazas y vistas impresionantes a la Plaza de Toros de Madrid. La vivienda destaca por su espectacular interiorismo realizado por un reconocido diseñador y por disponer de 2 terrazas con vistas panorámicas increíbles.  El piso se compone de 105 metros de vivienda y 52 metros de terraza repartidos entre dos ambientes diferentes.  Según accedemos a la casa, nos encontramos con un gran salón muy luminoso y con ventanales de suelo a techo que dan acceso directo a una de las espectaculares terrazas, ideal para disfrutar todo el año. El dormitorio principal cuenta con vestidor y baño en suite, destacando por su original diseño. Existe la posibilidad de sacar de forma sencilla una segunda habitación también con un baño en suite.  El espectacular comedor rodeado de cristaleras se encuentra junto a la cocina de diseño y dan acceso a la segunda terraza en la que nos encontramos una mesa de madera para comer.  La vivienda cuenta con calefacción central y aire acondicionado. La finca dispone también de ascensor y conserje. La propiedad se encuentra en la zona de Fuente del Berro, Barrio Salamanca. Rodeada de una amplia oferta de comercios locales, restauración y servicios. La localización es inmejorable debido su gran cercanía a una de las arterias principales de Madrid: la calle Alcalá. Además de la famosa Plaza de Manuel Becerra y el gran parque de Fuente del Berro. [IW].",False,good,False,True,7643.0,True,False,False,False,[],False,False,1200000.0,€,flat,penthouse,"Fuente del Berro, Madrid",Ático,Destacado,,,,,,
107632253,https://img4.idealista.com/blur/480_360_mq/0/id.pro.es.image.master/33/57/db/1318247271.webp,,19,3,245000.0,flat,sale,85.0,True,3,1,La Fuente s/n,Madrid,Collado Villalba,Villalba Estación,es,,40.6308675,-4.0054458,True,https://www.idealista.com/inmueble/107632253/,"¡Vive donde siempre has soñado, en el corazón de la Plaza de los Belgas! Te presentamos este espectacular piso completamente reformado, listo para entrar a vivir, con unas calidades excelentes que te enamorarán desde el primer momento. Nada más cruzar la puerta, te recibe un acogedor recibidor que marca el comienzo de un hogar pensado para disfrutar. A mano derecha, una cocina moderna y funcional, perfecta para los amantes de la buena cocina. Siguiendo por el recibidor, se abre paso un salón amplio y luminoso, ideal para relajarte o disfrutar en buena compañía. Desde aquí accedes a una gran terraza, un espacio exterior privado donde podrás desayunar al sol o desconectar al final del día. El salón conecta con un pasillo que distribuye de forma eficiente la zona de descanso: tres habitaciones bien proporcionadas, con luz natural y detalles cuidados, además de un baño completo con un diseño actual y elegante. Ubicado en una zona inmejorable, en plena Plaza de los Belgas, disfrutarás de todos los servicios al alcance de la mano: transporte, comercios, colegios, zonas verdes… Todo, sin renunciar a la tranquilidad de un entorno privilegiado. Este piso no es solo una vivienda, es una oportunidad para empezar una nueva vida con comodidad, estilo y una ubicación envidiable. ¿A qué esperas para venir a verlo? ¡Te encantará! ¡NO ESPERE MÁS Y CONVIERTA ESTA VIVIENDA EN SU NUEVO HOGAR! Para obtener más información o programas una visita, contáctanos o visita nuestra página web. Nuestro equipo estará encantado de ayudarte y mostrarte todas las ventajas y comodidades que esta propiedad tiene para ofrecer. ¡FINANCIACIÓN AL 100% Y ESTUDIO FINANCIERO GRATUITO SIN COMPROMISO!",True,good,False,False,2882.0,True,True,False,False,[],False,False,245000.0,€,flat,,"Villalba Estación, Collado Villalba",Piso en La Fuente s/n,Destacado,,,,,,
108552765,https://img4.idealista.com/blur/480_360_mq/0/id.pro.es.image.master/3f/c9/76/1348465252.webp,W-030FZD,60,,1250000.0,chalet,sale,220.0,,5,4,calle del Vizconde de Uzqueta,Madrid,Madrid,Hortaleza,es,Palomas,40.4523577,-3.6116609,False,https://www.idealista.com/inmueble/108552765/,"Chalet pareado en Palomas Engel & Völkers presenta este magnifico Chalet de estilo Toscano, pareada de cinco dormitorios, tres baños y aseo de cortesía, todo ello en una ubicación privilegiada en Madrid cerca del anillo verde. PLANTA PRINCIPAL: Salón-comedor con chimenea de casette, salida al jardín trasero con paisajismo también de estilo toscano con barbacoa y zona de descanso. y acceso independiente al garaje. Cocina con zona de comedor de diario y un aseo de cortesia. PLANTA PRIMERA: Dormitorio principal de quince m2 con una terraza orientada al jardín, zona vestidor y cuarto de baño doble en suite Habitación con baño en suite y terraza privada. PLANTA SEGUNDA: En esta última planta se ubican tres habitaciones de buen tamaño y un cuarto de baño completo. PLANTA SEMISÓTANO: Garaje muy amplio para 2 vehículos calefacción de gas natural   aire acondicionado por Split. Armarios empotrados Reforma actualizada. Este exclusivo chalet se sitúa en La Piovera-Palomas, zona residencial de alto nivel en Madrid, delimitada por la M-40, la Avenida de los Andes y la A-2. Su excelente localización, a escasos minutos del centro urbano por la Avenida de América y próxima a todos los servicios básicos (educativos, de salud, comerciales, deportivos y de ocio), la convierte en uno de los enclaves más deseados por quienes quieren disfrutar de un entorno urbano y a la vez muy tranquilo y muy bien comunicado. Próximos a este bonito chalet se encuentran prestigiosos centros educativos nacionales e internacionales (Lycée Français, Numont, San José del Parque–Maristas, Colegio Bristol, Santa María de la Hispanidad, etc.), escuelas de negocios (ESIC) y varias escuelas infantiles. El barrio de Palomas se sitúa muy próximo a los Parques Juan Carlos I, Juan Pablo II, Quinta de los Molinos, Marqués de Suanzes y El Capricho. La zona cuenta con varios clubs deportivos (AQA Los Prunos y Club de Golf Olivar de la Hinojosa) y Centros Comerciales (El Corte Inglés Campo de las Naciones, HiperCor, Palacio del Hielo, Plenilunio, Arturo Soria Plaza). El barrio también se encuentra próximo a numerosos parques empresariales (Campo de las Naciones, IFEMA, Alameda de Osuna, Barajas, Julián Camarillo, Las Mercedes) y sedes empresariales (Banco Santander, AENA, Vorwek). El área de Palomas ofrece proximidad a las principales vías de circunvalación de Madrid (M-40, M-30) y M-12 (acceso rápido al aeropuerto de Madrid-Barajas y todas las Radiales). Cuenta con Estación de Metro Línea 5 (Canillejas) y Metro Línea 8 (Campo de las Naciones), además de numerosas líneas de autobús (L104-112-122 153).",False,good,False,,5682.0,False,False,False,False,[],False,False,1250000.0,€,chalet,semidetachedHouse,"Palomas, Madrid",Chalet pareado en calle del Vizconde de Uzqueta,Destacado,True,True,,,,
108763741,https://img4.idealista.com/blur/480_360_mq/0/id.pro.es.image.master/07/75/74/1354439429.webp,fbe024MS,23,3,945000.0,flat,sale,108.0,True,3,2,Barrio Fuente del Berro,Madrid,Madrid,Barrio de Salamanca,es,Fuente del Berro,40.4249979,-3.6680239,False,https://www.idealista.com/inmueble/108763741/,"Olisson Club ofrece este precioso piso reformado y amueblado en una de las mejores calles del Barrio de Fuente del Berro. Ubicado en una tercera planta este luminoso piso de 108 m2 se distribuye en hall de entrada, amplio salón comunicado con comedor y cocina integrada completamente equipada con todos los electrodomésticos. Junto a la cocina encontramos una zona de lavado equipada con lavadora y secadora. La zona de descanso es totalmente independiente de la zona social y cuenta con tres dormitorios y dos baños completos, uno de ellos en suite y armarios de suelo a techo. El proyecto de reforma de esta vivienda destaca por el buen uso y aprovechamiento de los espacios, así, como el empleo de materiales de primera calidad utilizados. Todas las estancias permiten el paso de una gran cantidad de luz que hace que la vivienda sea muy luminosa.  Cabe destacar que el edificio cuenta con portero y un trastero de 8 metros. La vivienda se ubica en el barrio de Fuente del Berro, una de las zonas más privilegiadas de Madrid, a un paso de los restaurantes únicos del barrio de Salamanca. Esta ubicación tan céntrica, facilita la conexión con el resto de la ciudad y el poder disfrutar de los museos y diversas zonas de moda. Además, está a solo 20 minutos del aeropuerto. Es una zona residencial, con varias terrazas y ofertas de restauración, supermercados y tiendas, e inmejorable comunicación tanto con la exclusiva milla de oro de la calle Serrano y la zona de embajadas, con inmediato acceso al parque del Retiro y la zona de museos con el Prado y el jardín Botánico como idílicos enclaves, así como con la estación de Atocha y vías de circunvalación. [IW].",True,good,False,True,8750.0,True,False,False,False,[],False,False,945000.0,€,flat,,"Fuente del Berro, Madrid",Piso,Destacado,,,,,,
108779118,https://img4.idealista.com/blur/480_360_mq/0/id.pro.es.image.master/6e/3e/ce/1354876499.webp,cor108HA,22,2,1150000.0,duplex,sale,105.0,True,2,2,Barrio Huertas-Cortes,Madrid,Madrid,Centro,es,Huertas-Cortes,40.4145105,-3.6929415,False,https://www.idealista.com/inmueble/108779118/,"Olisson Club presenta este duplex reformado a estrenar en el prestigioso barrio de Las letras, rodeado de historia, cultura y una amplia oferta de ocio, con restaurantes, teatros, museos y tiendas boutique a pocos pasos. Con una superficie de 105 m, destaca por una distribución cómoda y luminosa En la planta baja se encuentra un amplio salón, cocina independiente, un dormitorio y un baño. La planta superior alberga una espaciosa habitación en suite con baño propio y vestidor. Gracias a su orientación este, la vivienda disfruta de luz natural durante todo el día. Destacan sus techos de 5 metros de altura, que aportan una gran sensación de amplitud y elegancia. Ideal para quienes buscan un hogar moderno, acogedor y con espacios bien aprovechados Además, las vistas directas a la imponente Basílica de Jesús de Medinaceli añaden un valor exclusivo, combinando la esencia histórica del barrio con la comodidad de un espacio único.  El edificio cuenta con ascensor y servicio de portería, garantizando la seguridad y comodidad de los residentes.  Vivir en el barrio de las letras significa disfrutar de un ambiente bohemio y vibrante, lleno de referencias culturales e históricas. La zona esta perfectamente comunicada, con acceso rápido a transporte publico (metro, autobuses y trenes de cercanías) y una excelente conexión con las principales arterias de la ciudad. Además, la cercanía a puntos icónicos como el Paseo del Prado, el Museo del Prado y la Puerta del Sol convierten a este piso en una joya tanto para vivir como para invertir. [IW].",True,good,False,True,10952.0,True,False,False,False,[],False,False,1150000.0,€,flat,duplex,"Huertas-Cortes, Madrid",Dúplex,Destacado,,,,,,
99109977,https://img4.idealista.com/blur/480_360_mq/0/id.pro.es.image.master/d2/81/d6/1157098305.webp,W-02QA8E,46,,348000.0,chalet,sale,150.0,,4,2,Santa María de la Alameda,Madrid,Santa María de la Alameda,,es,,40.5624316,-4.2732309,False,https://www.idealista.com/inmueble/99109977/,"Precioso Chalet en Santa Maria De La Alameda Situada en el encantador rincón de Santa María de La Alameda, a tan solo una hora de la vibrante Madrid, esta espectacular propiedad es un refugio perfecto para vacaciones y fines de semana en un entorno de ensueño. Rodeada de naturaleza, con vistas que parecen sacadas de un cuadro, esta casa ofrece un oasis de paz y tranquilidad en un paisaje lleno de vida que incluye el murmullo del río Cófio, que enamora a los amantes de la naturaleza y senderismo. La vivienda se despliega en dos plantas independientes, cada una con su propio carácter y comodidad. En la planta superior, una hermosa puerta de entrada da paso a un pasillo que conecta la cocina y un amplio salón comedor con chimenea, ideal para crear cálidas veladas. Al final del pasillo, un baño completo, luminoso y funcional, acompaña a dos acogedores dormitorios. En la planta inferior, descubrirás una generosa bodega, otro salón comedor, un cuarto de baño y dos dormitorios más, uno de ellos con la posibilidad de dividirse para crear una habitación adicional o incluso una cocina independiente, permitiendo así convertirla en dos viviendas independientes. La parcela de 1.521 metros cuadrados es un auténtico jardín de ensueño: árboles frutales, arbustos y plantas ornamentales adornan el paisaje, mientras una zona de barbacoa con terraza ofrece vistas privilegiadas para disfrutar de momentos inolvidables. La zona de piscina cuenta con un espacio para guardar herramientas y muebles de jardín, y en la parte trasera, un amplio espacio para aparcar varios coches, una fuente original y una habitación multiusos completan este paraíso. Además, la propiedad cuenta con iluminación nocturna que realza su belleza en las horas mágicas. Y para que no te falte nada, la casa se vende con el mobiliario incluido en el precio, lista para que puedas comenzar a disfrutar de su encanto desde el primer día. ¡Una oportunidad única para vivir rodeado de naturaleza y tranquilidad! Santa María De La Alameda es un municipio de la comunidad de Madrid, situado en la región Noroeste, se encuenta a 20 minutos de el Escorial y a una hora de Madrid, conectado por red autobuses publicos y tren de cercanias, este municipio es considerado bien de interes cultural, a los pies de la imponente sierra de Guadarrama. La zona es ideal para quienes gustan de hacer deportes al aire libre, por contar con varias rutas de senderismo, ciclismo y motociclismo. Sin lugar a dudas una excelentezona para invertir en bienes raìces.",False,good,False,,2320.0,False,False,False,True,[],False,False,348000.0,€,chalet,independantHouse,Santa María de la Alameda,Casa independiente,Destacado,,,,,,
108889586,https://img4.idealista.com/blur/480_360_mq/0/id.pro.es.image.master/c6/54/c9/1358040695.webp,N02-AO-14427,88,4,384000.0,duplex,sale,158.0,True,3,2,"avenida de Berlin, 10",Madrid,Arganda,Centro,es,,40.2976325,-3.4511657,True,https://www.idealista.com/inmueble/108889586/,"Ático dúplex situado en una de las zonas con mayor proyección de Arganda del Rey, en el exclusivo Residencial París II, un entorno moderno y cuidado donde tú y tu familia podréis vivir con calidad, seguridad y tranquilidad. Año de construcción 2021 - VIVIENDA CON POCO USO, ESTADO IMPECABLE, trastero, 2 plazas de garaje UBICACIÓN PRIVILEGIADA Situado en la Avenida de Berlín, una zona con futuro, cerca del Hospital del Sureste, colegios, zonas verdes, grandes superficies y a solo 10 minutos andando del Metro. Con salida directa a la A-3, vivir aquí significa disfrutar de la tranquilidad sin perder conexión con Madrid. UN HOGAR PARA SENTIRLO, VIVIRLO Y DISFRUTARLO Con 158 m² construidos y una distribución pensada para aprovechar cada rincón, esta vivienda destaca por su amplitud, luminosidad y acabados de primera calidad. 68,9 m² útiles de vivienda interior Terraza privada en salón de 7,7 m² Azotea privada de 34,4 m²: tu espacio para desconectar o celebrar Salón comedor amplio y lleno de luz 3 dormitorios, el principal en suite 2 baños completos, modernos y funcionales Cocina equipada con office y tendedero Trastero de gran capacidad. 7,01 m² 2 plazas de garaje amplias, independientes, incluidas en el precio DISEÑADO PARA TU CONFORT DIARIO -Climatización por **AEROTERMIA**: calor y frío por suelo radiante/refrescante -Producción de ACS (agua caliente) mediante bomba de calor con acumulador de 200 litros. -Suelos porcelánicos efecto madera -Ventanas climalit con rotura de puente térmico, camera de aire, doble cristal que asegura el adecuado aislamiento, confort térmico y acústico -Persianas (en salón motorizada), armarios forrados, puerta de seguridad, videoportero -Orientación oeste: luz natural todo el día -Puerta blindada de seguridad, videoportero, instalación de telecomunicaciones en todas las estancias -Carpintería interior lacada en blanco, armarios a medida con cajonera y puertas correderas -Ventanas con rotura de puente térmico y doble acristalamiento -Toldos en balcón y azotea Certificación energética: B UNA URBANIZACIÓN DONDE TODO ESTÁ PENSADO -Piscina comunitaria -Zona infantil -Ascensor -Conserje y seguridad -Ambiente familiar, cuidado y tranquilo. GASTOS & CONDICIONES IBI - 531,17€ / anual BASURAS- se empezara a cobrar este año por el Ayuntamiento COMUNIDAD -127,08€/mes Gastos de transmisión: a cargo del comprador (ITP, notaría, registro, etc., excepto Plusvalía Municipal, abonada por el vendedor). ARGANDA DEL REY Arganda es una ciudad en plena evolución, con nuevos desarrollos, espacios naturales, centros educativos y todos los servicios para una vida cómoda y familiar. Aquí se combinan calidad de vida, cercanía a la capital y una excelente proyección a futuro. Y SI NECESITAS VENDER PARA COMPRAR, ESTÁS EN LAS MEJORES MANOS En NOOW te ofrecemos las mejores condiciones financieras del mercado, con asesoramiento personalizado desde el primer momento. Además, somos especialistas en cambios de vivienda: si necesitas vender tu propiedad actual para dar el salto a esta nueva etapa, yo puedo ayudarte a coordinar todo el proceso sin complicaciones. Soy Adelina Oancéa, tu asesora inmobiliaria en Madrid y estaré encantada de ayudarte a vender con éxito y comprar con seguridad.",True,good,False,True,2430.0,True,True,False,False,[],False,False,384000.0,€,flat,duplex,"Centro, Arganda","Dúplex en avenida de Berlin, 10",Destacado,True,True,,,,
104622764,https://img4.idealista.com/blur/480_360_mq/0/id.pro.es.image.master/6d/c9/16/1280299978.webp,tra219VG,24,7,1350000.0,flat,sale,138.0,True,2,3,Barrio Trafalgar,Madrid,Madrid,Chamberí,es,Trafalgar,40.433618,-3.6985189,False,https://www.idealista.com/inmueble/104622764/,"Olisson Club pone a su disposición esta vivienda segregada con una reforma de lujo; perfecta para generar rentabilidad La vivienda de 138m2 ha sido dividida en dos propiedades exteriores con un dormitorio doble y un baño completo en ambos casos. La reforma ha sido elaborada por el estudio de arquitectura e interiorismo Hanghar.  Asimismo, ambas cocinas se encuentran totalmente equipadas y abiertas a las zonas sociales; la cuales disponen de muchisima luz natural gracias a sus grandes ventanales. Las vistas son magnificas. Ambas propiedades disponen de calefacción central y aire acondicionado por conductos en todas las estancias. La finca cuenta con portero físico, que vive en la finca, y dos ascensor. Trafalgar cuenta con una inmejorable ubicación dentro de Chamberí, un barrio castizo en el corazón de Madrid con la herencia arquitectónica de la aristocracia de los siglos XIX y XX, distrito con extraordinaria abundancia de edificios modernistas y neo-góticos, poblado por embajadas y galerías de arte. Muchos de los palacetes y los edificios más representativos aún mantienen su aspecto señorial y aristocrático. También destaca el espacio conocido como Triángulo de Oro, delimitado por las calles Almagro, Miguel Ángel, Génova y el Paseo de la Castellana, uno de los más exclusivos de la capital. [IW].",False,good,False,True,9783.0,True,False,False,False,[],False,False,1350000.0,€,flat,,"Trafalgar, Madrid",Piso,Destacado,,,,,,
107658703,https://img4.idealista.com/blur/480_360_mq/0/id.pro.es.image.master/81/9f/59/1319047160.webp,,32,bj,334900.0,flat,sale,133.0,True,2,2,Italia,Madrid,Arroyomolinos,Urbanización Mediterráneo,es,,40.2749694,-3.9101385,False,https://www.idealista.com/inmueble/107658703/,"Agencia Inmobiliaria de Arroyomolinos INMOBILIARIA CAPITAL HOME ARROYOMOLINOS VENDE EN EXCLUSIVA MAGNÍFICO PISO BAJO CON PATIO EN EL BULEVAR DE ARROYOMOLINOS. Magnífico PISO BAJO en una de las mejores zonas de Arroyomolinos, EL BULEVAR, cerca de colegios, comercios, parques, polideportivos, transporte público.. . Situada a tan solo 5 minutos del centro comercial Xanadú, con fáciles accesos tanto a la N-V como a la R-5. Vivienda construida en el año 2009 con una superficie total de 133m² construidos. El inmueble se distribuye de la siguiente manera: Entrada directa a salón comedor, cocina amueblada con muy buena capacidad de almacenamiento, con salida a tendedero acristalado. Salón-comedor con mucha luz, con un gran ventanal el cual tiene acceso directo a su fabulosa terraza de 45 m². La vivienda cuenta con 2 dormitorios, 1 de ellos secundarios de buen tamaño y el dormitorio principal con baño en suite con bañera. Además contamos con un baño secundario con plato de ducha para dar servicio al dormitorio secundario. EN EL PRECIO SE INCLUYEN DOS PLAZAS DE GARAJE Y UN TRASTERO. VIVIENDA EN TRAMITE DE DESCALIFICACION. ¡No pierda la oportunidad de venir a visitar este magnífico chalet! ¡ 100% FINANCIACIÓN!",True,good,False,True,2518.0,True,True,False,False,[],False,False,334900.0,€,flat,,"Urbanización Mediterráneo, Arroyomolinos",Piso en Italia,Destacado,True,True,,,,
107174102,https://img4.idealista.com/blur/480_360_mq/0/id.pro.es.image.master/87/34/ca/1305179431.webp,,20,bj,284900.0,flat,sale,111.0,True,3,3,calle Barrio de Arriba,Madrid,Moralzarzal,Zona Centro,es,,40.6798,-3.9749385,False,https://www.idealista.com/inmueble/107174102/,"¡INMOBILIARIA HOGARES, PRESENTA EN EXCLUSIVA ESTUPENDO PISO BAJO EN PLENO CENTRO DE MORALZARZAL! La vivienda se encuentra situada próxima a todo tipo de servicios, tales como, supermercados, farmacias, centro de salud a menos de 5 minutos, Hospital Universitario de Collado Villalba a 10 minutos, colegios e institutos, pequeños comercios, bares y restaurantes, transporte público, fácil acceso a la A-6… Características a destacar de la vivienda: Nada más acceder a la vivienda, encontramos un patio al aire libre con múltiples posibilidades de uso, porche, aparcamiento, zona de juegos o descanso… Una vez entramos en el interior de la vivienda, nos recibe un largo pasillo distribuidor en el que, a mano izquierda, encontramos el primer dormitorio, amplio y luminoso con vistas al patio delantero. A mano derecha, tenemos el primero de tres baños completos, con plato de ducha. Continuando a través de dicho pasillo, encontramos, los dos dormitorios restantes, espaciosos y con gran capacidad de almacenaje gracias a sus armarios empotrados de suelo a techo vestidos en el interior. Al final de este, encontramos el segundo cuarto de baño, al igual que el primero mencionado, cuenta con plato de ducha para mayor comodidad.  Dejando a un lado la zona de dormitorios, daremos a un estupendo hall distribuidor que nos dará acceso a la cocina, totalmente amueblada y además cuenta con una amplia despensa y zona de almacenaje y un acogedor patio interior. Por otro lado, e encontraremos un gran salón-comedor, (actualmente empleado como dormitorio extra) que nos guiará al tercer cuarto de baño, semejante a los dos anteriormente mencionados. ¡NO ESPERE MÁS Y CONVIERTA ESTA VIVIENDA EN SU NUEVO HOGAR! Para obtener más información o programas una visita, contáctanos o visita nuestra página web. Nuestro equipo estará encantado de ayudarte y mostrarte todas las ventajas y comodidades que esta propiedad tiene para ofrecer. ¡FINANCIACIÓN AL 100% Y ESTUDIO FINANCIERO GRATUITO SIN COMPROMISO!",True,good,False,False,2567.0,True,True,False,False,[],False,False,284900.0,€,flat,,"Zona Centro, Moralzarzal",Piso en calle Barrio de Arriba,Destacado,True,True,,,,
107596815,https://img4.idealista.com/blur/480_360_mq/0/id.pro.es.image.master/7e/d1/aa/1317146283.webp,,26,bj,328000.0,flat,sale,157.0,True,3,2,avenida del Cantábrico,Madrid,Arroyomolinos,Las Castañeras - Bulevar,es,,40.2780963,-3.9150641,False,https://www.idealista.com/inmueble/107596815/,"Agencia Inmobiliaria de Arroyomolinos INMOBILIARIA CAPITAL HOME ARROYOMOLINOS VENDE EN EXCLUSIVA MAGNÍFICO PISO BAJO CON PATIO EN EL BULEVAR DE ARROYOMOLINOS. Magnífico PISO BAJO en una de las mejores zonas de Arroyomolinos, EL BULEVAR, cerca de colegios, comercios, parques, polideportivos, transporte público.. . Situada a tan solo 5 minutos del centro comercial Xanadú, con fáciles accesos tanto a la N-V como a la R-5. Vivienda construida en el año 2008 con una superficie total de 157m² construidos. El inmueble se distribuye de la siguiente manera: Amplio hall de entrada, cocina amueblada con muy buena capacidad de almacenamiento, con salida a tendedero con toma de agua. Salón-comedor con mucha luz, con un gran ventanal el cual tiene acceso directo a su fabulosa terraza de 37 m².  La vivienda cuenta con 3 dormitorios, 2 de ellos secundarios de buen tamaño y el dormitorio principal con baño en suite con bañera. Además contamos con un baño secundario con bañera para dar servicio a los dormitorios secundarios. EN EL PRECIO SE INCLUYEN DOS PLAZAS DE GARAJE Y UN TRASTERO. ¡No pierda la oportunidad de venir a visitar este magnífico chalet!  ¡ 100% FINANCIACIÓN!",True,good,False,True,2089.0,True,True,False,False,[],False,False,328000.0,€,flat,,"Las Castañeras - Bulevar, Arroyomolinos",Piso en avenida del Cantábrico,Destacado,True,True,,,,
108242104,https://img4.idealista.com/blur/480_360_mq/0/id.pro.es.image.master/7b/eb/69/1338212617.webp,,25,en,230000.0,flat,sale,90.0,True,2,1,calle Encina,Madrid,Torrejón de Ardoz,Sureste,es,,40.4564439,-3.4532727,False,https://www.idealista.com/inmueble/108242104/,"¡HOGARES TORREJÓN DE ARDOZ VENDE EN EXCLUSIVA ESPECTACULAR VIVIENDA EN ZONA RESIDENCIAL INMEJORABLE Descubre este encantador piso de TRES DORIMITORIOS, reconvertido en DOS, ideal para quienes valoran la comodidad, la funcionalidad y una excelente ubicación.  Este inmueble de 90 m² se encuentra en el centro de Torrejón de Ardoz, permitiéndote disfrutar de todos los servicios y el entorno natural que ofrece esta ciudad. Rodeado de zonas verdes, comercios, Renfe, etc. Cuenta con un amplio salón conectado por la terraza y la cocina independiente totalmente equipada. Dos amplios dormitorios y la posibilidad de sacar un tercer dormitorio. El piso cuenta con un baño completo y armarios empotrados, pensados para maximizar el espacio de almacenamiento y mantener tu hogar siempre ordenado y funcional. Este inmueble combina diseño moderno, practicidad y una ubicación privilegiada. Ideal como primera vivienda o inversión. ¡FINANCIACIÓN DE HASTA EL 100%! Consulta condiciones sin compromiso. ¡Te ayudamos a hacer realidad tu nuevo hogar! Contáctanos para más información o para concertar una visita. ¡No dejes pasar esta oportunidad!",True,good,False,True,2556.0,True,False,False,False,[],False,False,230000.0,€,flat,,"Sureste, Torrejón de Ardoz",Piso en calle Encina,Destacado,,,,,,
108923650,https://img4.idealista.com/blur/480_360_mq/0/id.pro.es.image.master/1c/b7/8f/1359071679.webp,250904-07,52,3,272000.0,flat,sale,75.0,True,3,1,CL FAUSTO DOMINGO,Madrid,Madrid,Carabanchel,es,Puerta Bonita,40.3800591,-3.7312825,False,https://www.idealista.com/inmueble/108923650/,"**Piso en Venta: Tu Nuevo Hogar Espera por Ti** Descubre este espectacular piso a estrenar que combina comodidad y estilo en cada rincón. Con 75 m² construidos, esta vivienda cuenta con una amplia cocina que incluye una acogedora zona para comer, perfecta para disfrutar de momentos inolvidables con familia y amigos.  El gran ventanal inunda el espacio de luz natural, creando un ambiente cálido y luminoso, ideal para comenzar una nueva etapa. El amplio salón, equipado con aire acondicionado, es el lugar perfecto para relajarse después de un largo día.  Además, cuenta con dos pequeñas terrazas donde podrás disfrutar del sol de la mañana y de vistas encantadoras.  La distribución incluye tres dormitorios, todos con armarios empotrados que optimizan el espacio y ofrecen un almacenamiento práctico. El baño ha sido completamente reformado, brindando un toque moderno y funcional. Este piso es ideal para quienes buscan un espacio donde poner sus muebles y crear un hogar a su medida. Situado en la tercera planta de un edificio, la orientación sur y este garantiza una excelente luminosidad durante todo el día. JAVIER 664_249_225  Este anuncio no es vinculante y puede contener errores. Se muestra a título informativo y no es contractual. Gastos e impuestos de la compraventa NO INCLUÍDOS EN EL PRECIO PUBLICADO, (Notaría, ITP, Registro, Gestoría). No dejes pasar la oportunidad de visitar este maravilloso inmueble reformado. ¡Ven a conocerlo y comienza a escribir tu historia aquí!",True,good,False,False,3627.0,True,False,False,False,[],False,False,272000.0,€,flat,,"Puerta Bonita, Madrid",Piso en CL Fausto Domingo,Destacado,,,275000.0,3000.0,1.0,
108698097,https://img4.idealista.com/blur/480_360_mq/0/id.pro.es.image.master/ec/2d/79/1353855459.webp,,50,,639900.0,chalet,sale,251.0,,5,3,calle Pintor Murillo,Madrid,Guadarrama,,es,,40.6582905,-4.0556335,False,https://www.idealista.com/inmueble/108698097/,"CAPITAL HOME ALPEDRETE vende en Guadarrama este impresionante chalet unifamiliar de 5 dormitorios y 3 baños en una zona muy tranquila y que goza de una gran privacidad. Ubicada cerca de Alpedrete, en la urbanización Las Cabezuelas, por lo que podrás elegir en que municipio hacer vida. La vivienda, edificada en 2008 sobre una parcela de 992 metros cuadrados, está distribuida en dos plantas con un total de 251 metros cuadrados construidos, perfectos para disfrutar de la comodidad y el espacio que siempre has deseado. Es importante recalcar que dispone de dos amplias habitaciones en planta, ideal por si necesitas hacer vida sin necesidad de subir escaleras. Cuando accedemos al inmueble, lo primero que nos encontramos es un hall recibidor con un gran armario empotrado, a mano izquierda se dispone una cocina muy amplia con espacio para una mesa comedor y con salida directa a la terraza donde podrás compartir momentos inolvidables con familiares y amigos. En la entrada de la cocina hay un cuarto donde se ubica la caldera y la lavadora. De frente, a través de un pasillo, localizamos en primer lugar un cuarto de baño completo, además en esta planta, disponemos de dos dormitorios con armarios empotrados, el principal con baño en suite y cabina de ducha hidromasaje, un verdadero lujo para tu bienestar. A la mano derecha del hall recibidor, se dispone un gran salón, muy luminoso debido a su orientación sur y noroeste, con una chimenea como elemento central, techos a gran altura (5.56 metros), persianas eléctricas y salida directa a un porche muy agradable, con toldos automáticos y sensor de viento. En la planta alta, conforme subimos la escalera desde el salón, hay un dormitorio doble con armario empotrado. Esta estancia cuenta con vistas a la Bola del Mundo y la Maliciosa, simplemente espectaculares. Además en esta planta encontramos un cuarto de baño completo con plato de ducha y dos amplios dormitorios con armarios empotrados. En el exterior, el jardín se encuentra en bruto y ofrece la oportunidad de diseñar un espacio a tu gusto, además de contar con una caseta grande de obra para aperos, 3 jardineras y zona de aparcamiento para hasta 4 vehículos.  En cuanto a las características de la vivienda, cabe destacar; Suelos laminados de madera y porcelánicos en baños y cocina, carpintería exterior de aluminio oscilobatiente con doble cristal y rotura de puente térmico, todos los baños son exteriores y con lavabos de doble seno, paredes en liso, puerta de acceso para vehículos automática, calefacción por suelo radiante a gas natural y acumulador de agua de 250 litros que se calienta gracias a los paneles térmicos instalados en el tejado. Respecto a los servicios más cercanos; a 500 metros se encuentra el Club de Tenis Guadarrama y la parada de autobuses con dirección a Moncloa, hospital Universitario de Collado Villalba, Puerta de Hierro y otros destinos ( 685 y N602), a 2,4 kilómetros la estación de cercanías Alpedrete-Mataespesa (línea C-8), y a 3,5 kilómetros el casco urbano del Alpedrete con todo tipo de servicios. No dejes pasar la oportunidad de vivir en este maravilloso chalet en Guadarrama, donde la tranquilidad y la naturaleza se combinan para ofrecerte el hogar de tus sueños. ¡Solicita una visita y enamórate! No dudes en llamarnos para consultar condiciones de financiación y agendar una visita. Este anuncio no es vinculante, puede contener errores. Se muestra a título informativo y no contractual.",True,good,False,,2549.0,True,True,False,False,[],False,False,639900.0,€,chalet,independantHouse,Guadarrama,Casa independiente en calle Pintor Murillo,Destacado,,,,,,
108525641,https://img4.idealista.com/blur/480_360_mq/0/id.pro.es.image.master/2c/48/4e/1347494090.webp,,64,,560000.0,chalet,sale,329.0,,3,4,calle Dos Hermanas,Madrid,Guadarrama,,es,,40.6890772,-4.064476,False,https://www.idealista.com/inmueble/108525641/,"¡PRÓXIMAMENTE FOTOS DEL JARDÍN! CAPITAL HOME ALPEDRETE VENDE ESTUPENDO CHALET INDEPENDIENTE CON DORMITORIOS EN PLANTA. Nos encontramos ante una vivienda independiente con parcela de 1054 metros en la urbanización Vallefresnos con vigilancia 24horas. Se distribuye de la siguiente manera; En primer lugar accedemos a un hall recibidor que da acceso a mano derecha a una cocina con encimera de piedra y una mesa comedor, con dos accesos al jardín, uno de ellos a un cenador, ideal para disfrutar de cenas en verano con la familia. Desde la cocina accedemos a un dormitorio con cuarto de baño en suite. Seguidamente un salón con un tamaño ideal para diferenciar dos ambientes, comedor y salón. Una de las mejores cualidades de esta vivienda es un amplio dormitorio principal en planta con un cuarto de baño en suite, exterior, con bañera de hidromasaje y ducha, No te quedarás sin espacio para guardar ropa pues contamos con un vestidor.  En la planta superior localizamos una sala multiusos que conecta un dormitorio con varios cuerpos de armarios empotrados, un cuarto de baño en suite exterior y una terraza individual. Además desde la sala multiusos salimos a una terraza.  En el sótano es donde encontramos el cuarto de calderas, una caldera de gasoil con deposito soterrado en el exterior de 1.000 litros, ideal para la calefacción por suelo radiante. Estancia diáfana con un cuarto ideal como despacho. En todas las estancias encontramos split de bomba fío/calor, ventanas climalit con rotura de puente térmico. El jardín está acondicionado con hormigón impreso. La urbanización cuenta con piscina, áreas verdes, parques infantiles, pistas de tenis, club social de la urbanización con un ambiente excelente y un fácil acceso desde el centro del pueblo. NO PIERDAS ESTA GRAN OPORTUNIDAD DE ADQUIRIR ESTA ESTUPENDA VIVIENDA. Consulta condiciones de financiación sin compromiso. Este anuncio no es vinculante, puede contener errores. Se muestra a título informativo y no contractual.",True,good,False,,1702.0,True,True,False,False,[],False,False,560000.0,€,chalet,independantHouse,Guadarrama,Casa independiente en calle Dos Hermanas,Destacado,,,,,,
109083722,https://img4.idealista.com/blur/480_360_mq/0/id.pro.es.image.master/bf/cf/13/1363901746.webp,,18,2,219900.0,flat,sale,79.0,True,3,1,avenida Juan Carlos I,Madrid,Collado Villalba,Villalba Estación,es,,40.6315795,-3.9981735,False,https://www.idealista.com/inmueble/109083722/,"¡INMOBILIARIA HOGARES PRENSENTA EN EXCLUSIVA ESTUPENDO PISO! Piso amplio de 3 dormitorios en el centro de Villalba Se vende luminoso piso de 3 dormitorios en pleno centro de Villalba, a escasos metros de la parada de autobuses del Zoco y con salida directa a la autovía, lo que garantiza una excelente comunicación con Madrid y alrededores. La vivienda es amplia y con muchas posibilidades, perfecta tanto para quienes quieran diseñar su hogar a su gusto como para familias que valoren espacio y comodidad en una ubicación inmejorable.  Características principales: •3 dormitorios espaciosos •Gran salón con buena distribución •Cocina independiente •1 baño •Piso luminoso y con ventilación natural •Excelente ubicación en zona céntrica y con todos los servicios La zona ofrece colegios, comercios, transporte público, zonas de ocio y restauración, todo a pocos pasos. Una oportunidad única para vivir en el centro de Villalba con todo a mano.",True,renew,False,False,2784.0,True,True,False,False,[],False,False,219900.0,€,flat,,"Villalba Estación, Collado Villalba",Piso en avenida Juan Carlos I,Destacado,,,,,,
107514256,https://img4.idealista.com/blur/480_360_mq/0/id.pro.es.image.master/f6/95/63/1314718853.webp,,38,,459900.0,chalet,sale,250.0,,4,4,calle Río Guadarrama,Madrid,Arroyomolinos,Zona el Caño,es,,40.2738163,-3.9270272,False,https://www.idealista.com/inmueble/107514256/,"CAPITAL HOME ARROYOMOLINOS VENDE EN EXCLUSIVA MAGNÍFICO CHALET ADOSADO EN UNA DE LAS MEJORES ZONAS DE ARROYOMOLINOS.  Se distribuye de la siguiente manera: Planta principal: al entrar, tenemos un amplio hall de entrada con armario de cortesía, y un aseo de cortesía. El salón-comedor es muy luminoso, cuenta con chimenea, aire acondicionado y acceso directo a una terraza con acceso al jardín privado con piscina. La cocina de grandes dimensiones con aire acondicionado y office. Planta Superior: La planta de arriba alberga dos dormitorios secundarios, uno de ellos con terraza y ambos con armarios empotrados, que comparten un baño completo con bañera, ofreciendo comodidad y privacidad. El dormitorio principal destaca por su generoso vestidor y un baño en suite con plato de ducha y una terraza. •Bodega: En la bodega, descubrirá un salón versátil con salida al jardín, perfecto como área de ocio o entretenimiento. Además, cuenta con un baño completo con ducha y un dormitorio adicional, ideal para huéspedes o como espacio de trabajo. El garaje tiene capacidad para dos coches, brindando comodidad y seguridad. Equipamientos:  -Armarios empotrados. -Aire acondicionado. -Puertas Motorizadas. -Piscina privada -Gas natural No pierda la oportunidad de adquirir este maravilloso chalet adosado, que combina espacios amplios y funcionales con una ubicación inmejorable. ¡Contáctenos para más información y para concertar una visita! 100% DE FINANCIACIÓN!",True,good,False,,1840.0,True,True,False,False,[],False,False,459900.0,€,chalet,terracedHouse,"Zona el Caño, Arroyomolinos",Chalet adosado en calle Río Guadarrama,Destacado,True,True,,,,
