propertyCode,thumbnail,externalReference,numPhotos,floor,price,propertyType,operation,size,exterior,rooms,bathrooms,address,province,municipality,district,country,neighborhood,latitude,longitude,showAddress,url,description,hasVideo,status,newDevelopment,hasLift,priceByArea,hasPlan,has3DTour,has360,hasStaging,notes,topNewDevelopment,topPlus,priceInfo.price.amount,priceInfo.price.currencySuffix,detailedType.typology,suggestedTexts.subtitle,suggestedTexts.title,highlight.groupDescription,priceInfo.price.priceDropInfo.formerPrice,priceInfo.price.priceDropInfo.priceDropValue,priceInfo.price.priceDropInfo.priceDropPercentage,parkingSpace.hasParkingSpace,parkingSpace.isParkingSpaceIncludedInPrice,detailedType.subTypology
106700409,https://img4.idealista.com/blur/480_360_mq/0/id.pro.es.image.master/16/d7/c8/1291393497.webp,MAD899,36,4,899000.0,flat,sale,75.0,False,2,2,calle del Monte Esquinza,Madrid,Madrid,Chamberí,es,Almagro,40.4251448,-3.692415,False,https://www.idealista.com/inmueble/106700409/,"¡Sígusta Inversiones vende el hogar de tus sueños en el corazón de Madrid!  Este piso de 75 m² a estrenar en el prestigioso barrio de Almagro te ofrece una combinación perfecta de modernidad y elegancia clásica. Situado en un edificio histórico de 1926, completamente reformado bajo la dirección de un arquitecto de renombre, cada rincón ha sido diseñado para maximizar el confort y la privacidad. Con dos habitaciones y dos baños con acabados de alta calidad, disfrutarás de un espacio lleno de luz y sin vistas a vecinos, lo que garantiza tu tranquilidad. La cocina está equipada con electrodomésticos Miele de última generación, ideal para los amantes de la gastronomía. Además, el salón cuenta con una acogedora chimenea que añade un toque cálido y sofisticado. Se vende amueblado con muebles a medida, asegurando que cada detalle esté perfectamente integrado. El sistema de calefacción y aire acondicionado por aerotermia proporciona eficiencia energética sin sacrificar el confort. Ubicado en un barrio elegante y exclusivo del distrito de Chamberí, tendrás a tu disposición una amplia oferta cultural y gastronómica con restaurantes de alta calidad y galerías de arte. Este piso no solo es un lugar donde vivir, sino una oportunidad para disfrutar del estilo de vida madrileño en uno de sus barrios más prestigiosos. Con ascensor y apto para personas con movilidad reducida, este inmueble es la definición de lujo accesible. ¡No pierdas la oportunidad de hacerlo tuyo! Comunidad: 100€ (agua incluida) IBI: 480€.",True,good,False,True,11987.0,True,False,True,False,[],False,False,899000.0,€,flat,"Almagro, Madrid",Piso en calle del Monte Esquinza,Destacado,,,,,,
109068880,https://img4.idealista.com/blur/480_360_mq/0/id.pro.es.image.master/af/15/ea/1363452384.webp,BFP-V1447,41,1,529000.0,flat,sale,139.0,True,5,3,calle Autogiro,Madrid,Madrid,Barajas,es,Timón,40.4721535,-3.5853049,False,https://www.idealista.com/inmueble/109068880/,"CONTACTAR CON EXTENSIÓN Nº3 VENTA DE 2 PISOS TOTALMENTE REFORMADOS:  EL 1º DE 3 DORMITORIOS Y 2 BAÑOS Y EL 2º DE 2 DORMITORIOS Y 1 BAÑO. GRAN INVERSIÓN. Piso en exclusiva en el distrito de Barajas reformado de 139 m², dividido en dos viviendas totalmente independientes, sin división horizontal, siendo una sola finca registral. Se presenta a la venta este magnífico inmueble de 139 m² totalmente reformado, distribuido en dos viviendas con accesos independientes desde el portal, lo que lo convierte en una opción versátil y con un enorme potencial de rentabilidad. •Primera vivienda: cuenta con 3 amplios dormitorios, 2 baños completos, salón-comedor luminoso y cocina equipada. •Segunda vivienda: dispone de 2 dormitorios, 1 baño completo, salón-comedor funcional y cocina totalmente reformada. Ambas viviendas han sido renovadas con materiales de calidad, ofrecen gran luminosidad, climatización, ventanas con aislamiento térmico y acústico, además de un diseño actual y elegante. La propiedad se transmite con una única referencia catastral, por lo que el comprador podrá realizar fácilmente la división horizontal si lo desea, incrementando así el valor del activo. Una opción perfecta para: •Inversores que busquen obtener alta rentabilidad por alquiler (dos viviendas listas para arrendar). •Familias que quieran disponer de un piso principal junto a otro apartamento independiente. •Profesionales que busquen compaginar vivienda y despacho/estudio privado. Ubicado en una zona consolidada, en el barrio Timón, rodeada de servicios, comercios, colegios y con excelentes comunicaciones por transporte público y rápido acceso tanto al aeropuerto como a las principales vías de la ciudad. (Este anuncio no es vinculante, puede contener errores, se muestra a título informativo y no contractual. ) > Oferta sujeta a condiciones de compra. Consulte los términos y condiciones aplicables.",True,good,False,False,3806.0,True,True,False,False,[],False,False,529000.0,€,flat,"Timón, Madrid",Piso en calle Autogiro,Destacado,563745.0,34745.0,6.0,,,
108502638,https://img4.idealista.com/blur/480_360_mq/0/id.pro.es.image.master/8b/9c/41/1347691657.webp,,31,,890000.0,chalet,sale,440.0,,5,4,Hispanoamérica - Comunidades,Madrid,Valdemoro,Hispanoamérica - Comunidades,es,,40.1871253,-3.681173,False,https://www.idealista.com/inmueble/108502638/,"¡Descubre tu nuevo hogar en este espectacular chalet independiente! Con una construcción de 440 m², esta propiedad ofrece un diseño moderno y funcional que se adapta a todas las necesidades.   En la planta baja, te recibe una cocina americana con amplia despensa, un luminoso y amplio salón que es perfecto para disfrutar de momentos en familia, además cuenta con un dormitorio, y un baños completo, brindando comodidad y privacidad.  Subiendo a la planta primera, encontrarás tres amplios dormitorios, dos de ellos tipo suite, cada uno con baño completo y grandes vestidores. Imagina la comodidad de tener tu propio espacio personal.  Además, el sótano se convierte en un refugio adicional con un amplio salón-dormitorio, un baño completo y armarios que ofrecen un almacenamiento extra.  El exterior no se queda atrás: un gran patio con pérgola bioclimática donde vivir en total armonía con su entorno te permitirá disfrutar del aire libre en cualquier momento del año, así como un acogedor Cenador acristalado para disfrutar en cualquier estación del año, y una barbacoa. La casa está equipada con aire acondicionado en todas las estancias, luces LED y ventanas oscilobatientes con persianas y rejas que garantizan confort y seguridad. Barbacoa  Con garaje para tres coches y calefacción a gasoil, esta vivienda es perfecta para una familia que busca espacio y calidad de vida. No dejes pasar la oportunidad de visitar este hogar que combina elegancia y funcionalidad. ¡Tu nueva vida comienza aquí!",False,good,False,,2023.0,True,False,True,False,[],False,False,890000.0,€,chalet,"Hispanoamérica - Comunidades, Valdemoro",Casa independiente,Destacado,,,,True,True,independantHouse
108153829,https://img4.idealista.com/blur/480_360_mq/0/id.pro.es.image.master/56/55/68/1335468720.webp,3-113,34,2,990000.0,flat,sale,102.0,True,1,2,plaza de la República Argentina,Madrid,Madrid,Chamartín,es,El Viso,40.4464972,-3.6852263,False,https://www.idealista.com/inmueble/108153829/,"Vivienda de 102 m² distribuidos en tres niveles: - En la planta superior se encuentra el aseo de cortesía y el acceso principal. - La planta intermedia alberga un amplio salón con cocina americana y salida directa a una agradable terraza. - En la planta inferior se sitúa el dormitorio principal, con baño en suite y vestidor. Ubicada en la segunda altura del edificio, que dispone de ascensor y servicio de portería, en una finca cuidada y sin derramas pendientes. El inmueble se encuentra en excelente estado. La renovación fue realizada por el actual propietario, logrando una distribución muy funcional y un aprovechamiento óptimo del espacio. En su configuración anterior, la vivienda contaba con una estancia adicional junto a la cocina, fácilmente recuperable si se desea disponer de una habitación más. Dispone de calefacción individual mediante gas natural, al igual que el agua caliente, y sistema de climatización por conductos con bomba de frío y calor. Además, incorpora una chimenea operativa que aporta calidez y carácter al conjunto. Los materiales utilizados en la reforma son de alta calidad: carpintería de aluminio con doble acristalamiento Climalit, suelos originales restaurados, y electrodomésticos de marcas reconocidas. Incluido en el precio, se ofrece una plaza de garaje de grandes dimensiones, cómoda y de fácil maniobra. ITE favorable en 2021 Sin derramas Gastos de comunidad: 250 €/mes IBI anual: 600 € Honorarios de agencia: 2% + IVA.",False,good,False,True,9706.0,False,False,False,False,[],False,False,990000.0,€,flat,"El Viso, Madrid",Piso en plaza de la República Argentina,Destacado,1050000.0,60000.0,6.0,True,True,
107728613,https://img4.idealista.com/blur/480_360_mq/0/id.pro.es.image.master/1f/c1/b2/1327151570.webp,3248-24620,24,6,785000.0,penthouse,sale,82.0,True,2,2,calle de Alburquerque,Madrid,Madrid,Chamberí,es,Trafalgar,40.4301844,-3.70144,False,https://www.idealista.com/inmueble/107728613/,"Ático en Venta en el Corazón de Chamberí - ¡Tu Nuevo Hogar Te Espera! Descubre este acogedor ático de 82 m² en la vibrante zona de Chamberí, a solo 170 metros de la emblemática Plaza de Olavide, uno de los rincones más queridos de Madrid, recientemente transformada en un espacio más peatonal, ordenado y accesible, convertida en el núcleo de la vida comunitaria del barrio de Chamberí. Este luminoso ático destaca por sus grandes ventanales que inundan cada rincón de luz natural, creando un ambiente acogedor y cálido. El salón-comedor es ideal para disfrutar de momentos en familia o con amigos, mientras que la cocina equipada con electrodomésticos modernos hará que cocinar sea un verdadero placer. Con dos cómodos dormitorios y dos baños, este ático es perfecto para adaptarse a tus necesidades. Además, cuenta con armarios empotrados que optimizan el espacio, brindando un toque de funcionalidad y estilo. Situado en la sexta planta de un edificio con ascensor, el acceso es cómodo y práctico, perfecto para cualquier persona. La propiedad ha sido mantenida en excelente estado desde su construcción en 1975 y cuenta con calefacción central y aire acondicionado en todas las estancias, garantizando confort durante todo el año. La ubicación es inmejorable, rodeada de supermercados, gimnasios y tiendas especializadas, además de una amplia oferta de restaurantes y actividades culturales que hacen de Chamberí un lugar vibrante para vivir. No pierdas la oportunidad de visitar este magnífico ático que combina comodidad, ubicación y estilo. ¡Tu nuevo hogar en Chamberí te está esperando!",False,good,False,True,9573.0,True,True,False,False,[],False,False,785000.0,€,flat,"Trafalgar, Madrid",Ático en calle de Alburquerque,Destacado,795000.0,10000.0,1.0,,,penthouse
108827986,https://img4.idealista.com/blur/480_360_mq/0/id.pro.es.image.master/50/07/88/1359170719.webp,003.6390,23,bj,260000.0,flat,sale,93.0,True,3,1,calle Dulcinea del Toboso,Madrid,Arganda,Centro,es,,40.2991633,-3.4463972,False,https://www.idealista.com/inmueble/108827986/,"FERRARI PONE A LA VENTA PISO EN CENTRO DE TRES DORMITORIOS COMPLETAMENTE REFORMADO Descubre este encantador piso de 93 metros cuadrados, situado en una zona tranquila con todos los servicios a mano. Con una excelente conexión al resto de la ciudad, paradas de autobuses, a menos de 10 minutos andando al metro línea 9. Es el lugar ideal para familias que desean disfrutar de la comodidad y funcionalidad en su día a día, con supermercados, parques, zona de ocio, colegios y un largo etc. Este acogedor hogar cuenta con estancias muy bien distribuidas a través de un amplio pasillo que permite disponer en él mobiliario variado. Salón independiente, muy amplio y luminoso de más de 20 m2, con aire acondicionado. La cocina está totalmente amueblada, con muebles altos y bajos, y con espacio para poner una mesa práctica y funcional para el uso del día a día. Desde este espacio tenemos acceso a una terraza, habililitada actualmente como una zona de lavado y segunda cocina con múltiples usos. Además, dispone de tres dormitorios, el dormitorio principal con aire acondicionado y gran armario empotrado, cada uno con suficiente espacio para mobiliario y almacenamiento, garantizando un ambiente ordenado y acogedor. El baño completo está equipado con bañera y mampara, dando servicio a toda la vivienda. Totalmente reformado en 2025; tanto la instalacion de tuberias como la electricidad, suelos, ventanas de PVC con vidrios de tres capas tipo Climalit y persianas eléctricas en el salón. Luz ambiental perimetral en el techo del salón. Carpinteria interior de madera. El aislante de las paredes exteriores se ha reforzado en la reforma lo que confiere a la vivienda mayor aislamiento acústico y térmico. Suelo en cocina y baño de gres y en el resto de la vivienda tarima. Si quieres tener mas informacion puedes ponerte en contacto a nuestro número de teléfono o en nuestra Web.",False,good,False,False,2796.0,False,False,True,True,[],False,False,260000.0,€,flat,"Centro, Arganda",Piso en calle Dulcinea del Toboso,Destacado,,,,,,
108567790,https://img4.idealista.com/blur/480_360_mq/0/id.pro.es.image.master/9e/5a/80/1348678414.webp,28-327-1420,44,2,3200000.0,flat,sale,300.0,True,4,5,Barrio Almagro,Madrid,Madrid,Chamberí,es,Almagro,40.4311599,-3.6943881,False,https://www.idealista.com/inmueble/108567790/,"Fabulosa vivienda de 300 m² con una maravillosa terraza en orientación Sur, trastero y dos plazas de garaje en el edificio, en pleno Barrio de Almagro, uno de los más exclusivos de Madrid por su excelente ubicación y entorno. Se distribuye en: -Puerta principal con Hall de entrada y aseo de visitas. -Zona de la servicio con una amplia Cocina de 21 m² con zona de lavandería y tendedero a patio de manzana muy luminoso, puerta de servicio con Dormitorio y Baño de servicio y comedor de diario con amplios armarios empotrados.  -Gran salón de 44 m² con chimenea y salida a la terraza. -Comedor de 22 m² con espacio para una gran mesa y también con salida a la terraza. -Agradable terraza de 16 m² en orientación Sur para disfrutar todo el año. -Zona de noche con TRES dormitorios dobles, todos con amplios armarios empotrados y baño completo en suite. Cuenta con una excelente distribución gracias a su planta prácticamente cuadrada, lo que hace que todas las estancias sean muy proporcionadas y por tanto con un excelente aprovechamiento del espacio, además su doble orientación hace que disponga de mucha luminosidad y ventilación cruzada. La vivienda se ubica en una finca con un portal muy representativo y amplias zonas comunes; dispone de un Cuarto trastero y de dos Plazas de Garaje en el edificio (una grande y otra más pequeña rotatorias anualmente) recogidas en la escritura además de la prohibición de uso de pisos turísticos en la finca en los estatutos de la comunidad. Una excelente oportunidad de adquirir una fabulosa vivienda en una de las zonas más exclusivas y demandadas de Madrid. Llámenos, estaremos encantados de atenderles. Honorarios agencia por cuenta de la propiedad.",False,good,False,True,10667.0,True,False,True,False,[],False,False,3200000.0,€,flat,"Almagro, Madrid",Piso,Destacado,,,,True,True,
104499961,https://img4.idealista.com/blur/480_360_mq/0/id.pro.es.image.master/e2/8f/d8/1222589790.webp,OP-15040424,70,1,725000.0,flat,sale,86.0,True,3,2,Barrio Palacio,Madrid,Madrid,Centro,es,Palacio,40.4213041,-3.7104013,False,https://www.idealista.com/inmueble/104499961/,"CONSORCIO REAL ESTATE ÓPERA VENDE PISO ZONA ÓPERA / PALACIO. Se vende vivienda singular y única ubicada a 20 metros del Palacio Real con zona muy privada de jardín para los 12 vecinos en la comunidad. La vivienda cuenta con de 3 amplios dormitorios, 2 baños completos, cocina independiente equipada, calefacción eléctrica, bomba frío/calor y amplios ventanales en todas sus estancias de lado a lado de los dormitorios y salon. La vivienda se encuentra ubicada en la Plaza de la Encarnación Plaza de la Encarnación. La vivienda se encuentra ubicada en el conjunto histórico y mas concretamente en Monumento de Madrid. Las viviendas de la zona Palacio gozan del encanto de barrio histórico, que tras el paso de los años sigue conservando la esencia de la época de los Austrias. Dicha zona delimitada entre la calle Bailén, la calle Mayor, Teatro de la Ópera y la grandiosa Plaza de Oriente, estupenda zona para pasear al lado del Palacio Real, Jardines de Sabatini y Campo del Moro, hacen de un entorno privilegiado para vivir y disfrutar del tiempo libre aún estando en el centro de Madrid. A un paso encontramos la calle Arenal, que une la puerta del Sol con el Teatro Real, dónde nos podemos encontrar comercios, restaurantes, bancos …, y la fabulosa Gran Vía y Plaza de Callao con cines, los mejores teatros y más comercios. Está ubicado en un barrio tranquilo y a la vez rodeado de todas las comodidades de una gran ciudad.",True,good,False,True,8430.0,True,False,True,False,[],False,False,725000.0,€,flat,"Palacio, Madrid",Piso,Destacado,,,,,,
109168092,https://img4.idealista.com/blur/480_360_mq/0/id.pro.es.image.master/ea/63/70/1366283811.webp,3025-15366,48,bj,495000.0,flat,sale,83.0,True,3,1,calle de Santa Pola,Madrid,Madrid,Moncloa,es,Casa de Campo,40.4321299,-3.7345797,False,https://www.idealista.com/inmueble/109168092/,"REMAX PISUERGA pone en venta EN EXCLUSIVA este inmueble CON REFORMA TOTALMENTE INTEGRAL situado en el barrio de Casa de Campo, en el distrito de Moncloa-Aravaca, es uno de los distritos más cotizados de la capital, siendo una zona privilegiada donde se unen la exclusividad, la comodidad, naturaleza y buena conexión.  Junto al Centro Deportivo Municipal José María Cagigal, con sus magníficas instalaciones deportivas y piscinas y con una perfecta combinación de zonas verdes, servicios y proximidad al centro histórico, ofrece un estilo de vida único. Te invito a darte un paseo virtual. No dejes de ver el vídeo que recorre cada rincón de esta casa a estrenar y lee esta descripción. No te dejará indiferente.  Esta vivienda está situada en la planta baja de un edificio con ascensor de 4 alturas. Su propietario este año lo ha reformado integralmente con un gusto exquisito y mucho esmero para transformarla en una magnífica vivienda muy acogedora y súper luminosa. Para ello escogió los mejores materiales, tanto en los revestimientos, carpintería interior y exterior, alicatados, etc. así como en la reforma integral de toda la fontanería, electricidad, sistema de calefacción y aislamientos de la vivienda.  Está vivienda en planta baja, con acceso desde la calle para personas de movilidad reducida, es totalmente exterior en todo su perímetro.  Sus 75 m² útiles están muy bien aprovechados y se compone de: - 3 dormitorios dobles y muy luminosos. - 1 baño con ducha plato de ducha y ventana. - Amplio Salón con cocina abierta e integrada, con mobiliario de diseño, electrodomésticos de alta gama panelados y campana integrada en techo. Destacar:  - Zona comunitaria recién reformada, con acceso para personas con movilidad reducida y ascensor. - Zonas verdes y ajardinadas por ambas partes de la vivienda y edificio. - Cuota comunidad de vecinos: 62€ - Zona verde para aparcar (21€ al año) Situado a pocos pasos de la Casa de Campo, el mayor parque público de Madrid, ideal para quienes disfrutan del contacto con la naturaleza. A su vez, estás a un breve paseo del majestuoso Palacio Real, la Catedral de la Almudena y el vibrante parque Madrid Río, un entorno que combina historia, cultura y ocio. El Centro Comercial Príncipe Pío se encuentra aún más cerca en un corto y agradable paseo ofreciendo una amplia variedad de tiendas, restaurantes y servicios. Es ideal tanto para familias como para quienes buscan un entorno sereno sin renunciar a la comodidad de vivir cerca de todo. La zona también está excelentemente conectada:  - Líneas 41 y 75 de bus - Metro más cercano: Príncipe Pío (20 min. andando o 10 min. en bus). - Conexión próxima a M-30 (Salida 19). - Centro deportivo y piscina municipal a 100 metros. Estamos a tu disposición. Te esperamos. NOTA: La información, fotografías y croquis del inmueble en este anuncio tienen un fin únicamente informativo, no contractual ni vinculante, careciendo de validez jurídica.",True,good,False,True,5964.0,True,True,False,False,[],False,False,495000.0,€,flat,"Casa de Campo, Madrid",Piso en calle de Santa Pola,Destacado,,,,,,
108837266,https://img4.idealista.com/blur/480_360_mq/0/id.pro.es.image.master/e4/1d/ec/1360517993.webp,RP1582025140159,52,2,149900.0,flat,sale,64.0,True,2,1,calle de Postas,Madrid,Aranjuez,Centro,es,,40.0317393,-3.6044486,False,https://www.idealista.com/inmueble/108837266/,"Te presentamos en exclusiva esta vivienda de 64 m² con infinitas posibilidades para convertirla en el piso ideal, completamente a tu medida. Situado en una segunda planta por escalera, el inmueble se distribuye actualmente en dos habitaciones, salón-comedor, cocina independiente y baño. Es totalmente exterior y cuenta con excelente ventilación cruzada, lo que favorece la circulación del aire y garantiza luz natural durante todo el día. Dispone de suelos de tarima, ventanas de climalit y una distribución versátil sin muros de carga, lo que te permitirá rediseñar los espacios a tu gusto, con libertad y sin limitaciones. Ubicado en pleno centro de Aranjuez, rodeado de todos los servicios esenciales: centros médicos, tiendas, bancos, bares, transporte, zonas verdes… Todo lo que necesitas, a pocos pasos y sin necesidad de coche. Perfecto para quienes buscan su primera vivienda o un espacio tranquilo y cómodo en el corazón de la ciudad. ¿Te imaginas viviendo aquí? ¡Ven a descubrirlo! Si necesitas financiación no dudes en solicitar tu asesoramiento personalizado, nuestro equipo te ayudará a encontrar la hipoteca que mejor se ajuste a ti y te acompañarán en todo el proceso.",False,good,False,False,2342.0,True,False,True,False,[],False,False,149900.0,€,flat,"Centro, Aranjuez",Piso en calle de Postas,Destacado,,,,,,
108408075,https://img4.idealista.com/blur/480_360_mq/0/id.pro.es.image.master/99/d5/3f/1344055415.webp,,28,,2800000.0,chalet,sale,865.0,,6,8,Ciudalcampo,Madrid,Ciudalcampo,,es,,40.6298415,-3.5952581,False,https://www.idealista.com/inmueble/108408075/,"HALFEN REL ESTATE VENDE EXCLUSIVO, Chalet independiente de lujo en primera línea del campo de golf del RACE, en la exclusiva urbanización Ciudalcampo. Parcela de 3.800 m² y vivienda de 865 m² totalmente reformada en 2023 con materiales de alta gama. Distribución muy cómoda con zonas de día y noche claramente diferenciadas. Planta principal: Gran salón con doble ambiente: zona de estar + zona de TV Cocina abierta de diseño, completamente equipada Comedor independiente y family room Despacho Dormitorio principal en suite con vestidor, baño completo y salida directa al jardín Dormitorio de servicio con baño Lavandería y aseo de cortesía Primera planta: 4 dormitorios en suite, todos con vestidor y baño Salón auxiliar Aseo de cortesía Amplia terraza con vistas abiertas al golf SE VENDE CON COCINA EQUIPADA Y CASA SIN MUEBLES Sótano: Trastero y cuarto de instalaciones Exterior: Jardín consolidado con varias zonas para diferentes momentos del día Piscina climatizada de obra (nueva en 2023) Zona de barbacoa 4 Plazas de Garagen Extras: Sistema de aerotermia (frío/calor) Aire acondicionado Placas solares Seguridad 24h en urbanización privada Ubicación ideal: A solo 20 min de Madrid, con acceso directo a la A1. Autobuses a Plaza de Castilla y minibuses internos por la urbanización. Servicios de la urbanización: Club social RACE: golf 18 hoyos, hípica, tenis, pádel, piscina, gimnasio Zonas recreativas para niños y adultos SEK International School dentro de la urbanización Colegios públicos y concertados muy próximos (Santo Domingo y Trinity College) Una propiedad única, lista para entrar a vivir. Disponemos de una gran oferta de propiedades que no están publicadas en portales inmobiliarios. Consulte nuestro Instagram: @halfen_realestate.   HALFEN REAL ESTATE, Inmobiliaria de lujo en Madrid especializada en alquilar y vender inmuebles en las mejores zonas de Madrid. También trabajamos como Personal Shopper Inmobiliario, donde asesoramos y guiamos a nuestros clientes en todo el proceso con un servicio muy personalizado y exclusivo.",True,good,False,,3237.0,True,False,True,False,[],False,False,2800000.0,€,chalet,Ciudalcampo,Casa independiente,Destacado,,,,True,True,independantHouse
108630683,https://img4.idealista.com/blur/480_360_mq/0/id.pro.es.image.master/65/ca/36/1351154228.webp,RP1892025139471,33,bj,579000.0,flat,sale,113.0,True,3,2,calle de López de Hoyos,Madrid,Madrid,Chamartín,es,Prosperidad,40.4465407,-3.6681845,False,https://www.idealista.com/inmueble/108630683/,"Se ofrece a la venta esta vivienda ubicada en la céntrica y demandada calle López de Hoyos, rodeada de todos los servicios que ofrece una de las zonas más consolidadas de Madrid, a la vuelta del metro de Alfonso XIII La propiedad, anteriormente utilizada como oficina, requiere reforma para su adaptación como vivienda, lo que representa una excelente oportunidad para personalizarla a tu gusto. Actualmente dispone de tres habitaciones, dos aseos, un amplio salón-comedor, y una estancia con acceso a una terraza interior, ideal para ubicar la cocina. Su distribución ofrece múltiples posibilidades de reforma, permitiendo diseñar un espacio moderno, funcional y totalmente adaptado a tus necesidades. Ideal tanto como residencia habitual, proyecto de inversión, o incluso como espacio mixto residencial y profesional. El edificio se encuentra en buen estado y la zona cuenta con excelente comunicación por transporte público, además de una amplia oferta de supermercados, colegios, centros de salud y comercios locales. No dejes pasar esta oportunidad de vivir o invertir en una de las zonas con más proyección de Madrid.",False,renew,False,True,5124.0,True,False,True,False,[],False,False,579000.0,€,flat,"Prosperidad, Madrid",Piso en calle de López de Hoyos,Destacado,,,,,,
109181253,https://img4.idealista.com/blur/480_360_mq/0/id.pro.es.image.master/7c/41/f9/1367358524.webp,2615,36,1,288000.0,flat,sale,107.0,True,3,2,CL ESTACION DE LA,Madrid,El Escorial,Navalquejigo - Los Arroyos,es,,40.6039762,-4.0547488,False,https://www.idealista.com/inmueble/109181253/,"Royal House ofrece en VENTA este estupendo PISO con garaje, situado en la tranquila y consolidada urbanización de Los Arroyos.  El complejo al que pertenece está totalmente cerrado con acceso restringido a propietarios, con cuidadísimos jardines y piscina adultos e infantil La vivienda está situada en la primera planta, dispone de un amplio y luminoso salón-comedor, con chimenea y acceso directo a una agradable terraza, ideal para disfrutar de momentos al aire libre. Cocina amueblada amplia con tendedero, tres dormitorios con a/e ( originalmente 4) y dos baños  Edificio dotado de ascensor  plaza de aparcamiento en los bajos del edificio, lo que aporta un valor añadido importante. Autobús urbano e interurbano a la puerta y a 400 metros de la estación Renfe-cercanías Rodeada de naturaleza, con buenos accesos y servicios de todo tipo y centros educativos cercanos, este piso es una excelente opción tanto para primera residencia como para inversión. En Royal House NO COBRAMOS honorarios AL CLIENTE COMPRADOR, nos tienes a tu lado durante el proceso de venta y te ayudamos a conseguir la mejor financiación. Nuestra trabajo es garantizar tu tranquilidad en todo el proceso de compra y después para lo que necesites.  Gestión integral de alquileres, con todas las garantías para propietarios e inquilinos, contrato de alquiler, seguro de impagos, depósito de fianza, cambio de suministros. Nuestro equipo destaca por su amplia experiencia, compromiso, dedicación, cercanía y profesionalidad. Trabajando con el objetivo de asegurar un proceso de compra-venta eficaz. Royal House, a tu lado desde 1992.",False,good,False,True,2692.0,False,False,False,False,[],False,False,288000.0,€,flat,"Navalquejigo - Los Arroyos, El Escorial",Piso en CL Estacion De La,Destacado,,,,True,True,
107686048,https://img4.idealista.com/blur/480_360_mq/0/id.pro.es.image.master/a9/65/4f/1319763944.webp,,25,,143500.0,chalet,sale,117.0,,4,2,Villarejo de Salvanés,Madrid,Villarejo de Salvanés,,es,,40.1688709,-3.2726674,False,https://www.idealista.com/inmueble/107686048/,"¡Descubre tu nuevo hogar en un entorno de serenidad y confort! Esta encantadora casa adosada de 117 m² construidos te  ofrece la oportunidad de vivir rodeado de tranquilidad sin renunciar a la comodidad. En la planta baja, encontrarás un acogedor salón, una cocina funcional, un baño completo, un dormitorio y un práctico cuarto para la caldera de gasoil. La primera planta te sorprenderá con tres dormitorios adicionales y dos terrazas privadas, perfectas para disfrutar del sol y el aire libre. Las puertas de madera y los suelos porcelánicos aportan un toque de elegancia y calidez a cada rincón de la vivienda. Las ventanas de aluminio dobles garantizan un excelente aislamiento térmico y acústico, mientras que la calefacción de gasoil asegura un ambiente cálido durante los meses más fríos. Con orientación sur, este y oeste, la casa goza de una luminosidad excepcional durante todo el día. La ubicación es inmejorable, con fácil acceso a la A3 y autobuses directos a Arganda, además de contar con supermercados, farmacia, centro de salud y colegio a pocos minutos. Construida en 1970 y en buen estado de conservación, esta casa es una oportunidad única para quienes buscan calidad de vida. Los gastos de IBI son de tan solo 213,54 euros al año. No incluye gastos adicionales como ITP registro o notaría, honorarios, reformas, ofrecemos servicios de mudanzas, limpieza y personalización para facilitar tu traslado. ¡Contacta con nosotros  Comercial María para una atención personalizada y rápida!",True,good,False,,1226.0,True,False,True,False,[],False,False,143500.0,€,chalet,Villarejo de Salvanés,Chalet adosado,Destacado,,,,,,terracedHouse
108558524,https://img4.idealista.com/blur/480_360_mq/0/id.pro.es.image.master/e4/f2/6c/1360568132.webp,RP1582025139218,72,1,299000.0,flat,sale,177.0,True,5,2,calle de Postas,Madrid,Aranjuez,Centro,es,,40.0276046,-3.6029215,False,https://www.idealista.com/inmueble/108558524/,"Ubicada en pleno corazón de Aranjuez, esta vivienda se encuentra rodeada de todos los servicios esenciales: comercios, colegios, transporte público, centros de salud y mucho más. Una zona privilegiada y muy demandada, ideal para vivir con total tranquilidad y acceso a todo. Construida en 1979, esta amplia vivienda de 177 m² construidos está situada en la primera planta de un edificio con ascensor. Su excelente distribución incluye cinco habitaciones de gran tamaño, dos de ellas con armarios empotrados, lo que proporciona espacio y funcionalidad para toda la familia. Desde el elegante recibidor se accede a un luminoso salón-comedor con aire acondicionado y salida directa a una acogedora terraza, perfecta para disfrutar al aire libre en los meses más cálidos. Dispone de dos baños completos con ventilación natural, lo que mejora la calidad del aire y evita problemas de humedad. La cocina es independiente, amplia y cómoda, con acceso a un patio privado de 11 m² de uso y disfrute exclusivo. Entre sus características destacan el suelo de parquet, paredes lisas, ventanas dobles (interior de madera y exterior de aluminio) y calefacción individual de gas natural. Además, la vivienda goza de una excelente ventilación cruzada, que garantiza frescura y confort durante todo el año. Existe la posibilidad de adquirir dos plazas de garaje (no incluidas en el precio), lo que añade aún más valor y comodidad. Aunque está lista para entrar a vivir, la vivienda admite reformas sin restricciones estructurales, ya que no cuenta con muros de carga. Esto la convierte en una opción ideal para quienes desean personalizar su hogar a su gusto. Una excelente oportunidad tanto para familias que buscan amplitud, como para inversores o quienes desean vivir en una zona consolidada con todos los servicios a su alcance. ¡Contáctanos hoy mismo y agenda tu visita! No dejes pasar esta oportunidad de vivir donde siempre has soñado.",False,good,False,True,1689.0,True,False,True,False,[],False,False,299000.0,€,flat,"Centro, Aranjuez",Piso en calle de Postas,Destacado,,,,True,True,
107113959,https://img4.idealista.com/blur/480_360_mq/0/id.pro.es.image.master/f7/3d/e1/1303387164.webp,RP312025134050,64,4,610000.0,flat,sale,119.0,True,3,2,avenida de la Aviación,Madrid,Madrid,Carabanchel,es,Pau de Carabanchel,40.3723219,-3.7701235,False,https://www.idealista.com/inmueble/107113959/,"REDPISO LAS AGUILAS VENDE EN EXCLUSICA ESPECTACULAR VIVIENDA “A ESTRENAR”. MUY LUMINOSA CON ORIENTACIÓN SUR-OESTE. La vivienda ubicada en cuarta planta con ascensor se distribuye en 3 amplios dormitorios con armarios empotrados, salón independiente, cocina independiente, terraza cubierta con acceso desde la cocina y salón, 2 baños. El precio ofertado incluye un trastero y una plaza de garaje, anejos a la vivienda.  Altas calidades: suelo tarima laminada flotante, suelo de gres cerámico y plaqueta cerámica en las paredes de los cuartos de baño, armarios empotrados modulares con acabado en color blanco (con interior acabado en tablero laminado distribuido con maletero y barra de colgar), solado de terraza con gres antiheladizo, entre otros. Urbanización cerrada con entrada unificada con garita de vigilancia. La urbanización cuenta con la preinstalación de circuito cerrado de cámaras de televisión (CCTV), cuenta con piscina con sistema de depuración salina, iluminación nocturna y aseos, Sala de Coworking, Parking de bicicletas cubierto, gimnasio, pista de pádel acristalada con sistema de iluminación y zona de juegos infantiles. Servicio de Conserjería y cuarto de basuras. El garaje cuenta con preinstalación de recarga de coches eléctricos, según normativa. El edificio construido en 2024, cuenta CALIFICACIÓN ENERGETICA A, al haberse adoptado las siguientes medidas: Doble aislamiento térmico de fachadas. Instalación de Aerotermia. Suelo radiante-refrescante. Redpiso Las Águilas, 15º aniversario en el barrio, 2010-2025. Redpiso Las Águilas, oficina con 15 años en el barrio ofreciendo los mejores inmuebles y al mejor precio del mercado, formada por un grupo de profesionales a su servicio. Contamos con un departamento financiero propio que le puede gestionar su hipoteca con posibilidad del 100% de financiación si se cumplen las condiciones exigidas. Llámenos y le asesoramos. TOTALMENTE GRATIS. La confianza de un líder. El precio reflejado no incluye los gastos de la compraventa: ITP máximo un 6% en la CC. MM, honorarios 3% + IVA, gestoría, registro y notaría entre 3.000€ -3.500€.",False,good,False,True,5126.0,True,False,True,False,[],False,False,610000.0,€,flat,"Pau de Carabanchel, Madrid",Piso en avenida de la Aviación,Destacado,,,,True,True,
108107562,https://img4.idealista.com/blur/480_360_mq/0/id.pro.es.image.master/bc/ed/c7/1351657224.webp,RP2092025137319,27,1,294500.0,flat,sale,74.0,True,2,1,calle de Camarena,Madrid,Madrid,Latina,es,Aluche,40.3890296,-3.7572017,False,https://www.idealista.com/inmueble/108107562/,"REDPISO ESTUDIO NUEVO ALUCHE pone a la venta este acogedor piso de 74m2 ubicado en la Calle Camarena, dentro de una urbanización cerrada y con portero físico, lo que añade un plus de protección y seguridad al inmueble. Situado en una primera planta con ascensor. La distribución actual después de la reforma consta de dos dormitorios, con la posibilidad de recuperar un tercer dormitorio como estaba en origen, un salón desde el que se accede a una amplia terraza que añade un valioso espacio exterior, una cocina independiente y un baño reformado con plato de ducha. A lo que añadimos gran espacio de almacenaje con un armario empotrado en el pasillo y un altillo en el techo, además de armarios empotrados en ambas habitaciones. La propiedad incluye una plaza de garaje en superficie, un extra muy apreciado en la zona. Su ubicación es inmejorable, a tan solo 5 minutos a pie de la estación de Metro y Cercanías de Aluche, 5 minutos a pie de la estación de Metro Eugenia de Montijo y paradas de autobuses a menos de un minuto de la vivienda, lo que facilita la conexión con diversos puntos de la ciudad. La proximidad todo tipo de servicios como supermercados, centros educativos, centros de salud, etc, es un punto a destacar de la zona. Información Adicional: Gastos de comunidad: 80 euros y gastos de IBI: 250 euros. Contamos con DEPARTAMENTO FINANCIERO propio Redpiso-DCredit: nuestro departamento financiero podrá aconsejarle de manera GRATUITA de todas las opciones de financiación, gracias a los convenios con las entidades financieras, en función de su situación laboral y económica, teniendo muchas más opciones económicas. FINANCIACIÓN HASTA EL 100%. ¡Contáctanos para más información y para concertar una visita!  EL AUNNCIO CONTIENE IMAGENES QUE SIMULAN COMO QUEDARÍA LA VIVIENDA TRAS UN DISEÑO DE INTERIORISMO. *El precio no incluye el Impuesto de Transmisiones Patrimoniales (Max. 6% sobre el precio de venta o del valor del inmueble que marque la Comunidad de Madrid), ni el 3% más IVA (21%) sobre el precio final del inmueble equivalente a los honorarios del comprador por la intermediación inmobiliaria, ni los gastos notariales y/o registrales (según el caso). La información del anuncio, incluyendo fotos, precio y datos, puede ser modificada, por lo que no se debe tomar como una garantía definitiva.",False,renew,False,True,3980.0,True,False,True,False,[],False,False,294500.0,€,flat,"Aluche, Madrid",Piso en calle de Camarena,Destacado,,,,True,True,
109126729,https://img4.idealista.com/blur/480_360_mq/0/id.pro.es.image.master/75/16/5d/1367321969.webp,003.6394,23,3,220000.0,flat,sale,66.0,True,2,1,avenida de Atenas,Madrid,Arganda,Centro,es,,40.2974185,-3.4541301,False,https://www.idealista.com/inmueble/109126729/,"OPORTUNIDAD. PISO DE 2 DORMITORIOS EN LA ZONA PARQUE EUROPA. Se vende estupendo piso en una zona de las más demandadas de Arganda del Rey, con dos dormitorios y un cuarto de baño. Rodeado de todos los servicios del día a día, como supermercados, farmacias, colegios, nuevo instituto, nuevo cuartel de la guardia civil, hospital del Sureste, sitios de ocio etc. , también la comodidad de tener acceso a la A-3 muy directo. Se encuentra en urbanización cerrada muy cuidada. Acceso con llave electrónica. La vivienda tiene 66 m2 aproximadamente, situada en una 3ª planta, muy luminosa, completamente exterior. Distribuida en: hall de entrada donde nos encontramos el acceso a la cocina, independiente, exterior, amplia con muebles altos y bajos y gran ventana. Acceso también a salón-comedor muy luminoso, por su orientación y además por el gran ventanal de suelo a techo. Llegamos a la zona de descanso con los dos dormitorios, exteriores, ambos con armarios empotrados vestidos y también con mucha luz natural. Y para completar esta vivienda, tenemos el cuarto de baño, completo con plato de ducha y mampara.  El precio incluye una plaza de garaje y un trastero. Si quieres más información, no dudes en ponerte en contacto con nosotros, te daremos toda información sin ningún compromiso, en nuestro número de teléfono o por nuestra web.",False,good,False,True,3333.0,False,False,False,False,[],False,False,220000.0,€,flat,"Centro, Arganda",Piso en avenida de Atenas,Destacado,,,,True,True,
108683094,https://img4.idealista.com/blur/480_360_mq/0/id.pro.es.image.master/27/9b/29/1352026622.webp,AM250536,22,2,710000.0,flat,sale,142.0,True,3,2,avenida del Campo de Calatrava,Madrid,Madrid,Fuencarral,es,Tres Olivos - Valverde,40.5020906,-3.6920977,False,https://www.idealista.com/inmueble/108683094/,"ÁGORA GESTORES INMOBILIARIOS presenta este magnífico piso en (Madrid).  El piso de __ m2 con doble orientación oeste y norte, está distribuido en cocina con tendedero, salón comedor, 3 amplias habitaciones todas ellas con armarios empotrados y dos baños completos, uno de ellos en la habitación principal tipo suitte ambos con bañera.  El inmueble dispone de calefacción de gas natural individual, aire acondicionado en el salón, armarios en el pasillo.   Además, la vivienda cuenta con dos plazas de garaje. El piso exterior e interior ubicado en la segunda planta de una urbanización privada con zonas comunes que tiene piscina, gimnasio, parque infantil y zonas verdes para poder disfrutar.  En cuanto a la zona, es una zona residencial tranquila rodeado de todo tipo de servicios, farmacias, restauración, supermercados, comercios, la parada de metros Tres Olivos (linea 10) a escasos 100m, centro deportivo y el acceso a la M-30, M-607 y M-40, además de sus numerosas paradas de autobús 66, 137 en la misma puerta de la vivienda.",False,good,False,True,5000.0,False,False,True,False,[],False,False,710000.0,€,flat,"Tres Olivos - Valverde, Madrid",Piso en avenida del Campo de Calatrava,Destacado,,,,True,True,
107801346,https://img4.idealista.com/blur/480_360_mq/0/id.pro.es.image.master/17/7e/7a/1324166546.webp,RP1272025136354,17,1,178000.0,flat,sale,31.0,False,1,1,calle de Buenavista,Madrid,Madrid,Centro,es,Lavapiés-Embajadores,40.4109795,-3.6990286,False,https://www.idealista.com/inmueble/107801346/,"Red piso Proyecto Atocha pone a su disposición en exclusiva este maravilloso piso abuhardillado Imagina un refugio urbano con encanto en pleno corazón de Lavapiés, uno de los barrios más castizos y vibrantes de Madrid. Este piso abuhardillado de 31 metros construidos aprovecha al máximo cada rincón, ofreciendo un espacio acogedor y funcional. La cocina es independiente y con el espacio muy bien aprovechado, el baño compacto pero bien distribuido, cuenta con todo lo necesario. Ubicado en un edificio con historia, este pequeño hogar se encuentra rodeado de una oferta cultural y de ocio inigualable: bares, teatros, galerías de arte y centros sociales que hacen de Lavapiés un barrio único. A solo cinco minutos a pie, el Museo Reina Sofía y el Paseo del Arte te conectan con lo mejor de la cultura madrileña. Además, tienes todos los servicios a mano: mercados tradicionales, supermercados, transporte público y una vida de barrio que mantiene la esencia de la ciudad. Un espacio perfecto para quienes buscan autenticidad, historia y un estilo de vida bohemio en pleno centro de Madrid. El precio de venta no incluye los honorarios de intermediación inmobiliaria, los gastos de notaria, escrituración y pago de ITP.",False,renew,False,False,5742.0,True,False,True,False,[],False,False,178000.0,€,flat,"Lavapiés-Embajadores, Madrid",Piso en calle de Buenavista,Destacado,,,,,,
108515234,https://img4.idealista.com/blur/480_360_mq/0/id.pro.es.image.master/34/f3/20/1347684078.webp,ALP 1542025,46,,570000.0,chalet,sale,283.0,,4,3,Alpedrete,Madrid,Alpedrete,,es,,40.6556702,-4.0259834,False,https://www.idealista.com/inmueble/108515234/,"**Casa Independiente en Venta - Ideal para tu Familia** Descubre este espectacular chalet unifamiliar de 283 metros cuadrados, situado en una parcela de 385 metros cuadrados, perfecto para quienes buscan comodidad y espacio. Con un diseño exterior atractivo y bien distribuido en dos plantas, este hogar cuenta con 4 amplios dormitorios y 3 baños, ideales para disfrutar en familia. La propiedad se encuentra en un estado de conservación muy bueno, con acabados de calidad que incluyen suelos de madera y cerámica, además de ventanas de climalit que aseguran un excelente aislamiento. La casa ofrece armarios empotrados y un trastero que facilitan el almacenamiento de tus pertenencias. El gran sótano es un espacio versátil que puedes adaptar a tus necesidades, ya sea como sala de juegos, gimnasio o área de ocio. Disfruta de momentos al aire libre en la terraza y el balcón, donde podrás relajarte y contemplar las vistas. Además, el acceso directo al garaje y la puerta acorazada garantizan seguridad y comodidad. La comunidad también cuenta con una piscina, perfecta para los días calurosos, y amplias zonas verdes que invitan al descanso y la desconexión. Esta propiedad, construida en 1986, combina la calidez del hogar con la funcionalidad moderna. No pierdas la oportunidad de vivir en este encantador chalet, donde cada rincón está diseñado para el bienestar familiar. ¡Contáctanos para más información y ven a visitarlo!",True,good,False,,2014.0,True,False,True,False,[],False,False,570000.0,€,chalet,Alpedrete,Casa independiente,Destacado,,,,True,True,independantHouse
108181922,https://img4.idealista.com/blur/480_360_mq/0/id.pro.es.image.master/e1/a6/c2/1348095249.webp,LG7,74,1,2390000.0,duplex,sale,372.0,True,4,6,Barrio La Finca,Madrid,Pozuelo de Alarcón,Zona Prado de Somosaguas - La Finca,es,La Finca,40.4052936,-3.7992505,False,https://www.idealista.com/inmueble/108181922/,"Spacio4 Luxury Homes presenta este exclusivo ático de lujo ubicado en la prestigiosa urbanización La Finca, en Pozuelo de Alarcón. Una propiedad única que combina diseño vanguardista, confort absoluto y vistas privilegiadas, todo ello en un entorno de máxima seguridad y bienestar. Un diseño contemporáneo con alma de refugio privado Este ático de obra nueva ha sido diseñado para ofrecer una experiencia residencial inigualable. Sus espacios amplios, acabados de alta gama y terrazas orientadas al disfrute al aire libre lo convierten en una joya arquitectónica. Características principales · 4 dormitorios en suite, amplios y luminosos, todos con baño privado y acabados de primer nivel. · 3 plazas de aparcamiento · 2 terrazas privadas, ideales para disfrutar de la luz natural y el entorno verde de La Finca. "" Tercera terraza con piscina desbordante privada y pérgola bioclimática, perfecta para relajarse en un espacio íntimo con el máximo confort. Vivienda de obra nueva, con eficiencia energética, diseño moderno y materiales de última generación. Servicios y entorno · Urbanización con vigilancia 24 horas, control de accesos y sistema de videovigilancia. · Gimnasio completamente equipado, para mantenerse en forma sin salir de casa. ·Piscina comunitaria, rodeada de zonas verdes. · Zona infantil, ideal para familias con niños. Una elección perfecta para un estilo de vida moderno y exclusivo Este ático es la opción ideal para quienes buscan una vivienda contemporánea, con privacidad, seguridad y servicios premium. Su ubicación en una de las urbanizaciones más cotizadas de Madrid lo convierte en una inversión residencial de alto valor. Contáctenos para más información y organizar una visita privada. AVISO LEGAL: Este anuncio no incluye gastos de impuestos, notaría, registro ni otros costes asociados. Las imágenes, planos y datos pueden estar sujetos a modificaciones. Este documento es meramente informativo y no constituye una oferta contractual.",True,good,False,True,6425.0,True,False,True,False,[],False,False,2390000.0,€,flat,"La Finca, Pozuelo de Alarcón",Dúplex,Destacado,,,,,,duplex
108220091,https://img4.idealista.com/blur/480_360_mq/0/id.pro.es.image.master/b0/40/a6/1337505691.webp,1509-V,24,bj,365000.0,flat,sale,113.0,True,3,2,Barrio San Nicasio,Madrid,Leganés,San Nicasio - Campo de Tiro - Solagua,es,San Nicasio,40.3319806,-3.7722801,False,https://www.idealista.com/inmueble/108220091/,"**Piso en Venta en el Barrio de San Nicasio, Leganés** Descubre este amplio y luminoso piso en el corazón del Barrio de San Nicasio, Leganés. Con una excelente ubicación, a tan solo 5 minutos de la estación de Leganés Central (Metro y Renfe), este hogar es ideal para quienes buscan comodidad y accesibilidad. El inmueble cuenta con tres habitaciones, dos de ellas dobles, perfectas para el descanso y la privacidad. La distribución del piso es perfecta: un salón amplio e independiente donde disfrutar de momentos en familia, una cocina amueblada con salida a un patio privado de 16 m² y dos baños, uno de ellos en suite, que añaden comodidad a tu día a día. Los suelos de parquet y las grandes ventanas Climalit permiten que la luz natural inunde cada rincón, creando un ambiente cálido y acogedor. Este edificio del año 2002 cuenta con ascensor y plaza de garaje incluida en el precio, lo que añade un plus a la propiedad. La orientación sur garantiza luminosidad desde primera hora de la mañana, haciendo de este piso un lugar ideal para vivir. Además, el barrio ofrece todos los servicios necesarios: supermercados, colegios, farmacias, panaderías y más, todo a un paso. Las buenas comunicaciones por carretera (M-50, A-42, A-5, M-45) y el transporte público (Renfe y Metrosur) facilitan el desplazamiento a cualquier parte de Madrid. No pierdas la oportunidad de visitar este magnífico piso que combina confort, ubicación y estilo. ¡Tu nuevo hogar te espera!",True,good,False,True,3230.0,True,False,True,False,[],False,False,365000.0,€,flat,"San Nicasio, Leganés",Piso,Destacado,,,,True,True,
108539702,https://img4.idealista.com/blur/480_360_mq/0/id.pro.es.image.master/c0/e9/98/1348006879.webp,IL-05210,29,1,310000.0,flat,sale,66.0,True,3,1,CL JARAIZ DE LA VERA,Madrid,Madrid,Latina,es,Lucero,40.4059121,-3.7455629,False,https://www.idealista.com/inmueble/108539702/,"SIN HONORARIOS A LA PARTE COMPRADORA. ¡Look&Find Delicias presenta en exclusiva este fantástico inmueble ubicado, reformado y preparado para convertirse en tu próximo hogar! Te esperamos para enseñarte esta preciosa vivienda muy luminosa y completamente exterior que se encuentra recién reformada para que sólo tengas que entrar a vivir. Cuenta con 66m2 construidos y 52m2 útiles que se distribuyen en 3 habitaciones, cocina independiente, baño completo, salón y una maravillosa terraza donde podrás disfrutar de las noches de verano o de las mañanas soleadas para leer, comer o simplemente relajarte con los tuyos.  Tiene una orientación completa con dos fachadas exteriores que le conceden una luz espectacular durante todo el día. Una parte de la vivienda se dispone hacia el noreste, mientras que la otra parte hacia el sudoeste. Se ubica en una 1ª planta sin ascensor, aunque la comunidad tiene posibilidad de instalar uno si se desea.  Sus puertas de madera en perfecto estado, su suelo cálido y elegante de parquet recién acuchillado, su cocina preparada y dispuesta fontanería, vitrocerámica a gas, horno y lavadero a estrenar, al igual que el baño completo con bidet, sanitario, lavamanos y plato de ducha recién instalados te harán sentirte muy a gusto y acogido con todas las comodidades posibles.  Además, la vivienda cuenta con aire acondicionado con un split ubicado en el salón para refrescar durante los días más calurosos y de calefacción individual de gas natural con radiadores en todas las estancias para mantenerte caliente en invierno. La terraza tiene una cancela de hierro forjado nueva para que puedas marcharte de vacaciones sintiéndote seguro y con la máxima tranquilidad.  Este inmueble presenta una oportunidad única de vivir en una zona al alza con el próximo soterramiento de la A5, a menos de 10 minutos andando de Casa de Campo, con el metro Lucero (L6) a escasos minutos a pie, líneas de autobús con conexión directa con Plaza España y Madrid Río, multitud de parques, comercios y servicios a lo alrededores, incluyendo un Mercadona y un LIDL a unos pasos de una vivienda que está lista para habitar. ¿A qué esperas? No dejes pasar esta fantástica oportunidad y descubre tu futuro hogar. IBI: 270€ aprox. Comunidad: 35€/mes.",False,good,False,False,4697.0,True,False,True,False,[],False,False,310000.0,€,flat,"Lucero, Madrid",Piso en CL Jaraiz De La Vera,Destacado,,,,,,
109155206,https://img4.idealista.com/blur/480_360_mq/0/id.pro.es.image.master/37/e1/fb/1365920633.webp,Alex,23,2,319900.0,flat,sale,81.0,True,3,2,Barrio Casco Antiguo,Madrid,Leganés,Centro,es,Casco Antiguo,40.3298988,-3.762457,False,https://www.idealista.com/inmueble/109155206/,"HOGARES LEGANÉS  VENDE EN EXCLUSIVA  OPORTUNIDAD! Maravilloso piso reformado en la mejor zona de Leganés, se compone de; Hall de entrada, tres dormitorios amplios, dos baños con plato de ducha y mampara; un GRAN SALÓN con salida a terraza abierta; cocina amplia muy luminosa con salida a tendedero.  Cuenta con suelo de tarima en todas las estancias menos en baño y cocina que cuenta con suelo de gres, ventanas de climalit en todas las estancias, puertas de madera maciza renovadas con conexión por imán, calefacción individual. Electricidad y fontanería renovados Vivienda reformada con las mejores calidades. *** VIVIENDA A ESTRENAR *** Dispone de todos los servicios y comercios como: farmacias, colegios, centro comercial, zona de ocio, parques infantiles, transporte público y con acceso fácil y rápido a las principales carreteras a Madrid, etc. Este inmueble cuenta con una magnifica iluminación.  Financiación hasta el 100% con nuestro departamento financiero FinanHogar. MAS CONSULTAS, NO DUDEIS EN LLAMARNOS Y CONCERTAR UNA CITA PARA VISITARLO SIN COMPROMISO.",False,good,False,True,3949.0,True,False,True,False,[],False,False,319900.0,€,flat,"Casco Antiguo, Leganés",Piso,Destacado,,,,,,
109064060,https://img4.idealista.com/blur/480_360_mq/0/id.pro.es.image.master/d7/27/3b/1363372647.webp,5163,45,,497000.0,chalet,sale,177.0,,4,3,Parla Este,Madrid,Parla,Parla Este,es,,40.2209912,-3.7643674,False,https://www.idealista.com/inmueble/109064060/,"INMOBILIARIA BUY HOUSE VENDE EXCLUSIVO CHALET PAREADO EN PARLA ESTE. Chalet pareado de alto standing en Parla Este – 167 m² Exclusiva vivienda de diseño moderno, luminosa y funcional, situada en una de las mejores zonas residenciales de Parla Este. Con una superficie de 167 m² distribuidos en dos plantas, ofrece amplitud, confort y un equipamiento de primer nivel. * Planta principal: Hall de entrada. Amplio salón de concepto abierto en dos ambientes, con cocina americana integrada. 1 habitación (actualmente despacho). 1 baño completo. Sala de lavandería independiente. Precioso jardín privado con porche, zona solada y área de césped. * Segunda planta: 3 dormitorios, uno de ellos con vestidor y otro con terraza acristalada. 2 baños completos. 4 armarios empotrados. Calidades y equipamiento: construcción con sistema Poliblock, ventilación por conductos de doble flujo, 12 placas solares para máxima eficiencia energética, suelo porcelánico, carpintería interior en color blanco, pintura lisa en toda la vivienda, suelo radiante, ventilación mecánica de doble flujo en la vivienda, ventanas en pvc con doble cristal climalit, sistema de calefacción y refrigeración mediante aerotermia, carga instalada para vehículo eléctrico (opcional), 2 vados municipales. Esta propiedad combina diseño, sostenibilidad y confort, ideal para familias que buscan una casa lista para entrar a vivir en una zona tranquila, bien comunicada y con todos los servicios a mano. LLÁMANOS Y VEN A VERLA!.",False,good,False,,2808.0,True,False,True,False,[],False,False,497000.0,€,chalet,"Parla Este, Parla",Chalet pareado,Destacado,,,,,,semidetachedHouse
108561649,https://img4.idealista.com/blur/480_360_mq/0/id.pro.es.image.master/a8/29/1a/1348511224.webp,V13816.3,26,2,679500.0,flat,sale,140.0,True,4,2,Barrio Montecillo,Madrid,Las Rozas de Madrid,Montecillo,es,Montecillo,40.4983206,-3.8811458,False,https://www.idealista.com/inmueble/108561649/,"LAS ROZAS DE MADRID, MONTECILLO. PISO en venta en Las Rozas de Madrid, Montecillo. Con una superficie de 140 m², este inmueble cuenta con 4 dormitorios con armarios empotrados, incluyendo un dormitorio principal en suite con baño completo. Además, dispone de un amplio salón independiente con salida a terraza exterior, una cocina independiente con office y terraza tendedero, y un baño completo adicional. El piso cuenta con un gran recibidor, suelos de tarima, ventanas de PVC tipo climalit, aire acondicionado y calefacción de Gas Natural. El edificio cuenta con ascensor y el precio incluye 2 plazas de garaje y trastero. Además, podrás disfrutar de las zonas comunes con jardines y piscina. Ubicado en una de las mejores zonas residenciales de Las Rozas.",False,good,False,True,4854.0,True,False,True,False,[],False,False,679500.0,€,flat,"Montecillo, Las Rozas de Madrid",Piso,Destacado,,,,True,True,
107349284,https://img4.idealista.com/blur/480_360_mq/0/id.pro.es.image.master/e2/6e/0b/1325053158.webp,15385,44,,259900.0,chalet,sale,169.0,,5,3,Orusco,Madrid,Orusco,,es,,40.2878751,-3.2107399,False,https://www.idealista.com/inmueble/107349284/,"¡OPORTUNIDAD ÚNICA EN ORUSCO DE TAJUÑA! IMPRESIONANTE CHALET PAREADO Descubre esta espectacular vivienda ubicada en una tranquila y encantadora zona de Orusco de Tajuña. Se trata de un chalet pareado sobre una parcela de 235 m², con 169 m² construidos y 140 m² útiles, diseñado para ofrecer el máximo confort y luminosidad Distribución perfecta para toda la familia: Planta principal: Accedemos a la vivienda a través de un acogedor porche con toldos. En su interior encontramos un salón independiente lleno de luz gracias a su excelente orientación y grandes ventanales, una amplia cocina independiente totalmente amueblada con despesa, un dormitorio doble ideal para invitados o despacho y un baño completo. Primera planta: Aquí se encuentran cuatro amplios dormitorios dobles, perfectos para toda la familia. El dormitorio principal cuenta con su propio baño en suite, mientras que los demás dormitorios comparten un segundo baño completo. Además, esta planta dispone de una gran terraza con toldos unas vistas inmejorables del entorno. Calidades y detalles que marcan la diferencia: La vivienda fue construida con materiales de primera calidad, ventanas climalit, escalera de mármol, puertas de madera maciza, paredes lisas, cuidando cada detalle para crear un hogar acogedor, funcional y elegante. Si buscas un chalet espacioso, con una distribución inmejorable y en una zona tranquila pero bien comunicada, ¡esta es tu oportunidad! Contacta con nosotros y ven a visitarlo. ¡Te encantará! *Certificación Energética: ""F"" *Impuestos y gastos NO INCLUIDOS: ITP o IVA, notaría, registro, gestoría, tasación, etc.",False,good,False,,1538.0,True,False,True,False,[],False,False,259900.0,€,chalet,Orusco,Chalet pareado,Destacado,,,,,,semidetachedHouse
92550504,https://img4.idealista.com/blur/480_360_mq/0/id.pro.es.image.master/d2/71/29/842427886.webp,1808/228,42,9,1350000.0,flat,sale,177.0,True,4,3,avenida de Burgos,Madrid,Madrid,Chamartín,es,Castilla,40.4834788,-3.6761576,False,https://www.idealista.com/inmueble/92550504/,"NO COBRAMOS HONORARIOS AL COMPRADOR. TRATO DIRECTO CON LA PROPIEDAD, TOTAL TRANSPARENCIA. El piso con el que siempre soñaste por fin puede ser tuyo, con un gran salón de veintisiete metros cuadrados bañado de luz natural donde disfrutar con la familia de esas magnificas comidas y cenas o alrededor de la televisión viendo una película, una cocina independiente donde dar rienda suelta a ese cocinero que todos llevamos dentro y sorprender a los amigos con todo tipo de platos, tres preciosos baños dos de ellos en suit y cuatro magnificas habitaciones donde cada miembro de la familia podrá disfrutar de su propio espacio sin olvidarnos de un despacho al cual le podremos dar múltiples usos. La finca dispone de su propia piscina donde cada verano será genial, la zona de recreo infantil en la que los niños podrán jugar libremente sin preocupaciones y el deporte no podría estar mas accesible ya que tambien tenemos pista de papel, futbol y baloncesto, por supuesto tenemos una plaza de garaje en la cual se pueden aparcar hasta tres coches grandes. Esta vivienda lo tiene todo y mas, a si que no lo dudes y ven a visitar por primera vez el que será para ti y los tuyos vuestro próximo hogar..",False,good,False,True,7627.0,False,False,False,False,[],False,False,1350000.0,€,flat,"Castilla, Madrid",Piso en avenida de Burgos,Destacado,,,,True,True,
108826473,https://img4.idealista.com/blur/480_360_mq/0/id.pro.es.image.master/50/6f/5a/1360485921.webp,02.2 OR,30,1,1150000.0,flat,sale,173.0,True,4,2,Barrio Huertas-Cortes,Madrid,Madrid,Centro,es,Huertas-Cortes,40.4147259,-3.6982265,False,https://www.idealista.com/inmueble/108826473/,"Tailor & Key presenta este exclusivo piso en la Calle Infante, Madrid, una propiedad única en el centro, en pleno barrio de Huertas-Cortes, combina el diseño de los elegantes edificios de finales del siglo XIX, con una de las zonas más castizas de Madrid. Ideal tanto para quienes buscan una vivienda con personalidad como para inversores que deseen explotar su potencial en una de las zonas más céntricas y mejor comunicadas de la capital. La vivienda ofrece enormes posibilidades de uso, desde una encantadora residencia privada, hasta un proyecto de coliving o apartamentos turísticos, ya que la comunidad de propietarios permite el uso turístico, entre otras opciones. Con sus 173 m2 construidos, más de 130 útiles, dispone de 8 estancias, 2 baños y una amplia cocina además de un trastero de unos 12 m2 en la buhardilla del edificio, con acceso por ascensor, dos balcones al exterior y sus patios interiores le dan la suficiente luminosidad. Una distribución excepcionalmente versátil. Completan la propiedad un trastero privado en la azotea y dos balcones exteriores con vistas a la calle. Ubicado en la primera planta de un edificio representativo de finales del siglo XIX, en pleno corazón del barrio de las Letras, distrito Centro, una zona privilegiada de Madrid, este inmueble está rodeado de todos los servicios: supermercados, centros educativos y de salud, transporte público, zonas verdes y una amplia oferta de ocio y restauración en una de las zonas más de moda de Madrid. Una oportunidad perfecta tanto como vivienda habitual como para inversión con alta rentabilidad. En Tailor & Key, somos especialistas en el mercado residencial de Madrid. Ofrecemos un servicio integral y personalizado en todas las fases del ciclo inmobiliario: compraventa, alquiler y reformas integrales. Para más información sobre esta propiedad o sobre nuestros servicios, no dude en ponerse en contacto con nosotros o visitar nuestra web: tailorkey. com.",False,good,False,True,6647.0,True,False,True,False,[],False,False,1150000.0,€,flat,"Huertas-Cortes, Madrid",Piso,Destacado,,,,,,
107862743,https://img4.idealista.com/blur/480_360_mq/0/id.pro.es.image.master/9b/41/90/1337570372.webp,,79,,560000.0,chalet,sale,260.0,,4,3,Soto del Real,Madrid,Soto del Real,,es,,40.7376721,-3.7464604,False,https://www.idealista.com/inmueble/107862743/,"B2V InmobiliariA comercializa en EXCLUSIVA  Pablo Batres Enrique Vallinas Lázaro Vivienda de construcción tradicional en urbanización PEÑA REAL. muy tranquila con gran privacidad y fantásticas vistas hacia el cerro de San Pedro y la sierra de Guadarrama. Vivienda reformada y actualizada en 2022. Distribución de la vivienda PLANTA PRINCIPAL - Hall de entrada, distribuidor hacia el resto de estancias con acceso directo a la planta inferior y superior. - Luminoso salón comedor con chimenea y distintos ambientes. Contamos con grandes ventanales.  -Cocina equipada con salida directa a terraza y a zona jardín. -1 baño completo con plato de ducha. - Garaje con acceso directo a la vivienda -Terraza con vistas al jardín y la sierra PLANTA BAJA La planta baja tiene una superficie de unos 50 m2 cuenta una sala amplia con acceso al jardín. -Cuarto de calderas. PLANTA SUPERIOR Consta de 3 dormitorios grandes y dos baños uno de ellos en suite. Reformado hace menos de 3 años. PLANTA ABUHARDILLADA Totalmente diáfana con entrada de luz mediante Velux. El jardín esta compuesto por parcela independiente consolidado con arbolado diverso. Cuenta con riego automatizado y caseta para aperos. Dispone de zona de barbacoa y una zona de sombra para disfrutar de esos momentos. Dispone de pozo de agua privado. SOTO DEL REAL Población en constante evolución, de cotización en alza con la próxima llegada del tren de cercanías al pueblo, lo que le dotará de mejor comunicación con la capital. Soto del Real, antigua villa Chozas de la Sierra, es un municipio español de la provincia y Comunidad de Madrid. Se sitúa en la cara sur de la sierra de Guadarrama, más concretamente en la zona de esta conocida como Cuerda Larga. El valle más próximo al municipio es la Hoya de San Blas. Se encuentra situada a 46 km por carretera de la ciudad de Madrid y a 11 km de Colmenar Viejo. Soto del Real tiene 6 líneas de autobús, cuatro de ellas teniendo cabecera en el Intercambiador de Plaza de Castilla: - Línea SE720: Colmenar Viejo - Manzanares el Real - Línea 720: Colmenar Viejo (FFCC) - Collado Villalba - Línea 721: Madrid (Plaza de Castilla)-Colmenar Viejo - Línea 724 (afueras del municipio): Madrid (Plaza de Castilla) - Manzanares el Real - El Boalo - Línea 725: Madrid (Plaza de Castilla) - Miraflores - Bustarviejo – Valdemanco - Línea 726: Madrid (Plaza de Castilla) - Guadalix – Navalafuente En Soto del Real hay cuatro guarderías (una pública y tres privadas), dos colegios públicos de educación infantil y primaria, un instituto de educación secundaria. Soto del Real dispone de un instituto público que provee de secundaria y bachiller y un colegio concertado católico, que dispone de infantil, primaria, secundaria, bachiller y formación profesional de grado medio y superior. Para más información o concertar una visita pueden ponerse en contacto. Pablo Batres Enrique Vallinas Lázaro B2V InmobiliariA, servicios inmobiliarios en la sierra de Madrid y alrededores.",True,good,False,,2154.0,True,False,True,False,[],False,False,560000.0,€,chalet,Soto del Real,Casa independiente,Destacado,,,,True,True,independantHouse
106811151,https://img4.idealista.com/blur/480_360_mq/0/id.pro.es.image.master/f4/23/f3/1347689556.webp,794,34,,240000.0,chalet,sale,80.0,,3,1,Serracines,Madrid,Serracines,,es,,40.6183126,-3.3973128,False,https://www.idealista.com/inmueble/106811151/,"JLC te presenta esta increíble vivienda por 254.800€, con un amplio espacio de 80m² y un garaje diáfano de 80m² adicional. Además, la parcela, de 2751m², cuenta con una nave de 130m², ideal para almacenamiento, taller o cualquier proyecto que tengas en mente. ✨ Características destacadas: - Agua del canal y pozo para tu comodidad. - Piscina que necesita una puesta a punto, perfecta para disfrutar en los días soleados. - Acogedora chimenea e hidrochimenea que distribuye calor a los radiadores de la casa. - Agua caliente mediante termo eléctrico. La vivienda requiere un mantenimiento, ya que ha estado sin uso durante algunos años, pero se encuentra en buen estado y lista para convertirse en tu nuevo hogar. � Ubicación ideal: Situada en Serracines, una encantadora pedanía de Fresno del Torote, a solo 20 minutos de Torrejón de Ardoz y 25 minutos del aeropuerto Adolfo Suárez (Barajas). El pueblo ofrece una excelente calidad de vida con autobuses (líneas 256 y 251), colegios, supermercados, farmacia, estanco y una variedad de servicios, todo rodeado de naturaleza. ¡No dejes pasar esta oportunidad! Contáctanos para más información o para agendar una visita. � [ ].",False,renew,False,,3000.0,True,False,True,False,[],False,False,240000.0,€,chalet,Serracines,Casa independiente,Destacado,,,,True,True,independantHouse
108424293,https://img4.idealista.com/blur/480_360_mq/0/id.pro.es.image.master/e7/dd/63/1344737819.webp,2388-V,19,3,295000.0,flat,sale,98.0,True,3,1,Barrio Casco Antiguo,Madrid,Leganés,Centro,es,Casco Antiguo,40.3263605,-3.7658077,False,https://www.idealista.com/inmueble/108424293/,"Piso junto a la Iglesia del Salvador! Te presentamos esta espaciosa vivienda perfectamente situada en el casco histórico de Leganés, junto a una de las arterias principales de la ciudad.  ¡Es más que un hogar, es una mejora de estilo de vida en una de las zonas más vibrantes y conectadas a Madrid! Consta de 3 habitaciones, dos de ellas muy grandes de 20m² la principal y una doble de 13m², un cuarto de baño amplio con ducha, salón amplio e independiente, cocina amueblada con gran capacidad de almacenaje y tendedero. Debido a su Orientación al Este y al Ser un Piso prácticamente exterior, ofrece desde primera hora del día abundante luz natural. Este inmueble tiene una Reforma integra realizada. Suelos de tarima flotante, paredes en liso con Pintura decorativa fayrouz ( Tipo estuco ), puertas lacadas en blanco, ventanas en Climalit con puente rotura termico, calefacción Individual de gas natural y aire acondicionado por conductos en toda la casa.  Ubicación inmejorable: Esta vivienda está ubicada en el encanto histórico de Leganés y ofrece todas las comodidades de una ciudad moderna. Disfrutarás de un fácil acceso al transporte público, escuelas, parques y áreas comerciales, todo a un corto paseo de distancia.  Ya sea que se trate de una familia en crecimiento, un profesional que busca espacio o un inversor que busca valor en uno de los prósperos barrios de Madrid, esta propiedad cumple todos los requisitos. Leganés combina un rico patrimonio cultural con un estilo de vida urbano moderno y animado. Con una excelente conectividad con Madrid y todas las comodidades que necesita a su alcance, no es de extrañar que esta zona sea muy solicitada. ¡No se la pierda! Oportunidades como esta no duran mucho. Programe su visita hoy y dé el primer paso para hacer de este impresionante Inmueble su nuevo hogar.",True,good,False,False,3010.0,True,False,True,False,[],False,False,295000.0,€,flat,"Casco Antiguo, Leganés",Piso,Destacado,,,,,,
108563111,https://img4.idealista.com/blur/480_360_mq/0/id.pro.es.image.master/c1/d2/2b/1348545504.webp,S219,44,,775000.0,chalet,sale,400.0,,7,5,Chinchón,Madrid,Chinchón,,es,,40.1382037,-3.4493318,False,https://www.idealista.com/inmueble/108563111/,"Un paraíso mediterráneo en Chinchón. Una casa de campo idílica donde ocio y negocio conviven en perfecta armonía, a un paso del corazón de Madrid. Dentro de un jardín de carácter único, se encuentra esta joya rural junto al encantador pueblo de Chinchón; un lugar perfecto para disfrutar de una casa de campo en estado impecable y, al mismo tiempo, gestionar un negocio vacacional con estudios independientes en pleno funcionamiento. Muy cerca de Chinchón, uno de los destinos más emblemáticos del turismo en la Comunidad de Madrid, esta casa con alma mediterránea y vistas infinitas a campos de olivos enamora desde la primera mirada. Su fachada blanca, contraventanas azules y un amplio porche evocan una vida en conexión con la naturaleza, pausada y consciente, donde el paso de las estaciones marca el ritmo del bienestar. Sobre una parcela de casi 7.000 m², con olivos centenarios, la propiedad ofrece un entorno exuberante con piscina, fuentes, zonas de descanso y rincones con un encanto muy especial. Área de parking privado. Destaca su singular piscina, que conserva la estructura de una antigua alberca, aportando un carácter único al conjunto. La vivienda principal, ubicada en la planta alta, es amplia, luminosa y se abre completamente al porche, con vistas privilegiadas al campo. Se organiza en una sola planta muy funcional: una gran cocina en excelente estado, un salón comedor con chimenea que conecta con el comedor exterior con barbacoa, tres habitaciones, dos baños y una sala de estar adicional con cocina que puede convertirse fácilmente en un estudio independiente o una habitación extra. ¡El contraste del suelo con la fachada blanca es simplemente espectacular! En la planta baja, la propiedad alberga tres estudios privados completamente equipados, cada uno con su propia zona de estar, dormitorio, cocina, baño y terraza independiente, todos ellos orientados hacia el jardín. Espacios diáfanos, cómodos y con mucha privacidad. La finca cuenta con las licencias necesarias para su explotación turística y se vende totalmente equipada, lista para empezar a generar ingresos desde el primer día. Cuenta con todas las comodidades modernas: calefacción de gasoil, aire acondicionado, estufa de leña, luz y agua de red, conexión a internet por fibra, y, además, apuesta por la sostenibilidad gracias a su sistema de placas solares con baterías y depósitos de recogida de agua de lluvia para el riego. Una oportunidad perfecta tanto para disfrutarla como vivienda privada con rentabilidad, como para grandes familias o grupos de amigos que valoren la independencia de cada espacio y la belleza de las zonas comunes compartidas. Su ubicación es otro de sus grandes tesoros: a tan solo unos minutos de Chinchón, uno de los pueblos más bonitos de España, y a una distancia ideal del centro de Madrid. Cerca para ir cuando lo necesites. Lejos para sentirte completamente desconectado. Un verdadero paraíso.",True,good,False,,1938.0,True,False,True,False,[],False,False,775000.0,€,chalet,Chinchón,Casa independiente,Destacado,,,,,,independantHouse
108009190,https://img4.idealista.com/blur/480_360_mq/0/id.pro.es.image.master/15/14/bf/1331036133.webp,15415,80,,790000.0,chalet,sale,775.0,,7,8,Campo Real,Madrid,Campo Real,,es,,40.3409249,-3.3817706,False,https://www.idealista.com/inmueble/108009190/,"✨ Majestuoso Chalet de Lujo en Campo Real. Presentamos esta impresionante residencia de alto standing, una joya arquitectónica que combina amplitud, diseño y funcionalidad en una parcela de 528 m², con 772 m² construidos, 683 m² útiles de vivienda, cuidadosamente distribuidos en cinco plantas conectadas por ascensor. Además una majestuosa terraza de 225 m² con barbacoa de obra y horno de leña, perfecta para celebraciones y eventos privados. Un inmueble singular, concebido para disfrutar de una experiencia de vida inigualable, donde el confort, la privacidad y los espacios de ocio se integran con una elegancia extraordinaria y con una distribución de ensueño: Planta principal: •Impactante hall de entrada de grandes dimensiones, con señorial escalera de granito que articula la vivienda verticalmente. •Aseo de cortesía para invitados. •Exclusiva sala de despacho. •Dormitorio con baño en suite, ideal como habitación de invitados o de descanso diario. •Otro dormitorio adicional con baño independiente. •Cocina de diseño totalmente amueblada (20 m² aprox.) con acceso directo a un gran terraza en la que podrás disfrutar de hermosos atardeceres. •Suntuoso salón comedor de 50 m², amplio, luminoso y con salida a la terraza donde disfrutarás en familia y crearás momentos entrañables o divertidas reuniones con amigos. . Primera planta: •Elegante suite de invitados con baño privado. •Dos dormitorios adicionales con dos baños completos. •Espectacular suite principal con vestidor de lujo, baño en mármol con bañera y ducha independientes, y salida a una terraza privada de 35 m² con vistas despejadas. Planta -1: •Excepcional garaje con capacidad para 8 vehículos. •Baño completo. •Sala de herramientas y espacio de almacenaje. Planta -2: •Espacioso hall distribuidor con acceso a una zona de ocio privada de 125 m² con: oBarra de bar profesional. oCocina completa. oVinoteca de alta gama. oSala acristalada con vistas a una de las joyas de la propiedad, una magnífica piscina interior climatizada, rodeada de un elegante suelo en tarima y paredes de diseño con iluminación indirecta, que crean una atmósfera cálida y relajante, gracias a su ubicación acristalada, permite disfrutar de la natación o del relax con vistas directas desde la zona de bar y vinoteca. Es ideal tanto para entrenamientos diarios como para momentos de desconexión y bienestar sin salir de casa. El espacio está completamente integrado dentro de una sala wellness, que incluye también un gimnasio privado y dos baños completos (masculino y femenino). Planta -3: •Sala técnica con sistema de depuración de agua para la piscina. •Estancia multiusos de 70 m², ideal como sala de cine, estudio, zona de juegos o sala de descanso. ________________________________________ Acabados y equipamiento premium: •Carpintería exterior de aluminio climalit efecto madera. •Puertas interiores de cerezo macizo. •Aspiración centralizada en toda la vivienda. •Ascensor con acceso a todas las plantas. •Aerotermia  •Instalaciones preparadas para un estilo de vida sofisticado, con posibilidad de domótica y climatización avanzada. Una inmensa paz rodea esta impresionante vivienda. La luz baña las estancias de esta residencia y es tremendamente espaciosa gracias también a sus blancas paredes y techos. Rebosa elegancia en todos sus rincones a la vez que presenta características más bien modernas. Sin duda, la vivienda ideal para personas con mucho gusto, que sepan valorar las calidades estructurales y acabados en un inmueble destinado a convertirse en la casa de tus sueños. No dejes pasar la oportunidad de adquirir un chalet único y excepcional en el que podrás crear un hogar a tu medida. *Certificación Energética: ""D"" *Impuestos y gastos NO INCLUIDOS: ITP o IVA, notaría, registro, gestoría, tasación, etc.",False,good,False,,1019.0,True,False,True,False,[],False,False,790000.0,€,chalet,Campo Real,Casa independiente,Destacado,,,,True,True,independantHouse
108668548,https://img4.idealista.com/blur/480_360_mq/0/id.pro.es.image.master/1b/3c/6e/1351661570.webp,River flat,27,3,395000.0,penthouse,sale,87.0,True,2,1,"CL MIRA EL RIO, 13",Madrid,Madrid,Fuencarral,es,El Pardo,40.5193681,-3.7783721,True,https://www.idealista.com/inmueble/108668548/,"Precioso ático para entrar a vivir.  En un edificio realmente bonito, a la orilla del río manzanares. Puedes escuchar el río casi desde la ventana. Se trata de una finca moderna, con ascensor, aire acondicionado y bomba de calor por conductos en toda la casa, con unas terminaciones de ventanas, cocina, suelo y baño muy actuales. Para entrar a vivir sin reforma. Dispone de dos habitaciones, salón, cocina independiente y bonito cuarto de baño.  La vivienda tiene 3 balcones, uno en el salón y otro por cada dormitorio, un armario empotrado en uno de ellos. El agua caliente es por un termo. La vivienda está para entrar a vivir como pocas en El Pardo, dado que cuesta encontrar pisos en edificios tan nuevos, y tan cuidados como éste.  Gastos de comunidad 80€ IBI 500€ A 150 metros de parada de autobuses EMT hacia Moncloa, Plaza de Castilla y La Vaguada, en la misma plaza del Pardo, donde además dispones de terrazas, comercios, y varios servicios. En pleno monte del Pardo, donde podrás disfrutar de actividades al aire libre como mountain bike, hípica y senderismo, hacen posible vivir en el auténtico pulmón verde de madrid, a 15´en transporte público de Moncloa, Plaza de Castilla, el barrio del Pilar, etc. Puedes visitar este piso a través de un vídeo ya mismo, en este anuncio y virtual tour y planos en breve. Dispones de infinidad de zonas verdes, rutas de senderismo, carril bici hasta la casa de campo y Madrid río, complejos deportivos como Somontes, Puerta de Hierro etc. La seguridad en el barrio es una garantía, y la paz que se vive te traslada a otro lugar pero.. . Estás a 15 minutos de Moncloa con transporte público en la puerta de casa¡ Contáctanos de lunes a viernes de 10:00 a 14:00 y de 17:00 a 20:30h para más información.",True,good,False,True,4540.0,False,False,True,False,[],False,False,395000.0,€,flat,"El Pardo, Madrid","Ático en CL Mira El Rio, 13",Destacado,,,,,,penthouse
108337834,https://img4.idealista.com/blur/480_360_mq/0/id.pro.es.image.master/f6/71/02/1349675077.webp,v-1344,27,5,296000.0,flat,sale,100.0,True,3,2,"calle Florencia, 5",Madrid,Torrejón de Ardoz,Noreste,es,,40.4624963,-3.4673288,True,https://www.idealista.com/inmueble/108337834/,"¡Descubre tu nuevo hogar en Torrejón de Ardoz! Este espectacular piso exterior, ubicado en el encantador barrio de La Veredillas, te ofrece todo lo que necesitas para disfrutar de una vida cómoda y plena. Con una superficie de 100 m², este inmueble se encuentra en perfecto estado de conservación y cuenta con una orientación sur-este que inunda cada rincón de luz natural. El amplio salón, con vistas despejadas, es el lugar ideal para relajarte o recibir a tus amigos. La cocina está completamente equipada con electrodomésticos, perfecta para los amantes de la gastronomía. Además, dispone de tres habitaciones generosas con armarios empotrados, brindando un espacio de almacenamiento óptimo. el barrio cuenta con todos los servicios necesarios: supermercados, colegios, centros de salud y zonas deportivas. La cercanía a espacios verdes como el Parque Europa y el Cerro el Viso te permitirá disfrutar de la naturaleza sin salir de la ciudad. Además, la excelente comunicación por transporte público, con la estación de Renfe a solo 2 minutos a pie y varias paradas de autobús cercanas, facilita tus desplazamientos hacia Madrid y el Aeropuerto de Barajas. Este piso también incluye plaza de garaje en superficie sin numerar y libre para cualuier vecino, aire acondicionado y acceso adaptado para personas con movilidad reducida. Y si buscas relajarte, podrás disfrutar de la piscina y el jardín comunitario. ¡No pierdas la oportunidad de vivir en un lugar que lo tiene todo! Ven a visitarlo y enamórate de tu futuro hogar.",False,good,False,True,2960.0,False,False,True,False,[],False,False,296000.0,€,flat,"Noreste, Torrejón de Ardoz","Piso en calle Florencia, 5",Destacado,306000.0,10000.0,3.0,True,True,
108669087,https://img4.idealista.com/blur/480_360_mq/0/id.pro.es.image.master/59/23/72/1351660933.webp,1239,55,,600000.0,chalet,sale,300.0,,9,5,San Agustin de Guadalix,Madrid,San Agustin de Guadalix,,es,,40.6801639,-3.6146732,False,https://www.idealista.com/inmueble/108669087/,"VIVIENDA 2000 vende casa en el centro urbano de San Agustín del Guadalix. La vivienda consta de 300m² mas otros 100 de buhardilla.  Esta casa es peculiar ya que consta de dos viviendas totalmente independientes. - Planta sótano: tenemos un amplio salón, dos habitaciones, un aseo y dos trasteros. -Primera planta: tenemos acceso a ella a través del portal o bien desde una escalera interior que conecta con la planta sótano. En esta planta encontramos un amplio hall, salón- comedor, dos dormitorios, dos cuartos de baño completos, uno dentro del dormitorio principal y una grande y luminosa cocina con salida a un patio de unos 34m². Tercera planta: tenemos una segunda vivienda que consta de salón- comedor con bacón, cocina con terraza, 3 dormitorios con armarios empotrados y dos cuartos de baño, uno de ellos dentro del dormitorio principal. - Buhardilla: accedemos a ella a través de la tercera planta. Ella está dividida en una amplia sala de estar con terraza, y dos dormitorios.  Una casa ideal para familias grandes.  Consúltenos para más información SIN HONORARIOS A LA PARTE COMPRADORA.",False,good,False,,2000.0,True,False,True,False,[],False,False,600000.0,€,chalet,San Agustin de Guadalix,Casa independiente,Destacado,,,,,,independantHouse
108405789,https://img4.idealista.com/blur/480_360_mq/0/id.pro.es.image.master/72/24/d4/1343655707.webp,3157,33,8,1276000.0,flat,sale,116.0,True,2,2,Barrio Castellana,Madrid,Madrid,Barrio de Salamanca,es,Castellana,40.4325398,-3.6804665,False,https://www.idealista.com/inmueble/108405789/,"Vivienda de diseño en al Zona Noble de Salamanca - Castellana. Junto a la Plaza del Marqués de Salamanca. 8ª Planta. Muy Luminosa. Amplia zona de recibo. Completamente reformado con materiales de primeras marcas. Zona de Lavandería. Buena Finca y Portal Señorial. Posibilidad de Plaza de Garaje en Finca de Acceso Directo. Muy bien comunicada. Junto a los principales comercios de la zona. Ref-3157. ""AP de Propiedades, somos un grupo inmobiliario que opera en todos los campos del sector desde hace más de 20 años. Nuestra actividad se ha centrado fundamentalmente en Madrid capital, en donde hemos desarrollado diferentes promociones de obra nueva y de rehabilitación de edificios singulares, sin olvidar la prestación del servicio de intermediación inmobiliaria tanto en la compra como en la venta de inmuebles, con el único fin de ofrecer a nuestros clientes todo lo necesario para su completa satisfacción que también ha sido y será la nuestra. Nuestras oficinas se encuentran en la calle Castelló, 23 - 3ºIzq. Madrid”.",False,good,False,True,11000.0,True,False,True,False,[],False,False,1276000.0,€,flat,"Castellana, Madrid",Piso,Destacado,,,,,,
107245685,https://img4.idealista.com/blur/480_360_mq/0/id.pro.es.image.master/83/16/e8/1307266242.webp,,62,,898000.0,chalet,sale,451.0,,5,4,Barrio Club de Golf,Madrid,Las Rozas de Madrid,Club de Golf,es,Club de Golf,40.5446601,-3.9136951,False,https://www.idealista.com/inmueble/107245685/,"Inmomatas vende magnífico chalet pareado de 451 m2 en 3 plantas más acogedora buhardilla sobre parcela de 446 m2. Quedando libre 351 m2 de jardín. Planta principal hall distribuidor que da paso a cocina amplia y luminosa con salida a gran porche, zona de tendedero/terraza, salón amplio con dos ambientes y acceso directo a terraza, sala de estar y aseo de cortesía exterior. Planta alta cuatro dormitorios incluyendo dormitorio principal en suite con baño incorporado y una terraza privada. Los otros tres dormitorios comparten otro baño completo. Buhardilla de 51 m2 dividida en dos ambientes con ventanas velux. Planta jardín, dispone de garaje para dos coches amplios, trastero con posibilidad de ampliar para salón de verano o cuarto de juegos (actualmente en bruto), zona de almacén de 20 m2, despensa, cuarto lavandería, además de aseo exterior. Cocina y baños reformados de hace 10 años, excepto baño principal. Aire acondicionado en sala de estar y en buhardilla. Muy bien conservada. Excelentes calidades tanto exteriores como interiores. Zonas comunes ajardinadas con piscina y pista de tenis para solamente 9 vecinos. Esta vivienda ofrece espacios amplios, es muy luminosa, tiene doble orientación y está ubicada en un entorno único e inmejorable. Zona residencial muy tranquila.",True,good,False,,1991.0,True,False,True,False,[],False,False,898000.0,€,chalet,"Club de Golf, Las Rozas de Madrid",Chalet pareado,Destacado,,,,True,True,semidetachedHouse
109214188,https://img4.idealista.com/blur/480_360_mq/0/id.pro.es.image.master/50/0a/c6/1360090031.webp,,61,3,530000.0,flat,sale,70.0,True,2,1,"calle de Hortaleza, 26",Madrid,Madrid,Centro,es,Chueca-Justicia,40.4214549,-3.7001681,True,https://www.idealista.com/inmueble/109214188/,"Piso de 70 m² con 2 habitaciones en Calle de Hortaleza 26.  Ubicado en pleno centro de Madrid, este piso ofrece una excelente oportunidad para quienes buscan comodidad y una ubicación privilegiada. Situado en Calle de Hortaleza 26, a pocos minutos de Gran Vía y Chueca, se encuentra en una de las zonas más dinámicas y con mejor conexión de la ciudad. La vivienda cuenta con: 2 habitaciones de buen tamaño 1 baño completo. Salón-comedor con cocina americana integrada, que maximiza el espacio y facilita una distribución práctica. La vivienda ofrece tranquilidad y un entorno ideal para quienes valoran vivir en el centro sin renunciar a la paz del hogar. Finca bien conservada, con todos los servicios a pocos pasos: supermercados, metro, comercios, zonas de ocio y oferta gastronómica.",False,good,False,True,7571.0,False,False,False,False,[],False,False,530000.0,€,flat,"Chueca-Justicia, Madrid","Piso en calle de Hortaleza, 26",Destacado,,,,,,
26454150,https://img4.idealista.com/blur/480_360_mq/0/id.pro.es.image.master/dc/ae/e8/42285675.webp,468,37,,898000.0,chalet,sale,451.0,,4,4,Barrio Club de Golf,Madrid,Las Rozas de Madrid,Club de Golf,es,Club de Golf,40.5456335,-3.915945,False,https://www.idealista.com/inmueble/26454150/,"Chalet pareado en parcela de 450 metros en venta en Las Villas del Golf, en la urbanización cerrada y con vigilancia las 24 horas del golf de Las Matas. Tiene 450 m2 construidos repartidos en 3 plantas más buhardilla. Semisóntano con garaje, trastero y despensa y zona de servicio (habitación y baño), planta baja con cocina reformada, salón con salida a terraza, sala de estar con chimenea y subida a la planta primera. En primera planta hay 4 habitaciones y 2 baños completos. La habitación principal en suite con el baño incorporado. Buhardilla diáfana de 34 m2. Zonas comunes: Piscina y 20.000 m2 de zona verde y tenis. En urbanización cerrada, dentro de la urbanización del Golf de Las Matas. Club social e instalaciones deportivas.",False,good,False,,1991.0,True,False,True,False,[],False,False,898000.0,€,chalet,"Club de Golf, Las Rozas de Madrid",Chalet pareado,Destacado,,,,True,True,semidetachedHouse
107432798,https://img4.idealista.com/blur/480_360_mq/0/id.pro.es.image.master/37/5d/93/1350707034.webp,V1613MPA,44,bj,2700000.0,duplex,sale,240.0,True,2,2,Barrio Jerónimos,Madrid,Madrid,Retiro,es,Jerónimos,40.4185693,-3.6883275,False,https://www.idealista.com/inmueble/107432798/,"Espectacular dúplex reformado y amueblado en el centro del barrio de Los Jerónimos. Uno de los mejores edificios que fue completamente rehabilitado en 2020 y en el que se ha mantenido la fachada clásica, el patío central y la entrada de gran valor histórico. Situado junto a la entrada del parque del Retiro. La vivienda tiene una superficie de 240m2 repartidos en dos plantas. Máxima calidad de acabados.  En la planta de acceso un amplio vestíbulo, da paso a un salón de doble altura que consta de dos ambientes y con un maravilloso y luminoso ventanal orientado al sur. Decorado con fabulosa pieza de arte de Carlos Eduardo Cruz-Díez no incluida en el precio de la vivienda. Ambientación sonora es Bang & Olufsen. En esta misma planta comedor, cocina equipada con electrodomésticos de alta gama y aseo de cortesía. En la planta superior amplísimo dormitorio principal y baño en suite con vestidor y zona de estudio. Dormitorio de invitados con baño en suite.   Dúplex con dos plazas garaje robotizadas y un amplio trastero. El edificio posee todas las medidas de eficiencia energética, domótica integral, gimnasio equipado con máquinas de última generación, 'spa', baño turco y piscina. Climatización por suelo radiante por aerotermía centralizada y aire acondicionado por conductos. Servicio de seguridad 24 horas. El barrio de Jerónimos, situado en el centro de la capital, es el barrio más prestigioso Madrid. Localizado en el distrito Retiro. Se encuentra muy cercano al Paseo del Prado y junto a los más prestigiosos museos y centro culturales: el Museo del Prado, Museo Reina Sofía, el Palacio de Velázquez, el Museo Thyssen, el Museo CaixaForum y la Casa de América.",False,good,False,True,11250.0,True,False,True,False,[],False,False,2700000.0,€,flat,"Jerónimos, Madrid",Dúplex,Destacado,,,,True,True,duplex
108221458,https://img4.idealista.com/blur/480_360_mq/0/id.pro.es.image.master/47/1d/fc/1339009935.webp,V0534MCH,29,3,1120000.0,penthouse,sale,121.0,True,2,2,Barrio Huertas-Cortes,Madrid,Madrid,Centro,es,Huertas-Cortes,40.414677,-3.6991851,False,https://www.idealista.com/inmueble/108221458/,"Este dúplex, integralmente reformado con materiales de alta calidad, se encuentra en la ultima planta de un edificio moderno en pleno barrio de las Cortes, a unos pazos del lujoso Hotel Four Seasons y de la galería Canalejas.  En la primera planta, bañada de luz, se encuentra el salón comedor que también se puede convertir en segunda habitación gracias a unos paneles de madera abatibles, con su propio baño completo separado.  Junto se encuentra la cocina abierta, totalmente equipada que se puede esconder también detrás de puertas de madera.  La habitación principal de tamaño muy agradable tiene su vestidor y baño en suite reformado con los mejores materiales.  Al acceder a la segunda planta, se encuentra una amplia terraza de 51 m2 con jacuzzi y pérgola acristalada domotizada, ideal para disfrutar del cielo de Madrid en todo momento del año en total privacidad.  Una oportunidad única de adquirir un ático coqueto en pleno centro de Madrid.",False,good,False,True,9256.0,True,False,True,False,[],False,False,1120000.0,€,flat,"Huertas-Cortes, Madrid",Ático,Destacado,,,,,,penthouse
107803438,https://img4.idealista.com/blur/480_360_mq/0/id.pro.es.image.master/cd/f4/1a/1324226512.webp,NM00960,41,3,640000.0,flat,sale,136.0,True,3,2,Barrio Las Tablas,Madrid,Madrid,Fuencarral,es,Las Tablas,40.5034211,-3.6765255,False,https://www.idealista.com/inmueble/107803438/,"inmoversion es la mejor opción para propietarios y compradores. No cobramos NADA al comprador y al propietario una tarifa fija. Somos la inmobiliaria sin comisión líder en la zona.  Vivienda situada en el DISTRITO DE FUENCARRAL, en la mejor zona del BARRIO DE LAS TABLAS. CARACTERISTICAS del edificio:  Edificio construido en el año 2005.  La urbanización es abierta y cuenta con unas zonas comunes muy amplias, PISCINA comunitaria, y Piscina Infantil muy soleadas, JARDIN, PISTA DE PADEL y 1 SALA MULTIUSOS. Servicio de Conserjería 24H y Cuarto de Basuras.  CARACTERISTICAS de la vivienda: Superficie construida: 136m2. Superficie útil: 90m2. Elementos Comunes: 46m2 Ubicación/altura: Vivienda EXTERIOR, ubicada en planta TERCERA.  Distribución: 3 dormitorios, salón independiente, cocina independiente con tendedero y 2 baños completos. El precio incluye un TRASTERO y una PLAZA DE GARAJE (anejos a la vivienda).    Instalaciones: Calefacción individual y aire acondicionado por SPLIT. Mejoras: Cerramiento del tendedero y Caldera nueva. Baños reformados. Persianas domotizadas. Suelos y carpintería interior.  Opción recomendable como residencia. La vivienda se vende sin amueblar. Gastos e impuestos: el precio indicado no incluye impuestos ni gastos de escrituración. Las características de la vivienda son meramente informativas. No tienen valor contractual. El mobiliario y enseres que puedan aparecer en las fotografías del anuncio no se encuentran incluidos en el precio de venta del inmueble. GESTION DE VISITAS: Si consideras que esta vivienda te puede interesar y encaja con lo que buscas, te invitamos a conocerla. Para una mejor gestión te recomendamos RELLENAR EL FORMULARIO de contacto facilitando tu nombre, teléfono de contacto y disponibilidad para la visita. ¿Necesitas vender tu vivienda para poder comprar? En inmoversion te podemos ayudar. Sin comisiones obtendrás mayor beneficio. Vendemos de media en 30-60 días, gracias a que ofrecemos el mejor precio garantizado y no cobramos nada al comprador.  Sobre nosotros: inmoversion es una inmobiliaria que no cobra comisiones. El vendedor sólo paga una tarifa fija y no cobramos nada al comprador. El precio de la vivienda no soporta comisiones de agencia y esta ajustado al precio de mercado. Visita inmoversion. es y conoce como trabajamos.",False,good,False,True,4706.0,True,False,True,False,[],False,False,640000.0,€,flat,"Las Tablas, Madrid",Piso,Destacado,,,,True,True,
108214060,https://img4.idealista.com/blur/480_360_mq/0/id.pro.es.image.master/33/c6/b3/1337580500.webp,8937,33,5,3750000.0,flat,sale,250.0,True,4,5,Barrio Recoletos,Madrid,Madrid,Barrio de Salamanca,es,Recoletos,40.4273766,-3.6831257,False,https://www.idealista.com/inmueble/108214060/,"Exclusivo piso exterior con garaje de acceso directo completamente reformado a estrenar situado en la mejor zona del distrito Recoletos del Barrio de Salamanca. La vivienda se compone de un amplio salón comedor con cocina integrada de diseño, 4 dormitorios siendo todos ellos tipo suite, 4 baños, 1 aseo de cortesía, amplia plaza de garaje de acceso directo y trastero.  Para visitarlo, contacte con nosotros, estaremos encantados de atenderle, en Hermosilla nº 72, tlf  Trabajamos los sábados. Exclusive World Home by inmomar es una empresa joven y con experiencia, caracterizada principalmente por su transparencia, respeto, por un servicio personalizado, atento y exclusivo, con la finalidad de que nuestros clientes, compradores y vendedores, tengan un punto de encuentro donde puedan ver realizadas sus aspiraciones con las máximas garantías. EWH, es una inmobiliaria especializada principalmente en los distritos del Barrio de Salamanca, Retiro, Chamberí y Chamartín, con un objetivo claro, seguir mejorando en la calidad de nuestros servicios.",False,good,False,True,15000.0,True,False,True,False,[],False,False,3750000.0,€,flat,"Recoletos, Madrid",Piso,Destacado,,,,True,True,
106746747,https://img4.idealista.com/blur/480_360_mq/0/id.pro.es.image.master/12/fa/ff/1346746803.webp,,41,1,759000.0,flat,sale,175.0,True,4,2,calle de Juan Ramón Jiménez,Madrid,Alcobendas,Norte,es,,40.5485569,-3.6587167,False,https://www.idealista.com/inmueble/106746747/,"MIREHOUSES presenta, EXCLUSIVO PISO. Urbanización cerrada y amplia piscina. Un lienzo en blanco para decorar a tu gusto, te hacemos algunas propuestas en imágenes. ¡Descubre tu nuevo hogar en la exclusiva urbanización cerrada de Alcobendas! Este impresionante piso de 175 m² construidos y 151 m² útiles te ofrece todo lo que necesitas para vivir con comodidad y estilo. Ubicado en una zona muy demandada, cuenta con una amplia entrada con armarios empotrados, ideal para mantener el orden desde el primer momento. La cocina, equipada con un práctico tendedero cubierto, es perfecta para los amantes de la gastronomía. El salón es un espacio acogedor que se abre a una terraza de 14 m², donde podrás disfrutar de agradables momentos al aire libre. Los 4 dormitorios, todos con armarios empotrados y climatización de frío/calor, garantizan el confort durante todo el año. La habitación principal destaca por su baño en suite y amplios armarios tipo vestidor. Los dos baños, ambos con bañera y espacio de almacenaje, ofrecen funcionalidad y estilo. Este piso, listo para entrar a vivir, cuenta con una plaza de garaje incluida en el precio, acceso adaptado a personas con movilidad reducida y trastero. Disfruta de las excelentes zonas comunes: piscina, jardín y gimnasio. La ubicación es inmejorable, con fácil acceso a la A-1, M-40, R-2, M-12 y carretera a Barajas. No pierdas la oportunidad de vivir en este magnífico hogar en Alcobendas, Comunidad de Madrid. ¡Ven a visitarlo y enamórate! Conseguimos financiación hasta el 100%, nuestro equipo de expertos te asesorará.",True,good,False,True,4337.0,False,False,True,True,[],False,False,759000.0,€,flat,"Norte, Alcobendas",Piso en calle de Juan Ramón Jiménez,Destacado,,,,True,True,
109213717,https://img4.idealista.com/blur/480_360_mq/0/id.pro.es.image.master/b3/34/19/1367634494.webp,JMC0204,1,bj,228000.0,flat,sale,78.0,True,3,1,"calle Salinas, 4",Madrid,Madrid,Ciudad Lineal,es,Pueblo Nuevo,40.4284125,-3.6326076,True,https://www.idealista.com/inmueble/109213717/,"Piso en venta flash hasta el día 19/09/25, hasta esa fecha solo se pueden presentar ofertas por importe superior al precio de salida publicado. Piso de 79 m² ubicado en Madrid. Se trata de un piso de 79 m² distribuidos en salón-comedor, cocina, 4 dormitorios y 1 baño. El piso se sitúa en el barrio Pueblo Nuevo, una zona residencial consolidada en el núcleo urbano de Madrid, con proximidad a la M-30 y la A-2, lo que facilita la conexión con otras áreas de la ciudad y salidas hacia autovía. La vivienda cuenta con buenas comunicaciones mediante transporte público, incluyendo varias líneas de metro cercanas como Pueblo Nuevo (Líneas 5 y 7), Quintana (Línea 5) y Ciudad Lineal (Línea 5), además de paradas de autobús en las inmediaciones que conectan con diferentes puntos de Madrid. En el entorno inmediato se pueden encontrar servicios esenciales como supermercados, restaurantes, instalaciones deportivas, centros educativos, oficinas bancarias y otros negocios comerciales. Destacan puntos de interés como el Parque Calero, ideal para actividades al aire libre, y el Centro Comercial Alcalá Norte, que ofrece una amplia variedad de comercios y opciones de ocio. Además, la zona dispone de centros de salud, garantizando atención sanitaria cercana. La presencia de colegios y centros educativos facilita el acceso a la formación para todas las edades.",False,renew,False,False,2923.0,False,False,False,False,[],False,False,228000.0,€,flat,"Pueblo Nuevo, Madrid","Piso en calle Salinas, 4",Destacado,,,,,,
109214852,https://img4.idealista.com/blur/480_360_mq/0/id.pro.es.image.master/4b/c7/2d/1367675265.webp,RLGS0191,1,10,181000.0,flat,sale,85.0,True,3,1,"calle Guadalcázar, 5",Madrid,Madrid,Puente de Vallecas,es,Entrevías,40.3805218,-3.6686466,True,https://www.idealista.com/inmueble/109214852/,"INMUEBLE EN PERIODO DE PUJAS A LA ALZA DESDE 8/09/2025 HASTA EL 20/09/2025 Piso de 87 m² ubicado en Madrid. Se trata de un piso de 87 m² distribuidos en salón-comedor, cocina, 3 dormitorios y 1 baño. El inmueble se sitúa en el barrio de Entrevías, dentro del distrito de Puente de Vallecas, una zona consolidada de la ciudad de Madrid que cuenta con una amplia oferta de servicios y buenas comunicaciones. A pocos minutos de la M-30 y la A-3, dos de las principales vías de acceso de la capital. En cuanto a transporte público, la zona dispone de varias líneas de autobús urbano (como las líneas 24, 102, 103, 111 y 144) que conectan con diferentes puntos de Madrid. Además, la estación de Cercanías Renfe Asamblea de Madrid-Entrevías (líneas C2 y C7) se encuentra a poca distancia, permitiendo un acceso rápido al centro y a otros barrios de la ciudad. También se puede acceder a la red de Metro de Madrid a través de la estación de Nueva Numancia (Línea 1), situada en las proximidades, lo que amplía las opciones de movilidad para los residentes. En el entorno del barrio de Entrevías se pueden encontrar supermercados, restaurantes, instalaciones deportivas, centros educativos de diferentes niveles, oficinas bancarias y otros negocios comerciales que cubren las necesidades cotidianas. Entre los puntos de interés más destacados de la zona se encuentran el Parque Forestal de Entrevías, un gran espacio verde ideal para actividades al aire libre, y el Centro Deportivo Municipal Alberto García, que ofrece instalaciones para la práctica de diferentes deportes. Además, el Centro de Salud Entrevías y el Centro Cultural Lope de Vega se localizan en las inmediaciones, aportando servicios sanitarios y culturales a los vecinos.",False,good,False,True,2129.0,False,False,False,False,[],False,False,181000.0,€,flat,"Entrevías, Madrid","Piso en calle Guadalcázar, 5",Destacado,,,,,,
108118072,https://img4.idealista.com/blur/480_360_mq/0/id.pro.es.image.master/a4/13/5d/1334383508.webp,15423,14,bj,239000.0,flat,sale,48.0,False,2,1,calle del Cristo de la Fe,Madrid,Madrid,Usera,es,Almendrales,40.3827226,-3.6985467,False,https://www.idealista.com/inmueble/108118072/,"Piso Reformado de 2 Dormitorios con Espacios Amplios y Luminosos en Ubicación Inmejorable Descubre este acogedor y moderno piso de 48 m ² construidos y 45útiles, reformado integralmente hace solo dos años. Originalmente de tres dormitorios, se ha redistribuido para ganar amplitud y funcionalidad. Desde la entrada accedemos a un baño completo con ducha y ventana, seguido de una cocina espaciosa totalmente equipada con muebles altos y bajos. El salón-comedor es amplio y muy luminoso, con espacio para crear dos ambientes diferenciados: zona de descanso y comedor ideal para reuniones familiares o con amigos. Equipado con aire acondicionado frío/calor, ofrece confort durante todo el año. Cuenta con dos dormitorios dobles espaciosos con buena orientación y un práctico hueco adicional para almacenaje. Disfruta de una vivienda con ventanas de aluminio Climalit, ventilación cruzada, techos altos insonorizados, suelos de gres y calefacción por radiadores eléctricos, además de termo eléctrico para agua caliente. Situado en una zona con todos los servicios a tu alcance: supermercados, farmacias, colegios, restaurantes y tiendas. Excelente comunicación mediante autobuses urbanos e interurbanos, varias líneas de metro, y rápido acceso a la M-30 y A-42. Una oportunidad ideal para entrar a vivir directamente. ¡Ven a verlo y enamórate de tu nuevo hogar! *Certificación Energética: ""E"" *Impuestos y gastos NO INCLUIDOS: ITP o IVA, notaría, registro, gestoría, tasación, etc.",False,good,False,False,4979.0,True,False,True,False,[],False,False,239000.0,€,flat,"Almendrales, Madrid",Piso en calle del Cristo de la Fe,Destacado,,,,,,
