propertyCode,thumbnail,externalReference,numPhotos,floor,price,propertyType,operation,size,exterior,rooms,bathrooms,address,province,municipality,district,country,neighborhood,latitude,longitude,showAddress,url,description,hasVideo,status,newDevelopment,hasLift,priceByArea,hasPlan,has3DTour,has360,hasStaging,notes,topNewDevelopment,topPlus,priceInfo.price.amount,priceInfo.price.currencySuffix,priceInfo.price.priceDropInfo.formerPrice,priceInfo.price.priceDropInfo.priceDropValue,priceInfo.price.priceDropInfo.priceDropPercentage,detailedType.typology,suggestedTexts.subtitle,suggestedTexts.title,parkingSpace.hasParkingSpace,parkingSpace.isParkingSpaceIncludedInPrice,detailedType.subTypology,newDevelopmentFinished,parkingSpace.parkingSpacePrice
103261229,https://img4.idealista.com/blur/480_360_mq/0/id.pro.es.image.master/25/a2/c5/1333667629.webp,FHOG-2161,15,bj,138000.0,flat,sale,59.0,True,1,1,puente de Vizcaya,Madrid,Madrid,Villaverde,es,Villaverde Alto,40.3448867,-3.7081837,False,https://www.idealista.com/inmueble/103261229/,"***SIN COMISIONES DE AGENCIA INMOBILIARIA*** ***SOLO PARA INVERSORES - INMUEBLE ALQUILADO*** Este piso se encuentra en Calle Puente de Vizcaya, 28021, Madrid, Madrid, situado en el distrito de Villaverde, en la planta bajo. Es un piso soleado que tiene 59 m2 y dispone de 1 habitaciones y 1 baño. Piso en Madrid. Dispone de una superficie de 59 m² distribuidos en salón-comedor, la habitación, cocina, 1 baño y el balcón. Piso situado alrededor de servicios, comercios, mercados y escuelas. Con fácil acceso en tren a la estación de Puente Alcocer. Renta actual: 725,89 €/mes Fecha de fin de contrato: 12/2026 Imposibilidad de visita interior. Las fotografías pueden no corresponderse con el estado actual del inmueble. Ubicado cerca de todos los servicios necesarios. Soluciones a su medida.",False,good,False,False,2339.0,True,False,False,False,[],False,False,138000.0,€,144500.0,6500.0,4.0,flat,"Villaverde Alto, Madrid",Piso en puente de Vizcaya,,,,,
107673541,https://img4.idealista.com/blur/480_360_mq/0/id.pro.es.image.master/0f/57/6f/1324470594.webp,W-02WB17,23,1,212500.0,studio,sale,90.0,True,0,1,Pol. Industrial sur,Madrid,San Sebastián de los Reyes,Pol. Industrial sur,es,,40.5392948,-3.6121902,False,https://www.idealista.com/inmueble/107673541/,"Loft duplex para inversores en Sebastián de los Reyes Engel & Völkers se complace en presentarles esta propiedad única que supone una excelente oportunidad para invertir, ya que actualmente se encuentra alquilado, en un exclusivo loft dúplex en la zona de Vega de la Moraleja, en el límite entre San Sebastián de los Reyes y Alcobendas. El loft está situado en la primera planta de un edificio emblemático con una fachada exterior muy singular totalmente acristalada pero su condición de dúplex hace que sus dos alturas sean en realidad un 1º y un 2º piso. Una vivienda muy luminosa con orientación sureste cuyos grandes ventanales ofrecen unas espectaculares vistas despejadas.  La superficie total comprende espacio para salón con cocina americana totalmente amueblada y equipada, un amplio dormitorio y un cuarto de baño completo con plato de ducha, todo ello distribuido de un modo muy funcional en dos plantas. La urbanización cuenta con una exclusiva piscina privada con solárium situada en la azotea del edificio que nos regala unas impresionantes vistas 360º de todo el entorno, incluyendo el skyline de Madrid. El resto de las zonas comunes se completa con una segunda piscina con pradera de césped natural en la zona de jardín, pista de pádel y un gimnasio muy completo equipado con toda clase de aparatos y material para la práctica de actividad física. La urbanización cuenta con conserjería en horario comercial todos los días de la semana excepto domingos. El precio incluye una plaza de garaje en el aparcamiento subterráneo del edificio. Disponemos de más unidades de características similares y distintos tamaños. No deje escapar esta magnífica oportunidad de inversión. Estamos a su disposición si necesita información adicional o desea concertar una visita. Vega de La Moraleja, también conocida como Moscatelares o La Hoya, es una de las más atractivas y recientes zonas de San Sebastián de los Reyes; de hecho, la mayoría de las propiedades aquí ubicadas apenas superan los 15 años de antigüedad. A tan solo 20 minutos del centro de Madrid en coche, se accede de manera cómoda y directa por la salida 17 de la A1, contando también con incorporaciones cercanas a las vías de circunvalación M40 y M50. Cuenta además con una extensa red de transporte público: numerosas líneas de autobús, dos estaciones próximas de la línea 10 de Metro y estación de Cercanías a poco más de 1 km. Al aeropuerto Adolfo Suárez de Madrid-Barajas y a la Estación de Chamartín se llega respectivamente en 10 y 15 minutos.  Cerca del entorno natural protegido de la Dehesa Boyal, se trata de una zona eminentemente residencial con numerosas zonas verdes y parques públicos, así como con una amplia oferta educativa, pública y privada, tanto de colegios como de universidades. Dispone de una magnífica dotación de servicios: diversos supermercados, instalaciones y clubs deportivos, gimnasios, dos centros de salud, el Hospital Infanta Sofía, al que se llega en tan solo 5 minutos, y parque de bomberos.  La oferta comercial, de ocio y restauración está garantizada con los centros comerciales Alegra y Diversia pero sobre todo con el más próximo Parque Comercial Megapark, donde se ubican Ikea y Media Markt entre otros, así como la emblemática galería comercial Plaza Norte 2.",False,good,False,True,2361.0,False,False,False,False,[],False,False,212500.0,€,,,,flat,"Pol. Industrial sur, San Sebastián de los Reyes",Estudio,True,True,studio,,
108091623,https://img4.idealista.com/blur/480_360_mq/0/id.pro.es.image.master/d3/9b/0c/1333553026.webp,MAD59180,8,2,594000.0,flat,sale,66.0,False,1,1, Allendesalazar,Madrid,Madrid,Ciudad Lineal,es,Colina,40.4610202,-3.6638372,False,https://www.idealista.com/obra-nueva/108091623/,"Excelente vivienda de obra nueva de 1 dormitorio con 56 m² interiores en venta en Arturo Soria. Lucas Fox presenta Allendesalazar, una exclusiva promoción de obra nueva en una de las zonas residenciales más codiciadas de Madrid, Arturo Soria. Este excepcional proyecto ofrece 17 viviendas únicas, entre pisos, bajos con jardín y áticos, que destacan por su diseño vanguardista, espacios luminosos y la posibilidad de personalizar los interiores al gusto del propietario. Las viviendas, que disponen de superficies interiores que van desde los 66 m² hasta los 298 m², se completan con generosos espacios exteriores de hasta 157 m². Cada propiedad ha sido concebida para proporcionar el máximo confort, bienestar y eficiencia, ofreciendo distribuciones funcionales, abundante luz natural y acabados de primera calidad. Esta unidad en concreto se sitúa en la segunda planta del portal A y dispone de 56 m² construidos interiores. La vivienda presenta una distribución equilibrada y funcional, con un dormitorio y un baño, además de una luminosa zona de día con salón-comedor y cocina abierta totalmente equipada, conectados entre sí para ofrecer un espacio amplio, confortable y lleno de luz natural. Allendesalazar se integra en un residencial privado de diseño contemporáneo que ofrece magníficas zonas comunes: dos piscinas exteriores con solárium y zonas ajardinadas, un gimnasio totalmente equipado, garaje subterráneo y trasteros privados. Todo ello pensado para disfrutar de un estilo de vida exclusivo y relajado, sin renunciar a las ventajas de vivir en el corazón de Madrid. Ubicado estratégicamente en la calle Allendesalazar, en el prestigioso barrio de Arturo Soria, el complejo goza de excelentes conexiones gracias a su proximidad a la M-30 y a vías principales como la calle Costa Rica. La zona ofrece una amplia variedad de servicios de ocio, restauración, educación, salud y comercios, además de numerosos parques y espacios verdes que aportan calidad de vida y tranquilidad. Allendesalazar representa una oportunidad única de adquirir una vivienda exclusiva en Madrid, donde el diseño, la calidad y la funcionalidad se combinan para ofrecer un estilo de vida distinguido, en un entorno residencial cuidadosamente diseñado para el bienestar y la comodidad de sus residentes. El precio de la vivienda incluye plaza de aparcamiento y trastero. Póngase en contacto con nosotros para obtener más información o concertar una visita privada.",False,newdevelopment,True,True,9000.0,True,False,False,False,[],False,False,594000.0,€,,,,flat,"Colina, Madrid",Piso en Allendesalazar,True,True,,False,
109011547,https://img4.idealista.com/blur/480_360_mq/0/id.pro.es.image.master/88/22/6e/1366967235.webp,LIRE-05416,58,2,250000.0,flat,sale,79.0,True,3,2,"CL VALDESAZ, 7",Madrid,Madrid,Villa de Vallecas,es,Casco Histórico de Vallecas,40.3702511,-3.6226688,True,https://www.idealista.com/inmueble/109011547/,"¡ SIN COMISION DE AGENCIA! FONDGEST Asesores Inmobiliarios S. L. pone EN VENTA este luminoso piso vacío de 3 Dormitorios con un baño completo más aseo en 2ª planta sin ascensor ubicado en la popular casco Histórico de Vallecas en inmejorable ubicación y comunicación.  El inmueble necesita reforma y forma parte de un edificio de 4 alturas. Se distribuye en hall de entrada, cocina independiente, salón comedor, un baño completo con plato de ducha y un aseo, y tres dormitorios independientes exteriores ( dos de ellos con armarios empotrados).  Se vende a cuerpo cierto, al día de impuestos, cargas y tributos y con fiscalidad de ITP del 6% al ser segunda transmisión. Ubicado en zona residencial, rodeado de parques, colegios, comercios, y todos los servicios necesarios. Solicite visita sin compromiso y le informaremos de más detalles y condiciones económicas.",True,renew,False,False,3165.0,True,False,False,False,[],False,False,250000.0,€,,,,flat,"Casco Histórico de Vallecas, Madrid","Piso en CL Valdesaz, 7",,,,,
107615214,https://img4.idealista.com/blur/480_360_mq/0/id.pro.es.image.master/cf/03/fc/1326481984.webp,L-9D84F9B,32,3,1130000.0,flat,sale,137.0,True,3,2,"calle de Hortaleza, 9",Madrid,Madrid,Centro,es,Chueca-Justicia,40.4207946,-3.7008571,True,https://www.idealista.com/inmueble/107615214/,"VIVIENDA PARA REFORMAR Evernest presenta esta exclusiva propiedad exterior, ubicada en la tercera planta de un emblemático edificio clásico de 1900 en el prestigioso barrio de Justicia. Esta vivienda, con una privilegiada orientación este, se distingue por su excepcional luminosidad natural, que inunda cada estancia a lo largo del día, realzando el carácter y el potencial de sus espacios. Al acceder a la vivienda, nos encontramos con un amplio salón principal, que destaca por sus dos elegantes balcones a la calle, los cuales no solo aportan luminosidad y ventilación, sino que también ofrecen una conexión directa con el encanto urbano del barrio y vistas despejadas a su icónica arquitectura. Gracias a sus techos altos y a la distribución diáfana, este espacio permite múltiples opciones de reforma para adaptarlo a los gustos y necesidades del comprador. El inmueble se encuentra en estado para reformar, lo que brinda una oportunidad inmejorable para diseñar un hogar a medida, combinando el encanto de una finca histórica con las comodidades contemporáneas. Su versatilidad hace posible su uso tanto como vivienda de lujo como oficina o despacho profesional, convirtiéndolo en una opción atractiva tanto para aquellos que buscan un hogar con carácter como para inversores que deseen obtener una rentabilidad en una de las zonas más demandadas de Madrid. Ubicada en el corazón de Justicia, una de las zonas más sofisticadas y vibrantes de la capital, la vivienda se encuentra rodeada de una excepcional oferta cultural, gastronómica y comercial. A pocos pasos de enclaves tan emblemáticos como la Gran Vía, el barrio de Salesas o el Mercado de San Antón, ofrece un estilo de vida único donde la tradición y la modernidad se fusionan a la perfección. No deje pasar esta oportunidad de crear un espacio único en un entorno privilegiado. Contáctenos para más información o para concertar una visita.",True,renew,False,True,8248.0,True,False,False,False,[],False,False,1130000.0,€,,,,flat,"Chueca-Justicia, Madrid","Piso en calle de Hortaleza, 9",,,,,
108602628,https://img4.idealista.com/blur/480_360_mq/0/id.pro.es.image.master/dc/13/fa/1349695441.webp,DS-P22757B,22,1,2525000.0,flat,sale,200.0,True,4,5,Barrio Argüelles,Madrid,Madrid,Moncloa,es,Argüelles,40.4245816,-3.7158804,False,https://www.idealista.com/inmueble/108602628/,"DIZA Consultores presenta esta exclusiva vivienda, situada en una primera planta de un edificio con fachada clásica, completamente rehabilitado en 1980 y conservando todo el carácter señorial de su arquitectura original. Con 200 m² construidos, esta propiedad destaca por su diseño sofisticado, su excelente luminosidad natural y unos ventanales con vistas despejadas al Parque del Oeste. La zona social ofrece un amplio y elegante salón con zona de comedor y una cocina de diseño abierta, acabados premium y una integración perfecta entre funcionalidad y estilo. La zona privada se compone de tres dormitorios en suite, que garantizan privacidad y máximo confort. Además, cuenta con una cuarta habitación con baño completo, ideal como dormitorio adicional, despacho o zona de servicio. La reforma ha sido realizada con materiales nobles, carpintería a medida, baños revestidos en piedra natural y grifería de alta gama, ofreciendo un ambiente cálido y atemporal. La vivienda incluye dos plazas de garaje de acceso directo en la propia finca y un trastero de gran capacidad, un privilegio poco frecuente en esta codiciada zona de Madrid. Una propiedad excepcional frente al pulmón verde del centro de Madrid, que combina el encanto de la arquitectura clásica con el confort del diseño contemporáneo. DIZA Consultores Convertimos Sueños en Hogares.",False,good,False,True,12625.0,False,False,False,False,[],False,False,2525000.0,€,,,,flat,"Argüelles, Madrid",Piso,True,True,,,
104564764,https://img4.idealista.com/blur/480_360_mq/0/id.pro.es.image.master/ce/c2/13/1224554459.webp,44181,55,3,2995000.0,flat,sale,254.0,True,3,3,Barrio Goya,Madrid,Madrid,Barrio de Salamanca,es,Goya,40.4225645,-3.6789346,False,https://www.idealista.com/inmueble/104564764/,"Álvora Capital Properties, consultora inmobiliaria de alta calidad en la gestión de activos prime en Madrid, les ofrece en venta esta moderna y lujosa vivienda en esquina, totalmente exterior, con vistas al Parque del Retiro, en una ubicación excepcional. El edificio en el que se enclava, esta maravillosa propiedad, cuenta con unos servicios exclusivos como piscina interior climatizada de agua salada, gimnasio, spa con sauna finlandesa y baño turco. Disfruta de tecnología domótica con parking robotizado y acceso directo desde la propia finca, vigilancia 24 horas y cámaras de seguridad.  Se ubica en la 3ª planta con doble orientación sur-oeste, proporcionando gran luminosidad en todas las estancias de esta lujosa vivienda. Además, disfruta de una excelente distribución con amplio hall con un aseo de cortesía y armario gabanero con acceso al área de recibo con un salón en dos ambientes, los cuales gozan de un gran ventanal con bonitas vistas al Parque del Retiro. Pegado al salón y con acceso desde el hall, se ubica la cocina, que actualmente se encuentra totalmente independiente, con la posibilidad de hacer una espectacular cocina integrada. Se entrega con todos los electrodomésticos de primeras marcas. Cuenta además de un área de lavandería. La zona de descanso se desarrolla en tres generosos dormitorios y dos baños. El dormitorio principal es en suite muy amplio y con numerosos armarios y un amplio vestidor. Los otros dos dormitorios comparten un baño. La vivienda cuanta con un amplio trastero, una plaza de garaje robotizada, incluida en el precio y una segunda plaza no incluida, con precio a convenir. La zonas comunes son excepcionales con seguridad las 24 horas en una de las mejores zona de Madrid. Definitivamente, una vivienda de lujo con las más altas prestaciones para que el día a día, sea más confortable y agradable. El barrio de Salamanca es una de las zonas residenciales y comerciales más apreciadas de Madrid, y con mayor nivel de vida de toda Europa. El barrio toma su nombre de José de Salamanca y Mayol, el Marqués de Salamanca, que promovió y dirigió su construcción a mediados del siglo XIX, llevada a cabo durante el reinado de Isabel II. Se forjó para las clases aristocráticas y burguesas, con grandes avenidas en distribución regular en forma de damero con calles perpendiculares, en torno a las que se articulan tiendas y comercios de lujo, y grandiosos palacetes, en uno de los cuales vivió el escritor sevillano Gustavo Adolfo Bécquer. En la actualidad, hablamos de una zona dinámica y segura, de grandes aceras, con una interesante vida, gracias a que es el epicentro de las tiendas lujo de la capital, conocida también por la “Milla de Oro”, donde tienen su sede las firmas más prestigiosas del mundo. También concentra un elevado número de Embajadas en edificios decimonónicos con gran valor arquitectónico. Y encontramos los establecimientos de hostelería más cosmopolitas de la capital, como el famoso “Platea Madrid” que es el centro de ocio gastronómico más grande de Europa. La cercanía al Parque del Retiro, le proporciona la etiqueta, de ser unos de los mejores barrios para vivir de Madrid. Álvora Capital Properties con más de 20 años de experiencia cuenta con un grupo de profesionales altamente cualificados con una amplia vocación de servicio, dedicados a asesorar a nuestros clientes en la gestión de inmuebles situados en las mejores zonas de Madrid. Visite nuestra web corporativa contamos con un gran porcentaje de inmuebles no publicados en los portales inmobiliarios.",False,good,False,True,11791.0,True,False,False,False,[],False,False,2995000.0,€,,,,flat,"Goya, Madrid",Piso,True,True,,,
104166831,https://img4.idealista.com/blur/480_360_mq/0/id.pro.es.image.master/df/a3/d7/1211826320.webp,66347,85,5,2600000.0,flat,sale,215.0,True,4,4,Barrio Almagro,Madrid,Madrid,Chamberí,es,Almagro,40.4345192,-3.6996018,False,https://www.idealista.com/inmueble/104166831/,"Álvora Capital Properties, consultora inmobiliaria de alta calidad en la gestión de activos prime en Madrid, promociona esta extraordinaria vivienda, muy exterior con elegante reforma en una finca clásica del Barrio de Chamberí. Se ubica en la quinta planta exterior, con una excelente distribución en esquina, con vistas panorámicas desde sus seis balcones, sino que también le sumerge en la historia y la tradición arquitectónica de Madrid. En su interior, encontrará un diseño exclusivo y meticulosamente planificado para obtener una verdadera joya arquitectónica. Cuatro dormitorios exquisitamente decorados proporcionan un espacio sereno para el descanso. Un imponente salón comedor con cuatro balcones orientados a la calle, con bonitas vistas. Aseo de cortesía. La cocina se entrega totalmente equipada y cuenta con un área de lavado independiente. Dos dormitorios están en suite y los otros dos dormitorios, comparten un baño. Cada rincón está diseñado con atención al detalle, desde los acabados de alta gama hasta los espacios amplios y luminosos, que permiten que la luz natural bañe cada habitación. El barrio de Almagro es considerado uno de los más elegantes de Madrid. Pertenece al distrito de Chamberí, es actualmente junto con otros barrios como Justicia o Recoletos, una de las zonas residenciales más demandadas. En este barrio destaca el denominado Triángulo de Oro, comprendido por las calles Génova, Almagro y Castellana. En el barrio de Almagro, destacan los numerosos palacetes, embajadas, galerías de arte y centros culturales conforman este elegante eje de la capital. Zona muy acogedora y tranquila donde se encuentran algunos de los establecimientos hosteleros más conocidos de Madrid. La zona dispone de una gran oferta educativa, con colegios concertados y privados. Además, es un área con mucho encanto para ir de compras destacando la proximidad al eje de Fuencarral y a la calle Serrano.  Hablar del Triángulo de Oro de Almagro (Castellana-Génova-Almagro) es hablar de exclusividad, prestigio y seguridad.  Álvora Capital Properties con más de 20 años de experiencia cuenta con un grupo de profesionales altamente cualificados con una amplia vocación de servicio, dedicados a asesorar a nuestros clientes en la gestión de inmuebles situados en las mejores zonas de Madrid. Visite nuestra web corporativa contamos con un gran porcentaje de inmuebles no publicados en los portales inmobiliarios.",False,good,False,True,12093.0,True,False,False,False,[],False,False,2600000.0,€,,,,flat,"Almagro, Madrid",Piso,,,,,
102729258,https://img4.idealista.com/blur/480_360_mq/0/id.pro.es.image.master/75/9d/17/1289602026.webp,2941,22,5,4095000.0,flat,sale,275.0,True,3,4,calle de Serrano,Madrid,Madrid,Barrio de Salamanca,es,Castellana,40.437215,-3.6857369,False,https://www.idealista.com/inmueble/102729258/,"Piso reformado en la prestigiosa calle de Serrano, en el Barrio de Salamanca.   Se encuentra en la quinta planta de un edificio de mediados del S. XX, con zonas comunes bien cuidadas, ascensor y servicio de portería.   La vivienda destaca por su luminosidad, gracias a que cuenta con un gran ventanal en el salón de suelo a techo que da paso a una terraza con vistas despejadas al Museo Lázaro Galdiano.   Tiene una superficie de 275m2, distribuidos en una diáfana zona social con salón-comedor, TV room y cocina italiana de la marca Modulnova integrada, diseñada para fusionarse con el espacio. Los electrodomésticos, de la marca Miele, se encuentran ocultos. Cuenta también con un aseo de cortesía.   La zona de noche consta de tres dormitorios en suite y mucho espacio de almacenamiento, gracias a sus armarios de suelo a techo.   Además, dispone de cuarto de lavado independiente y una plaza de garaje.   La vivienda se encuentra recién reformada y amueblada, lista para entrar a vivir. Las artes no están incluidas en el precio.  .",False,good,False,True,14891.0,True,False,False,False,[],False,False,4095000.0,€,,,,flat,"Castellana, Madrid",Piso en calle de Serrano,True,True,,,
109193247,https://img4.idealista.com/blur/480_360_mq/0/id.pro.es.image.master/25/b2/df/1367035116.webp,PZS17-25,28,3,930000.0,duplex,sale,185.0,True,5,3,calle Enrique Granados,Madrid,Pozuelo de Alarcón,Zona norte,es,Zona norte,40.4566697,-3.8117721,False,https://www.idealista.com/inmueble/109193247/,"¡HOGARES Pozuelo presenta en exclusiva este espectacular dúplex en urbanización privada – 5 habitaciones, terrazas y todas las comodidades! Te presentamos este magnífico dúplex ubicado en una cuidada urbanización, ideal para familias que buscan amplitud, confort y un entorno tranquilo. La vivienda se distribuye en dos plantas y ofrece espacios luminosos y bien aprovechados: Planta baja: Amplio salón-comedor con acceso directo a una agradable terraza, perfecta para disfrutar del aire libre. Cocina independiente, totalmente equipada con electrodomésticos de alta gama. Dos dormitorios, ideales como habitaciones de invitados, despacho o sala de juegos. Baño completo con bañera. Recibidor con armario gabanero, aportando espacio extra de almacenaje desde la entrada. Primera planta: Tres dormitorios, todos con salida a su propia terraza privada, lo que aporta luz natural y ventilación a cada estancia. Dormitorio principal en suite, con baño integrado y amplios armarios empotrados. Baño adicional para dar servicio al resto de habitaciones. La vivienda cuenta con excelentes calidades y una distribución muy cómoda, pensada para el día a día. Además de tener plaza de garaje y trastero para almacenamiento adicional.  No pierdas la oportunidad de vivir en un dúplex que lo tiene todo: espacio, terrazas, luz natural y ubicación privilegiada.",True,good,False,True,5027.0,False,False,False,False,[],False,False,930000.0,€,,,,flat,"Zona norte, Pozuelo de Alarcón",Dúplex en calle Enrique Granados,True,True,duplex,,
108239412,https://img4.idealista.com/blur/480_360_mq/0/id.pro.es.image.master/c2/31/23/1338116828.webp,TLC 3ºB,4,3,246500.0,flat,sale,76.0,True,1,1,"travesía de Los Curas, 7",Madrid,Torrejón de Ardoz,Noroeste,es,,40.4605833,-3.4787638,True,https://www.idealista.com/obra-nueva/108239412/,Edificio de 21 viviendas con trasteros y plaza de garaje (según vivienda) en el centro de Torrejón de Ardoz. Excelentes calidades.,False,,True,True,3243.0,True,False,False,False,[],False,False,246500.0,€,,,,flat,"Noroeste, Torrejón de Ardoz","Piso en travesía de Los Curas, 7",,,,False,
100874821,https://img4.idealista.com/blur/480_360_mq/0/id.pro.es.image.master/ab/d3/60/1149754204.webp,W-02ROQ5,29,,549000.0,chalet,sale,497.0,,6,4,Los Santos de la Humosa,Madrid,Los Santos de la Humosa,,es,,40.4990866,-3.2556148,False,https://www.idealista.com/inmueble/100874821/,"Magnifica casa de diseño en Santos de Humosa Engel & Völkers les invita a conocer este chalet exclusivo de los Santos de la Humosa. Se trata de una magnifica vivienda de 497m² construidos con grandes espacios diáfanos y piscina. Distribuida en dos plantas principales y planta baja diáfana: la planta noble con gran hall y un salón diferenciado en 2 ambientes, con salida al porche y al jardín privado. Cuenta con una preciosa cocina de diseño con isla, grandes ventanales y porche además de 1 baño completo y 2 dormitorios. En la planta primera encontramos 3 espaciosos dormitorios con 2 baños completos y magnífico dormitorio principal con baño en suite, vestidor y terraza. La planta baja alberga un gran espacio diáfano para diferentes ambientes con ventanas y puerta de acceso a la piscina y un amplio garaje con capacidad para 2 coches. La vivienda cuenta además con una espectacular piscina y zona de jardín con un fantástico porche ideal para eventos. Se trata de una vivienda exclusiva con acabados actuales y un especial cuidado en los detalles y la seguridad. Ubicada en una zona con las mejores vistas de los Santos de los Santos de la Humosa, es una casa que reúne todos los requisitos para los amantes de la comodidad el diseño y los espacios abiertos. Los Santos de la Humosa es el municipio más alto del Corredor del Henares. Está situado al este de la Comunidad de Madrid y cuenta con 2.542 habitantes, una extensión de 34,9 km². A 10 minutos de Alcalá de Henares y a 15 minutos de Guadalajara. Situado a poco más de 30 minutos de Madrid y con muy fácil acceso, te sorprenderá y cautivará por su naturaleza, sus espectaculares vistas panorámicas y miradores, y por su valioso patrimonio. Los Santos es conocido como el Balcón del Valle del Henares. Desde este municipio parten numerosas rutas de senderismo y ciclismo, que recorren enclaves naturales de gran valor. Disfrutarás de unas vistas panorámicas únicas. A 10 minutos de Alcalá de Henares donde cuenta con varios centros comerciales y de ocio tales como El corte Inglés, Cuadernillos y Alcampo. En cuanto a centros de salud tanto el hospital príncipe de Asturias y el centro de especialidades Francisco Diaz están a pocos Km. En los alrededores la zona ofrece varios centros educativos tanto públicos como privados y guardería.",True,good,False,,1105.0,False,False,True,False,[],False,False,549000.0,€,,,,chalet,Los Santos de la Humosa,Casa independiente,True,True,independantHouse,,
107848753,https://img4.idealista.com/blur/480_360_mq/0/id.pro.es.image.master/e0/f9/48/1326140490.webp,W-02ZEWD,44,,950000.0,chalet,sale,726.0,,6,4,Cerro Alarcón,Madrid,Valdemorillo,Cerro Alarcón,es,,40.4581143,-4.0912013,False,https://www.idealista.com/inmueble/107848753/,"Impresionante chalet con vistas Engel&Völkers presenta esta espectacular vivienda en urbanización privada, con seguridad 24 hrs, ubicada en un paraíso natural con ciervos, jabalíes, zorros y diversas aves. Una de las mejores propiedades de la urbanización por ubicación, construcción, diseño y vistas únicas. Dele a su familia la sensación de estar de vacaciones todo el año. Este chalet impresionante y exclusivo por su tamaño y sus impresionantes vistas es perfecto para una gran familia, dispone de 6 dormitorios muy amplios y varias zonas con gran amplitud para poder tener invitados en casa. La vivienda cuenta con un jardín impresionante, muy grande con una fantástica piscina y con un parque con vegetación milenaria, fuentes, esculturas y cascadas que le dan a la propiedad su estilo único. Dispone de todo tipo de arboles consolidados y de gran tamaño. Los espacios amplios son ideales para una familia numerosa. El piso principal, ubicado a nivel del suelo, es conveniente para personas mayores o, en general, para personas con dificultades de movilidad ya que no tienen desniveles ni escaleras. Esta propiedad dispone de una preciosa cocina de un color llamativo, pero que le da un toque moderno, además tiene un precioso comedor castellano muy amplio contiguo. Tiene cuatro amplios dormitorios, con sus armarios empotrados, unas vistas preciosa y dos baños completos.  Dispone de un impresionante salon tanto por su tamaño, como por su diseño, con una bonita chimenea donde poder descansar y disfrutar de la familia., todo conectado a una maravillosa terraza de 100 metros cuadrados que no te dejará indiferente, ya que las vistas son dificiles de describir, dada su magnitud y su belleza. En la parte superior dispone de otro dos grandes En dormitorios y un baño completo con jacuzzi. Este espacio es ideal para recreación o área de trabajo. Los huéspedes pueden disfrutar de la independencia con una salida autónoma. La planta subsuelo tiene cocina, comedor, sala, gimnasio y playroom. Garaje para hasta tres coches. A 40 minutos en autobús de la estación de Moncloa, esta espectacular villa se encuentra en el Cerro de Alarcón. Esta urbanización contiene el embalse de Cerro Alarcón y la presa abierta para el esquí acuático y otros deportes. Se accede por la carretera M600, pasando por Valdemorillo donde también hay todo tipo de locales comerciales, restaurantes, bares, colegios, gasolinera y centro de salud. La urbanización cuenta con seguridad, una pequeña tienda, restaurantes e increíbles vistas abiertas a las montañas.",False,good,False,,1309.0,False,False,False,False,[],False,False,950000.0,€,,,,chalet,"Cerro Alarcón, Valdemorillo",Casa independiente,True,True,independantHouse,,
108889455,https://img4.idealista.com/blur/480_360_mq/0/id.pro.es.image.master/83/77/5e/1358038936.webp,79708,17,1,2300000.0,flat,sale,132.0,True,3,3,Barrio Recoletos,Madrid,Madrid,Barrio de Salamanca,es,Recoletos,40.4259756,-3.6827936,False,https://www.idealista.com/inmueble/108889455/,"Álvora Capital Properties, estudio de arquitectura y consultora inmobiliaria de alta calidad en la gestión de activos prime en Madrid, les ofrece esta propiedad recién reformada, en pleno corazón del prestigioso barrio de Recoletos. Ubicada en una elegante finca clásica en una de las calles más emblemáticas de la zona, este piso destaca por sus altos techos y sus dos balcones a la calle. La propiedad destaca por sus techos altos y por los dos balcones que se abren a la calle, aportando carácter y luz a la zona de recibo. La vivienda ha sido completamente reformada y amueblada con materiales de calidad. Dispone de sistema de domótica y se organiza en torno a un amplio salón, comedor y cocina de concepto abierto. La zona privada alberga tres dormitorios y tres baños, dos de ellos en suite. El dormitorio principal incorpora vestidor. Situada en una finca clásica de gran presencia, en una de las vías más comerciales y dinámicas del Barrio de Salamanca, conocida por su combinación de elegancia residencial y oferta de boutiques, gastronomía y servicios. Contamos con propiedades similares en la misma zona, algunas de las cuales están disponibles exclusivamente en nuestra página web por solicitud de los propietarios, y otras se comercializan de forma confidencial en régimen off market. Si desea obtener más información o ver otros inmuebles, puede acceder a los enlaces adicionales al final del anuncio o contactar con nosotros a través de nuestros medios habituales o a través de nuestra página web.",False,good,False,True,17424.0,True,False,False,False,[],False,False,2300000.0,€,,,,flat,"Recoletos, Madrid",Piso,,,,,
109195879,https://img4.idealista.com/blur/480_360_mq/0/id.pro.es.image.master/e9/e2/cd/1367121321.webp,PIS_3899,37,1,430000.0,flat,sale,90.0,True,3,2,El Puerto,Madrid,Coslada,El Puerto,es,,40.4208131,-3.5678155,False,https://www.idealista.com/inmueble/109195879/,"VIVIENDA EN COSLADA (MADRID) BARRIO DEL PUERTO, 3 HABITACIONES, 2 BAÑOS, CON GARAJE Y TRASTERO DE ACCESO DIRECTO Y PISCINA CLIMATIZADA. CARASTERISTICAS: 90M2, 3 habitaciones, 2 baños completos (1 de ellos suite), cocina independiente amueblada y tendedero cerrado, salón de paso, ascensor, trastero, garaje de acceso directo, piscina climatizada, soleado, orientación (Oeste). CALIDADES: suelos/tarima, ventanas/ aluminio lacado en blanco, puertas/roble, pintura/gotelet, calefacción/Individual (caldera gas), aire acondicionado en salón, armarios/empotrados, fachada/ladrillo visto. ZONA: Ubicado en una zona con todo tipo de comercios y servicios. Magnífica comunicación, a escasos metros de la parada de autobús y a la parada de metro (Línea 7). Próximo a grandes vías de comunicación (M-45, A2, M21, M-30,. ). COMERCIALIZA: ""Reylank Propiedades"" es una empresa que desde su fundación hace más de 25 años está dedicada a la prestación de servicios de consultaría y mediación dentro del sector inmobiliario y financiero.",False,good,False,True,4778.0,True,False,False,False,[],False,False,430000.0,€,,,,flat,"El Puerto, Coslada",Piso,True,True,,,
108950262,https://img4.idealista.com/blur/480_360_mq/0/id.pro.es.image.master/d4/03/d6/1359839515.webp,W-02UGFT,50,4,695000.0,duplex,sale,259.0,True,4,3,Centro,Madrid,Villanueva del Pardillo,Centro,es,,40.4925257,-3.958672,False,https://www.idealista.com/inmueble/108950262/,"Espectacular Dúplex para entrar a vivir ENGEL&VOLKERS ofrece en exclusiva, este espectacular dúplex con todo lujo de detalles y listo para entrar. Se trata de una vivienda llena de luz, muy acogedora y amplias estancias que ofrece todas las comodidades necesarias para disfrutar de un estilo de vida único. Entrando por una moderna puerta blindada con el interior en negro nos encontramos de frente con una bonita cocina, totalmente equipada con mucho detalle que incluye un frigorífico americano, una nevera para bebidas y otra para vinos y salida directa a la gran terraza de la vivienda. A la derecha según entramos, nos situamos en el salón-comedor, decorado con exquisito gusto, en tonos neutros con su espacio para estar y su zona de comedor con salida también directa a la gran terraza de aproximadamente 25m2. Al fondo de la planta, llegamos a un baño completo y a una habitación que puede ser tanto dormitorio como cuarto de estar, que incluye armarios empotrados. En la planta de arriba se sitúa toda la zona de descanso con dos amplios dormitorios secundarios dobles y un bonito y amplio cuarto de baño completo. El espléndido dormitorios principal, además de dos armarios al entrar y a cada lado, cuenta también con toda una pared de armarios de doble fondo a modo de vestidor con puertas de espejos que le añade un toque de mayor amplitud todavia. Además la vivienda cuenta también con otro armario más en el pasillo. Esta bonita vivienda, está dentro de una urbanización, muy cuidada con piscina y parque infantil. Se incluye en el precio de venta un trastero y una plaza de garaje de buen tamaño. Posibilidad de adquirir una segunda plaza de garaje también muy amplia no incluida en el precio. Toda la casa tiene muchísima luz y está situada muy estratégicamente casi a la entrada de Villanueva del Pardillo, muy cerca de zona de ocio y de comercio. Villanueva del Pardillo es una localidad de la Comunidad de Madrid en la zona Noroeste, Oeste de Madrid y a solo 26 km.  Situada en la cuenca del Guadarrama, y limítrofe con Las Rozas, Majadahonda y muy cerca de Villanueva de la Cañada, Galapagar o Valdemorillo. Cuenta con muy buena oferta de colegios públicos como de prestigiosos colegios privados. En cuanto a la comunicación con otras localidades cuenta con varias líneas de bus y además a través de la M503, M509 o M851, que lo comunican tanto con la capital, como con las localidades próximas. Situado muy cerca del prestigioso Hospital Puerta de Hierro en ámbito público, o de privados como El HM Torrelodones.",False,good,False,True,2683.0,False,False,False,False,[],False,False,695000.0,€,,,,flat,"Centro, Villanueva del Pardillo",Dúplex,True,True,duplex,,
109125168,https://img4.idealista.com/blur/480_360_mq/0/id.pro.es.image.master/5d/49/0b/1365072355.webp,3790363a-7bbd-4cae-a822-bf96c5d451d9,5,1,340000.0,flat,sale,133.0,True,3,2,calle Somorrostro,Madrid,San Fernando de Henares,Parque Roma - Coronas,es,,40.4159796,-3.5234442,False,https://www.idealista.com/inmueble/109125168/,"Actualmente alquilado, disponible en un año. Descubre este espacioso piso de 133 m² construidos en San Fernando de Henares, ideal para familias que buscan comodidad y funcionalidad.  Las fotografías de la propiedad serán publicadas próximamente. Construido en el año 2000, el inmueble está en buenas condiciones y cuenta con 3 dormitorios, 2 baños y una cocina equipada. Disfruta de las vistas exteriores y la comodidad de tener aire acondicionado, bomba de calor y calefacción a gas.  Los armarios empotrados ofrecen amplio almacenamiento, complementado por un trastero. El edificio dispone de ascensor para tu conveniencia. Además, cuenta con una plaza de aparcamiento, una ventaja significativa en esta zona. Este piso es una oportunidad única para aquellos que valoran el espacio y la practicidad.  Para más información, contacta a Cristian. ¡No dejes pasar esta oportunidad de adquirir tu nuevo hogar!",False,good,False,True,2556.0,False,False,False,False,[],False,False,340000.0,€,,,,flat,"Parque Roma - Coronas, San Fernando de Henares",Piso en calle Somorrostro,True,True,,,
108925887,https://img4.idealista.com/blur/480_360_mq/0/id.pro.es.image.master/e7/c2/47/1359142001.webp,TPJF,23,1,640000.0,flat,sale,66.0,True,1,1,"calle de Javier Ferrero, 1",Madrid,Madrid,Chamartín,es,Ciudad Jardín,40.4482865,-3.6713984,True,https://www.idealista.com/inmueble/108925887/,"TuKsa Premium Real Estate ofrece en venta apartamento en Caledonian Javier Ferrero, un complejo residencial diseñado por Marcio Kogan y su Studio MK27 está compuesto por tres edificios que acercan a las zonas céntricas de la ciudad un estilo de vida relajado y cómodo. Ofrecemos un apartamento de un dormitorio con trastero y plaza de garaje incluido en el precio.  Los amenities que acompañan cada una de estas viviendas en venta en Madrid acercan la vida del centro de la ciudad a las comodidades propias de un resort, transformando el día a día en una experiencia de confort única. Desde el SPA de 350 m2 y el gimnasio hasta las zonas ajardinadas, la piscina exterior o cualquiera de las muchas comodidades que acompañan las zonas comunes, estas residencias en Madrid están diseñadas con todas las indulgencias para un estilo de vida de bienestar. Un oasis privado en pleno corazón urbano. Esta promoción de pisos en Madrid ofrece todos los conforts de un hotel de lujo en tu propio hogar. Desde las acogedoras áreas comunes del lobby, los jardines o el gran salón con chimenea, biblioteca y zona de estar, hasta un sistema cerrado de seguridad 24h con diferentes sistemas tecnológicos y biométricos y un servicio de lavandería a cargo de la comunidad. Caledonian Javier Ferrero se encuentra en el distrito de Chamartín, cerca del barrio de Prosperidad, una de las áreas con mayor proyección de la ciudad. Esta promoción inmobiliaria en Madrid se sitúa en un barrio joven y en pleno proceso de revalorización, a solo cinco minutos del Santiago Bernabéu. Una zona céntrica, pero con toda la privacidad, la tranquilidad y los servicios de las grandes urbanizaciones de la capital.",True,good,False,True,9697.0,True,False,False,False,[],False,False,640000.0,€,,,,flat,"Ciudad Jardín, Madrid","Piso en calle de Javier Ferrero, 1",True,True,,,
108129744,https://img4.idealista.com/blur/480_360_mq/0/id.pro.es.image.master/d6/20/ab/1351390558.webp,3090,38,3,5190000.0,flat,sale,305.0,True,4,5,Barrio Castellana,Madrid,Madrid,Barrio de Salamanca,es,Castellana,40.4310917,-3.6827539,False,https://www.idealista.com/inmueble/108129744/,"Álvora Capital Properties, estudio de arquitectura y consultora inmobiliaria de alta calidad en la gestión de activos prime en Madrid, les ofrece esta luminosa propiedad presenta esta exclusiva propiedad, ubicada en pleno Milla de Oro del Barrio de Salamanca. La zona social de la vivienda se compone de un espacioso salón-comedor con acceso directo a una terraza de 22m². La cocina, abierta al salón, ofrece la posibilidad de independizarse mediante elegantes puertas acristaladas, adaptándose a las necesidades de cada ocasión. La zona de descanso alberga cuatro dormitorios, todos ellos con baño en suite. El dormitorio principal destaca por su amplio espacio de armarios y acceso a una terraza privada de 10m². Dos de los dormitorios adicionales cuenta también con una terraza de 5m², compartiendo un espacio exterior adicional. Además, la vivienda dispone de un aseo de cortesía. Esta estupenda finca dispone de servicio de portería, plaza de garaje en la misma finca y un trastero. El portal dispone de acceso adaptado para personas con movilidad reducida. Contamos con propiedades similares en la misma zona, algunas de las cuales están disponibles exclusivamente en nuestra página web por solicitud de los propietarios, y otras se comercializan de forma confidencial en régimen off market. Si desea obtener más información o ver otros inmuebles, puede acceder a los enlaces adicionales al final del anuncio o contactar con nosotros a través de nuestros medios habituales o a través de nuestra página web, "".",False,good,False,True,17016.0,True,False,False,False,[],False,False,5190000.0,€,,,,flat,"Castellana, Madrid",Piso,True,True,,,
108153534,https://img4.idealista.com/blur/480_360_mq/0/id.pro.es.image.master/ff/81/71/1335459208.webp,W-0300C5,19,1,350000.0,flat,sale,53.0,True,1,1,Barrio Imperial,Madrid,Madrid,Arganzuela,es,Imperial,40.4058577,-3.7126031,False,https://www.idealista.com/inmueble/108153534/,"Apartamento en Calle Toledo, Madrid Rio Bienvenido a un exclusivo apartamento en el corazón de Madrid, una joya de 53 metros cuadrados que redefine el concepto de vida urbana.  Construido en 1982, este espacio ofrece un ambiente acogedor y sofisticado, ideal para quienes buscan un refugio en una de las ciudades más vibrantes de Europa. Se vende estudio luminoso para actualizar en una de las mejores zonas de [nombre del barrio o ciudad]. Ideal para quienes buscan personalizar su espacio o invertir en una propiedad con alto potencial de revalorización. Ubicado en una finca tranquila y bien comunicada, este estudio ofrece: Espacio diáfano con muchas posibilidades de redistribución Cocina independiente / Kitchenette (según sea el caso) Baño completo Grandes ventanales que aportan luz natural Excelente conectividad y todos los servicios a pocos pasos Perfecto para una primera vivienda, despacho profesional o como inversión para alquiler. ¡No dejes pasar esta oportunidad de vivir o invertir en una de las zonas más demandadas! Contáctanos para más información o para agendar una visita. Ubicada en el corazón del histórico barrio de Arganzuela, en Madrid, la propiedad ofrece una experiencia de vida inigualable en una de las zonas más vibrantes y codiciadas de la ciudad.  El piso está situado a unos minutos de Puerta de Toledo, es un piso céntrico sin los agobios propios de la almendra central de la ciudad. Estamos a escasos minutos de Madrid Rio y es una zona ya consolidada y cuenta con todos los servicios. El barrio dispone de una amplia red de autobuses que conectan tanto con el centro como con la periferia, así como metro en Puerta de Toledo. Si preferimos utilizar nuestro coche, hay una salida a la M-30 a pocos minutos. La zona cuenta con colegios, consultorios, supermercados, pequeñas tiendas, así como restaurantes y cafeterías.",False,good,False,True,6604.0,False,False,False,False,[],False,False,350000.0,€,,,,flat,"Imperial, Madrid",Piso,True,False,,,25000.0
107615001,https://img4.idealista.com/blur/480_360_mq/0/id.pro.es.image.master/2d/00/dc/1326482504.webp,L-MNAWJO8,31,3,970000.0,flat,sale,127.0,True,2,2,"calle de Hortaleza, 9",Madrid,Madrid,Centro,es,Chueca-Justicia,40.4207946,-3.7008571,True,https://www.idealista.com/inmueble/107615001/,"VIVIENDA PARA REFORMAR Evernest presenta esta exclusiva propiedad exterior, situada en la tercera planta de un edificio clásico de 1900 en el prestigioso barrio de Justicia. Su privilegiada orientación este garantiza una excelente entrada de luz natural, aportando calidez y amplitud a cada estancia y realzando el encanto arquitectónico de la vivienda. El salón principal, uno de los espacios más destacados de la propiedad, cuenta con dos amplios balcones a la calle, que no solo proporcionan una gran luminosidad y ventilación, sino que también ofrecen vistas despejadas y una conexión única con la vibrante vida del barrio. Sus techos altos y su distribución abierta hacen de este espacio un lienzo perfecto para una reforma personalizada. La vivienda se encuentra para reformar, lo que brinda al futuro propietario la oportunidad de diseñar un espacio totalmente a medida, adaptado a sus necesidades y estilo de vida. Su versatilidad permite su uso tanto como vivienda de lujo como despacho profesional u oficina, convirtiéndola en una opción muy atractiva tanto para quienes buscan un hogar con personalidad como para inversores interesados en una de las zonas más demandadas de Madrid. Ubicada en el corazón de Justicia, esta vivienda se encuentra en un entorno excepcional, rodeada de una oferta inigualable de restaurantes, boutiques de diseño, galerías de arte y espacios culturales. A pocos minutos de la Gran Vía y del barrio de Salesas, su localización permite disfrutar de lo mejor de la ciudad con la tranquilidad y el encanto de un barrio con identidad propia. No pierda la oportunidad de crear un espacio único en un enclave privilegiado. Contáctenos para más información o para concertar una visita.",True,renew,False,True,7638.0,True,False,False,False,[],False,False,970000.0,€,,,,flat,"Chueca-Justicia, Madrid","Piso en calle de Hortaleza, 9",,,,,
108793948,https://img4.idealista.com/blur/480_360_mq/0/id.pro.es.image.master/3a/d1/03/1355315757.webp,BNJJ4,78,,1650000.0,chalet,sale,320.0,,8,5,Barrio Palomas,Madrid,Madrid,Hortaleza,es,Palomas,40.4515566,-3.619965,False,https://www.idealista.com/inmueble/108793948/,"Belton Real Estate presenta magnífico chalet exterior de 320 metros cuadrados, distribuido en tres plantas, que destaca por su gran luminosidad. La propiedad cuenta con un jardín de 114 metros cuadrados y fue totalmente reformado en 2019, ofreciendo un espacio moderno y funcional en la zona de La Piovera. La distribución en la planta -1, se compone de un garaje, una habitación dedicada a plancha y lavado, un baño completo, un salón de estar y cine 3D, y una práctica alacena. En la planta baja, un dormitorio versátil, un baño de cortesía, y una amplia cocina equipada con comedor e isla central. salón principal con chimenea y distintas zonas diferenciadas para comedor y tertulia. Y en la primera planta, el diseño, ofrece dos áreas aisladas: a la izquierda, dos dormitorios principales, cada uno con su propio vestidor y baño completo (uno de ellos con bañera de hidromasaje); y a la derecha, tres dormitorios adicionales, uno de los cuales se ha habilitado como un cómodo salón, compartiendo un baño completo. Este inmueble se encuentra en una urbanización exclusiva de pocos chalets, lo que garantiza un ambiente tranquilo y familiar. La comunidad ofrece una atractiva piscina. Además, la propiedad incluye garaje propio y un completo sistema de seguridad Situado en la La Piovera, este chalet goza de una ubicación inmejorable. Cuenta con excelentes conexiones de transporte, proximidad a una variada oferta de servicios, colegios de prestigio y abundantes zonas verdes, convirtiéndola en un lugar ideal para quienes buscan calidad de vida, tranquilidad y confort en Madrid.",False,good,False,,5156.0,True,False,False,False,[],False,False,1650000.0,€,,,,chalet,"Palomas, Madrid",Chalet adosado,True,True,terracedHouse,,
106039199,https://img4.idealista.com/blur/480_360_mq/0/id.pro.es.image.master/af/90/e2/1278267603.webp,3868,22,6,3500000.0,penthouse,sale,272.0,True,4,4,Barrio Castellana,Madrid,Madrid,Barrio de Salamanca,es,Castellana,40.4328134,-3.6832788,False,https://www.idealista.com/inmueble/106039199/,"Magnífico y espacioso ático de 272m² construidos con terraza de 15m² con magníficas vistas a los jardines de un palacete, situado en un estupendo edificio representativo de 6 alturas. Se encuentra en una zona muy privilegiada del Barrio de Salamanca, rodeada de palacetes, jardines y bulevares y  pegado al epicentro de las tiendas de máximo lujo y la zona más exclusiva de la capital. La casa, al ser el último piso, disfruta de una maravillosa luz durante todo el día. La distribución es excelente, cuenta con un espacioso hall de entrada dando acceso al coqueto salón distribuido en dos ambientes desde el cual, se accede a la terraza. Contiguamente, se encuentra el comedor independiente. Ambas estancias disfrutan de las maravillosas vistas que esta vivienda nos ofrece. A continuación, se encuentra la cocina con office y lavadero, pasillo distribuidor desde el cual se accede a la zona de descanso compuesta por dormitorio principal en suite con zona de armarios, dos dormitorios dobles de familia con baño en el pasillo y un cuarto dormitorio en suite. Este último dormitorio, se podría dar un acceso directo desde la cocina, pudiendo habilitarlo como dormitorio de servicio con baño incorporado. Destacar, la luminosidad de los tres dormitorios principales por su excelente orientación sur.  Posibilidad de alquilar plazas de garaje en el propio edificio o en edificios cercanos.",False,renew,False,True,12868.0,True,False,False,False,[],False,False,3500000.0,€,,,,flat,"Castellana, Madrid",Ático,True,False,penthouse,,
108602382,https://img4.idealista.com/blur/480_360_mq/0/id.pro.es.image.master/bb/89/15/1349688170.webp,DS-P33093B,11,2,1499000.0,flat,sale,110.0,True,2,3,calle del General Arrando,Madrid,Madrid,Chamberí,es,Almagro,40.4325178,-3.6945194,False,https://www.idealista.com/inmueble/108602382/,"Clasicismo en Almagro a estrenar DIZA Consultores les presenta este fantástico piso de diseño en una de las mejores calles de Almagro. En la segunda planta, encontramos este señorial y elegante piso de 110 m2. La vivienda destaca por sus amplios espacios, ya que la zona social, con 2 balcones a la calle, está distribuida en un gran salón comedor con cocina integrada y totalmente equipada, y un baño que cumpliría la función de aseo de visitas. La zona de descanso también goza de espacios muy amplios, ya que tiene 2 habitaciones con 2 baños en suite. El edificio cuenta con calefacción central y portero. La ubicación del inmueble es inmejorable, a un paso del Paseo de la Castellana y de los mejores restaurantes y tiendas de la ciudad. La zona de Chamberí se trata de una de las zonas con mejor calidad de vida de Europa. Gracias a la amplia oferta gastronómica, cultural y comercial, se trata de una formidable zona donde vivir e invertir. Estaremos encantados de atenderle. DIZA Consultores Inmobiliarios. Inmobiliaria de lujo en Madrid especializada en comprar, vender y alquilar pisos en las zonas premium de Madrid: Barrio de Salamanca, Almagro, Chamartín, Retiro, Pozuelo, Aravaca, Boadilla… Convertimos Sueños en Hogares.",False,good,False,True,13627.0,False,False,False,False,[],False,False,1499000.0,€,,,,flat,"Almagro, Madrid",Piso en calle del General Arrando,,,,,
106030646,https://img4.idealista.com/blur/480_360_mq/0/id.pro.es.image.master/cc/23/15/1341583690.webp,06503,35,,702500.0,chalet,sale,205.0,,5,3,Villalba Pueblo,Madrid,Collado Villalba,Villalba Pueblo,es,,40.6432874,-3.9952076,False,https://www.idealista.com/inmueble/106030646/,"Residencial Puerta de Villalba es una exclusiva promoción de obra nueva, de 10 viviendas unifamiliares pareadas con jardín, zonas comunes y piscina comunitaria. DISTRIBUCIÓN Todas las viviendas están distribuidas en tres plantas, un planteamiento cómodo y racional para todo tipo de familias. En la planta baja se encuentra un dormitorio, baño, zona de lavandería, cocina con salida al jardín, totalmente amueblada y equipada con los electrodomésticos básicos. Un espacioso salón comedor que tienen acceso al porche y al jardín.  En la planta primera se encuentran tres dormitorios con armarios empotrados y el dormitorio principal, que cuenta con vestidor propio, terraza y baño en suite.  En la planta bajo cubierta hay un espacio diáfano polivalente, muy luminoso y amplio.  CALIDADES Todas las estancias cuentan con grandes ventanales con carpintería con rotura de puente térmico. La calefacción de suelo radiante-refrescante con sistema de aerotermia, con apoyo de placas solares, ofreciendo una calificación energética “A. Los acabados son de alta calidad y detalles cuidados al máximo, ”, con el objetivo de alcanzar el mayor confort de las personas. ¡Convierte este bonito chalet, en tu próxima vivienda!  IMPORTANTE SABER QUE la licencia de Obras está concedida y las obras comienzan ya!  UBICACION Se encuentra en un enclave privilegiado, en la zona de Villalba Pueblo, capital de la Sierra Noroeste, que cuenta con todos los servicios a su alcance, transporte público, restaurantes, farmacias, colegios… y a un paso de la sierra con toda la naturaleza y el aire puro a tu alcance. ¡No dejes pasar esta oportunidad única y contáctanos para más información! Tu nuevo hogar te está esperando en Collado Villalba. Las imágenes y planos que aparecen en el anuncio están sujetos a las modificaciones necesarias a requerimientos municipales y exigencias administrativas, legales, jurídicas o técnicas que juzgue conveniente la dirección facultativa.",False,good,False,,3427.0,True,False,False,False,[],False,False,702500.0,€,,,,chalet,"Villalba Pueblo, Collado Villalba",Chalet pareado,True,True,semidetachedHouse,,
107940527,https://img4.idealista.com/blur/480_360_mq/0/id.pro.es.image.master/97/ac/99/1328949341.webp,UNI2623,42,1,1650000.0,flat,sale,218.0,True,5,4,calle de Fuencarral,Madrid,Madrid,Centro,es,Chueca-Justicia,40.4289215,-3.7009871,False,https://www.idealista.com/inmueble/107940527/,"GLOBALPISO MALASAÑA VENDE Vivir a lo grande en Chueca: 4 balcones exteriores, 5 habitaciones, 4 baños, 2 cocinas, 2 amplios salones… y mucho estilo. En el corazón palpitante de Madrid, entre calles llenas de vida, diseño y cultura, te espera una propiedad tan única como versátil. Ideal para grandes familias, inversores o quienes sueñan con espacios amplios y luminosos en una ubicación inmejorable. **Además, los estatutos de la comunidad de propietarios permiten la segregación de la vivienda, brindando aún más posibilidades para adaptar el espacio a tus necesidades**  DETALLES QUE ENAMORAN: * 4 balcones exteriores que inundan de luz natural cada rincón. * 5 habitaciones, cada una con su carácter propio. * 4 baños, pensados para la comodidad y privacidad. * 2 cocinas, perfectas para una vivienda compartida, uso turístico, estudiantes o doble funcionalidad. * 2 amplios salones. Todo ello en una finca con historia, donde lo clásico y lo moderno se abrazan con estilo. UBICACIÓN PREMIUM: CHUECA – JUSTICIA ITE: Favorable. Elegancia urbana, vida cosmopolita y alma bohemia. Boutiques de diseño, galerías de arte, terrazas con encanto y una energía única que solo Chueca sabe ofrecer. Un entorno vibrante donde todo lo que imaginas está a solo unos pasos. CONECTADO CON TODO: Tribunal (L1 y L10) Bilbao (L1 y L4) Alonso Martínez (L4, L5 y L10) Rodeado de comercios, gastronomía de autor, espacios culturales y servicios para cada estilo de vida. GASTOS: Comunidad: 250€, mensuales. IBI: 1300€, anuales.  ¿Quieres conocerlo? Te invitamos a vivirlo. Porque este no es un piso más. Es una oportunidad para crear hogar, inversión o ambas. *Globalpiso nunca solicitará documentación ni dinero sin haber realizado antes una visita a la vivienda. *Ofrecemos financiación del 100% a través de nuestro departamento financiero, H2b Hipotecas. La aprobación de la financiación está sujeta a las condiciones de la entidad financiera y se evaluará el perfil y solvencia del cliente. *De conformidad con el Artículo 6 del RD 515/1989, de 21 de abril, informamos a los clientes que los gastos notariales, registrales, Impuesto de Transmisiones Patrimoniales (I. T. P. ) gastos financieros e intermediación inmobiliaria y otros gastos inherentes a la compraventa no están incluidos en el precio de venta de la vivienda. ""Se cumplen todos los requisitos y derechos referidos en la Ley 12/2023 por el Derecho a la Vivienda"".",True,good,False,True,7569.0,True,False,True,False,[],False,False,1650000.0,€,,,,flat,"Chueca-Justicia, Madrid",Piso en calle de Fuencarral,,,,,
1472266,https://img4.idealista.com/blur/480_360_mq/0/id.pro.es.image.master/88/96/5a/16302276.webp,1836705,34,2,305000.0,duplex,sale,129.0,True,3,2,"calle Encomienda, 4",Madrid,Alcalá de Henares,Juan de Austria,es,,40.4852702,-3.3599568,True,https://www.idealista.com/inmueble/1472266/,"¡Descubre la oportunidad que estabas esperando en el corazón de Alcalá!  Este espectacular dúplex seminuevo te ofrece el equilibrio perfecto entre comodidad y estilo. Con un total de 129 m² construidos, este inmueble se distribuye en dos plantas que maximizan el espacio y la luminosidad.  En la planta baja, un amplio salón te da la bienvenida, adornado con varias balconeras que inundan de luz natural cada rincón. La cocina amueblada. Además, cuenta con un acogedor dormitorio que tiene acceso a un balcón que da a la calle, perfecto para disfrutar del ambiente urbano. Un baño amplio con ventana y un pequeño trastero completan esta planta. Subiendo a la planta alta, encontrarás dos dormitorios abuhardillados llenos de encanto. Uno de ellos cuenta con una terraza independiente, ideal para relajarse al aire libre, y un armario empotrado que optimiza el espacio. También hay un baño secundario que proporciona comodidad adicional.  La finca dispone de ascensor, lo que facilita el acceso a todas las plantas. Este dúplex es una excelente opción para quienes buscan un hogar en una ubicación privilegiada. ¡No pierdas la oportunidad de visitarlo!",True,renew,False,True,2364.0,False,False,False,False,[],False,False,305000.0,€,,,,flat,"Juan de Austria, Alcalá de Henares","Dúplex en calle Encomienda, 4",,,duplex,,
108797519,https://img4.idealista.com/blur/480_360_mq/0/id.pro.es.image.master/df/a4/4c/1355426014.webp,108797519,19,4,110000.0,flat,sale,72.0,True,2,1,CL FUENTEBELLA,Madrid,Parla,Fuentebella-San Felix-El Leguario,es,,40.2310879,-3.7732084,False,https://www.idealista.com/inmueble/108797519/,"OPORTUNIDAD INMUEBLE SIN POSESIÓN, NO SE PUEDE VISITAR. PROPIO PARA INVERSORES O VECINOS QUE CONOZCAN EL INMUEBLE. Piso Exterior en Carabanchel, situado en un entorno dotado de todo tipo de comercios, colegios y servicios asistenciales. A sólo 5 minutos del metro, además de varias líneas de autobús. Se encuentra en planta semisótano y consta de salón, dos dormitorios, cocina independiente, lavadero y patio mancomunado. Una vivienda para actualizar a su gusto.",False,renew,False,False,1528.0,False,False,False,False,[],False,False,110000.0,€,165000.0,55000.0,33.0,flat,"Fuentebella-San Felix-El Leguario, Parla",Piso en CL Fuentebella,,,,,
107885655,https://img4.idealista.com/blur/480_360_mq/0/id.pro.es.image.master/28/9d/15/1351117631.webp,V02 ,14,,1255000.0,chalet,sale,199.0,,4,3,"calle Cerro de la Curia, 1",Madrid,Las Rozas de Madrid,Rozas Centro,es,El Caño - Maracaibo,40.49644,-3.87685,True,https://www.idealista.com/obra-nueva/107885655/,"Hacienda Las Rozas es un exclusivo proyecto compuesto de 12 chalets pareados localizado en una de las zonas más privilegiadas de Las Rozas, Madrid. Cada vivienda cuenta con jardín, piscina privada, luminosas y amplias estancias para disfrutarlas con la familia y amigos.",False,newdevelopment,True,,6307.0,True,False,False,False,[],False,False,1255000.0,€,,,,chalet,"El Caño - Maracaibo, Las Rozas de Madrid","Chalet pareado en calle Cerro de la Curia, 1",True,True,semidetachedHouse,False,
108304479,https://img4.idealista.com/blur/480_360_mq/0/id.pro.es.image.master/dc/a8/a1/1340117694.webp,La chopera independiente,50,,1100000.0,chalet,sale,360.0,,6,4,calle Valero,Madrid,Las Rozas de Madrid,La Chopera,es,La Chopera,40.5097538,-3.9062397,False,https://www.idealista.com/inmueble/108304479/,"VIVE LA EXCLUSIVIDAD EN LA CHOPERA – CHALET INDEPENDIENTE CON PISCINA CLN Real Estate te presenta una oportunidad única en La Chopera, una de las zonas más codiciadas de Las Rozas de Madrid: Un chalet independiente de 358 m² construidos sobre una parcela de 1.280 m², diseñado para quienes buscan espacio, privacidad y calidad de vida… sin comisiones de venta al comprador. � Ubicación premium en una urbanización consolidada, rodeada de naturaleza y con excelente comunicación. � Compra directa con CLN Real Estate, sin intermediarios ni comisiones. Tú eliges, tú ganas. ✨ Características destacadas: 2 plantas de amplitud y confort 6 habitaciones con armarios empotrados 4 baños que esperan ser renovados a tu estilo Amplio salón con salida a terraza y balcones (4 en total) Garaje privado y trastero incluido Piscina privada para disfrutar los veranos sin salir de casa Jardín con enorme potencial paisajístico Sistema de calefacción por gasoil Este inmueble se presenta como segunda mano y para reformar, lo que te permite personalizar cada rincón y convertirlo en la casa de tus sueños, en un entorno tranquilo y exclusivo. � Una casa con alma, un lienzo para tu proyecto de vida. Contáctanos hoy y agenda tu visita. CLN Real Estate – Calidad sin comisiones.",False,renew,False,,3056.0,True,False,False,False,[],False,False,1100000.0,€,1200000.0,100000.0,8.0,chalet,"La Chopera, Las Rozas de Madrid",Casa independiente en calle Valero,True,True,independantHouse,,
107939172,https://img4.idealista.com/blur/480_360_mq/0/id.pro.es.image.master/25/c5/5c/1335517380.webp,07255,68,,2000000.0,chalet,sale,338.0,,4,5,Barrio Valdezarza,Madrid,Madrid,Moncloa,es,Valdezarza,40.4720093,-3.7232132,False,https://www.idealista.com/inmueble/107939172/,"Vivienda unifamiliar passivhaus en Madrid. ESTE CHALET ES ESPECIAL PORQUE: La vivienda se ha construido bajo los estándares passivhaus, ¿qué significa eso?: que es una vivienda con consumo casi nulo, es decir, que los consumos energéticos son mínimos y el grado de confort es excelente. ES IMPORTANTE SABER QUE: El consumo energético de la vivienda es casi nulo, que se traslada en recibos de suministro eléctrico ridículos para los niveles de confort que se disfruta. CARACTERÍSTICAS Y DISTRIBUCIÓN: La vivienda se distribuye en planta baja con salón, cocina, dormitorio con baño en suite, y aseo de cortesía. Planta primera con dos dormitorios con terraza comunicada, baño y zona de estudio/juego con terraza. En la planta sótano se encuentra una sala multiusos y un baño, así como el cuarto de instalaciones, acceso al garaje y trastero. Todo la parcela dispone de zonas exteriores estudiadas para el recreo y disfrute de los usuarios. Desde el salón se dispone de un porche con pergola orientado al sur, desde la cocina se tiene una amplia terraza para las comidas y cenas, y en el sótano hay un patio con acceso directo desde la calle, que dota al espacio inferior de una flexibilidad de uso pudiendo convertirlo en oficinas o espacio de trabajo. CALIDADES E INSTALACIONES: La construcción del inmueble está realizado con un extra de aislamiento en su envolvente que garantiza pocas diferencias térmicas tanto en verano como en invierno, cerramientos de PVC de altas prestaciones con vidrios definidos según su orientación, ventilación interior (Zendher) del edificio controlada junto con un sistema de aerotermia (Panasonic) con techo radiante (Zendher) refrescante, y el diseño de la vivienda se hizo considerando la orientación de la misma para que los aportes de radiación sean los óptimos tanto en verano como en invierno. La vivienda cuenta con 11 placas fotovoltaicas e inversor Fronius. PUBLICACIONES SOBRE LA VIVIENDA:   Son todo bondades en esta vivienda donde los beneficios de su diseño, y por ello es Vivienda Certificada por el Instituto Passivhaus. Es una vivienda unifamiliar dentro de la M30 COMUNICACIONES Y SERVICIOS: La zona donde se encuentra la vivienda, es dentro del distrito de Moncloa, colindante a la exclusiva zona de Puerta de Hierro  Dispone del metro de Antonio Machado a 5 min a pié. Varias líneas de autobuses que comunica directamente con Arroyofresno, La Paz, Moncloa… A la Dehesa de la Villa, se llega paseando y a El Pardo, en un breve trayecto en coche. Cuenta con oferta educativa tanto pública como concertada, así como acceso a la Complutense y el CEU andando o en metro.",False,good,False,,5917.0,True,False,False,False,[],False,False,2000000.0,€,,,,chalet,"Valdezarza, Madrid",Casa independiente,True,True,independantHouse,,
100458501,https://img4.idealista.com/blur/480_360_mq/0/id.pro.es.image.master/3e/e9/a9/1087297491.webp,2398,20,2,1335000.0,penthouse,sale,291.0,True,3,3,calle del Carril de los Caleros,Madrid,Madrid,Moncloa,es,Aravaca,40.4596664,-3.7968938,False,https://www.idealista.com/inmueble/100458501/,"Impresionante piso de 290 M2, de 2020 con mucha luz y excelentes calidades. La vivienda se distribuye en hall de entrada con gabanero, aseo de invitados, amplio salón-comedor, amplia cocina con isla central y office, y tendedero. Cuenta con 3 dormitorios, el principal en suite y un baño completo que comparten los otros dos dormitorios. La terraza tiene 132m2 y rodea toda la vivienda. Incluye además dos plazas de garaje y un trastero. El sistema de calefacción es por suelo radiante regulable en cada estancia, aire acondicionado central regulable por habitación, domótica, alarma, puerta blindada, suelos de madera de roble claro, carpintería interior aluminio lacado en blanco. Excelente ubicación en zona del Barrial. Dispone de un rápido acceso a M-40 y A-6. Aravaca te permite vivir en la periferia estando a la vez muy próximo a Madrid por estar perfectamente comunicada. Lo cual hace de ella un lugar ideal para vivir y una inversión que seguro será rentable. Agencia boutique Level Real Estata.",True,good,False,True,4588.0,True,False,False,False,[],False,False,1335000.0,€,,,,flat,"Aravaca, Madrid",Ático en calle del Carril de los Caleros,True,True,penthouse,,
108452888,https://img4.idealista.com/blur/480_360_mq/0/id.pro.es.image.master/44/12/69/1345834515.webp,,40,3,880000.0,flat,sale,148.0,True,4,2,paseo de la Chopera,Madrid,Alcobendas,Norte,es,,40.5457158,-3.6533443,False,https://www.idealista.com/inmueble/108452888/,"Descubre este amplio y luminoso piso de 4 dormitorios y 2 baños, ubicado en una de las urbanizaciones más completas y tranquilas de Alcobendas. Una vivienda ideal para familias que buscan comodidad, calidad de vida y espacios bien cuidados. La distribución es perfecta: salón espacioso con una gran terraza desde la que disfrutar las impresionantes vistas de Madrid, cocina independiente con tendedero.  El piso ha sido recientemente actualizado, con paredes lisas en tonos claros, lo que aporta una sensación de amplitud y luz en cada rincón. Se encuentra en un estado de conservación excelente: listo para entrar a vivir. Además, incluye plaza de garaje y trastero, para que no te falte espacio ni comodidad. La urbanización ofrece todo lo que necesitas para disfrutar sin salir de casa: � Piscina comunitaria � Pista de pádel � Zona ajardinada � Espacio infantil Un entorno seguro, familiar y muy bien comunicado, cerca de colegios, servicios, transporte y zonas verdes. Ven a verlo. Te encantará.",True,good,False,True,5946.0,True,False,False,False,[],False,False,880000.0,€,900000.0,20000.0,2.0,flat,"Norte, Alcobendas",Piso en paseo de la Chopera,True,True,,,
108337161,https://img4.idealista.com/blur/480_360_mq/0/id.pro.es.image.master/ee/5b/fc/1341113219.webp,318270,16,6,885000.0,penthouse,sale,76.0,True,1,1,Barrio Chueca-Justicia,Madrid,Madrid,Centro,es,Chueca-Justicia,40.4203068,-3.7005841,False,https://www.idealista.com/inmueble/108337161/,"Propiedad ubicada en uno de los barrios más demandados de Madrid, a escasa distancia del vibrante núcleo cultural y social de la ciudad. Se trata de un magnífico ático residencial en venta, que destaca por su localización privilegiada y sus vistas despejadas hacia el este, permitiendo contemplar espectaculares amaneceres desde la tranquilidad de su propia terraza. La vivienda, construida con materiales de primera calidad, cuenta con una superficie interior de 66 m² y una terraza de 10 m². Cada espacio ha sido cuidadosamente diseñado para optimizar tanto el confort como la funcionalidad. El apartamento dispone de un amplio dormitorio con vistas directas a la terraza, un baño completo, y una luminosa sala de estar que conecta con una acogedora zona exterior, ideal para disfrutar del clima madrileño y las vistas urbanas. Entre sus comodidades destacan la calefacción central por gas y el aire acondicionado tipo split. El edificio, de estilo clásico y en excelente estado de conservación, dispone de ascensor de jaula, lo que asegura una accesibilidad cómoda y funcional. La ubicación del ático es inmejorable: cercano a una amplia oferta cultural y recreativa —incluyendo museos, teatros y galerías— y a espacios verdes emblemáticos como el Parque del Retiro, perfecto para actividades al aire libre o momentos de relax. En términos de servicios, la zona cuenta con una variada oferta comercial, restaurantes de alta cocina y bares de tapas, conformando un entorno urbano activo y atractivo. Asimismo, se encuentra próximo a centros educativos de prestigio y hospitales de primer nivel, lo que garantiza un alto grado de confort y seguridad para sus residentes. Este ático representa una oportunidad única para quienes desean vivir en un entorno dinámico y culturalmente rico, sin renunciar a la tranquilidad y privacidad que brinda esta exclusiva propiedad. Una auténtica joya en el corazón de Madrid, ideal para quienes valoran el diseño, la ubicación y la calidad de vida.",False,good,False,True,11645.0,False,False,False,False,[],False,False,885000.0,€,,,,flat,"Chueca-Justicia, Madrid",Ático,,,penthouse,,
106455084,https://img4.idealista.com/blur/480_360_mq/0/id.pro.es.image.master/3b/f1/df/1317967157.webp,4436,18,2,3995000.0,flat,sale,237.0,True,3,4,Barrio Recoletos,Madrid,Madrid,Barrio de Salamanca,es,Recoletos,40.4270432,-3.682187,False,https://www.idealista.com/inmueble/106455084/,"Álvora Capital Properties, estudio de arquitectura y consultora inmobiliaria de alta calidad en la gestión de activos prime en Madrid, les presenta esta espectacular vivienda clásica situada en un emblemático edificio en la codiciada zona de Recoletos.  Al cruzar el umbral, podrá encontrar una estancia con cuatro balcones exteriores a la calle principal, techos altos de escayola y suelo de roble en Punta Hungría siendo recibido por un elegante hall que le guiará hacia un salón con boiseire bañado en luz natural gracias a sus cuatro balcones exteriores, ofreciendo vistas inigualables y creando el ambiente perfecto para momentos memorables.  El comedor adyacente al salón, promete ser el escenario de cenas inolvidables, mientras que la cocina independiente, con una amplia puerta de dos hojas que le da grandiosidad y sociabilidad si fuera necesario, muy amplia y luminosa, equipada con lo último en tecnología, con muebles y electrodomésticos de primeras marcas como Miele y altas calidades, inspirará sus mejores creaciones culinarias teniendo una zona de servicio independiente con dormitorio en suite. La propiedad se complementa con tres dormitorios con armarios interiores de madera de roble y puertas en madera lacada, tres baños en suite de mármol dolomita, y un aseo de cortesía que añade un toque de elegancia y funcionalidad. El dormitorio principal cuenta con dos balcones para hacerlo aún más especial y más luminoso. La vivienda está vestida con interruptores de latón envejecidos en ambas zonas de la casa y además, cuenta con trastero, y un exclusivo gimnasio en la finca, ofreciendo comodidad y el espacio necesario para mantener un estilo de vida activo y organizado. En este piso, cada momento se siente extraordinario gracias a las calidades de lujo que lo caracterizan, desde la calefacción central hasta el servicio de un portero físico que asegura tu tranquilidad y seguridad. Está invitado a ser parte de una comunidad exclusiva que valora la belleza, el confort, y la privacidad por encima de todo.",False,good,False,True,16857.0,True,False,False,False,[],False,False,3995000.0,€,,,,flat,"Recoletos, Madrid",Piso,,,,,
107251161,https://img4.idealista.com/blur/480_360_mq/0/id.pro.es.image.master/20/ff/ca/1307431564.webp,9eaef1cd-9886-4005-a672-e9b69ece8b20,9,3,250000.0,flat,sale,54.0,True,2,2,calle de Ángel Múgica,Madrid,Madrid,Fuencarral,es,Tres Olivos - Valverde,40.483757,-3.68649,False,https://www.idealista.com/inmueble/107251161/,"Espectacular propiedad para inversión dividida en dos apartamentos independientes y completamente equipados. Ambos estudios suman 54 metros cuadrados y están recientemente reformados, ideales para obtener rentabilidad. Actualmente se encuentran alquilados. Cada estudio cuenta con cocina y baño independientes, lavadora, cama, sofá y aire acondicionado con bomba de frío y calor. Posibilidad de adquirir en pack junto a varios pisos más en diferentes zonas de Madrid con las mismas características, consultar El barrio de Tres Olivos - Valverde, en el distrito de Fuencarral-El Pardo, es una zona residencial en constante crecimiento que combina tranquilidad, amplias zonas verdes y excelentes conexiones con el resto de Madrid. Su entorno familiar y su moderna infraestructura lo convierten en una opción ideal para quienes buscan calidad de vida sin alejarse de la ciudad. Este barrio cuenta con una variada oferta de servicios, incluyendo colegios, centros deportivos, supermercados y espacios de ocio. Además, su cercanía a áreas empresariales como Las Tablas y Montecarmelo lo hace atractivo tanto para familias como para profesionales. Tres Olivos - Valverde dispone de una excelente comunicación con transporte público, con la estación de metro Tres Olivos (Línea 10) y varias líneas de autobús, además de accesos rápidos a la M-30, M-40 y A-1, facilitando los desplazamientos a cualquier punto de la ciudad. Vivir en Tres Olivos - Valverde significa disfrutar de un barrio con un ambiente tranquilo, rodeado de servicios y con una ubicación estratégica en el norte de Madrid, ideal para quienes buscan comodidad y calidad de vida.",False,good,False,False,4630.0,False,False,False,False,[],False,False,250000.0,€,,,,flat,"Tres Olivos - Valverde, Madrid",Piso en calle de Ángel Múgica,,,,,
107615008,https://img4.idealista.com/blur/480_360_mq/0/id.pro.es.image.master/4e/af/02/1326482290.webp,L-DJA63WG,33,3,1950000.0,flat,sale,264.0,True,4,4,"calle de Hortaleza, 9",Madrid,Madrid,Centro,es,Chueca-Justicia,40.4207946,-3.7008571,True,https://www.idealista.com/inmueble/107615008/,"Piso de 264m2 construidos, para reformar, en Justicia, a 80m de Gran Vía. Planta completa en piso de 1900 con fachada clásica de ladrillo, 4 balcones con barandillas de hierro forjado y 2 columnas de hierro fundido. Ascensor. Existe un plan de peatonalización de la calle. 3ª planta casi completamente diáfana que permite distribuciones adaptadas a cualquier necesidad. 4 balcones a la calle y 2 balcones, 10 ventanas y 2 ventanucos a patios. Orientación este, ofreciendo una excelente entrada de luz natural. Gran salón con 4 balcones a la calle, y 4 columnas de hierro, características de la arquitectura de la época, que refuerzan la sensación de amplitud al subrayar la gran altura de los techos de 3,20m. Zona interior completamente abierta a patios, muy adecuada para dormitorios por su excelente ventilación y tranquilidad. Infraestructuras (acometidas y bajantes) que permiten una total versatilidad en la distribución al facilitar la instalación de zonas húmedas en cualquier área del piso. La planta está formada por dos referencias catastrales que se pueden unir o segregar según la necesidad o el uso al que se pretenda destinar el piso. Los estatutos de la comunidad permiten su uso total o parcial como vivienda, despacho profesional u oficina. Para un particular esta flexibilidad permite vivir “al lado” del trabajo. Para un inversor, la posibilidad de dedicar el piso a vivienda, oficina, un mixto de las dos o incluso de dividir el espacio en 4 o hasta 6 apartamentos. Gastos de comunidad: 200,00€/mes.",True,renew,False,True,7386.0,True,False,False,False,[],False,False,1950000.0,€,,,,flat,"Chueca-Justicia, Madrid","Piso en calle de Hortaleza, 9",,,,,
107885791,https://img4.idealista.com/blur/480_360_mq/0/id.pro.es.image.master/2c/cd/2f/1327716331.webp,V04 ,14,,1245000.0,chalet,sale,199.0,,4,3,"calle Cerro de la Curia, 1",Madrid,Las Rozas de Madrid,Rozas Centro,es,El Caño - Maracaibo,40.49644,-3.87685,True,https://www.idealista.com/obra-nueva/107885791/,"Hacienda Las Rozas es un exclusivo proyecto compuesto de 12 chalets pareados localizado en una de las zonas más privilegiadas de Las Rozas, Madrid. Cada vivienda cuenta con jardín, piscina privada, luminosas y amplias estancias para disfrutarlas con la familia y amigos.",False,newdevelopment,True,,6256.0,True,False,False,False,[],False,False,1245000.0,€,,,,chalet,"El Caño - Maracaibo, Las Rozas de Madrid","Chalet pareado en calle Cerro de la Curia, 1",True,True,semidetachedHouse,False,
107969212,https://img4.idealista.com/blur/480_360_mq/0/id.pro.es.image.master/02/1d/23/1329791629.webp,4918,21,1,2590000.0,flat,sale,240.0,True,3,4,calle de Maldonado,Madrid,Madrid,Barrio de Salamanca,es,Castellana,40.4343546,-3.6836729,False,https://www.idealista.com/inmueble/107969212/,"Exclusiva vivienda reformada en la zona de Castellana, en el prestigioso Barrio de Salamanca, a escasos pasos de las calles Velázquez y Juan Bravo, y muy cerca de la emblemática Embajada Italiana. Ubicada en la primera planta de un edificio señorial de principios del siglo XX, con una elegante fachada clásica, un encantador portal de acceso y ascensor de jaula original. La propiedad cuenta con una superficie de 240 m², distribuidos en un amplio hall de entrada, un espectacular salón-comedor con varios ambientes diferenciados y dos grandes balcones. El comedor, conectado con el salón, da paso a una cocina independiente, totalmente equipada y con zona de office para el día a día. La zona de descanso se compone de tres amplios dormitorios en suite, todos ellos dobles y con excelentes dimensiones. Destaca la suite principal, que dispone de un espacioso vestidor y un elegante baño privado. Además, la vivienda cuenta con un aseo de cortesía ubicado junto a la zona social. La reforma integral se ha llevado a cabo utilizando materiales y acabados de la más alta calidad, cuidando cada detalle para ofrecer un hogar sofisticado, funcional y lleno de estilo.",False,good,False,True,10792.0,True,False,False,False,[],False,False,2590000.0,€,,,,flat,"Castellana, Madrid",Piso en calle de Maldonado,,,,,
106030930,https://img4.idealista.com/blur/480_360_mq/0/id.pro.es.image.master/7e/77/77/1341598335.webp,06510,35,,738200.0,chalet,sale,205.0,,5,3,Villalba Pueblo,Madrid,Collado Villalba,Villalba Pueblo,es,,40.6416863,-3.9929524,False,https://www.idealista.com/inmueble/106030930/,"Residencial Puerta de Villalba es una exclusiva promoción de obra nueva, de 10 viviendas unifamiliares pareadas con jardín, zonas comunes y piscina comunitaria. DISTRIBUCIÓN Todas las viviendas están distribuidas en tres plantas, un planteamiento cómodo y racional para todo tipo de familias. En la planta baja se encuentra un dormitorio, baño, zona de lavandería, cocina con salida al jardín, totalmente amueblada y equipada con los electrodomésticos básicos. Un espacioso salón comedor que tienen acceso al porche y al jardín.  En la planta primera se encuentran tres dormitorios con armarios empotrados y el dormitorio principal, que cuenta con vestidor propio, terraza y baño en suite.  En la planta bajo cubierta hay un espacio diáfano polivalente, muy luminoso y amplio.  CALIDADES Todas las estancias cuentan con grandes ventanales con carpintería con rotura de puente térmico. La calefacción de suelo radiante-refrescante con sistema de aerotermia, con apoyo de placas solares, ofreciendo una calificación energética “A. Los acabados son de alta calidad y detalles cuidados al máximo, ”, con el objetivo de alcanzar el mayor confort de las personas. ¡Convierte este bonito chalet, en tu próxima vivienda!  IMPORTANTE SABER QUE la licencia de Obras está concedida y las obras comienzan ya!  UBICACION Se encuentra en un enclave privilegiado, en la zona de Villalba Pueblo, capital de la Sierra Noroeste, que cuenta con todos los servicios a su alcance, transporte público, restaurantes, farmacias, colegios… y a un paso de la sierra con toda la naturaleza y el aire puro a tu alcance. ¡No dejes pasar esta oportunidad única y contáctanos para más información! Tu nuevo hogar te está esperando en Collado Villalba. Las imágenes y planos que aparecen en el anuncio están sujetos a las modificaciones necesarias a requerimientos municipales y exigencias administrativas, legales, jurídicas o técnicas que juzgue conveniente la dirección facultativa.",False,good,False,,3601.0,True,False,False,False,[],False,False,738200.0,€,,,,chalet,"Villalba Pueblo, Collado Villalba",Chalet pareado,True,True,semidetachedHouse,,
108173169,https://img4.idealista.com/blur/480_360_mq/0/id.pro.es.image.master/6f/8c/91/1336046170.webp,W-02YY3Y,50,,1240000.0,chalet,sale,425.0,,5,3,Barrio Molino de la Hoz,Madrid,Las Rozas de Madrid,Molino de la Hoz,es,Molino de la Hoz,40.5374539,-3.9303162,False,https://www.idealista.com/inmueble/108173169/,"Señorial propiedad SIN NINGUN TIPO DE HONORARIOS AL COMPRADOR Engel & Völkers les presenta una magnífica vivienda en la exclusiva zona de Molino de la Hoz, una señorial residencia que anhela una nueva vida y nuevos corazones que la llenen de historias. Ubicada en una posición privilegiada, esta propiedad no es solo un hogar, sino una joya que derrocha elegancia y serenidad, rodeada de amplios jardines que susurran tranquilidad y tres terrazas exteriores que invitan a soñar bajo el cielo estrellado. La zona de piscina, envuelta en gran privacidad, parece esperar risas y momentos inolvidables junto al agua. Al cruzar su majestuosa puerta flanqueada por dos elegantes columnas, la casa te abraza con un hall imponente que da paso a un espacio distribuidor con una escalera señorial. La planta principal respira historia y sofisticación: un espectacular salón con una lujosa chimenea y molduras que adornan techos de gran altura, evoca noches de charlas interminables. Los suelos de madera de altísima calidad, en perfecto estado, crujen suavemente, como si contaran los recuerdos de quienes los pisaron. El comedor independiente, bañado en luz parece creado para cenas llenas de calidez, mientras la biblioteca-despacho, también con chimenea, invita a la introspección y a largas tardes de lectura. Un baño completo, una cocina funcional con salida al jardin y un cuarto de lavado, completan esta planta, lista para adaptarse a las necesidades de una nueva familia. En la planta superior, cinco dormitorios luminosos aguardan para ser personalizados, cada uno con el potencial de convertirse en un refugio personal, acompañados por dos baños completos. El garaje cerrado, con capacidad para un vehículo y espacio exterior para dos más, añade practicidad a esta vivienda que no renuncia al lujo. Pasear por sus jardines es sentir una conexión profunda con la naturaleza. Las terrazas y la zona de barbacoa prometen veladas inolvidables llenando el aire de aromas y risas. Esta casa no solo busca nuevos dueños, sino una familia que la haga vibrar nuevamente, que transforme sus espacios en un hogar lleno de vida. ¿Será la tuya la próxima historia que estas paredes guarden con cariño? Molino de la Hoz es una exclusiva urbanización privada situada en Las Rozas, en un entorno natural privilegiado, con controles de acceso y vigilancia 24 horas, que cuenta con todo tipo de servicios, línea privada de autobuses, Transporte público constantemente, un magnífico Club Social a su entrada en el que se puede disfrutar de piscina olímpica, instalaciones deportivas, pistas de tenis y pádel, restaurante con una gran parcela ajardinada y zona de columpios, biblioteca y otras muchas actividades. Dentro de la urbanización hay dos colegios, ambos bilingües, siendo el Bérriz concertado y el Logos privado, destacamos la zona comercial con supermercado, centro médico, centro veterinario, estética y belleza, peluquería, fisioterapeuta, cafetería, pastelería, gimnasio y otros servicios.  La urbanización cuenta con un bonito lago, hábitat permanente de cormoranes, en una ubicación privilegiada que garantiza privacidad y tranquilidad.",False,renew,False,,2918.0,False,False,False,False,[],False,False,1240000.0,€,,,,chalet,"Molino de la Hoz, Las Rozas de Madrid",Casa independiente,True,True,independantHouse,,
106030602,https://img4.idealista.com/blur/480_360_mq/0/id.pro.es.image.master/33/90/9f/1341593523.webp,06505,35,,722800.0,chalet,sale,205.0,,5,3,Villalba Pueblo,Madrid,Collado Villalba,Villalba Pueblo,es,,40.6422412,-3.9921458,False,https://www.idealista.com/inmueble/106030602/,"Residencial Puerta de Villalba es una exclusiva promoción de obra nueva, de 10 viviendas unifamiliares pareadas con jardín, zonas comunes y piscina comunitaria. DISTRIBUCIÓN Todas las viviendas están distribuidas en tres plantas, un planteamiento cómodo y racional para todo tipo de familias. En la planta baja se encuentra un dormitorio, baño, zona de lavandería, cocina con salida al jardín, totalmente amueblada y equipada con los electrodomésticos básicos. Un espacioso salón comedor que tienen acceso al porche y al jardín.  En la planta primera se encuentran tres dormitorios con armarios empotrados y el dormitorio principal, que cuenta con vestidor propio, terraza y baño en suite.  En la planta bajo cubierta hay un espacio diáfano polivalente, muy luminoso y amplio.  CALIDADES Todas las estancias cuentan con grandes ventanales con carpintería con rotura de puente térmico. La calefacción de suelo radiante-refrescante con sistema de aerotermia, con apoyo de placas solares, ofreciendo una calificación energética “A. Los acabados son de alta calidad y detalles cuidados al máximo, ”, con el objetivo de alcanzar el mayor confort de las personas. ¡Convierte este bonito chalet, en tu próxima vivienda!  IMPORTANTE SABER QUE la licencia de Obras está concedida y las obras comienzan ya!  UBICACION Se encuentra en un enclave privilegiado, en la zona de Villalba Pueblo, capital de la Sierra Noroeste, que cuenta con todos los servicios a su alcance, transporte público, restaurantes, farmacias, colegios… y a un paso de la sierra con toda la naturaleza y el aire puro a tu alcance. ¡No dejes pasar esta oportunidad única y contáctanos para más información! Tu nuevo hogar te está esperando en Collado Villalba. Las imágenes y planos que aparecen en el anuncio están sujetos a las modificaciones necesarias a requerimientos municipales y exigencias administrativas, legales, jurídicas o técnicas que juzgue conveniente la dirección facultativa.",False,good,False,,3526.0,True,False,False,False,[],False,False,722800.0,€,,,,chalet,"Villalba Pueblo, Collado Villalba",Chalet pareado,True,True,semidetachedHouse,,
107885825,https://img4.idealista.com/blur/480_360_mq/0/id.pro.es.image.master/4c/94/d6/1349323407.webp,V06 ,14,,1310000.0,chalet,sale,199.0,,4,3,"calle Cerro de la Curia, 1",Madrid,Las Rozas de Madrid,Rozas Centro,es,El Caño - Maracaibo,40.49644,-3.87685,True,https://www.idealista.com/obra-nueva/107885825/,"Hacienda Las Rozas es un exclusivo proyecto compuesto de 12 chalets pareados localizado en una de las zonas más privilegiadas de Las Rozas, Madrid. Cada vivienda cuenta con jardín, piscina privada, luminosas y amplias estancias para disfrutarlas con la familia y amigos.",False,newdevelopment,True,,6583.0,True,False,False,False,[],False,False,1310000.0,€,,,,chalet,"El Caño - Maracaibo, Las Rozas de Madrid","Chalet pareado en calle Cerro de la Curia, 1",True,True,semidetachedHouse,False,
107278248,https://img4.idealista.com/blur/480_360_mq/0/id.pro.es.image.master/1a/44/c3/1308268000.webp,06964,51,,1300000.0,chalet,sale,330.0,,4,4,Valdepastores - Las Encinas,Madrid,Boadilla del Monte,Valdepastores - Las Encinas,es,,40.4139554,-3.8818477,False,https://www.idealista.com/inmueble/107278248/,"Que bueno que cada habitación disponga de su baño y que además puedas disfrutar de tu piscina privada cuando quieras. Pues esto y más cosas te van a interesar de esta vivienda. Ideal para hacer de ella tu hogar.  CARACTERÍSTICAS DE LA VIVIENDA:  Se trata de un chalet adosado de esquina distribuido en tres plantas con acceso desde la urbanización.  En planta 00 (116 m2): Hall con armario de cortesía, baño con plato de ducha, despacho o dormitorio, cocina office comunicada con amplio salón que da paso al jardín de uso privado.  El jardín (72 m2) dispone porche techado y bonita piscina salina. Ponemos en valor la intimidad de este espacio ya que la vivienda solo colinda con una casa y esta orientado al exterior.  En planta superior (105 m2): tres dormitorios con armarios empotrados y baño en suite.  El dormitorio principal cuenta con un baño dentro del mismo dormitorio, un área para vestidor y otra para aseo.  En planta sótano: zona destinada a vivienda (41 m2) compuesta por una sala multifuncional, cuarto de lavado y dormitorio de servicio con baño. Garaje de look moderno, espacioso y practico (68 m2) con cabida para dos o más vehículos, según tamaño.  Ambos espacios están comunicados entre si a través de un panel de cristal y conforman uno de los atractivos de la casa. DESTACAMOS:  Las calidades y funcionalidad de la vivienda, así como la urbanización donde esta ubicada.  Cuenta con reformas y actualizaciones en distribución de espacios que mejoran la funcionalidad y comodidad de la misma.  Piscina salina de uso privado para que puedas disfrutar en cualquier momento. Riguroso control de accesos 24 horas. Es una de las urbanizaciones más prestigiosas de Boadilla del Monte, dotada de excelentes zonas comunes, áreas de paseo, zona infantil, piscinas de verano, piscina climatizada con gimnasio y sauna, y dos pistas de pádel. DOTACIÓN DE ZONA: Muy bien comunicada con la M-50, A-6, A-5, M-516, M-503. Próxima a Boadilla del Monte casco urbano con todo tipo de comercios y servicios: Correos, Ayuntamiento, Centro de Salud y supermercados. A poca distancia a pie del fantástico Monte de Boadilla, Palacio del Infante Don Luis, El Antiguo Convento de Boadilla del Monte.  En el sector B gran variedad de oferta gastronómica y de tapeo. OFERTA EDUCATIVA:  Amplia oferta educativa, tanto si hablamos del nivel formativo: primaria, secundaria, universitaria, etc, como de la modalidad del centro: público, privado o concertado. Virgen de Europa, Mirabal, Casvi, Trinity College, Aquinas, Colegio Privado Highlands School Los Fresnos. C.E.U., Francisco de Vitoria, U.E.M DE INTERÉS:  Gran cantidad de parques en la zona; como dato señalar que Boadilla del Monte cuenta con 66 parques con zonas deportivas, que junto con las zonas ajardinadas y las áreas forestales, alcanza una extensión de 5 millones de metros cuadrados de zonas verdes. El Ayuntamiento de Boadilla del Monte ofrece ayudas de apoyo a la escolarización y conciliación, ayudas por nacimiento, adopción o manutención de menores de 3 años y ayudas a alumnos menores de 21 años con diversidad funcional. El precio de venta no incluye los gastos de Notaría, Registro e Impuestos *** Disponible también en alquiler***.",False,good,False,,3939.0,True,False,False,False,[],False,False,1300000.0,€,,,,chalet,"Valdepastores - Las Encinas, Boadilla del Monte",Chalet adosado,True,True,terracedHouse,,
87663479,https://img4.idealista.com/blur/480_360_mq/0/id.pro.es.image.master/9e/b2/a7/1316526427.webp,W-02FNP2,52,,1990000.0,chalet,sale,784.0,,5,5,Ciudalcampo,Madrid,Ciudalcampo,,es,,40.6171534,-3.6251348,False,https://www.idealista.com/inmueble/87663479/,"Lujo en estado puro para amantes de la naturaleza Casa de ensueño, diseñada por J Martorell, Oriol Bohigas y D.Mackay. Integrada en perfecta armonía con el jardín con el mismo carácter que se respira en el parque natural, las especies vegetales, algunas autóctonas y otras importadas armonizaran con el entorno de la sierra, con un marcado acento agreste fácil de mantener, con notas de color durante todo el año.  La vivienda abraza al jardín no sólo mediante su disposición en planta, se ha intentado potenciar la integración del mismo al interior de la vivienda a través de sus fachadas, con el fin de disfrutar al máximo de la naturaleza y sus vistas. Cuenta con huerto, un bonito estanque en la zona baja de la parcela y diversas zonas de plantación integradas unas con otras de manera natural. Desde el exterior, una pasarela suspendida conduce hasta la puerta de la vivienda. El diseño de la casa permite diferenciar dos piezas alargadas formando un ángulo de 90º y unidas por una esquina. Ala N/S, se encuentran la cocina, el aseo y los 4 dormitorios en suite, ascensor de comunicación entre todos los niveles y la escalera. La estructura de esta pieza es tradicional. Ala E/O, de planta rectangular y un nivel de altura sobrevolando la parcela. Aquí están el comedor y los salones con una chimenea suspendida estilo Gyrofocus de Dominique Imbert y una enorme terraza entre ambos salones con impresionantes vistas a la sierra, forjado tipo Deck y cubierta curva de zinc.  Planta baja: zona de aguas (piscina interior, jacuzzi circular, baño turco y aseo), un dormitorio en suite con baño incorporado, una sala de usos varios. Seguridad: cámaras, barreras de infrarrojos en ventanas y puertas. La casa cuenta con la más avanzada tecnología, domótica, suelo radiante, aspiración centralizada, ascensor, ventanas eléctricas, persianas motorizadas de seguridad, las ventanas del salón están calefactadas para impedir que se empañen, iluminación led, equipo de sonido integrado y centralizado de la prestigiosa marca Bang&Olufsen, alarma volumétrica. En definitiva una casa de capricho integrada en un bello jardín donde poder fundirse con la naturaleza y disfrutar de paz y tranquilidad a escasos minutos de Madrid. La urbanización de Ciudalcampo es una de las mejores zonas residenciales de Madrid. Excepcional emplazamiento dentro del Parque Regional de la Cuenca Alta del Manzanares, ubicada en los municipios de San Sebastián de los Reyes y Colmenar Viejo. Entorno privilegiado y con impresionantes vistas a la sierra norte de Madrid. Espacio que mantiene el equilibrio entre el desarrollo urbanístico y la conservación del medio natural. Cómodo y rápido acceso en el Km 28 de la N-1. Próxima al aeropuerto de Madrid Barajas, IFEMA y a parque empresarial con múltiples empresas multinacionales, y a tan solo 10 minutos de uno de los mejores hospitales de la zona Norte el Hospital Infanta Sofía. Excepcionales dotaciones y servicios dentro de la propia urbanización: Colegio internacional SEK, Club deportivo RACE (Golf, Paddle, Tenis, Piscina, Gimnasio, Hípica, Fútbol), Servicio regular de autobuses a Madrid e interno dentro de la propia urbanización, Oficina de correos y Centro Comercial Santo Domingo, con farmacia, supermercado, frutería, carnicería, pescadería, estanco, restauración, etc. Dispone de un sistema de cámaras y vallado perimetral. Servicio de seguridad 24 horas con patrullas de vigilancia y control de barrera a la entrada. Cuenta además con 6,5Km de circuito físico para la práctica de deporte al aire libre y 41km de viales con tráfico limitado a la propia urbanización, ideales para los amantes de paseos en plena naturaleza.",False,good,False,,2538.0,False,True,False,False,[],False,False,1990000.0,€,,,,chalet,Ciudalcampo,Casa independiente,True,True,independantHouse,,
108799258,https://img4.idealista.com/blur/480_360_mq/0/id.pro.es.image.master/7c/2d/82/1364664984.webp,W-0303Y1,35,1,854000.0,flat,sale,117.0,True,2,2,Barrio Colina,Madrid,Madrid,Ciudad Lineal,es,Colina,40.4635227,-3.6608344,False,https://www.idealista.com/inmueble/108799258/,"Oportunidad en Arturo Soria: Encantador piso para reformar en Colina. Engel & Völkers tiene el placer de presentar en exclusiva esta vivienda exterior de ciento diecisiete metros construidos. Ofrece una oportunidad única para transformar un espacio clásico en un refugio moderno.  Destaca por las grandes posibilidades de reforma y redistribución, ya que se pueden hacer hasta tres habitaciones. Actualmente cuenta con dos habitaciones, dos baños, cocina independiente y gran salón con salida a una impresionante terraza de sesenta metros cuadrados, ideal para disfrutar de momentos al aire libre mientras se contempla la vista abierta y verde que rodea la propiedad. Entre las características de esta propiedad, comentar que cuenta con armarios empotrados y servicios de conserjería que aseguran comodidad y seguridad las 24 horas. Además de un garaje subterráneo privado que añade un nivel adicional de exclusividad y conveniencia, permitiendo un acceso fácil y seguro al hogar. El barrio de Colina, en Arturo Soria, se encuentra en el distrito de Ciudad Lineal en Madrid. Es una zona tranquila y con bastantes áreas verdes, bien comunicada por transporte público (autobús y metro, con paradas como Avenida de la Paz y Arturo Soria) y con fácil acceso en coche a la M-30 y a la M-40.  Cuenta con servicios como hospitales (Hospital Universitario Vithas Arturo Soria, Hospital Universitario HM Nuevo Belén... ) culturales y colegios (Santísimo Sacramento, Ramón y Cajal) Mencionar que el prestigioso Liceo Francés se encuentra a pocos minutos andando. Es una zona recomendada por su tranquilidad y gran oferta gastrónomica.",False,renew,False,False,7299.0,False,False,False,False,[],False,False,854000.0,€,,,,flat,"Colina, Madrid",Piso,True,True,,,
101193360,https://img4.idealista.com/blur/480_360_mq/0/id.pro.es.image.master/41/ea/b9/1113969820.webp,2510,30,3,2100000.0,flat,sale,195.0,True,3,4,Barrio Recoletos,Madrid,Madrid,Barrio de Salamanca,es,Recoletos,40.4269061,-3.6825331,False,https://www.idealista.com/inmueble/101193360/,"Álvora Capital Properties, consultora inmobiliaria de alta calidad en la gestión de activos prime en Madrid, les presenta esta magnífica oportunidad de entrar a vivir en una de las mejores calles de Madrid, en plena Milla de Oro.  Se encuentra en el lujoso barrio de Recoletos en el distrito de Salamanca. Uno de los ejes principales del ocio y la cultura de la ciudad y referente principal de la moda y la restauración, este barrio consta de todo lo necesario para vivir la vida de Madrid con todo lujo de comodidades y servicios. La vivienda cuenta con 190m2 construido de vivienda, 2 plazas de garaje de acceso directo (no incluidas en el precio) y un gran trastero Se trata de un piso en tercera planta, tranquilo, luminoso y bien aislado, recién reformado con las mejores detalles, cualidades y marcas. Destaca por sus amplios espacios, la ausencia de pasillos, su reforma de 2021 en estilo nórdico y calidad de sus acabados. La propiedad cuenta con una enorme entrada de luz natural durante todo el día, a través de los ventanales que ocupan todo el salón y comedor hasta el dormitorio principal. La vivienda se distribuye en entrada principal, que sirve de distribuidor a las zonas de la cocina y al salón- comedor, separadas por modernas puertas acristaladas de hierro y de madera, respectivamente. Consta de un aseo elegante. Salón comedor de gran tamaño y luminosidad por sus grandes ventanales y altos techos. Moderna cocina con península. No solo tiene un diseño único, de manos de Gunni & Trentino, sino que cuenta con mucha capacidad de almacenaje y los mejores electrodomésticos del mercado (Gaggenau, Neff y Miele). Da acceso a un lavadero con tendedero interior y acceso a cuerdas de tender. La cocina alberga una segunda entrada a la vivienda que, como la principal, posee puerta acorazada de seguridad, revestida de roble lacado en blanco. La zona de noche se compone de tres dormitorios en suite, dos de ellos dobles y con vestidor. Todos los dormitorios presentan armarios de madera lacada en blanco empotrados, totalmente vestidos, de gran capacidad de almacenaje y diseño ligero. Tanto los tres baños completos como el aseo de cortesía presentan muebles, inodoros y revestimientos de primeras marcas (Living Ceramics, Roca, Kyria, Cristina Bossini y Bathco). Asimismo, la vivienda consta en la azotea de un trastero de 23 m2, luminoso y totalmente amueblado, así como de DOS PLAZAS DE GARAJE para vehículos de gran tamaño en el mismo inmueble, algo excepcional en esta zona de Madrid. El inmueble tiene portero y servicio de conserjería 24 horas los siete días de la semana, recogida de basuras y sala de entrenamiento personal. La calefacción y el agua caliente son centrales, pero en el salón y en las habitaciones hay sistema de aire frío y caliente individualizados, mediante conductos y rejillas de impulsión. El barrio de Salamanca es una de las zonas residenciales y comerciales más apreciadas de Madrid, y con mayor nivel de vida de toda Europa. El barrio toma su nombre de José de Salamanca y Mayol, el Marqués de Salamanca, que promovió y dirigió su construcción a mediados del siglo XIX, llevada a cabo durante el reinado de Isabel II. Se forjó para las clases aristocráticas y burguesas, con grandes avenidas en distribución regular en forma de damero con calles perpendiculares, en torno a las que se articulan tiendas y comercios de lujo, y grandiosos palacetes, en uno de los cuales vivió el escritor sevillano Gustavo Adolfo Bécquer. En la actualidad, hablamos de una zona dinámica y segura, de grandes aceras, con una interesante vida, gracias a que es el epicentro de las tiendas lujo de la capital, conocida también por la “Milla de Oro”, donde tienen su sede las firmas más prestigiosas del mundo. También concentra un elevado número de Embajadas en edificios decimonónicos con gran valor arquitectónico.",False,good,False,True,10769.0,True,False,False,False,[],False,False,2100000.0,€,,,,flat,"Recoletos, Madrid",Piso,True,False,,,95000.0
109105609,https://img4.idealista.com/blur/480_360_mq/0/id.pro.es.image.master/6a/ba/2a/1339918941.webp,P. 5 Plaza B,6,2,215000.0,flat,sale,73.0,True,2,1,"calle Santón, 12",Madrid,Valdemoro,Centro,es,,40.19257,-3.6773149,True,https://www.idealista.com/obra-nueva/109105609/,"Residencial San Antón. Viviendas de 1, 2 y 3 dormitorios de renta libre, garajes y sala polivalente. 70 % VENDIDO.  Suelo radiante por aerotermia.  Cocinas completamente amuebladas incluidos todos los electrodomésticos.  Con el privilegio de vivir en el centro de Valdemoro.",False,,True,True,2945.0,True,False,False,False,[],False,False,215000.0,€,,,,flat,"Centro, Valdemoro","Piso en calle Santón, 12",True,True,,False,
107379392,https://img4.idealista.com/blur/480_360_mq/0/id.pro.es.image.master/db/88/79/1311181988.webp,2,16,,312500.0,chalet,sale,182.0,,3,3,"calle Adobes, 44",Madrid,Valdeolmos-Alalpardo,,es,,40.6363055,-3.4518431,True,https://www.idealista.com/obra-nueva/107379392/,Promoción Exclusiva de 6 Viviendas Unifamiliares Adosadas en Hormigón Visto con piscina comunitaria a tan solo 25 min de Plaza de Castilla.,False,newdevelopment,True,,1717.0,True,False,False,False,[],False,False,312500.0,€,,,,chalet,Valdeolmos-Alalpardo,"Chalet adosado en calle Adobes, 44",,,terracedHouse,False,
109105689,https://img4.idealista.com/blur/480_360_mq/0/id.pro.es.image.master/6a/ba/2a/1339918941.webp,P.2 2º C,6,2,246000.0,flat,sale,88.0,True,2,2,"calle Santón, 12",Madrid,Valdemoro,Centro,es,,40.19257,-3.6773149,True,https://www.idealista.com/obra-nueva/109105689/,"Residencial San Antón. Viviendas de 1, 2 y 3 dormitorios de renta libre, garajes y sala polivalente. 70 % VENDIDO.  Suelo radiante por aerotermia.  Cocinas completamente amuebladas incluidos todos los electrodomésticos.  Con el privilegio de vivir en el centro de Valdemoro.",False,,True,True,2795.0,True,False,False,False,[],False,False,246000.0,€,,,,flat,"Centro, Valdemoro","Piso en calle Santón, 12",True,True,,False,
