propertyCode,thumbnail,externalReference,numPhotos,floor,price,propertyType,operation,size,exterior,rooms,bathrooms,address,province,municipality,district,country,neighborhood,latitude,longitude,showAddress,url,description,hasVideo,status,newDevelopment,hasLift,priceByArea,hasPlan,has3DTour,has360,hasStaging,notes,topNewDevelopment,topPlus,priceInfo.price.amount,priceInfo.price.currencySuffix,detailedType.typology,suggestedTexts.subtitle,suggestedTexts.title,highlight.groupDescription,parkingSpace.hasParkingSpace,parkingSpace.isParkingSpaceIncludedInPrice,detailedType.subTypology,newDevelopmentFinished,priceInfo.price.priceDropInfo.formerPrice,priceInfo.price.priceDropInfo.priceDropValue,priceInfo.price.priceDropInfo.priceDropPercentage
107975978,https://img4.idealista.com/blur/480_360_mq/0/id.pro.es.image.master/82/f0/3b/1329970830.webp,CM-426623,32,3,508000.0,flat,sale,58.0,False,2,1,Barrio Argüelles,Madrid,Madrid,Moncloa,es,Argüelles,40.423497,-3.7184155,False,https://www.idealista.com/inmueble/107975978/,"UNICA Inmobiliaria ofrece EN EXCLUSIVA, este magnífico y luminoso piso totalmente reformado en la zona de Argüelles, en el tercer piso de un edificio con ascensor. Con una superficie total de 58 m², este inmueble destaca por su exclusiva reforma con funcional y con estilo. Distribuida en 2 dormitorios 1 baño completo y 1 aseo en suite, aire acondicionado y calefacción de gas natural asegurando el confort durante todo el año. La cocina cuenta con un gran diseño moderno y funcional, el salón da a una grandiosa vista despejada, por lo cual cuenta con una maravillosa luz totalmente natural. Además la finca cuenta con adaptación para personas con discapacidad. La orientación noroeste garantiza la entrada de luz natural durante gran parte del día. Ubicado en el corazón del barrio de Argüelles, en una zona residencial tranquila y bien comunicada, este piso ofrece una localización inmejorable. A pocos pasos de las líneas de metro 3, 6 y 10, y con la estación de Príncipe Pío. A tan solo 10 minutos de la Gran Vía, Plaza España y el centro de Madrid, rodeado de zonas verdes como el Templo de Debod y el Parque del Oeste este piso ofrece la posibilidad de vivir en un entorno cómodo y seguro. ¡No dejes pasar esta oportunidad única de adquirir tu nueva vivienda en una de las zonas más demandadas de Madrid! En Única Inmobiliaria aglutinamos más de veinte años de experiencia en el sector del lujo. Contamos con una amplia trayectoria que avala nuestra gestión trabajando alrededor de las zonas más exclusivas de Madrid: Barrio de Salamanca, Recoletos, Almagro, Chamartín, Retiro, Justicia….",False,good,False,True,8759.0,True,False,True,False,[],False,True,508000.0,€,flat,"Argüelles, Madrid",Piso,Top+,,,,,,,
108317957,https://img4.idealista.com/blur/480_360_mq/0/id.pro.es.image.master/d6/d4/b8/1340577298.webp,CM-426698,32,5,1300000.0,flat,sale,140.0,True,3,3,Barrio Gaztambide,Madrid,Madrid,Chamberí,es,Gaztambide,40.4356723,-3.7151627,False,https://www.idealista.com/inmueble/108317957/,"UNICA ofrece este magnifico piso totalmente reformado con terraza e increíbles vistas en la zona de Gaztambide, en el quinto piso de un edificio con ascensor. Con una superficie total de 140m², este inmueble destaca por su exclusiva reforma a estrenar con estilo moderno y funcional.  Es un piso atractivo tanto para personas que buscan un hogar como para quienes buscan una inversión inmobiliaria, ya que cuenta con 3 dormitorios, todos con baños completos en suite. Todos disponen de armarios empotrados diseñados a medida, optimizando el almacenamiento en todas las estancias, aire acondicionado y calefacción central con contador individual asegurando el confort durante todo el año. Cuenta con cocina americana totalmente equipada con todos los electrodomésticos, el salón-comedor es espacioso y da a una grandiosa terraza con vista despejada, por lo cual cuenta con una maravillosa luz totalmente natural, ideal para quienes buscan comodidad y elegancia en una ubicación privilegiada. Además, dispone de trastero, la finca cuenta con sistema de seguridad con portero físico en la finca y adaptación para personas con discapacidad. La orientación noreste garantiza la entrada de luz natural durante las primeras horas del día, Ubicado en una zona residencial tranquila y bien comunicada, este piso ofrece la posibilidad de vivir en un entorno cómodo y seguro.  El barrio de Gaztambide pertenece al exclusivo barrio Chamberí muy próximo al representativo Parque del Oeste, Moncloa y la Ciudad Universitaria.  Este barrio es una mezcla perfecta entre el frenesí de una gran ciudad y la tranquilidad de una zona residencial. Todo esto, acompañado por una arquitectura impresionante que, sin duda, le da un toque especial a sus días. Uno de los principales beneficios de vivir en el barrio de Gaztambide es su ubicación, se encuentra cerca de muchos puntos de interés de la ciudad y, además, tiene una excelente conexión en transporte público y salida muy cercana a la M30, una de las principales arterias de la capital española. ¡No dejes pasar esta oportunidad única de adquirir tu nueva vivienda en una de las zonas más demandadas de Madrid! En Única Inmobiliaria aglutinamos más de veinte años de experiencia en el sector del lujo. Contamos con una amplia trayectoria que avala nuestra gestión trabajando alrededor de las zonas más exclusivas de Madrid: Barrio de Salamanca, Recoletos, Almagro, Chamartín, Retiro, Justicia.",False,good,False,True,9286.0,True,False,True,False,[],False,True,1300000.0,€,flat,"Gaztambide, Madrid",Piso,Top+,,,,,,,
108911794,https://img4.idealista.com/blur/480_360_mq/0/id.pro.es.image.master/98/40/a2/1358728110.webp,MAV02855,44,7,1950000.0,penthouse,sale,189.0,True,2,2,Barrio Ciudad Jardín,Madrid,Madrid,Chamartín,es,Ciudad Jardín,40.4504966,-3.6712305,False,https://www.idealista.com/inmueble/108911794/,"DE SALAS LUXURY HOMES Ref. MAV02855, presenta exclusivo ático de lujo con piscina privada en Ciudad Jardín. MUCHAS DE NUESTRAS PROPIEDADES NO APARECEN EN IDEALISTA. CONSULTE EN NUESTRA PÁGINA WEB DE “De Salas”, PARA VER MÁS VIVIENDAS EN EXCLUSIVA. Con una superficie de 189 m² catastrales, cuenta con un diseño único y funcional, disfrutando de una terraza perimetral con piscina privada e impresionantes vistas panorámicas. Goza de una gran privacidad, siendo la luz su principal protagonista, gracias a su diseño de concepto abierto al exterior. En planta principal se encuentra un espectacular salón con techos a doble altura y con acceso a la terraza perimetral, con zona de barbacoa, comedor y área de descanso estilo chill out. La cocina de diseño moderno, está completamente equipada con electrodomésticos de alta gama y tiene salida a un práctico tendedero. Un amplio dormitorio, con baño completo en suite, completan la distribución en planta. En planta superior se encuentra el dormitorio principal, un espacio privado con baño completo en suite y un coqueto vestidor. Con salida directa a una terraza solarium, disfruta de piscina privada estilo Munich e impresionantes vistas panorámicas. Las calidades de esta propiedad son excepcionales, con sistema de calefacción y aire acondicionado por suelo radiante con control individual y aerotermia, carpintería de ultima generación, en búsqueda del máximo confort, combinado con la máxima eficiencia energética. Disfruta de una plaza de garaje de grandes dimensiones, una plaza para motos adicional y de un trastero, que aporta el espacio extra y necesario para guardar enseres de temporada. Ubicada en una de las urbanizaciones más vanguardistas de Ciudad Jardín, diseñada por el prestigioso estudio de arquitectura Bueso-Inchausti & Rein, y premiada como mejor actuación inmobiliaria en vivienda de nueva construcción (ASPRIMA-SIMA 2016), dispone de exclusivos servicios de lujo, como piscina climatizada, sauna, gimnasio abierto al exterior con maquinaría propia de un club privado, zona ajardinada y servicio de conserjería y vigilancia.",False,good,False,True,10317.0,False,False,False,False,[],False,True,1950000.0,€,flat,"Ciudad Jardín, Madrid",Ático,Top+,True,True,penthouse,,,,
108887868,https://img4.idealista.com/blur/480_360_mq/0/id.pro.es.image.master/dc/58/7d/1357990934.webp,,42,bj,1295000.0,flat,sale,196.0,True,4,4,Barrio Aravaca,Madrid,Madrid,Moncloa,es,Aravaca,40.4598275,-3.7992901,False,https://www.idealista.com/inmueble/108887868/,"Aravaca: Bajo de 196m2 con un jardín 160m2, 3 dormitorios + dormitorio de servicio Esta vivienda en planta baja es ideal para familias que buscan comodidad, amplitud y espacios exteriores privados. Cuenta con tres dormitorios principales y una habitación de servicio, además de un espectacular jardín privado de 160 m², perfecto para que los niños jueguen al aire libre sin afectar el interior de la casa y en un entorno de seguridad. El jardín, permite crear una zona de estar o comedor exterior protegida del sol gracias a los toldos instalados, convirtiéndolo en una extensión natural del salón. El piso forma parte de una urbanización moderna y de reciente construcción, con zonas comunes, y está ubicado en una de las mejores zonas de Aravaca, muy cerca de Valdemarín, con excelente conexión y servicios. Una propiedad de diseño contemporáneo pensada para disfrutar tanto del interior como del exterior.",False,good,False,True,6607.0,False,False,False,False,[],False,True,1295000.0,€,flat,"Aravaca, Madrid",Piso,Top+,True,True,,,,,
104680560,https://img4.idealista.com/blur/480_360_mq/0/id.pro.es.image.master/ff/0a/78/1313044325.webp,,44,,1580000.0,chalet,sale,250.0,,4,4,calle de San Enrique de Ossó s/n,Madrid,La Moraleja,Encinar de los Reyes,es,,40.5046001,-3.6400264,True,https://www.idealista.com/inmueble/104680560/,"Moraleja Consulting inmobiliario ofrece excepcional chalet adosado de 250 m². Ampliables por la buhardilla. Distribuida la vivienda en tres plantas. Contamos con 4 dormitorios, 3 baños y aseo de cortesía, La cocina con zona de office y salón comedor con chimenea, conectado a través de amplios ventanales con nuestro jardín privado y porche cubierto. Excelente orientación y localización muy próxima a el Centro Comercial del Encinar.  El jardín privado es un oasis de tranquilidad con un cenador y un espacio ajardinado donde podrás disfrutar de agradables tardes al aire libre. Además, dispones de 3 plazas de parking y un parking de libre disposición para visitas.  Importante* La buhardilla ofrece la posibilidad de ampliación según sus necesidades. Pudiendo acondicionar este espacio de unos 40m2 con un baño completo e instalar unas ventanas Vélux específicas.  La urbanización brinda seguridad 24 horas y amplios espacios arbolados muy cuidados, también una amplia gama de instalaciones deportivas: dos piscinas, cancha de tenis, dos pistas de pádel y una sala polivalente para clases grupales de Yoga y Pilates. Los más pequeños disfrutarán del parque infantil y las zonas verdes en un entorno seguro y vigilado. La ubicación es inmejorable, cerca del Centro Comercial del Encinar y paradas de bus, así como de prestigiosos colegios como el Highlands, Reggio y el Liceo.  Distribución: La planta baja: Acceso a la vivienda por el jardín delantero. Hall de entrada, aseo de cortesía cocina y salón comedor con salida al jardín privado. En primera planta: Dormitorio principal en el baño en suite y dos dormitorios de buen tamaño adicionales que comparten baño.  Se puede ampliar la vivienda desde este tramo de escaleras habilitando la buhardilla. consiguiendo la vivienda otra estancia y un baño adicional. El semisótano alberga un gran salón para reuniones, la zona de lavandería, baño completo, un dormitorio de servicio, garaje para varios coches y zona de almacenaje. Este chalet, construido en 1999 y en excelente estado de conservación, cuenta con aire acondicionado y calefacción por gas natural, con una orientación sur-oeste, disfrutarás de luz natural durante todo el día. No pierdas la oportunidad de vivir en uno de los lugares más exclusivos y completos del Encinar de los Reyes.",False,good,False,,6320.0,True,False,True,False,[],False,True,1580000.0,€,chalet,"Encinar de los Reyes, La Moraleja",Chalet adosado en calle de San Enrique de Ossó s/n,Top+,True,True,terracedHouse,,,,
108903838,https://img4.idealista.com/blur/480_360_mq/0/id.pro.es.image.master/de/d2/62/1358465005.webp,486-C,80,,1675000.0,chalet,sale,420.0,,5,5,avenida Central,Madrid,Santo Domingo,,es,,40.6307637,-3.580444,False,https://www.idealista.com/inmueble/108903838/,"ABETO COCHES Y CASAS - Magnífica vivienda completamente reformada y con inmejorable ubicación, en la entrada de la urbanización.  Junto al control de seguridad a la entrada de Santo Domingo y a un minuto andando del centro comercial. Con bonita parcela completamente ajardinada y piscina privada de orientación sur. Vivienda de amplios espacios, dispone en planta principal de un amplio salón muy luminoso, comedor en concepto abierto a la gran cocina office con una bonita isla central y salida directa a un gran porche donde tenemos una zona de cocina exterior con lavadero. Desde la cocina a través de una puerta oculta accedemos al cuarto de lavandería. Completan esta planta el despacho, aseo de cortesía, y la sala de estar. En planta superior cuenta con un gran dormitorio principal con su vestidor, baño en suite y salida directa a una estupenda terraza con vistas. En esta misma planta otro dormitorio más con su baño en suite, y dos dormitorios que comparten un baño. En planta alta tenemos una gran buhardilla con chimenea completamente diáfana ideal como sala de juegos. En planta baja la habitación de invitados con su baño en suite y garaje privado para dos coches. Recién reformada, para entrar a vivir. ABETO COCHES Y CASAS - VEN A VERNOS A NUESTRA OFICINA EN EL CENTRO COMERCIAL DE SANTO DOMINGO -  ref: 486-C.",False,good,False,,3988.0,False,False,False,False,[],False,True,1675000.0,€,chalet,Santo Domingo,Casa independiente en avenida Central,Top+,True,True,independantHouse,,,,
107968696,https://img4.idealista.com/blur/480_360_mq/0/id.pro.es.image.master/b1/7e/db/1356129196.webp,03644,55,,1750000.0,chalet,sale,492.0,,5,8,calle Oviedo,Madrid,Pozuelo de Alarcón,Urbanizaciones,es,La Cabaña,40.4220946,-3.837989,False,https://www.idealista.com/inmueble/107968696/,"Gimnasio | Sala de cine | Piscina | Gran parcela LUJO Y SOFISTICACIÓN EN POZUELO DE ALARCÓN. Hoy te invito a conocer de forma exclusiva una elegante vivienda situada en la prestigiosa urbanización “La Cabaña”, en Pozuelo de Alarcón. Nos encontramos ante una casa magnífica, muy cuidada, con una distribución cómoda y amplios espacios. Un inmueble único por sus características, del que sin duda, os sentiréis orgullosos. ¿QUÉ HACE TAN ESPECIAL ESTA CASA? -Parcela excepcional: La vivienda está ubicada en una de las parcelas más grandes y bonitas de la urbanización, con una superficie aproximada de 1.200 m², superando ampliamente los 800 m² que suelen medir de media, la mayoría de las parcelas en esta urbanización.  -Salón amplio con vistas panorámicas: Disfruta de un salón espacioso con varios ambientes y grandes ventanales que ofrecen vistas al jardín, inundando el espacio de luz natural. -Cocina de diseño con zona de servicio: Una cocina moderna y funcional, equipada con electrodomésticos de alta gama y un área de servicio independiente para mayor comodidad. -Dormitorio principal con vestidor y múltiples armarios: El dormitorio principal destaca por su amplitud y confort, ofreciendo un espacio privado y relajante. Cuenta con un vestidor integrado y numerosos armarios empotrados, proporcionando un almacenamiento excepcional y organización. DETALLES QUE MARCAN LA DIFERENCIA -Bodega con zona de bar: La planta baja alberga una espaciosa bodega, diseñada como el lugar perfecto para el entretenimiento. Este área cuenta con una zona de bar totalmente equipada, ideal para organizar eventos, celebraciones y reuniones familiares en un ambiente acogedor y sofisticado. La disposición del espacio permite crear diferentes ambientes, adaptándose a diversas actividades y garantizando momentos inolvidables con tus seres queridos. -Zona de piscina con cenador y barbacoa: El jardín cuenta con una piscina rodeada de un cenador y una zona de barbacoa, creando el entorno perfecto para disfrutar al aire libre. -Gimnasio acristalado con vistas a la parcela: Mantén tu rutina de entrenamiento en un gimnasio privado con paredes de cristal que ofrecen vistas al jardín y a la piscina, combinando bienestar y naturaleza. -Sala de cine: Vive la experiencia cinematográfica en casa con una sala de cine equipada con tecnología de última generación. UBICACIÓN PRIVILEGIADA La urbanización La Cabaña se encuentra estratégicamente situada, ofreciendo acceso inmediato a la M-40, lo que facilita un cómodo desplazamiento al centro de Madrid en tan solo unos minutos. Además, Pozuelo de Alarcón cuenta con una estación de Cercanías que conecta directamente con Madrid, y diversas líneas de autobuses interurbanos y urbanos que comunican la localidad con la capital.  Vivir en Pozuelo de Alarcón te brinda todos los beneficios de una localidad exclusiva, con servicios de alta calidad, colegios de prestigio y un entorno seguro y tranquilo, sin renunciar a la proximidad y facilidad de acceso al bullicio y las oportunidades que ofrece el centro de Madrid. SOBRE NOSOTROS: Contigo desde 2003. Acebal Fincas es una agencia inmobiliaria que tiene como objetivo ofrecer a sus clientes la mejor de las experiencias a la hora de comprar, vender, o alquilar un inmueble. Aprovechamos la última tecnología para ofrecer un servicio personalizado de máxima calidad, completo e innovador, aplicando las últimas tendencias. Con un enfoque eminentemente local, estamos especializados en la venta y alquiler de inmuebles en la zona de Boadilla del Monte, urbanizaciones, y municipios limítrofes; desde un apartamento en la zona centro, hasta una vivienda unifamiliar con gran parcela y todos los extras que puedas imaginar. Nota**: Medidas según catastro.",True,good,False,,3557.0,True,False,True,True,[],False,True,1750000.0,€,chalet,"La Cabaña, Pozuelo de Alarcón",Casa independiente en calle Oviedo,Top+,True,True,independantHouse,,,,
108759533,https://img4.idealista.com/blur/480_360_mq/0/id.pro.es.image.master/f6/95/2d/1354273101.webp,,45,3,1680000.0,flat,sale,198.0,True,5,4,calle de Fuencarral,Madrid,Madrid,Centro,es,Malasaña-Universidad,40.4209249,-3.7030548,False,https://www.idealista.com/inmueble/108759533/,"**Piso en Venta en Fuencarral, a pocos metros de la Gran vía de Madrid - ¡Una Oportunidad Única! **dos balcones al exterior con doble ventanas  Descubre este espectacular piso totalmente reformado en la vibrante calle Fuencarral. Con 193 m² construidos y 160 m² útiles, este hogar cuenta con cinco amplias habitaciones, con cuatro baños, lo que garantiza la máxima comodidad y privacidad. La cocina está completamente equipada, lista para que prepares tus platillos favoritos, mientras que el salón ofrece un espacio acogedor con mesa de comedor y TV, ideal para compartir momentos inolvidables. Este inmueble no solo es perfecto para vivir, sino que también representa una excelente oportunidad de inversión, ya que actualmente está en rentabilidad con estudiantes universitarios y de máster. Disfruta de dos balcones que dan a la animada calle Fuencarral, donde podrás respirar el ambiente cosmopolita de Madrid. Con techos altos y acabados de calidad, cada rincón de este piso refleja un estilo moderno y funcional. Además, cuenta con armarios empotrados, trastero y calefacción de gas natural. bomba de frío/calor Ubicado en una tercera planta con ascensor, este piso exterior ofrece luminosidad y confort en cada estancia. No dejes pasar la oportunidad de vivir en una de las zonas más deseadas de la ciudad. ¡Contáctanos para más información y ven a verlo!",True,good,False,True,8485.0,True,False,True,False,[],False,True,1680000.0,€,flat,"Malasaña-Universidad, Madrid",Piso en calle de Fuencarral,Top+,,,,,,,
108228735,https://img4.idealista.com/blur/480_360_mq/0/id.pro.es.image.master/98/3c/d9/1339146295.webp,6572,28,6,1800000.0,penthouse,sale,88.0,True,2,2,calle de Hermosilla,Madrid,Madrid,Barrio de Salamanca,es,Recoletos,40.4254359,-3.6797664,False,https://www.idealista.com/inmueble/108228735/,"HousinGo presenta este exclusivo ático, situado en una finca clásica construida en 1930, el edificio cuenta con ascensor. Se encuentra en una de las zonas más deseadas del barrio de Salamanca, a tan solo 100 metros de la calle Príncipe de Vergara y a 200 metros de la estación de Metro de Velázquez. Su entorno combina la elegancia clásica de la arquitectura madrileña con una oferta inmejorable de comercios, restaurantes, servicios y excelentes conexiones de transporte público. Ubicado en la sexta planta, este luminoso ático destaca por su excelente distribución y doble orientación Norte y Sur. Dispone de 2 terrazas: una exterior con vistas a la calle y otra interior orientada a un tranquilo patio de manzana, ideal para crear un oasis privado en pleno corazón urbano. La vivienda cuenta con 2 dormitorios y 2 baños completos, en una disposición funcional y cómoda.  La amplia zona social se abre hacia un luminoso patio de manzana con orientación sur, lo que garantiza una excelente entrada de luz natural durante todo el día. En esta área, la vivienda cuenta con una acogedora terraza acristalada, ideal para disfrutar de un espacio adicional en cualquier época del año. La cocina integrada se incorpora de forma armoniosa al salón, creando un ambiente moderno y funcional, mientras que una elegante chimenea de bioetanol aporta un toque cálido y sofisticado al conjunto. El ático se entrega completamente renovado y a estrenar, con materiales de alta calidad y acabados elegantes. Se ha cuidado cada detalle para garantizar un diseño moderno, confortable y luminoso. Además, está equipado con calefacción y aire acondicionado para asegurar el máximo bienestar durante todo el año. El Barrio de Salamanca es el distrito más selecto de Madrid y uno de los enclaves con mayor calidad de vida en Europa. Concebido a mediados del siglo XIX, sus majestuosas fachadas y amplias avenidas mantienen la elegancia y distinción propias de su época. Este histórico barrio no solo te fascinará por su rica oferta comercial, cultural y de ocio, sino también por su prestigiosa gastronomía. En sus calles se encuentran algunas de las embajadas más relevantes, así como monumentos icónicos como la Plaza de Colón o la Puerta de Alcalá. Además, alberga el renombrado espacio gastronómico Platea y la exclusiva “Milla de Oro” en la calle Serrano, donde se concentran las firmas más prestigiosas a nivel mundial. HousinGo, by David de Gea. Somos una agencia inmobiliaria especializada en la venta y alquiler de activos residenciales en zonas Prime de Madrid. Contamos con tres oficinas de atención al público, una en CALLE AYALA 62, otra en CALLE SERRANO 81, y otra en CALLE VELÁZQUEZ 117, en el Barrio de Salamanca. Por petición de algunos clientes, no publicamos una gran parte de nuestros inmuebles en portales inmobiliarios. Aunque la mayoría de nuestra cartera está en nuestra página web, frecuentemente tenemos nuevas oportunidades de inversión que se comercializan totalmente off-market. Si está interesado en alquilar, vender o comprar, puede contactarnos a través de nuestro teléfono fijo enviarnos un WhatsApp a o visitarnos en una de nuestras oficinas. Disponemos de un servicio de Call Center 24 horas al día, 365 días al año, para poder atenderles de manera ininterrumpida. .",True,good,False,True,20455.0,True,False,True,False,[],False,True,1800000.0,€,flat,"Recoletos, Madrid",Ático en calle de Hermosilla,Top+,,,penthouse,,,,
108797610,https://img4.idealista.com/blur/480_360_mq/0/id.pro.es.image.master/24/8e/7f/1355427656.webp,VPV416325,58,24,1980000.0,duplex,sale,299.0,True,4,3,calle del Condado de Treviño,Madrid,Madrid,Ciudad Lineal,es,Costillares,40.4766984,-3.6744292,False,https://www.idealista.com/inmueble/108797610/,"THE AVENUE SELEC REAL ESTATE presenta este impresionante ático dúplex ubicado en la codiciada zona de Costillares, Madrid. Con una superficie total de 299 m², esta propiedad combina elegancia y confort para ofrecerte un estilo de vida inigualable. El inmueble cuenta con cuatro acogedoras habitaciones que se adaptan a tus necesidades familiares o profesionales. Además, dispone de tres baños bien equipados que garantizan privacidad y comodidad. Entre sus muchas características destacadas encontrarás amplias terrazas perfectas para disfrutar del sol madrileño así como acceso a zonas comunes excepcionales: piscina privada donde relajarte durante el verano; pistas deportivas tanto de pádel como tenis ideales para mantenerte activo sin salir del complejo; además incluye dos plazas de parking en que pueden estacionar tres vehículos y varias motos, asegurando tu movilidad diaria. Esta es una oportunidad única ya que la conservación actual permite personalizar los espacios según tus gustos personales desde su inicio hasta terminarlo convirtiéndolo verdaderamente en tu hogar ideal por solo €1,980, 000. No pierdas más tiempo buscando porque aquí tienes todo lo necesario! Ven a visitarlo hoy mismo.",True,good,False,True,6622.0,True,False,True,False,[],False,True,1980000.0,€,flat,"Costillares, Madrid",Dúplex en calle del Condado de Treviño,Top+,True,True,duplex,,,,
108777127,https://img4.idealista.com/blur/480_360_mq/0/id.pro.es.image.master/2d/b8/38/1355106482.webp,Avenida Camilo José Cela,71,bj,550000.0,duplex,sale,72.0,True,1,2,avenida de Camilo José Cela,Madrid,Madrid,Barrio de Salamanca,es,Guindalera,40.4358662,-3.6657153,False,https://www.idealista.com/inmueble/108777127/,"Spacio Barceló, expertos en consultoría inmobiliaria, le presenta esta espectacular vivienda tipo dúplex DE DISEÑO ubicada en la Avenida Camilo José Cela, la zona más valorada del barrio de Guindalera- Parque de las Avenidas del Distrito Salamanca. Se integra en edificio integralmente rehabilitado en 2022, uno de los edificios más representativos y valorados de la zona. Edificio altamente representativo y excelentemente comunicado. Ubicación estratégica dentro del perímetro de la M-30 de Madrid. Inmejorable ubicación. La Avda. Camilo José Cela, se ubica en zona Parque Avenidas/Guindalera (Distrito Salamanca), muy próxima a las estaciones de metro: Diego de León, Cartagena, y Avenida de América. Perfectamente comunicada con IFEMA, Aeropuerto de Madrid, M- 30, M- 40, y centro de Madrid. Zona de moda, muy valorada, y demandada en Madrid, completamente consolidada que dispone de todos los servicios. Comercios, centros de salud, zonas verdes, restauración, colegios, escuelas profesionales. Se trata de uno de los barrios de moda de Madrid, zona de alto valor, y alta demanda.  La vivienda, está distribuida en dos plantas, tipología dúplex, con una superficie de 72 m2 C, obra nueva A ESTRENAR, distribuida en dos plantas. Se trata de un espacio ÚNICO que invita a potenciar la creatividad, y ofrece un estilo de vida cómodo y funcional. Está distribuida en la planta baja con salón, y comedor independiente, cocina amueblada y equipada con todos los electrodomésticos, y un aseo de cortesía, y en planta superior, con bonito y práctico vestidor, baño completo con ducha, y amplio dormitorio. Se vende COMPLETAMENTE AMUEBLADA Y EQUIPADA, para entrar a vivir. Se ha diseñado con mucho estilo, moderna, acogedora, es IDEAL. Dispone de calefacción y aire acondicionado mediante bomba de frío/calor asegurando un ambiente agradable durante todo el año. Cuenta con entrada independiente del portal de vecinos. Máxima privacidad e independencia. Dispone de plaza de aparcamiento. Portero físico. Se trata de una oportunidad única de ESTRENAR Y DISFRUTAR de una vivienda de calidad y diseño, que por su ubicación privilegiada, es IDEAL tanto para destinarla a vivienda habitual como para inversión. Llame ahora y solicite visita presencial para conocer esta propiedad única. Gracias por elegirnos.",False,good,False,True,7639.0,True,False,True,False,[],False,True,550000.0,€,flat,"Guindalera, Madrid",Dúplex en avenida de Camilo José Cela,Top+,True,True,duplex,,,,
108582885,https://img4.idealista.com/blur/480_360_mq/0/id.pro.es.image.master/78/2b/83/1349105975.webp,6649,25,5,3200000.0,duplex,sale,200.0,True,4,5,calle de Goya,Madrid,Madrid,Barrio de Salamanca,es,Recoletos,40.4261597,-3.6802081,False,https://www.idealista.com/inmueble/108582885/,"HousinGo presenta espectacular ático dúplex exterior con tres balcones a la calle, situado en el barrio de Recoletos. Una propiedad única que combina amplitud, diseño sofisticado y vistas despejadas, en una de las zonas más exclusivas de Madrid. Ubicado en la quinta planta de una finca clásica de 1900 con portal representativo, balcones franceses, escaleras de madera y estilo señorial, ofrece servicio de portería física y ascensor en todas sus plantas. Junto a la calle Velázquez y el parque del Retiro, en pleno corazón del Barrio de Salamanca. Sus 200 m2, se distribuyen en dos plantas, en la principal, el hall de entrada da paso a una impresionante escalera central que da acceso a la segunda planta, y a la zona social de la vivienda, formada por dos ambientes diferenciados, el gran salón diáfano con una gran librería empotrada, presidida por una elegante chimenea ideal para los amantes de la lectura, y tres balcones exteriores con vistas a la Calle Goya y a la Basílica de la Concepción de Nuestra Señora, que llenan de luz natural toda la estancia, haciéndolo el rincón favorito de este hogar; el comedor, comparte espacio con la cocina, amueblada con una isla de diseño hecha a medida para este proyecto, armarios con gran capacidad de almacenaje, equipada con electrodomésticos panelados, de las marcas Bosch y Siemens. En esta misma planta se encuentra un aseo de cortesía, el dormitorio principal con ventanal al patio interior, además de un amplio vestidor y baño en suite con ducha independiente, un segundo dormitorio doble, con armario empotrado, ventanal al patio interior  y baño en suite. En la segunda planta, nos encontramos con una sala de estar, ideal como zona de lectura o despacho, dos dormitorios dobles con armarios empotrados y baño en suite, y una práctica zona de lavandería independiente. La vivienda, con orientación sur, se ha climatizado con aire acondicionado por conductos, calefaccion de gas natural individual, suelos de madera y ventanas aislantes diseñadas para mejorar el aislamiento térmico y acústico del inmueble. Cabe destacar el proyecto de diseño y reforma realizado en este ático, donde se ha logrado una armoniosa combinación entre tradición y modernidad. La vivienda conserva elementos arquitectónicos propios de la época, como los radiadores de hierro forjado de estilo victoriano, las paredes anchas o las molduras ornamentales en los techos. Estos detalles clásicos se integran con un estilo elegante y contemporáneo, potenciando el carácter único del espacio. A todo ello se suman las impresionantes vistas y la abundante luz natural que inunda cada estancia, convirtiendo este ático en el hogar perfecto, ubicado en una de las zonas residenciales más exclusivas de la capital. El Barrio de Salamanca es el distrito más selecto de Madrid y uno de los enclaves con mayor calidad de vida en Europa. Concebido a mediados del siglo XIX, sus majestuosas fachadas y amplias avenidas mantienen la elegancia y distinción propias de su época. Este histórico barrio no solo te fascinará por su rica oferta comercial, cultural y de ocio, sino también por su prestigiosa gastronomía. En sus calles se encuentran algunas de las embajadas más relevantes, así como monumentos icónicos como la Plaza de Colón o la Puerta de Alcalá. Además, alberga el renombrado espacio gastronómico Platea y la exclusiva “Milla de Oro” en la calle Serrano, donde se concentran las firmas más prestigiosas a nivel mundial. HousinGo, by David de Gea. Somos una agencia inmobiliaria especializada en la venta y alquiler de activos residenciales en zonas Prime de Madrid. Contamos con tres oficinas de atención al público, una en CALLE AYALA 62, otra en CALLE SERRANO 81, y otra en CALLE VELÁZQUEZ 117, en el Barrio de Salamanca. Por petición de algunos clientes, no publicamos una gran parte de nuestros inmuebles en portales inmobiliarios. Aunque la mayoría d.",False,good,False,True,16000.0,True,False,True,False,[],False,True,3200000.0,€,flat,"Recoletos, Madrid",Dúplex en calle de Goya,Top+,,,duplex,,,,
108763609,https://img4.idealista.com/blur/480_360_mq/0/id.pro.es.image.master/4e/44/1f/1354434525.webp,VCB179225,86,,4300000.0,chalet,sale,910.0,,5,9,calle Valle de Tobalina,Madrid,Boadilla del Monte,Las Lomas,es,,40.4293555,-3.9032038,False,https://www.idealista.com/inmueble/108763609/,"The Avenue Select Real Estate tiene el gusto de presentar en exclusiva esta magnífica propiedad de obra nueva. La distinción y la comodidad, dos conceptos unidos en una vivienda de 910 m2 construida sobre una parcela de 2100 m2.  Según accedes a la casa a mano izquierda se encuentra la cocina de diseño y perfectamente equipada comunicando con el salón de grandes dimensiones y ventanales fusionando con el jardín, a la derecha de la puerta principal tenemos el acceso al garaje interior para dos coches. En la misma planta, por medio de un pasillo accedemos a tres habitaciones todas en suite y su propio vestidor, y un cuarto dormitorio principal en el que destaca el doble vestidor y un baño completo de lujo. En la planta inferior por la cual se puede acceder por dos distintas escaleras, encontramos la piscina privada con clorador salino acompañando una zona deportiva que consta de baño completo sala de masaje y gimnasio. En la misma planta se ubica la sala de máquinas, una zona de servicio que incluye habitación, baño, cocina, cuarto lavandería y trastero, y por último, una enorme sala multiusos con cocina y dos aseos, además de la sala de cine de grandes dimensiones.  Todo ello envuelto en una construcción cuya fachada es de piedra natural, que incluye sistema de climatización por aerotermia y suelo radiante frío-calor, con el fin de obtener una gran eficiencia energética.  Cabe destacar el garaje para dos coches con acceso interior y exterior La parte exterior de la vivienda está compuesta por jardín perfectamente estructurado y decorado, una segunda piscina exterior, acompañado de un aseo y zona de estar para poder disfrutar de los dias soleados.",True,good,False,,4725.0,True,False,True,False,[],False,True,4300000.0,€,chalet,"Las Lomas, Boadilla del Monte",Casa independiente en calle Valle de Tobalina,Top+,True,True,independantHouse,,,,
106189319,https://img4.idealista.com/blur/480_360_mq/0/id.pro.es.image.master/e0/14/40/1292217285.webp,16,27,,1059000.0,chalet,sale,378.0,,5,4,"Cabo de Trafalgar, 11",Madrid,Boadilla del Monte,El Pastel,es,,40.419687,-3.9212722,True,https://www.idealista.com/obra-nueva/106189319/,"Fecha Fin de Obra: Mayo 2025. ¡ÚLTIMO CHALET DISPONIBLE! En Villas del Parque 2 hemos cuidado cada detalle para ofrecerte un hogar único. Sabemos que tu tiempo es oro, que valoras la eficiencia y la calidad, y que quieres una casa que refleje tu estilo de vida. Por eso, hemos apostado por materiales de primeras marcas y acabados de máxima calidad, con una atención minuciosa a cada elemento, desde la cubierta hasta las manillas de las ventanas. Ubicación excepcional La promoción se sitúa en El Pastel (Boadilla del Monte), a los pies del Parque Regional del río Guadarrama. Disfruta de vistas panorámicas a la sierra mientras vives rodeado de naturaleza, pero con todos los servicios urbanos a tu alcance. Chalets pareados con parcelas amplias A diferencia de la mayoría de la oferta de la zona (chalets adosados), aquí encontrarás chalets pareados con acceso directo de garaje a jardín y con grandes parcelas privadas, piscina individual y espacios abiertos. La comunidad se reduce a lo esencial para que los gastos de comunidad sean ínfimos, mientras que el entorno te ofrece multitud de zonas verdes, instalaciones deportivas y parques. Diseño versátil y espacios luminosos Salón amplio y súper luminoso, con posibilidad de integrar cocina si así lo deseas. Dormitorio principal tipo suite con terraza y vestidor de ensueño. Sótano multiusos con luz natural, perfecto para un espacios de almacenaje, cuarto de juegos, lavandería o incluso un apartamento independiente. Solárium con impresionantes vistas de la sierra de Madrid. Compromiso con la eficiencia energética (aerotermia, espacio para placas solares) y el confort. Además, ofrece lo siguiente: •Sistema de fachada SATE Sika de 10 cm de espesor, que garantiza un excelente aislamiento térmico y durabilidad. •Doble flujo con recuperación de calor, para asegurar una ventilación eficiente, saludable y constante sin necesidad de abrir las ventanas. •Suelo radiante/refrescante con gres porcelánico rectificado efecto madera en toda la vivienda. •Ventanas y puertas de altas prestaciones. •Sistemas de iluminación de bajo consumo. •Puntos de luz para led por todo el perímetro en terrazas (planta baja, planta primera, entrada principal). •Piscinas de clorador salino con skimmer plano (límite del agua más elevado) y luces RGB con elección de color. •Videoportero integrado con wifi y apertura de puertas peatonales (comunidad y privada) y de garaje (comunidad y privada) con app o por voz (Siri, Google). •Salón con candilejas (preparado para led perimetral) y cortineros. •Puerta de entrada acorazada. •Carpintería de aluminio texturada (acabado premium). •Vallas de muros exteriores de deployé premium muy tupido (no requiere brezo). •Cubierta Europerfil, referente en calidad y resistencia. Somos promotores y propietarios a la vez: invertimos con mimo en los materiales y los acabados de cada vivienda, sin escatimar en nada que pueda mejorar tu día a día. Vive en plena naturaleza y no renuncies a la comodidad de la gran ciudad. Villas del Parque 2 es tu hogar si buscas amplitud, calidad, independencia y sostenibilidad. Gestiona SERPROCOL. ***Las infografías mostradas son orientativas y carecen de carácter contractual, pudiendo ser variadas por función de las exigencias técnicas, jurídicas o por decisiones tomadas adoptadas en Asamblea. Durante el desarrollo del proyecto, la dirección facultativa por motivos técnicos o administrativos se reserva el derecho de efectuar algunas modificaciones en distribuciones, dimensiones, superficies y materiales, sin que ello suponga disminución en la calidad de los materiales.",False,newdevelopment,True,,2802.0,True,False,False,False,[],False,True,1059000.0,€,chalet,"El Pastel, Boadilla del Monte","Chalet pareado en Cabo de Trafalgar, 11",Top+,True,True,semidetachedHouse,False,,,
108564778,https://img4.idealista.com/blur/480_360_mq/0/id.pro.es.image.master/dd/30/13/1348593705.webp,2925,15,1,1450000.0,flat,sale,140.0,True,3,3,calle del General Álvarez de Castro,Madrid,Madrid,Chamberí,es,Trafalgar,40.4373297,-3.7013185,False,https://www.idealista.com/inmueble/108564778/,"InmoElite presenta un MAGNIFICO PISO EXTERIOR EN PROCESO DE REFORMA INTEGRAL. Descubre este espectacular inmueble de 140 m² construidos en proceso de reforma integral ( las infografías son orientativas), ubicado en una de las más prestigiosas zonas de la Capital,   Chamberí, en el barrio de Trafalgar. Situado en una finca señorial de mediados de Siglo, este piso totalmente exterior cuenta con 3 habitaciones, 3 baños y cuarto de lavandería,   destacando por su abundante luz natural y creando un ambiente cálido y acogedor. La vivienda está siendo reformada con materiales de alta calidad y con acabados y detalles de lujo.   Al entrar nos encontramos con una bonita  cocina amueblada abierta al salón y con posibilidad de ser cerrada si así se desea, convirtiéndose en un lugar funcional y agradable para disfrutar en familia o con amigos.   Gran salón - comedor con estupenda luz natural gracias a sus amplios ventanales con vistas totalmente despejadas y aseo. En la zona de descanso, nos encontramos con una preciosa Suite con vestidor y cuarto de baño exterior con plato de ducha. A continuación, encontramos 2 dormitorios con armarios empotrados totalmente vestidos, un cuarto de baño  con plato de ducha para dar servicio a estas estancias y cuarto de lavandería para lavadora y secadora. Además, está equipada con calefacción de gas natural y aire acondicionado canalizado en todas las estancias con sistema ""Airzone"".  La localización es uno de los mayores atractivos del inmueble. Trafalgar se ha convertido en uno de los barrios más prestigiosos de Chamberí famoso sobre todo por su oferta comercial y gastronómica. Vivir en Trafalgar significa tener una vida de barrio en el Chamberí más tradicional y moderno.    Esta vivienda no solo es un lugar para vivir, sino una inversión en calidad de vida. Está diseñado para aquellos que valoran la elegancia, el buen gusto y sobre todo, los detalles de alta calidad. Una vivienda funcional y moderna, donde crear un hogar.  Visita este inmueble con InmoElite Propiedades y descubre las ventajas de vivir en uno de los barrios más deseados de Madrid. No dejes pasar esta oportunidad única. Para más información y para concertar una cita, contacta con nosotros.  Un espacio, muchas posibilidades. Tu nuevo hogar te está esperando.",False,good,False,True,10357.0,True,False,True,False,[],False,True,1450000.0,€,flat,"Trafalgar, Madrid",Piso en calle del General Álvarez de Castro,Top+,,,,,,,
107726271,https://img4.idealista.com/blur/480_360_mq/0/id.pro.es.image.master/dd/65/91/1320994614.webp,AC-JF-0069,53,,2400000.0,chalet,sale,372.0,,6,4,avenida de Montealina,Madrid,Pozuelo de Alarcón,Urbanizaciones,es,Montealina,40.435406,-3.8488443,False,https://www.idealista.com/inmueble/107726271/,"ALFEREZ REAL ESTATE ofrece un estupendo chalet en una urbanización privilegiada, que cuenta con seguridad 24 horas, amplias avenidas, en un entorno único. La vivienda esta distribuida en 2 plantas con una superficie construida de 372 m2 y sobre una parcela de 2256 m2 con un precioso jardín consolidado, con varias encinas y pinos. En la planta baja, el hall nos da acceso, por un lado al cuarto de estar que mediante puertas correderas pasamos a un gran salón de 80 m2, con un amplio comedor. Este se comunica con el office que tiene salida al jardín, la cocina recientemente reformada equipada con electrodomésticos.  En la cocina se encuentra al cuarto de servicio y un baño. Volviendo al hall esta el dormitorio principal de muy buen tamaño, con un frente de armarios más una zona de vestidor y el baños en suite. En la planta superior, un amplio distribuidor que puede tener un uso de family room y desde el que accedemos a los 4 dormitorios, 2 de ellos con salida a la terraza y a un estudio muy acogedor. En esta planta hay dos baños. Una pergola para tres coches grandes es el aparcamiento con que cuenta la vivienda. La piscina, grande para nadar y con un aseo. Una vivienda familiar en un entorno tranquilo y seguro donde poder disfrutar de la vida familiar y de los amigos.",False,good,False,,6452.0,True,False,True,False,[],False,True,2400000.0,€,chalet,"Montealina, Pozuelo de Alarcón",Casa independiente en avenida de Montealina,Top+,True,True,independantHouse,,,,
106601863,https://img4.idealista.com/blur/480_360_mq/0/id.pro.es.image.master/72/55/6a/1353483340.webp,V1390MAC,35,10,1950000.0,flat,sale,287.0,True,4,3,Barrio Nueva España,Madrid,Madrid,Chamartín,es,Nueva España,40.4587252,-3.6852613,False,https://www.idealista.com/inmueble/106601863/,"Vivienda en venta en Nueva España, una de las zonas más valoradas de Chamartín por su excelente comunicación, su cercanía a prestigiosos colegios y su extensa oferta gastronómica y comercial. El inmueble se ubica en la décima planta de un edificio representativo, excelentemente conservado. Dispone de plaza de aparcamiento con acceso directo, trastero y servicio de portería en horario habitual. La vivienda tiene una superficie de 287 m², que se distribuyen en hall de bienvenida que da paso a un amplio y luminoso salón-comedor con acceso directo a una terraza habitable (19 m²). La vivienda tanto en la fachada sur como en la fachada norte ofrece inmejorables vistas hacia la ciudad. La zona de noche actualmente está compuesta por tres dormitorios, el principal con ventanales de suelo a techo y cuarto de baño en suite. En la ultima reforma, se han unido los dos dormitorios secundarios, para establecer una amplia zona de estar. La zona de cocina, con área de lavado independiente y terraza, cuenta con zona de servicio completa. La vivienda dispone de orientación sur para toda la zona de recibo, terraza, comedor y dormitorio principal, y orientación norte para la cocina y el resto de dormitorios. Calefacción central por radiador.  A destacar amplio abanico de posibilidades para la reforma de un piso que destaca por su luminosidad, la amplitud de sus estancias y su insuperable ubicación en uno de los edificios mas emblemáticos de Nueva España.",True,good,False,True,6794.0,True,False,True,True,[],False,True,1950000.0,€,flat,"Nueva España, Madrid",Piso,Top+,True,True,,,,,
107511691,https://img4.idealista.com/blur/480_360_mq/0/id.pro.es.image.master/3c/23/a8/1314636418.webp,2831,55,,7000000.0,chalet,sale,1050.0,,6,8,calle Cascanueces,Madrid,Madrid,Hortaleza,es,Conde Orgaz-Piovera,40.4548552,-3.6372698,False,https://www.idealista.com/inmueble/107511691/,"En el Conde Orgaz les presentamos una propiedad impresionante. Sobre una parcela de más de 2000 m2 se alza esta imponente casa de casi 1000 m2 útiles, construida para vivir una familia, es muy cómoda sin perder un ápice de su elegancia. La casa está construida en 3 plantas, todas ellas conectadas por ascensor. Hay una planta bajo tierra y dos sobre esta. Según accedemos a la vivienda, en la planta principal nos encontramos con dos zonas, por una parte la zona de servicio que está compuesta de 2 habitaciones y un baño, lavandería, office y tendedero y la cocina de la casa, de gran tamaño. Desde esta accedemos aun comedor más familiar desde el que podemos acceder al jardín. Junto a este comedor, se encuentra el gran comedor y la zona de estar. En esta planta nos encontramos también con un aseo de cortesía y la zona más privada con la gran suite de la casa, compuesta por el dormitorio principal, con dos baños, dos vestidores y zona de estar. En la siguiente planta nos encontramos con tres habitaciones, todas ellas con su propio vestidor y baño en suite. Estas habitaciones comparten una sala de estar y un gran distribuidor desde el que se accede a todas las estancias. La planta sótano recoge una serie de estancias de servicio a la casa y sus habitantes, comenzamos por una despensa, otra zona de almacén, la sala de máquinas un gimnasio y garaje para 6 coches. La casa está rodeada de amplias zonas verdes muy cuidadas. En este jardín, nos encontramos con una piscina cubierta y climatizada para poder ser utilizada durante todos el año, además hay un gran salón comedor de verano donde poder celebrar cualquier evento. Sin duda, estamos ante una oportunidad única de vivir en una de las mejores propiedades existentes en el Conde Orgaz. Un espacio rodeado de grandes arboles, muy tranquilo, con todos los servicios que puedas necesitar en sus alrededores. En el propi parque hay colegios nacionales e internacionales. En sus alrededores tienes todos los centros comerciales necesarios para el día a día: como El Corte Inglés, Carrefour, Arturo Soria plaza. , también tienes importantes zonas de ocio, como el propio Arturo Soria Plaza, con una importante oferta de restauración, o la zona de Avda. de Los Andes que está en pleno crecimiento.   Por su ubicación, es muy fácil para acceder a las salidas de la ciudad, pero también para acceder a la propia ciudad. Astondo Real Estate, tu inmobiliaria.",True,good,False,,6667.0,True,True,True,False,[],False,True,7000000.0,€,chalet,"Conde Orgaz-Piovera, Madrid",Casa independiente en calle Cascanueces,Top+,True,True,independantHouse,,,,
107329064,https://img4.idealista.com/blur/480_360_mq/0/id.pro.es.image.master/ef/a1/81/1309731375.webp,,26,3,2000000.0,penthouse,sale,158.0,True,3,3,"Avenida de Luis García Cereceda, 9",Madrid,Pozuelo de Alarcón,Zona Prado de Somosaguas - La Finca,es,La Finca,40.4056432,-3.7981778,True,https://www.idealista.com/obra-nueva/107329064/,"•ÁTICO3 DORMITORIOS SUPERFICIES 158 m2 +71 m2 de jardín/terrazas PRECIO: 2.000. 000 € Vivienda de 3 dormitorios en planta tercera. Cuenta con piscina privada y el disfrute exclusivo de las terrazas situadas en fachada norte y sur, perfectas para estar en cualquier estación del año. ZONA DE DÍA Y DE NOCHE: Se accede a la vivienda a través del recibidor, en donde encontramos un aseo de cortesía y un cuarto de ropa, que, a su vez, se comunica con el tendedero. Damos paso a un amplio salón-comedor orientado a sur, en donde también se encuentra la cocina, abierta al comedor. La amplia terraza sur cuenta con piscina privada. La zona de noche se compone por tres dormitorios, a los cuales se accede a través del distribuidor. El dormitorio principal, con terraza privada, cuenta con vestidor y un cómodo cuarto de baño con ducha, doble lavabo. Los dos dormitorios secundarios tienen cuarto de baño compartido y terraza privada en norte. La vivienda cuenta con 2 plazas de garaje y trastero.",False,newdevelopment,True,True,12658.0,True,False,False,False,[],False,True,2000000.0,€,flat,"La Finca, Pozuelo de Alarcón","Ático en Avenida de Luis García Cereceda, 9",Top+,True,True,penthouse,False,,,
107347034,https://img4.idealista.com/blur/480_360_mq/0/id.pro.es.image.master/2d/d8/e1/1310955200.webp,,29,,4250000.0,chalet,sale,395.0,,5,5,"avenida de Luis García Cereceda, 9",Madrid,Pozuelo de Alarcón,Zona Prado de Somosaguas - La Finca,es,La Finca,40.4056432,-3.7981778,True,https://www.idealista.com/obra-nueva/107347034/,"Chalet adosado de 5 dormitorios con jardín y piscina. En primera línea del campo de golf de LaFinca se ubican estas espectaculares viviendas unifamiliares. En planta baja encontramos la zona de día en la que un patio ajardinado separa las diferentes estancias. Amplio salón orientado al sur con salida al jardín y vistas al campo de golf. Cocina con posibilidad de integración completa con el salón comedor, también con acceso al jardín. En esta misma planta se ubica una habitación polivalente y baño completo.  En primera planta encontramos 2 dormitorios secundarios, orientados al norte con baño en suite y un gran dormitorio principal con vestidor y baño, que además cuenta con terraza sobre el jardín e inmejorables vistas al campo de golf. En sótano encontramos sala polivalente y zona de lavandería y tendedero con luz natural y salida un patio, trastero y 7 plazas de garaje.",False,newdevelopment,True,,10759.0,True,False,False,False,[],False,True,4250000.0,€,chalet,"La Finca, Pozuelo de Alarcón","Chalet adosado en avenida de Luis García Cereceda, 9",Top+,True,True,terracedHouse,False,,,
108577026,https://img4.idealista.com/blur/480_360_mq/0/id.pro.es.image.master/7f/74/78/1350062362.webp,15787,46,6,1150000.0,penthouse,sale,124.0,True,3,3,calle de Alejandro González,Madrid,Madrid,Barrio de Salamanca,es,Fuente del Berro,40.4291534,-3.6638285,False,https://www.idealista.com/inmueble/108577026/,"BARRIO SALAMANCA / FUENTE DEL BERRO Espectacular ático, que ofrece 112 m², es la combinación perfecta entre elegancia y comodidad. Con un diseño inteligente y moderno, te sorprenderá su luminosidad y funcionalidad. La propiedad cuenta con tres habitaciones, ideales para adaptarse a tus necesidades, ya sea como dormitorios, oficina o espacios de estudio. La habitación principal resalta por su vestidor exclusivo, ofreciendo un toque de lujo que merece tu atención.  No solo se trata del interior; este ático es un verdadero oasis al aire libre con dos terrazas que suman un total de 50 m². La primera tiene 20 m² y la segunda 30 m², perfectas para disfrutar de momentos al aire libre. Además, el ático está equipado con 3 baños.  La calefacción de gas natural asegura que estés siempre cómodo y cálido en los meses más fríos. Prácticamente piensas en los detalles de confort. Este rincón de tranquilidad en una de las zonas más demandadas de la capital, ofrece armarios empotrados que aprovechando al máximo el espacio, manteniendo tu nuevo hogar ordenado y estilizado. También disfrutarás de la comodidad de un ascensor que te llevará directamente a la puerta de tu nuevo hogar. Los alrededores no se quedan atrás. El Barrio de Salamanca es conocido por sus boutiques de lujo, parques y una oferta gastronómica sin igual. Tendrás acceso a todo lo que necesitas, desde supermercados hasta cafés y restaurantes de renombre, lo que te permitirá disfrutar de la vida urbana al máximo. En el precio están excluidos el impuesto sobre transmisiones patrimoniales y los gastos sobre notaria y registro de la propiedad.",True,good,False,True,9274.0,True,False,True,False,[],False,True,1150000.0,€,flat,"Fuente del Berro, Madrid",Ático en calle de Alejandro González,Top+,,,penthouse,,,,
108234739,https://img4.idealista.com/blur/480_360_mq/0/id.pro.es.image.master/0d/eb/4b/1340540552.webp,15137,42,3,495000.0,flat,sale,118.0,False,3,1,calle de Cáceres,Madrid,Madrid,Arganzuela,es,Chopera,40.3980743,-3.6993305,False,https://www.idealista.com/inmueble/108234739/,"ARGANZUELA / CHOPERA  Este espacioso inmueble con 118 m² construidos está esperando por ti en una ubicación inmejorable, con un ambiente radiante gracias a sus vistas al patio de la manzana que le aportan una luminosidad irresistible. Con  una buena distribución, el espacio se adapta a tus necesidades, ya sea que desees establecer una hermosa vivienda familiar. Con 3 habitaciones y 1 baño, tienes flexibilidad para reconfigurarlo según tus deseos. Ideal para aquellos que buscan personalizar su hogar o su oficina a su propio estilo, este lugar te dará la oportunidad de crear un espacio verdaderamente único. Una de las grandes ventajas de este inmueble es su enorme potencial de reforma. Puedes dar rienda suelta a tu creatividad y transformar cada rincón en un lugar que refleje tu personalidad. Ya sea un proyecto de renovación completo o ajustes más ligeros, aquí tienes un lienzo en blanco perfecto para empezar a trabajar. La ubicación es clave y este inmueble no decepciona. Disfrutarás de la tranquilidad de un patio de manzana mientras tienes un acceso inmediato a servicios y comercios de la zona. Tu nuevo hogar o negocio estará perfectamente conectado con el resto de la ciudad, haciendo que la vida diaria sea mucho más sencilla. En el precio están excluidos el impuesto sobre transmisiones patrimoniales y los gastos sobre notaria y registro de la propiedad.",True,renew,False,True,4195.0,True,False,True,False,[],False,True,495000.0,€,flat,"Chopera, Madrid",Piso en calle de Cáceres,Top+,,,,,,,
105639958,https://img4.idealista.com/blur/480_360_mq/0/id.pro.es.image.master/d6/0b/6c/1258497068.webp,,43,1,1555000.0,flat,sale,220.0,True,5,2,"calle de Fuencarral, 106",Madrid,Madrid,Centro,es,Chueca-Justicia,40.4284053,-3.7018497,True,https://www.idealista.com/inmueble/105639958/,"¡Descubre tu nuevo hogar en el corazón de Madrid! Este sensacional piso en la calle Fuencarral, a pocos pasos de la emblemática Glorieta de Bilbao, te ofrece una experiencia de vida inigualable. Con 220 m² construidos, esta joya arquitectónica cuenta con techos altos y tres grandes balcones que inundan el espacio de luz natural. La orientación oeste garantiza atardeceres espectaculares desde la comodidad de tu salón, que además cuenta con una acogedora chimenea. La distribución del piso incluye cinco amplios dormitorios y dos baños completos, ideales para familias numerosas o para quienes deseen disponer de espacio extra para invitados o un despacho en casa. La cocina es amplia y funcional, equipada con una despensa que facilita el almacenamiento. Además, el inmueble dispone de armarios empotrados y un trastero, proporcionando soluciones prácticas para el orden y la organización. Este piso no solo destaca por su ubicación privilegiada y su estructura sólida en un buen edificio con ascensor, sino también por su gran potencial de reforma. Personalízalo a tu gusto y conviértelo en el hogar de tus sueños. La calefacción individual a gas natural asegura el máximo confort. No pierdas la oportunidad de vivir en uno de los barrios más vibrantes y céntricos de Madrid. ¡Ven a visitarlo y enamórate!",False,good,False,True,7068.0,True,False,True,False,[],False,True,1555000.0,€,flat,"Chueca-Justicia, Madrid","Piso en calle de Fuencarral, 106",Top+,,,,,,,
107883979,https://img4.idealista.com/blur/480_360_mq/0/id.pro.es.image.master/ea/f1/42/1327210884.webp,100091154,17,7,1742500.0,penthouse,sale,298.0,,3,4,"calle de Mesena, 80",Madrid,Madrid,Hortaleza,es,Pinar del Rey,40.4660328,-3.6628069,True,https://www.idealista.com/obra-nueva/107883979/,"¡En construcción! “Obra nueva en Madrid, Mesena 80” Mesena 80 es un proyecto de viviendas premium en una de las zonas más privilegiadas de Madrid, muy próximo a Arturo Soria. Consta de 96 magníficas viviendas de 1,2, 3 y 4 dormitorios distribuidas en dos edificios de vanguardia y cuidado diseño. Situada en un entorno urbano consolidado y con una inmejorable situación dada su cercanía a centros escolares, asistenciales y comerciales. Está dotada de excelentes servicios comunes como piscina exterior, piscina interior climatizada, gimnasio, salón social, zona de juegos infantiles y zonas de descanso rodeado de zonas verdes en un entorno privado totalmente cerrado. Son edificios de 7 plantas con impresionantes áticos con terraza y magníficas vistas. Adaptadas a las nuevas necesidades que exige el mercado actual, las viviendas contarán con grandes terrazas, plazas de garaje y trastero. Los salones cuentan con grandes ventanales para crear ambientes agradables y luminosos y generosas terrazas para disfrutar de unas vistas despejadas. Los cuidados interiores se mezclan con la vanguardia y el diseño de sus zonas comunes.  Las viviendas diseñadas por el arquitecto Carlos Lamela utilizan elegantes materiales, en consonancia con su moderno estilo. Aúnan un óptimo mantenimiento y durabilidad con altas prestaciones de confort térmico y acústico: máxima calificación de eficiencia energética Nivel A, certificado BREEAM, suelo radiante refrescante, excelentes aislamientos termo-acústicos, doble orientación, recuperador de calor, geotermia, cocinas y armarios totalmente equipados ¡Y mucho más!",True,,True,True,5847.0,True,False,False,False,[],False,True,1742500.0,€,flat,"Pinar del Rey, Madrid","Ático en calle de Mesena, 80",Top+,True,True,penthouse,False,,,
107351499,https://img4.idealista.com/blur/480_360_mq/0/id.pro.es.image.master/a5/60/b7/1033782869.webp,viv 20,28,,2150000.0,chalet,sale,325.0,,4,4,"camino Lavadero, 4",Madrid,Madrid,Moncloa,es,Valdemarín,40.4655874,-3.7776922,True,https://www.idealista.com/obra-nueva/107351499/,"VALCOTOS: SEGURIDAD, ZONAS COMUNES Y ESPACIOS PARA TODA LA FAMILIA EN LA MEJOR ZONA RESIDENCIAL. ÚLTIMOS DÍAS DE PROMOCIÓN Valdemarín se ha convertido en una de las zonas más cotizadas de Madrid y, la principal opción para los que buscan un remanso de paz y tranquilidad a poca distancia del centro de Madrid. Destaca por sus magníficos colegios, instituciones, reconocidos centros educativos, zonas de ocio y su proximidad a instalaciones deportivas de gran prestigio. Un impresionante proyecto residencial en el que participan arquitectos, interioristas y paisajistas del más alto nivel, y que ha sido diseñado a su medida en una de las zonas más demandadas de Madrid. La pasión del estudio de Luisa Olazábal, el “nuevo clasicismo” de Locus y la innovación de Ruiz Albusac Arquitectos. Todos los miembros de la familia tienen su espacio en Valcotos. Una extensa zona de juegos equipada con columpios para los más pequeños. Y todo ello en un entorno vigilado y absolutamente protegido, libre de tráfico y totalmente seguro para que los padres puedan estar tranquilos mientras sus hijos disfrutan. La parcela y la vegetación que envuelve cada una de las viviendas han sido pensadas hasta el último detalle por un equipo de paisajismo. Un excepcional jardín con árboles, setos y plantas ornamentales, que cuenta con riego automático e iluminación. Sumérjase en un mundo de sensaciones y siempre con la tranquilidad que ofrece un entorno protegido, dotado de conserjería y control de seguridad. Valcotos pone a su disposición unas fantásticas zonas comunes donde vivirá los mejores momentos: pasear por frondosos caminos flanqueados por árboles singulares, sentir la calma y el frescor que desprenden unas zonas ajardinadas cuidadas con mimo, y refrescarse en una espectacular piscina al aire libre. Además, podrá disfrutar de un completo gimnasio, conectado a través de amplios ventanales con los jardines que lo rodean y jugar al pádel en una pista ubicada a la entrada de la urbanización. Su diseño atemporal y elegante, y su equilibrada distribución crean acogedoras estancias en las que se cuidan todos los detalles. Desde el salón y la cocina se sale a un amplio porche cubierto, pavimentado con piedra caliza Campaspero a juego con el resto de la vivienda. Algunas unidades disponen de garaje subterráneo con 3 plazas de aparcamiento y toma para recarga de vehículos eléctricos.",True,newdevelopment,True,,6615.0,True,False,False,False,[],False,True,2150000.0,€,chalet,"Valdemarín, Madrid","Chalet pareado en camino Lavadero, 4",Top+,True,True,semidetachedHouse,False,,,
108342558,https://img4.idealista.com/blur/480_360_mq/0/id.pro.es.image.master/30/4c/a7/1344052758.webp,VPB175225,59,3,715000.0,duplex,sale,151.0,True,3,4,Sector B,Madrid,Boadilla del Monte,Sector B,es,,40.4011092,-3.8966892,False,https://www.idealista.com/inmueble/108342558/,"THE AVENUE Select Real Estate presenta en exclusiva este ático-dúplex de 151m2 en el codiciado Sector B en Boadilla del Monte. Nos recibe un amplio hall de entrada que da paso a un gran salón-comedor con terraza abierta y toldo plegable con magníficas vistas despejadas donde se puede disfrutar de unas agradables veladas al aire libre. La cocina independiente tiene terraza cerrada con zona para lavadora y tendedero. Un pasillo da paso a la zona de descanso. Tres amplios dormitorios dobles con dos baños completos, uno en suite principal. La habitación principal cuenta con molduras decorativas en el techo. La vivienda cuenta con armarios empotrados en todos los dormitorios, además de armarios en el hall y pasillo. En cuanto a las calidades, paredes lisas, suelos de madera, ventanas de PVP blanco oscilobatientes Climalit, persianas motorizadas y puertas lacadas en blanco y molduras en salón. Este piso cuenta con sistema de aire acondicionado con canalizaciones y desagües empotrados sin compresores en planta ni fachada y calefacción de gas natural. Una escalera caracol nos conduce a la planta ático donde se encuentra un salón diáfano de 30m2 con altura con un aseo por el que pasa la luz natural a través de pavés de colores con puerta corredera y baldosas Porcelanosa. Los suelos son de tarima y tiene aire acondicionado con bomba de calor marca Daikin. Esta estancia cuenta con máximo acristalamiento exterior con puertas correderas y ventanas de alta calidad, persianas motorizadas, puertas acristaladas replegables correderas, ampliando el espacio con una terraza a nivel. En la terraza se colocó suelo especial para exteriores, armario exterior de obra, ducha e iluminación led. El gran trastero de 16m2 y techos altos ha sido acondicionado con mobiliario y es perfecto para almacenaje.  La vivienda incluye en precio una plaza de garaje y posibilidad de una segunda de gran tamaño cercanas al acceso de entrada. La urbanización ha instalado placas solares para la comunidad y hay preinstalación individual para cada vecino. La urbanización está situada en una zona privilegiada del Sector B. Cuenta con portero físico, pista de pádel bajo nivel, piscina con césped, sala de reuniones, parque infantil, zonas ajardinadas y tres entradas peatonales. Esta urbanización está ubicada en una zona privilegiada. Muy cerca se encuentra el centro de salud, zona comercial, restaurantes, farmacias, transporte público, colegios.",False,good,False,True,4735.0,True,False,True,True,[],False,True,715000.0,€,flat,"Sector B, Boadilla del Monte",Dúplex,Top+,True,True,duplex,,,,
105092725,https://img4.idealista.com/blur/480_360_mq/0/id.pro.es.image.master/8c/f1/c0/1228245866.webp,Ático A,31,,2280000.0,penthouse,sale,313.0,True,2,2,"calle Arturo Soria, 161",Madrid,Madrid,Ciudad Lineal,es,Colina,40.4559985,-3.6571683,True,https://www.idealista.com/obra-nueva/105092725/,"ARTURO SORIA 161 es un nuevo proyecto residencial de Terralpa en el mejor Madrid donde toda la comodidad está a tu alcance. Cuenta con 6 magníficas viviendas con terraza, 2 áticos de ensueño con amplísimas terrazas y piscina incluida y 2 bajos con un jardín que rodea la vivienda. La localización es inmejorable gracias a la salida directa a la M30, la cercanía al metro Arturo Soria, ubicado a 1 minuto del proyecto, y al centro comercial Arturo Soria Plaza, por no hablar de la amplia oferta de colegios, parques y pequeños comercios que hacen de esta zona un lugar para vivir en Madrid con la más alta calidad de vida. El proyecto, de la mano del arquitecto Martín de Lucio y el estudio de interiorismo VillaBlanch, representa la sofisticación natural gracias a la elección de materiales nobles como la piedra y la madera que hacen a todo el conjunto elegante y atemporal. Arturo Soria 161 dispone de un jardín, que enmarca todo el conjunto, convirtiéndolo en un pequeño vergel en medio de Madrid. Los propietarios podrán disfrutar de una piscina exterior y solárium donde relajarse y un gimnasio donde ponerse en forma. Viviendas con amplias terrazas y jardines, así como unas calidades de máximo nivel cuidadas en cada detalle. Un ejemplo de arquitectura avanzada, calidad y eficiencia energética. Todas las viviendas cuentan además con 2 plazas de garaje y trastero.",False,newdevelopment,True,True,7284.0,True,False,False,False,[],False,True,2280000.0,€,flat,"Colina, Madrid","Ático en calle Arturo Soria, 161",Top+,True,True,penthouse,False,,,
108722818,https://img4.idealista.com/blur/480_360_mq/0/id.pro.es.image.master/69/1b/ed/1353209755.webp,V2345MA,33,2,8800000.0,flat,sale,383.0,True,4,4,Barrio Jerónimos,Madrid,Madrid,Retiro,es,Jerónimos,40.4164652,-3.6909795,False,https://www.idealista.com/inmueble/108722818/,"John Taylor presenta en exclusiva esta propiedad única, situada en la segunda planta de un edificio señorial construido en el año 1900, excelentemente conservado. La propiedad cuenta con 11 balcones a la calle, dos de ellos son miradores propios de la época. Totalmente a estrenar, con un diseño elegante y contemporáneo del prestigioso arquitecto Federico Rivera Río. Accedemos a la vivienda mediante un hall de bienvenida, elegante y luminoso, con una vidriera de principio de sigloXX que da paso a un extraordinario salón/comedor y biblioteca contigua, con 5 balcones orientados al sur. La zona de noche está compuesta por cuatro dormitorios y cuatro cuartos de baño: La master suite cuenta con cuatro balcones que bañan de luz dormotorio y baño. Una segunda suite con su baño/vestidor incorporado y otros dos dormitorios que comparten un baño familiar. Completa el conjunto un aseo de cortesía, una amplia zona de servicio, con dormitorio y baño para el servicio doméstico, así como una amplia zona de lavandería. También cuenta con una magnífica cocina con isla central de acceso directo al comedor. La finca dispone de conserje en horario habitual. En el precio se incluye un trastero situado en la cubierta del edificio, que destaca por la amplitud de su superficie, y una plaza de garaje en el parking de residentes de Antonio Maura. Todos los ingredientes para hacer de esta una oportunidad única por ubicación y prestaciones. Los Jerónimos es un barrio del distrito madrileño de Retiro. En él se encuentran el Parque del Retiro y la Iglesia de los Jerónimos, de donde proviene su nombre. Se creó a partir de 1865, sobre terrenos que pertenecieron al desaparecido Palacio del Buen Retiro y que fueron vendidos al Estado por parte de la reina Isabel II) para ser urbanizados. Forma parte del denominado Paisaje de la Luz junto al Paseo del Prado, declarado Patrimonio de la Humanidad el 25 de julio de 2021. Se trata de uno de los barrios más elegantes y aristocráticos de Madrid y sus viviendas alcanzan los precios más altos por metro cuadrado de la capital. Entre sus edificios más emblemáticos destacan el Museo del Prado, la Iglesia de San Jerónimo el Real, la Real Academia Española, el Ayuntamiento de Madrid, el Hotel Ritz, el Palacio de la Bolsa de Madrid, el Cuartel General de la Armada y el Museo Nacional de Artes Decorativas. En el barrio de Los Jerónimos, además del Parque del Retiro, se encuentra desde el siglo XVIII, frente a la fachada sur del Museo del Prado, el Real Jardín Botánico.",True,good,False,True,22977.0,True,False,True,False,[],False,True,8800000.0,€,flat,"Jerónimos, Madrid",Piso,Top+,True,True,,,,,
108107149,https://img4.idealista.com/blur/480_360_mq/0/id.pro.es.image.master/e0/80/9f/1337517796.webp,MAV02797,34,1,900000.0,flat,sale,163.0,True,3,2,Barrio Conde Orgaz-Piovera,Madrid,Madrid,Hortaleza,es,Conde Orgaz-Piovera,40.4610556,-3.6336782,False,https://www.idealista.com/inmueble/108107149/,"DE SALAS LUXURY HOMES Ref. MAV02797, les presenta EN EXCLUSIVA este bonito piso ubicado en una excelente urbanización a sólo 5 minutos andando del Palacio de Hielo. MUCHAS DE NUESTRAS PROPIEDADES NO APARECEN EN IDEALISTA. CONSULTE EN NUESTRA PÁGINA WEB DE “De Salas”, PARA VER MÁS VIVIENDAS EN EXCLUSIVA. Este inmueble, con altura de segunda planta, 3 dormitorios y 2 cuartos de baño, tiene 163m2 catastrales, de los cuales, 132m2 pertenecen al propio piso y el resto a elementos comunes. Accedemos a la vivienda y nos recibe un bonito hall con armario gabanero, que separa la cocina del salón. Éste llama la atención por su estupendo ventanal mirador de suelo a techo que proporciona una maravillosa luz a la estancia.  La cocina, espaciosa y con una distribución cuadrada, dispone de muchos armarios para almacenaje, una gran despensa y zona de lavandería.  El área de noche se encuentra separada del resto por una puerta, para garantizar al máximo el descanso familiar. Un pasillo, en el que se ha aprovechado el espacio perfectamente con un armario para ropa blanca, distribuye los dormitorios y cuartos de baño. El dormitorio principal cuenta con una zona vestidor y baño en suite con bañera, W. C. y lavabo de 2 senos. El segundo dormitorio destaca por su jardinera junto al ventanal, ideal para dar color con bonitas plantas o flores, mientras que la tercera habitación, tiene un magnífico ventanal mirador de suelo a techo. Estos dormitorios comparten un cuarto de baño con 2 lavabos independientes y cuenta con una zona separada donde se ubica la ducha, el W. C. y el bidé. Vivienda con persianas motorizadas en todos los dormitorios, y adaptada a personas con movilidad reducida. Las zonas comunes, perfectamente cuidadas, destacan por su piscina cubierta en invierno y descubierta en verano, zona para juegos infantiles, gimnasio, conserje físico y seguridad 24 horas. El precio de venta incluye una plaza de garaje, con la opción de poder comprar 2 plazas más.",True,good,False,True,5521.0,True,False,False,True,[],False,True,900000.0,€,flat,"Conde Orgaz-Piovera, Madrid",Piso,Top+,True,True,,,980000.0,80000.0,8.0
108519245,https://img4.idealista.com/blur/480_360_mq/0/id.pro.es.image.master/8b/20/b4/1347323151.webp,1284,45,1,1400000.0,flat,sale,157.0,True,3,2,avenida del General Perón,Madrid,Madrid,Tetuán,es,Cuatro Caminos,40.450568,-3.698301,False,https://www.idealista.com/inmueble/108519245/,"1957 – ""La Audacia de Yves Saint Laurent en Madrid"" ""Este piso de 1957 refleja la valentía creativa de Yves Saint Laurent, quien debutó en la alta costura al asumir la dirección de Dior con tan solo 21 años. Sus espacios sofisticados y su estructura elegante evocan la mezcla de modernidad y tradición que definió su estilo, creando un hogar con carácter y visión de futuro. En 1957, Yves Saint Laurent revolucionó la moda al convertirse, con solo 21 años, en el director artístico de la Maison Dior tras la muerte de Christian Dior, sorprendiendo al mundo con su colección Trapèze, que liberaba la silueta femenina de la cintura ceñida. Su enfoque juvenil y visionario marcó el inicio de una nueva era en la alta costura, donde la audacia y la sensibilidad contemporánea comenzaron a tener protagonismo. "" DAMEZ presenta esta impecable joya recién reformada, lista para estrenar, en uno de los enclaves más estratégicos de Madrid, a escasos pasos del Paseo de la Castellana. Una vivienda donde la elegancia contemporánea se funde con la comodidad, en un edificio representativo con portero físico, ascensor y montacargas, que aporta distinción y funcionalidad desde el primer instante. Situada en una primera planta exterior y en esquina, esta propiedad ha sido renovada con una sensibilidad exquisita que prioriza la luz natural, la amplitud visual y la armonía de cada detalle. Consta de tres dormitorios, dos baños y una distribución pensada para acompañar tanto la vida diaria como los momentos especiales. Entre sus calidades destacan el sistema de calefacción central, aire acondicionado, puerta acorazada, carpintería interior de PVC y armarios empotrados diseñados a medida, que aportan orden, estética y practicidad. Cada rincón transmite la sensación de hogar cuidado, con acabados actuales que elevan el confort y el valor de la vivienda. Ubicada en una zona con excelente proyección, rodeada de servicios, restaurantes, zonas verdes y transporte, esta propiedad es la opción perfecta para quienes desean vivir con estilo y conexión en el corazón de la capital. Información no vinculante. � Si sueñas con un hogar que lo tenga todo, este puede ser el tuyo. Contáctanos para visitarlo. En DAMEZ no vendemos pisos, encontramos hogares con alma.  .",True,good,False,True,8917.0,True,False,True,False,[],False,True,1400000.0,€,flat,"Cuatro Caminos, Madrid",Piso en avenida del General Perón,Top+,,,,,,,
108350539,https://img4.idealista.com/blur/480_360_mq/0/id.pro.es.image.master/33/ea/cc/1357162106.webp,ENC2801,56,4,575000.0,flat,sale,64.0,True,1,1,calle de Viriato,Madrid,Madrid,Chamberí,es,Trafalgar,40.4345018,-3.6995249,False,https://www.idealista.com/inmueble/108350539/,"Globalpiso vende en exclusiva! ¿Buscas un hogar cómodo, bien situado y con todas las comodidades? Este hermoso apartamento de 64 metros construidos te ofrece todo lo que necesitas para vivir con confort y estilo. Cuenta con un dormitorio, un baño, tres balcones y muchas características que te encantarán. Características destacadas: Superficie de 64 m² construidos según catastro  Suelos de tarima que aportan calidez y estilo Muy luminoso, con orientación sur que maximiza la luz natural Ventanas Climalit blancas que garantizan aislamiento y tranquilidad Cocina totalmente equipada para tu comodidad Armarios empotrados que optimizan el espacio de almacenamiento Exterior, con vistas y buena ventilación Aire acondicionado para mantenerte cómodo en cualquier estación Calefacción de gas natural para un ambiente cálido y acogedor Ascensor que facilita el acceso a la vivienda Año de construcción: 1926, con encanto y carácter Tres balcones que ofrecen espacios exteriores para disfrutar del aire y las vistas Gastos asociados: ✔ Comunidad: 86 €/mes. ✔ IBI: 352 €/año. EL INMUEBLE SE PODRÁ VISITAR A FINALES DEL MES DE JULIO. Ubicación privilegiada: Cerca de comercios, buenos colegios y transporte público, metro Iglesia y Canal ¡todo al alcance de tu mano! ¡No dejes pasar esta oportunidad! Contáctanos en GLOBALPISO CHAMBERÍ para más información o para agendar tu visita. ¡Tu nuevo hogar te espera! ⚠ Globalpiso nunca solicita documentación ni dinero sin visitar la vivienda. Financiación 100% a través del departamento financiero de Globalpiso (H2B Hipotecas). La obtención de la financiación está sujeta a las condiciones de la entidad financiera y tendrá en cuenta el perfil y solvencia del cliente. A tenor del Art. 6 del RD 515/1989, de 21 de abril, se informa al cliente que los gastos notariales, registrales, I. T. P. o equivalente, gastos financieros y otros gastos inherentes a la compraventa no están incluidos en el precio de venta de la vivienda.",False,good,False,True,8984.0,False,False,True,False,[],False,True,575000.0,€,flat,"Trafalgar, Madrid",Piso en calle de Viriato,Top+,,,,,,,
108529412,https://img4.idealista.com/blur/480_360_mq/0/id.pro.es.image.master/e8/5b/ef/1347607427.webp,1538,27,3,1695000.0,flat,sale,143.0,True,5,1,Barrio Chueca-Justicia,Madrid,Madrid,Centro,es,Chueca-Justicia,40.4231899,-3.6971097,False,https://www.idealista.com/inmueble/108529412/,"Luminoso piso con múltiples posibilidades en Chueca-Justicia, junto a Fernando VI y Alonso Martínez, muy próximo a Génova, Plaza de las Salesas, Recoletos. NOTA IMPORTANTE: Algunas imágenes han sido modificadas virtualmente con IA con fines ilustrativos para mostrar el potencial del inmueble. Se ofrece a la venta una vivienda con gran potencial, situada en el corazón del distrito Centro de Madrid, en la codiciada zona de Chueca–Justicia, a escasos metros de Fernando VI, la calle Génova y Alonso Martínez, y también muy próxima a la Plaza de las Salesas, Colón, Renfe-Recoletos y Paseo de Recoletos. El edificio se encuentra frente a la sede de la SGAE, en una calle tranquila calle Pelayo. El piso está ubicado en una tercera planta de un edificio sin ascensor, con una única vivienda por planta, lo que garantiza privacidad y tranquilidad. Muy luminoso y soleado, gracias a sus tres huecos exteriores que aportan luz natural durante gran parte del día. La distribución actual ofrece 10 estancias, destacando: Un amplio salón con dos balcones exteriores. Una salita también exterior, conectada con una estancia interior utilizada como comedor. Tres habitaciones, dos de ellas más amplias. Dos salas de paso polivalentes. Baño completo. Cocina con despensa, con múltiples posibilidades de reforma. El estado general de la vivienda permite imaginar diversas opciones de redistribución o actualización para adaptarse a distintos estilos de vida, tanto como residencia habitual como inversión. *Otros datos de interés: . -Calefacción individual. . -Suelo de madera en la mayoría de las estancias. . -Gastos de comunidad: aproximadamente 80€/mes. - IBI, se informará. . -Derrama vigente hasta febrero de 2026: aproximadamente 100€/mes para mejoras estructurales relacionadas con el tejado. Una oportunidad única de adquirir una vivienda con carácter, en una de las zonas más demandadas y vibrantes de Madrid, rodeada de arquitectura emblemática, comercios exclusivos, excelentes comunicaciones y todos los servicios. INFORMACIÓN SOBRE SUPERFICIES: * SUPERFICIE CONSTRUIDA SEGÚN CATASTRO 165m2 de los cuales 137m2 corresponden a vivienda y 28m2 a elementos comunes. * SUPERFICIE SEGÚN NOTA SIMPLE: 143m2 * SUPERFICIE ÚTIL APROXIMADA: 127m2 * Información sobre honorarios: Nuestros honorarios serán por cuenta de la parte compradora a concretar, máximo por el 3% mediante factura de curso legal aumentando el IVA correspondiente. Su tranquilidad, nuestra preocupación.",False,renew,False,False,11853.0,True,False,True,True,[],False,True,1695000.0,€,flat,"Chueca-Justicia, Madrid",Piso,Top+,,,,,,,
105301291,https://img4.idealista.com/blur/480_360_mq/0/id.pro.es.image.master/e7/33/41/1255944435.webp,,46,,2450000.0,chalet,sale,482.0,,5,4,calle Río Guadiana,Madrid,Boadilla del Monte,Parque Boadilla,es,,40.4360892,-3.9187553,False,https://www.idealista.com/inmueble/105301291/,"En Boadilla del Monte, Blossom presenta este exclusivo chalet independiente sobre una amplia parcela de 2.587 m², ofreciendo una combinación perfecta entre diseño clásico renovado y las prestaciones de una vivienda de obra nueva. La vivienda cuenta con 482 m² construidos y una distribución cómoda y funcional. En la planta principal, un elegante salón-comedor de amplias dimensiones se integra a la perfección con la cocina abierta, totalmente equipada y con electrodomésticos de alta gama. Desde el salón y la cocina, se accede directamente al espectacular jardín, que ofrece un gran espacio verde, una zona chill-out, una pérgola ideal para reuniones al aire libre y una magnífica piscina dividida en dos áreas, una de mayor tamaño y otra más pequeña, perfecta para relajarse. Además, en esta planta encontramos un dormitorio con baño en suite y vestidor y un aseo de cortesía. La planta superior, la zona más privada de la vivienda, se distribuyen tres dormitorios, incluyendo el dormitorio principal con vestidor y baño en suite. La planta bajo rasante alberga una sala polivalente, ideal como sala de juegos, cine o despacho, además de un gimnasio privado, un baño completo y una zona de lavandería. Entre sus acabados destacan el sistema de aerotermia, las ventanas de cortizo con doble acristalamiento, y las persianas en la zona de noche, garantizando máximo confort y eficiencia energética. **Uno de los planos incluidos muestra una posible ampliación de la vivienda. Esta ampliación estaría incluida en el precio de venta. Una oportunidad única para vivir en un entorno privilegiado, con la tranquilidad de Boadilla y todas las comodidades de un hogar moderno y sofisticado.",True,good,False,,5083.0,True,False,True,False,[],False,True,2450000.0,€,chalet,"Parque Boadilla, Boadilla del Monte",Casa independiente en calle Río Guadiana,Top+,True,True,independantHouse,,,,
108294705,https://img4.idealista.com/blur/480_360_mq/0/id.pro.es.image.master/0b/09/f8/1347414744.webp,1683,20,8,1975000.0,flat,sale,256.0,True,4,3,calle del Padre Damián,Madrid,Madrid,Chamartín,es,Nueva España,40.4615106,-3.6861456,False,https://www.idealista.com/inmueble/108294705/,"En una octava planta exterior y con una superficie de 256 m², esta vivienda a reformar ofrece una oportunidad única para diseñar un hogar a medida en una de las zonas residenciales más cotizadas de Madrid. Gracias a su altura y orientación, disfruta de una magnífica luz natural durante todo el día. Dispone de una terraza de 30 m² con vistas despejadas, perfecta para crear un espacio exterior exclusivo. Su distribución actual permite múltiples opciones de reforma, con potencial para configurar 3 o 4 dormitorios según las necesidades del comprador. Ubicada en un edificio con zonas verdes, agradables espacios comunes y conserje, en una calle muy bien conectada, rodeada de servicios, colegios internacionales y transporte público. Una propiedad con alma y muchas posibilidades en el corazón de Chamartín.",False,renew,False,True,7715.0,True,False,True,False,[],False,True,1975000.0,€,flat,"Nueva España, Madrid",Piso en calle del Padre Damián,Top+,,,,,,,
108729062,https://img4.idealista.com/blur/480_360_mq/0/id.pro.es.image.master/07/c8/34/1355308901.webp,W-030P7Y,43,7,1050000.0,flat,sale,158.0,True,3,2,calle de la Estrella Polar,Madrid,Madrid,Retiro,es,Estrella,40.4091411,-3.6673304,False,https://www.idealista.com/inmueble/108729062/,"Piso reformado con garaje en Estrella Engel & Völkers presenta esta maravillosa vivienda situada a 10 minutos del Parque El Retiro, en el Barrio de Estrella- Retiro. En una séptima planta exterior, silenciosa y reformada recientemente con altas calidades. Su cómoda distribución define perfectamente los ambientes de día y de noche. Nos recibe un amplio salón-comedor con grandes ventanales y vistas totalmente despejadas que facilitan que la luz inunde esta estancia. A continuación, una amplia cocina independiente con área de lavandería y almacenaje. La zona de descanso cuenta con tres dormitorios y dos baños. Dispone de aire acondicionado por conductos, calefacción central, finca accesible para personas con movilidad reducida, con servicio de conserjería, ascensor, montacargas y un amplio trastero. Plaza de garaje incluida en el precio. Sin duda, se trata de una estupenda vivienda ubicada en una de las mejores zonas de Retiro, rodeada de todo tipo de servicios y comodidades. Te presentamos este exclusivo inmueble a menos de un kilómetro del Parque El Retiro. Esta ubicación te brinda una vida tranquila en un entorno ajardinado y bien comunicado, con las estaciones de metro Conde de Casal y Sainz de Baranda a tan solo unos pasos y varias líneas de autobús que te conectarán con toda la ciudad. Además, su fácil acceso a la M30, A3 y la estación del AVE Atocha te permitirá desplazarte con comodidad hacia cualquier destino. La Estrella es un barrio residencial altamente demandado. Aquí encontrarás todos los servicios necesarios para tu familia, colegios de renombre como Nuestra Sra. del Pilar o Montserrat se encuentran en las cercanías, garantizando una educación de calidad para tus hijos. Además, contarás con excelentes hospitales como el Niño Jesús o el Gregorio Marañón. Este barrio también te ofrece amplias zonas verdes, parques e instalaciones deportivas para disfrutar al aire libre. Podrás pasear por el Parque de Roma o incluso llegar al icónico Parque de El Retiro en solo 10 minutos andando. Si eres amante del deporte, el club Canoe y la piscina M86 serán tus destinos favoritos. La oferta gastronómica en la zona es excepcional, la calle Ibiza y Menéndez Pelayo albergan gran variedad de restaurantes. Y si eres un aficionado de las compras, un breve paseo te llevará a la zona comercial de Goya y al reconocido centro comercial El Corte Inglés. Ideal para familias con hijos, este entorno te brinda la combinación perfecta entre comodidad, calidad de vida y bienestar. No dejes escapar esta oportunidad. ¡Contacta con nosotros hoy mismo y comienza a vivir tu sueño!",True,good,False,True,6646.0,True,False,True,True,[],False,True,1050000.0,€,flat,"Estrella, Madrid",Piso en calle de la Estrella Polar,Top+,True,True,,,,,
106863133,https://img4.idealista.com/blur/480_360_mq/0/id.pro.es.image.master/da/06/a7/1296206785.webp,,58,,3300000.0,chalet,sale,594.0,,6,5,Urbanización Las Lomas,Madrid,Boadilla del Monte,Las Lomas,es,,40.4312974,-3.9024168,False,https://www.idealista.com/inmueble/106863133/,"Blossom te invita a descubrir esta impresionante vivienda unifamiliar situada en una excelente ubicación en la urbanización de Las Lomas en Boadilla del Monte. Construida sobre una parcela de 2.061 m² y con una superficie total de 594,66 m², esta casa destaca por su excelente distribución interior y acabados. Diseñada en tres plantas, combina funcionalidad, lujo y comodidad. Empezando por la planta baja, que tiene un total de 336 m², alberga una moderna cocina equipada con horno de leña y materiales de alta gama y un espacioso salón-comedor con un aseo. Le sigue la zona de descanso con 4 dormitorios, 2 baños y un impresionante dormitorio principal con baño en suite, vestidor, sauna húmeda y jacuzzi interior con regulador de temperatura. La planta primera, con un total de 110 m², cuenta con un gimnasio completo, sauna seca, ducha, bañera y aseo, además de un cuarto de instalaciones. La vivienda se complementa con una azotea que ofrece vistas espectaculares. Por último, en la planta sótano, de 148 m², se encuentran una amplia zona polivalente para múltiples usos, baño, almacén y un cuarto de servicio con baño en suite con acceso directo al jardín lo que lo hace independiente, con luz natural maximizando el confort y creando un ambiente acogedor. El exterior es igualmente impresionante, con un jardín que rodea la casa, césped artificial de bajo mantenimiento, una zona de aparcamiento con capacidad para 3 vehículos y una piscina de 75 m² ideal para disfrutar en familia o con amigos. Además, la vivienda está equipada con un sistema de aerotermia, garantizando eficiencia energética y sostenibilidad. No pierdas la oportunidad de vivir en un entorno exclusivo y con todas las comodidades en una ubicación privilegiada. Solicita más información si deseas y visita esta magnífica propiedad.",False,good,False,,5556.0,True,False,True,False,[],False,True,3300000.0,€,chalet,"Las Lomas, Boadilla del Monte",Casa independiente en Urbanización Las Lomas,Top+,,,independantHouse,,,,
106831016,https://img4.idealista.com/blur/480_360_mq/0/id.pro.es.image.master/98/8e/27/1295343413.webp,ONM2411003,16,6,2240000.0,flat,sale,136.0,True,2,2,paseo Castellana,Madrid,Madrid,Chamartín,es,El Viso,40.4385203,-3.6889293,False,https://www.idealista.com/obra-nueva/106831016/,"Has tuya una vivienda iconica en este singular proyecto se encuentra ubicado en el corazón de Madrid, entre los barrios más exclusivos como El Viso y Salamanca. Estas exclusivas viviendas de 2 a 4 habitaciones permiten que se entienda el lujo como todo un estilo de vida único y especial. Se trata de un concepto muy exclusivo con interiores abiertos y cálidos con los que se pretende conseguir confort y calidad de vida. Ponemos a su disposición la posibilidad de personalización de las viviendas en cuanto a distribución interior y acabados de lujo, acompañados de la marca Gunni & Trentino, permitiendo definir su interiorismo con el apoyo de nuestro equipo técnico. Este maravilloso proyecto es algo más que viviendas, esta creado para adaptarse al estilo de vida de sus residentes.  Gran Lobby de acceso al edificio en el que se ubica: Recepción con control de entrada y acceso al garaje, donde se encontrará el/la recepcionista y asistente. Gran salón para la recepción de visitas con iluminación natural a través de grandes ventanales que ofrecen unas magníficas vistas a un exquisito patio inglés. Espaciosa sala de co-living y de coworking equipadas para la celebración de Work meetings o fiestas. Valet parking. Sport Zone que cuenta con un exclusivo gimnasio equipado, sala para clases con personal trainer y sala de masaje. Spa Center. Gourmet Experience Space para la celebración momentos especiales. Te invitamos a vivir esta experiencia.",False,newdevelopment,True,True,16471.0,True,False,False,False,[],False,True,2240000.0,€,flat,"El Viso, Madrid",Piso en paseo Castellana,Top+,,,,False,,,
108709084,https://img4.idealista.com/blur/480_360_mq/0/id.pro.es.image.master/61/ba/24/1352799969.webp,VILLA 2,19,,2200000.0,chalet,sale,365.0,,5,7,"calle Pintura, 22",Madrid,Pozuelo de Alarcón,Zona norte,es,Zona norte,40.4521842,-3.8144831,True,https://www.idealista.com/obra-nueva/108709084/,"Singularidad, exclusividad y confort en un entorno natural privilegiado CIMA VILLAS es una promoción única compuesta por 5 villas independientes de 5 o más dormitorios, ubicadas en la zona más tranquila y residencial de Pozuelo de Alarcón, junto al Parque de Bellas Artes y a escasos minutos del Monte del Pilar. Una propuesta inmobiliaria singular que combina la exclusividad de vivir en una villa de autor con el confort de una vivienda pensada para disfrutar cada día con calma, luz y naturaleza. Una localización privilegiada  Situadas en una zona consolidada con todos los servicios —comercio, salud, deporte, cultura y los mejores colegios de Pozuelo—, CIMA VILLAS ofrece una excelente conexión con Madrid, gracias al rápido acceso a la M-40, M-30 y M-503, además de transporte público (autobuses, Cercanías Renfe y Metro Ligero). Arquitectura que inspira Cada una de estas 5 villas ha sido concebida con un diseño exclusivo y flexible, distribuido en cuatro plantas con amplias terrazas, piscina privada y garaje para tres o más vehículos. Viviendas con 5 o más dormitorios, 5 baños completos y 2 aseos, adaptables al estilo de vida de familias modernas que buscan equilibrio entre intimidad y vida compartida. Confort y eficiencia en cada detalle La orientación óptima y el diseño minucioso de cada estancia potencian la luz natural, las vistas panorámicas al skyline de Madrid y la integración con el entorno. Las villas han sido proyectadas para ofrecer el máximo nivel de confort, bienestar térmico y acústico, sin renunciar al estilo y la funcionalidad. Viviendas sostenibles y eficientes La sostenibilidad es un valor fundamental en CIMA VILLAS: todas las viviendas cuentan con la máxima calificación energética A, garantizando una eficiencia energética sobresaliente, un menor impacto ambiental y un importante ahorro en el consumo energético. CIMA VILLAS: Un proyecto exclusivo, singular y sostenible que redefine el concepto de vivir bien. Más información disponible en nuestra página web a pie de página.",True,newdevelopment,True,,6027.0,True,False,False,False,[],False,True,2200000.0,€,chalet,"Zona norte, Pozuelo de Alarcón","Casa independiente en calle Pintura, 22",Top+,True,True,independantHouse,False,,,
107187064,https://img4.idealista.com/blur/480_360_mq/0/id.pro.es.image.master/6a/29/d9/1335078680.webp,V1415MAC,48,1,3900000.0,flat,sale,539.0,True,6,4,Barrio Bernabéu-Hispanoamérica,Madrid,Madrid,Chamartín,es,Bernabéu-Hispanoamérica,40.4564962,-3.6895945,False,https://www.idealista.com/inmueble/107187064/,"John Taylor vende este espléndido piso exterior con reforma de lujo de 539m² construidos en una exclusiva ubicación con vistas despejadas. Esta excepcional vivienda ha sido reformada por un prestigioso estudio de arquitectura en colaboración con los propietarios, con especial atención al detalle y acabados de alta calidad. Su distribución optimiza la luminosidad y amplitud de todas las estancias. Al piso se accede a través de un elegante hall distribuidor con aseo de cortesía, que separa claramente la zona social de la zona privada. La parte social cuenta con dos amplios salones con chimenea de doble cara y un magnífico comedor, todos ellos exteriores y con acceso directo a una terraza de 90m², equipada con sofás, comedor exterior, barbacoa y toldos móviles para mayor privacidad. La cocina, separada del comedor por una cristalera, está completamente equipada con electrodomésticos de alta gama, frigoríficos dobles y una isla con espacio para comedor de diario. Además, dispone de despensa y una zona independiente de lavandería y plancha. La zona de servicio incluye una habitación en suite con entrada independiente. La zona privada cuenta con cinco habitaciones y tres baños. Destaca una habitación que puede funcionar como despacho o salón privado, conectada con la suite principal, que dispone de un espacioso vestidor y un baño en suite con bañera y ducha. Además, hay tres habitaciones adicionales, dos en suite y un vestidor común.  La propiedad dispone de dos plazas de garaje: una doble con acceso directo desde la vivienda y otra adicional en un edificio cercano, así como un trastero de 20m². El sistema de climatización mediante aire acondicionado por conductos de frío y calor garantiza el máximo confort durante todo el año. Los suelos de tarima de alta densidad y los cerramientos de última tecnología Teknal proporcionan un excelente aislamiento térmico y acústico. La vivienda está equipada con un sistema de domótica avanzada para el control de persianas eléctricas, climatización y seguridad. El edificio cuenta con servicio de portería física, asegurando privacidad y seguridad para los residentes.",True,good,False,True,7236.0,True,False,True,False,[],False,True,3900000.0,€,flat,"Bernabéu-Hispanoamérica, Madrid",Piso,Top+,True,True,,,,,
108508127,https://img4.idealista.com/blur/480_360_mq/0/id.pro.es.image.master/20/75/aa/1346990541.webp,W-030AOB,27,4,539000.0,flat,sale,63.0,True,2,2,calle de San Marcos,Madrid,Madrid,Centro,es,Chueca-Justicia,40.4207266,-3.6982669,False,https://www.idealista.com/inmueble/108508127/,"Propiedad de autor en Justicia En el corazón del barrio de Chueca, a pocos pasos de la Plaza de Chueca y la Plaza de Zerolo, se encuentra esta vivienda única, una obra de autor que destaca por su diseño artesanal y su estética cuidadosamente pensada. Reformado íntegramente, este piso combina sofisticación, funcionalidad y un estilo distintivo que lo convierte en una propiedad realmente especial. La vivienda ha sido concebida bajo una estética Japandi, que fusiona la calidez del diseño nórdico con la sobriedad y armonía del estilo japonés. El resultado son espacios serenos, con líneas limpias y materiales nobles, pensados para vivir con calma y equilibrio. El salón-comedor, amplio y luminoso, se integra con una cocina de diseño y está protagonizado por una pieza escultórica única: un banco-chimenea de hormigón realizado a mano, que funciona como el corazón del espacio y refleja el carácter exclusivo de la vivienda. Los suelos de cemento pulido, también elaborados artesanalmente, aportan continuidad y elegancia a cada estancia, mientras que los muebles hechos a medida en madera refuerzan la sensación de calidez y calidad. La distribución ha sido pensada para optimizar la funcionalidad sin renunciar al confort. El dormitorio principal cuenta con baño en suite y el segundo dormitorio puede funcionar como habitación de invitados o despacho. La vivienda dispone además de un aseo de cortesía y un lavadero independiente, ambos con luz natural. Cada detalle ha sido cuidadosamente elegido: grifería de alta gama Valaz, electrodomésticos integrados, sistema de climatización frío/calor y termo Ariston, ambos controlables vía WiFi, y un sistema de iluminación domotizada compatible con Alexa, Google y Smart Hub, que permite adaptar la atmósfera del hogar a cada momento del día. Esta propiedad es perfecta para quienes buscan una vivienda con alma en una de las zonas más dinámicas y cotizadas de Madrid, donde el diseño, la luz natural y la exclusividad se combinan en perfecta armonía. Engel & Völkers ofrece esta fantástica propiedad en el céntrico Barrio de Justicia, en una de las zonas más deseadas del centro de la capital. Se trata de una zona con un característico ambiente de lujo, chic y bohemio, a la vez que concentra simultáneamente una exquisita oferta cultural, gastronómica y de moda, fuera de lo corriente. Boutiques con una envidiable oferta en diseño y calidad a precios medio altos, galerías de arte y anticuarios distinguidos, librerías con encanto, restaurantes de renombrada reputación así como gastro-bares de nueva generación, pequeños cafés y comercios de alimentación con cuidada y selecta oferta entre los que se encuentra el conocido mercado de San Antón así como la bellísima oferta arquitectónica de sus edificios, han convertido el barrio de Justicia en uno de los más codiciados de la capital española atrayendo a un público con nivel sociocultural alto. El distrito de Justicia, nombre que le confiere el Tribunal de Justicia ubicado en la Plaza de París en el barrio de las Salesas está magníficamente ubicado entre los nobles y prestigiosos barrios de Recoletos, Salamanca y Almagro en Chamberí que de siempre formaron el cinturón más elegante y aristocrático de la ciudad. Dotado de muy buenas comunicaciones, ofrece numerosas líneas de autobuses, así como acceso a las estaciones de metro más cercanas de Alonso Martínez y Chueca.",False,good,False,False,8556.0,True,False,False,False,[],False,True,539000.0,€,flat,"Chueca-Justicia, Madrid",Piso en calle de San Marcos,Top+,,,,,560000.0,21000.0,4.0
107408742,https://img4.idealista.com/blur/480_360_mq/0/id.pro.es.image.master/d6/33/77/1311858945.webp,Vivienda 2,21,,4500000.0,chalet,sale,1104.0,,6,6,"de las Adelfas, 63",Madrid,Boadilla del Monte,Urb. este - Montepríncipe,es,,40.4118329,-3.8553245,True,https://www.idealista.com/obra-nueva/107408742/,"En Monteprincipe Blossom presenta Qhomes3.  Ubicada en una de las mejores zonas de Boadilla del Monte, en la urbanización de Montepríncipe, esta impresionante vivienda unifamiliar cuenta con seguridad 24 horas y destaca por su diseño moderno y amplios espacios. Con una parcela de 2.500 m² y una superficie construida de 1.103 m² en total, la vivienda se distribuye en tres plantas. En la planta baja, encontramos un elegante salón-comedor con grandes ventanales que inundan el espacio de luz natural y permiten el acceso directo al jardín con piscina. La cocina, totalmente equipada y con un diseño vanguardista, es ideal para los amantes de la gastronomía. En esta misma planta, hay tres dormitorios, todos con baño en suite, además de un aseo de cortesía. El diseño de los espacios interiores está inspirado en un concepto abierto que permite una transición fluida entre los diferentes ambientes.  La planta primera está destinada exclusivamente al dormitorio principal ocupando una posición privilegiada, con vistas al monte y sin presencia de otras casas a la vista, garantizando su total privacidad. Además, integra un amplio vestidor, un baño en suite con un gran ventanal y terraza privada con vistas al entorno. La planta bajo rasante alberga un amplio dormitorio de invitados con baño en suite, el dormitorio de servicio, además de una zona multiusos que puede usarse como sala de juegos, gimnasio o despacho. Además, dispone de dos patios ingleses permiten una iluminación natural excepcional, convirtiendo esta zona en un espacio habitable y funcional. Gracias a sus distintas orientaciones, las viviendas reciben luz natural durante todo el día, maximizando el confort y creando un ambiente cálido y acogedor. Además, las viviendas se enfocan en la eficiencia energética lo que garantiza un menor impacto ambiental y una gestión eficiente de recursos. El paisajismo de estas viviendas se ha diseñado para ofrecer una experiencia única de bienestar. La piscina exterior, la amplia zona de porche y terraza se convierte en el lugar perfecto para compartir reuniones familiares o con amigos, garantizando confort y privacidad. Por último, la vivienda dispone de un garaje con capacidad para cuatro vehículos en el sótano y una plaza adicional en la planta baja. Todo ello rodeado de un magnífico jardín diseñado para disfrutar de la tranquilidad y privacidad que ofrece esta propiedad.",True,newdevelopment,True,,4076.0,True,False,False,False,[],False,True,4500000.0,€,chalet,"Urb. este - Montepríncipe, Boadilla del Monte","Casa independiente en de las Adelfas, 63",Top+,True,True,independantHouse,False,,,
106260593,https://img4.idealista.com/blur/480_360_mq/0/id.pro.es.image.master/7d/2f/85/1277532717.webp,P3,20,,3200000.0,chalet,sale,1075.0,,5,5,"Retama, 17",Madrid,Boadilla del Monte,Valdepastores - Las Encinas,es,,40.4255099,-3.8740431,True,https://www.idealista.com/obra-nueva/106260593/,"En Monte de las Encinas, Blossom presenta QHomes4. Se ubica en Boadilla del Monte, en la exclusiva urbanización Monte de las Encinas. Rodeado de impresionante naturaleza, estas viviendas de diseño moderno se asientan en una parcela de 2.000 m2 y ofrece total privacidad con seguridad 24 horas. El exterior de Qhomes 4 se distingue por su diseño moderno con líneas limpias, colores neutros y una cuidadosa combinación de materiales. Esta simplicidad atemporal respeta el entorno y se centra en la eficiencia energética. El diseño equilibrado se integra armoniosamente con el entorno natural circundante. Amplios ventanales proporcionan luz natural y conectan de manera fluida el interior con el exterior. Todas las estancias de la casa están diseñadas para ofrecer la máxima comodidad. Se ha prestado atención a cada detalle, incluyendo los amplios vestidores en las habitaciones. La cocina cuenta con un concepto abierto al comedor, lo que crea un flujo continuo y una transición suave a la amplia terraza. La piscina interior es un oasis de relajación y entretenimiento durante todo el año, con sistema de filtración y climatización para mantener la calidad del agua y la temperatura adecuada. También podrá disfrutar en la piscina exterior, espacio ideal para disfrutar del aire libre y el ocio en familia. El paisajismo exterior se complementa con la arquitectura, agregando belleza y privacidad, y realzando la estética de la vivienda. ** Planos actualizados disponibles.",True,newdevelopment,True,,2977.0,True,False,False,False,[],False,True,3200000.0,€,chalet,"Valdepastores - Las Encinas, Boadilla del Monte","Casa independiente en Retama, 17",Top+,,,independantHouse,False,,,
108662688,https://img4.idealista.com/blur/480_360_mq/0/id.pro.es.image.master/e8/28/59/1351454978.webp,DS-P33104,22,5,2250000.0,flat,sale,174.0,True,3,3,calle de Claudio Coello,Madrid,Madrid,Barrio de Salamanca,es,Castellana,40.4370384,-3.6851756,False,https://www.idealista.com/inmueble/108662688/,"DIZA Consultores les presenta formidable piso de lujo con terraza y plaza de garaje en Claudio Coello. En la quinta planta de un edificio construido a mediados del siglo XX, encontramos este piso de 174 metros cuadrados. Se distribuye en recibidor, salón-comedor exterior muy luminoso con cocina integrada y terraza, tres dormitorios, dos con cuarto de baño en suite, siendo el principal exterior, y cuenta con otro cuarto de baño completo y zona de lavandería. La finca es señorial y dispone de portero físico, calefacción central y plaza de garaje grande. El barrio Salamanca se trata de una de las zonas más lujosas y con mejor calidad de vida de Europa. Gracias a la amplia oferta gastronómica, cultural y comercial, se trata de una formidable zona donde vivir e invertir. Estaremos encantados de atenderle. DIZA Consultores Inmobiliarios Inmobiliaria de lujo en Madrid especializada en comprar, vender y alquilar pisos en las zonas premium de Madrid: Barrio de Salamanca, Almagro, Chamartín, Retiro, Pozuelo, Aravaca, Boadilla. Convertimos Sueños en Hogares.",True,good,False,True,12931.0,True,False,False,False,[],False,True,2250000.0,€,flat,"Castellana, Madrid",Piso en calle de Claudio Coello,Top+,True,True,,,,,
108708138,https://img4.idealista.com/blur/480_360_mq/0/id.pro.es.image.master/e0/c4/ba/1352765614.webp,DS-P77767,34,3,950000.0,flat,sale,80.0,True,2,2,calle de Ayala,Madrid,Madrid,Barrio de Salamanca,es,Goya,40.4255856,-3.6682289,False,https://www.idealista.com/inmueble/108708138/,"DIZA Consultores les presenta piso de diseño reformado de lujo con dos dormitorios junto a Alcalá, en una de las zonas más tranquilas del Barrio Salamanca. En la tercera planta de un edificio construido a principios de los años XX, se encuentra este luminoso piso de diseño, de 80 metros cuadrados. Se trata de un piso donde se han cuidado todos los detalles, convirtiéndolo en un trofeo en la mejor zona de Madrid. El salón es la zona protagonista de la vivienda. Se trata de una estancia diáfana, muy luminosa, con la cocina integrada con electrodomésticos de alta gama. El piso consta de dos dormitorios, el principal con baño en suite y otro baño completo que sirve para dar servicio al segundo dormitorio y a las visitas. La reforma se ha llevado a cabo pensando en optimizar todos los espacios para vivir de forma continua en familia. Se han incorporado una gran cantidad de armarios, con materiales nobles.  El piso cuenta con calefacción individual y aire acondicionado por conductos. El barrio Salamanca se trata de una de las zonas más lujosas y con mejor calidad de vida de Europa. Gracias a la amplia oferta gastronómica, cultural y comercial, se trata de una formidable zona donde vivir e invertir. Estaremos encantados de atenderle. DIZA Consultores Inmobiliarios Inmobiliaria de lujo en Madrid especializada en comprar, vender y alquilar pisos en las zonas premium de Madrid: Barrio de Salamanca, Almagro, Chamartín, Retiro, Pozuelo, Aravaca, Boadilla. Convertimos Sueños en Hogares.",True,good,False,True,11875.0,True,False,False,False,[],False,True,950000.0,€,flat,"Goya, Madrid",Piso en calle de Ayala,Top+,,,,,,,
108700994,https://img4.idealista.com/blur/480_360_mq/0/id.pro.es.image.master/03/90/d0/1352555882.webp,DS-P77761.,60,5,3600000.0,penthouse,sale,360.0,True,3,4,calle de Padilla,Madrid,Madrid,Barrio de Salamanca,es,Lista,40.4327205,-3.6753481,False,https://www.idealista.com/inmueble/108700994/,"DIZA Consultores presenta ático dúplex adaptado a personas con movilidad reducida, con jacuzzi privado en la promoción de obra nueva más deseada del Barrio Salamanca. En la quinta planta de un edificio rehabilitado íntegramente donde únicamente se ha conservado la fachada, se encuentra este luminoso ático dúplex de 357 metros cuadrados con 91 en terraza. La urbanización cuenta con unas zonas comunes excepcionales, con una piscina exterior con zona de solárium, jardín con césped natural, chill out y gimnasio de lujo. La vivienda cuenta en la planta quinta del edificio con una amplia zona social con la cocina integrada con isla, comedor con capacidad para diez personas, techos altísimos y cuatro balcones con vistas al jardín de la urbanización. Junto a la cocina, en el lado opuesto al área social, se encuentra la zona de lavandería con un cuarto de servicio completo con baño. La zona de noche, se compone de dos amplios dormitorios, ambos en suite y un aseo de cortesía. Subiendo por las escaleras de obra de paso cómodo o el ascensor privado de la vivienda, se encuentra la gran terraza privada de la vivienda. Esta goza de gran privacidad, puesto que se encuentra por encima del resto de edificios. En sus 91 metros cuadrados hay espacio suficiente para una mesa de comedor, una zona de barbacoa y zona de solárium con jacuzzi. La vivienda ha sido adaptada para personas en silla de ruedas, con todos los muebles a la altura. Las puertas son de paso especial, así como el pasillo que comunica con el ascensor privado de la casa. Toda la vivienda posee una luz envidiable debido a su altura y orientación. La finca cuenta con portero físico. La calefacción es individual con suelo radiante y refrescante. La vivienda incluye dos plazas de garaje grandes de acceso directo en el edificio y un trastero. Puesto que es una vivienda de obra nueva, los impuestos para la compra son un 10% de IVA. Además, para equipar la comunidad, se abonarán 3.000 € como cuota de equipamiento. El Barrio Salamanca se trata de una de las zonas más lujosas y con mejor calidad de vida de Europa. Gracias a la amplia oferta gastronómica, cultural y comercial, se trata de una formidable zona donde vivir e invertir. Estaremos encantados de atenderle. DIZA Consultores Inmobiliarios Inmobiliaria de lujo en Madrid especializada en comprar, vender y alquilar pisos en las zonas premium de Madrid: Barrio de Salamanca, Almagro, Chamartín, Retiro, Pozuelo, Aravaca, Boadilla. Convertimos Sueños en Hogares.",True,good,False,True,10000.0,True,False,False,False,[],False,True,3600000.0,€,flat,"Lista, Madrid",Ático en calle de Padilla,Top+,True,True,penthouse,,,,
108336236,https://img4.idealista.com/blur/480_360_mq/0/id.pro.es.image.master/32/21/bf/1341077526.webp,,31,3,950000.0,flat,sale,92.0,True,2,2,de Ayala,Madrid,Madrid,Barrio de Salamanca,es,Goya,40.4281878,-3.6696753,False,https://www.idealista.com/inmueble/108336236/,"¡Tu nuevo hogar en el corazón de Madrid! Se vende fantástico piso exterior reformado con mucho gusto, ubicado en una finca representativa en una de las zonas más cotizadas de la ciudad. Ideal tanto para vivir como para invertir. La vivienda cuenta con dos amplias habitaciones con armarios empotrados y una excelente distribución que aprovecha al máximo cada metro cuadrado. Dispone también de un área de escritorio independiente, perfecta para teletrabajar o estudiar con comodidad. La cocina integrada destaca por su luminosidad y diseño funcional, equipada con electrodomésticos modernos y espacio más que suficiente para disfrutar del día a día. El salón-comedor, amplio y acogedor, invita a relajarse y compartir momentos en un entorno tranquilo y elegante. La vivienda se encuentra lista para entrar a vivir, con acabados de calidad y una reforma cuidada al detalle que combina estilo contemporáneo y calidez. El edificio dispone de ascensor, portero fisico y se encuentra en buen estado de conservación. Ubicado en una zona con todos los servicios al alcance: transporte público, comercios, restaurantes y zonas verdes. ¡Una oportunidad que no puedes dejar escapar! Contáctanos para más información o para concertar una visita.",True,good,False,True,10326.0,False,False,True,False,[],False,True,950000.0,€,flat,"Goya, Madrid",Piso en de Ayala,Top+,,,,,,,
108538083,https://img4.idealista.com/blur/480_360_mq/0/id.pro.es.image.master/d8/26/b7/1351994998.webp,d8e16a7c-8715-4d6d-ad3b-8a193bccad3f,39,5,699000.0,flat,sale,85.0,True,3,1,calle de Fernando el Católico,Madrid,Madrid,Chamberí,es,Arapiles,40.4343464,-3.7083275,False,https://www.idealista.com/inmueble/108538083/,"¡Ideal inversión! Vivienda con gran potencial de reforma en Arapiles, Chamberí Situada en una de las zonas más tradicionales de Madrid, esta propiedad de 85m2 que ofrecen una excelente oportunidad de personalización. Dispone de tres dormitorios y un baño, con una distribución espaciosa ideal para adaptar a las necesidades de una familia o inversores que busquen reformar a medida. El espacio interior destaca por su luminosidad natural y su acceso a una terraza privada, perfecta   para disfrutar del aire libre y de las vistas urbanas. Su estado actual permite una renovación integral, lo que brinda libertad para diseñar cada ambiente según gustos y preferencias. Extras y accesibilidad Entre sus comodidades, se incluye calefacción central y un diseño adaptado para personas con movilidad reducida, lo que garantiza accesibilidad y confort para todos los residentes. Características del edificio Ubicada en la 5 planta de un edificio clásico con ascensor, la finca cuenta con servicio de portería, una ventaja añadida que aporta seguridad y atención diaria. El entorno combina tradición arquitectónica con funcionalidad moderna, en una comunidad bien cuidada. Ubicación en el corazón de Chamberí Localizada en el barrio de Arapiles, dentro del emblemático distrito de Chamberí, esta vivienda se encuentra rodeada de todos los servicios necesarios: comercios, centros educativos, transporte público, zonas verdes y una animada oferta cultural. Una excelente elección para quienes valoran la vida urbana en una zona céntrica y con carácter.",True,renew,False,True,8224.0,True,True,False,False,[],False,True,699000.0,€,flat,"Arapiles, Madrid",Piso en calle de Fernando el Católico,Top+,,,,,735000.0,36000.0,5.0
107639072,https://img4.idealista.com/blur/480_360_mq/0/id.pro.es.image.master/be/ba/00/1318425941.webp,DS-P88025,16,ss,790000.0,flat,sale,91.0,True,2,2,calle de Castelló,Madrid,Madrid,Barrio de Salamanca,es,Recoletos,40.4245737,-3.6834948,False,https://www.idealista.com/inmueble/107639072/,"DIZA Consultores les presenta este magnífico inmueble totalmente reformado en la mejor zona de Recoletos. Se encuentra ubicado junto a la Puerta de Alcalá y el Parque del Retiro, donde la alta demanda de turistas durante todo el año hace que sea la zona mas rentable de toda la capital.  El piso se encuentra en un edificio de principios del siglo XX, con fachada representativa. Tiene 91 metros cuadrados, los cuales se distribuyen en estancias amplias y confortables. La zona social se compone de salón, desde el que tenemos acceso a un patio de uso privativo; cocina con electrodomésticos de primeras marcas, encimeras de material porcelánico de alta durabilidad con anti ralladuras y luz indirecta. Además, contamos con un espacio polivalente que puede servir de despacho, family room, o zona de juegos.  La zona de descanso se compone de dos amplios dormitorios dobles con armarios totalmente fabricados a medida. El principal cuenta con baño en suite y hay un segundo baño que da servicio al dormitorio secundario.  Las calidades de construcción son excelentes, con calefacción por suelo radiante y refrescante y cerramientos con aislamiento térmico y acústico.  El edificio tiene portal representativo y cuenta con conserje.  El Barrio Salamanca y en concreto la zona de Recoletos es una de las zonas más lujosas y con mejor calidad de vida de Europa. Gracias a la amplia oferta gastronómica, cultural y comercial, se trata de una formidable zona donde vivir e invertir. Inmobiliaria de lujo en Madrid especializada en comprar, vender y alquilar pisos en las zonas premium de Madrid: Barrio de Salamanca, Almagro, Chamartín, Retiro, Pozuelo, Aravaca, Boadilla. Convertimos Sueños en Hogares.",True,good,False,False,8681.0,True,False,False,False,[],False,True,790000.0,€,flat,"Recoletos, Madrid",Piso en calle de Castelló,Top+,,,,,,,
107323508,https://img4.idealista.com/blur/480_360_mq/0/id.pro.es.image.master/f3/e7/d2/1309558103.webp,FR204269,24,,1550000.0,chalet,sale,348.0,,4,5,calle Severo María Agustín,Madrid,Pozuelo de Alarcón,Zona Estación,es,Zona Estación,40.4460919,-3.8038672,False,https://www.idealista.com/inmueble/107323508/,"Gilmar presenta en exclusiva, una promoción de Obra Nueva de dos pareados en pleno corazón de Pozuelo. Este lujoso chalet pareado se encuentra en la última fase de la construcción, con una superficie total construida de 348,9 m2 distribuidos en tres plantas y sobre una parcela de 328 m2, esta propiedad es perfecta para aquellos que buscan un hogar espacioso, eficiente, moderno y elegante. La planta baja dispone de un recibidor, amplio espacio salón/comedor/cocina, un despacho (posible 4º dormitorio), baño con ducha, en la planta superior tiene 3 habitaciones dobles en suite y una zona de descanso. La vivienda cuenta con dos patios Ingleses que permiten una buena iluminación y ventilación de una planta sótano con un amplio espacio de más de 70m2 con multiples posibilidades de división en función de los gustos y necesidades del futuro propietario, además cuenta con un baño con ducha y un cuarto de lavado. La orientación sur de la vivienda permite disfrutar de una excelente iluminación natural durante todo el día, creando un ambiente cálido y acogedor. Además, cuenta con dos plazas de aparcamiento dentro de la parcela, lo que proporciona comodidad y seguridad para los vehículos de la familia. Este chalet se caracteriza por sus acabados de alta calidad. La carpintería interior es de madera lacada, lo que le da un toque de elegancia y sofisticación. La carpintería exterior es de aluminio con rotura de puente térmico y vidrios con control solar, lo que garantiza un buen aislamiento térmico y acústico. Además, cuenta con suelo radiante y refrigerante, lo que proporciona una temperatura agradable durante todo el año. El sistema de climatización incluye aerotermia lo que permite ajustar la temperatura a las necesidades de cada estación de una forma confortable y eficiente con calificación energética A tanto en consumos como en emisiones. En cuanto a las características exteriores, esta propiedad cuenta con una piscina privada, perfecta para disfrutar de los días soleados y refrescarse en verano. Además, el jardín ofrece un espacio tranquilo y relajante, ideal para disfrutar de momentos al aire libre en familia o con amigos. El barrio de Pozuelo de Alarcón es conocido por ser una zona residencial tranquila y segura. Además, cuenta con una gran variedad de servicios y comodidades, como colegios de prestigio, centros comerciales y zonas verdes. En un radio de 1 kilómetro, se encuentra los prestigiosos colegios San Luis de los Franceses, Liceo Sorolla, Escolapios, Kensington, San José de Cluny, etc, que ofrecen una educación de calidad a sus alumnos. En cuanto a las conexiones de transporte, la propiedad se encuentra cerca de la estación de RENFE Cercanías (líneas C-7 y C-10), dispone de numerosas líneas de autobuses (3, 560, 563, 650A, 656, N906), esto facilita el acceso a otras zonas de Madrid y proporciona una excelente comunicación con el resto de la ciudad. En resumen, este chalet pareado en Pozuelo de Alarcón es una oportunidad única para aquellos que buscan un hogar de lujo y elegancia. Con sus amplios espacios, acabados de alta calidad y excelentes características, esta propiedad es perfecta para aquellos que desean disfrutar de una vida cómoda y sofisticada. GILMAR es una reconocida compañía inmobiliaria que lleva desde 1983 ayudando a sus clientes a encontrar la casa de sus sueños. Con una amplia experiencia en el mercado inmobiliario, GILMAR se ha convertido en un referente en el sector, ofreciendo un servicio personalizado y de alta calidad. Si deseas más información sobre esta propiedad, no dudes en contactar con nuestro equipo en la oficina de Pozuelo de Alarcón, ubicada en la Avenida de Europa 14. Puedes llamarnos al o enviarnos un correo electrónico a. Recuerda proporcionarnos la referencia del inmueble (204269) para facilitar la gestión de tu consulta. Estaremos encantados de ayudarte a encontrar el hogar de tus sueños.",True,good,False,,4454.0,True,False,False,False,[],False,True,1550000.0,€,chalet,"Zona Estación, Pozuelo de Alarcón",Chalet pareado en calle Severo María Agustín,Top+,True,True,semidetachedHouse,,,,
107520669,https://img4.idealista.com/blur/480_360_mq/0/id.pro.es.image.master/06/b2/cc/1314897047.webp,DS-P94024,21,3,1600000.0,flat,sale,113.0,True,2,3,calle de O'Donnell,Madrid,Madrid,Barrio de Salamanca,es,Goya,40.4206031,-3.6771514,False,https://www.idealista.com/inmueble/107520669/,"DIZA Consultores les presenta piso muy luminoso en Goya, a dos manzanas del Parque del Retiro. En la tercera planta de un edificio construido en 1930, encontramos este luminoso piso de techos altos y 113 metros cuadrados, con tres huecos a la calle. La zona social se compone de salón, comedor con un gran ventanal y mirador con orientación de mañana y vistas despejadas al ser una calle ancha. La zona de descanso está compuesta por tres dormitorios dobles, el principal exterior a la calle, dos cuartos de baño y una estancia que se utiliza como vestidor y lavandería. La ubicación del inmueble es inmejorable, se encuentra a los pies de los mejores restaurantes de la capital y a un paso del Parque del Retiro. El barrio Salamanca se trata de una de las zonas más lujosas y con mejor calidad de vida de Europa. Gracias a la amplia oferta gastronómica, cultural y comercial, se trata de una formidable zona donde vivir e invertir. Inmobiliaria de lujo en Madrid especializada en comprar, vender y alquilar pisos en las zonas premium de Madrid: Barrio de Salamanca, Almagro, Chamartín, Retiro, Pozuelo, Aravaca, Boadilla. Convertimos Sueños en Hogares.",True,good,False,True,14159.0,True,False,False,False,[],False,True,1600000.0,€,flat,"Goya, Madrid",Piso en calle de O'Donnell,Top+,,,,,,,
