propertyCode,thumbnail,externalReference,numPhotos,price,propertyType,operation,size,rooms,bathrooms,address,province,municipality,district,country,latitude,longitude,showAddress,url,description,hasVideo,status,newDevelopment,priceByArea,hasPlan,has3DTour,has360,hasStaging,notes,topNewDevelopment,topPlus,priceInfo.price.amount,priceInfo.price.currencySuffix,priceInfo.price.priceDropInfo.formerPrice,priceInfo.price.priceDropInfo.priceDropValue,priceInfo.price.priceDropInfo.priceDropPercentage,detailedType.typology,detailedType.subTypology,suggestedTexts.subtitle,suggestedTexts.title,highlight.groupDescription,floor,exterior,neighborhood,hasLift,parkingSpace.hasParkingSpace,parkingSpace.isParkingSpaceIncludedInPrice,parkingSpace.parkingSpacePrice
106897730,https://img4.idealista.com/blur/480_360_mq/0/id.pro.es.image.master/36/c6/22/1316336295.webp,W-02Y3RX,35,520000.0,chalet,sale,238.0,4,3,Cerro Alarcón,Madrid,Valdemorillo,Cerro Alarcón,es,40.4626054,-4.0733276,False,https://www.idealista.com/inmueble/106897730/,"Magnífico Chalet con vistas en Valdemorillo Engel & Völkers tiene el placer de vender este magnífico chalet con unas vistas que no te dejarán indiferente, si vienes a visitarlo te enamorarás de lo que ves, del entorno de naturaleza, de los pájaros, de los paseos al lado del embalse de Cerro de Alarcón. Este bonito chalet dispone de 4 dormitorios bastante amplios y 3 baños completos. En la parte de abajo tenemos un dormitorio con un baño completo y en la parte superior 3 habitaciones con 2 baños, uno de ellos en suite. L a vivienda consta de 275 metros y 3 plantas, en la planta calle encontramos un gran salón con chimenea que te hará muy confortable las vivencias en la casa, con una bonita cocina con hermosas vistas, un porche acristalado, delicioso para una bonita lectura ó para descansar. En la planta de abajo, tiene una gran sala polivalente con salida al exterior muy confortable, perfecto para fiestas y para escuchar música. En la planta de arriba tenemos 3 habitaciones una de ellas la principal con un baño en suite y un increíble balcón con magníficas vistas a la montaña y toda la sierra. La habitación contigua también dispone de otro balcón igual donde podemos ver las impresionantes vistas a la sierra. Dispone de un cuarto de calderas y lo más importante dispone de placas solares y 2 baterías acumuladoras para mayor ahorro energético, aire acondicionado con bomba de frío y calor. La casa tiene un gran jardín que rodea toda la casa, unos árboles preciosos y una gran palmera que podemos destacar. Esta casa no le resultará indiferente, pronto podrá ver su hogar hecho realidad. Este Chalet se encuentra en el término municipal de Valdemorillo, en la bonita urbanización de Cerro de Alarcón que destaca por su bella naturaleza y el entorno paisajista que tiene, está muy cerca de El Escorial a 15 minutos y a media hora de Madrid y rodeada del embalse de Cerro de Alarcón.  En esta urbanización podemos destacar la presencia de un supermercado de la zona lo cual le da más comodidades con un restaurante y el autobús muy cerca para acceder directamente a Moncloa.  La vivienda está situada en la zona con mejores vistas de Cerro de Alarcón 2, cuenta con autobuses que llevan directamente a Moncloa, el 641, 642. Se trata de una urbanización muy bien cuidada, con grandes vistas, en la que se respira tranquilidad y relajación. La urbanización dispone de grandes zonas para dar bonitos paseos y poder relajarte y olvidarte de los días de trabajo, los fines de semana se convierten en momentos de relax total donde puedes invitar a los amigos a comer y cenar, disfrutando de la naturaleza. Está muy próximo a Villafranca del Castillo, donde se encuentra el prestigioso colegio del SEK. A tan solo 20 minutos de Majadahonda y a 35 minutos de Moncloa. Un entorno inigualable a muy pocos minutos de Madrid.",False,good,False,2185.0,False,False,False,False,[],False,False,520000.0,€,530000.0,10000.0,2.0,chalet,independantHouse,"Cerro Alarcón, Valdemorillo",Casa independiente,Destacado,,,,,,,
108441411,https://img4.idealista.com/blur/480_360_mq/0/id.pro.es.image.master/7c/1d/06/1345215150.webp,AA210786,29,399000.0,flat,sale,56.0,1,1,Barrio Guindalera,Madrid,Madrid,Barrio de Salamanca,es,40.4355106,-3.6659794,False,https://www.idealista.com/inmueble/108441411/,"Magnífico Apartamento en Guindalera Gilmar presenta en Exclusiva este magnífico apartamento a estrenar ideal como primera vivienda o inversión. Este estupendo apartamento destaca por ser muy luminoso con grandes ventanales y muy tranquilo. La cocina se entrega totalmente amueblada con muebles altos y bajos y equipada. La calefacción es por conducto Frío/Calor y el agua caliente por termo eléctrico. En el precio está incluido un trastero y plaza de garaje opcional. Se encuentra ubicado en el emblemático barrio de Guindalera. Cuenta con fácil acceso a través de las principales carreteras y buenas comunicaciones por transporte público. La parada de metro más cercana es Cartagena y Parque de las Avenidas, se encuentra a pocos minutos andando.  La zona cuenta con todo tipo de servicios básicos, el hospital más cercano se encuentra a pocos metros, farmacias, supermercados, bancos, diversos parques, restaurantes, comercios. La vivienda está ubicada en una zona muy bien comunicada con múltiples opciones de transporte público y un rápido acceso a la M-30 y la A-2, estando a pocos minutos del Aeropuerto Internacional de Madrid Barajas. Además, ofrece una amplia oferta de ocio y servicios, tiendas de todo tipo, gran variedad de restaurantes y cafeterías, parques y áreas verdes para disfrutar del aire libre. La ubicación de este piso es inmejorable. El barrio de Guindalera ofrece una gran variedad de servicios y comodidades. En sus proximidades se encuentra el Parque de las Avenidas, la Plaza de Toros de las Ventas y la Estación Avenida de América. También cuenta con una amplia oferta de parques, comercios, supermercados, centros educativos y deportivos. Además, dispone de una excelente selección de bares y restaurantes con terrazas que invitan a disfrutar de un ambiente relajado y familiar. En cuanto a las comunicaciones, este barrio cuenta con varias estaciones de metro cercanas, como Manuel Becerra, Diego de León y Ventas. También hay paradas de autobús en las inmediaciones, que ofrecen acceso directo a distintas zonas de Madrid. Además, la ubicación del piso permite un fácil acceso a la M30, lo que facilita los desplazamientos en coche. No dudes en contactarnos para obtener más información sobre esta propiedad. Desde 1983, Gilmar Consulting Inmobiliario ha estado ayudando a sus clientes a encontrar la casa de sus sueños, brindando un servicio profesional y personalizado. Nuestro equipo está disponible para responder a todas tus preguntas y acompañarte en todo el proceso de compra. Nos encontramos en la calle Corazón de María esquina con López de Hoyos. Puedes contactarnos a través del teléfono o por correo electrónico. ¡Esperamos poder ayudarte a encontrar tu nuevo hogar!",False,good,False,7125.0,False,False,False,False,[],False,False,399000.0,€,412000.0,13000.0,3.0,flat,,"Guindalera, Madrid",Piso,Destacado,1,True,Guindalera,True,True,False,28000.0
108036393,https://img4.idealista.com/blur/480_360_mq/0/id.pro.es.image.master/e0/27/62/1331898857.webp,,18,250000.0,duplex,sale,81.0,3,2,"travesía de la Pontezuela, 38",Madrid,Cercedilla,,es,40.7424119,-4.0546983,True,https://www.idealista.com/inmueble/108036393/,"Luminoso y moderno dúplex de 81 m² con 3 dormitorios en pleno corazón de Cercedilla Descubre este encantador piso dúplex situado en la segunda planta de un edificio residencial moderno (sin ascensor), a escasos pasos del Ayuntamiento y rodeado de todos los servicios del centro urbano. La vivienda, en excelente estado de conservación, ofrece una distribución funcional y acogedora. En la planta principal encontramos un amplio y luminoso salón-comedor con grandes ventanales que inundan el espacio de luz natural, una cocina independiente totalmente equipada y amueblada, con práctica despensa o cuarto de plancha, y un aseo de cortesía. La planta superior alberga tres generosos dormitorios, todos con grandes armarios empotrados, y un elegante baño completo con un espacioso plato de ducha. El piso cuenta con excelentes calidades: carpintería exterior de aluminio con rotura de puente térmico y ventanas Climalit, carpintería interior de madera maciza, suelos de madera, y calefacción y agua caliente mediante caldera eléctrica. Ubicación inmejorable, con supermercados, tiendas, bares y restaurantes a pie de calle. Muy bien comunicado: a pocos metros de la parada de autobús directo a Madrid y del parking municipal cubierto. Una oportunidad ideal para vivir o invertir en el centro de Cercedilla, listo para entrar a vivir. Este anuncio no es vinculante, puede contener errores. Se muestra a título informativo y no contractual.",False,good,False,3086.0,True,False,False,False,[],False,False,250000.0,€,,,,flat,duplex,Cercedilla,"Dúplex en travesía de la Pontezuela, 38",Destacado,1,True,,False,,,
108128331,https://img4.idealista.com/blur/480_360_mq/0/id.pro.es.image.master/11/b4/d4/1334699372.webp,W-02YYQJ,33,1660000.0,chalet,sale,580.0,6,6,Villafranca del Castillo,Madrid,Villanueva de la Cañada,Villafranca del Castillo,es,40.4709404,-3.9436076,False,https://www.idealista.com/inmueble/108128331/,"Magnífico chalet con piscina en Villafranca del Castillo Engel & Völkers da la bienvenida a esta magnífica y exclusiva residencia en Villafranca del Castillo, una joya del buen gusto, con elegancia en cada uno de sus rincones y lista para entrar a vivir. Al entrar, nos encontramos un amplio recibidor que da paso a un hermoso salón comedor, con chimenea, suelos de mármol y muchísima luz. Este salón tiene una salida directa a un agradable porche, dónde refugiarse tanto en verano con el calor y la piscina, como en invierno gracias a su cerramiento plegable. En esa misma planta tenemos un bonito aseo de cortesía para invitados, una amplia cocina, que da al jardín, un cuarto que actualmente sirve de zona de lavandería y un cuarto de baño para el servicio. También tenemos un cuarto, que actualmente sirve de despacho, muy cómodo, si se necesita una habitación en planta. Subiendo las escaleras se encuentra una preciosa habitación principal con un gran baño en suite, y cuatro dormitorios más, todos con mucha luz y de muy buen tamaño y dos baños completos. Todos los suelos son de parquet y mármol. Entre las características más destacadas de esta propiedad se encuentra su espléndido jardín, un oasis de tranquilidad que rodea una piscina preciosa, con una terraza y un porche que son una delicia y son ideales para disfrutar de los días soleados en una de las parcelas más tranquilas de Villafranca y en una ubicación privilegiada. Además, el sótano ofrece un espacio adicional para el entretenimiento o el almacenamiento. La casa está equipada con placas solares recién instaladas, subrayando un compromiso con la sostenibilidad. Para el bienestar personal también dispone de una sauna.  Esta residencia es más que una casa; es una declaración de estilo y sofisticación. Con su combinación de características modernas y un entorno sereno, esta propiedad es una oportunidad única para experimentar lo mejor de la vida de lujo. No deje pasar la oportunidad de hacer suya este increíble chalet de Villafranca del Castillo. Ubicada en el exclusivo enclave de Villafranca del Castillo, esta propiedad se encuentra en una de las zonas más codiciadas por los compradores de alto nivel. Villafranca del Castillo es conocida por su ambiente sereno y su entorno natural, ofreciendo un refugio de tranquilidad a tan solo 30 minutos en coche del bullicioso centro de Madrid. Este vecindario es sinónimo de lujo y privacidad, rodeado de impresionantes paisajes y residencias de alto standing. La infraestructura de la zona es excepcional, con fácil acceso a la autopista M-503, que conecta rápidamente con las principales arterias de la ciudad. Además, la proximidad a la estación de tren de Majadahonda, a solo 15 minutos en coche, facilita el acceso al transporte público. Los residentes disfrutan de una amplia gama de servicios de primera clase, incluyendo colegios internacionales de renombre, como el Colegio SEK y la Universidad Camilo José Cela, ambos a escasos minutos de distancia. Para los amantes del ocio y la cultura, Villafranca del Castillo ofrece una variedad de actividades recreativas. El Club de Golf Las Rejas y el Club de Campo Villa de Madrid están a corta distancia, proporcionando instalaciones deportivas de élite. Además, el Parque Regional del Curso Medio del Río Guadarrama ofrece rutas de senderismo y espacios naturales para disfrutar al aire libre. En resumen, esta propiedad no solo ofrece una residencia de lujo, sino también una ubicación que combina a la perfección exclusividad, comodidad y un estilo de vida sofisticado. Es un lugar donde la elegancia y la tranquilidad se encuentran, ofreciendo a sus residentes una experiencia de vida inigualable.",False,good,False,2862.0,False,False,False,False,[],False,False,1660000.0,€,1750000.0,90000.0,5.0,chalet,independantHouse,"Villafranca del Castillo, Villanueva de la Cañada",Casa independiente,Destacado,,,,,,,
107724388,https://img4.idealista.com/blur/480_360_mq/0/id.pro.es.image.master/cb/92/d1/1320926183.webp,W-02Z3EW,18,425000.0,flat,sale,93.0,2,1,Barrio Ventilla-Almenara,Madrid,Madrid,Tetuán,es,40.4683179,-3.6962962,False,https://www.idealista.com/inmueble/107724388/,"Moderno piso en Almenara Bienvenido a un este apartamento, refugio,en el corazón de Madrid, Engel & Völkers inmobiliaria de lujo comercializa esta vivienda en pleno barrio de Almenara. Al entrar, se despliega el salón con cocina integrada muy confortable y luminoso. La habitación principal de buen tamaño con lindas vistas, la segunda habitación puede utizarse para despacho o cuarto de niños. El piso dispone de 1 baño completo y armarios empotrados. Todos los espacios han sido muy bien aprovechados para disfutar de una vida tranquila y cómoda. Un lindo suelo de parquet aporta calidez.  El edificio de solo cuatro plantas comparte una terraza en la azotea, para tomar el sol en verano, con vistas espectaculares a las cuatro torres y a la variedad de pequeños edificios que rodean la calle, cuenta a su vez con un patio de desahogo para barbacoas. Se vende con muebles y electrodomésticos. Este apartamento es una rara oportunidad de vivir en un entorno que combina la historia y la modernidad en pleno Madrid, con ubicación estratégica. No deje pasar la oportunidad de hacer suyo este refugio confortable y funcional en una de las capitales más dinámicas del mundo. Almenara, en Tetuán, Madrid, es un barrio que susurra historias de transformación, es donde el viejo encanto de Madrid se encuentra con lo nuevo, creando un tapiz de riqueza cultural y renovación urbana. La zona ha experimentado una revitalización significativa, mezclando su arquitectura tradicional de baja altura con diseños más contemporáneos. Uno de los aspectos más notables es su proximidad a la emblemática Cuatro Torres Business Area, además, el Instituto de Empresa (IE), situado cerca de las torres, aporta un alumnado internacional. A 20 minutos andando se encuentra Caleido, la plataforma de vanguardia de la ciudad que aglutina las últimas experiencias en los sectores de la moda, el ocio, la gastronomía, la cultura y la innovación y que transforma e inspira la sociedad madrileña del futuro. El piso se ubica a pocos metros de la Estación Ventilla, y la Avenida Asturias, con sus mercados de domingo. En una calle tranquila con todas las posibilidades de conseguir una plaza donde parquear en minutos. Próximo al intercambiador de la Plaza de Castilla, y de la estación de tren de Chamartín, terminal de la mayoría de trenes de media y larga distancia hacia el norte de España, incluido el AVE; dotado de aparcamiento público y Zona SER 64.  Ofrece una amplia gama de farmacias, colegios, iglesias, polideportivos, hoteles, el Centro Cultural Eduardo Úrculo, el nuevo Centro Gastronómico de Madrid Norte, el Mercado San Leopoldo. Son de destacar los Hospitales Carlos III y el Universitario La Paz, las Torres KIO y los Juzgados de Plaza Castilla, y el Museo Centro de Exposiciones Arte Canal, los Parques Agustín Rodríguez Sahagún y la Ventilla.",True,good,False,4570.0,False,False,False,False,[],False,False,425000.0,€,435000.0,10000.0,2.0,flat,,"Ventilla-Almenara, Madrid",Piso,Destacado,1,True,Ventilla-Almenara,True,,,
104107073,https://img4.idealista.com/blur/480_360_mq/0/id.pro.es.image.master/51/12/3a/1210019012.webp,4440,15,175000.0,flat,sale,63.0,3,1,Cl. Luis Torres,Madrid,Alcalá de Henares,Juan de Austria,es,40.4861409,-3.3559269,False,https://www.idealista.com/inmueble/104107073/,"Oportunidad de inversión: INMUEBLE ALQUILADO. Renta actual: 673 €/mes. Fecha de fin de contrato: 10/2027. IMPOSIBILIDAD DE VISITAR LA VIVIENDA. Piso en Alcalá de Henares, Madrid. Dispone de una superficie de 63 m² distribuidos en 3 habitaciones, un luminoso salón-comedor con acceso a una terraza acristalada, cocina amueblada y 1 baño completo con bañera y ventana. Cerca de comercios, restaurantes, supermercados, centros educativos, centros sanitarios, zonas verdes y paradas de autobús. Con acceso fácil acceso a la A-2. LAS FOTOGRAFIAS PUEDEN NO CORRESPONDERSE CON EL ESTADO ACTUAL DEL INMUEBLE. Consulte con nuestro Agente Comercial la información adicional sobre el inmueble y las condiciones especiales de compraventa.",False,renew,False,2778.0,True,False,False,False,[],False,False,175000.0,€,,,,flat,,"Juan de Austria, Alcalá de Henares",Piso en Cl. Luis Torres,Destacado,2,True,,False,,,
108905438,https://img4.idealista.com/blur/480_360_mq/0/id.pro.es.image.master/e9/65/df/1358506992.webp,A-182,6,298000.0,flat,sale,72.0,2,1,Barrio Palomeras sureste,Madrid,Madrid,Puente de Vallecas,es,40.3879344,-3.6438473,False,https://www.idealista.com/inmueble/108905438/,"Se vende Bonito piso exterior con terraza, distribuido en un recibidor, a continuación nos encontramos un amplio salón-comedor, actualmente utilizado como dormitorio y comedor, ofrece un ambiente espacioso, luminoso y versátil, con acceso a una amplia terraza exterior, la cocina amueblada independiente con terraza-tendedero, dos amplios dormitorios y un cuarto de baño completo. La vivienda ha sido recientemente reformada, incluyendo la renovación completa de la instalación eléctrica y de fontanería, lo que garantiza máxima seguridad, eficiencia y confort. La finca dispone de ascensor. Con una excelente ubicación junto a la avenida de la Albufera, una de las arterias principales de Vallecas y mejor comunicadas de Madrid, además del transporte público con numerosas líneas de autobuses, a cinco minutos de la estación de metro y a escasa distancia se encuentra todo tipo de servicios, comercios y zonas verdes.    Con fácil acceso a las principales vías de entrada y salida de la ciudad (M-30, M-40 y A-3).",False,good,False,4139.0,False,False,False,False,[],False,False,298000.0,€,,,,flat,,"Palomeras sureste, Madrid",Piso,Destacado,4,True,Palomeras sureste,True,,,
108615010,https://img4.idealista.com/blur/480_360_mq/0/id.pro.es.image.master/ae/c8/88/1358187501.webp,86068088,59,2200000.0,chalet,sale,850.0,7,5,calle Playa de Comillas,Madrid,Boadilla del Monte,Bonanza,es,40.4504514,-3.8962669,False,https://www.idealista.com/inmueble/108615010/,"Casa o Chalet independiente en urbanización Bonanza, Boadilla del Monte VERALTIA presenta en exclusiva esta propiedad ubicada en Boadilla del Monte, en la urbanización Bonanza, una de las zonas residenciales más consolidadas y demandadas del noroeste de Madrid. Con vigilancia 24 horas, rápido acceso a la M-50 y M-40, y todos los servicios a pocos minutos. Chalet independiente de 850 m² construidos sobre una parcela llana de 2.120 m², con excelentes zonas exteriores, piscina de cloración salina y garaje para 6 vehículos. La vivienda cuenta con 7 dormitorios, 5 baños completos y 1 aseo de cortesía. Dispone además de una buhardilla de 100 m² diáfanos con baño, fácilmente convertible en apartamento independiente. Destaca de esta propiedad su diseño funcional y espacios amplios y luminosos. Distribución: Planta principal: - Imponente hall-recibidor con conexión visual al hueco de escalera y techos de 8 metros de altura, generando una atmósfera amplia y luminosa. - Espectacular salón de 120 m² con grandes ventanales y salida al jardín. - Cocina con acceso directo al porche y zona de piscina. - Aseo de cortesía. - 2 dormitorios (uno con baño en suite y el otro con salida al porche). Primera planta: 5 dormitorios, 3 con baño en suite. Dormitorio principal de grandes dimensiones con chimenea, vestidor y baño con jacuzzi. Todas las habitaciones de esta planta tienen terraza, aire acondicionado, abundante luz natural y absoluta privacidad. Segunda planta: Espaciosa buhardilla de 100 m² con baño completo. Un espacio perfecto para todo tipo de necesidades. Por sus dimensiones puede convertirse en un apartamento independiente con dormitorio, cocina, baño y salón. Planta sótano: - Garaje con capacidad aproximada para 6 coches - Sala polivalente ideal para ubicar una bodega, un gimnasio o sala de juegos. - Sala de bricolaje - Cuarto de máquinas y trastero Extras y características:. Piscina 12x6 m renovada en 2023, con playa, cascada y liner efecto arena (Rentolit Alkorplan). Suelo antideslizante imitación mármol (Rosa Gres, 2023).  Caseta de obra para maquinaria y utensilios.  Acceso privado a parcela colindante no urbanizable (uso exclusivo, ideal mascotas).  Riego automático (instalado hace 3 años), también en césped artificial.  Calefacción por gasóleo y bombas de calor.  Termo eléctrico bajo consumo (300 L) + acumulador de gasóleo (500 L).  Instalación eléctrica renovada en 2021. Seguridad 24 h con patrullas y respuesta en 2 min. Cámaras conectadas con Policía Local. Gastos de comunidad: 287,41 €/trimestre. IBI: 2.178 €/año Ubicación estratégica: A solo 7 min de grandes superficies, restaurantes y el Hospital Puerta de Hierro. Fácil acceso a M-50 y M-40 (25 min al aeropuerto, 15 minutos al centro de Madrid). Parada de bus a 5 min a pie. Zona con colegios privados e internacionales: Trinity College (dentro de la propia urbanización), Saint Michael’s, Thames, Mirabal, entre otros. Club David Lloyd. Ubicada en calle muy tranquila, sin apenas tráfico.",True,good,False,2588.0,True,False,False,False,[],False,False,2200000.0,€,2290000.0,90000.0,4.0,chalet,independantHouse,"Bonanza, Boadilla del Monte",Casa independiente en calle Playa de Comillas,Destacado,,,,,True,True,
108521127,https://img4.idealista.com/blur/480_360_mq/0/id.pro.es.image.master/ca/ff/1c/1347376417.webp,PR01597,48,850000.0,flat,sale,104.0,3,2,"calle de Narváez, 39",Madrid,Madrid,Retiro,es,40.4199654,-3.6757737,True,https://www.idealista.com/inmueble/108521127/,"Madrid, barrio de Retiro. - Fabuloso piso en el barrio de Retiro de 105 metros cuadrados de superficie en una cuarta planta orientación este a un gran patio de manzana que asegura luminosidad y tranquilidad. El piso está distribuido en hall, salón comedor, tres dormitorios dobles con un cuarto de baño completo, un aseo y una gran cocina con office. La vivienda se encuentra situada en uno de los barrios más demandados de Madrid, a 5 minutos andando de el Parque de El Retiro y con toda clase de servicios a la puerta de casa, desde farmacias, comercios de todo tipo, terrazas, restaurantes, hospitales, etc. A nivel de comunicaciones, el metro más cercano es la estación de Ibiza, que se encuentra a 4 minutos andando, con otras posibilidades como la estación de Goya o Príncipe de Vergara. Autobuses a la puerta de casa con multitud de líneas de transporte. El barrio también tiene una salida rápida a la M30. Sin duda una oportunidad para vivier en una de las mejores zonas de Madrid.",False,good,False,8173.0,True,False,False,False,[],False,False,850000.0,€,,,,flat,,"Ibiza, Madrid","Piso en calle de Narváez, 39",Destacado,4,False,Ibiza,True,,,
108514651,https://img4.idealista.com/blur/480_360_mq/0/id.pro.es.image.master/71/dd/76/1347189241.webp,,36,445000.0,chalet,sale,194.0,4,3,calle Jilguero s/n,Madrid,Sevilla la Nueva,,es,40.3497804,-4.0318928,True,https://www.idealista.com/inmueble/108514651/,"CAPITAL HOME VENDE EN EXCLUSIVA MAGNIFICO CHALET! Descubre este encantador chalet adosado, que se encuentra en perfecto estado de conservación y listo para entrar a vivir. Con 194 m² construidos, esta vivienda cuenta con un diseño funcional y luminoso que la convierte en el hogar perfecto para familias. Disfruta de sus 4 amplias habitaciones, incluyendo un dormitorio en planta baja ideal para invitados o personas con movilidad reducida. Además, cuenta con 3 baños completos, garantizando comodidad para todos los miembros de la familia. El salón-comedor es un espacio acogedor y luminoso, perfecto para compartir momentos inolvidables. La cocina funcional ofrece acceso directo al patio delantero, donde podrás disfrutar de agradables comidas al aire libre. En el primer piso, tres dormitorios te esperan, uno de ellos con baño en suite para mayor privacidad.  Este chalet también destaca por sus múltiples espacios exteriores, incluyendo un patio trasero privado y un balcón, ideales para disfrutar del entorno tranquilo que lo rodea. La buhardilla versátil ofrece la posibilidad de crear un espacio adicional según tus necesidades. Además, cuenta con un garaje independiente y trastero, brindando el espacio de almacenamiento que toda familia necesita. Con calefacción de bomba de frío/calor y una orientación sur-este, este hogar asegura confort durante todo el año. No dejes pasar la oportunidad de visitar este magnífico chalet adosado, donde cada rincón está pensado para ofrecer calidad de vida a sus habitantes. ¡Tu nuevo hogar te espera!",False,good,False,2294.0,True,False,False,False,[],False,False,445000.0,€,,,,chalet,terracedHouse,Sevilla la Nueva,Chalet adosado en calle Jilguero s/n,Destacado,,,,,True,True,
107863207,https://img4.idealista.com/blur/480_360_mq/0/id.pro.es.image.master/32/b6/ce/1326566826.webp,85672352,52,3390000.0,flat,sale,438.0,4,3,calle Mayor,Madrid,Madrid,Centro,es,40.4148536,-3.7061268,False,https://www.idealista.com/inmueble/107863207/,"Propiedad Modernista en Palacio Ritmo y elegancia en el corazón del Madrid de los Austrias Hay espacios que no solo se habitan, se sienten. Esta vivienda, ubicada en uno de los pocos edificios modernistas de Madrid, parece respirar a otro ritmo. Con casi 400 m² y una estructura exterior bañada en luz natural gracias a sus tres balcones con balaustrada y un encantador mirador, esta casa con techos que rozan los 4 metros, combina presencia, historia y movimiento. Dentro, el movimiento es fluido. La secuencia de salones, la amplitud de la cocina, la armonía entre zonas privadas y sociales… todo invita a crear. Molduras, frisos, pilares y vidrieras originales dialogan con quien entra y permanecen como testigos de una época que dejó belleza en cada instante. El dormitorio principal, amplio y con baño en suite, incluye un mirador que se abre como una pausa luminosa. La chimenea, clásica y elegante, añade ese tempo pausado que invita a descansar. Completan la vivienda otros dos dormitorios y dos baños, junto a una zona de día compuesta por varios salones y una cocina con potencial para convertirse en un auténtico centro de encuentro y creación. Pero quizás lo más valioso de esta propiedad sea su capacidad de transformarse sin perder su esencia. Es un lienzo abierto, dispuesto a acoger nuevas estéticas, nuevas formas de habitar, sin renunciar a la joya que ya es: un tesoro arquitectónico, con alma e infinitas posibilidades. El edificio, con su fachada blanca y limpia de líneas modernistas, cuenta con servicio de portería. Un entorno silencioso, cuidado y lleno de valor arquitectónico. Características Principales  * Ubicación: Barrio de Palacio, Madrid de los Austrias * Superficie construida: cerca de 400 m² * Exterior: Tres balcones y un mirador * Altura de techos: casi 4 metros * Conservación de elementos originales: molduras, pilares, frisos, vidrieras * Dormitorio principal con chimenea y baño en suite * Dos dormitorios adicionales, dos baños * Zona de día amplia: varios salones y cocina espaciosa * Edificio modernista con fachada blanca y servicio de portería Para quienes entienden el arte de habitar. Información y visitas bajo consulta directa.",False,good,False,7740.0,True,False,False,False,[],False,False,3390000.0,€,3450000.0,60000.0,2.0,flat,,"Sol, Madrid",Piso en calle Mayor,Destacado,2,True,Sol,True,,,
105274161,https://img4.idealista.com/blur/480_360_mq/0/id.pro.es.image.master/d2/e5/72/1247120405.webp,,25,583000.0,chalet,sale,414.0,5,4,"calle Valle del Alberche, 118",Madrid,Guadarrama,,es,40.6450853,-4.0362679,True,https://www.idealista.com/inmueble/105274161/,"Agencia inmobiliaria de GUADARRAMA zona GUADARRAMA Oficina HOGARES: EN VENTA: ESPECTACULAR CHALET GUADARRAMA, cercano a zonas verdes, colegios, parada de autobús, etc.… Impresionante chalet independiente, con una superficie construida de 414 metros cuadrados y situado en una parcela de 962 metros cuadrados, que combina lujo y confort en un entorno natural privilegiado, contando con placas solares, suelo radiante y aerotermia. La propiedad se distribuye en tres plantas, ofreciendo espacios amplios y bien diseñados para satisfacer todas las necesidades de una vida moderna. Primera Planta:  Al llegar a la propiedad, somos recibidos por un encantador paseo a través del jardín, que conduce a un porche cubierto. Este espacio al aire libre es ideal para disfrutar de momentos de tranquilidad y relax, rodeado de la belleza del entorno ajardinado. Al cruzar la puerta principal, nos encontramos con un amplio hall de entrada que da la bienvenida con una sensación de grandeza. Este espacio luminoso y acogedor, con su diseño refinado, actúa como el corazón de la casa, conectando de manera fluida con las diferentes estancias de la primera planta. Desde aquí, se puede acceder a un espacioso salón comedor con chimenea, y una amplia cocina moderna totalmente equipada, cada uno de ellos diseñado para maximizar el confort y la funcionalidad. La primera planta también alberga un baño completo y dos luminosas habitaciones, una de ella con baño en suite y otra que puede ser utilizada como dormitorio de invitados, proporcionando versatilidad y adaptabilidad a las necesidades familiares. Planta Superior:  Subiendo por una elegante escalera de mármol, accedemos a la planta superior, donde se encuentra la zona privada de la casa. Aquí, los residentes pueden disfrutar de la tranquilidad y privacidad en las tres amplias habitaciones, un amplio baño con bañera, un vestidor abierto, una zona de biblioteca y una terraza con vistas al jardín. Planta Baja:  La planta baja del chalet ofrece un espacio multifuncional que puede adaptarse a una variedad de usos según las preferencias de los propietarios. Este nivel incluye una amplia bodega equipada con barra, horno, plancha con extractor y un aseo perfecto para celebraciones con familia y amigos. Además, se encuentran aquí varias áreas de almacenamiento y acceso directo al garaje que tiene capacidad para varios vehículos. Exteriores:  La parcela que rodea la casa ofrece un oasis de paz y naturaleza. La zona ajardinada está diseñada para disfrutar al máximo del aire libre, con espacios para comer, una zona de barbacoa, y un área de piscina que promete refrescantes momentos de ocio durante los meses más cálidos. En resumen, este chalet independiente es una residencia de lujo que ofrece una combinación perfecta de espacios amplios y bien diseñados, comodidades modernas y un entorno natural encantador. Ideal para aquellos que buscan un hogar exclusivo donde disfrutar de una vida de calidad. Destacar la disponibilidad de buenas comunicaciones: Autopista A-6, parada de autobuses dirección a Madrid, cercano al centro de Guadarrama y Collado Villalba y servicios como comercios, restaurantes… Ven a verlo! este es tu HOGAR! No te quedes sin el! Nuestra trayectoria en el sector nos hace ser LIDERES en el municipio de Guadarrama, por lo que anticípese y no pierda esta oportunidad, no durara mucho a la venta! No duden en ponerse en contacto con nosotros para poder ver la vivienda. No te quedes sin ella! ""JUNTOS HACEMOS HORAGES"" Posdata: NO se olvide de consultar por nuestras condiciones de FINANCIACIÓN hasta el 100%, por nuestro departamento FinanHogar! déjese asesorar por los profesionales. Este anuncio no es vinculante, puede contener errores. Se muestra a título informativo y no contractual.",False,good,False,1408.0,True,True,False,False,[],False,False,583000.0,€,,,,chalet,independantHouse,Guadarrama,"Casa independiente en calle Valle del Alberche, 118",Destacado,,,,,True,True,
108813775,https://img4.idealista.com/blur/480_360_mq/0/id.pro.es.image.master/08/12/4e/1355885516.webp,ARRO-26,26,390000.0,flat,sale,105.0,3,2,calle de Fuentevaqueros,Madrid,Fuenlabrada,El Arroyo - La Fuente,es,40.2748927,-3.7884864,False,https://www.idealista.com/inmueble/108813775/,"PISO TOTALMENTE REFORMADO EN 2023 Y CON FINANCIACIÓN HASTA EL 100%! La agencia inmobiliaria HOGARES FUENLABRADA VENDE EN EXCLUSIVA piso EXTERIOR de 105m compuesto por 3 amplios dormitorios, 2 baños completos con bañera y mampara, salón independiente muy luminoso y cocina independiente con tendedero cerrado, trastero y garaje en el mismo edificio.  La vivienda dispone de suelo de tarima, ventanas de climalit oscilobatientes, puertas de roble lacadas en blanca, cocina totalmente equipada, 2 aires acondicionados en salón y habitación principal, 2 armarios empotrados y calefacción INDIVIDUAL DE GAS NATURAL.  ¡VIVIENDA EN BUEN estado de conservación! urbanización cerrada con piscina; próximo a todos los servicios: colegios, supermercados, zonas verdes y deportivas, centro de salud, a menos de 10 minutos de Renfe y Metro Fuenlabrada Central. VISÍTALO SIN COMPROMISO, TE CONSEGUIMOS HASTA EL 100% DE FINANCIACIÓN CON LAS MEJORES CONDICIONES!",True,good,False,3714.0,True,False,False,False,[],False,False,390000.0,€,,,,flat,,"El Arroyo - La Fuente, Fuenlabrada",Piso en calle de Fuentevaqueros,Destacado,3,True,,True,True,True,
108350301,https://img4.idealista.com/blur/480_360_mq/0/id.pro.es.image.master/df/b0/d0/1341499865.webp,,16,1100000.0,flat,sale,115.0,3,2,calle de Ventura de la Vega,Madrid,Madrid,Centro,es,40.4138493,-3.6985301,False,https://www.idealista.com/inmueble/108350301/,"Vivienda de carácter único, ubicada en el exclusivo y vibrante Barrio de las Letras, esta propiedad de 115 m² en la primera planta de un majestuoso edificio clásico ofrece una oportunidad excepcional para aquellos que buscan residir en el corazón cultural de Madrid. Su distribución, que incluye 3 generosas habitaciones y 2 baños completos, ha sido cuidadosamente pensada para ofrecer una armoniosa combinación de confort y funcionalidad. Cada rincón de esta vivienda destila el encanto de la arquitectura tradicional madrileña, con techos altos y suelos de madera que aportan una cálida elegancia. Meticulosamente renovada y diseñada, está preparada para entrar a vivir.  La ubicación es, sin duda, uno de sus mayores atractivos. A tan solo unos minutos de la Plaza Mayor, el Museo del Prado y el Parque del Retiro, esta vivienda permite disfrutar de la riqueza histórica, cultural y gastronómica de uno de los barrios más emblemáticos y codiciados de Madrid. Una propiedad única en un enclave incomparable, perfecta para quienes buscan una residencia que combine la sofisticación de la tradición madrileña con la comodidad de vivir en el epicentro de la ciudad.",False,good,False,9565.0,True,False,False,False,[],False,False,1100000.0,€,,,,flat,,"Huertas-Cortes, Madrid",Piso en calle de Ventura de la Vega,Destacado,1,True,Huertas-Cortes,False,,,
107927554,https://img4.idealista.com/blur/480_360_mq/0/id.pro.es.image.master/c8/de/1a/1328566553.webp,Luna1041,36,432000.0,flat,sale,137.0,4,2,calle Terradas,Madrid,Getafe,El Rosón - Kelvinator,es,40.316422,-3.7315078,False,https://www.idealista.com/inmueble/107927554/,"¡SIN COMISIONES! Aprovecha la oportunidad de tener un amplio piso en una de las zonas más demandadas de Getafe. ¿Por qué? Porque es un barrio tranquilo, con muchos servicios a mano y además a pocos minutos de la estación de Getafe Central (con Cercanías y Metrosur). Tiene salida y entrada directa desde la carretera de Toledo (A-42). El piso tiene 110 metros útiles, destacando en su amplitud el salón con 24 m2, la cocina con 14 m2 y el dormitorio principal con 14 m2. Tiene armarios empotrados en todas las habitaciones y en la entrada, así es que espacio de almacenamiento no falta. Tiene un suelo de parquet de espiga, muy bien conservado y ventanas de aluminio blanco con cristales climalit para un aislamiento térmico y acústico de calidad. NO COBRAMOS COMISIÓN a compradores ni por la compra ni por la búsqueda de financiación, nosotros lo hacemos gratis. Trabajamos en Getafe desde hace 25 años, pásate a conocernos o pregunta por nosotros.",False,good,False,3153.0,True,False,False,False,[],False,False,432000.0,€,460000.0,28000.0,6.0,flat,,"El Rosón - Kelvinator, Getafe",Piso en calle Terradas,Destacado,1,True,,True,True,True,
108878845,https://img4.idealista.com/blur/480_360_mq/0/id.pro.es.image.master/53/4c/4f/1357738387.webp,,23,660000.0,flat,sale,132.0,5,2,calle de Tomás Bretón,Madrid,Madrid,Arganzuela,es,40.3978168,-3.6968625,False,https://www.idealista.com/inmueble/108878845/,"Piso en 2ª planta exterior: 4 dormitorios, salón, cocina y 2 cuartos de baños completos. Distribución: Al exterior dan el amplio salón y la terraza. A un amplio patio de manzana orientación sur y oeste luminoso y silencioso se asoman 3 de los 4 dormitorios, los 2 baños y la cocina. A un segundo patio más pequeño se asoma el quinto dormitorio. La finca es de buena calidad, el portal reformado dispone de rampa y servicio de portería. El Inmueble tiene buena posibilidad de uso, necesita reforma completa. Zona con todos los servicios en las proximidades y en pleno desarrollo: correos, supermercados escuelas, farmacias, gimnasio y restaurantes y numerosas líneas de autobús y cercanías. Conexión con accesos a M-30 y M-40.",False,renew,False,5000.0,True,False,False,False,[],False,False,660000.0,€,,,,flat,,"Delicias, Madrid",Piso en calle de Tomás Bretón,Destacado,2,True,Delicias,True,,,
104597197,https://img4.idealista.com/blur/480_360_mq/0/id.pro.es.image.master/f8/39/1a/1329800915.webp,W-02VEJT,25,290000.0,flat,sale,45.0,1,1,Barrio Palacio,Madrid,Madrid,Centro,es,40.4091423,-3.7105166,False,https://www.idealista.com/inmueble/104597197/,"Propiedad reformada y amueblada en el corazón de La Latina Engel & Völkers presenta esta especial propiedad en el corazón de La Latina, en el Barrio de Palacio. Ubicada en un cuidado edificio de 1880 tradicional de la zona, sus aproximadamente 45 metros cuadrados construidos han sido reformados para darle una distribución que ha sabido aprovechar al máximo su tamaño, dotándola de todas las comodidades.  Se distribuye en un baño completo, una cocina independiente, una salón comedor y un dormitorio doble en el que también tiene cabida una zona de estudio o trabajo. La propiedad se entrega íntegramente amueblada y equipada con electrodomésticos de gama alta, y constituye una oportunidad única de inversión en este demandado barrio de origen medieval. Tiene la particularidad de contar con un acceso directo y privado a través de una terraza abierta a un cuidado patio que recuerda las características corralas de este histórico barrio de Madrid. La propiedad se encuentra en una de las zonas más demandadas, el barrio de Palacio en el distrito Centro de Madrid, cuyas plazas, calles y edificios han sido testigos de la historia. De hecho, el barrio de La Latina debe su nombre al apodo de la humanista castellana Beatriz Galindo, un personaje relevante del siglo XV, ya que fué dama de compañía y consejera de Isabel La Católica, además de preceptora de sus hijos. En el barrio se alternan la tradición y la modernidad, lo castizo y las últimas tendencias. Una variedad que encontramos también en su amplia dotación comercial, hotelera y de ocio. En la misma línea, la zona ofrece una enorme oferta gastronómica que abarca desde establecimientos tradicionales madrileños a otros de perfil más internacional y cosmopolita, cuyos ejemplos podemos encontrar en lugares cómo la Cava Baja o la Plaza de la Paja.  A escasos minutos andando de la vivienda, se encuentran, entre otros puntos de interés, la basílica de San Francisco, el Teatro de La Latina o el Museo de San Isidro. Cuenta con todo tipo de servicios, que incluyen diversas opciones de transporte público, paradas de taxi y varios aparcamientos subterráneos. Un entorno, en definitiva, bien dotado, vibrante y moderno y, a la vez, lleno de historia.",True,good,False,6444.0,False,False,True,False,[],False,False,290000.0,€,,,,flat,,"Palacio, Madrid",Piso,Destacado,1,True,Palacio,False,,,
108666039,https://img4.idealista.com/blur/480_360_mq/0/id.pro.es.image.master/a5/b9/4d/1351558110.webp,PR99559469,92,1825000.0,chalet,sale,480.0,5,5,Villafranca del Castillo,Madrid,Villanueva de la Cañada,Villafranca del Castillo,es,40.4749545,-3.9417112,False,https://www.idealista.com/inmueble/108666039/,"^**^ESPECTACULAR VILLA DE LUJO DE DISEÑO CONTEMPORÁNEO EN LA PRADERA DE VILLAFRANCA DEL CASTILLO^**^  Presentamos una joya arquitectónica única, casi a estrenar, en una de las zonas más codiciadas del noroeste de Madrid. Esta villa independiente, finalizada en diciembre de 2022, combina a la perfección la elegancia del diseño contemporáneo con las más altas calidades constructivas y tecnológicas. Cada rincón ha sido concebido para ofrecer una experiencia de vida sofisticada, privada y absolutamente exclusiva. Desde el primer paso, esta residencia impresiona por su luminosidad y amplitud. La planta principal se abre con un hall que conecta con un salón-comedor de dimensiones excepcionales, rodeado de ventanales que inundan el espacio de luz natural y ofrecen vistas y acceso directas a un jardín paisajístico de revista. La cocina, equipada con electrodomésticos de alta gama Dietrich, es un verdadero espacio gourmet con zona de desayuno y espacio para comedor informal, ideal para quienes valoran el diseño sin renunciar a la funcionalidad. En esta misma planta encontramos una estancia polivalente pensada como sala de estar, gimnasio o zona de ocio, un dormitorio en suite, aseo de cortesía, cuarto de instalaciones y un garaje cerrado con capacidad para dos vehículos, más un cómodo aparcamiento exterior. La planta superior se convierte en un auténtico santuario de descanso. Aquí se ubican cuatro dormitorios, incluyendo una suite principal que redefine el concepto de lujo: más de 60 m² dedicados al confort, con una chimenea de diseño “Gota”, vestidor tipo “walk-in” y un baño espectacular con bañera y ducha independientes. Todo ello rodeado de silencio, privacidad y una cuidada selección de materiales nobles y acabados de la más alta calidad. La vivienda está equipada con tecnología domótica de última generación, climatización por suelo radiante y refrescante mediante aerotermia, cámaras de seguridad, alarma, preinstalación de placas solares y todos los elementos que garantizan el máximo confort con eficiencia energética (certificado A). En el exterior, el diseño continúa siendo protagonista. Varios porches y terrazas cubiertas permiten disfrutar del jardín en cualquier época del año. La zona posterior de la vivienda, conectada directamente con el salón, ofrece una imponente piscina rodeada de vegetación, iluminación nocturna y un sistema de riego automático que transforma el entorno en un auténtico oasis privado. Ubicada en la prestigiosa urbanización La Pradera de Villafranca del Castillo, esta propiedad garantiza un estilo de vida sereno, seguro y exclusivo. Rodeada de naturaleza y privacidad, la urbanización cuenta con vigilancia 24h, club social privado, colegios internacionales (SEK, Zola), universidad privada, hospital de referencia (Puerta de Hierro), así como todos los servicios esenciales a escasos minutos. Esta villa no es solo una casa. Es una declaración de estilo de vida. Una residencia pensada para quienes buscan lo extraordinario y desean vivir en un entorno de lujo, confort y absoluta privacidad. Este anuncio no es vinculante y puede contener errores. Se muestra a título informativo y no es contractual.  NO COBRAMOS COMISIÓN AL COMPRADOR.",True,good,False,3802.0,True,False,True,False,[],False,False,1825000.0,€,,,,chalet,independantHouse,"Villafranca del Castillo, Villanueva de la Cañada",Casa independiente,Destacado,,,,,True,True,
108589455,https://img4.idealista.com/blur/480_360_mq/0/id.pro.es.image.master/b6/8f/2a/1349306227.webp,3-210,41,590000.0,flat,sale,81.0,3,1,"calle de Vallehermoso, 53",Madrid,Madrid,Chamberí,es,40.4363477,-3.7086801,True,https://www.idealista.com/inmueble/108589455/,"Vivienda de 81 m² construidos y 73 m² útiles, distribuida en tres habitaciones, un baño completo, salón amplio y luminoso con orientación exterior, y cocina independiente totalmente equipada. Ubicada en un edificio con encanto construido en 1935, que se conserva en buen estado. La ITE fue favorable en 2020. La finca cuenta con ascensor y portero físico en horario de oficina, de lunes a viernes. La vivienda destaca por su excelente luminosidad, especialmente en la zona del salón, así como por la tranquilidad que ofrecen las estancias interiores. Dispone de calefacción individual por gas natural mediante radiadores, y agua caliente también individual. Gracias a su estructura basada en pilares, la propiedad ofrece múltiples posibilidades de reforma y redistribución según necesidades o proyecto de vida. Ha estado alquilada durante los últimos cinco años por los mismos inquilinos, quienes han valorado especialmente la comodidad, el bienestar y la calidad de vida que ofrece esta vivienda.  La ubicación es uno de sus grandes atractivos: a escasos metros del Mercado de Vallehermoso, zonas deportivas como el Estadio Vallehermoso y las instalaciones del Canal, y rodeada de servicios esenciales como supermercados, farmacias y el Centro de Salud Cea Bermúdez. En cuanto a educación, cuenta con varios centros públicos y concertados en menos de 5 minutos caminando: EEI Vallehermoso, CP Fernando el Católico, CP Claudio Moyano e IES Joaquín Turina, además de numerosas guarderías. A nivel universitario, se encuentra muy cerca de la Ciudad Universitaria, con acceso rápido a la Complutense, Politécnica, CEU San Pablo y más. Las conexiones de transporte son excelentes, con paradas de metro como Islas Filipinas y Canal, y múltiples líneas de autobús en las inmediaciones. Muy bien comunicada mediante transporte público, con estaciones de metro como Islas Filipinas y Canal a menos de diez minutos a pie. También dispone de buen acceso en coche a la A-6 (Carretera de La Coruña) y arterias principales del centro de Madrid como Alberto Aguilera o Cea Bermúdez. La zona ofrece además una amplia oferta de plazas de aparcamiento en alquiler. Los últimos inquilinos pagaban 1200€ al mes, estuvieron cinco años. La reforma de luz y agua fue en 2016; también se cambió toda la cocina y el baño, el suelo se acuchilló y se pintó toda la casa en 2021. La compra de esta vivienda está condicionada al proyecto de uso planteado, estando expresamente prohibida su explotación turística o similar. Está dirigida a un comprador finalista que desee residir de forma habitual, en convivencia y armonía con la comunidad. Gastos de comunidad: 134 € al mes IBI anual: 460 € ITE: Favorable (2020) Honorarios de agencia: 1,5% Si necesitas financiación, o quieres pedir presupuesto para una reforma, estoy seguro de que en Hemic Properties no te defraudaremos, no dudes en preguntarnos cómo funciona, otros proyectos, o lo que necesites, nuestra labor es facilitar la operación.",True,good,False,7284.0,True,False,False,False,[],False,False,590000.0,€,620000.0,30000.0,5.0,flat,,"Arapiles, Madrid","Piso en calle de Vallehermoso, 53",Destacado,1,True,Arapiles,True,,,
108688240,https://img4.idealista.com/blur/480_360_mq/0/id.pro.es.image.master/fa/0a/a6/1352184757.webp,PR99559471,25,15000000.0,duplex,sale,1500.0,5,6,Barrio Nuevos Ministerios-Ríos Rosas,Madrid,Madrid,Chamberí,es,40.445788,-3.6969288,False,https://www.idealista.com/inmueble/108688240/,"^**^THE ONE^**^ LUJO EXCLUSIVO -ÁTICO DÚPLEX ÚNICO EN MADRID CON MÁS DE 1.500 M² Y TERRAZAS PRIVADAS CON PISCINA ^**^ *** UNA PROPIEDAD COMPLETAMENTE A ESTRENAR! The One, un ático dúplex verdaderamente irrepetible en el corazón de Madrid. Ubicado en un edificio señorial junto al Paseo de la Castellana, esta joya arquitectónica eleva el concepto de exclusividad a su máxima expresión. Con más de 1.500 m² construidos entre vivienda y espacios exteriores, The One es actualmente el único ático de estas características en venta en todo Madrid. El ático cuenta con 600 m² construidos en dos plantas conectadas por escaleras interiores y exteriores: una planta principal de 400 m² y una planta superior de 150 m². Su exterior suma 750 m² de terrazas privadas, con vistas panorámicas que abrazan el skyline madrileño. La terraza principal está equipada con iluminación led perimetral, riego automático, zona de bar y barbacoa, porche cubierto, toldos motorizados, piscina infinity climatizada con nado contracorriente, escaleras romanas, iluminación integrada, vestuarios independientes y un elegante frente acristalado que potencia la sensación de amplitud. En la planta superior, una terraza de casi 300 m² se sitúa entre las más altas de Madrid, ofreciendo vistas despejadas únicas, absoluta privacidad y un entorno ideal tanto para la contemplación como para la celebración de eventos selectos. Todos los dormitorios son en suite, con baño privado y vestidor, bañados por luz natural y acabados con materiales de altísima gama. La cocina destaca por su isla central suspendida de diseño vanguardista, e incluye una completa zona de servicio con lavandería y dormitorio en suite. The One está diseñado para satisfacer los más altos estándares de sostenibilidad y eficiencia energética: aislamiento térmico y acústico, climatización por suelo radiante y refrescante mediante aerotermia y calidades compatibles con certificación Passivhaus. Dispone de dos amplias plazas de garaje contiguas, y acceso directo e independiente a la terraza principal mediante uno de los cinco ascensores del edificio, una rareza que refuerza su carácter excepcional. Situado a escasos metros del eje financiero y empresarial de Madrid, este ático se erige en una de las zonas más prestigiosas de la capital, rodeado de arquitectura clásica, boutiques de lujo, restaurantes de autor y una red de transporte privilegiada. A un paso del complejo AZCA, el Paseo de la Castellana y el Estadio Santiago Bernabéu, The One ofrece una experiencia de vida donde el lujo, la privacidad y el dinamismo urbano conviven en perfecta armonía. La vivienda ha sido concebida como una obra maestra del diseño contemporáneo, ejecutada con estándares técnicos y estéticos excepcionales por un equipo de arquitectos e interioristas de reconocido prestigio. Cada rincón de The One ha sido proyectado para ofrecer una experiencia residencial incomparable: luz natural, volúmenes amplios, acabados de lujo y una integración perfecta entre interior y exterior. The One no es solo una vivienda, es una declaración de intenciones. Para quienes buscan lo extraordinario, lo escaso, lo incomparable. Este anuncio no es vinculante y puede contener errores. Se muestra a título informativo y no es contractual. NO COBRAMOS COMISIÓN AL COMPRADOR.",True,good,False,10000.0,True,False,False,False,[],False,False,15000000.0,€,,,,flat,duplex,"Nuevos Ministerios-Ríos Rosas, Madrid",Dúplex,Destacado,10,True,Nuevos Ministerios-Ríos Rosas,True,True,True,
108852402,https://img4.idealista.com/blur/480_360_mq/0/id.pro.es.image.master/a0/17/1b/1357013329.webp,ARRO-25,22,279000.0,flat,sale,105.0,3,2,calle de Suiza,Madrid,Fuenlabrada,Centro,es,40.2807221,-3.8027988,False,https://www.idealista.com/inmueble/108852402/,"PISO TOTALMENTE REFORMADO Y CON FINANCIACIÓN HASTA EL 100%! La agencia inmobiliaria HOGARES FUENLABRADA VENDE EN EXCLUSIVA piso EXTERIOR de 105m compuesto por 3 amplios dormitorios, 1 baño completo con plato de ducha y 1 aseo, salón de paso muy luminoso con terraza abierta, cocina americana con tendedero cerrado y garaje. La vivienda dispone cerámico, ventanas de climalit oscilobatientes, puertas de roble lacadas en blanco, cocina totalmente equipada, 2 Split de A/C ubicado en salón y habitación principal, y 2 armarios empotrados y calefacción INDIVIDUAL DE GAS NATURAL.  Ubicado en edificio que dispone de ascensor y fachada rehabilitada. ; próximo a todos los servicios: colegios, supermercados, zonas verdes y deportivas, centro de salud, a menos de 10 minutos de Renfe y Metro Fuenlabrada Central y de Metro Parque Europa. VISÍTALO SIN COMPROMISO, TE CONSEGUIMOS HASTA EL 100% DE FINANCIACIÓN CON LAS MEJORES CONDICIONES!",True,good,False,2657.0,True,False,False,False,[],False,False,279000.0,€,,,,flat,,"Centro, Fuenlabrada",Piso en calle de Suiza,Destacado,6,True,,True,True,True,
108234091,https://img4.idealista.com/blur/480_360_mq/0/id.pro.es.image.master/6b/1e/6a/1337931648.webp,202524,32,245000.0,chalet,sale,200.0,6,3,calle Clavel,Madrid,El Álamo,,es,40.2297834,-3.9900287,False,https://www.idealista.com/inmueble/108234091/,"CAPITAL HOME el Álamo vende en EXCLUSIVA, este increíble inmueble en el centro de el municipio, ideal para familias o inversores. Esta casa se encuentra ubicada en un lugar excepcional dentro de el pueblo, a menos de 150 metros de cualquier servicio; supermercados, estación de transporte publico, institutos y la plaza de el pueblo.  Esta vivienda tiene tres viviendas construidas en un total de 200 m2 dentro de una superficie de 280 m2. Reubicadas en una casa en planta de unos 94 m2, y en la parte trasera con acceso independiente desde el callejón de calle alcantarillas, se sitúa dos pisos de 86 m2. Vivienda en planta, contamos con acceso desde calle clavel a un patio delantero, desde el que accedemos a la casa. Donde encontramos 3 habitaciones, salón, cocina y baño. La calefacción de gasoil, con ventanas y radiadores cambiados recientemente. Desde la cocina accedemos al patio trasero de 150 m2, donde localizamos un trastero de unos 50 m2 con cocina de exterior.  Lo más increíble de esta casa es la edificación que tiene en la parte posterior de la vivienda, un ""mini piso"" en dos plantas con dos viviendas, contador de luz y acceso desde el callejón de forma independiente a la vivienda. Ambos pisos están para reformar, pero encontramos en la parte baja, un piso de 1 habitación, baño, cocina y salón estilo office. Y en la planta primera, dos habitaciones, salón y cocina independientes con un curato de baño.  Es una vivienda ideal para inversores y sacar un triple rentabilidad por el precio de una casa, o el espacio ideal para familias de gran tamaño con viviendas independientes y zonas comunes.  Contamos con departamento financiero propio! que te permitirá acceder a esta vivienda, no dudes en llamarnos y concertar una visita.",True,renew,False,1225.0,True,True,False,True,[],False,False,245000.0,€,,,,chalet,terracedHouse,El Álamo,Chalet adosado en calle Clavel,Destacado,,,,,,,
108747542,https://img4.idealista.com/blur/480_360_mq/0/id.pro.es.image.master/03/ea/99/1353938339.webp,RP512025139963,16,209000.0,flat,sale,60.0,2,1,calle del Doctor Zofío,Madrid,Madrid,Carabanchel,es,40.3956106,-3.7370876,False,https://www.idealista.com/inmueble/108747542/,"¡Oportunidad en Calle Doctor Zofío! Piso exterior de 2 habitaciones con excelente comunicación Se vende acogedor piso en la calle Doctor Zofío, en un primer piso sin ascensor, ideal para quienes buscan vivir en una zona tranquila pero bien conectada. La vivienda cuenta con 60 m² construidos y una distribución funcional: 2 dormitorios, salón, cocina y baño completo. Destaca por ser exterior por ambos lados, lo que le aporta mucha luz natural y buena ventilación durante todo el día. La habitación principal cuenta con acceso a una terraza cerrada, perfecta como zona de desahogo o pequeño rincón de lectura. Además, dispone de calefacción individual por gas natural, lo que garantiza confort durante los meses más fríos. La ubicación es inmejorable: a pocos minutos a pie de la parada de autobús (119) y con fácil acceso a estaciones de metro (línea 6) y principales vías de comunicación. En los alrededores encontrarás supermercados, colegios, farmacias, centros de salud y todo tipo de servicios que hacen la vida más cómoda. Ideal tanto para vivir como para invertir. ¡No dejes pasar esta oportunidad!",False,renew,False,3483.0,True,False,True,False,[],False,False,209000.0,€,220000.0,11000.0,5.0,flat,,"San Isidro, Madrid",Piso en calle del Doctor Zofío,Destacado,1,True,San Isidro,False,,,
108734069,https://img4.idealista.com/blur/480_360_mq/0/id.pro.es.image.master/2a/de/5a/1353564754.webp,8888PV-M,90,2000000.0,chalet,sale,1500.0,10,7,avenida de Tielmes,Madrid,Carabaña,,es,40.2579051,-3.232229,False,https://www.idealista.com/inmueble/108734069/,"Mr. House Real Estate te ofrece en VENTA una VERDADERA JOYA como residencia o negocio, Se encuentra a poco más 30 minutos de Madrid, en plena naturaleza. Una espectacular VILLA de 1.500 m2 construidos sobre 4.000 m2 de parcela, con materiales de Lujo y acabados de primera calidad. La combinación de historia, naturaleza y lujo convierte a La Villa Romana en una PROPIEDAD ÚNICA. Esta propiedad se podría dividir en varias SECCIONES DIFERENCIADAS: SECCIÓN 1.-JARDÍN: Dos columnas romanas presiden el majestuoso jardín, un río artificial fluye a lo largo de este, con luz sumergida y peces. Una noria antigua adorna la estancia, con islas ajardinadas comunicadas con puentes de madera, todo ello con vistas a la gran piscina y a la impresionante cascada a tres alturas hecha con piedra natural. - COCINA CAMPERA cubierta y abierta por tres lados, construida en madera y con vistas a la vivienda y al jardín. La cocina está equipada con horno de asar, barbacoa y calefactor de leña - BAÑO COMPLETO - CUARTO DE HERRAMIENTAS - PISCINA CON CASCADA. Preciosa piscina de 13 x 8m con luz sumergida y gran cascada de piedra natural. - PORCHE: situado frente a la piscina. SECCIÓN 2.- VIVIENDA: 2.1.VIVIENDA PRINCIPAL. - Planta 0: entrada principal a HALL con doble comunicación y acceso a vivienda con efecto cortaviento. SALÓN con grandes ventanales panorámicos, vistas al jardín y chimenea. Además de COMEDOR independiente, con salida directa al jardín. La COCINA es de madera de primera calidad. Desde el HALL se accede a la planta de arriba, mediante una ESCALERA de madera próxima a zona de cerchas cubierta también de madera. - Planta 1: Esta vivienda posee 4 dormitorios. Desde la HABITACIÓN PRINCIPAL se accede a la buhardilla, situada en la última planta. Esta estancia posee VESTIDOR INDEPENDIENTE y BAÑO COMPLETO. Además, consta de 3 DORMITORIOS MÁS muy amplios con armarios empotrados y balcones, todos ellos próximos a CUARTO DE BAÑO COMPLETO. - Planta 2: BUHARDILLA muy amplia construida en madera vista y con vistas al pasillo de la planta inferior. 2.2. ESTANCIAS DE OCIO: - SPA ROMANO: inspirado en las Termas Romanas y construido con piedra Egipcia. Se compone de: JACUZZI con cascada de hidroterapia y capacidad para 8 personas; SAUNA FINLANDESA iluminada con fibra óptica, BAÑO TURCO, DUCHA y diversos detalles romanos. - BODEGA: preciosa estancia del siglo XVIII con detalles labriegos, lagar de vino y degustación. Posee sistema de refrigeración natural y ACCESO A LA VIVIENDA DEL SERVICIO DOMÉSTICO. - BODEGÓN: Sala de reuniones y eventos recubierta con barricas de roble cocina de hierro antigua y gran chimenea de 6 metros de altura. Acceso a la planta superior, actualmente enfocada a salón de juegos, biblioteca y museo. Toda esta estancia está abuhardillada y construida con madera de primera calidad. 2.3. SEGUNDA VIVIENDA. VIVIENDA RURAL. - Planta 0: DOS DORMITORIOS CON BAÑOS COMPLETOS Y SALAS, para el servicio doméstico de la finca. - Planta 1: ENTRADA al estilo del siglo XIX con dos accesos (Suroeste y Noroeste) a la vivienda y SUITE con BAÑO COMPLETO muy amplio realizado en piedra natural. - Planta 2: DOS DORMITORIOS muy amplios y SALA DE ESTAR. - Oficina: amplio despacho con vistas y salida al jardín. SECCIÓN 3.- ZONA TRASERA DE LA FINCA Esta extensa zona se compone de: 1. HÓRREO: vivienda elevada sobre pilares de piedra natural con forma tronco piramidal, próximo a POZO natural, JARDÍN independiente y ÁRBOLES FRUTALES. Bajo el hórreo hay una ESTANCIA DE RELAX con mesa de piedra y asientos de troncos de madera de pino. 2. PORCHE RÚSTICO – GARAJE con capacidad para 4 coches. 3. GALLINERO SOLICITA MÁS INFORMACIÓN SIN COMPROMISO! En Mr. House Real Estate TE OFRECEMOS LAS MEJORES SOLUCIONES!",False,good,False,1333.0,False,False,False,False,[],False,False,2000000.0,€,,,,chalet,independantHouse,Carabaña,Casa independiente en avenida de Tielmes,Destacado,,,,,True,True,
108784704,https://img4.idealista.com/blur/480_360_mq/0/id.pro.es.image.master/9f/1e/cb/1355028093.webp,781635,24,142000.0,flat,sale,25.0,1,1,calle de Buenavista,Madrid,Madrid,Centro,es,40.4075313,-3.699156,False,https://www.idealista.com/inmueble/108784704/,"Housfy vende piso en Centro, Madrid, Acogedor piso en excelente ubicación ideal para inversión o primera vivienda. Piso con muchas posibilidades de reforma, perfecto para quienes buscan comodidad, funcionalidad y una excelente ubicación. Detalles del inmueble: - 2º planta en finca tipo corrala de 1900. - Fantástico piso de 25 m2 en Lavapiés-Embajadores. (Los metros cuadrados están verificados con la Dirección General de Catastro) - Espacio diáfano con amplias posibilidades de reforma. - Actualmente cuenta con una utilitaria cocina y baño independiente. No lo dudes más y contacta con nosotros para agendar una visita, conseguiremos la vivienda de tus sueños. Sobre nosotros Housfy es la plataforma integral de servicios inmobiliarios. Nuestra combinación de expertos y tecnología pone al alcance de todo el mundo servicios cómodos, claros y seguros. AICAT número: 7922 Nos encargamos de la gestión y asesoramiento de la compra. ¡Olvídate de todo! Hacemos los trámites por ti. Y, si además necesitas financiación, ponemos a tu disposición un bróker hipotecario para ayudarte a conseguir las mejores condiciones para tu perfil económico. ¿Tienes alguna duda? Pregúntanos sin compromiso o visítanos en housfy. com.",False,good,False,5680.0,True,True,False,False,[],False,False,142000.0,€,159900.0,17900.0,11.0,flat,,"Lavapiés-Embajadores, Madrid",Piso en calle de Buenavista,Destacado,2,False,Lavapiés-Embajadores,False,,,
108877108,https://img4.idealista.com/blur/480_360_mq/0/id.pro.es.image.master/55/58/ac/1357683584.webp,P923,24,234900.0,flat,sale,92.0,3,1,avenida de la Constitucion,Madrid,Móstoles,Centro,es,40.3244072,-3.8643239,False,https://www.idealista.com/inmueble/108877108/,"GESPAIN te presenta una oportunidad única para adquirir un magnífico piso en la Avenida de la Constitución, una de las arterias más comerciales y vibrantes de Móstoles. Este enclave privilegiado te ofrece la comodidad de tener todo al alcance de tu mano, desde comercios locales hasta grandes superficies, creando un estilo de vida dinámico y lleno de posibilidades. Ubicado en una segunda planta con ascensor, este luminoso hogar se distribuye en, hall de entrada que da paso a un espacioso salón, tres cómodos dormitorios, una cocina independiente con despensa que facilita la organización, y un práctico pasillo distribuidor. Cuarto de baño y terraza exterior. Este piso se encuentra en buen estado de conservación y cuenta con: suelos de gres, ventanas de aluminio con vidrio simple lacado en gris (salvo en la terraza, que cuenta de Climalit lacado en blanco para un mejor aislamiento), y puertas de sapelli. Además, pensando en la accesibilidad, el edificio dispone de una silla salvaescaleras para personas con movilidad reducida, asegurando la comodidad para todos. Conexiones Inmejorables para una Vida Cómoda La localización de este piso es, sin duda, uno de sus mayores atractivos. La vivienda se sitúa en un punto estratégico con acceso directo a las principales vías de transporte de Móstoles: Metro: A pocos metros andando se encuentra la parada de metro de Pradillo (Línea 12 - Metrosur), que te conecta rápidamente con toda la red de metro de Madrid. Autobús: Disfruta de una excelente red de autobuses urbanos e interurbanos con paradas muy próximas, como ""Cartaya - Trva. Castellón"" facilitando tus desplazamientos diarios. Cercanías: La estación de Móstoles Central (Cercanías C-5 y Línea 12 de Metro) se encuentra a escasos 5 minutos a pie, ofreciéndote una conexión directa con el centro de Madrid y otras localidades.  ¡No dejes pasar la oportunidad de conocer este fantástico piso!",False,good,False,2553.0,True,False,True,False,[],False,False,234900.0,€,,,,flat,,"Centro, Móstoles",Piso en avenida de la Constitucion,Destacado,2,True,,True,,,
108731490,https://img4.idealista.com/blur/480_360_mq/0/id.pro.es.image.master/5f/06/af/1353900654.webp,MA-703,31,314000.0,flat,sale,98.0,3,2,calle del Alerce,Madrid,Madrid,Usera,es,40.3690702,-3.6951256,False,https://www.idealista.com/inmueble/108731490/,"MUNDOAREA Vende_ piso exterior y muy luminoso en la calle Alerce. Muy buena ubicación, en plena avenida de Andalucía y muy cerca del centro comercial los angeles. La vivienda está en buen estado en su mayoría y se distribuye en: - Luminoso y amplio salón con mirador. - Amplia y luminosa cocina con zona de tendedero. - Tres dormitorios muy luminosos dos de ellos dobles y uno con baño en suite. - Un cuarto de baño de buen tamaño y con plato de ducha. La calefacción es de gas natural individual. Sobre la finca: La finca es bastante familiar y tiene ascensor. Sobre la zona y el transporte: Madrid Río es un enorme enclave natural y cultural que se encuentra paralelo al río Manzanares, el cual cuenta con monumentos históricos e instalaciones de ocio y cultura al lado del cauce del río que está recuperando su biodiversidad a pasos agigantados. En el año 2017, ha abierto sus puertas el centro comercial Plaza Río 2, otorgando una oferta bastante favorable para la zona en cuanto a la parte gastronómica y de ocio. La zona es familiar, tiene todo tipo de comercios, colegios, supermercados y buena comunicación con metro y autobuses las 24h. El metro está a tres minutos andando del piso. Posibilidad de financiación. Si desea más información contacte con el departamento comercial de MUNDOAREA.",True,good,False,3204.0,True,True,False,False,[],False,False,314000.0,€,320000.0,6000.0,2.0,flat,,"12 de Octubre-Orcasur, Madrid",Piso en calle del Alerce,Destacado,5,True,12 de Octubre-Orcasur,True,,,
108667512,https://img4.idealista.com/blur/480_360_mq/0/id.pro.es.image.master/95/8c/21/1351604020.webp,,22,299000.0,duplex,sale,125.0,3,2,via Complutense,Madrid,Alcalá de Henares,Pryconsa,es,40.489633,-3.3566379,False,https://www.idealista.com/inmueble/108667512/,"'AGENCIA INMOBILIARIA DE ALCALÁ DE HENARES, TECNOCASA VENDE EXCELENTE DÚPLEX'  Te presentamos esta magnífica oportunidad para vivir  en uno de los puntos más privilegiados de Alcalá de Henares: un ático dúplex de 3 dormitorios y 2 baños, completamente reformado, con una distribución cómoda y moderna, en la céntrica y bien comunicada Vía Complutense. Detalles del inmueble: 3 amplios dormitorios, con buena iluminación natural 2 baños completos, reformados con materiales de alta calidad 60 m² en planta baja + 45 m² en planta alta, ideal para familias, parejas o como inversión Reforma integral reciente: suelos, carpintería, fontanería y electricidad renovados. Estilo moderno, espacios luminosos y listos para entrar a vivir. Incluye plaza de garaje, muy valorada en esta zona céntrica Ubicación inmejorable: Situado en Vía Complutense, este ático te permite disfrutar de la vida urbana con todas las comodidades a tu alcance. A solo unos minutos andando del Casco Histórico y de la Universidad de Alcalá, rodeado de comercios, supermercados, cafeterías, centros de salud, colegios, zonas verdes y con excelente conexión de transporte público (líneas de autobús y cercanías). Una zona con gran proyección y demanda, tanto para vivienda habitual como para alquiler, gracias a su cercanía a instituciones educativas, servicios públicos y el eje comercial principal de la ciudad. ¡Contáctanos para mas información o concertar una visita y recuerda la posibilidad de financiar hasta el 100% con nuestro departamento financiero kíron!",True,good,False,2392.0,True,True,False,False,[],False,False,299000.0,€,324000.0,25000.0,8.0,flat,duplex,"Pryconsa, Alcalá de Henares",Dúplex en via Complutense,Destacado,2,True,,False,True,True,
106940045,https://img4.idealista.com/blur/480_360_mq/0/id.pro.es.image.master/c3/22/2a/1299264312.webp,,20,399000.0,flat,sale,82.0,3,1,calle Doctor Fleming,Madrid,San Sebastián de los Reyes,Centro Urbano,es,40.5488267,-3.6221457,False,https://www.idealista.com/inmueble/106940045/,"""Grupo Hogares"" vende en exclusiva magnífica vivienda, en una de las mejores zonas de San Sebastián. La vivienda se distribuye en tres amplios dormitorios con armarios empotrados, un baño completo con posibilidad de hacer un segundo, amplio salón independiente y cocina. Se completa el inmueble con una cómoda plaza de GARAJE y un TRASTERO. Este piso cuenta con una distribución lógica y equilibrada, con formas geométricas sobrias que lo hacen fácilmente su amueblado. Además, es una vivienda exterior y luminosa, y sin obstáculos arquitectónicos que mermen la entrada de luz. El piso se encuentra en la zona centro, en una de las zonas más tranquilas de la ciudad. La ubicación es inmejorable, con una rápida incorporación a la A-1 y todos los servicios en las proximidades: líneas de autobús, paradas de metro cercanas, Reyes Católicos, y Renfe, Alcobendas- San Sebastián de los Reyes, farmacias, centros deportivos, centros educativos, parques públicos, supermercados, etc. Nuestro departamento financiero "" FinanHogar"" puede conseguir hasta el 100% de financiación. Pregunte para hacer un estudio financiero sin compromiso. ¡NO PIERDA LA OPORTUNIDAD DE VISTAR ESTA EXCLUSIVA VIVIENDA!",True,good,False,4866.0,True,True,False,False,[],False,False,399000.0,€,,,,flat,,"Centro Urbano, San Sebastián de los Reyes",Piso en calle Doctor Fleming,Destacado,4,True,,True,,,
108779498,https://img4.idealista.com/blur/480_360_mq/0/id.pro.es.image.master/88/6e/a9/1354889972.webp,,69,540000.0,chalet,sale,465.0,4,3,calle Halcón,Madrid,Batres,,es,40.2513508,-3.9450336,False,https://www.idealista.com/inmueble/108779498/,"CAPITAL HOME ARROYOMOLINOS VENDE EN EXCLUSIVA MAGNÍFICO CHALET INDEPENDIENTE EN UNA DE LAS MEJORES ZONAS DE COTORREDONDO. ! Se vende chalet independiente construido en el año 1995, ideal para quienes buscan amplitud, comodidad y un entorno tranquilo. La vivienda se distribuye en dos plantas bien diferenciadas y cuenta con múltiples estancias que se adaptan a distintas necesidades familiares. En la planta baja encontramos un garaje cerrado y un despacho que también puede ser utilizado como dormitorio adicional. El salón principal ofrece un espacio acogedor para el día a día, al que se suma una sala de juegos ideal para el entretenimiento de pequeños y mayores. También dispone de un baño completo con plato de ducha y una amplia cocina-comedor equipada, que incluye horno y barbacoa integrada, perfecta para reuniones familiares o con amigos. Además, esta planta cuenta con un segundo garaje con capacidad para dos vehículos, que incorpora una zona de taller. La planta superior alberga dos dormitorios secundarios, ambos con armarios empotrados, y un dormitorio principal muy luminoso que dispone de baño en suite con bañera exterior. Esta planta también ofrece un segundo baño completo con bañera, una cocina con office y un espacioso salón comedor con chimenea y salida directa a una terraza, lo que permite disfrutar de vistas despejadas y agradables momentos al aire libre. Entre las mejoras realizadas en la vivienda, destaca la renovación completa de la instalación eléctrica y el sistema de calefacción por gasoil, independiente en cada planta para mayor eficiencia. Las paredes lisas aportan un acabado moderno y elegante, mientras que las rejas en ventanas y accesos ofrecen un extra de seguridad. El chalet también cuenta con piscina privada, ideal para los meses de verano. Una propiedad completa, con gran potencial, pensada para disfrutar tanto en familia como con invitados.",False,good,False,1161.0,True,False,False,False,[],False,False,540000.0,€,,,,chalet,independantHouse,Batres,Casa independiente en calle Halcón,Destacado,,,,,True,True,
108827702,https://img4.idealista.com/blur/480_360_mq/0/id.pro.es.image.master/a0/68/fd/1356295870.webp,,98,2200000.0,chalet,sale,780.0,7,6,Barrio El Pinar- Punta Galea,Madrid,Las Rozas de Madrid,El Pinar- Punta Galea,es,40.5368934,-3.9062627,False,https://www.idealista.com/inmueble/108827702/,"^**^CHALET DE LUJO ÚNICO EN LAS ROZAS CON DISEÑO EXCLUSIVO Y VISTAS PERPETUAS^**^ Extraordinaria propiedad de alto standing situada en lo alto de una colina en Las Rozas, una de las zonas más prestigiosas y demandadas de la sierra de Madrid. Este chalet individual de autor, con una arquitectura contemporánea envolvente, ofrece una experiencia residencial inigualable donde el diseño vanguardista, las vistas eternas y el confort absoluto se combinan en perfecta armonía. Con 780 m² construidos sobre una espectacular parcela de 3.000 m², la vivienda ha sido concebida como una obra de diseño integral en la que el interior y el exterior se funden con elegancia. Gracias a su privilegiada orientación oeste y su posición elevada, permite disfrutar de puestas de sol únicas sobre el parque natural y el Arroyo de Miguel Martín, en un entorno de privacidad total y absoluta tranquilidad. Distribuida en dos plantas amplias, luminosas y perfectamente conectadas, esta joya arquitectónica destaca por sus espacios abiertos, sus materiales nobles y sus soluciones constructivas de alta gama. La planta baja, con acceso directo desde el jardín y la espectacular piscina infinity, gira en torno a un patio interior acristalado que actúa como corazón de la vivienda. Este patio se integra por completo con el impresionante salón-comedor, la cocina y el comedor informal gracias a grandes puertas correderas de cristal de seguridad que permiten abrir totalmente el espacio y crear un ambiente fluido, diáfano y lleno de luz. La cocina, moderna y funcional, cuenta con acceso directo desde el patio, que también puede utilizarse como comedor exterior de lujo. La planta superior, dividida en dos alas para mayor intimidad, alberga cinco dormitorios. Por un lado, dos habitaciones comparten un baño; por otro, tres dormitorios en suite, incluyendo un dormitorio principal de lujo con gran vestidor y un espectacular baño con plato de ducha, bañera de hidromasaje y sauna. Además, la propiedad dispone de un dormitorio independiente con salón y baño completo, ideal para invitados o servicio. En total, cuenta con 7 dormitorios, cada uno diseñado con carácter propio, estilo y máximo confort. El diseño paisajístico exterior ha sido ejecutado con mimo y elegancia, incorporando zonas de relax, terraza, comedor al aire libre y una zona ajardinada con iluminación ambiental que convierte las noches en el jardín en una experiencia única. Entre sus numerosas prestaciones destacan: Piscina infinity con vistas abiertas Sistema de domótica integral Aerotermia de última generación (instalada recientemente) Placas solares Hilo musical independiente en vivienda y jardín Puertas correderas de cristal de alta seguridad Iluminación ambiental de diseño interior y exterior Inversión en mejoras superior a 200.000 € Una propiedad realmente única y exclusiva, diseñada para quienes valoran el lujo contemporáneo, la arquitectura de autor y la privacidad, sin renunciar a la cercanía con Madrid y todos los servicios de Las Rozas. Con acceso inmediato a la A6, esta residencia representa lo mejor del estilo de vida sofisticado en la sierra madrileña. Este anuncio no es vinculante y puede contener errores. Se muestra a título informativo y no es contractual. NO COBRAMOS COMISIÓN AL COMPRADOR.",True,good,False,2821.0,True,True,False,False,[],False,False,2200000.0,€,,,,chalet,independantHouse,"El Pinar- Punta Galea, Las Rozas de Madrid",Casa independiente,Destacado,,,El Pinar- Punta Galea,,True,True,
108169123,https://img4.idealista.com/blur/480_360_mq/0/id.pro.es.image.master/a3/6c/8e/1336690260.webp,,20,279000.0,flat,sale,95.0,2,2,calle Pico de Aneto,Madrid,San Sebastián de los Reyes,Sta. Bárbara-La Zaporra,es,40.5471119,-3.6356877,False,https://www.idealista.com/inmueble/108169123/,"""Grupo Hogares"" vende en exclusiva magnífico LOFT-DUPLEX, en una de las mejores zonas de San Sebastián de los Reyes. Cuenta con una distribución lógica, con formas geométricas que hacen fácil su amueblado. Cocina completamente reformada y equipada, incluye varios armarios empotrados que maximizan el espacio y aportan un toque de orden y estilo. Cuenta con dos Habitaciones, Salón con cocina americana de 44 metros cuadrados y un aseo en planta baja y gran baño completo en la planta de arriba.  Ideal para quienes buscan comodidad en un entorno tranquilo, con todos los servicios básicos a pie de calle. Ubicado en una zona muy demandada, cerca de supermercados, centros deportivos, centros de salud, transporte público, colegios, restaurantes y zonas verdes, además de una rápida y fácil incorporación a la A 1. Este inmueble es perfecto tanto para parejas, familias, como para inversores. Gracias a su excelente orientación, la luz natural entra en todas las estancias del piso, aportando una sensación de amplitud y confort, además del buen aislamiento que ofrece la vivienda Nuestro departamento financiero ""FinanHogar"" puede conseguir hasta el 100% de financiación. Pregunte para hacer un estudio financiero sin compromiso. ¡NO PIERDA LA OPORTUNIDAD DE VISTAR ESTA EXCLUSIVA VIVIENDA!",True,good,False,2937.0,True,False,False,False,[],False,False,279000.0,€,,,,flat,,"Sta. Bárbara-La Zaporra, San Sebastián de los Reyes",Piso en calle Pico de Aneto,Destacado,bj,True,,False,,,
104179789,https://img4.idealista.com/blur/480_360_mq/0/id.pro.es.image.master/46/a3/dd/1326324364.webp,W-02UWHN,13,5400000.0,flat,sale,495.0,8,10,Barrio Huertas-Cortes,Madrid,Madrid,Centro,es,40.4189488,-3.6978921,False,https://www.idealista.com/inmueble/104179789/,"Espectacular propiedad de lujo de 500 m2 junto al Hotel Four Seasons Engel & Völkers inmobiliaria de lujo, tiene el placer de presentarle esta magnífica vivienda reformada, de unos 500 metros cuadrados aproximadamente con funcionalidad de estar dividida en dos viviendas o bien sin división, como una sola propiedad, tan solo poniendo o eliminando el tabique divisorio. Es óptima para residencia y también para inversión y alquiler. La vivienda está recién reformada y amueblada en altas calidades y diseñada al más puro estilo vanguardista, con una estética depurada buscando a la vez aprovechar el espacio sin perder un ápice de estilo. El edificio data de 1901 conservando todo el encanto de la época y se encuentra en una de las calles más demandadas del barrio de Las Cortes, junto al complejo de lujo Canalejas, al lado del Hotel Four Seasons y en el centro de la “nueva milla de oro hotelera”. Se localiza en la planta quinta, con cinco (dos en un salón y tres en el otro) grandes ventanales en el salón con orientación a la calle y amplias ventanas en el resto de las estancias que le otorgan luz natural todo el día. La vivienda tiene altura de techos y se compone de dos grandes salones, uno en cada propiedad, con cocina integrada, ocho dormitorios dobles (todos con baño en suite y cuatro de ellos, además con vestidor), ocho baños completos y dos aseos de cortesía, distribuidos en idéntico número de estancias en cada vivienda. La reforma de la vivienda, además del exquisito proyecto de arquitectura de la misma, le otorga el privilegio de ser tranquila y silenciosa, al haber previsto un óptimo sistema de aislamiento en toda la propiedad. Todo un lujo en el centro del Madrid histórico y en pleno barrio de Las Cortes y en el centro de la “nueva milla de oro hotelera”, una de las zonas más activas del Madrid cultural y rodeado de los principales museos, El Prado, Thyssen-Bornemisza y Reina Sofía y del nuevo epicentro del lujo de Madrid como el Centro Canalejas, Hotel Four Seasons y el JW Marriott Hotel. Sin duda una gran oportunidad de vivir en una espectacular y lujosa vivienda en el corazón de Madrid. Ubicado en el barrio de Las Cortes, su nombre oficial se debe a que dentro de este barrio se encuentra el Congreso de los Diputados, cámara baja de las Cortes Generales de España. Una de las zonas de visita obligada a Madrid para disfrutar el ambiente que ofrece la ciudad. En la zona se ubican los museos del Prado y Thyssen-Bornemisza y en sus inmediaciones se halla el Centro de Arte Reina Sofía, promocionados turísticamente bajo la denominación de Paseo o Triángulo del Arte. Está rodeado de zonas verdes como el Jardín Botánico, y muy próximo al parque del Retiro, lo que lo hace perfecto para quienes quieren vivir en el centro de Madrid pero sin dejar de lado el contacto con la naturaleza. También se encuentra en el nuevo área del lujo del Centro Canalejas, Four Seasons y el JW Marriott Hotel. Es el barrio simbólico donde se funde tradición y vanguardia, el foco cultural de la ciudad. El nivel de infraestructuras y servicios en la zona es excelente. Está muy bien comunicada por metro y autobús. Posee una amplia dotación de pequeños locales de moda: restaurantes, bares, cafés, librerías, tiendas, galerías de arte y talleres coworking. También cines, teatros y salas de espectáculos se pueden encontrar por la zona.",False,good,False,10909.0,True,False,False,False,[],False,False,5400000.0,€,,,,flat,,"Huertas-Cortes, Madrid",Piso,Destacado,5,True,Huertas-Cortes,True,,,
108428504,https://img4.idealista.com/blur/480_360_mq/0/id.pro.es.image.master/0e/6f/d3/1344589093.webp,P-1037,67,358000.0,flat,sale,106.0,6,3,avenida de los Apóstoles,Madrid,Madrid,Latina,es,40.4066215,-3.7381137,False,https://www.idealista.com/inmueble/108428504/,"LINKCASA PASEO EXTREMADURA VENDE un piso de 6 dormitorios y 106 m² ideal para INVERSIÓN en la Avenida de Apóstoles (barrio de Puerta del Ángel), a escasos metros de la calle Sepúlveda. La vivienda consta de 6 dormitorios (uno de ellos doble, con vestidor y baño completo), salón, 3 salas (dos de ellas de descanso-juegos y otra para almacenaje), 2 cocina amuebladas y equipadas (una de ellas con espacio para comer) y otros 2 baños completos con plato de ducha. El inmueble es exterior, luminoso, se trata de una planta baja, está en perfecto estado para entrar a vivir y dispone de calefacción eléctrica, bomba de calor y aire acondicionado. El piso se encuentra a 5 minutos del metro Alto de Extremadura (L-6) y de varias líneas de autobuses de la EMT (31, 33, 36, 39, 65 y N19). La finca dispone de ascensor y tiene la ITE favorable (año 2015). La vivienda se encuentra ubicada en una zona inmejorable, muy tranquila y bien comunicada, con todo tipo de servicios y comodidades a su alrededor (supermercados, restaurantes, entidades bancarias, farmacias, colegios, instalaciones deportivas, zonas verdes.. . etc), lo que hace de la compra del inmueble una gran oportunidad. Para más información, visítanos en nuestra web: linkcasa. es. No dejes de visitarlo.",False,good,False,3377.0,True,False,True,False,[],False,False,358000.0,€,380000.0,22000.0,6.0,flat,,"Puerta del Ángel, Madrid",Piso en avenida de los Apóstoles,Destacado,bj,True,Puerta del Ángel,True,,,
108751750,https://img4.idealista.com/blur/480_360_mq/0/id.pro.es.image.master/c5/ea/a3/1354068565.webp,RP1212025139979,23,175000.0,flat,sale,63.0,2,1,calle de Ramón Azorín,Madrid,Madrid,Latina,es,40.4018559,-3.743063,False,https://www.idealista.com/inmueble/108751750/,"Si estás buscando comprar en la zona, tenemos en venta esta vivienda de planta baja ubicada en la calle Ramón Azorín en Madrid, en la zona de Lucero, dentro del distrito de Latina. La vivienda, de 63 m2, cuenta con dos dormitorios y una distribución que combina espacios exteriores e interiores, lo que aporta ventilación natural y diferentes ambientes. Está para actualizar, lo que permite personalizarla completamente a tu gusto. Dispone de un baño completo con plato de ducha y suelos de gres. El acceso a la vivienda está preparado para personas con movilidad reducida. La propiedad está situada en una zona consolidada con todos los servicios al alcance. A pocos metros encontrarás supermercados como Mercadona, Día y Caprabo. También hay centros educativos cercanos como el colegio Nuestra Señora del Lucero y centros de salud como el Centro de Salud Pascual Rodríguez. La comunicación en transporte público es excelente. A solo unos minutos a pie se encuentran estaciones de metro como Lucero, Laguna y Alto de Extremadura, todas pertenecientes a la línea 6. También está próxima la estación de Cercanías Laguna, con conexión directa mediante la línea C5. Además, hay varias líneas de autobús EMT como la 138 y la 31 que conectan fácilmente con otros puntos de la ciudad. En cuanto al entorno, la vivienda se encuentra cerca del parque de la Cuña Verde, un espacio ideal para pasear, hacer deporte o disfrutar del aire libre. La zona destaca por su tranquilidad y su alta proyección urbana, especialmente gracias al proyecto de soterramiento de la A5, que mejorará la movilidad, reducirá el tráfico en superficie y aumentará la calidad del entorno. Una oportunidad perfecta para vivir o invertir en una de las áreas con mayor potencial de Madrid. ¡CONTACTA CON NOSOTROS Y VISÍTALO SIN COMPROMISO! Puedes ver más inmuebles en precios ofertados no comprenden los tributos (Impuesto de Transmisiones Patrimoniales), ni los gastos notariales y registrales relativos a la compraventa, ni la comisión de intermediación que satisface el comprador.",False,renew,False,2778.0,True,False,True,False,[],False,False,175000.0,€,185000.0,10000.0,5.0,flat,,"Los Cármenes, Madrid",Piso en calle de Ramón Azorín,Destacado,bj,True,Los Cármenes,False,,,
108477149,https://img4.idealista.com/blur/480_360_mq/0/id.pro.es.image.master/7c/78/f8/1346924599.webp,,19,524900.0,flat,sale,110.0,2,2,avenida de la Dehesa,Madrid,San Sebastián de los Reyes,Dehesa Vieja-Puente Cultural,es,40.5627333,-3.623677,False,https://www.idealista.com/inmueble/108477149/,"Grupo Hogares"" vende en exclusiva magnífica vivienda, en una de las zonas de mayor expansión de la zona norte de Madrid: En San Sebastián de los Reyes. Vivienda entregada en 2007, en la cual han realizado varias reformas y mejoras a la propiedad. El bajo se distribuye en dos dormitorios con armarios empotrados, dos baños completos, uno de ellos en suite, salón con gran luminosidad, y amplia cocina independiente, que se entrega amueblada con materiales de alta calidad. La vivienda cuenta con una espectacular terraza la cual podríamos acceder desde el salón y la cocina. Cabe destacar que la vivienda se sitúa en una planta baja, directa desde el ascensor, o desde la escalera. Se completa el inmueble con una amplia plaza de GARAJE y un gran TRASTERO. Este piso cuenta con una distribución lógica y equilibrada, con formas geométricas sobrias que facilitan su amueblado. Además, es una vivienda exterior. La finca cuenta con las mejores calidades, tanto en el interior de la vivienda y sus acabados, como la de las zonas comunes. Cuenta con lo último en eficiencia energética. De las zonas comunitarias, destacamos las amplias zonas verdes, área de juegos infantiles, piscina, pista de pádel, sala polivalente climatizada, conserjería para control de acceso.. . La vivienda se encuentra en un entorno envidiable para formar su futuro hogar, en el que encontrará todos los servicios necesarios, como espacios comerciales, restauración y numerosos equipamientos públicos y privados sanitarios, docentes y deportivos. Además, San Sebastián de los Reyes, destaca por contar con un gran entorno natural, con extensas zonas verdes en el propio municipio. Nuestro departamento financiero ""FinanHogar"" puede conseguir hasta el 100% de financiación. Pregunte para hacer un estudio financiero sin compromiso. ¡NO PIERDA LA OPORTUNIDAD DE VISITAR ESTA EXCLUSIVA VIVIENDA.",True,good,False,4772.0,True,True,False,False,[],False,False,524900.0,€,,,,flat,,"Dehesa Vieja-Puente Cultural, San Sebastián de los Reyes",Piso en avenida de la Dehesa,Destacado,bj,True,,True,True,True,
108872791,https://img4.idealista.com/blur/480_360_mq/0/id.pro.es.image.master/3c/4f/f5/1357586171.webp,Luna1064,35,495000.0,penthouse,sale,111.0,2,2,plaza Benjamín Palencia,Madrid,Getafe,Getafe Centro,es,40.3032936,-3.7262534,False,https://www.idealista.com/inmueble/108872791/,"¡SIN COMISIONES AL COMPRADOR! Ático en ubicación privilegiada en Getafe, en el Residencial Cónsul, con una ubicación idónea para entrar y salir de la ciudad sin callejear. Incluye en el precio DOS PLAZAS DE GARAJE. El piso tiene doble orientación, y es completamente exterior, dando tanto al norte como al sur, así que no le falta nunca luz. Es una oportunidad única, con acceso a servicios y comercios a pocos metros de la vivienda. Se trata de una vivienda de amplios espacios, ya que pese a tener dos dormitorios cuenta con 111 m2 construidos. Tiene un amplio salón, con salida a la terraza, que se encuentra en un entorno ideal para disfrutarla sin ruidos o molestias. Tanto los dormitorios como el salón cuentan con amplias zonas de armarios empotrados, que suelen ser escasos en este tipo de viviendas pero no en ésta. Las ventanas son de aluminio y con cristales climalit. El piso se encuentra en perfectas condiciones de uso, tiene aire acondicionado por conductos y calefacción en toda la casa. La urbanización cuenta con una generosa piscina de 15 x 10 metros. Zona tranquila pero muy cerca del centro de Getafe y a 150 metros de la Catedral de la Magdalena. Cuenta con la ventaja de que no tienes que callejear para llegar a tu casa, la entrada y salida es muy rápida desde la M406 (la carretera de la Base). NO COBRAMOS COMISIÓN a compradores ni por la compra ni por la búsqueda de financiación, nosotros lo hacemos gratis. Trabajamos en Getafe desde hace 25 años, pásate a conocernos o pregunta por nosotros.",False,good,False,4459.0,True,False,False,False,[],False,False,495000.0,€,,,,flat,penthouse,"Getafe Centro, Getafe",Ático en plaza Benjamín Palencia,Destacado,6,True,,True,True,True,
108291774,https://img4.idealista.com/blur/480_360_mq/0/id.pro.es.image.master/0e/eb/11/1339720482.webp,CCI-001-000055227,17,270000.0,flat,sale,93.0,3,1,calle de Puentelarra,Madrid,Madrid,Villa de Vallecas,es,40.3826371,-3.6066415,False,https://www.idealista.com/inmueble/108291774/,"Vivienda en planta baja con altura de una primera planta, situada en el barrio de Santa Eugenia. Cuenta con una superficie de 94 m2, distribuidos en una amplia cocina, salón-comedor con acceso a terraza, 3 dormitorios, 1 cuarto de baño con ventana y 1 aseo. La finca dispone de portero físico. La vivienda necesita adecuación. En sus alrededores encontramos los hospitales Virgen de la Torre e Infanta Leonor, colegios, supermercados, bancos, bibliotecas, farmacias, centros deportivos, varias paradas de autobús y la estación de tren Santa Eugenia. En términos de accesibilidad, la vivienda dispone de múltiples conexiones con fácil acceso a la M-40, M-45 y A-3. Llamenos e informese sin ningun compromiso.",False,good,False,2903.0,True,False,False,False,[],False,False,270000.0,€,278000.0,8000.0,3.0,flat,,"Santa Eugenia, Madrid",Piso en calle de Puentelarra,Destacado,1,True,Santa Eugenia,True,,,
108776454,https://img4.idealista.com/blur/480_360_mq/0/id.pro.es.image.master/98/39/a8/1354799845.webp,PRO1626,38,725000.0,flat,sale,74.0,4,2,calle de Fuencarral,Madrid,Madrid,Centro,es,40.42165,-3.7007418,False,https://www.idealista.com/inmueble/108776454/,"¿Buscas una propiedad con alta demanda, excelente rentabilidad y gran potencial de revalorización? Esta es tu oportunidad. Ubicado en plena calle Fuencarral, una de las zonas más demandadas y con mayor crecimiento de valor por metro cuadrado en Madrid, este piso a estrenar combina una localización privilegiada con un diseño moderno y atractivo para inquilinos premium. Una inversión inteligente, lista para generar ingresos desde el primer día. ¿Por qué es una oportunidad única para invertir? ✔️ Rentabilidad neta del 4% Alquilado de forma inmediata gracias a su ubicación, diseño y equipamiento. Ideal para alquileres temporales, ejecutivos o perfiles internacionales. ✔️ Ubicación estratégica: Calle Fuencarral • Una de las calles más transitadas, trendy y con proyección inmobiliaria de Madrid. • A pasos de Gran Vía, Chueca y Malasaña. • Zona con alta demanda de alquiler y constante valorización. ✔️ Piso a estrenar y totalmente equipado Diseñado con materiales de alta gama, con capacidad para 4 personas y espacios funcionales tipo loft que maximizan el retorno por metro cuadrado. ✔️ Gestión sin complicaciones Ideal para inversores que buscan rentabilidad sin preocupaciones: todos los servicios incluidos, mantenimiento mínimo y atractivo constante para el mercado de alquiler. ✔️ Potencial de valorización a medio y largo plazo Fuencarral es sinónimo de moda, cultura y estilo de vida madrileño. Comprar ahora es anticiparse al alza en precios que esta zona sigue experimentando año tras año. Invierte en una propiedad con alma, rendimiento y visión a futuro. Contacta ahora y asegura tu inversión en una de las joyas del centro de Madrid.",False,good,False,9797.0,True,False,False,False,[],False,False,725000.0,€,,,,flat,,"Chueca-Justicia, Madrid",Piso en calle de Fuencarral,Destacado,1,True,Chueca-Justicia,True,,,
108738587,https://img4.idealista.com/blur/480_360_mq/0/id.pro.es.image.master/a6/de/ee/1353703030.webp,CG211989,21,349000.0,penthouse,sale,80.0,2,2,San Agustin de Guadalix,Madrid,San Agustin de Guadalix,,es,40.6914316,-3.6092408,False,https://www.idealista.com/inmueble/108738587/,"GILMAR Zona Norte vende un extraordinario ático de obra nueva con una pequeña terraza privada, que se caracteriza por su ubicación excepcional y el empleo de los materiales y soluciones constructivas más avanzadas. Dispone de una plaza de garaje y un trastero incluidos en el precio. La vivienda tiene acceso a unas magnificas zonas comunes, con un precioso solárium, piscina y una gran terraza a modo de roof-top donde disfrutar de unas magníficas vistas de 360º. La calidad constructiva es excepcional con climatización a través de aerotermia de última generación con suelo radiante y refrescante con termostatos en cada una de las estancias; las ventanas son de aluminio galvanizado con triple cristal de seguridad lo que garantiza un perfecto aislamiento térmico y acústico. La vivienda dispone de calificación energética A. La distribución del piso es muy cómoda con un espacio que aúna el salón comedor con la cocina equipada con muebles altos y bajos, horno, placa y microondas. El dormitorio principal en suite tiene una zona de vestidor un cuarto de baño. El piso se completa con otro dormitorio de buen tamaño y cuarto de baño completo. San Agustín del Guadalix, como puente de unión entre el área metropolitana de Madrid y la Sierra Norte, es una población prolija en servicios y comodidades. Su ambiente es mayormente residencial y abundan las comunidades de reciente construcción habitadas por familias de buen nivel económico (no en vano se encuentra en el Top 20 de municipios con más alta Renta per Cápita de España). Entre sus ventajas se incluyen: el fácil acceso a la A-1, la presencia de un Instituto y dos colegios públicos bilingües, varios supermercados de reconocidas distribuidoras, servicio regular de autobuses con Madrid, rutas naturales, centro de salud, biblioteca, polideportivo, academias de idiomas, peluquerías, restaurantes, guarderías, etc. Además, la cercanía al Hospital Infanta Sofía, al Aeropuerto y, en fin, a los servicios que ofrecen localidades cercanas como San Sebastián de los Reyes, Alcobendas o Colmenar Viejo, configuran San Agustín del Guadalix como una población en un enclave estratégico e idóneo para poder tenerlo todo a un paso de casa. En Gilmar trabajamos para ofrecer a nuestros clientes los mejores inmuebles, con equipos especializados en cada zona para proporcionarles la mejor opción para cubrir sus necesidades de vivienda o inversión con todas las excelencias y cuidando al máximo los detalles.",False,good,False,4363.0,False,False,False,False,[],False,False,349000.0,€,,,,flat,penthouse,San Agustin de Guadalix,Ático,Destacado,3,True,,True,True,True,
107729989,https://img4.idealista.com/blur/480_360_mq/0/id.pro.es.image.master/ef/36/4d/1322199145.webp,,25,699000.0,flat,sale,160.0,3,2,bulevar Picos de Europa,Madrid,San Sebastián de los Reyes,Tempranales,es,40.5587914,-3.643153,False,https://www.idealista.com/inmueble/107729989/,"""Grupo Hogares"" vende en exclusiva magnífica vivienda, en una de las zonas de mayor expansión de la zona norte de Madrid: en San Sebastián de los Reyes. Semi-nuevo. Vivienda entregada en 2017, en la cual han realizado varias reformas y mejoras la propiedad. La vivienda se distribuye en tres dormitorios con armarios empotrados, dos baños completos, uno de ellos en suite, salón con gran luminosidad, y amplia cocina independiente, tiene una despensa grande, (vecinos la utilizan como despacho) que se entrega amueblada con materiales de alta calidad. La vivienda cuenta con una espectacular terraza de 15 metros. A dicha terraza se puede acceder desde el salón y la cocina. Cabe destacar que la vivienda se sitúa en una segunda planta, directa desde el ascensor, o desde la escalera. Se completa el inmueble con DOS amplias plazas de GARAJE y un gran TRASTERO. Este piso cuenta con una distribución lógica y equilibrada, con formas geométricas sobrias que facilitan su amueblado. Además, es una vivienda exterior. La finca cuenta con las mejores calidades, tanto en el interior de la vivienda y sus acabados, como la de las zonas comunes. Cuenta con lo último en eficiencia energética, sistema de calefacción eléctrica colectiva o control domótico de climatización. De las zonas comunitarias, destacamos las amplias zonas verdes, área de juegos infantiles, piscina, pista de pádel, sala polivalente climatizada, conserjería para control de acceso.. . La vivienda se encuentra en un entorno envidiable para formar su futuro hogar, en el que encontrará todos los servicios necesarios, como espacios comerciales, restauración y numerosos equipamientos públicos y privados sanitarios, docentes y deportivos. Además, San Sebastián de los Reyes, destaca por contar con un gran entorno natural, con extensas zonas verdes en el propio municipio. Nuestro departamento financiero ""FinanHogar"" puede conseguir hasta el 100% de financiación. Pregunte para hacer un estudio financiero sin compromiso. ¡NO PIERDA LA OPORTUNIDAD DE VISITAR ESTA EXCLUSIVA VIVIENDA!",True,good,False,4369.0,True,True,False,False,[],False,False,699000.0,€,,,,flat,,"Tempranales, San Sebastián de los Reyes",Piso en bulevar Picos de Europa,Destacado,2,True,,True,True,True,
107491799,https://img4.idealista.com/blur/480_360_mq/0/id.pro.es.image.master/fb/a6/37/1314234182.webp,CHFaroles2025,28,275000.0,chalet,sale,132.0,3,1,calle de las Escuelas,Madrid,El Álamo,,es,40.2283581,-3.9943883,False,https://www.idealista.com/inmueble/107491799/,"CAPITAL HOME EL ÁLAMO te ofrece esta oportunidad de adquirir un chalet independiente con unas características únicas en el centro del pueblo. Ubicada a escasos 100m de la plaza de la localidad y a un paso de todos los servicios y comodidades de la zona. Tenemos la vivienda de 132 m2, en una parcela de 726 m2, cuenta con piscina de gresite, barbacoa de obra, garaje privado y muchísimo espacio para poder hacer en tu parcela todo lo que necesites. La vivienda queda distribuida de la siguiente manera:  Entramos desde el porche cubierto de obra a un amplio salón-comedor muy luminoso, perfecto para crear dos ambientes bien diferencia, desde el salón tenemos acceso al pasillo distribuidor que da acceso a todas la estancias del hogar: 3 amplios dormitorios, el principal con aire acondicionado y un gran armario empotrado. El baño completo cuenta con plato de ducha y mueble de lavabo nuevo.  La cocina de grandes dimensiones, tiene además una amplia despensa y salida a la parte trasera de la parcela.  También dispone de garaje privado que podría incorporarse a las casa para tener aun mas espacio. El inmueble se encuentra a reformar. En CAPITAL HOME disponemos de DEPARTAMENTO FINANCIERO PROPIO, que te ayudara conseguir las mejores para tu hipoteca. No lo dudes y ponte en contacto con nosotros y concertar una cita para aprovechar esta oportunidad.",True,renew,False,2083.0,True,True,False,True,[],False,False,275000.0,€,,,,chalet,independantHouse,El Álamo,Casa independiente en calle de las Escuelas,Destacado,,,,,True,True,
104033609,https://img4.idealista.com/blur/480_360_mq/0/id.pro.es.image.master/77/31/f8/1207821784.webp,AG-COSBRAV1895k,102,1895000.0,duplex,sale,600.0,4,4,calle Costa Brava,Madrid,Madrid,Fuencarral,es,40.4994144,-3.7129016,False,https://www.idealista.com/inmueble/104033609/,"GALOTA INVERSION E INMOBILIARIA VENDE PRECIOSO Y LUJOSO ATICO DUPLEX   Comunícate con nosotros escribiendo al WhatsApp 604_89_3314  Excelente zona de inversión o familiar, con una ubicación inmejorable en calle Costa Brava Características: 4 Dormitorios. 4 Baños. Salón - Comedor. Cava de Vino. 2 Cocinas. 2 Terrazas. Trastero Lavandería. Piscina. Jardín. Pádel. Parque infantil. 3 Plaza de Parking. Portero 24 horas.  Aire Acondicionado. Es un Ático Dúplex semi amueblado, con suelos de tarima alto trafico radiantes con aerotermia, robótica entrada, baño, persianas y toldos, cercano a colegios internacionales. Esta conformado por cuatro amplios y luminosos dormitorios, amueblados. Los cuatro baños cuentan con Wc, plato de ducha con mampara y Lavabos con espejo. El salón - Comedor dispone de amplia entrada de luz natural y amplios ventanales con hermosa vista. Las cocinas poseen un diseño alemán, de profesional Moisés Royo Márquez, de las cuales  La primera, se encuentra equipada con electrodoméstico, vitro, horno, campana extractora frigorífico y muebles de cocina superior e inferior. La segunda cocina dispone de vitro, campana extractora, mini frigorífico, horno, muebles superiores e inferiores, comedor y acceso directo a terraza. Las áreas de piscina, jardín y terraza son muy amplias y con una conservación excelente. NOTA IMPORTANTE:  350mt escritura  190mt de terraza  600mt todo 400 sin terraza comunidad 450€ Somos una inmobiliaria comprometida con los intereses de nuestros clientes, brindamos un servicio personalizado donde nos encargamos de todo el proceso para conseguir la máxima rentabilidad en la adquisición de cada propiedad. Tenemos por misión proporcionarles a nuestros clientes un asesoramiento integral y personalizado, cumpliendo con sus expectativa y necesidades al adquirir una propiedad. Nuestra visión, está en convertirnos en la empresa de referencia del sector inmobiliario de Madrid, donde cada persona integrada en este mercado piense en nosotros como primera opción al momento de comprar, vender o alquilar una propiedad. Nos regimos mediante los valores: Transparencia- Profesionalidad - Ética - Honestidad -Responsabilidad Valores que nos permite brindarle un asesoramiento idóneo a nuestros clientes, ahorrándoles tiempo y garantizándoles el mejor precio del mercado.",True,good,False,3158.0,True,False,False,True,[],False,False,1895000.0,€,,,,flat,duplex,"Mirasierra, Madrid",Dúplex en calle Costa Brava,Destacado,8,True,Mirasierra,True,True,True,
108889577,https://img4.idealista.com/blur/480_360_mq/0/id.pro.es.image.master/19/4a/bc/1358047553.webp,MAD0120,18,1075000.0,flat,sale,143.0,3,2,CL AGUSTIN DE FOXA,Madrid,Madrid,Chamartín,es,40.469145,-3.6840762,False,https://www.idealista.com/inmueble/108889577/,"Séptima planta con vistas despejadas a la plaza y luz natural en cada rincón Distribución fluida y acabados pensados para tu confort y tranquilidad diaria. En este estupendo piso de 143 m² descubrirás un espacio diáfano y muy luminoso, con salón y comedor que se prolongan hasta la terraza, perfecta para desayunos al aire libre o para disfrutar de una copa al caer la tarde. Las vistas despejadas aportan sensación de amplitud y tranquilidad en cada momento del día. La zona de descanso cuenta con tres dormitorios, todos ellos equipados con armarios empotrados de gran capacidad. El dormitorio principal incluye baño en suite y acceso directo a la terraza, convirtiéndose en un auténtico rincón de paz. El segundo baño, igualmente completo, está pensado para ofrecer confort y funcionalidad a invitados o para uso diario. La cocina, totalmente equipada con electrodomésticos de última generación, se integra con el salón a través de una práctica península que funciona como barra de desayuno o espacio para reuniones informales.  **Aunque el piso se encuentra en buen estado y listo para entrar a vivir, en NEWHOMERS planteamos un proyecto de reforma opcional con planos y presupuesto incluido el precio para que puedas entrar a vivir en el hogar de tus sueños. ** La finca está en magnífico estado de conservación, con portero físico y ascensores. Además de la plaza de garaje incluida, disfrutarás de la seguridad y el confort que aporta un servicio de conserjería.  Además, este piso se sitúa a las puertas de Madrid Nuevo Norte, el mayor proyecto de regeneración urbana de Europa, que transformará la zona de Chamartín en un nuevo eje económico, cultural y de servicios. Su cercanía a este ambicioso desarrollo garantiza una revalorización sostenida de la zona, convirtiéndola en un punto de referencia dentro de la ciudad y en toda Europa. Invertir aquí supone anticiparse a un incremento de la demanda residencial y comercial, asegurando no solo un hogar confortable, sino también un activo con alto potencial de crecimiento a medio y largo plazo.",False,good,False,7517.0,True,False,False,False,[],False,False,1075000.0,€,,,,flat,,"Castilla, Madrid",Piso en Cl Agustin De Foxa,Destacado,7,True,Castilla,True,True,True,
106332714,https://img4.idealista.com/blur/480_360_mq/0/id.pro.es.image.master/b6/9a/22/1279682619.webp,EG6205,81,399150.0,chalet,sale,195.0,3,3,Loeches,Madrid,Loeches,,es,40.3826815,-3.4120145,False,https://www.idealista.com/inmueble/106332714/,"Alcalá Inmobiliaria presenta este chalet adosado en pleno corazón de Loeches en urbanización privada con piscina y parque infantil.  Consta de 195 m2 construidos, que se divide en tres plantas, según escritura pública y además tiene una planta bajo cubierta. Tiene 3 dormitorios (antes 4), un aseo y dos baños completos; salón comedor con cocina integrada con isla; Posee 4 armarios empotrados, aire acondicionado en el salón, porches delantero acristalado y porche trasero abierto, Acceso directo desde el garaje a la vivienda.   Déjame guiarte en el recorrido como si estuvieras en ella...nada más entrar nos recibe un acogedor porche acristalado, que a mano izquierda tiene el cuarto tendedero con caldera y lavadora. Seguidamente tenemos  acceso a la planta baja, que a mano izquierda contamos con un armario empotrado y cuarto de aseo;  desde donde nos adentramos directamente a un lugar amplio, destinado a cocina con una isla, que se unifica con el amplio salón comedor con aparato de aire acondicionado; dando un espacio abierto y cómodo de ambas estancias. Desde el salón contamos con una salida al poche abierto trasero, desde el cual se va al área de jardín con riego automático, que por su ubicación tiene una intimidad que hace de esta estancia una zona de relax y confort durante el buen tiempo. Desde esta ubicación, tenemos una puerta directa de salida a las zonas comunes.  Subimos a la primera planta donde encontramos el área de descanso que consta de 3 dormitorios dobles, antes cuatro, con armarios empotrados; baño completo secundario con bañera y mueble de lavabo. Y en el dormitorio principal baño en suite abierto, con plato de ducha, terraza abierta con vistas a la urbanización  y  dos grandes armarios.   A continuación de la escalera, tenemos la planta bajo cubierta totalmente acabada con radiadores, ventanas de Velux, suelos porcelánicos y con preinstalación de tomas para la realización de un cuarto de baño, y armario ( tipo trastero).  Si bajamos a la planta sótano de la vivienda encontramos un amplio garaje para dos coches, cuarto de herramientas, puerta motorizada y ventilación natural. Además en esta estancia tiene  cámaras de aire para su aislamiento   Chalet en perfecto estado de conservación, suelos porcelánicos en planta baja, escalera y baños; parquet en planta primera. Pintura lisa. Puertas lacadas en blanco en toda las estancias de la casa. Dobles ventanas de aluminio climalit, caldera de gas natural cambiada en 2018.  No pierdas la oportunidad de visitar este chalet adosado en el centro de Loeches, pídenos cita e imagínate viviendo en ella.  No cobramos comisión al comprador.  Nos encargamos de toda la gestión de la compra.  Y además ponemos a tu disposición nuestro departamento de hipotecas totalmente gratuito para buscarte las mejores condiciones del mercado.  ¿Quieres saber cuánto se te quedaría la letra al mes?  ¿Quieres saber qué impuestos conlleva una compra-venta?  Llámanos sin compromiso y programaremos una visita.  Los metros de la vivienda están contrastados según catastro/registro.  Los muebles que aparecen en la vivienda no son vinculantes y pueden No estar incluidos.  Este anuncio no es vinculante y puede contener errores. Se muestra a título informativo y no es contractual.   En los precios de venta no están incluidos impuestos legales ni gastos de escrituración.   .",False,good,False,2047.0,False,False,False,False,[],False,False,399150.0,€,,,,chalet,,Loeches,Chalet,Destacado,,,,,True,True,
107550004,https://img4.idealista.com/blur/480_360_mq/0/id.pro.es.image.master/35/15/63/1339941901.webp,15394,29,599800.0,chalet,sale,204.0,3,2,calle Obélix s/n,Madrid,Rivas-Vaciamadrid,Rivas Centro,es,40.3533789,-3.5190684,True,https://www.idealista.com/inmueble/107550004/,"VILSA GRUPO INMOBILIARIO vende chalet en exclusiva en Rivas Vaciamadrid Se vende exclusivo Chalet Pareado en zona de Rivas Futura, sobre una parcela de 258 m² distribuido en tres plantas. Superficie construida de 204m² y 173 m² útiles. Jardín propio de 150 m². Cuenta con 3 dormitorios, 2 baños, 1 aseo, salón comedor, cocina independiente y buhardilla, orientación Este, Sur-Oste, ventilación cruzada y garaje con capacidad para tres coches. DISTRIBUCION: Planta Baja con Espacios Amplios y Luminosos. Al entrar, serás recibido por un amplia entrada que te llevará a una acogedora cocina totalmente equipada con muebles de gran capacidad y un espacio para disfrutar de las comidas en familia. para mayor comodidad disponemos de aseo de cortesía con ventana. El amplio salón comedor de 39,57 m², con chimenea y grandes ventanales permitiendo que la luz natural inunde todo el espacio. Además, las grandes ventanas ofrecen vistas despejadas al jardín, ideal para relajarse o disfrutar de reuniones al aire libre. En la primera planta accedemos a un amplio distribuidor con acceso a tres dormitorios. El dormitorio principal con armarios empotrados y baño en suite con bañera, dos lavabos y ventana. Los otros dos dormitorios dobles también con armarios empotrados con acceso a un balcón francés, segundo baño completo con ventana y plato de ducha. Buhardilla diáfana de (26,50 m, ²) con dos ventanas y con zona cerrada muy amplia para almacenaje. En cuanto a las calidades dispone de carpintería exterior de PVC climalit, carpinterías interiores lacada en blanco, puerta de entrada blindada, calefacción individual de gas natural. Por su situación excepcional, la casa se encuentra en una de las zonas más demandadas de Rivas Vaciamadrid. Excelentes comunicaciones de transporte público a la capital y accesos a la A3, el entorno, de calles tranquilas, goza de amplias zonas verdes y del servicio de supermercados, centros comerciales y de ocio. Además, en sus alrededores se ubican colegios, guarderías e institutos, todo lo cual se conjuga para que sus residentes puedan disfrutar de un estilo de vida privilegiado. * Certificación Energética ""D"" * Impuestos y gastos NO INCLUIDOS: ITP o IVA, notaria, registro, gestoría, tasación, etc. Tenemos departamento financiero para ayudarte si lo necesitas.",False,good,False,2940.0,True,False,False,False,[],False,False,599800.0,€,624900.0,25100.0,4.0,chalet,semidetachedHouse,"Rivas Centro, Rivas-Vaciamadrid",Chalet pareado en calle Obélix s/n,Destacado,,,,,True,True,
108266268,https://img4.idealista.com/blur/480_360_mq/0/id.pro.es.image.master/b5/28/de/1338991229.webp,108266268,27,138000.0,flat,sale,57.0,1,1,"calle Moscareta, 4",Madrid,Madrid,Latina,es,40.4068339,-3.7335866,True,https://www.idealista.com/inmueble/108266268/,"OPORTUNIDAD INVERSOR, INMUEBLE OCUPADO( INQUIOKUPA NO PAQGA RENTA FINALIZA CONTRATO EN 2028), NO SE PUEDE VISITAR, NO DISPONE DE FINANCIACION, . VENTA DE APARTAMENTO DE UNA HABITACION CON TRASTERO. Situado en el barrio de la Latina en Puerta del Angel, zona en cercania de centro de Madrid y bien comunicado por metro.. . La Latina es un animado barrio situado en el terreno de una fortaleza islámica medieval, un laberinto de calles estrechas con numerosos bares de tapas y tabernas. La Real Basílica de San Francisco el Grande, con obras de Goya, y la iglesia de San Pedro el Viejo, que cuenta con una torre mudéjar, son dos de los puntos de referencia del barrio. Los domingos, tanto el mercadillo de El Rastro como las cafeterías y los puestos de comida callejera de la zona se llenan de visitantes.",False,good,False,2421.0,True,False,False,False,[],False,False,138000.0,€,,,,flat,,"Puerta del Ángel, Madrid","Piso en calle Moscareta, 4",Destacado,3,True,Puerta del Ángel,True,,,
108711149,https://img4.idealista.com/blur/480_360_mq/0/id.pro.es.image.master/65/d7/6b/1353146861.webp,MG VALDEBEBAS,28,290000.0,flat,sale,135.0,2,2,"avenida Séptima, 48",Madrid,Madrid,San Blas,es,40.4476844,-3.6000301,True,https://www.idealista.com/inmueble/108711149/,"QUALITY KEYS INMOBILIARIOS comercializa este exclusivo inmueble residencial en venta (actualmente local pero con consulta aprobada para cambio de uso a vivienda). Descubre este espectacular residencial en una de las zonas con mayor proyección de Madrid. Una oportunidad única tanto para vivir como para invertir. Características Principales: Superficie interior: 85 m². construidos. Terraza privativa: 50 m², perfecta para disfrutar al aire libre. Reforma integral en 2020: Acabados modernos, ideal para entrar a vivir una vez adaptado a vivienda. Aire acondicionado individual (no por split). Salida de humos. Gran luminosidad y excelente distribución. Plaza de garaje incluida en el precio. Versatilidad de uso: Ideal como vivienda habitual (con posibilidad de cambio de uso a residencial), despacho profesional o inversión para rentabilidad futura. Uso anterior, clínica.  Entorno y Servicios Zonales: Zona residencial moderna con viviendas construidas entre 2000 y 2010, entorno tranquilo y orientado a familias y profesionales. Infraestructuras deportivas: A pocos metros del Polideportivo Fabián Roncero (gimnasio, piscinas cubiertas) y del centro deportivo y sociocultural ""Ciudad Pegaso"". Comercio y ocio: Cercano al Centro Comercial Plenilunio (tiendas, restaurantes, supermercados, ocio). Educación y servicios sociales: Centros educativos y servicios de orientación y valoración para personas con discapacidad. Comercio de proximidad: Bares, restaurantes, tiendas, farmacias y gasolineras en las inmediaciones. Zonas verdes y parques: Espacios ajardinados ideales para actividades al aire libre. Transporte y Comunicaciones Autobuses EMT: Varias líneas conectan con el resto de Madrid. Metro y Cercanías: Acceso rápido al centro y otras áreas metropolitanas. Vías principales: Conexión directa con M-40 y A-2, acceso ágil al centro, aeropuerto y corredor del Henares. Movilidad sostenible: Carriles bici, BiciMAD, taxis y VTC autorizados. Aparcamiento: Garajes en edificios residenciales y plazas subterráneas de rotación. Proximidad al estadio Metropolitano: Complejo deportivo y de ocio cercano ¿Por qué elegir este inmueble?. Ubicación privilegiada en una zona en plena expansión y con alta demanda. Inversión segura: Ideal para quienes buscan rentabilidad, revalorización o desarrollar un proyecto de vida con garantías. Calidad y confort: Espacio luminoso, moderno y adaptable a tus necesidades. QUALITY KEYS INMOBILIARIOS desde 2006. Nuestra boutique inmobiliaria se dedica a ofrecer un servicio personalizado, acompañando al cliente en todo el proceso de compra, venta o alquiler. Nuestra experiencia es tu mejor garantía de éxito. ¡No dejes pasar esta oportunidad!. Contacta con nosotros y agenda tu visita personalizada hoy mismo. Tu próximo proyecto comienza aquí. La información contenida en este anuncio tiene carácter informativo, no contractual ni vinculante, y puede estar sujeta a modificaciones.",True,good,False,2148.0,True,False,False,False,[],False,False,290000.0,€,,,,flat,,"Rejas, Madrid","Piso en avenida Séptima, 48",Destacado,bj,True,Rejas,True,True,True,
108500719,https://img4.idealista.com/blur/480_360_mq/0/id.pro.es.image.master/8b/0f/5b/1346757182.webp,EG6397,74,235000.0,flat,sale,116.0,4,2,Meco,Madrid,Meco,,es,40.5517748,-3.3243762,False,https://www.idealista.com/inmueble/108500719/,"   Alcalá inmobiliaria  presenta esta encantadora vivienda situada en el corazón de Meco, un municipio lleno de vida, tradición y tranquilidad, a tan solo 10 minutos de Alcalá de Henares. Perfecto para quienes buscan calidad de vida sin renunciar a la comodidad de tener todo a mano.  La vivienda cuenta con 4 dormitorios amplios, todos ellos con armarios empotrados, ideales para mantener el orden sin renunciar al estilo. Tiene 2 baños completos, pensados para facilitar el día a día de familias o quienes simplemente valoran el espacio.  La cocina está totalmente equipada, lista para que empieces a cocinar desde el primer día, y cuenta además con un práctico tendedero acristalado, perfecto para mantener el orden sin comprometer la estética del hogar.  El salón-comedor es amplio, acogedor y luminoso, y tiene acceso a una terracita coqueta, perfecta para leer, tomar un café o simplemente disfrutar del aire libre en tu propio espacio privado.  La vivienda incluye plaza de garaje y trastero, dos comodidades que siempre se agradecen y que marcan la diferencia.  ð Ubicación y entorno: Meco es un pueblo con alma, donde se respira ambiente familiar y cercano. Cuenta con todos los servicios: colegios, centros de salud, zonas verdes y comercios. Su cercanía a Alcalá de Henares Patrimonio de la Humanidad lo convierte en una opción ideal tanto para familias como para quienes trabajan o estudian allí.  ð Conectividad:  En resumen, este piso es más que una vivienda: es un hogar esperando a ser vivido. ¡Ven a verlo y déjate enamorar por su encanto!  Acceso rápido a la A-2, ideal para desplazamientos en coche.  Autobuses interurbanos: Varias líneas conectan Meco con Alcalá y Madrid.  Cercanías RENFE (Línea C-2): Con parada en Meco y trayecto directo a Alcalá de Henares en menos de 10 minutos.  No cobramos comisión al comprador.  Nos encargamos de toda la gestión de la compra.  Y además ponemos a tu disposición nuestro departamento de hipotecas totalmente gratuito para buscarte las mejores condiciones del mercado.  ¿Quieres saber cuánto se te quedaría la letra al mes?  ¿Quieres saber qué impuestos conlleva una compra-venta?  Llámanos sin compromiso y programaremos una visita.  Los metros de la vivienda están contrastados según catastro/registro.  Los muebles que aparecen en la vivienda no son vinculantes y pueden No estar incluidos.  Este anuncio no es vinculante y puede contener errores. Se muestra a título informativo y no es contractual.   En los precios de venta no están incluidos impuestos legales ni gastos de escrituración.",False,good,False,2026.0,False,False,False,False,[],False,False,235000.0,€,,,,flat,,Meco,Piso,Destacado,1,True,,False,True,True,
108109719,https://img4.idealista.com/blur/480_360_mq/0/id.pro.es.image.master/8d/da/e0/1334111929.webp,EG6355,87,390000.0,chalet,sale,183.0,4,3,Meco,Madrid,Meco,,es,40.5540801,-3.3225391,False,https://www.idealista.com/inmueble/108109719/,"Alcalá Inmobiliaria presenta fantástico chalet adosado reformado de 183 metros construidos con 4 dormitorios y en urbanización cerrada con piscina comunitaria en Meco, a 10 de Alcalá de Henares.  Este chalet consta de 3 plantas, sótano, planta baja y planta primera comunicada por escalera interior con patio trasero con acceso a  las zonas ajardinadas y la piscina comunitaria.   Déjame que te guíe como si estuviéramos en la casa:    Entramos en la vivienda y nos encontramos con un hall, a continuación un amplio salón  espacioso y luminoso con techos altos que aumentan la sensación de amplitud y con termo chimenea de leña moderna con casette canalizada a través de tuberias que conectan con los radiadores de toda la casa, con este sistema se calienta toda la vivienda económicamente. El salón cuenta con zona de comedor en altura y con acceso directo al patio trasero. Seguimos por el hall que a través de unas escaleras comunica con cocina independiente amueblada con muebles altos y bajos y electrodomésticos básicos ( horno, placa vitrocerámica y campana) con un gran ventanal. El aseo está al lado de la cocina para dar servicio a esta planta. En frente del aseo accedemos desde unas escaleras al comedor en altura y una habitación destinada a despacho.  Si continuamos desde la cocina subimos por unas escaleras y llegamos a la primera planta que cuenta con 2 habitaciones individuales y la habitación principal  y 2 baños completos  reformados ( uno de ellos en suite). Desde la planta principal accedemos por unas escaleras a la planta sotano que se distribuye en un gran salón revestido en madera con barra americana  para reuniones con amigos o familiares y con acceso al garaje para un coche.  La vivienda está completamente reformada y cuenta con un aspecto moderno y materiales de calidad:. los suelos en tarima y gres,puertas lacadas en blanco,ventanas blancas de pvc, persiana en salón de salida al patio trasero motorizada, rejas en planta baja, termo chimenea y agua sanitaria con gas propano, armarios empotrados en todas las habitaciones. Excelente estado de conservación.  Muy bien comunicado y con fácil acceso por la carretera N-II,todos los servicios públicos, supermercados, médicos, colegios, autobuses etc. VEN A VISITARLO!.   No cobramos comisión al comprador.  Nos encargamos de toda la gestión de la compra.  Y además ponemos a tu disposición nuestro departamento de hipotecas totalmente gratuito para buscarte las mejores condiciones del mercado.  ¿Quieres saber cuánto se te quedaría la letra al mes?  ¿Quieres saber qué impuestos conlleva una compra-venta?  Llámanos sin compromiso y programaremos una visita.  Los metros de la vivienda están contrastados según catastro/registro.  Los muebles que aparecen en la vivienda no son vinculantes y pueden No estar incluidos.  Este anuncio no es vinculante y puede contener errores. Se muestra a título informativo y no es contractual.   En los precios de venta no están incluidos impuestos legales ni gastos de escrituración.",False,good,False,2131.0,False,False,False,False,[],False,False,390000.0,€,,,,chalet,,Meco,Chalet,Destacado,,,,,True,True,
