propertyCode,thumbnail,numPhotos,floor,price,propertyType,operation,size,exterior,rooms,bathrooms,address,province,municipality,district,country,neighborhood,latitude,longitude,showAddress,url,description,hasVideo,status,newDevelopment,hasLift,priceByArea,hasPlan,has3DTour,has360,hasStaging,notes,topNewDevelopment,topPlus,priceInfo.price.amount,priceInfo.price.currencySuffix,detailedType.typology,suggestedTexts.subtitle,suggestedTexts.title,externalReference,detailedType.subTypology,priceInfo.price.priceDropInfo.formerPrice,priceInfo.price.priceDropInfo.priceDropValue,priceInfo.price.priceDropInfo.priceDropPercentage,parkingSpace.hasParkingSpace,parkingSpace.isParkingSpaceIncludedInPrice,newDevelopmentFinished
108884279,https://img4.idealista.com/blur/480_360_mq/0/id.pro.es.image.master/54/8b/26/1357891170.webp,16,3,720000.0,flat,sale,105.0,True,3,2,calle de Tetuán,Madrid,Madrid,Centro,es,Sol,40.4169347,-3.7048692,False,https://www.idealista.com/inmueble/108884279/,"¡Exclusiva vivienda reformada a estrenar junto a la Puerta del Sol! A escasos metros de la emblemática Puerta del Sol, se encuentra esta espectacular vivienda de 100 m², totalmente reformada con materiales de alta calidad y lista para entrar a vivir. La distribución actual incluye 2 amplias habitaciones, una de ellas con baño en suite y otra con vestidor, salón, comedor, cocina independiente y 2 baños completos. El comedor, con balcón exterior, puede adaptarse fácilmente como tercera habitación, lo que la convierte en una opción muy versátil según tus necesidades. Muy luminosa y soleada, con orientación ideal y ventanas nuevas en todas las estancias que aseguran confort y eficiencia. La cocina de diseño, equipada con todo lujo de detalles, es perfecta para los amantes de la gastronomía. Además, la vivienda cuenta con calefacción por gas natural y aire acondicionado, así como con instalaciones de electricidad y fontanería completamente renovadas. Edificio clásico con ascensor en proceso de instalación aprobado en Junta. Una oportunidad única de vivir en el corazón de Madrid, en una finca con encanto y todas las comodidades modernas. ¡No dejes pasar esta ocasión y ven a visitarla! NO INMOBILIARIAS. NO SE COBRA COMISIÓN AL COMPRADOR.",True,good,False,True,6857.0,True,False,False,False,[],False,False,720000.0,€,flat,"Sol, Madrid",Piso en calle de Tetuán,,,,,,,,
108826830,https://img4.idealista.com/blur/480_360_mq/0/id.pro.es.image.master/0b/df/ae/1356271530.webp,34,,480000.0,chalet,sale,82.0,,2,2,calle de Mataró,Madrid,Madrid,Fuencarral,es,Tres Olivos - Valverde,40.4920649,-3.6978386,False,https://www.idealista.com/inmueble/108826830/,"Inmobiliaria Globalpiso Fuencarral pone a su disposición esta increíble vivienda adosada en la zona norte de Madrid y en el corazón de Tres Olivos-Fuencarral. Se compone de dos plantas y una amplia terraza solada con piscina.  Patio: Tiene un sistema de maderas móviles correderas que se pueden ajustar en función de la privacidad que se quiera obtener y para esconder los tendederos ( el pequeño plegado a la pared y el largo que sale desde el armario de lamas). La piscina tiene un conjunto de lamas similares al de la depuradora para taparla a conveniencia, son totalmente transitables y están guardadas en el armario de la entrada. Tiene una depuradora de cloro con dos ciclos de depuración programable con foco integrado también programable. Planta baja Salón: Según se entra desde el patio tenemos el ventanal de pvc con vidrio blindado de triple capa que ocupa todo el ancho de la casa. Dicho cristal es bajo emisivo, es decir, que tiene una capa especial que refleja el calor hacia el interior en invierno y hacia el exterior en verano, manteniendo una temperatura más estable en el interior de la vivienda. Las persianas son de seguridad y se controlan mediante mando a igual que los toldos. Cocina: Totalmente amueblada y equipada con los electrodomésticos ( vitrocerámica de inducción de gama alta), ventanal de pvc con climalit. Baño: Caldera Saunier Duval para el agua caliente y calefacción con 2 años de antigüedad y contrato de mantenimiento y garantía, lavadora integrada dentro del aseo, pasillo con almacenamiento. Se accede a la planta superior mediante una escalera de madera de diseño. Planta primera: Habitación individual con armario de madera, baldas y cajonera y radiador para la calefacción. Habitación doble con aire acondicionado, velux con persiana automática mediante mando, dispone de cable de antena, amplio armario de madera y dos ventanas de pvc y dos radiadores. Baño principal con plato de ducha, paredes y suelos porcelánicos, ventana pvc con climalit. También destacamos las puertas macizas lacadas en blanco, suelos de tarima de madera, actualización de electricidad y fontanería. Zona consolidad con todos los servicios, (centro de salud, colegios, institutos, supermercados, bancos, farmacias, centros deportivos y culturales, parques, bares y restaurantes). Muy buena comunicación con líneas de autobuses (66, 24,137,N24). Línea de metro 10 (estación Fuencarral) y cercanías Ramón y Cajal y amplia red de carreteras. Este chalet es perfecto para familias que buscan una vivienda de calidad en una zona de crecimiento, un pequeño oasis en la ciudad donde podrás disfrutar de momento únicos. No pierdas la oportunidad de vivir en una zona privilegiada con la comodidad de estar cerca del centro de Madrid pero en un entorno tranquilo y bien comunicado. Llama sin compromiso y agenda una visita, te esperamos!",False,good,False,,5854.0,False,True,False,False,[],False,False,480000.0,€,chalet,"Tres Olivos - Valverde, Madrid",Chalet pareado en calle de Mataró,FUE1705,semidetachedHouse,,,,,,
108050443,https://img4.idealista.com/blur/480_360_mq/0/id.pro.es.image.master/5d/ed/4e/1347386596.webp,49,2,785000.0,flat,sale,242.0,True,5,3,Zona Monte el Pilar,Madrid,Majadahonda,Zona Monte el Pilar,es,,40.4694399,-3.8671351,False,https://www.idealista.com/inmueble/108050443/,"   Oh! key servicios inmobiliarios,  presenta en exclusiva piso en la prestigiosa Zona Monte El Pilar, en la urbanización Los Olmos, a 5 minutos del centro de Majadahonda andando.  Este distinguido piso dispone de 157m2 útiles cuidadosamente distribuidos para maximizar el confort y la funcionalidad.    La propiedad se compone de salón comedor con salida a una amplia terraza de m2 con vistas al interior de la urbanización, amplia cocina con office, cuatro generosas habitaciones (de origen 5), dos baños (uno de ellos en suite).  Ubicado en la segunda planta del edificio, esta propiedad goza de la ventaja de estar incluida dentro de un complejo dotado de ascensor sin ninguna barrera arquitectónica, facilitando el acceso a la vivienda y añadiendo un nivel extra de comodidad al día a día.    Para aquellos que valoran  contar con un espacio propio para el vehículo, el piso incluye dos plazas juntas de fácil aparcamiento.    La vivienda consta de un trastero en la planta superior del edificio, transformado en un dormitorio con baño y aire acondicionado.  El inmueble se beneficia de unas envidiables instalaciones comunitarias, resaltando entre ellas una gran piscina que invita a disfrutar de refrescantes baños durante los meses más cálidos, amplias zonas verdes, zonas de descanso, parque infantil, pista polideportiva, pista de pádel y pista de tenis, zona de guardería, sala de fiesta y gimnasio con sauna.  La conexión con el transporte público es excepcionalmente favorable. La cercanía con las paradas de autobús garantiza una excelente comunicación con el resto de la localidad y con los núcleos urbanos adyacentes. A 5 minutos andando del centro de Majadahonda y a 10 minutos del Monte del Pilar, dispone, de varios comercios a escasos metros de la vivienda, varios parques, colegios y con rápido acceso a la A-6.  Aprovechar esta oportunidad única para visitar este inmueble es dar un paso hacia la vida de sus sueños. La calidad de vida que ofrece este piso en Majadahonda es difícil de igualar, gracias a sus amplias instalaciones, su excelente ubicación y su diseño enfocado al bienestar de sus residentes.     .",False,good,False,True,3244.0,True,False,True,False,[],False,False,785000.0,€,flat,"Zona Monte el Pilar, Majadahonda",Piso,7281,,820000.0,35000.0,4.0,True,True,
108383897,https://img4.idealista.com/blur/480_360_mq/0/id.pro.es.image.master/8f/fd/fb/1342496704.webp,18,3,308000.0,flat,sale,124.0,True,3,2,"calle de Nicolás Fuster, 7",Madrid,Pinto,San José - Buenos Aires,es,,40.2404141,-3.7062449,True,https://www.idealista.com/inmueble/108383897/,"Oportunidad de inversión: inmueble en rentabilidad. Viviendas actualmente alquiladas con renta de mercado. No se puede constituir financiación hipotecaria sobre este tipo de fincas, por lo que se requerirán otras garantías en caso de solicitarse financiación. Se recomienda obtener asesoramiento profesional y legal antes de la compra. Consulte con nuestro Agente Comercial para más información y condiciones especiales de compraventa. No se admiten visitas a la vivienda. ________________________________________ Arte Urbano Real Estate presenta: Magnífica vivienda de 3 dormitorios y 2 baños en Pinto, Madrid. Situada en un complejo residencial con amplias zonas comunes, piscina y juegos infantiles. Buena conexión por transporte público y privado. Cercana a la estación de tren, a colegios, supermercados y centro de salud. •Superficie: 124 m² •Distribución: Salón-comedor, cocina amueblada, 3 dormitorios con armarios empotrados, 2 baños completos. •Equipamiento: Calefacción individual, suelos de parquet, plaza de garaje, trastero. Urbanización privada: •Piscina de adultos e infantil •Parque infantil •Zonas ajardinadas •Servicio de conserjería Ubicación: Zona residencial consolidada, muy bien comunicada y rodeada de servicios. Precio: Incluye plaza de garaje y trastero. ""Este anuncio tiene carácter informativo, siendo las fotos, planos y la visita virtual de una vivienda similar y no constituyendo documento contractual”.",False,good,False,True,2484.0,True,False,True,False,[],False,False,308000.0,€,flat,"San José - Buenos Aires, Pinto","Piso en calle de Nicolás Fuster, 7",,,,,,True,True,
108657678,https://img4.idealista.com/blur/480_360_mq/0/id.pro.es.image.master/96/53/75/1351313486.webp,3,,1820000.0,chalet,sale,650.0,,5,5,Casco Antiguo,Madrid,Majadahonda,Casco Antiguo,es,,40.4695405,-3.8761349,False,https://www.idealista.com/obra-nueva/108657678/,"Chalet independiente de Obra Nueva en Urbanización Los Satélites, Majadahonda Obra Nueva Finalizada! 650 m² construidos | Parcela de 750 m² | 5 habitaciones | 3 baños | Piscina privada Se vende espectacular chalet independiente en una de las zonas más exclusivas de Majadahonda: la Urbanización Los Satélites. Una propiedad única con más de 500 m² útiles, diseñada con calidades premium y una distribución pensada para el confort, la amplitud y la luz natural. Nuestro proyecto Los Satélites no es solo una vivienda. Es una propuesta con visión, creada para ofrecer equilibrio entre diseño, funcionalidad y valor a largo plazo. Trabajamos arquitectura honesta, duradera y pensada al detalle. Una casa que no solo se mira: se vive. Exterior de lujo privado · Parcela de 727 m² con jardín diseñado, piscina de obra y dos terrazas soleadas para ampliar tu forma de vivir. Dos plazas de aparcamiento cubiertas y una refrescante piscina completan este entorno exterior diseñado para tu comodidad y entretenimiento  Distribución y superficies: Planta sótano: 189,38 m² Planta baja (vivienda + porches): 414,95 m² Planta primera (vivienda + terrazas): 181,03 m² Total construido: 650 m² aprox.  Características destacadas: Vivienda de obra nueva con diseño contemporáneo Piscina privada de obra Dos amplias terrazas soleadas 5 dormitorios y 3 baños Parcela ajardinada de 750 m² Garaje privado en parcela en porche de entrada Excelente orientación y privacidad Calidades constructivas de alta gama  Ubicación privilegiada: La Urbanización Los Satélites es una de las más demandadas del noroeste de Madrid. Combina tranquilidad, naturaleza y proximidad a todo tipo de servicios: Colegios internacionales, concertados y públicos bilingües Campos de golf y centros deportivos Universidades y hospitales Centros comerciales de referencia Conexiones rápidas a Madrid por M-50, M-40 y A-6 Una oportunidad única para quienes buscan una vivienda de alto nivel en una ubicación inmejorable. Ideal tanto para residencia habitual como inversión patrimonial en una zona en constante revalorización. Te imaginas vivir aqui?",False,newdevelopment,True,,2800.0,False,False,False,False,[],False,False,1820000.0,€,chalet,"Casco Antiguo, Majadahonda",Casa independiente,,independantHouse,,,,True,True,False
108777708,https://img4.idealista.com/blur/480_360_mq/0/id.pro.es.image.master/d9/ea/e7/1354833778.webp,18,3,195000.0,flat,sale,70.0,True,3,1,CL GRANERO,Madrid,San Sebastián de los Reyes,Centro Urbano,es,,40.5457387,-3.6228246,False,https://www.idealista.com/inmueble/108777708/,"OPORTUNIDAD INMUEBLE SIN POSESIÓN, NO SE PUEDE VISITAR. PROPIO PARA INVERSORES O VECINOS QUE CONOZCAN EL INMUEBLE. Impresionante piso de 70.0 m² de 3 dormitorios, 2 baños, salón - comedor y amplia cocina con terraza interior en San Sebastián de los Reyes es ideal para quienes buscan comodidad y amplitud en una ubicación privilegiada. Con 70.0 m² útiles, esta vivienda ofrece un amplio espacio para personalizar a tu gusto. Ubicado en la PLANTA 3ª, disfrutarás de la tranquilidad y las vistas que ofrece la zona. La zona cuenta con excelentes servicios, incluyendo tiendas, restaurantes y colegios.",False,renew,False,True,2786.0,False,False,False,False,[],False,False,195000.0,€,flat,"Centro Urbano, San Sebastián de los Reyes",Piso en Cl Granero,108777708,,,,,,,
108767453,https://img4.idealista.com/blur/480_360_mq/0/id.pro.es.image.master/e9/9b/ce/1354565621.webp,15,,350000.0,chalet,sale,48.0,,4,3,"calle del Duque, 23",Madrid,Madrid,Barajas,es,Casco Histórico de Barajas,40.4725708,-3.5764816,True,https://www.idealista.com/inmueble/108767453/,"OFICINA TECNOCASA - BARAJAS - MADRID vende vivienda en Calle Duque, Casco Histórico de Barajas.  Vivienda dividida en 2 plantas, actualmente alquilada, cuenta con 4 habitaciones, 3 cuartos de baño, 2 cocinas, patio y terraza. Perfecto para inversores que busquen rentabilidad inmediata. Cerca tiene todos los servicios como la parada de metro, restaurantes, farmacias, colegios y el centro de salud. El inmueble se localiza en el casco histórico de Barajas, con muy buenas comunicaciones tales como paradas de Autobús (Líneas 101, 105, 115, 151, 166, 212 y 827) y parada de metro a 4 minutos andando (Línea 8). Financiación de hasta el 100% con nuestro departamento financiero, Kiron. Asesoramiento gratuito y sin compromiso, ¡no dude en consultarnos! 30 años en Madrid. ¡Gracias por la confianza!",False,renew,False,,7292.0,True,False,False,False,[],False,False,350000.0,€,chalet,"Casco Histórico de Barajas, Madrid","Chalet adosado en calle del Duque, 23",,terracedHouse,,,,,,
105889237,https://img4.idealista.com/blur/480_360_mq/0/id.pro.es.image.master/50/22/ff/1266083373.webp,18,4,380000.0,studio,sale,145.0,True,0,1,avenida de la Industria,Madrid,Alcobendas,Valdelacasa,es,,40.5348544,-3.6556559,False,https://www.idealista.com/inmueble/105889237/,"Inversiones La Moraleja presenta este magnífico Loft díafano a estrenar y muy luminoso en inmejorable localización dentro del polígono de Valdelacasa. IDEAL PARA INVERSORES Dispone de una superficie aproximada de 110m2 útiles. Se encuentra diáfano y con posibilidad de dividir en 2 estudios independientes. Preinstalación de tomas para cocina. Zona diáfana muy amplia y luminosa con enormes ventanales de 4m de anchura y 2m de altura. Orientación sur y extraordinarias vista. Un baño completo con ducha. Dispone de suelo de parquet de madera natural, techo técnico, enormes ventanales con cristales Climalit, puerta blindada, aire acondicionado por bomba frio/calor, agua caliente individual, vídeo portero y portero físico. La ubicación del loft es inmejorable. Se encuentra en Alcobendas, próximo al Parque de Andalucía y al metro La Granja. Paradas de taxis y diferentes líneas de autobús paran frente al inmueble. El Acceso a la M-607 y A-1 es muy rápido. Tiene buena conexión con la M40 y la M30 y a escasos 10min en coche de Plaza Castilla. Alrededor del inmueble se encuentran varios centros comerciales (CC La Vega), parques (Parque de Andalucía), colegios (CEIP Gabriel y Galán), guarderías, farmacias, restaurantes, zonas de ocio e instalaciones deportiva.",True,good,False,True,2621.0,True,False,False,False,[],False,False,380000.0,€,flat,"Valdelacasa, Alcobendas",Estudio en avenida de la Industria,,studio,,,,,,
108381418,https://img4.idealista.com/blur/480_360_mq/0/id.pro.es.image.master/4d/b6/99/1342422750.webp,26,5,412000.0,penthouse,sale,165.0,True,4,2,"calle de Nicolás Fuster, 7",Madrid,Pinto,San José - Buenos Aires,es,,40.2404141,-3.7062449,True,https://www.idealista.com/inmueble/108381418/,"Oportunidad de inversión: Inmueble en rentabilidad. Viviendas actualmente alquiladas con renta de mercado. No se puede constituir financiación hipotecaria sobre este tipo de fincas, por lo que se requerirán otras garantías en caso de solicitarse financiación. Se recomienda obtener asesoramiento profesional y legal antes de la compra. Consulte con nuestro Agente Comercial para más información y condiciones especiales de compraventa. No se admiten visitas a la vivienda. ________________________________________ Arte Urbano Real Estate presenta: Magnífico ático de 4 dormitorios, 2 baños y 2 terrazas en Pinto, Madrid. Situado en un complejo residencial con amplias zonas comunes, piscina y juegos infantiles. Buena conexión por transporte público y privado. Cercana a la estación de tren, a colegios, supermercados y centro de salud. •Superficie: 165 m² •Distribución: Salón-comedor, cocina amueblada, 2 dormitorios con armarios empotrados, 2 baños completos, 2 terrazas. •Equipamiento: Calefacción individual, suelos de parquet, plaza de garaje, trastero. Urbanización privada: •Piscina de adultos e infantil •Parque infantil •Zonas ajardinadas •Servicio de conserjería Ubicación: Zona residencial consolidada, muy bien comunicada y rodeada de servicios. Precio: Incluye plaza de garaje y trastero. ""Este anuncio tiene carácter informativo, siendo las fotos, planos y la visita virtual de una vivienda similar y no constituyendo documento contractual”.",False,good,False,True,2497.0,True,False,True,False,[],False,False,412000.0,€,flat,"San José - Buenos Aires, Pinto","Ático en calle de Nicolás Fuster, 7",,penthouse,,,,True,True,
108608680,https://img4.idealista.com/blur/480_360_mq/0/id.pro.es.image.master/0a/dd/ee/1349848917.webp,32,1,260000.0,flat,sale,73.0,True,3,1,"CL QUERO, 59",Madrid,Madrid,Latina,es,Aluche,40.3902827,-3.7603446,True,https://www.idealista.com/inmueble/108608680/,"¡Haz realidad tu hogar ideal en Aluche! Vivienda exterior con terraza, ascensor y mil posibilidades ¿Buscas un piso con luz natural todo el día y con infinitas opciones para diseñarlo a tu gusto? ¡Este es tu lienzo en blanco! Se vende vivienda totalmente exterior en la calle Quero (Aluche, Madrid), situada en una primera planta con ascensor, en una finca bien cuidada. Cuenta con 73 m² según Catastro, distribuidos en: Distribución actual: •3 dormitorios •Salón independiente •Cocina •Baño •Terraza amplia •Todas las estancias exteriores, incluido el baño Muy luminosa, con orientación este-oeste que permite disfrutar de luz natural durante todo el día.  Para reformar completamente, con la posibilidad de: •Convertirla en una vivienda de 2 habitaciones y 2 baños •Crear espacios abiertos tipo salón con cocina americana •Diseñar una distribución moderna y funcional adaptada a tus necesidades Zona comunitaria de aparcamiento Vistas despejadas a parque y zonas verdes Ascensor desde entreplantas Ubicación excelente, rodeada de todos los servicios: •Comercios de barrio, supermercados y centros educativos •Zonas verdes y parques •Transporte público cercano (bus y metro) •Fácil acceso a la A-5 y a la M-30 Certificado energético en trámite Una vivienda con gran potencial, perfecta para crear el hogar que siempre has soñado o realizar una inversión segura en una de las zonas más consolidadas de Madrid. Aviso legal: Las imágenes, planos y descripciones contenidos en este anuncio tienen carácter meramente orientativo y no poseen valor contractual ni vinculante. Pueden estar sujetos a errores, cambios por razones técnicas, comerciales o legales. Las imágenes se corresponden al piso antes del último inquilino. EL PISO SE VENDE SIN REFORMAR. ¡Llama y ven a visitarla sin compromiso!",False,renew,False,True,3562.0,True,False,False,False,[],False,False,260000.0,€,flat,"Aluche, Madrid","Piso en Cl Quero, 59",,,,,,,,
107512694,https://img4.idealista.com/blur/480_360_mq/0/id.pro.es.image.master/8b/b0/7c/1314670115.webp,47,bj,700000.0,flat,sale,102.0,True,6,2,calle de Cristóbal Bordiú s/n,Madrid,Madrid,Chamberí,es,Nuevos Ministerios-Ríos Rosas,40.4430516,-3.6992924,True,https://www.idealista.com/inmueble/107512694/,"CALMA. es les presenta este piso de lujo para alquiler por habitaciones de ensueño en pleno Barrio de Chamberí que te aportará una rentabilidad superior al 4,50% neto anual con calidades de lujo para inversores conservadores. El espacio ofrece una superficie de 102 m2 construidos y 92 m2 útiles, aprovechando al máximo detalle su distribución. La zona de noche se compone de 6 amplias y acogedoras habitaciones de uso individual. Las habitaciones se alquilan en el entorno de los 700€-750€ más gastos siendo una excelente inversión para un inversor conservador. Las zonas comunes están distribuidas con una cocina, con un diseño vanguardista y totalmente equipada además de por dos completos baños con ducha y muy funcionales. Gracias a su estratégica orientación y ubicación en el edificio, disfrutarás de una abundante iluminación natural en todas las áreas. Todas las habitaciones se entregan totalmente amuebladas con muebles de primer nivel, así como nevera individual, armario empotrado con luz y aire acondicionado en cada habitación. El barrio de Chamberí se trata de una de las mejores zonas para invertir debido a su alta demanda de habitaciones por su cercanía al centro financiero de AZCA, las universidades de Minas, Nebrija, CEU San Pablo, ICADE así como los mejores restaurantes de la ciudad. Inviertes en un piso realizado con las mejores calidades del mercado garantizando una buena inversión. Trabajamos con marcas como Roca, Parador, Cortizo, Bticino, Mitsubishi.   Ofrecemos garantía postventa única en el sector y te entregaremos tu inversión con planos “as built” como si de obra nueva se tratase. En CALMA. es creamos hogares únicos e inversiones rentables.",False,good,False,True,6863.0,True,False,False,False,[],False,False,700000.0,€,flat,"Nuevos Ministerios-Ríos Rosas, Madrid",Piso en calle de Cristóbal Bordiú s/n,,,,,,,,
108095019,https://img4.idealista.com/blur/480_360_mq/0/id.pro.es.image.master/d0/77/d9/1333658803.webp,19,3,515000.0,flat,sale,120.0,True,3,2,"calle Gales, 37",Madrid,Madrid,Vicálvaro,es,El Cañaveral,40.397257,-3.5525113,True,https://www.idealista.com/inmueble/108095019/,"**Piso en Venta en El Cañaveral - ¡Tu nuevo hogar te espera! **! SIN COMISION DE AGENCIA! Descubre este espectacular piso de 120 m² en El Cañaveral, donde la luz natural y las vistas despejadas se combinan para ofrecerte un ambiente acogedor y luminoso. Con una orientación sureste, disfrutarás del sol durante gran parte del día. Este inmueble cuenta con tres dormitorios, cada uno equipado con armarios empotrados, perfectos para mantener todo en orden. Además, dispone de dos baños modernos que garantizan comodidad para toda la familia. La urbanización es un verdadero oasis de tranquilidad, con zonas comunes que incluyen un hermoso jardín, piscina y gimnasio. Imagina relajarte en la gran terraza de 17 m², ideal para disfrutar de momentos al aire libre. La calefacción por aerotermia con suelo radiante y el apoyo de split en el salón aseguran un confort óptimo durante todo el año.  Además, contarás con servicio de conserjería y videovigilancia 24 horas, brindando seguridad y tranquilidad. La plaza de garaje y trastero están incluidos en el precio, lo que añade un valor extra a esta maravillosa propiedad. ¡No dejes pasar la oportunidad de vivir en este magnífico piso! Contáctanos para más información y ven a verlo.",False,good,False,True,4292.0,True,False,False,False,[],False,False,515000.0,€,flat,"El Cañaveral, Madrid","Piso en calle Gales, 37",Gales,,,,,True,True,
108871906,https://img4.idealista.com/blur/480_360_mq/0/id.pro.es.image.master/26/ab/71/1357566298.webp,19,1,189900.0,flat,sale,64.0,True,3,1,avenida de la Constitucion,Madrid,Móstoles,Centro,es,,40.3273458,-3.861662,False,https://www.idealista.com/inmueble/108871906/,"Vivienda reformada para entrar a vivir con ascensor, ubicada en Móstoles Central, con todo tipo de servicios, tales como colegios, guarderías, zonas comerciales, supermercados, ambulatorio, bancos, etc. Bien comunicada a través de diversos tipos de transporte, tales como Metro y Renfe (estación de Móstoles Central) a tan solo 5 minutos de la vivienda, y líneas de autobuses urbanas e interurbanas,  (1,4, 526,529, 529A, 529H, 531,531ª, 541,545, 546,547, 548, N501, N505) y comunicándonos con Madrid capital en apenas 20 minutos, así como por carretera a través de la A-5, M-50, M-506 Vivienda exterior y muy luminosa de 67 m2, distribuidos en hall, tres dormitorios, salón comedor ampliado a terraza, cocina amueblada y baño con plato de ducha. Cuenta con calidades como: Suelos son de tarima, las paredes lisas y las ventanas de aluminio blanco en todas las estancias. La vivienda dispone de aire acondicionado con bomba de calor en el salón y en la habitación principal. Para más información o visitar esta vivienda, no lo dude, llame al ó Luis Miguel Cedena. Vivienda Madrid inmobiliaria oficina de Getafe cuenta con la experiencia y mejor servicio para todos nuestros clientes. Disponemos de 22 oficinas en toda la Comunidad de Madrid y nos avalan más de 22 años de experiencia en el sector inmobiliario. Estamos especializados en compraventas, alquileres, trámites de herencias y cambios de domicilios. Valoraciones gratuitas y sin compromiso de inmuebles, asesorando a nuestros clientes de forma personalizada. Le esperamos en Avenida de España 47 de Getafe o recibir más información en el teléfono  Horario comercial de lunes a viernes por la mañana de 9:30 a 14:00, y por la tarde de 17:00 a 20:30. Sábados de 10:00 a 14:00.",False,good,False,True,2967.0,False,False,False,False,[],False,False,189900.0,€,flat,"Centro, Móstoles",Piso en avenida de la Constitucion,VMF14 - Avda. de la Constitución,,,,,,,
108147784,https://img4.idealista.com/blur/480_360_mq/0/id.pro.es.image.master/5f/61/3c/1335280808.webp,59,bj,495000.0,flat,sale,151.0,True,2,2,calle de la Fuente Carrantona,Madrid,Madrid,Moratalaz,es,Horcajo,40.408158,-3.6302598,False,https://www.idealista.com/inmueble/108147784/,"2 hab. 2 baños completo parking y trastero incluidos La vivienda muy luminosa es un bajo con PATIO-JARDIN PRIVADO orientación mediodía y con 2 orientaciones el resto de la casa sur-norte, lo que permite una rápida ventilación cruzada. Ahora mismo la propiedad se encuentra ALQUILADA, en rentabilidad, a una persona de 94 años, bien en la finalización del contrato hasta 2028 fecha límite dada por la propiedad o antes de esa fecha, la vivienda quedaría para entrar sin el Inquilino o se podría volver a alquilar. No deje de consultarnos por esta particularidad. La vivienda supone una gran INVERSIÓN de futuro cercano debido a la alta demanda de la zona y del precio de venta. La calefacción y el agua caliente es individual por gas natural. Consta también de plaza de garaje incluida, trastero y zonas comunes e infantiles con jardines cuidados. Además conserje en horario laboral. No tiene piscina lo cual es un ahorro en los gastos de Comunidad de vecinos. El inmueble se encuentra en una de las mejores zonas de Moratalaz, el edificio linda a la calle Fuente Carrantona, con buen ambiente familiar y vecindario y al del parque forestal y de la cuña verde, todo en un espacio natural, dotado de carril bici, anfiteatro, instalaciones deportivas y juegos infantiles Esta zona se encuentra a 700 metros de altitud (uno de los puntos más altos de Madrid capital) por lo que unido a presencia de grandes zonas verdes presenta muy buena calidad del aire atmosférico todo el año). Gran oferta de colegios públicos y privados: Sagrada Familia, Gredos, Pío Baroja, Rey Pastor, Senara, etc.  Comercios cercanos andando: tiendas de alimentación, pastelerías, cafeterías, gimnasio, polideportivos, farmacias, agencias de viaje, bancos, etc. Autobuses. Rápida Bus-lanzadera E4 a O´Donnell y Goya, además 30, 100, 140. Metro Pavones Línea 9. Fácil acceso en coche a M-30, M-40, A3, R3 y eje de O´Donnell. Si necesita financiación, tenemos un SERVICIO FINANCIERO eficaz.",True,renew,False,True,3278.0,False,False,False,False,[],False,False,495000.0,€,flat,"Horcajo, Madrid",Piso en calle de la Fuente Carrantona,N04-JIB-00025,,,,,True,True,
108711282,https://img4.idealista.com/blur/480_360_mq/0/id.pro.es.image.master/9a/73/c4/1352859369.webp,26,2,565000.0,flat,sale,103.0,True,2,2,calle Isaac Albéniz,Madrid,Majadahonda,Golf - El Carralero,es,,40.4457988,-3.8602003,False,https://www.idealista.com/inmueble/108711282/,"HOGARES MAJADAHONDA VENDE EN EXCLUSIVA PISO DE DOS DORMITORIOS EN URBANIZACIÓN CON PISCINA. Una de mejores zonas de Majadahonda, con todos los servicios cercanos, rodeado de amplias zonas verdes. Te presentamos esta vivienda, ubicada en una de las zonas más tranquilas y prácticas de Majadahonda. Al entrar nos encontramos un hall de bienvenida, desde el cual se distribuye la entrada a la zona de estar, cocina y zona de descanso. El amplio salón comedor aporta calidez y luminosidad a la vivienda, debido a su acertada orientación sur, contando además con salida directa a una terraza con espectaculares vistas al monte, que aportan paz y descanso. Al entrar en la zona de descanso encontramos dos dormitorios equipados con sus correspondientes armarios empotrados. Además, contamos con cuarto de baño para dar servicio a los dormitorios y un aseo adicional. Incluye además un amplio trastero, La finca cuenta con ascensor, amplias zonas verdes, piscina, zona multideporte y zona de vestuarios. En cuanto a la zona, estás rodeado de todos los servicios. Hay colegios, supermercados, parques, centros deportivos y transporte público. También contamos con buena conexión por con la M-50 y la M-503, lo que facilita la comunicación con Madrid. ¡ No dude en venir a visitarlo! ¡ POSIBILIDAD DE HIPOTECA AL 100%!",False,good,False,True,5485.0,False,False,False,False,[],False,False,565000.0,€,flat,"Golf - El Carralero, Majadahonda",Piso en calle Isaac Albéniz,MC25/25,,,,,,,
105892785,https://img4.idealista.com/blur/480_360_mq/0/id.pro.es.image.master/99/ec/88/1266188293.webp,43,1,595000.0,flat,sale,92.0,True,6,2,"calle de Sangenjo, 8",Madrid,Madrid,Fuencarral,es,La Paz,40.4837632,-3.7033162,True,https://www.idealista.com/inmueble/105892785/,"CALMA®. es les presenta este piso de lujo para alquiler por habitaciones de ensueño en pleno Barrio del Pilar que te aportará una rentabilidad superior al 5% neto anual con calidades de lujo para inversores conservadores. El espacio ofrece una superficie de 92 m2 construidos y 85 m2 útiles, aprovechando al máximo detalle su distribución. La zona de noche se compone de 6 amplias y acogedoras habitaciones de uso individual.  Las habitaciones de alquilan en el entorno de los 600€-700€ más gastos siendo una excelente inversión para un inversor conservador. Las zonas comunes están distribuidas con una cocina, con un diseño vanguardista y totalmente equipada además de por dos completos baños con ducha y muy funcionales. Gracias a su estratégica orientación y ubicación en el edificio, disfrutarás de una abundante iluminación natural en todas las áreas. Todas las habitaciones de entregan totalmente amuebladas con muebles de primer nivel, así como nevera individual, armario empotrado con luz y aire acondicionado en cada habitación.  El barrio del Pilar se trata de una de las mejores zonas para invertir debido a su alta demanda de habitaciones por su cercanía al centro financiero de las 4 torres, así como los hospitales Ramón y Cajal y La Paz así con el Centro Comercial de La Vaguada. Inviertes en un piso realizado con las mejores calidades del mercado garantizando una buena inversión. Trabajamos con marcas como Roca, Parador, Cortizo, Bticino, Mitsubishi.   Ofrecemos garantía postventa única en el sector y te entregaremos tu inversión con planos “as built” como si de obra nueva se tratase. En CALMA®. es creamos hogares únicos e inversiones rentables.",False,good,False,True,6467.0,True,False,False,False,[],False,False,595000.0,€,flat,"La Paz, Madrid","Piso en calle de Sangenjo, 8",,,,,,,,
104286936,https://img4.idealista.com/blur/480_360_mq/0/id.pro.es.image.master/28/14/15/1327901648.webp,52,,240000.0,chalet,sale,48.0,,1,1,calle Principal,Madrid,Serracines,,es,,40.6234009,-3.4025959,False,https://www.idealista.com/inmueble/104286936/,"NO COBRAMOS HONORARIOS A LA PARTE COMPRADORA Se vende bonita parcela con piscina en el Jardín de Serracines. La finca está muy bien ubicada en una zona con mucha privacidad y bonitas vistas. Dispone de varias zonas diferenciadas, zona ajardinada con barbacoa, zona de huerto y árboles frutales, zona de piscina con ducha solar y solárium, y una bonita construcción con un amplio porche acristalado, pequeña cocina amueblada con electrodomésticos (frigorífico, lavadora, lavavajillas, fuegos de gas y termo de agua) cuarto de baño completo con ducha. A esta estancia también se le puede dar el uso de garaje. La parcela cuenta con una casa de madera junto a la piscina que puede servir para almacenaje, o como habitación adicional, ya que dispone de agua y luz. Tiene un total de 2.215 m² de parcela y la superficie total construida es de aproximadamente 48 m².  No pierda la oportunidad de visitar esta finca aprovechar las ventajas de una vivienda en el campo a tan solo treinta minutos de Madrid capital. En los precios de venta no están incluidos impuestos legales ni gastos de escrituración.",True,good,False,,5000.0,False,False,False,False,[],False,False,240000.0,€,chalet,Serracines,Casa independiente en calle Principal,EP2214,independantHouse,,,,True,True,
107150279,https://img4.idealista.com/blur/480_360_mq/0/id.pro.es.image.master/2c/2a/aa/1304501497.webp,20,bj,460000.0,flat,sale,224.0,True,3,2,calle de Arturo Soria,Madrid,Madrid,Ciudad Lineal,es,Colina,40.4588442,-3.6614469,False,https://www.idealista.com/inmueble/107150279/,"Desde LEGEND REAL ESTATE ponemos a tu disposición EXCELENTE INMUEBLE con inmejorable ubicación  Local con licencia comercial dispuesto una parte como vivienda y otra para desarrollo de actividad comercial. DISTRIBUCIÓN Doble acceso, el acceso principal se realiza por unas escaleras. Puerta acorazada da acceso a un gran salón en forma de L, con grandes ventanas que dan a un patio comunitario (no de tránsito). Desde este salón puedes acceder al baño, cocina y un dormitorio.  Luego podrás acceder a un amplio espacio versátil, de techos de doble altura, 3 habitaciones diferenciadas, y un aseo amplio. Este imponente espacio, tiene también un acceso independiente por escaleras desde el portal.  Cuenta con un salón comedor luminoso, con ventanas con rotura de puente térmico y cristales Climalit. Amplia cocina, en muy buen estado de conservación, completamente equipada. La misma cuenta con vitrocerámica, campana extractora y lavavajillas.    CARACTERÍSTICAS DEL INMUEBLE Tiene una superficie construida de 224 m². - doble acceso, totalmente independientes. Uno de ellos frente al portal de acceso. - Puertas acorazadas. - Aire acondicionado. - Suelos de mármol Travertino. - Paredes en liso. - Ventanas Climalit con rotura de puente térmico. - Calefacción por suelo radiante y caldera individual.   UBICACIÓN: Se encuentra ubicado la mejor zona de Arturo Soria, rodeado de todo tipo de servicios a escasos minutos, supermercados, bancos, colegios, el conocido Centro Comercial Arturo Soria Plaza, comercios y restauración.  Numerosos espacios verdes enmarcan el barrio, el cual está conectado perfectamente por servicios de movilidad y transporte. Autobuses, y Metro Arturo Soria a pocos minutos andando, con accesos viales directos a la M30, E-90.   COMUNIDAD: 80€ + DERRAMA 60€ (COMUNIDAD DE 16 VECINOS) IBI: 436€  IT: Aprobada PROPUESTA DE REFORMA: Manteniendo la distribución actual y los accesos, reformar las habitaciones para conseguir 5 habitaciones en cada área (10 en total) consiguiendo una rentabilidad aproximada de un 17-19%. Consulta gratuita con nuestro departamento financiero, financiación hasta el 100% bajo estudio financiero.  Si tienes alguna pregunta o quieres programar una visita, ¡no dudes en ponerte en contacto con nosotros!",False,good,False,False,2054.0,True,False,False,False,[],False,False,460000.0,€,flat,"Colina, Madrid",Piso en calle de Arturo Soria,,,,,,,,
108903247,https://img4.idealista.com/blur/480_360_mq/0/id.pro.es.image.master/3f/78/fa/1358447453.webp,35,4,239900.0,flat,sale,57.0,True,2,1,"calle de Andrea Puech, 18",Madrid,Madrid,Tetuán,es,Valdeacederas,40.4646313,-3.7047318,True,https://www.idealista.com/inmueble/108903247/,"**Piso en Venta en Tetuán, Madrid - ¡Una Oportunidad Única! ** Descubre este magnífico piso en la última planta de un edificio con encanto en el barrio de Tetuán, Valdeacederas. Con una superficie de 57 m², esta propiedad combina a la perfección la arquitectura tradicional con toques modernos, ofreciendo un espacio acogedor y funcional. Disfruta de sus 2 dormitorios luminosos y un baño completo, ideal para una vida cómoda y práctica. La cocina independiente es perfecta para los amantes de la gastronomía, mientras que el salón exterior, orientado al sur, te permitirá disfrutar de la luz natural durante todo el día. Ubicado en una calle vibrante, este piso está rodeado de mercados locales y comercios de proximidad, creando un ambiente lleno de vida. Además, cuenta con excelentes conexiones de transporte, a solo unos pasos de la estación de metro de Tetuán (Línea 1) y varias líneas de autobús. La comunidad es acogedora y el barrio está en constante transformación, lo que añade un alto potencial de revalorización a esta inversión. No pierdas la oportunidad de vivir en un lugar que combina tradición y modernidad. Este piso es ideal tanto para inversores como para quienes buscan su nuevo hogar en Madrid. ¡Contáctanos para más información y agenda tu visita!",False,good,False,False,4209.0,False,False,False,False,[],False,False,239900.0,€,flat,"Valdeacederas, Madrid","Piso en calle de Andrea Puech, 18",,,,,,,,
108806063,https://img4.idealista.com/blur/480_360_mq/0/id.pro.es.image.master/38/16/58/1355685052.webp,26,3,195000.0,flat,sale,99.0,True,3,1,Fuenlabrada central,Madrid,Fuenlabrada,Centro,es,,40.2817741,-3.7992842,False,https://www.idealista.com/inmueble/108806063/,"OPORTUNIDAD PISO LUMINOSO EN FUENLABRADA CENTRAL con terraza abierta, ubicado en el centro de Fuenlabrada ideal para familias distribuido por hall de entrada, salón-comedor, cocina, baño con bañera, trastero interior y un total de 3 amplios dormitorios. Calidades: suelos de baldosa, destacar las vistas despejadas desde la terraza; el piso requiere actualización. Comunidad: 40€ Comunicaciones: acceso próximo a la M-50 y M-506, además de excelente comunicación en el transporte público metro L12 Fuenlabrada Central y cercanías Renfe C-5; piso muy céntrico rodeado de pequeños y grandes comercios, centros de salud, centros deportivos, centros de enseñanza, parques y centros comerciales. Te ofrecemos asesoría financiera gratuita y la posibilidad de llegar al 100% de financiamiento.  Estamos a tu disposición de realizar visitas de lunes a domingo, llámanos te aseguramos que no te arrepentirás. ¡Contacta con nosotros para más información!  Los honorarios de intermediación inmobiliaria no están incluidos en el precio.",True,good,False,False,1970.0,True,False,False,False,[],False,False,195000.0,€,flat,"Centro, Fuenlabrada",Piso en Fuenlabrada central,,,,,,,,
108126486,https://img4.idealista.com/blur/480_360_mq/0/id.pro.es.image.master/15/e3/09/1334645368.webp,18,1,184000.0,flat,sale,73.0,True,2,1,paseo del Deleite s/n,Madrid,Aranjuez,Vergel-Las Olivas,es,,40.0242751,-3.6189558,True,https://www.idealista.com/inmueble/108126486/,"NAVARRO REAL ESTATE vende piso en Aranjuez - Vergel / Las Olivas. Desde NAVARRO REAL ESTATE tenemos el placer de anunciarles en exclusiva este fantástico piso en perfecto estado, listo para entrar a vivir. Amplio piso compuesto por dos dormitorios y un baño. Al entrar en la vivienda encontramos un distribuidor que nos conduce a todas las estancias de la vivienda. El salón - comedor es muy amplio, cuenta con un balcón. La cocina se encuentra totalmente equipada, con electrodomésticos y muebles a medida. Los dos dormitorios son dobles, muy amplios y cuentan con armarios empotrados. El baño cuenta con un plato de ducha. Calidades de la vivienda: paredes de gotelé, suelo de gres, carpintería interior de roble macizo, puerta exterior blindada de seguridad y ventanas de tipo Climalit. La finca cuenta con ascensor. Urbanización cerrada con conserje físico. Este inmueble tiene una ubicación céntrica, ofreciendo fácil acceso a servicios y comodidades como comercios, supermercados, transporte público y zonas de ocio. No dude en llamarnos para concertar una cita para poder visitar el piso. Disponemos de departamento financiero para asesorarle y si lo necesita, conseguir las mejores condiciones para su hipoteca.",True,good,False,True,2521.0,True,False,False,False,[],False,False,184000.0,€,flat,"Vergel-Las Olivas, Aranjuez",Piso en paseo del Deleite s/n,NRE-AR4,,,,,,,
108792385,https://img4.idealista.com/blur/480_360_mq/0/id.pro.es.image.master/08/03/9a/1355263628.webp,23,2,849000.0,flat,sale,167.0,True,4,2,calle de Yeseros,Madrid,Madrid,Centro,es,Palacio,40.4138098,-3.7122154,False,https://www.idealista.com/inmueble/108792385/,"Fantástica y luminosa vivienda en el corazón de la ciudad. ¡Descubre tu nuevo hogar en el corazón de Madrid! Inmo Personal Seller ofrece en EXCLUSIVA, este espectacular piso de 167 m² catastrales que ofrece todo lo que necesitas para vivir cómodamente en una de las zonas más privilegiadas de la ciudad. Con 4 dormitorios y 2 baños, es perfecto para disfrutar en familia. El salón es amplio y bañado por luz natural, gracias a sus balcones que ofrecen vistas encantadoras. La cocina, luminosa y equipada con office, es ideal para los amantes de la gastronomía.  Recientemente renovado y pintado, el piso cuenta con aire acondicionado y calefacción de gas natural para tu confort durante todo el año. Los armarios empotrados maximizan el espacio de almacenamiento, y existe la posibilidad de ampliar a dos habitaciones más si lo deseas como inversión por habitaciones. Además, se puede entregar amueblado, incluido en el precio. Con orientación sur, este piso en una planta intermedia del edificio garantiza tranquilidad y encanto en pleno centro. Una oportunidad única tanto para vivir como para invertir. ¡No lo dejes escapar! En cuanto a la ubicación del edificio, decir que es inmejorable ya que está situada en el distrito centro en la zona de Palacio. Palacio es el nombre que recibe en la ciudad de Madrid el barrio n. o 11, el de mayor extensión de los seis que componen el distrito Centro. Dentro de él se encuentran el Palacio Real de Madrid, el Teatro Real de Madrid, la antigua morería y las cavas, la plaza de la Villa y parte del Madrid de los Austrias. También alberga la zona conocida como barrio de La Latina, considerado por muchos un barrio propio. Además del conjunto museístico del Palacio Real, está el Museo del Convento de la Encarnación. Además de los jardines del recinto del Palacio Real de Madrid, destacan en el barrio los Jardines de Las Vistillas, así como los parques de Atenas y del Emir Mojamed I, además de otras zonas ajardinadas como la Dalieda de San Francisco o las franjas verdes de la Cuesta de los Ciegos y la Cuesta de las Descargas. Por su estupenda ubicación gozarás de gran variedad de restaurantes, servicios y de transporte público para poder moverte por toda la ciudad. ¡No dejes pasar esta oportunidad única!",True,good,False,False,5084.0,True,False,False,False,[],False,False,849000.0,€,flat,"Palacio, Madrid",Piso en calle de Yeseros,,,,,,,,
108679806,https://img4.idealista.com/blur/480_360_mq/0/id.pro.es.image.master/c2/72/92/1351913683.webp,29,3,459000.0,flat,sale,72.0,True,3,1,calle de Canillas,Madrid,Madrid,Chamartín,es,Prosperidad,40.4427864,-3.6728589,False,https://www.idealista.com/inmueble/108679806/,"DANIMA GROUP VENDE EN EXCLUSIVA FABULOSA VIVIENDA DE SEGUNDA MANO EN UNO DE LOS MEJORES BARRIOS DEL CENTRO DE LA CAPITAL GRAN OPORTUNIDAD PARA PERFIL RESIDENCIAL O INVERSOR Las dimensiones catastrales del producto (72m) se reparten de la siguiente manera: - Vivienda (68m). - Elementos comunes (4m). El inmueble se encuentra en la tercera planta del edificio, construido en 1950; dispone de ascensor comunitario y está ubicado en una de las zonas con más demanda y más potencial de la capital. La I. E. E. de la finca fue favorable en 2019. La vivienda tiene doble orientación (exterior e interior) y consta de: - Salón-comedor. - Cocina. - Baño. - 3 dormitorios. - Pasillo distribuidor. Posee una excelente ubicación: - <1 minuto Escuela Infantil Privada El Parque. - <2 minutos Centro Privado De Formación Profesional Específica Cesur-Madrid. - <2 minutos Colegio De Educación Infantil Y Primaria Luis Bello. - <2 minutos Supermercado Condis. - <5 minutos Mercado de la Prosperidad. - < 5 minutos Supermercado Ahorramás.  - <5 minutos Metro Prosperidad (Línea 4). - <5 minutos Parada de autobús (Línea 9 y 73). - <5 minutos Intercambiador Avenida de América (Líneas 4, 6, 7 y 9 de metro, y 12, 29, 52, 5, 122, 200, C1, C2, N2, N4 de la EMT). - <15 minutos Centro de Salud Santa Hortensia - Acceso cercano a la M-30. - Gran variedad comercial y servicios en la zona. Si deseas concertar una visita presencial (sin coste y sin compromiso) para conocer el inmueble y su entorno no dudes en ponerte en contacto con nosotros. ¡Te esperamos!",False,renew,False,True,6375.0,True,False,True,False,[],False,False,459000.0,€,flat,"Prosperidad, Madrid",Piso en calle de Canillas,,,,,,,,
107752227,https://img4.idealista.com/blur/480_360_mq/0/id.pro.es.image.master/ca/95/9e/1347155782.webp,38,9,480000.0,flat,sale,82.0,True,3,1,calle de Finisterre,Madrid,Madrid,Fuencarral,es,La Paz,40.4776124,-3.7031478,False,https://www.idealista.com/inmueble/107752227/,"**Piso en Venta en Barrio del Pilar - Madrid** ¡Descubre tu nuevo hogar en este espectacular piso A ESTRENAR de 82 m²! Ubicado en la novena planta de un edificio moderno con ascensor, este inmueble a estrenar ofrece tres habitaciones luminosas que invitan a la tranquilidad y el descanso.  El amplio salón es perfecto para disfrutar de momentos inolvidables con amigos y familiares, mientras que la terraza con vistas despejadas te permitirá relajarte al aire libre. La cocina tipo office es ideal para los amantes de la gastronomía, y cuenta con preinstalación de aire acondicionado para mayor confort.  Además, la comunidad tiene un coste muy accesible de solo 87€, lo que hace de este piso una opción inmejorable. La ubicación es otro de sus grandes atractivos: a pocos pasos del metro Barrio del Pilar (L9) y con acceso a diversas líneas de autobús, tendrás todo Madrid al alcance de tu mano. A solo 3 minutos a pie del centro comercial La Vaguada y rodeado de numerosos comercios, tendrás todo lo que necesitas a tu disposición.  No pierdas la oportunidad de visitar este magnífico piso. Las visitas están disponibles de lunes a jueves de 10:00 a 19:00 h y viernes de 10:00 a 15:00 h. ¡Y lo mejor de todo! No se cobra comisión al comprador. ¡Ven a verlo y enamórate!",True,good,False,True,5854.0,True,False,False,False,[],False,False,480000.0,€,flat,"La Paz, Madrid",Piso en calle de Finisterre,,,,,,,,
106596691,https://img4.idealista.com/blur/480_360_mq/0/id.pro.es.image.master/c3/fe/1f/1288177571.webp,19,1,145000.0,studio,sale,20.0,False,0,1,calle del Salitre,Madrid,Madrid,Centro,es,Lavapiés-Embajadores,40.4103971,-3.6986435,False,https://www.idealista.com/inmueble/106596691/,"Se trata de un piso en una primera planta SIN ASCENSOR. DESCRIPCIÓN DETALLADA: - Salón con sofa, cama de 1,35, TV, ventilador de techo, armario. - Cocina independiente, completamente equipada con electrodomésticos, vitrocerámica, de 4 fuegos, lavadora, Frigorifico, Muebles altos y bajos de almacenamiento. - Baño completo con plato de ducha. VIVIENDA con: - Suelos de Gres. - Ventanas y puertas son originales de la vivienda restauradas de doble acristalamiento, y en prefecto estado de conservación Si buscas un piso en venta que te ofrezca comodidad, y una buena ubicación, este es el lugar ideal para ti. ¡No pierdas la oportunidad de visitarlo! UBICACION: Diversidad Cultural: Lavapiés es conocido por su mezcla de culturas, lo que se refleja en la variedad de restaurantes, tiendas y eventos culturales. Arte y Creatividad: El barrio es un centro artístico, con numerosas galerías, teatros y espacios alternativos que promueven el arte contemporáneo. Ambiente Bohemio: Su atmósfera relajada y bohemia atrae a artistas, estudiantes y creativos, lo que genera un ambiente dinámico y acogedor. Ubicación Central: Situado cerca del centro de Madrid, Lavapiés tiene fácil acceso a otros barrios y atracciones turísticas. Transporte Público: Excelente conexión de metro y autobuses, facilitando el desplazamiento por la ciudad. Mercados y Comercio Local: Cuenta con mercados como el Mercado de San Fernando, donde se pueden encontrar productos frescos y comida típica.",True,good,False,False,7250.0,True,False,False,False,[],False,False,145000.0,€,flat,"Lavapiés-Embajadores, Madrid",Estudio en calle del Salitre,,studio,,,,,,
108797070,https://img4.idealista.com/blur/480_360_mq/0/id.pro.es.image.master/23/5c/2e/1355412300.webp,27,4,380000.0,studio,sale,50.0,True,0,1,calle de Mira el Sol,Madrid,Madrid,Centro,es,Lavapiés-Embajadores,40.4071919,-3.7064739,False,https://www.idealista.com/inmueble/108797070/,"CREDIT HOME REAL ESTATE ofrece CÉNTRICO PISO REFORMADO EN MADRID. Situado junto al Rastro de Madrid y pendiente de instalación de ascensor entre finales de año e inicios de 2026 (derrama ya pagada). El inmueble cuenta con una superficie construida de 54 m² y se vende amueblado. Dispone de un luminoso salón comedor con salida al bacón. Tiene una cocina americana que te permitirá disfrutar del entorno familiar mientras preparas tus recetas. Está diseñado tipo estudio, pero abierto a la posibilidad de independizar la habitación y cuarto completo. Ideal para parejas o a modo de inversión por su ubicación privilegiada. cada espacio ha sido reformado y decorado con minucioso detalle, no se han pasado nada por alto y la vivienda ofrece todas las comodidades y calidades que buscas en tu hogar. Es completamente exterior, a excepción de la cocina que da a un patio de luces. Rodeada de colegios, comercios, bares, restaurantes, farmacias, etc.. . Es lo que estás buscando? No dudes en visitarla, le atendemos sin compromiso! Le atendemos también por WhatsApp. CREDIT HOME REAL ESTATE, trabajamos para ofrecer a nuestros clientes su vivienda soñada. Cubrimos todas las necesidades demandadas: casas, pisos, locales, terrenos, oficinas, etc. y ofrecemos a nuestros clientes asesoramiento inmobiliario y financiero. Honorarios de intermediación inmobiliaria no incluidos en el precio, no están incluidos los gastos propios de la compraventa. Si necesitas financiación, nuestra oficina cuenta con profesionales en el área que te brindarán seguridad, rentabilidad y la mejor oferta del mercado. Documento D. I. A. a disposición del consumidor según Decreto 515/1989, de 21 de abril. ¡Solicítenos más información sin compromiso!",True,good,False,False,7600.0,True,False,False,False,[],False,False,380000.0,€,flat,"Lavapiés-Embajadores, Madrid",Estudio en calle de Mira el Sol,tomas-1807,studio,,,,,,
106866565,https://img4.idealista.com/blur/480_360_mq/0/id.pro.es.image.master/1c/c1/ce/1296309187.webp,40,bj,1090000.0,flat,sale,142.0,True,4,3,calle de Puerto Rico,Madrid,Madrid,Chamartín,es,Bernabéu-Hispanoamérica,40.4514487,-3.6739523,False,https://www.idealista.com/inmueble/106866565/,"OPORTUNIDAD! Piso Jardín - 142 m2 construidos exterior muy luminoso con vistas al jardín. Piso con jardín de 175 m2 con 4 dormitorios y 3 baños. Tiene zona de servicio. Tiene un trastero de unos 10 m2. Precio: 1.090. 000,00 Euros  Cerca de los metros Colombia y Concha Espina  Magnifico Piso Jardín en el corazón del distrito de Chamartín en el barrio de Hispanoamérica. Es un piso como si fuera un chalet pareado rodeado de jardín. Tiene las ventajas de un piso y de un chalet.  · Salón-comedor amplio con salida a gran jardín • 4 dormitorios (Dormitorio principal con baño en suite) • 3 baño. · zona de servicio • cocina amueblada y independiente • suelos de tarima de bambú, armarios amueblados,  • calefacción agua caliente central y agua calientes individual por gas natural.  aire acondicionado central en el piso • trastero 10 metros • jardín 175 metros • portero automático  Salón-comedor amplio con salida a gran jardín, 4 dormitorio, 3 baño, (4 dormitorios + 3 baños incluye la zona de servicio y el dormitorio principal con baño en suite) calefacción central y agua caliente individual, aire acondicionado centralizado en el piso, portero automático, alarma, puerta blindada y magnificas vistas a jardines que rodea todo el piso y trastero en la misma casa. La zona esta bien comunicada siendo el metro Colombia y concha espina los mas cercanos. Zona bien surtida con comercios, cafeterías, bares, supermercados, mercado de Chamartín, colegios, institutos, hospitales, centros médicos, autobuses, metro líneas 8 y 9 con conexión al aeropuerto y nuevos ministerios. Salida directa a la m-30. Merece la pena verlo. Recomendamos que nos llamen para concertar una visita. Edificio con rampa.",False,good,False,True,7676.0,True,False,False,False,[],False,False,1090000.0,€,flat,"Bernabéu-Hispanoamérica, Madrid",Piso en calle de Puerto Rico,634,,,,,,,
108852635,https://img4.idealista.com/blur/480_360_mq/0/id.pro.es.image.master/d4/16/d8/1357021002.webp,27,,440000.0,chalet,sale,275.0,,4,3,Manzanares el Real,Madrid,Manzanares el Real,,es,,40.7338569,-3.8651107,False,https://www.idealista.com/inmueble/108852635/,"¡Rayan Consulting Inmobiliario VENDE EN EXCLUSIVA! Chalet pareado con doble patio. Te presentamos este encantador chalet pareado en urbanización cerrada construido en 2009, ideal para quienes buscan amplitud, comodidad, privacidad y espacios exteriores para disfrutar en familia. Distribuido en dos alturas más garaje/bodega, esta vivienda combina funcionalidad y calidez, situado a solo 10 minutos andando del casco urbano. Distribución: En planta baja un acogedor porche de entrada da paso a un amplio salón-comedor lleno de luz natural, una cocina amueblada y funcional con zona de lavado, y un baño completo. La planta superior alberga cuatro dormitorios, uno de ellos en suite con vestidor, y otro baño completo, perfecto para el descanso y la privacidad. Patio trasero con zona ajardinada y porche cubierto, con suelo de terracota, rodeado por muro de piedra, ideal para comidas al aire libre con vistas a la montaña. Patio frontal ajardinado, con grava, vegetación y pasarela de madera. Bodega, ideal como sala de estar adicional o zona de ocio. Garaje cerrado con capacidad para un vehículo, espacio para almacenamiento, bicicleta y acceso directo desde la vivienda. Calefacción por gas canalizado, suelo de gres y tarima. La vivienda está en buen estado de conservación, lista para entrar a vivir. Sus espacios exteriores ofrecen privacidad y vistas despejadas. Para más información contactar con su asesor inmobiliario David Rayan.",False,good,False,,1600.0,False,False,False,False,[],False,False,440000.0,€,chalet,Manzanares el Real,Chalet pareado,A-2073,semidetachedHouse,470000.0,30000.0,6.0,True,True,
108825145,https://img4.idealista.com/blur/480_360_mq/0/id.pro.es.image.master/92/41/54/1356220452.webp,17,bj,900000.0,flat,sale,103.0,True,3,3,calle de Lope de Rueda,Madrid,Madrid,Retiro,es,Ibiza,40.4208093,-3.6787824,False,https://www.idealista.com/inmueble/108825145/,"OPORTUNIDAD DE INVERSIÓN  ALTA RENTABILIDAD  A solo 1 minuto del parque el Retiro, descubre la elegancia en este majestuoso piso de 103 m2 ubicado en un emblemático edificio del corazón de Madrid. Disfruta de las maravillosas vistas a la calle Lope de Rueda y la cultura madrileña en el exclusivo Distrito del Retiro. Recientemente reformado con acabados de lujo, esta propiedad combina la historia con el confort moderno. Disfruta de amplios espacios, cocina gourmet, 2 suites, 3 baños y servicios de primera. *Salón-Comedor: Al ingresar al piso, se encuentra un amplio salón que destaca por su luminosidad  *Cocina: totalmente equipada con electrodomésticos de alta gama. Los materiales utilizados son de primera calidad, y el diseño moderno asegura un espacio de trabajo cómodo y estilizado. Amplios armarios proporcionan suficiente espacio de almacenamiento. *Dormitorios: La propiedad cuenta con tres habitaciones y tres baños  *Calefacción y Aire Acondicionado: un sistema de aire acondicionado centralizado, asegurando una temperatura óptima durante todo el año. ¡No pierda la oportunidad de vivir en una de las zonas más exclusivas de Madrid, a 1 minutos del Parque de Retiro y de las fantásticas terrazas de la Calle Ibiza y Dr. Castelo!",True,good,False,True,8738.0,True,False,False,False,[],False,False,900000.0,€,flat,"Ibiza, Madrid",Piso en calle de Lope de Rueda,,,,,,,,
108682412,https://img4.idealista.com/blur/480_360_mq/0/id.pro.es.image.master/3e/51/5e/1352079383.webp,45,2,575000.0,flat,sale,100.0,True,4,1,calle de Francisco Altimiras,Madrid,Madrid,Barrio de Salamanca,es,Guindalera,40.436021,-3.6628833,False,https://www.idealista.com/inmueble/108682412/,"Maprofit ofrece en exclusiva una vivienda única en el barrio de Guindalera.  Se trata de un piso exterior, a reformar, que en la actualidad dispone de 4 habitaciones, un baño, cocina con terraza y salón con acceso a la terraza principal.  Es la última planta del edificio. No tiene ascensor, si bien la finca es susceptible de instalarlo. Enumerada como una cuarta planta, la altura real es de un segundo, puesto que la estructura del bloque, por debajo del nivel de la calle, configura la planta baja como un sótano y la primera como un bajo.  Se accede a la finca por una calle particular, lo que da privacidad al edificio. El inmueble requiere de una actualización, una reforma que se ajuste a las necesidades de los futuros propietarios. Esto permite que el piso se convierta en el hogar ideal para la parte compradora. Lo importante es que el piso tiene potencial para diseñar una vivienda a capricho. Tanto para residentes como para invertir en rentabilidad.  Como indicamos al comienzo, los 4 dormitorios actuales pueden, eliminando tabiquería, quedarse en 3 o 2, en función de las necesidades. Ampliando espacios, optimizando las estancias en un conjunto que armonice la distribución de la casa.  Por otra parte, hacer hincapié en las 2 terrazas del inmueble. Así como en la extraordinaria luz natural que dota a la vivienda de bienestar y confort absolutos, realzando los espacios y el color de cada rincón de la casa. Y, por supuesto, se reduce el gasto energético, lo que redunda en una factura de la luz más económica.  El piso se sitúa en uno de los mejores barrios de Madrid, Guindalera, que pertenece al distrito de Salamanca. Un barrio con gran oferta comercial, de hostelería y bien comunicado con el resto de la capital. El Metro muy cerca, con las estaciones de Ventas y/o Parque de las Avenidas a escasos minutos caminando.  No deje pasar la oportunidad de conocer este inmueble, invierta en un valor seguro.  En Maprofit, estamos encantados de mostrarle, en exclusiva, la vivienda.",True,renew,False,False,5750.0,True,False,False,False,[],False,False,575000.0,€,flat,"Guindalera, Madrid",Piso en calle de Francisco Altimiras,,,,,,,,
107174639,https://img4.idealista.com/blur/480_360_mq/0/id.pro.es.image.master/06/f0/17/1330546985.webp,33,3,1050000.0,penthouse,sale,162.0,True,2,2,calle de Pablo Vidal,Madrid,Madrid,Ciudad Lineal,es,Colina,40.4598359,-3.6627491,False,https://www.idealista.com/inmueble/107174639/,"Este magnífico ático en venta en exclusiva por CORMAN CAPITAL ofrece una oportunidad única de adquirir una vivienda exterior en un edificio del año 2023 ¡Compra sin pagar honorarios de agencia!  USO EXCLUSIVO DE UNA AZOTEA DE 68m2 acceso fuera de la vivienda. Incluimos el render de la terraza para que puedas visualizar mejor el espacio.  SE PERMITE •Pérgola bioclimática: estructura no fija (  •Tarima tecnológica: suelo exterior desmontable, sin obra ni fijación permanente. •Mobiliario exterior: sin instalaciones estructurales. Cortinas de cristal sin perfiles (desmontables y correderas). •Toldos verticales o enrollables (laterales retráctiles). •Lonas tensadas o paneles móviles (fáciles de quitar). •Mamparas o biombos exteriores (sin anclaje fijo). QUE OFRECE DIVERSAS OPCIONES AL AIRE LIBRE Y DISFRUTAR DE MAGNIFICAS VISITAS A LAS CUATRO TORRES.  Con una cuidadosa atención a los detalles, esta propiedad cuenta con un salón, una moderna cocina americana con acceso a un práctico lavadero, 2 dormitorios, ambos con armarios empotrados, y dos baños, uno de ellos tipo suite para mayor comodidad. Los acabados de alta calidad incluyen suelo de tarima, carpintería interior en blanco y armarios empotrados equipados con cajoneras y barras para una organización eficiente. Las ventanas de PVC con rotura de puente térmico ofrecen aislamiento térmico y acústico, y se pueden abrir de diferentes formas, ya sea correderas, abatibles u oscilobatientes. Además, la seguridad no se ha pasado por alto, con una puerta de acceso blindada que proporciona tranquilidad adicional. La propiedad también cuenta con dos plazas de garaje amplias con acceso directo desde el ascensor, lo que brinda una gran comodidad, especialmente en días lluviosos o al llevar compras. Además, se incluye un trastero para almacenamiento adicional. Como punto extra, los residentes disfrutarán de las comodidades de las zonas comunes, que incluyen una piscina para refrescarse en los días calurosos y hermosos jardines para relajarse y disfrutar del aire libre. Con una ubicación privilegiada a tan solo un minuto de la calle Arturo Soria, este piso ofrece un acceso directo a importantes vías de comunicación como la M30, A2 y M11, lo que facilita los desplazamientos tanto dentro de la ciudad como fuera de ella. Además, la proximidad al transporte público, a tan solo 5 minutos de la línea 4 de metro y varias líneas de autobuses, garantiza una excelente conectividad con cualquier parte de Madrid. Por si fuera poco, la cercanía al Centro Comercial Arturo Soria Plaza añade un valor adicional a esta ubicación, brindándote la comodidad de tener una amplia gama de servicios, tiendas y opciones de ocio a pocos pasos de tu hogar. ¡No te pierdas la oportunidad de vivir en una zona tan conveniente y llena de posibilidades! En resumen, este ático ofrece una combinación perfecta de estilo, comodidad y calidad de vida, convirtiéndolo en una opción ideal para aquellos que buscan una propiedad de lujo en una ubicación privilegiada."" No te pierdas la oportunidad de conocer este encantador piso en persona! Ven a descubrir por ti mismo la elegancia y comodidad que ofrece esta propiedad. Desde el momento en que entras, serás recibido por una sensación de calidez y estilo que te hará sentir como en casa. Cada detalle ha sido cuidadosamente diseñado para brindar el máximo confort y funcionalidad.",True,good,False,True,6481.0,True,False,False,False,[],False,False,1050000.0,€,flat,"Colina, Madrid",Ático en calle de Pablo Vidal,Arturo Soria ,penthouse,,,,True,True,
108856260,https://img4.idealista.com/blur/480_360_mq/0/id.pro.es.image.master/dd/69/4b/1357130638.webp,11,2,350000.0,flat,sale,48.0,True,1,1,calle de Antonio,Madrid,Madrid,Tetuán,es,Ventilla-Almenara,40.467611,-3.6938792,False,https://www.idealista.com/inmueble/108856260/,"""JOWNER VENDE FANTÁSTICA VIVIENDA EN VALDEACEDERAS"" ""LAS FOTOS SON REPRESENTACIONES GRÁFICAS NO DEFINITIVAS"" Descripción de la vivienda Se presenta una vivienda en proceso de reforma integral, ubicada en la segunda planta de un edificio sin ascensor, situada en la Calle Antonio, en el barrio de Valdeacederas. La propiedad cuenta con una distribución funcional compuesta por 1 dormitorio, salón con cocina integrada y un baño completo. Gracias a su orientación este-oeste, la vivienda recibe luz natural directa durante todo el día, creando un ambiente cálido y confortable. Esta reforma ofrecerá una renovación completa de instalaciones, acabados y carpinterías, pensada para optimizar el espacio y la eficiencia energética. Características principales Superficie: 48m2  1 dormitorio amplio Salón con cocina integrada (concepto abierto) 1 baño completo Vivienda exterior muy luminosa Orientación este-oeste Segunda planta sin ascensor Reforma integral en curso (instalaciones, suelos, paredes, carpintería, cocina y baño completamente renovados) Descripción del entorno La vivienda se encuentra en una zona residencial consolidada del barrio de Valdeacederas, perteneciente al distrito de Tetuán, Madrid. La Calle Antonio es una vía tranquila, bien conectada con el transporte público, a pocos minutos a pie de la estación de metro Valdeacederas (Línea 1) y con varias líneas de autobús en las inmediaciones. El entorno dispone de una amplia oferta de comercios de proximidad, supermercados, centros educativos, y zonas verdes como el Parque Rodríguez Sahagún, ideal para paseos y actividades al aire libre. La zona combina la tranquilidad de un barrio tradicional con la cercanía al centro de Madrid.",False,renew,False,False,7292.0,False,False,False,False,[],False,False,350000.0,€,flat,"Ventilla-Almenara, Madrid",Piso en calle de Antonio,ACP1907,,360000.0,10000.0,3.0,,,
106166224,https://img4.idealista.com/blur/480_360_mq/0/id.pro.es.image.master/e2/1f/61/1274517690.webp,58,,725000.0,chalet,sale,350.0,,4,3,calle Estación,Madrid,El Escorial,Navalquejigo - Los Arroyos,es,,40.6084846,-4.0486578,False,https://www.idealista.com/inmueble/106166224/,"Gran chalet en ""Los Arroyos “de El Escorial. urbanización en paraje natural de alto valor y junto a un embalse, en zona consolidada y con todos los servicios, como supermercados, colegios, zonas de restaurantes.. . etc.. . Edificado en parcela de 1940 metros, dispone de 435 metros construidos en dos alturas. En planta baja garaje para varios coches, almacén, cuarto de baño y varias estancias más. En planta primera, amplio salón en dos ambientes, con chimenea y terraza con bonitas vistas, luminosa cocina, cuatro dormitorios, uno de ellos en suite y baño. La parcela dispone de piscina, barbacoa, amplio huerto, aljibe de 40 mil litros con pozo propio y zonas ajardinadas. Todo ello con grandes vistas. Calefacción de gasoil Ubicada a 300 metros de la estación de tren ""Las Zorreras-Navalquegigo"" de la línea de Cercanías C8a y junto a paradas de autobús. Navalquejigo es una localidad perteneciente al municipio de El Escorial, provincia de Madrid, España. Dispone de una estación de Cercanías Madrid llamada Las Zorreras, perteneciente a la línea C-3. Situación 40°37′ Latitud Norte. 4°3′ Longitud Oeste. Toponimia El nombre del pueblo ""Navalquejigo"" (Nava del quejigo) proviene de ""nava"" (espacio en forma de valle) y ""quejigo"" (Quercus faginea) (especie de roble muy parecido a la encima). La toponimia que se refleja en el censo1 del siglo XVIII es muy variada, conservándose hasta la actualidad solo algún antiguo nombre: Al norte del pueblo estaban Monte de la Villa, Atalaya de San Bartolomé, Pajar del Monte. Al este se situaban Prado El Colladillo con su charca, Herrén la Cuesta, Las Eras, Suertes Viejas, Prado El Concejo. Al sur los lugares de Prado de El Tercio, Dehesa Boyal, Los Quiñones, Suertes Nuevas, Sitio del Valenciano, Herrén La Blasca. Al oeste el Herrén de La Moraleda, que tenía una fuente, parte del Monte de la Villa. Otros lugares eran Prado Puerta del Roble, Herrén Los Álamos, Herrén El Canto, Herrén El Haza, Herrén La Partida, Herrén El Cazejo, Herrén la Chaparra, Los Linares, Dehesa de la Yerba y Dehesa del Pan.",False,good,False,,2071.0,True,False,False,False,[],False,False,725000.0,€,chalet,"Navalquejigo - Los Arroyos, El Escorial",Casa independiente en calle Estación,E1,independantHouse,,,,True,True,
107183492,https://img4.idealista.com/blur/480_360_mq/0/id.pro.es.image.master/df/6c/19/1344234388.webp,53,3,1800000.0,flat,sale,195.0,True,5,5,"calle de Alcalá, 114",Madrid,Madrid,Barrio de Salamanca,es,Goya,40.4256537,-3.673376,True,https://www.idealista.com/inmueble/107183492/,"restaurantes, etc. Buena finca de los años 50 con portero, ascensor y montacargas. Propiedad de 194 m² dividida en tres apartamentos totalmente equipados para uso inmediato -Estudio exterior a la calle Alcalá de 32 m², dormitorio -baño- zona de living con cocina integrada. -Apartamento exterior a la calle Alcalá, 2 dormitorios y 2 baños 83 m², zona de living con cocina integrada. A estos apartamentos, se accede por la entrada principal. -Apartamento a patio de manzana de 63 m², 2 dormitorios y dos baños, zona de living con cocina integrada. -A este apartamento se accede por la zona de servicio. Aire acondicionado por splits en todas las estancias. Buena altura de techos. Posibilidad de reforma y conversión en un solo piso de 3dormitorios y 3 baños con amplia y luminosa zona social – valor aprox de la reforma 370.000€ Destaca la luminosidad de todas las estancias, alta rentabilidad en caso de producto para inversión (en torno a 90.000 y buenas posibilidades de reconversión en un solo piso para uso particular o también para destinar a rentabilizar.",True,good,False,True,9231.0,True,False,False,False,[],False,False,1800000.0,€,flat,"Goya, Madrid","Piso en calle de Alcalá, 114",,,,,,,,
108807220,https://img4.idealista.com/blur/480_360_mq/0/id.pro.es.image.master/fc/82/9a/1356230249.webp,19,1,570000.0,flat,sale,115.0,True,2,2,Barrio Marazuela- El Torreón,Madrid,Las Rozas de Madrid,Marazuela- El Torreón,es,Marazuela- El Torreón,40.5022649,-3.8660902,False,https://www.idealista.com/inmueble/108807220/,"EXCLUSIVO PISO DE 2 DORMITORIOS CON AMPLIA TERRAZA Y EXCELENTES ZONAS COMUNES EN LA MARAZUELA Te presentamos esta magnífica vivienda de 115 m² mas la terraza de 15 m², situada en una de las urbanizaciones más emblemáticas de La Marazuela, perfecta para quienes buscan confort, amplitud y una excelente calidad de vida. La vivienda se distribuye en un luminoso salón-comedor comunicado con una amplia cocina equipada, que cuenta con zona para comer y acceso a un práctico tendedero cerrado. Desde el salón se accede a una estupenda terraza de 15 m², cubierta y con un moderno cerramiento de aluminio, creando un espacio versátil para disfrutar todo el año. Dispone de dos dormitorios de generosas dimensiones; el principal, en suite, ofrece baño con ducha, doble seno y salida directa a la terraza. Además, la vivienda cuenta con un segundo baño completo con bañera.  La vivienda es muy luminosa, con agradable orientación oeste, e incorpora aire acondicionado por conductos, calefacción y agua caliente individual por caldera de gas natural, asegurando máximo confort en cualquier época del año. Incluye dos amplias plazas de garaje y un trastero. La urbanización ofrece completas instalaciones: piscina de adultos y de niños, gimnasio, centro social, zona infantil, amplias zonas verdes y servicio de conserjería, garantizando seguridad y comodidad para toda la familia. Una oportunidad única para vivir en una de las zonas más demandadas de Las Rozas, rodeada de tranquilidad y con todos los servicios a tu alcance.",False,good,False,True,4957.0,True,False,False,False,[],False,False,570000.0,€,flat,"Marazuela- El Torreón, Las Rozas de Madrid",Piso,RAV1033,,,,,True,True,
108653139,https://img4.idealista.com/blur/480_360_mq/0/id.pro.es.image.master/11/57/7b/1352085036.webp,30,2,850000.0,flat,sale,132.0,True,5,2,calle de Esteban Terradas,Madrid,Madrid,Chamartín,es,Castilla,40.4692561,-3.6828668,False,https://www.idealista.com/inmueble/108653139/,"HIPODREAMS SERVICIOS FINANCIEROS VENDE Estupendo y amplio piso en una de las mejores zonas de Madrid (Estación de Chamartín) La vivienda se distribuye en su totalidad en una sola planta con 5 amplios dormitorios con armarios empotrados, cocina y un amplio salón independiente con acceso a una terraza tendedero. Además de un baño completo y un aseo. Es decir, todo lo necesario para que tu día a día sea lo mas cómodo posible. La finca cuenta además con portero físico y automático, ascensor y un amplio hall de entrada al edificio de aspecto señorial. La vivienda cuenta además con un amplio trastero. Garaje en la finca con posibilidad de alquilar plazas en el futuro. A/C en el salón. Calefacción gas natural. A 5 minutos andando de la Estación de Chamartín. A escasos metros de centro de salud Nuñez Morgado. Varios supermercados a menos de 300 metros (Carrefour, Mercadona, supercor) Paradas de autobús cercanas (Agustín de Foxa, Mateo inurria. ) Estación de Metro de Duque de Pastrana (Linea 1) Colegios y institutos cercanos (IES Pablo Neruda; C. P Jeronima Llorente; Colegio concertado Nuestra Señora del Recuerdo) Te encontramos la FINANCIACIÓN PARA TU VIVIENDA CON LAS MEJORES CONDICIONES busques lo que busques Y EN TODO EL TERRITORIO NACIONAL. En HIPODREAMS te ayudaremos a conseguir las mejores condiciones para tu nueva hipoteca. INFÓRMATE SIN COMPROMISO.",False,good,False,True,6439.0,False,False,False,True,[],False,False,850000.0,€,flat,"Castilla, Madrid",Piso en calle de Esteban Terradas,HD-132,,,,,,,
107330610,https://img4.idealista.com/blur/480_360_mq/0/id.pro.es.image.master/e0/37/64/1320334756.webp,21,1,378000.0,flat,sale,91.0,True,2,1,Barrio Valdeacederas,Madrid,Madrid,Tetuán,es,Valdeacederas,40.4659973,-3.7054122,False,https://www.idealista.com/inmueble/107330610/,"URBENORTE Inmobiliaria VENDE piso en zona Tetuán. Se distribuye en hall de entrada, salón comedor con cocina integrada, amueblada y con salida a una terraza/patio interior de 31 m² de uso exclusivo. 2 dormitorios independientes con armarios empotrados. Baño completo con plato de ducha. Suelos de gres, aire acondicionado y calefacción.  Con una superficie según catastro de 91 m² lo que permite gran posibilidad de reformar si fuera su deseo de crear una buena vivienda para disfrutar además de los 31 m² terraza/patio. Construido en 1968, esta vivienda cuenta con el encanto especial del Barrio de Tetuán, y se presenta como una oportunidad segura a la hora de alquilar si fuera la compra como inversión.  Tetuán es un barrio cosmopolita con centros comerciales modernos, los emblemáticos edificios de oficinas de Puerta Europa y el parque de Agustín Rodríguez Sahagún, que tiene senderos e instalaciones deportivas. La oferta de ocio nocturno abarca desde tabernas de barrio tradicionales y pubs irlandeses hasta coctelerías y discotecas sofisticadas. El Mercado de Maravillas, por su parte, es un mercado de abastos construido en los años 40 en el que se pueden degustar tapas.  La vivienda se encuentra actualmente alquilada. ¡Ven a visitarlo y descubre todo lo que este espacio puede ofrecerte, nosotros te acompañamos encantados y sin compromiso ya que es la mejor forma de valorar!",False,renew,False,False,4154.0,True,False,False,True,[],False,False,378000.0,€,flat,"Valdeacederas, Madrid",Piso,VEN7554,,,,,,,
108692375,https://img4.idealista.com/blur/480_360_mq/0/id.pro.es.image.master/fc/25/8d/1352741960.webp,45,1,195000.0,flat,sale,82.0,True,3,1,calle de Abastos,Madrid,Aranjuez,Nuevo Aranjuez-Ciudad de las Artes,es,,40.0312792,-3.5917026,False,https://www.idealista.com/inmueble/108692375/,"ARANGESTION INMOBILIARIA PONE A LA VENTA EN EXCLUSIVA ¡Descubre tu nuevo hogar en el corazón de Aranjuez! Este magnífico piso de 84 m², recientemente reformado, te ofrece un espacio moderno y acogedor. Con tres amplios dormitorios, es perfecto para familias o para quienes buscan espacio adicional. El baño cuenta con una elegante ducha, y el salón, de grandes dimensiones, te invita a relajarte con acceso directo a una terraza donde disfrutar del aire libre. Los suelos de tarima añaden un toque cálido y elegante, mientras que la calefacción de gas natural y la bomba de frío/calor garantizan el confort durante todo el año. Además, las luces de bajo consumo contribuyen a un hogar más sostenible. La finca dispone de ascensor y rampa de acceso, haciendo que sea apta para personas con movilidad reducida. Situado en una de las mejores zonas de Aranjuez, estarás rodeado de todos los servicios necesarios: colegios, supermercados, centro médico y una vibrante zona de vida social. No pierdas la oportunidad de vivir en un entorno privilegiado con todas las comodidades al alcance de tu mano. ¡Ven a visitarlo y enamórate de este encantador piso! NO DUDE EN CONCERTAR UNA VISITA. DISPONEMOS DE DEPARTAMENTO FINANCIERO QUE LE AYUDARA A BUSCAR LA HIPOTECA A SU MEDIDA. S. E. O. U.",False,good,False,True,2378.0,False,False,False,True,[],False,False,195000.0,€,flat,"Nuevo Aranjuez-Ciudad de las Artes, Aranjuez",Piso en calle de Abastos,,,,,,,,
108510786,https://img4.idealista.com/blur/480_360_mq/0/id.pro.es.image.master/33/0f/73/1347066832.webp,21,3,239000.0,flat,sale,59.0,True,2,1,calle de Nicolás Sánchez,Madrid,Madrid,Usera,es,Moscardó,40.3876215,-3.7054671,False,https://www.idealista.com/inmueble/108510786/,"Ari Home Inmobiliaria te ofrece en exclusiva este increíble inmueble con una ubicación inmejorable, destaca por el valor de inversión. A 70 metros de la estación de Metro Usera, 10 minutos del centro comercial Plaza Rio 2 y la ribera del Rio Manzanares. La vivienda tiene una azotea de 29 m² de uso exclusivo registrado en la escritura, el inmueble tiene la siguiente distribución:  - Hall de entrada.  - Salón comedor muy amplio y con techos altos.  - Cocina amueblada y equipada, cómoda para cocinar y con espacio de almacenaje.  - 2 dormitorios dobles y espaciosos, el dormitorio principal se conecta con una terraza.  - Baño completo con plato de ducha. - Terraza con vista muy abierta. - Trastero en el piso, y otro trastero en la azotea. Moscardó es un barrio perteneciente al distrito de Usera de Madrid. Limita al norte con el paseo Santa María de la Cabeza (distrito de Arganzuela), al este con el río Manzanares y al sur con la calle Marcelo Usera. ¡Contáctanos!  ¿Te gustaría visitarlo?  Llámanos o escríbenos y organizamos una visita personalizada sin compromiso.  ARI Home Inmobiliaria — Tu hogar empieza aquí.",False,good,False,False,4051.0,True,False,False,False,[],False,False,239000.0,€,flat,"Moscardó, Madrid",Piso en calle de Nicolás Sánchez,1115,,,,,,,
108674250,https://img4.idealista.com/blur/480_360_mq/0/id.pro.es.image.master/6b/51/d3/1351784560.webp,21,1,214900.0,flat,sale,70.0,True,3,1,calle de Belzunegui,Madrid,Madrid,Carabanchel,es,Puerta Bonita,40.3749908,-3.7406283,False,https://www.idealista.com/inmueble/108674250/,"¡Descubre tu nuevo hogar con la oportunidad de financiación hasta el 100%! Dispone de todos los servicios, farmacias, restaurantes y cercano al metro a pocos minutos caminando, a pocos super mercados, centro de salud, paradas de autobuses y colegios. El inmueble esta ubicado zona residencial muy tranquila. zonas verdes. Rodeado de hermosos jardines. Piso de 70M2 gran salón comedor muy amplio y luminoso cuenta con ventanas climalit abatibles que permiten un fantástico aislamiento térmico y acústico con suelo de tarima. Cuenta con 3 habitaciones amplias con armarios empotrados y armarios hechos a la medida perfecto para todos los gustos. Baño resiente mente REFORMADO con suelos de ceramica y plato de ducha. Este piso es una oportunidad única para convertirlo en el hogar de tus sueños. Con la experiencia de más de 11 años en SOLUCIONES INMOBILIARIAS, nuestro equipo de profesionales está listo para ofrecerte el mejor asesoramiento personal. Además, contamos con un departamento jurídico y financiero para facilitar todo el proceso de compra. No pierdas la oportunidad de vivir en un lugar que lo tiene todo: comodidad, ubicación y potencial. ¡Contáctanos hoy mismo y ven a visitarlo!",False,good,False,False,3070.0,False,False,False,False,[],False,False,214900.0,€,flat,"Puerta Bonita, Madrid",Piso en calle de Belzunegui,,,219000.0,4100.0,2.0,,,
106543435,https://img4.idealista.com/blur/480_360_mq/0/id.pro.es.image.master/e5/da/dd/1286292786.webp,25,6,2850000.0,flat,sale,250.0,True,4,4,calle de Caracas,Madrid,Madrid,Chamberí,es,Almagro,40.4308897,-3.696779,False,https://www.idealista.com/inmueble/106543435/,"Magnífica vivienda en venta ubicada en el codiciado barrio de Almagro, una de las zonas más prestigiosas de Madrid, esta propiedad de 250 m² según catastro combina amplitud, modernidad y confort. Su excelente ubicación, cerca de otros barrios de renombre como Justicia y Salamanca, te permite disfrutar de lo mejor de la ciudad, rodeado de restaurantes, tiendas de lujo y centros culturales. Al acceder a la vivienda, te recibe un amplio recibidor que da paso a un gran salón comedor exterior distribuido en tres ambientes perfectamente diferenciados: una acogedora zona de estar, una cómoda zona de salón y un elegante comedor. Todo el espacio está climatizado con aire acondicionado, asegurando un confort ideal durante todo el año. La orientación norte de la vivienda permite una luminosidad suave y agradable a lo largo del día. La cocina office está completamente equipada y cuenta con una zona de tendedero que da a un tranquilo patio interior. Además, dispone de una habitación de servicio con baño en suite, ofreciendo una mayor funcionalidad y comodidad. En cuanto a la zona de dormitorios, la propiedad dispone de 3 dormitorios dobles. Uno de ellos cuenta con baño en suite, brindando total privacidad, mientras que los otros dos comparten un baño completo. Además, la vivienda dispone de un aseo de cortesía, ideal para visitas. La propiedad también incluye trastero y la finca cuenta con servicio de conserjería, asegurando seguridad y tranquilidad. Sin lugar a dudas, esta es una oportunidad única para vivir en un hogar amplio, moderno y elegante, en una de las mejores zonas de Madrid. ¡No dudes en visitarlo y descubrir todo lo que este inmueble puede ofrecerte!",False,good,False,True,11400.0,True,False,False,False,[],False,False,2850000.0,€,flat,"Almagro, Madrid",Piso en calle de Caracas,,,,,,,,
108695802,https://img4.idealista.com/blur/480_360_mq/0/id.pro.es.image.master/6d/3b/94/1352408168.webp,22,2,299000.0,flat,sale,65.0,True,3,1,calle Invencibles,Madrid,Madrid,Carabanchel,es,San Isidro,40.3978006,-3.719649,False,https://www.idealista.com/inmueble/108695802/,"Agencia inmobiliaria de MADRID, zona Marques de Vadillo - GENERAL RICARDOS, oficina TECNOCASA. Descubre este luminoso y amplio piso de 65 m², situado a solo 5 minutos de Madrid Río y Marqués de Vadillo. Ubicado en una tranquila zona residencial, este hogar es perfecto para quienes buscan un refugio en la ciudad. En la segunda planta de un edificio con ascensor, disfrutarás de la comodidad y accesibilidad que ofrece. El piso cuenta con tres dormitorios espaciosos, uno de ellos exterior, ideal para aprovechar al máximo la luz natural. Los suelos de parquet aportan calidez y elegancia a los ambientes, mientras que la orientación sur y este garantiza una excelente entrada de luz durante todo el día. Además, la calefacción individual de gas natural te permitirá mantener un ambiente acogedor en invierno.  La cercanía a varias zonas verdes es un plus para disfrutar de paseos al aire libre y actividades recreativas. La excelente comunicación con las líneas 5 y 6 de metro facilita el desplazamiento por la ciudad, haciendo de este piso una opción ideal tanto para vivir como para invertir. No dejes pasar la oportunidad de hacer de este espacio tu nuevo hogar. ¡Contáctanos para más información y ven a visitarlo!",False,good,False,True,4600.0,False,False,False,False,[],False,False,299000.0,€,flat,"San Isidro, Madrid",Piso en calle Invencibles,Jorge Martín,,318000.0,19000.0,6.0,,,
108666482,https://img4.idealista.com/blur/480_360_mq/0/id.pro.es.image.master/96/6e/0c/1359046329.webp,21,1,510000.0,flat,sale,68.0,False,2,2,PS INFANTA ISABEL,Madrid,Madrid,Retiro,es,Jerónimos,40.4084411,-3.6861626,False,https://www.idealista.com/inmueble/108666482/,"**Piso Reformado en el Corazón de Madrid** ¡Bienvenido a tu nuevo hogar! Este espectacular piso reformado integralmente se encuentra en una primera planta interior de un elegante edificio señorial, ubicado en uno de los barrios más deseados de Madrid. Con una superficie de 68 metros construidos, este espacio ofrece un diseño cuidado en cada detalle, ideal para quienes buscan confort y estilo. Al entrar, te recibe un acogedor salón comedor a la derecha, perfecto para disfrutar de momentos en familia o con amigos. A la izquierda, un baño bien distribuido y funcional. El piso cuenta con dos dormitorios, uno de ellos en suite, con armarios empotrados que maximizan el espacio. La cocina, con techos altos y dos amplias ventanas, está equipada con electrodomésticos apanelados, creando un ambiente luminoso y moderno. Además, el aire acondicionado frío-calor en todos los ambientes garantiza el máximo confort durante todo el año. Las ventanas de PVC ofrecen un excelente aislamiento y eficiencia energética. Para mayor comodidad, el inmueble incluye un amplio trastero, ideal para almacenar todo lo que necesites. La ubicación es inmejorable: a pocos pasos del Parque del Retiro y cerca de importantes museos como el Prado y el Reina Sofía. La cercanía a la calle Atocha te permite disfrutar de una variada oferta gastronómica con restaurantes y bares de moda. La comunicación es excelente, con acceso a la estación Atocha, la línea 1 de metro y varias líneas de autobuses. No pierdas la oportunidad de vivir en este maravilloso piso que combina elegancia, comodidad y ubicación privilegiada. ¡Contáctanos para más información y ven a verlo! El piso se encuentra en las últimas semanas de la reforma, en breve se actualizaran las fotos de la publicación.",False,good,False,True,7500.0,True,False,False,False,[],False,False,510000.0,€,flat,"Jerónimos, Madrid",Piso en Ps Infanta Isabel,,,,,,,,
108377941,https://img4.idealista.com/blur/480_360_mq/0/id.pro.es.image.master/95/f1/c6/1342318121.webp,33,2,210000.0,flat,sale,65.0,True,2,1,calle de Herce,Madrid,Madrid,Vicálvaro,es,Ambroz,40.4052576,-3.6128751,False,https://www.idealista.com/inmueble/108377941/,"Vivienda Madrid Vicálvaro vende en exclusiva un amplio y luminoso piso. Se trata de una segunda planta en un edificio en buen estado, con un portal cuidado y una comunidad de vecinos amigable, lista para entrar a vivir. El inmueble se distribuye en un salón muy luminoso con acceso a una acogedora terraza exterior acristalada, ideal para disfrutar del aire libre. La cocina está completamente equipada y cuenta con dos dormitorios (anteriormente eran tres), además de un baño reformado con plato de ducha y ventana para evitar condensaciones. También dispone de un amplio trastero ubicado en la misma finca. En cuanto a sus características, el piso tiene paredes de gotelé, suelo de tarima y ventanas de aluminio. Aunque no posee calefacción central, cuenta con instalación de gas para mayor comodidad. La ubicación es excepcional: rodeada de parques que ofrecen amplias zonas verdes, perfectas para practicar deporte y disfrutar al aire libre. Además, cerca hay bares y restaurantes que enriquecen la vida social del barrio. La zona cuenta con una destacada oferta educativa, incluyendo el Campus Universidad Rey Juan Carlos y otros centros escolares a pocos minutos. Está muy bien comunicado mediante transporte público: varias líneas de autobús (4, 100, 106, E3, E5, N7) cercanas y la estación de metro Vicálvaro (Línea 9) a menos de 10 minutos andando. En coche, se llega en menos de 10 minutos al centro de Madrid o al Aeropuerto de Barajas. En cuanto a supermercados, se encuentra a pocos metros del Ahorramás y a solo 2 km del Mercadona. Para más información, visitas o consultas, puede contactar con nuestra oficina comercial ubicada en calle Calahorra 17 llamando al teléfono o al Recomendamos realizar una llamada previa para concertar una visita sin compromiso.",False,good,False,False,3231.0,True,False,False,False,[],False,False,210000.0,€,flat,"Ambroz, Madrid",Piso en calle de Herce,,,,,,,,
108428646,https://img4.idealista.com/blur/480_360_mq/0/id.pro.es.image.master/e8/a5/5a/1353074616.webp,34,bj,565000.0,flat,sale,140.0,False,4,3,calle de la Torrecilla del Leal,Madrid,Madrid,Centro,es,Lavapiés-Embajadores,40.4091138,-3.6978327,False,https://www.idealista.com/inmueble/108428646/,"A-House les ofrece esta PLANTA BAJA REFORMADA con acceso independiente en la zona de ‘Lavapiés’. La propiedad se encuentra ACTUALMENTE distribuida en TRES PLANTAS con áreas de día y noche. Tanto en la PLANTA DE ACCESO desde la calle como en la PLANTA SUPERIOR nos encontramos con un salón, baño completo, cocina-office y una habitación doble. En la PLANTA INFERIOR nos encontramos un ESTUDIO, con aseo y cocina independiente. Finca REGIA del año 1900, SIN ASCENSOR. Las estaciones de metro de Madrid más cercanas a Embajadores son: Tirso de Molina (L1), Antón Martín (L1) y Estación del Arte (L1), La Latina (L5), Puerta de Toledo (L5), Lavapiés (L3) y Embajadores (L3) Algunas de las líneas de autobuses son: 3, 6, 17, 18, 23, 26, 27, 31, 32, 34, 35, 36, 41, 50, 59, 16, 118, 119, 148, C1, C2, 002, C03. Las líneas nocturnas con paradas en la zona son: N12, N14, N15, N17 y N26. La vida en Embajadores es animada y llena de energía. Sus calles están llenas de tiendas, bares, restaurantes y locales de música en vivo. Vivir en el barrio de Embajadores significa estar en una ubicación conveniente y con una atmósfera vibrante llena de jóvenes profesionales, estudiantes y artistas. Sin embargo, en esta zona encontrará también familias queriendo alquilar o comprar un piso en Madrid Centro. La Plaza de Cascorro es otro punto de referencia importante, donde se encuentra el famoso mercado de El Rastro, que se celebra todos los domingos y festivos. Este mercado al aire libre atrae a miles de visitantes que buscan gangas, antigüedades y artículos de segunda mano. Aproveche esta oportunidad.",True,good,False,True,4036.0,True,False,False,False,[],False,False,565000.0,€,flat,"Lavapiés-Embajadores, Madrid",Piso en calle de la Torrecilla del Leal,00147MR01,,,,,,,
107510897,https://img4.idealista.com/blur/480_360_mq/0/id.pro.es.image.master/06/2c/ab/1314993179.webp,104,,690000.0,chalet,sale,549.0,,5,6,avenida la Urba,Madrid,Villalbilla,,es,,40.4344962,-3.2815321,False,https://www.idealista.com/inmueble/107510897/,"HISPANOASIA Servicios Inmobiliarios presenta exclusiva villa en la urbanización El Robledal, Villalbilla. La propiedad consta de 549 m2 sobre parcela de 1.442 m2, dividida en tres edificaciones independientes, garaje, casa de invitados y magnífico chalet con piscina. La vivienda está distribuída en: CHALET  - La Planta principal - (Salón, cocina, 2 dormitorios, 2 baños, 2 aseos y sala de reuniones con cocina) -La Planta principal consta de salón panorámico con chimenea y aire acondicionado, aseo de cortesía, gran cocina con almacén, aire acondicionado y salida a patio.  -Enlazada con la planta principal disponemos de una segunda entrada para la zona de dormitorios, habitación suite con baño propio, vestidor y aire acondicionado, segundo dormitorio y baño común con plato de ducha. Sala de reuniones/fiestas con cocina, aseo de cortesía y acceso a zona de barbacoa con horno de leña y patio. - La Primera Planta - Conectada por una escalera laminada, encontramos el recibidor, la suite principal de 50m2 con baño, vestidor y bañera de hidromasaje. Segundo dormitorio, zona de descanso y gran salón de 46m2. EXTERIORES -Casa de invitados- Edificación independiente con todas las comodidades, aire acondicionado y baño propio con plato de ducha. -Garaje- Espacioso garaje cerrado de 43m2, con aparcamiento exterior. Zonas de jardín, patios, piscina, zona de barbacoa, porche y zona de ocio. Excelentes calidades, suelos de pizarra, caldera de gasoil, piscina privada, techos altos y moderna arquitectura. La ubicación es inmejorable con todos los servicios a escasos metros, paradas de autobús, supermercados, colegios, centro de salud, gimnasio, campo de golf El Robledal. Muy bien comunicado, a 15 minutos de Alcalá de Henares y la Autovía A-2.",True,good,False,,1257.0,True,False,False,False,[],False,False,690000.0,€,chalet,Villalbilla,Casa independiente en avenida la Urba,,independantHouse,,,,True,True,
108849275,https://img4.idealista.com/blur/480_360_mq/0/id.pro.es.image.master/16/49/11/1356914889.webp,10,4,1429000.0,flat,sale,97.0,False,2,2,calle de Maldonado,Madrid,Madrid,Barrio de Salamanca,es,Castellana,40.4331214,-3.680828,False,https://www.idealista.com/inmueble/108849275/,"¡Descubre tu nuevo hogar en este espectacular piso inteligente en venta! Situado en una cuarta planta con ascensor, este luminoso inmueble interior ofrece unas vistas inmejorables a un amplio patio de manzana, creando un ambiente tranquilo y acogedor. Con 97 m² construidos y 80 m² útiles, cuenta con dos habitaciones amplias y dos baños, perfectos para adaptarse a tus necesidades.  Además, disfrutarás de la comodidad de un portero físico y automático, así como de aire acondicionado frío y calor y calefacción central, garantizando un ambiente agradable durante todo el año. Los armarios empotrados ofrecen un espacio extra para el almacenamiento, manteniendo todo en orden. Construido en 1950, con las inspecciones técnicas del edificio en orden, este piso de segunda mano se encuentra en buen estado y es ideal para quienes buscan un hogar con carácter y modernidad. No dejes pasar la oportunidad de visitar este encantador piso que combina lo mejor de la tecnología y el confort. ¡Contáctanos para más información y ven a verlo! se entregara completamente amueblado y equipado, todo nuevo listo para entrar a vivir, se paga IBI 650.00 euros al año.",False,good,False,True,14732.0,True,False,False,False,[],False,False,1429000.0,€,flat,"Castellana, Madrid",Piso en calle de Maldonado,,,,,,,,
104954900,https://img4.idealista.com/blur/480_360_mq/0/id.pro.es.image.master/0a/97/e4/1353627153.webp,21,2,360000.0,flat,sale,73.0,True,3,3,calle del Quince de Agosto,Madrid,Madrid,Usera,es,Moscardó,40.3886196,-3.7109741,False,https://www.idealista.com/inmueble/104954900/,"SOLO INVERSORES - INMUEBLE ALQUILADO Propiedad con inquilinos construida en el 1960 en Madrid, Madrid. Es un piso en la segunda planta, dividida por apartamentos, que cuenta con 63,47m2 útiles, distribuidos en 3 apartamentos, cada uno con salón-comedor, cocina, habitación y baño. Dispone de calefacción y aire acondicionado. Alquiler por apartamentos APARTAMENTO A: 21/11/2022 21/11/2027 renta 725 APARTAMENTO B: 16/11/22 16/11/2027 renta 775 APARTAMENTO C: 25/11/2022 25/11/2027 renta 675 Inviertis es la web de inversión inmobiliaria nº1 en España. En inviertispro. com puedes ver y comparar inmuebles en rentabilidad en todo el país. Todos los activos publicados son en EXCLUSIVA y están alquilados y al día de pago. Si entras en la web tendrás acceso al contrato de alquiler vigente, renta mensual, rentabilidad y un completo análisis financiero del comportamiento de ese inmueble a lo largo del tiempo. Se trata de inmuebles procedentes de propietarios y grandes fondos que no encontrarás en ningún otro sitio porque Inviertis solo trabaja con: Inmuebles en exclusiva Pisos y casas con contrato de alquiler vigente Inquilinos al día de pago Rentabilidades por encima del 5% En Inviertis nos encargamos de todo, para que el inversor solo tenga que comprar y rentar. Así de fácil.",False,good,False,False,4932.0,True,False,False,False,[],False,False,360000.0,€,flat,"Moscardó, Madrid",Piso en calle del Quince de Agosto,IH1948,,,,,,,
98710568,https://img4.idealista.com/blur/480_360_mq/0/id.pro.es.image.master/01/34/2d/1286832862.webp,30,1,720000.0,flat,sale,135.0,True,3,2,avenida de la Vega,Madrid,La Moraleja,Arroyo de la Vega,es,,40.536455,-3.6261283,False,https://www.idealista.com/inmueble/98710568/,"Amplia y luminosa vivienda exterior en exclusiva urbanización junto a los jardines de Arroyo De la Vega, con 135 m2 (de los cuales 26 m2 son zonas comunes), con 3 habitaciones y 2 baños.  Se encuentra muy cerca de los prestigiosos colegios San Patricio, Aldobea, Liceo Francés, Brains, Kings College, etc, y muy próximo a supermercados y centros comerciales.  Se trata de urbanización muy familiar, muy mona y discreta, con muy pocos vecinos; ideal para familias con niños. Las zonas comunes cuentan con una preciosa piscina exterior y un jardín muy cuidado con infantil.  Destaca en la vivienda la gran luminosidad de la misma, ya que todas las estancias son exteriores, no existiendo patios interiores. Es una casa muy soleciosa, debido a la orientación al precioso y cuidado jardín de la urbanización. Entramos a la vivienda a través de hall recibidor con puerta blindada de seguridad, y accedemos a la zona de día, compuesta por un amplio y luminoso salón comedor exterior con orientación sur con vistas al jardín y la piscina. Respecto a la cocina, amplia y luminosa también, cuenta con sala de lavandería y electrodomésticos incluidos. Respecto a la zona de noche, la vivienda cuenta con tres amplios dormitorios, todos ellos exteriores.  El dormitorio principal, con orientación Sur (hacia el jardin de la urbanización), cuenta con baño en suite y grandes armarios con gran capacidad de almacenaje.  Los otros dos dormitorios, con orientación Norte, comparten un baño completo. Contamos con amplios armarios empotrados en todos dormitorios con gran capacidad de almacenaje.  Se incluye en el precio un amplio y cómodo trastero, y una buena y amplia plaza de garaje (ambos con acceso directo en ascensor, justo al lado del acceso al mismo) Calefacción individual por caldera de gas.   Aire acondicionado en toda la casa por conductos. Portero físico en horario de mañana y tarde de lunes a viernes. Aparcamiento exterior adicional (dentro de la urbanización) con 17 plazas de uso compartido (adicionales a la plaza privada del garaje interior).  230€/mes de gastos de comunidad vivienda.  23€/mes gastos de comunidad del garaje.  IBI anual: 529€.",True,good,False,True,5333.0,True,False,False,False,[],False,False,720000.0,€,flat,"Arroyo de la Vega, La Moraleja",Piso en avenida de la Vega,,,,,,True,True,
108144726,https://img4.idealista.com/blur/480_360_mq/0/id.pro.es.image.master/53/e7/42/1335186359.webp,28,3,189000.0,flat,sale,79.0,True,3,1,calle Mirasierra,Madrid,Navalcarnero,El Pijorro,es,,40.2919092,-4.0152438,False,https://www.idealista.com/inmueble/108144726/,"¡Oportunidad única de vivir en una de las zonas más céntricas y demandadas de Navalcarnero!  Este encantador piso de 79 m², ubicado en la tercera planta sin ascensor de un edificio con zonas comunes ajardinadas y piscina, combina comodidad, ubicación y calidad de vida. A solo 5 minutos a pie de la emblemática Plaza de Segovia, disfrutarás de una excelente conexión con todos los servicios: colegios, supermercados, farmacias, paradas de autobús, parques infantiles, campos de fútbol y gasolineras, todo al alcance de tu mano. La vivienda se encuentra en buen estado y está distribuida en tres amplios dormitorios dobles, un salón luminoso y acogedor, cocina independiente con tendedero, un baño completo y una agradable terraza. El inmueble cuenta con calefacción central por gasoil y bombas de frío/calor, garantizando una temperatura confortable durante todo el año. Además, podrás relajarte en las amplias zonas comunes o disfrutar de un baño en la piscina comunitaria durante los meses más cálidos. No dejes pasar esta oportunidad de adquirir un piso con todas las comodidades en una ubicación privilegiada.  ¡Llámanos y ven a conocer tu futuro hogar!",True,good,False,False,2392.0,False,False,True,False,[],False,False,189000.0,€,flat,"El Pijorro, Navalcarnero",Piso en calle Mirasierra,3486-05643,,,,,,,
