propertyCode,thumbnail,externalReference,numPhotos,price,propertyType,operation,size,rooms,bathrooms,address,province,municipality,country,latitude,longitude,showAddress,url,description,hasVideo,status,newDevelopment,priceByArea,hasPlan,has3DTour,has360,hasStaging,notes,topNewDevelopment,topPlus,priceInfo.price.amount,priceInfo.price.currencySuffix,priceInfo.price.priceDropInfo.formerPrice,priceInfo.price.priceDropInfo.priceDropValue,priceInfo.price.priceDropInfo.priceDropPercentage,detailedType.typology,detailedType.subTypology,suggestedTexts.subtitle,suggestedTexts.title,floor,exterior,district,neighborhood,hasLift,parkingSpace.hasParkingSpace,parkingSpace.isParkingSpaceIncludedInPrice,newDevelopmentFinished
108210489,https://img4.idealista.com/blur/480_360_mq/0/id.pro.es.image.master/ff/de/72/1337894974.webp,CER1237,16,159000.0,chalet,sale,40.0,1,1,Cercedilla,Madrid,Cercedilla,es,40.743877,-4.0558635,False,https://www.idealista.com/inmueble/108210489/,"CARMEN 5 VENDE; Ésta encantadora casa independiente en Cercedilla! TU NUEVO REFUGIO! Un lugar donde la tranquilidad se encuentra con la modernidad. Totalmente reformada, esta propiedad de 40 m² construidos y 32 m² útiles ha sido diseñada con materiales de primerísima calidad, ofreciendo un espacio funcional y estiloso que invita a disfrutar de cada rincón. Ubicada a pocos minutos del casco urbano, tendrás acceso a todos los servicios necesarios sin renunciar a la paz del entorno natural.  Además, se vende completamente amueblada y equipada, lista para entrar a vivir y disfrutar desde el primer día. Equipada con calefacción eléctrica y aire acondicionado. Esta es una oportunidad única para hacer de este lugar tu nuevo hogar. ¡No dejes pasar la ocasión! Y lo mejor de todo, NO cobramos comisión al comprador.  ¡Ven a visitarla y enamórate!",True,good,False,3975.0,True,False,False,False,[],False,False,159000.0,€,169000.0,10000.0,6.0,chalet,independantHouse,Cercedilla,Casa independiente,,,,,,,,
108743108,https://img4.idealista.com/blur/480_360_mq/0/id.pro.es.image.master/de/2f/5b/1353811085.webp,PIS0040,22,260000.0,flat,sale,45.0,2,1,calle de Rosa de Silva,Madrid,Madrid,es,40.463259,-3.6944127,False,https://www.idealista.com/inmueble/108743108/,"Extrena21 vende piso reformado en planta baja en edificio singular muy próximo a la calle Bravo Murillo para INVERSOR.  Inquilino con contrato hasta diciembre de 2027 con una renta mensual de 836€/mes. Gastos de comunidad 65€/mes e IBI de 150€. Los suministros de la vivienda (Luz y Agua) a cargo del inquilino. Contrato según LAU con 2 meses de fianza La la vivienda consta de salón con salida a patio interior de 8 m2 y cocina independiente, dos dormitorios, uno de ellos con salida a otro patio interior de 5m2 y baño completo Muy bien situado semi esquina con la calle Bravo Murillo y a 50m de la estación de metro de Valdeacederas POR EXPRESO DESEO DE LOS PROPIETARIOS, NO APARECEN EN IDEALISTA TODOS NUESTROS INMUEBLES. PARA MAS INFORMACION EN ESTA ZONA DE LOS MISMOS, VISITE NUESTRA PAGINA WEB. [IW].",False,good,False,5778.0,True,False,False,False,[],False,False,260000.0,€,,,,flat,,"Cuzco-Castillejos, Madrid",Piso en calle de Rosa de Silva,bj,False,Tetuán,Cuzco-Castillejos,True,,,
108617249,https://img4.idealista.com/blur/480_360_mq/0/id.pro.es.image.master/bc/7b/62/1350078068.webp,,47,1290000.0,chalet,sale,316.0,4,4,Estación,Madrid,Pozuelo de Alarcón,es,40.4476982,-3.8002802,False,https://www.idealista.com/inmueble/108617249/,"**Chalet adosado en Venta en Pozuelo de Alarcón** Descubre este impresionante chalet pareado de 4 plantas en la exclusiva zona de Pozuelo de Alarcón. Con 316 m² construidos y 270 m² útiles, esta propiedad es perfecta para quienes buscan un hogar espacioso y cómodo.  Al entrar, te recibe un gran hall que invita a explorar cada rincón de esta maravillosa casa. La planta baja cuenta con un aseo de cortesía y una cocina con office totalmente equipada, el amplio salón-comedor, bañado en luz natural, ofrece acceso directo al jardín privado, con piscina. En la primera planta, encontrarás tres habitaciones dobles con armarios empotrados; dos de ellas comparten un baño completo, mientras que el dormitorio principal cuenta con baño en suite y vestidor, garantizando privacidad y confort.  La segunda planta alberga una buhardilla diáfana que se adapta a tus necesidades, puede ser desde un despacho a un salón de estar, ofrece acceso a dos terrazas con vistas despejadas, perfectas para disfrutar del aire libre.  En el sótano, se encuentra un cuarto de servicio con baño en suite, una zona de almacenaje y lavandería independiente, así como un cuarto polivalente que puede ser utilizado como sala de juegos o estudio.  El chalet incluye un garaje para dos coches con puerta eléctrica y se sitúa a solo dos minutos caminando de la estación de tren Renfe La Estación. Además, la cercanía a servicios, colegios, zonas verdes y comercios hace que esta propiedad sea aún más atractiva.  No pierdas la oportunidad de hacer de este chalet tu nuevo hogar. ¡Contáctanos para más información y ven a visitarlo!",True,good,False,4082.0,True,False,False,False,[],False,False,1290000.0,€,,,,chalet,terracedHouse,"Zona Estación, Pozuelo de Alarcón",Chalet adosado en Estación,,,Zona Estación,Zona Estación,,True,True,
103760417,https://img4.idealista.com/blur/480_360_mq/0/id.pro.es.image.master/a1/d8/34/1199344806.webp,MGSD-00724,46,610000.0,penthouse,sale,78.0,2,2,calle de Sancho Dávila,Madrid,Madrid,es,40.4268629,-3.6604336,False,https://www.idealista.com/inmueble/103760417/,"¡ sin comisión de agencia! ático – terraza – reforma integral – mobiliario y electrodomésticos a estrenar - muy luminoso – orientación este (sol de mañana). En nuevo concepto nos complace presentarte este elegante ático, la vivienda ha sido reformada en su totalidad y damos garantía de sus acabados. Unos de los principales atractivos de la vivienda es su terraza y salón de orientación este, recibiendo el sol de las primeras horas de la mañana.  Otro factor importante que marca la diferencia son sus dos amplios baños y habitaciones. Ambos dormitorios con vestidor, uno de ellos con el baño en suite. Aunque el dormitorio 1 tiene el baño en el pasillo este no se encuentra lejos y es muy cómodo, tanto para el huésped del dormitorio 1 como para usarlo de baño de invitados.  La vivienda se entrega amueblado como se puede ver en las imágenes, un aspecto muy cómodo si estas pensando en alquilar. Todo el mobiliario es nuevo y se encuentra en garantía.  En cuanto a su sistema de climatización tenemos:  Aire acondicionado AA. CC. Por split en todas sus estancias; salón y habitaciones. Radiadores centralizados con contador de consumo individualizado. Ventanas de doble climalit con puente térmico.  Recuerda que tenemos a vuestra disposición el servicios de realidad virtual y planos para que conozcas la vivienda de primera mano desde la comodidad de tu casa o despacho, haciendo tu visita al piso mas efectiva y evitar que pierdas el tiempo.  Costes: Comunidad: 80€ mensuales IBI: 300€ anuales.",True,good,False,7821.0,True,True,False,False,[],False,False,610000.0,€,,,,flat,penthouse,"Fuente del Berro, Madrid",Ático en calle de Sancho Dávila,7,True,Barrio de Salamanca,Fuente del Berro,True,,,
108900074,https://img4.idealista.com/blur/480_360_mq/0/id.pro.es.image.master/4b/26/c8/1358348574.webp,,18,610000.0,flat,sale,110.0,3,2,calle de Jaime el Conquistador,Madrid,Madrid,es,40.3946074,-3.6972593,False,https://www.idealista.com/inmueble/108900074/,"INMOPISOS TELEFONO AGENCIA 6 1 6 1 3 6 6 8 9  Estupendo piso exterior para reformar, con múltiples posibilidades de redistribución. La vivienda cuenta con 3 amplias habitaciones, salón, baño, aseo y cocina, todos ellos con ventanas, lo que garantiza una excelente ventilación y luz natural durante todo el día. Los tabiques interiores no son de carga, lo que permite rediseñar la distribución según tus necesidades. Incluye acceso a un patio comunitario de uso permitido, ideal como desahogo o zona de relax, y dispone de puerta de entrada acorazada para mayor seguridad. Gracias a su triple orientación (oeste, este y norte en las zonas de baño, aseo y cocina), se disfruta de buena iluminación sin sobrecalentamiento. Además, aunque es totalmente exterior, el entorno es muy tranquilo y silencioso. Perfecto para vivir con comodidad en una zona céntrica de Madrid ubicado en la calle Jaime el Conquistador, en el distrito de Arganzuela (Madrid), una zona consolidada, bien comunicada y con todos los servicios a pocos pasos: supermercados, centros educativos, transporte público y zonas verdes como el parque Madrid Río.",False,good,False,5545.0,False,False,False,False,[],False,False,610000.0,€,,,,flat,,"Chopera, Madrid",Piso en calle de Jaime el Conquistador,1,True,Arganzuela,Chopera,True,,,
107787020,https://img4.idealista.com/blur/480_360_mq/0/id.pro.es.image.master/dc/bb/52/1323722706.webp,ACP1811.2,26,1050000.0,penthouse,sale,115.0,2,1,calle de Galileo,Madrid,Madrid,es,40.4294513,-3.7097866,False,https://www.idealista.com/inmueble/107787020/,"“JOWNER VENDE EXCELENTE ÁTICO EN CHAMBERÍ” Presentamos una espectacular vivienda a la venta en la zona de Chamberí. Dispone de 115 m2, distribuidos en dos dormitorios, un baño y una amplia terraza. La vivienda tiene una increíble luz natural debido al gran ventanal que da a la terraza. La vivienda está en un excelente estado de conservación. La calefacción es individual por bomba de calor y el aire acondicionado funciona por conductos. El inmueble se encuentra en una finca con portero 24 horas. Características de la vivienda: 2 dormitorios 1 baño Salón Cocina independiente Aire acondicionado por conductos Calefacción individual Terraza Zona tranquila y muy bien comunicada Descripción del entorno: Esta vivienda se encuentra en el barrio de Chamberí, un barrio histórico y residencial de Madrid, donde resulta imprescindible pasear entre sus calles. Esta zona goza de mucha tranquilidad, servicios y al mismo tiempo de mucha vida, tanto a nivel comercial como gastronómico, además de contar con todos los servicios esenciales. Este área ofrece una muy buena comunicación de transporte público, ya que a escasos metros se encuentra la parada de metro San Bernardo (Línea 2 y 4), además de múltiples líneas de autobuses que te comunicarán con toda la capital. ¡Contacta ya con nosotros para coordinar una visita! JOWNER es una plataforma digital que te ofrece todos los servicios necesarios para que puedas alquilar y vender tu inmueble en el menor tiempo posible, con nuestro método maximizamos tu tiempo y tu rentabilidad/ ""Más info en jowner. com o en el "".",True,good,False,9130.0,False,False,True,False,[],False,False,1050000.0,€,1150000.0,100000.0,9.0,flat,penthouse,"Arapiles, Madrid",Ático en calle de Galileo,6,True,Chamberí,Arapiles,True,,,
108368237,https://img4.idealista.com/blur/480_360_mq/0/id.pro.es.image.master/63/f2/e9/1342017281.webp,2110/21100022/379,36,330000.0,flat,sale,148.0,3,2,Barrio San Fermín,Madrid,Madrid,es,40.3653518,-3.6851838,False,https://www.idealista.com/inmueble/108368237/,"""ESTUPENDA VIVIENDA EN VENTA Excelente vivienda de tres dormitorios y dos baños. Se encuentra en la 1ª planta de un edificio residencial. y cuenta con garaje y trastero. Dispone de ascensor. Situado en SAN FERMIN en el distrito de Usera. La vivienda se distribuye en tres dormitorios, armarios empotrados, salón-comedor con acceso a terraza, cocina independiente y dos baños. Cuenta con cocina amueblada y equipada con muebles altos y bajos, vitrocerámica, horno y campana extractora. Se encuentra ubicado en San Fermin, Usera. Cuenta con fácil acceso a través de las principales carreteras y buenas comunicaciones por transporte público. La parada de metro más cercana es San Fermin-Orcasur. La parada de autobús más cercana es Avenida de los Rosales-Rutilo y se encuentra a menos de 5 minutos andando. La parada de taxi más cercana se encuentra a menos de 5 minutos andando.  En su entorno existen viviendas plurifamiliares de similares características. La zona cuenta con todo tipo de servicios básicos, existen 2 farmacias a menos de 300 metros. Además, a menos de 500 metros también puedes encontrar un supermercado, un banco. La zona cuenta con una amplia oferta de entretenimiento con un gimnasio, múltiples parques, bares, restaurantes y comercios a pocos minutos de la vivienda. En cuanto al transporte privado, la zona dispone de parkings privados, diversos parkings públicos y aparcamiento en la calle. La vivienda tiene un fácil acceso por carretera y está bien comunicado a través de la M-40, Avenida de Andalucia y la Avenida de los Rosales.  Estado de la vivienda: vacante"".",True,good,False,2230.0,True,False,True,False,[],False,False,330000.0,€,,,,flat,,"San Fermín, Madrid",Piso,1,True,Usera,San Fermín,True,True,True,
108576327,https://img4.idealista.com/blur/480_360_mq/0/id.pro.es.image.master/ac/50/e3/1348919675.webp,CH423,68,589000.0,chalet,sale,319.0,4,4,calle Flor de las Catalpas,Madrid,Valdemorillo,es,40.5374357,-4.1037448,False,https://www.idealista.com/inmueble/108576327/,"Inmobiliaria Bravo vende en exclusiva impresionante chalet pareado en Urbanización de Valdemorillo. Entramos a la parcela y nos encontramos precioso jardín y tanto garaje cubierto y mecanizado como pérgola de madera noble que hacen que entren dos vehículos.  Seguimos y llegamos a entrada con puerta blindada que da acceso a la vivienda donde nos encontramos un gran hall con suelos de mármol. En esa planta tenemos la cocina totalmente funcional y equipada, precioso aseo de cortesía con ventana y a estrenar y salón comedor con cálida y bonita chimenea.  También una terraza donde poder disfrutar de comidas o cenas con preciosas vistas a la sierra y a las Machotas. En la planta primera 3 dormitorios y 2 WC uno en suite el cual también tiene otra segunda terraza con mejores vistas si cabe. Todas las habitaciones tienen armarios empotrados y otro adicional en el pasillo ideal para sabanas, mantas. En la tercera planta buhardilla diáfana con posibilidad de otro WC. En la planta baja precioso salón con salida al jardín y a la piscina lo que le convierte en el lugar perfecto para verano o celebración de cualquier evento porque también tiene una segunda cocina supletoria y un WC además de dos trasteros. Por último hablar en esa misma planta del amplio y equipado gimnasio.",True,good,False,1846.0,False,False,False,False,[],False,False,589000.0,€,599000.0,10000.0,2.0,chalet,independantHouse,"Mojadillas - Parque de las Infantas - El Paraiso, Valdemorillo",Casa independiente en calle Flor de las Catalpas,,,Mojadillas - Parque de las Infantas - El Paraiso,,,True,True,
108364370,https://img4.idealista.com/blur/480_360_mq/0/id.pro.es.image.master/b2/dd/71/1355160490.webp,2001/20010016/12,39,485000.0,flat,sale,110.0,2,2,Vega de la Moraleja,Madrid,San Sebastián de los Reyes,es,40.5412732,-3.6173892,False,https://www.idealista.com/inmueble/108364370/,"""ESTUPENDA VIVIENDA EN VENTA Excelente vivienda de dos dormitorios y dos baño. Se encuentra en la 1ª planta de un edificio residencial. Cuenta con dos plazas de garaje y trastero. Dispone de ascensor. Situado en La Hoya Moscatelares en el distrito de San Sebastián De Los Reyes Ciudad. La vivienda se distribuye en dos dormitorios, armarios empotrados, salón-comedor con acceso a terraza y jardín, cocina independiente y dos baños. Cuenta con cocina amueblada y equipada con muebles altos y bajos, vitrocerámica, horno y campana extractora. Dispone de calefacción y aire acondicionado. Dispone de piscina. Se encuentra ubicado en San Sebastián De Los Reyes Ciudad, Sureste de San Sebastián de los Reyes. Cuenta con fácil acceso a través de las principales carreteras y buenas comunicaciones por transporte público. La parada de autobús más cercana se encuentra a menos de 10 minutos andando.    En su entorno existen viviendas plurifamiliares de similares características. La zona cuenta con todo tipo de servicios básicos, el colegio más cercano se encuentra a 300 metros.    La zona cuenta con una amplia oferta de entretenimiento con un cine, múltiples parques, bares, restaurantes y comercios a pocos minutos de la vivienda. En cuanto al transporte privado, la zona dispone de parkings privados, 3 parkings públicos y aparcamiento en la calle. La vivienda tiene un fácil acceso por carretera y está bien comunicado a través de la Autovía del Norte, Paseo de Europa y la Avenida Matapiñoneras. Estado de la vivienda: vacante"".",True,good,False,4409.0,True,False,True,False,[],False,False,485000.0,€,,,,flat,,"Vega de la Moraleja, San Sebastián de los Reyes",Piso,1,True,Vega de la Moraleja,,True,True,True,
106960028,https://img4.idealista.com/blur/480_360_mq/0/id.pro.es.image.master/e4/d1/22/1298811343.webp,,26,1700000.0,flat,sale,175.0,2,3,calle del Príncipe de Vergara,Madrid,Madrid,es,40.4212027,-3.6799912,False,https://www.idealista.com/inmueble/106960028/,"Presentamos un exclusivo piso exterior la zona Salamanca-Recoletos, calle Príncipe de Vergara, reformado íntegramente, que destaca por su luminosidad y acogedoras estancias.  Se encuentra en una primera planta, y consta de un salón-comedor muy amplio y luminoso, reformado con un estilo impecable y materiales de primera calidad. Posee una cocina diseñada con una elegancia exquisita y electrodomésticos de alta gama. Tiene dos amplios dormitorios, uno con un magnífico vestidor y otro con armarios empotrados, ambos con baño en suite y, además, un aseo de cortesía, que dotan la vivienda de una gran comodidad. Cuenta con dos balcones, aislados tanto térmica como acústicamente, con orientación oeste y vistas a una de las principales calles de Madrid, como es Príncipe de Vergara. Aire acondicionado y calefacción regulables a través del móvil, hacen que el piso tenga una alta eficiencia energética y garanticen el confort durante todo el año. La suma de buenas calidades y materiales eficientes son el resultado de esta espectacular vivienda.   El edificio histórico donde se encuentra el piso, cuenta con ascensor. Ubicado en una zona de las más exclusivas de Madrid, dotan al piso de un valor añadido. A pocos pasos del emblemático parque del Retiro, hacen que la vivienda se encuentre en una zona única, tanto por su amplia oferta de servicios y cultura, como por su buena comunicación. No pierdas la oportunidad de vivir en un lugar que combina comodidad, servicios y una ubicación inmejorable.",False,good,False,9714.0,True,False,False,False,[],False,False,1700000.0,€,,,,flat,,"Goya, Madrid",Piso en calle del Príncipe de Vergara,1,True,Barrio de Salamanca,Goya,True,,,
107973932,https://img4.idealista.com/blur/480_360_mq/0/id.pro.es.image.master/64/50/aa/966468459.webp,VT3.2.3,13,454000.0,flat,sale,103.0,3,2,calle Parcela C6 Los Molinos s/n,Madrid,Getafe,es,40.3179911,-3.700932,True,https://www.idealista.com/obra-nueva/107973932/,"¡LAS OBRAS ESTAN EMPEZADAS! Te presentamos un proyecto, en régimen de cooperativa de renta libre. Un edificio de 5 alturas en urbanización privada con locales comerciales y viviendas de 2 y 3 dormitorios con 1 o 2 plazas de garaje con trastero incluido. Hemos pensado en las nuevas necesidades que puedes tener, por eso todas las viviendas cuentan con terraza para que siempre tengas un espacio dentro de casa para estar al aire libre. El sistema de calefacción es por suelo radiante y refrescante consiguiendo así un mayor confort y elegancia en las estancias. La cocina está amueblada y equipada con placa de inducción y horno para que solo tengas que entrar a vivir. Diverso Getafe cuenta con zonas comunes que se han proyectado para que grandes y pequeños puedas disfrutarlas por eso incluyen zonas ajardinadas, área infantil y piscina exterior de adultos y niños. Y por supuesto, pensando en el futuro y tu economía, Diverso Getafe cuenta con etiqueta energética A. ¿Conoces Los Molinos? Nos gusta porque es un barrio nuevo residencial, pero con todos los servicios necesarios cerca para que tu día a día sea tranquilo y a la vez cómodo. Encontrarás al alcance de la mano, supermercados, colegios, parques… Además, los accesos por carretera son rápidos y muy cerca está la parada de RENFE El Casar. Reserva tu cita en nuestra página y ven a conocer tu nueva casa. *Al tratarse de viviendas en régimen de cooperativa, los precios publicados son orientativos y pueden variar.",False,,True,4408.0,False,False,False,False,[],False,False,454000.0,€,,,,flat,,"Los Molinos, Getafe",Piso en calle Parcela C6 Los Molinos s/n,,True,Los Molinos,,True,True,True,False
106169823,https://img4.idealista.com/blur/480_360_mq/0/id.pro.es.image.master/6b/b3/bd/1359023792.webp,3610-00631,53,2275000.0,chalet,sale,823.0,5,3,Centro - Casco Histórico,Madrid,San Lorenzo de El Escorial,es,40.5930911,-4.1387003,False,https://www.idealista.com/inmueble/106169823/,"Espectacular chalet independiente del siglo XIX con vistas a Madrid, piscina y casa de invitados Se vende exclusivo chalet independiente en El Escorial, una propiedad única con una impresionante construcción del siglo XIX, reformada y actualizada, que ofrece unas vistas panorámicas inigualables, llegando hasta las emblemáticas Cuatro Torres de Madrid. La orientación sur proporciona una luminosidad natural excepcional a lo largo de todo el día. La casa cuenta con tres plantas que ofrecen una distribución ideal para la vida familiar y social: Planta principal: Al entrar, nos encontramos con un amplio salón con chimenea de piedra, un espacio perfecto para relajarse o recibir visitas. Además, en esta planta se ubica un dormitorio en suite con su propio baño, un comedor independiente y un despacho, ideal para quienes necesitan un espacio de trabajo privado en casa. Segunda planta: Aquí encontramos dos dormitorios con baño en suite, siendo uno de ellos el dormitorio principal que además cuenta con zona de estar, brindando total privacidad y confort a sus ocupantes. Además, hay otros dos dormitorios que comparten un baño adicional, diseñado para atender las necesidades de ambos dormitorios de manera práctica y funcional. Planta baja (a la altura de la piscina): Este nivel está pensado para el ocio y las necesidades diarias, con un comedor amplio y luminoso que da acceso directo a la galería y la piscina. Además, dispone de una cocina, baño de cortesía, una zona de lavandería independiente y la zona de servicio, que incluye un dormitorio, baño y sala de estar, ideal para el personal doméstico o invitados. El exterior de la propiedad es igual de impresionante, con amplios jardines perfectamente cuidados que rodean la vivienda, y una piscina privada donde disfrutar de momentos de relax y ocio durante los meses más cálidos. Dentro de la misma finca, se encuentra una casa secundaria o casa de guardeses, completamente rehabilitada en 2022. Esta segunda vivienda, de 300 metros cuadrados distribuidos en dos plantas, tiene acceso independiente y es ideal para ser utilizada como casa de invitados, vivienda para alquilar o cualquier otro uso que se desee. Su entrada privada brinda la posibilidad de independencia total respecto a la casa principal. Esta propiedad combina la elegancia histórica con las comodidades modernas en un entorno natural privilegiado. ¡Una oportunidad única para quienes buscan exclusividad, amplios espacios exteriores y tranquilidad sin renunciar a la proximidad con Madrid! **La información que se detalla en este anuncio, se muestra a título informativo, no es contractual ni vinculante y puede contener errores**.",False,good,False,2764.0,True,False,True,False,[],False,False,2275000.0,€,,,,chalet,independantHouse,"Centro - Casco Histórico, San Lorenzo de El Escorial",Casa independiente,,,Centro - Casco Histórico,,,,,
107988603,https://img4.idealista.com/blur/480_360_mq/0/id.pro.es.image.master/55/84/6b/1330464545.webp,4201,37,560000.0,flat,sale,60.0,1,1,calle del Caballero de Gracia,Madrid,Madrid,es,40.4199498,-3.700085,False,https://www.idealista.com/inmueble/107988603/,"ALTOR ASESORES OFRECE:  Vive el Madrid más auténtico desde una ubicación privilegiada y con todas las comodidades. Calle Caballero de Gracia: elegancia, tranquilidad y pleno centro, todo en uno. Un piso con estilo, perfecto para quienes buscan calidad de vida y buena inversión. Este encantador piso de 60 m² construidos, situado en una de las calles más emblemáticas de Madrid, se encuentra en buen estado y listo para entrar a vivir. Dispone de 1 amplia habitación, 1 baño completo y está ubicado en un edificio con ascensor, garantizando comodidad y accesibilidad. Caballero de Gracia es una calle tranquila y señorial que conecta directamente con la vibrante Gran Vía, ofreciendo lo mejor de ambos mundos: serenidad residencial y acceso inmediato a cultura, ocio, tiendas y transporte. Un lugar ideal tanto para vivir como para alquilar con alta rentabilidad. La vivienda cuenta con un historial de alquiler turístico, temporal y corporativo.",False,good,False,9333.0,False,False,False,False,[],False,False,560000.0,€,,,,flat,,"Sol, Madrid",Piso en calle del Caballero de Gracia,1,False,Centro,Sol,True,,,
108358113,https://img4.idealista.com/blur/480_360_mq/0/id.pro.es.image.master/cf/65/5c/1341719513.webp,,23,370000.0,flat,sale,45.0,2,1,calle de Monteleón,Madrid,Madrid,es,40.4287009,-3.7038543,False,https://www.idealista.com/inmueble/108358113/,"Precioso piso exterior en la calle Monte León, planta 2ª, Malasaña. Sin gastos de agencia. Con inquilino.   Estupendo apartamento de 45 m2 construidos (unos 35 útiles). Dos dormitorios individuales con ventanas a los patios interiores, salón con bonito balcón a la calle, baño con ducha, cocina amueblada y equipada con horno, nevera, microondas, lavadora, placa vitrocerámica y campana extractora. Puerta principal de seguridad, dos armarios empotrados con puertas correderas, suelo de parquet en pasillo, salón y habitaciones y gres en cocina y baño, falsos techos de escayola, alógenos empotrados en toda la casa. Edificio histórico singular con patios interiores. Con ascensor. Muy bien comunicado, al lado de la glorieta de San Bernardo, metro San Bernardo, líneas 3, 21, 147 de autobús. Inquilino con contrato en vigor (en el segundo año) al corriente de pago.",True,good,False,8222.0,True,False,False,False,[],False,False,370000.0,€,,,,flat,,"Malasaña-Universidad, Madrid",Piso en calle de Monteleón,2,True,Centro,Malasaña-Universidad,True,,,
107235878,https://img4.idealista.com/blur/480_360_mq/0/id.pro.es.image.master/c5/df/23/1307009024.webp,,88,1450000.0,flat,sale,150.0,6,4,paseo de Santa María de la Cabeza,Madrid,Madrid,es,40.4067058,-3.6937365,False,https://www.idealista.com/inmueble/107235878/,"Vendemos en exclusiva este precioso piso en el centro de la ciudad. Cuenta con 150 metros cuadrados distribuidos en una habitación grande con balcón y baño completo en suit, una habitación grande con balcón, dos habitaciones grandes que dan al jardín del Hardrock Cafe hotel, una habitación media con vistas al patio del edificio y una habitación pequeña; todas ellas con aire acondicionado con bomba de frio y calor. Además tiene tres baños completos y un aseo, una cocina completa (lavadora, dos frigorificos, lavaplatos, vitrocerámica y mucho espacio de almacenamiento) y dos comedores muy luminosos. Todas las estancias cuentan con aire acondicionado por conducto y calefacción. Si se desea se vende amueblado y en rentabilidad.",False,good,False,9667.0,True,False,False,False,[],False,False,1450000.0,€,,,,flat,,"Palos de la Frontera, Madrid",Piso en paseo de Santa María de la Cabeza,4,True,Arganzuela,Palos de la Frontera,True,,,
108402723,https://img4.idealista.com/blur/480_360_mq/0/id.pro.es.image.master/ea/19/a2/1344014593.webp,20_23,21,232500.0,flat,sale,151.0,3,2,avenida de las Estrellas,Madrid,Parla,es,40.2338744,-3.7492214,False,https://www.idealista.com/inmueble/108402723/,"Vivienda con Protección Pública (VPP), que puede venderse sin necesidad de descalificación, al estar el precio por debajo del módulo. Está sujeta a régimen hasta agosto de 2027. El comprador debe cumplir los requisitos legales: A) Debe destinarla a residencia habitual (es obligatorio empadronarse tras la firma de escritura de compraventa). B) No puede alquilarla ni venderla sin autorización previa. C) No puede tener otra vivienda protegida a su nombre en toda España, salvo que sea como mucho el 50% de una herencia o por sentencia judicial. Es necesaria una declaración responsable. Te informamos sin compromiso. Al llegar a este piso por primera vez, puede que te entre una sensación incómoda. Una mezcla entre sorpresa y arrepentimiento. Sorpresa porque, después de tantas visitas, no esperabas encontrar un piso así. Y arrepentimiento… por no haber venido antes. Porque este piso en Parla Este tiene justo lo que muchas viviendas prometen y pocas cumplen: espacio bien aprovechado, luz natural en todas las estancias y una distribución cómoda para el día a día. Es una primera planta con ascensor, con tres dormitorios, dos baños completos, un salón amplio y luminoso, y una cocina independiente con zona de office para desayunos tranquilos o cenas improvisadas. Además, cuenta con tendedero cerrado, plaza de garaje y un trastero que siempre se agradece. Todo ello en una urbanización cuidada y tranquila, con lo necesario cerca para que el ritmo diario no se convierta en una carrera de obstáculos. Así que sí, al principio puede que te entre esa punzada de arrepentimiento. Pero solo dura un momento. Lo justo para pensar: “Menos mal que he llegado a tiempo.” Preguntas frecuentes a la hora de ver una casa en esta zona: ¿Qué comunicaciones y servicios hay cerca de la casa?  En cuanto a transporte y comunicaciones, esta vivienda en el barrio de Parla Este cuenta con excelentes conexiones. A pocos minutos a pie se encuentra una parada del tranvía, que conecta con la estación de Cercanías Renfe (línea C-4), facilitando el acceso directo a Madrid y a otras zonas del sur de la Comunidad. También hay varias líneas de autobús cercanas que enlazan con distintos puntos de Parla y municipios vecinos. Para quienes se desplazan en coche, la zona ofrece un acceso rápido a la A-42, lo que permite llegar al centro de Madrid en menos de 30 minutos. ¿Te preocupa la hipoteca? Es cierto que el año pasado se pusieron las cosas más complicadas para la compra de la vivienda, pero este año las entidades bancarias están levantando más la mano en la concesión de hipotecas, concediendo mejores tipos de interés. ¿Necesitas financiación? Te podemos ayudar. Tenemos un equipo financiero que se dedica única y exclusivamente a realizar los números necesarios para ver la viabilidad del préstamo. Si deseas venir a verlo, llámanos ahora, estaremos encantados de resolver cualquier duda que tengas.",True,good,False,1540.0,True,False,False,False,[],False,False,232500.0,€,,,,flat,,"Parla Este, Parla",Piso en avenida de las Estrellas,1,True,Parla Este,,True,True,True,
108853844,https://img4.idealista.com/blur/480_360_mq/0/id.pro.es.image.master/84/05/f2/1357060351.webp,,27,590000.0,flat,sale,98.0,2,1,calle del Marqués de Santa Ana,Madrid,Madrid,es,40.4258485,-3.7045165,False,https://www.idealista.com/inmueble/108853844/,"GRAN OPORTUNIDAD DE PRIMERA VIVIENDA O INVERSIÓN. ESPECTACULAR PISO EXTERIOR CON DOS BALCONES EN MALASAÑA.  >>>DISEÑA A TU ESTILO LA CASA DE TUS SUEÑOS. >>>DISFRUTA DE UNA UBICACIÓN EXCEPCIONAL Y CÉNTRICA. >>>RESIDE EN UNA FINCA HISTORICA PERO EN UN INMUEBLE REFORMADO DE DISEÑO. >>>INVIERTE EN LA ZONA MÁS DEMANDADA DE MADRID.  Presentamos una vivienda única en una de las zonas más exclusivas de Madrid. El inmueble, con 2 balcones y grandes ventanales, se divide en hall, salón comedor, 2 dormitorios, baño, y cocina independiente. Portal y zonas comunes recién reformados íntegramente. UBICACIÓN Este espectacular piso a reformar con grandes posibilidades se ubica en Malasaña, el barrio más de moda de la capital, a pocos metros de Callao y Gran Vía. A su alrededor tenemos varios metros (Callao, Santo Domingo, San Bernardo, Tribunal, Plaza de España, etc. ) con conexiones con una gran cantidad de líneas. Además, su ubicación céntrica permite ir andando a los principales puntos de interés de la ciudad.  DISTRIBUCIÓN La ausencia de muros de carga en zonas seleccionadas permite crear la distribución a su gusto. Además consta de grandes ventanales y balcones al exterior, dando grandes oportunidades de reforma.  POSIBILIDADES Y PROYECTO La vivienda tiene grandes ventanales y techos muy altos, típicos de las fincas históricas de Madrid. Nuestro equipo de profesionales le podrá presentar el proyecto de reforma así como varias proyecciones de costes.  ESTADO  La vivienda está disponible para la reforma integral al gusto del futuro propietario. Con espacios amplios y luminosos, además de una ubicación privilegiada.    No dudes en contactar con nosotros para más información y concertar una visita presencial o virtual.",False,renew,False,6020.0,True,False,False,False,[],False,False,590000.0,€,,,,flat,,"Malasaña-Universidad, Madrid",Piso en calle del Marqués de Santa Ana,2,True,Centro,Malasaña-Universidad,False,,,
108405012,https://img4.idealista.com/blur/480_360_mq/0/id.pro.es.image.master/2b/08/cd/1343557418.webp,010101,5,850000.0,penthouse,sale,194.0,3,3,calle Ramón y Cajal,Madrid,Las Rozas de Madrid,es,40.5202233,-3.8984669,False,https://www.idealista.com/inmueble/108405012/,"HOGARES HERON VENDE EN EXCLUSIVA lo que probablemente sea el mejor y más exclusivo ático dúplex de lujo de cuatro habitaciones convertido a tres con dos terrazas y completamente exterior, en una de las urbanizaciones más exclusivas y prestigiosas del Parque Empresarial de Las Rozas de Madrid. El inmueble, que tiene una reciente reforma integral, de casi 200m2 construidos, cuenta con amplios y luminosos espacios en cada una de sus estancias, una privacidad y sensaciones de exclusividad de lo más agradables con los que una familia puede llegar a soñar. Estas características, garantizan el deleite de todas las ventajas que puede ofrecer un ático Premium de la zona más cotizada de la zona noroeste de Madrid. El inmueble se distribuye de la siguiente manera: - En planta baja, un gran salón en concepto abierto con cocina americana, y salida a terraza acristalada a la calle principal, un aseo y una habitación de gran tamaño en suite. - En la planta superior, dos habitaciones de gran tamaño, un cuarto de baño completo con plato de ducha, y una gran terraza con toldo con las mejores vistas a la sierra de Madrid.  - Un trastero y dos plazas de garaje incluidos en el precio. - Urbanización equipada con zonas comunes muy completas El inmueble, dado a su condición única y exclusividad, se enseñará de manera presencial tras un estudio financiero que garantice la viabilidad de la operación de compra. La finca se encuentra en una zona fantástica, con seguridad. Una de las ubicaciones de mayor crecimiento, revalorización y proyección de Las Rozas de Madrid. Tiene a escasos minutos colegios, restaurantes, supermercados, centros comerciales, farmacias, y muchos establecimientos de primera necesidad. Salida fácil y directa a las carreteras de La Coruña (A6), la M-50 y la M-505 (Carretera del Escorial). ¡NO PIERDAS LA OPORTUNIDAD DE VISITARLO! FINANCIACIÓN HASTA EL 100%, CONSULTE CONDICIONES.",False,good,False,4381.0,True,False,False,False,[],False,False,850000.0,€,,,,flat,penthouse,"Parque Empresarial, Las Rozas de Madrid",Ático en calle Ramón y Cajal,3,True,Parque Empresarial,Parque Empresarial,True,True,True,
108263859,https://img4.idealista.com/blur/480_360_mq/0/id.pro.es.image.master/41/a3/8c/1338910131.webp,2110/21100022/252,24,215000.0,flat,sale,35.0,1,1,Barrio Palos de la Frontera,Madrid,Madrid,es,40.4044209,-3.7001507,False,https://www.idealista.com/inmueble/108263859/,"""ESTUPENDA VIVIENDA EN VENTA Excelente vivienda de un dormitorio y un baño. Se encuentra en la planta baja de un edificio residencial. No dispone de ascensor. Situado en Palos de Moguer en el distrito de Arganzuela. La vivienda se distribuye en un dormitorio y, salón-comedor con acceso a terraza, cocina independiente y un baño. Cuenta con cocina amueblada y equipada con muebles altos y bajos, vitrocerámica, horno y campana extractora. Dispone de suelos de gres en cocina, baño y en el resto de estancias. Se encuentra ubicado en Palos de Moguer, Arganzuela (Sureste de Madrid). Cuenta con fácil acceso a través de las principales carr eteras y buenas comunicaciones por transporte público.  La parada de metro más cercana es Embajadores y se encuentra a menos de 10 minutos andando. La parada de autobús más cercana es Teatro Circo Price y se encuentra a menos de 5 minutos andando. La parada de taxi más cercana se encuentra a menos de 10 minutos andando.  En su entorno existen viviendas plurifamiliares de similares características. La zona cuenta con todo tipo de servicios básicos, el centro de salud más cercano se encuentra a 350 metros, existen farmacias a menos de 300 metros, existen 2 colegios a menos de 300 metros, la universidad más cercana se encuentra a 150 metros. Además, a menos de 500 metros también puedes encontrar supermercados, bancos, lavanderías, oficinas de correos. La zona cuenta con una amplia oferta de entretenimiento con una biblioteca, un cine, teatros, gimnasios, parques, centros culturales, bares, restaurantes y comercios a pocos minutos de la vivienda. En cuanto al transporte privado, la zona dispone de parkings privad os, un parking público y aparcamiento en la calle.  La vivienda tiene un fácil acceso por carretera y está bien comunicado a través d e la Calle 30, Ronda de Atocha y la Calle de Palos de la Frontera.  Estado de la vivienda: vacante "".",True,good,False,6143.0,True,False,True,False,[],False,False,215000.0,€,,,,flat,,"Palos de la Frontera, Madrid",Piso,bj,True,Arganzuela,Palos de la Frontera,False,,,
108010205,https://img4.idealista.com/blur/480_360_mq/0/id.pro.es.image.master/b5/48/9f/1331078387.webp,,35,610000.0,flat,sale,87.0,2,2,calle de Orense,Madrid,Madrid,es,40.462262,-3.6920015,False,https://www.idealista.com/inmueble/108010205/,"Con dos TERRAZAS Edificio de lujo ubicado en la zona de Cuzco, muy cercano al centro financiero de Madrid, cuenta con portal representativo, cuatro ascensores, suministros centrales con contadores individuales. En la misma finca hay planta sótano con garaje y, frecuentemente, hay plazas en alquiler.  Piso completamente exterior, 87 m 2 distribuidos en salón con la terraza incorporada, dos dormitorios con armarios empotrados, el dormitorio principal incorpora otra pequeña terraza, un baño completo y un aseo de cortesía y cocina comunicada con el salón. Esta vivienda tiene la altura de un tercer piso por la orografía del terreno, desde todas las habitaciones tiene vistas a la calle, dos orientaciones. Muy luminoso, en buen estado de conservación a falta de alguna actualización NOTA: EL TOUR CORRESPONDE A UNA OPCIÓN DE REFORMA, no a su estado actual.  Ubicación espléndida a un par de manzanas del Paseo de la Castellana, una zona con todo tipo de servicios y la más amplia oferta gastronómica y de ocio que disfruta de un ambiente elegante y animado. Luminoso y soleado, las terrazas aportan un valor extra a la vivienda permitiendo pequeños espacios al aire libre. Un apartamento en edificio de lujo y en una localización inmejorable. Pinchando en el enlace a nuestra web puede acceder a UN PLANO CON MEDIDAS Y OPCIONES ALTERNATIVAS DE REFORMA de la vivienda realizadas por nuestro arquitecto.",True,good,False,7011.0,True,True,False,False,[],False,False,610000.0,€,,,,flat,,"Cuzco-Castillejos, Madrid",Piso en calle de Orense,2,True,Tetuán,Cuzco-Castillejos,True,,,
107378380,https://img4.idealista.com/blur/480_360_mq/0/id.pro.es.image.master/8b/1f/f1/1311163821.webp,LIRE-05279,20,85000.0,flat,sale,75.0,3,1,calle de Jerónimo del Moral,Madrid,Ciempozuelos,es,40.1648979,-3.6234374,False,https://www.idealista.com/inmueble/107378380/,"Oportunidad inmueble sin posesión, no se puede visitar. Propio para inversores o vecinos que conozcan el inmueble. Disponemos de una amplia cartera de inmuebles sin posesión en madrid y en toda españa. Propio, pequeño y gran inversor. Madrid es un municipio y una ciudad de españa. La localidad, con categoría histórica de villa, es la capital del estado y de la comunidad de madrid. En su término municipal, el más poblado de españa, su población es de 3 416 771 habitantes (ine 2024), constituyéndose como la segunda ciudad más poblada de la unión europea, así como su área metropolitana, con 6 779 888 habitantes empadronados.",False,renew,False,1133.0,True,False,False,False,[],False,False,85000.0,€,,,,flat,,"San Benito - Soledad - Hispanidad, Ciempozuelos",Piso en calle de Jerónimo del Moral,2,True,San Benito - Soledad - Hispanidad,,True,,,
107741792,https://img4.idealista.com/blur/480_360_mq/0/id.pro.es.image.master/a7/97/0d/1347494217.webp,2201/22010007/550,44,173500.0,flat,sale,150.0,3,2,La Montaña-El Cortijo,Madrid,Aranjuez,es,40.0586195,-3.595706,False,https://www.idealista.com/inmueble/107741792/,"""ESTUPENDA VIVIENDA EN VENTA Excelente vivienda de tres dormitorios y dos baños. Se encuentra en la 1ª planta de un edificio residencial, y cuenta con garaje y trastero. Dispone de ascensor. Situado en La Montaña - El Cortijo. La vivienda se distribuye en tres dormitorios y, armarios empotrados, salón-comedor con acceso a terraza, cocina independiente y dos baños. Cuenta con cocina amueblada y equipada con muebles altos y bajos, vitrocerámica, horno y campana extractora. Dispone de suelos de gres en cocina, baño y en el resto de estancias. Dispone de calefacción. Se encuentra ubicado al Noreste de Aranjuez. Cuenta con fácil acceso a través de las principales carreteras y buenas comu nicaciones por transporte público.  La parada de autobús más cercana es Av. Amazonas Central - Gta. Valle del Loira y se encuentra a menos de 5 minutos andando.  En su entorno existen viviendas plurifamiliares de similares características. La zona cuenta con to do tipo de servicios básicos La zona cuenta con una amplia oferta de entretenimiento con varios parques, bares, restaurantes y comerc ios a pocos minutos de la vivienda. En cuanto al transporte privado, la zona dispone de parkings privados y aparcamiento en la calle.  La vivienda tiene un fácil acceso por carretera y está bien comunicado a través de la Carretera de Chinchon a A-4 y la Carrete ra de Madrid.  Estado de la vivienda: vacante"".",True,good,False,1157.0,True,False,True,False,[],False,False,173500.0,€,,,,flat,,"La Montaña-El Cortijo, Aranjuez",Piso,1,True,La Montaña-El Cortijo,,True,True,True,
107151510,https://img4.idealista.com/blur/480_360_mq/0/id.pro.es.image.master/49/50/ff/1304565016.webp,6147,3,1900000.0,flat,sale,97.0,3,2,calle de Núñez de Balboa,Madrid,Madrid,es,40.4285363,-3.6837034,False,https://www.idealista.com/inmueble/107151510/,"Retail vende este espectacular piso exterior que se encuentra en la segunda planta de un edificio con ascensor. La vivienda se encuentra perfectamente reformada y amueblada. La propiedad dispone de una cocina totalmente equipada, así mismo, cuenta con un amplio salón-comedor, ideal para disfrutar de momentos en familia o con amigos, integrado con una cocina independiente totalmente equipada con electrodomésticos de alta gama, además, de dos amplias habitaciones y dos baños y un aseo totalmente completos ofreciendo un espacio ideal para una vida cómoda y elegante. La vivienda está equipada con calefacción individual y aire acondicionado, asegurando el máximo confort en cualquier época del año. Una oportunidad única para vivir en una de las mejores zonas de Madrid, cerca de servicios, comercios y excelente comunicación. Ubicada en el codiciado barrio de Recoletos en pleno distrito de Salamanca, disfrutarás de una zona repleta de tiendas exclusivas, restaurantes gourmet y todos los servicios necesarios para una vida cómoda y sofisticada. Esta es una oportunidad única de vivir en uno de los lugares más selectos de Madrid.",False,good,False,19588.0,True,False,False,False,[],False,False,1900000.0,€,,,,flat,,"Recoletos, Madrid",Piso en calle de Núñez de Balboa,2,True,Barrio de Salamanca,Recoletos,True,,,
108679270,https://img4.idealista.com/blur/480_360_mq/0/id.pro.es.image.master/6b/11/86/1351899610.webp,1396,44,1449000.0,flat,sale,190.0,5,4,calle del Doctor Esquerdo,Madrid,Madrid,es,40.4080559,-3.6700377,False,https://www.idealista.com/inmueble/108679270/,"En una de las zonas más codiciadas de Madrid, el barrio de Niño Jesús —junto al icónico Parque del Retiro— se encuentra este magnífico ático reformado, una propiedad pensada para quienes valoran el diseño contemporáneo, los espacios amplios y la calidad de vida. Situado en una finca representativa construida en 1987, con ITE favorable y todos los servicios, este inmueble combina ubicación, prestaciones y confort en un equilibrio perfecto. La vivienda ofrece 190 m² construidos, completamente reformados con materiales de alta gama y una distribución que aprovecha al máximo la luz natural. Sus cinco dormitorios ofrecen múltiples opciones: dormitorios familiares, espacios de trabajo o zonas de descanso personalizadas. Los cuatro baños, modernos y funcionales, han sido diseñados con elegancia y atención al detalle. Uno de sus grandes atractivos es la terraza privada de 40 m², un espacio al aire libre para disfrutar en cualquier momento del día. Está equipada con armarios de almacenaje, lo que permite mantener el orden sin renunciar al disfrute. Una extensión del salón, ideal para reuniones, momentos de relax o incluso para montar tu pequeño jardín urbano. El ático incluye además plaza de garaje con cargador eléctrico, anticipándose al presente y futuro de la movilidad sostenible. Y como valor añadido, la comunidad ofrece servicios pensados para el bienestar de todos sus residentes: piscina comunitaria, gimnasio completamente equipado, sauna, portero físico y dos ascensores que facilitan el acceso en todo momento. Vivir aquí significa tenerlo todo al alcance de la mano. Estás a un paso del Parque del Retiro, uno de los pulmones verdes de la capital, perfecto para practicar deporte, dar paseos o simplemente desconectar sin salir del barrio. Además, la zona cuenta con excelente conexión por transporte público (líneas de autobús y metro) y acceso inmediato a la M-30, lo que garantiza una movilidad fluida tanto dentro como fuera de Madrid. A nivel de servicios, el entorno ofrece colegios, supermercados, zonas comerciales, farmacias, centros médicos y una atractiva oferta de restauración, lo que convierte a esta vivienda en una opción ideal tanto para familias como para profesionales que buscan calidad de vida sin renunciar a la conectividad urbana. Esta es una de esas oportunidades que no se presentan todos los días. Si estás buscando un hogar que combine espacio, estilo, ubicación y sostenibilidad, este ático puede ser lo que llevas tiempo esperando. Solicita más información o agenda tu visita hoy mismo. Nuestra prioridad es tu casa, tu tranquilidad, nuestro objetivo.",False,good,False,7626.0,True,False,True,False,[],False,False,1449000.0,€,,,,flat,,"Niño Jesús, Madrid",Piso en calle del Doctor Esquerdo,8,True,Retiro,Niño Jesús,True,True,True,
108792641,https://img4.idealista.com/blur/480_360_mq/0/id.pro.es.image.master/75/7f/68/1355271875.webp,,28,1290000.0,flat,sale,230.0,6,3,calle de Luisa Fernanda,Madrid,Madrid,es,40.4257741,-3.7140171,False,https://www.idealista.com/inmueble/108792641/,"¡Descubre esta magnífica vivienda en el corazón de Argüelles! Con techos altos que aportan una sensación de amplitud y luminosidad, este piso se convierte en el hogar ideal para quienes buscan comodidad y estilo. Situado en una de las zonas más demandadas de la capital, estarás rodeado de todo tipo de servicios y disfrutarás de excelentes comunicaciones gracias a su cercanía con el metro y autobuses. A solo 200 metros de la emblemática Plaza España y junto al Templo de Debod, la ubicación es simplemente inmejorable. Esta propiedad cuenta con más de 12 ventanas, la mayoría de ellas orientadas al exterior, lo que garantiza una luz natural abundante durante todo el día. Al entrar, te recibe un amplio hall con armario empotrado que da paso a travez del pasillo a un espacioso salón comedor, perfecto para disfrutar de momentos en familia o con amigos. La vivienda dispone de 6 dormitorios dobles, todos equipados con armarios empotrados, ofreciendo un excelente espacio de almacenamiento. La cocina independiente es ideal para los amantes de la gastronomía, mientras que los tres baños completos aseguran comodidad y privacidad para todos los miembros del hogar.  Ubicada en una finca clásica señorial con un bonito portal y solo un vecino por planta, disfrutarás de tranquilidad y exclusividad. Además, cuenta con un precioso ascensor de época que añade un toque especial a esta joya inmobiliaria. Como valor añadido, la plaza de parking del ayuntamiento está incluida en el precio, un lujo en el centro de Madrid. No pierdas la oportunidad de vivir en este espectacular piso de 230 m² construidos, donde cada rincón está diseñado para ofrecerte confort y elegancia. ¡Ven a visitarlo y deja que te enamore!",False,good,False,5609.0,True,False,False,False,[],False,False,1290000.0,€,,,,flat,,"Argüelles, Madrid",Piso en calle de Luisa Fernanda,1,True,Moncloa,Argüelles,True,True,True,
108906608,https://img4.idealista.com/blur/480_360_mq/0/id.pro.es.image.master/02/00/40/1358561245.webp,,69,560000.0,flat,sale,103.0,2,2,CL AVE MARIA,Madrid,Madrid,es,40.4124995,-3.7005651,False,https://www.idealista.com/inmueble/108906608/,"AVC INMOBILIARIO VENDE: Magnífico piso en el centro de Madrid, entre los barrios de Huertas y Lavapiés con REFORMA INTEGRAL A ESTRENAR de altas calidades. La reforma se ha realizado manteniendo las vigas de madera maestras cuidando el detalle, incluyendo paredes de ladrillo antiguo visto, y pilares de madera. DOS DORMITORIOS dobles amplios TOTALMENTE EXTERIOR CON ALTOS TECHOS Y TRES BALCONES a la calle Ave María, siendo una calle amplia y arbolada. Muy luminoso con luz natural durante todo el día. A pocos metros de la estación de Metro Antón Martin (L-1) y Lavapiés (L-3). Este magnífico piso consta de: - DOS dormitorios (antes DE LA REFORMA eran TRES): uno de ellos doble con baño en SUITE y el otro es muy amplio con cama de matrimonio. Ambos con armarios de gran capacidad de almacenaje sobre estructura fija de hormigón abierto con detalle de cortinas. Dos balcones, uno en cada uno de los dormitorios. - Estupendo vestidor de 3 metros de altura - Amplio salón muy luminoso con vigas vistas y salida a balcón - Cocina independiente totalmente equipada con vitrocerámica, horno campana extractora de humos, nevera de diseño vintage con congelador y lavadora - Sala de estar antes de cocina equipada con sofá de estructura completamente equipo. - DOS BAÑOS, uno de ellos en suite con bañera exenta de patas y diseño vintage y el otro con estupendo plato de ducha con mampara de cristal, contando con mobiliario PREMIUM de madera maciza. Está decorado con un estilo muy marcado VINTAGE, la cerámica en suelo de toda la vivienda es hidráulica auténtica dándole un carácter, con vigas de madera a la vista que te sumergirá en un ambiente de ensueño. La CALEFACCION es de GAS NATURAL con radiadores en todas las estancias. Asimismo, ventiladores de madera con luz regulable se encuentran en el salón, en las dos habitaciones y en el cuarto de estar. Un maravilloso pasillo de ladrillo visto comunica las diferentes estancias. Los balcones de madera son de altísima calidad, y les acompañan contraventanas también de madera, contando con un sistema que aísla completamente del frio/calor y del ruido. Asimismo, tanto la cocina como el cuarto de estar tienen grandes ventanas de madera con el mismo aislamiento término y acústico. Ideal para quienes quieren aprovechar todo lo que su ubicación privilegiada puede ofrecer, en un acogedor y tranquilo refugio en el centro de Madrid Rodeado restaurantes modernos y teatros, se encuentra en una de las zonas mejor comunicadas de Madrid y con mayor oferta cultural y gastronómica de la capital. A escasos 300 metros del Museo Nacional Centro de Arte Reina Sofia, La Biblioteca de las Escuelas Pías, el Mercado de Antón Martín, la Filmoteca Española, el cine-bar Sala Equis. Muy próximo a los barrios de La Latina, donde los domingos se hace el famoso Rastro de Madrid y a la Puerta del Sol, centro neurálgico de la capital, su ubicación privilegiada nos facilita la comunicación con cualquier punto de la ciudad y alrededores. *honorarios de cuanta de la parte compradora.",False,good,False,5437.0,False,False,False,False,[],False,False,560000.0,€,,,,flat,,"Lavapiés-Embajadores, Madrid",Piso en Cl Ave Maria,3,True,Centro,Lavapiés-Embajadores,True,,,
107229964,https://img4.idealista.com/blur/480_360_mq/0/id.pro.es.image.master/01/b4/12/1306834329.webp,2201/22010039/36,29,340000.0,studio,sale,53.0,0,1,Barrio Legazpi,Madrid,Madrid,es,40.3923824,-3.6922321,False,https://www.idealista.com/inmueble/107229964/,"""ESTUPENDA VIVIENDA EN VENTA Excelente estudio con un baño. Se encuentra en la 5ª planta de un edificio residencial. y cuenta con trastero. Dispone de ascensor. Situado en Legazpi en el distrito de Arganzuela. La vivienda se distribuye en salón-comedor con acceso a jardín, cocina independiente y un baño. Cuenta con cocina amueblada y equipada con muebles altos y bajos, vitrocerámica, horno y campana extractora. Dispone de calefacción. Dispone de piscina. Se encuentra ubicado en Legazpi, Arganzuela (Sureste de Madrid). Cuenta con fácil acceso a través de las principales carreteras y buenas comunicaciones por transporte público.  La parada de metro más cercana es Legazpi y se encuentra a menos de 10 minutos andando. La parada de autobús más cercana es Plaza de Italia y se encuentra a menos de 5 minutos andando. La parada de taxi más cercana se encuentra a menos de 20 minutos andando.  En su entorno existen viviendas plurifamiliares de similares características. La zona cuenta con todo tipo de servicios básicos, existen varias farmacias a menos de 300 metros. Además, a menos de 500 metros también puedes encontrar 3 supermercados, 4 bancos, una comisaría de policía.  La zona cuenta con una amplia oferta de entretenimiento con un cine, 2 gimnasios, varios parques, bares, restaurantes y comercios a pocos minutos de la vivienda.  En cuanto al transporte privado, la zona dispone de parkings privados, 3 parkings públicos y aparcamiento en la calle.  La vivienda tiene un fácil acceso por carretera y está bien comunicado a través de la Calle 30, Plaza Italia y la Calle de Embajadores. Estado de la vivienda: vacante"".",True,good,False,6415.0,True,False,True,False,[],False,False,340000.0,€,,,,flat,studio,"Legazpi, Madrid",Estudio,5,True,Arganzuela,Legazpi,True,,,
108880198,https://img4.idealista.com/blur/480_360_mq/0/id.pro.es.image.master/cc/41/bb/1357776446.webp,,1,200000.0,flat,sale,61.0,1,1,calle de Llanos de Escudero,Madrid,Madrid,es,40.4249977,-3.6397371,False,https://www.idealista.com/inmueble/108880198/,"CLICKHAUS Pueblo Nuevo presenta en exclusiva estupendo piso bajo exterior en Llanos de Escudero, situado en el demandado barrio de Pueblo Nuevo. Características destacadas: -Piso bajo exterior, ideal para quienes buscan comodidad y accesibilidad. -Actualmente alquilado, perfecto para inversores que desean rentabilidad desde el primer día. -Buena distribución y excelente luminosidad. -Entorno tranquilo y bien comunicado: a pocos minutos del metro, comercios y servicios. Ideal para inversores o como primera vivienda con proyección de futuro. Contacta con CLICKHAUS para más información y concertar una visita. ! No dejes pasar esta oportunidad! . FOTOS Y TOUR VIRTUAL DISPONIBLE PRÓXIMAMENTE Asesor: Jose: 6. 7. 1. 0. 4. 8. 7. 2. 4.",False,good,False,3279.0,True,False,False,False,[],False,False,200000.0,€,,,,flat,,"Pueblo Nuevo, Madrid",Piso en calle de Llanos de Escudero,bj,True,Ciudad Lineal,Pueblo Nuevo,False,,,
105243487,https://img4.idealista.com/blur/480_360_mq/0/id.pro.es.image.master/78/33/a3/1290511673.webp,3486-05479,49,550000.0,chalet,sale,615.0,6,3,avenida de la Reina Sofia,Madrid,Villa del Prado,es,40.2784504,-4.3053747,False,https://www.idealista.com/inmueble/105243487/,"¡Descubre la joya del siglo XIX en el corazón de Villa del Prado!  Esta magnífica casa independiente, ubicada en la emblemática Plaza Mayor, te ofrece una experiencia única con vistas inigualables a la Iglesia gótica del siglo XV. Con 615 m² construidos y 513 m² útiles, esta propiedad es perfecta tanto para vivir como para uso hotelero. La casa cuenta con seis dormitorios, tres baños completos y tres salones que ofrecen vistas espectaculares a la plaza. La amplia cocina y el despacho proporcionan un espacio cómodo y funcional. Además, dispone de garaje, bodega con barra, dos terrazas y un encantador patio con pozo y barbacoa, ideal para reuniones familiares o eventos. Reformada cuidadosamente para mantener su esencia del siglo XIX, la propiedad conserva las escaleras, suelos de madera, puertas y ventanas originales. Cada rincón de esta casa refleja el encanto y la historia de una época pasada, combinada con las comodidades modernas como calefacción por gasoil, aire acondicionado con bomba de frío/calor y armarios empotrados. Ubicada a solo 60 km de Madrid, conocida como ""La huerta de Madrid"", Villa del Prado ofrece todos los servicios necesarios: colegios, instituto, polideportivo, mercados y farmacias. La zona es famosa por su actividad agrícola predominante, especialmente en el cultivo de vid, olivar y huertas, así como por su industria vinícola desarrollada. No pierdas la oportunidad de adquirir esta propiedad única.  ¡Ven a conocer la casa de tus sueños en Villa del Prado y déjate enamorar por su historia y encanto!",True,good,False,894.0,False,False,False,False,[],False,False,550000.0,€,,,,chalet,independantHouse,Villa del Prado,Casa independiente en avenida de la Reina Sofia,,,,,,,,
105867644,https://img4.idealista.com/blur/480_360_mq/0/id.pro.es.image.master/6b/96/b6/1359023981.webp,3610-00612,39,1150000.0,chalet,sale,470.0,7,6,La Berzosilla,Madrid,Torrelodones,es,40.5861804,-3.9502025,False,https://www.idealista.com/inmueble/105867644/,"Espectacular chalet en Torrelodones!  Este impresionante chalet de dos plantas con 470 m2 construidos, con una planta principal de 330 m2, y la planta semi-sótano de 140 m2 en 3837m2 de parcela es el hogar ideal para quienes buscan amplitud, comodidad y un entorno exclusivo. Al entrar en la primera planta, te sorprenderás con su generosa distribución. Cuenta con dos amplios salones-comedor, perfectos para crear ambientes diferenciados, y una acogedora zona de estar. Esta planta alberga 7 dormitorios, diseñados para garantizar privacidad y confort, y 5 baños completos, de los cuales dos son en suite, brindando un toque de lujo adicional. La cocina principal destaca su amplia zona office además de contar con un área de almacenamiento y despensa, mientras que la segunda cocina ofrece un espacio funcional y práctico para cualquier ocasión. El semi-sótano de la vivienda no se queda atrás en cuanto a comodidades. Con un garaje de 67 metros cuadrados, Además, cuenta con un trastero ideal para almacenamiento adicional, una versátil zona multiusos de aproximadamente 30 metros cuadrados, y un apartamento independiente con baño completo, perfecto para visitas o para utilizar como espacio privado. El exterior de la casa es simplemente espectacular. Disfruta de una amplia terraza, perfecta para relajarte al aire libre, y un extenso terreno que incluye una piscina privada para refrescarte en los días calurosos y una zona de barbacoa, ideal para reuniones familiares y con amigos, además de una pista de tenis. ¡No dejes pasar la oportunidad de hacer de este chalet en Torrelodones tu hogar ideal! **La información que se detalla en este anuncio, se muestra a título informativo, no es contractual ni vinculante y puede contener errores**.",False,good,False,2447.0,True,False,True,False,[],False,False,1150000.0,€,,,,chalet,independantHouse,"La Berzosilla, Torrelodones",Casa independiente,,,La Berzosilla,,,True,True,
106842585,https://img4.idealista.com/blur/480_360_mq/0/id.pro.es.image.master/bf/4a/af/1295602471.webp,PALACIOS ALGETE ,49,565000.0,chalet,sale,254.0,3,3,calle Libertad,Madrid,Algete,es,40.6127894,-3.5358494,False,https://www.idealista.com/inmueble/106842585/,"Dentro de la zona de Prado Norte, en la urbanización Soto del Duque, chalet de 252 mt. 2. en buen estado de conservación.  Consta de tres plantas + planta garaje. Al entrar por el jardín y puerta principal percibimos sensación de hogar, gran salón con chimenea, grandes ventanales y una puerta que da acceso al maravilloso y cuidado jardín, en esa misma planta principal encontramos una fabulosa cocina con zona para comer un mirador y terraza tendedero con la caldera, además de un baño de cortesía con ventana. Subiendo las escaleras de piedra encontramos un hall distribuidor con acceso a dos amplios dormitorios con armarios empotrados, un baño completo con bañera y ventana y el amplio dormitorio principal con cuatro armarios empotrados, y con baño completo en suite con armario empotrado y con ventana.  En la planta bajo cubierta encontramos una buhardilla diáfana con suficiente altura y grandes ventanales. Preinstalación para poder instalar cuarto de baño.  En la planta sótano encontramos garaje para dos coches, moto, bicicletas, leñera etc. , espacio muy amplio y diáfano y con ventana al jardín. Las ventanas de la vivienda son de aluminio blanco con cristal climalit. Toldos camuflados en todas las ventanas.  Los suelos de madera y cerámica.  Tiene la instalación de alarma. Pre instalación de aire acondicionado. Por fuera el cuidado jardín recorre el frente, lateral y parte trasera de la casa con muro de piedra perimetral dando a la vivienda una amplitud y sensación de libertad magnificas. El agua de riego y exterior es de pozos propios con lo que no hay que pagar ese uso de agua. La urbanización consta de piscina olímpica y de niños, de agua salada, zonas comunes de juegos infantiles, pistas pádel, pista multiuso, carril bicis, y áreas de recreo para toda la familia.  Los accesos a M40 y M50 están a escasos minutos de la vivienda, a menos de 15 minutos de San Sebastián de los Reyes dónde encontramos metro y cercanías, y el Hospital Infanta Leonor, varias líneas de autobuses que nos acercan a la Plaza Castilla y cerca de las localidades de Fuente El Saz, Algete y la carretera N1. Servicios varios muy cerca de la vivienda, colegios públicos y privados, que tiene rutas de bus escolar en la zona. Institutos, centros médicos públicos y privados. Muy bien conectada con el centro de la ciudad, pero con las ventajas de vivir en un oasis de paz rodeados de naturaleza. Un lugar ideal para vivir  CONTACTO DIRECTO ESPERANZA MEJIAS.",False,good,False,2224.0,True,False,False,False,[],False,False,565000.0,€,,,,chalet,semidetachedHouse,Algete,Chalet pareado en calle Libertad,,,,,,True,True,
107827441,https://img4.idealista.com/blur/480_360_mq/0/id.pro.es.image.master/9b/12/e4/1326154553.webp,IMV - 0071,39,2600000.0,flat,sale,306.0,4,4,calle de Joaquín Costa,Madrid,Madrid,es,40.4445219,-3.6829337,False,https://www.idealista.com/inmueble/107827441/,"* ESQUINA CON CALLE VELÁZQUEZ * * ORIENTACIÓN SUROESTE * * TRASTERO Y PLAZA DE GARAJE INCLUIDOS * * CONSERJE LOS 7 DÍAS DE LA SEMANA * Vivienda en El Viso - Chamartín, junto a la calle Velázquez, quinta planta de un edificio que lleva la firma del arquitecto Gutiérrez Soto, con vistas magníficas. Vivienda en buen estado, necesitada de reforma, sustentada en columnas y vigas (sin muros de carga), por lo que admite reforma con muchas posibilidades de redistribución para adaptarla a sus necesidades. Calefacción central con radiadores en todas las estancias. Puerta blindada. Puertas de madera, suelo de parquet tradicional en salones y dormitorios, resto de suelos cerámicos y cerramientos de aluminio lacado en blanco. La vivienda está situada en la quinta planta de un total de ocho, dos vecinos por planta, orientación principal suroeste, muy luminosa y soleada. Dos accesos a la vivienda: entrada principal y entrada de servicio. Ascensor y montacargas. Se distribuye en 3 salones contiguos (con terraza y grandes ventanales), 4 habitaciones, 4 cuartos de baño y una amplia cocina. Plaza de garaje en la propia finca, acceso directo escaleras y ascensor. Tamaño amplio 3m x 4,80m. En la actualidad coche grande y moto. Zona muy consolidada con todos los servicios y comercios de proximidad, restaurantes, tiendas y supermercados, centros médicos y hospitales, farmacias, centros educativos, etc. Excelentemente situado y comunicado. Para hacer visitas contactar con los asesores inmobiliarios. - Martín Vargas Ramos: 6-9-7-6-5-6-0-6-1. - Antonio Salmerón: 6-6-0-4-2-0-6-9-6. *Financiación 100% a través de la empresa financiera colaboradora de InmoMartin. -La obtención de la financiación está sujeta a las condiciones de la entidad financiera y tendrá en cuenta el perfil y solvencia del cliente. *De acuerdo al Art. 6 del RD 515/1989, de 21 de abril, se informa al cliente que los gastos notariales, registrales, I. T. P. o equivalente, gastos financieros y otros gastos inherentes a la compraventa no están incluidos en el precio de venta de la vivienda. No dude en visitarlo. ( trabajamos de lunes a domingo ) ""La información aquí incluida no forma parte de ninguna oferta o contrato y puede estar sujeta a errores, omisiones, cambio de precio o cualquier otra modificación sin previo aviso.",True,renew,False,8497.0,True,False,False,False,[],False,False,2600000.0,€,,,,flat,,"El Viso, Madrid",Piso en calle de Joaquín Costa,5,True,Chamartín,El Viso,True,True,True,
107973940,https://img4.idealista.com/blur/480_360_mq/0/id.pro.es.image.master/61/86/cf/966468892.webp,VT2.4.8,13,369000.0,flat,sale,88.0,2,2,calle Parcela C6 Los Molinos s/n,Madrid,Getafe,es,40.3179911,-3.700932,True,https://www.idealista.com/obra-nueva/107973940/,"¡LAS OBRAS ESTAN EMPEZADAS! Te presentamos un proyecto, en régimen de cooperativa de renta libre. Un edificio de 5 alturas en urbanización privada con locales comerciales y viviendas de 2 y 3 dormitorios con 1 o 2 plazas de garaje con trastero incluido. Hemos pensado en las nuevas necesidades que puedes tener, por eso todas las viviendas cuentan con terraza para que siempre tengas un espacio dentro de casa para estar al aire libre. El sistema de calefacción es por suelo radiante y refrescante consiguiendo así un mayor confort y elegancia en las estancias. La cocina está amueblada y equipada con placa de inducción y horno para que solo tengas que entrar a vivir. Diverso Getafe cuenta con zonas comunes que se han proyectado para que grandes y pequeños puedas disfrutarlas por eso incluyen zonas ajardinadas, área infantil y piscina exterior de adultos y niños. Y por supuesto, pensando en el futuro y tu economía, Diverso Getafe cuenta con etiqueta energética A. ¿Conoces Los Molinos? Nos gusta porque es un barrio nuevo residencial, pero con todos los servicios necesarios cerca para que tu día a día sea tranquilo y a la vez cómodo. Encontrarás al alcance de la mano, supermercados, colegios, parques… Además, los accesos por carretera son rápidos y muy cerca está la parada de RENFE El Casar. Reserva tu cita en nuestra página y ven a conocer tu nueva casa. *Al tratarse de viviendas en régimen de cooperativa, los precios publicados son orientativos y pueden variar.",False,,True,4193.0,False,False,False,False,[],False,False,369000.0,€,,,,flat,,"Los Molinos, Getafe",Piso en calle Parcela C6 Los Molinos s/n,,True,Los Molinos,,True,True,True,False
98872535,https://img4.idealista.com/blur/480_360_mq/0/id.pro.es.image.master/0a/3c/74/1026416502.webp,,19,325000.0,flat,sale,78.0,4,2,calle dolores,Madrid,Madrid,es,40.460385,-3.7025282,False,https://www.idealista.com/inmueble/98872535/,"MAY PLACE VENDE MÁGNIFICO PISO EN LA ZONA TETUAN. Se trata de un piso, excelente producto para inversores con una alta rentabilidad. El piso se distribuye en cuatro habitaciones, dos baños, salón, cocina. La vivienda consta de 72 m2: 4 Dormitorios 2 Baños Cocina Salón Calefacción  El inmueble se encuentra situado en el barrio del Valdeacederas, Tetuán es uno de los barrios más demandados y con mayor proyección de futuro de la capital. Situado a solo unos minutos andando del metro de Tetuan. Muy próximo a plaza Castilla y a la zona de las Cuatro Torres y de la Quinta (actualmente en ejecución), la cual estará compuesta por un gran centro comercial, zonas de aparcamiento y ajardinadas, muy cercano al Parque de los Pinos, centro de salud, hospital, bancos, supermercado. Excelentes comunicaciones al paseo de la Castellana, plaza Castilla, acceso a M-30; además de múltiples líneas de metro y autobús.",False,good,False,4167.0,False,False,False,False,[],False,False,325000.0,€,360000.0,35000.0,10.0,flat,,"Berruguete, Madrid",Piso en calle dolores,3,True,Tetuán,Berruguete,False,,,
108403748,https://img4.idealista.com/blur/480_360_mq/0/id.pro.es.image.master/0b/15/18/1343421679.webp,9635001261,59,458000.0,chalet,sale,216.0,5,4,Chapineria,Madrid,Chapineria,es,40.3764256,-4.2160055,False,https://www.idealista.com/inmueble/108403748/,"Exclusivo chalet independiente con piscina en Chapinería, vivienda de alta calidad para disfrutar del entorno natural de la Sierra Oeste Presentamos esta magnífica vivienda unifamiliar independiente, ubicada en Chapinería, un encantador municipio de la Comunidad de Madrid que combina tranquilidad, naturaleza y todos los servicios necesarios, con una excelente comunicación a Madrid capital a través de la carretera M-501. La propiedad se asienta sobre una parcela de 550 m² y tiene una superficie construida de 216 m², distribuidos en tres cómodas plantas, pensadas para satisfacer las necesidades de familias que valoran el espacio, la eficiencia energética y un entorno saludable. �️ Distribución y espacios: 5 dormitorios, uno de ellos en la planta principal, ideal para personas con movilidad reducida o para disponer de despacho. 3 baños completos y un aseo, incluyendo un baño en suite en el dormitorio principal. Dormitorio principal con vestidor privado. Amplia cocina con zona office que se puede conectar o aislar del salón a través de unas cristaleras correderas, muy práctico para el día a día de la familia. Salón luminoso con grandes ventanales, con chimenea de casstte y salida directa a una terraza amplia y soleada. ✨ Calidades y equipamiento: Suelo de madera natural, puertas lacadas y pintura lisa en toda la vivienda. Ventanas de PVC con rotura de puente térmico, que garantizan confort térmico y acústico. Armarios empotrados en los dormitorios. Bomba de frío y calor en salón y dormitorios. Calefacción individual de gasoil. Placas solares con acumulador de energía y cargador para vehículo eléctrico, apostando por la eficiencia y sostenibilidad. Vivienda lista para entrar a vivir, con todas las instalaciones actualizadas y en excelente estado de conservación. � Zona exterior para disfrutar en todas las estaciones: Piscina privada rodeada de jardín. Cenador con pérgola, perfecto para celebraciones y cenas al aire libre. Barbacoa de obra y horno de leña, ideales para los amantes de la cocina tradicional. Trastero y garaje cerrado para dos vehículos. � Entorno y servicios: Chapinería ofrece un estilo de vida tranquilo en plena naturaleza, con centros escolares, centro de salud, comercios, transporte público y servicios esenciales. Su ubicación estratégica permite disfrutar de la vida en un entorno natural, sin renunciar a la cercanía y conexión con Madrid. � Una propiedad única para quienes buscan calidad de vida, eficiencia y confort en un entorno privilegiado. � Solicita más información o concierta una visita. ¡Te ayudamos a encontrar tu próximo hogar!",True,good,False,2120.0,True,False,True,False,[],False,False,458000.0,€,,,,chalet,independantHouse,Chapineria,Casa independiente,,,,,,True,True,
108598819,https://img4.idealista.com/blur/480_360_mq/0/id.pro.es.image.master/07/fa/2d/1349582292.webp,2001/20010016/8,23,220000.0,flat,sale,50.0,2,1,Centro Urbano,Madrid,San Sebastián de los Reyes,es,40.5486552,-3.6263441,False,https://www.idealista.com/inmueble/108598819/,"""ESTUPENDA VIVIENDA EN VENTA Excelente vivienda de dos dormitorios y un baño. Se encuentra en la 2ª planta de un edificio residencial. No dispone de ascensor. Situado en CENTRO URBANO en el distrito de San Sebastian De Los Reyes Ciudad. La vivienda se distribuye en dos dormitorios, armarios empotrados, salón-comedor, cocina independiente y un baño. Cuenta con cocina amueblada y equipada con muebles altos y bajos, vitrocerámica, horno y campana extractora. Dispone de suelos de gres en cocina y baño y tarima en el resto de estancias. Dispone de calefacción. Se encuentra ubicado en San Sebastian De Los Reyes Ciudad, Noreste de San Sebastian de los Reyes. Cuenta con fácil acceso a través de las principales carreteras y buenas comunicaciones por transporte público. La parada de metro más cercana es Reyes Catolicos y se encuentra a menos de 5 minutos andando. La parada de autobús más cercana se encuentra a menos de 5 minutos andando.  En su entorno existen viviendas plurifamiliares de similares características. La zona cuenta con todo tipo de servicios básicos, el centro de salud más cercano se encuentra a 730 metros. Además, a menos de 500 metros también puedes encontrar 2 supermercados, 3 bancos, una comisaría de policía. La zona cuenta con una amplia oferta de entretenimiento con un teatro, múltiples parques, bares, restaurantes y comercios a pocos minutos de la vivienda.  En cuanto al transporte privado, la zona dispone de parkings privados y aparcamiento en la calle. La vivienda tiene un fácil acceso por carretera y está bien comunicado a través de la Autovia del Norte, Avenida de Europa y la Avenida Reyes Catolicos.  Estado de la vivienda: vacante"".",True,good,False,4400.0,True,False,True,False,[],False,False,220000.0,€,,,,flat,,"Centro Urbano, San Sebastián de los Reyes",Piso,2,True,Centro Urbano,,False,,,
108619141,https://img4.idealista.com/blur/480_360_mq/0/id.pro.es.image.master/45/51/f5/1359018540.webp,3160-00853,40,899000.0,chalet,sale,251.0,4,4,El Pastel,Madrid,Boadilla del Monte,es,40.4200239,-3.9169121,False,https://www.idealista.com/inmueble/108619141/,"Chalet pareado con jardín y zonas comunes en Boadilla del Monte (El Pastel) Te presentamos esta fantástica vivienda pareada ubicada en una de las zonas más tranquilas y exclusivas de Boadilla del Monte, dentro de una urbanización privada con piscina y zonas verdes de uso compartido. La entrada principal da paso a un coqueto patio delantero. Por la parte trasera, un agradable jardín privado invita a disfrutar de comidas al aire libre o reuniones en familia. En la planta principal encontramos un salón-comedor muy luminoso con chimenea acristalada de diseño, salida directa al jardín y una cocina moderna, completamente equipada con electrodomésticos de alta gama y zona de office. Además, en esta misma planta hay un despacho ideal para teletrabajo y un baño de cortesía. En la primera planta se ubican tres dormitorios y dos baños. La habitación principal dispone de baño en suite con bañera de hidromasaje y un cómodo vestidor. Dos de los dormitorios tienen salida a balcones con vistas despejadas al entorno natural. En la planta semisótano hay espacio para dos coches en garaje cerrado, además de una sala multiusos con zona de lavandería y un gimnasio totalmente equipado, junto a un baño completo. Entre otras comodidades, esta vivienda incluye: aire acondicionado en el salón y dormitorio principal (con preinstalación en el resto), armarios empotrados vestidos y toldos automático El jardín trasero tiene acceso directo a las zonas comunes de la urbanización, que cuenta únicamente con 19 viviendas, lo que asegura un ambiente tranquilo y exclusivo. Situado en la zona de El Pastel, a los pies del Parque Regional del Río Guadarrama, este chalet combina la paz del entorno natural con la cercanía de todos los servicios urbanos necesarios para el día a día. Si quieres vivir rodeado de naturaleza sin renunciar a la comodidad, esta casa puede ser tu próximo hogar. Contáctanos para organizar una visita.",False,good,False,3582.0,True,False,True,False,[],False,False,899000.0,€,,,,chalet,semidetachedHouse,"El Pastel, Boadilla del Monte",Chalet pareado,,,El Pastel,,,True,True,
108688412,https://img4.idealista.com/blur/480_360_mq/90/id.pro.es.image.master/15/2c/93/1352196835.webp,,29,475000.0,studio,sale,50.0,0,1,calle de Narváez,Madrid,Madrid,es,40.4164111,-3.6763182,False,https://www.idealista.com/inmueble/108688412/,"Estudio ideal de 50 m2. Está recién reformado con mucho gusto. Situado en el barrio de Salamanca. Es una oportunidad estupenda. Para entrar ya. Se trata de una cuarta planta. Portal en buen estado. Portero todo el día. Edifico de 1996. Se distribuye cómodamente en: salón- comedor, cocina abierta ( con electrodomésticos grandes) de 27 m2, además una habitación abierta, dormitorio con amplios armarios que se podría aislar y un cuarto de baño en suite con ducha. La lavadora y termo situados en hueco aislado. Cuenta con mucha luz ya que a pesar de ser interior tiene altura y da a un patio grande, luminoso y acogedor con jardín. Se entrega amueblado con muy buen gusto.  Gastos de comunidad 97 €/mes (Incluye calefacción) Aire acondicionado y Calefacción central. La Finca tiene garaje propio con 100 Plazas, donde se podría comprar o alquilar. Y también otro hay otro parking en las proximidades. Muy bien situado cercano a comercios, restaurantes, etc.",True,good,False,9500.0,True,False,False,False,[],False,False,475000.0,€,,,,flat,studio,"Ibiza, Madrid",Estudio en calle de Narváez,4,False,Retiro,Ibiza,True,,,
108385502,https://img4.idealista.com/blur/480_360_mq/0/id.pro.es.image.master/54/80/62/1342541616.webp,Los Arroyos - Sanse     Sergio,31,329000.0,flat,sale,88.0,2,2,avenida de la Coruña,Madrid,San Sebastián de los Reyes,es,40.5626583,-3.6268556,False,https://www.idealista.com/inmueble/108385502/,"� Encantadora planta baja en Los Arroyos – San Sebastián de los Reyes Madrid al Norte Inmobiliaria comercializa en exclusiva esta acogedora planta baja ubicada en la tranquila y consolidada zona de Los Arroyos, a escasos metros del polideportivo Dehesa Boyal y rodeada de amplias zonas verdes, ideales para el ocio en familia y el deporte al aire libre. � Edificio moderno de 2006, con excelente conservación y diseño funcional. La vivienda destaca por su luz natural, distribución práctica y ambiente cálido. ✨ Distribución y estancias: 2 dormitorios dobles, uno de ellos en suite con baño completo. 1 baño completo + 1 aseo de cortesía. Salón comedor independiente, amplio y orientado al sur, muy luminoso durante toda la mañana. Cocina equipada con acceso directo a un patio privado, ideal para relajarse o comer al aire libre. �️ Calidades destacadas: Suelos cerámicos en perfecto estado 4 armarios empotrados Puertas de madera maciza Ventanas con doble acristalamiento Calefacción individual por gas natural � Incluye en el precio: Plaza de garaje amplia y de cómodo acceso en el mismo edificio Trastero independiente, perfecto para almacenamiento adicional �️ Ubicación privilegiada y entorno: Vivirás en una de las mejores zonas residenciales de San Sebastián de los Reyes, con todo a tu alcance: Comercios, restaurantes, supermercados, farmacias, centros de salud Transporte público: metro Infanta Sofía y varias líneas de autobús A pocos minutos del centro comercial The Style Outlets Alegra y del Hospital Infanta Sofía Zona en plena expansión con excelentes conexiones y rodeada de naturaleza, perfecta para quienes buscan tranquilidad sin renunciar a los servicios urbanos. � Consulta con nuestro equipo financiero: te ayudamos a conseguir hasta el 100% de financiación. � Este piso está listo para entrar a vivir. No dejes pasar la oportunidad de visitar un hogar que reúne comodidad, estilo y una ubicación inmejorable. � Los datos aquí recogidos tienen carácter informativo y no contractual. El precio no incluye impuestos ni gastos de compraventa.",False,good,False,3739.0,True,False,False,False,[],False,False,329000.0,€,,,,flat,,"Los Arroyos, San Sebastián de los Reyes",Piso en avenida de la Coruña,bj,True,Los Arroyos,,True,True,True,
106003211,https://img4.idealista.com/blur/480_360_mq/0/id.pro.es.image.master/2c/42/78/1307902189.webp,1086,94,390999.0,chalet,sale,106.0,3,2,Perales del Rio,Madrid,Getafe,es,40.3199275,-3.6410687,False,https://www.idealista.com/inmueble/106003211/,"OPORTUNIDAD. En Getafe, Perales del Río, chalet perfecto para una familia que busca una casa espaciosa y confortable.  Llámanos y prepararemos una visita para que lo compruebes.  Esta propiedad tipo chalet cuenta con 106 metros construidos, ofreciendo un amplio espacio para vivir y disfrutar en un entorno tranquilo y seguro. Ubicada en una zona residencial muy solicitada, esta casa adosada combina la tranquilidad del campo con la comodidad de estar cerca de todos los servicios necesarios. Además, su diseño moderno y elegante la convierte en una opción ideal para aquellos que valoran la belleza y la funcionalidad en el hogar. Se entrega totalmente amueblada y con electrodomésticos.  El interior de la casa está distribuido en tres plantas, todas bien iluminadas y con acceso directo al jardín desde el salón. En la planta baja se encuentra la cocina totalmente equipada, un amplio salón-comedor y un aseo. En la segunda planta, se encuentran los dos dormitorios, todos con armarios empotrados y baño completo.    En la planta superior, o bajo cubierta, hay un amplio ático o buhardilla, perfecto para convertirlo en una zona de juego, estudio, dormitorio o gimnasio. Tiene una amplia terraza acristalada. Totalmente amueblado y con armarios empotrados que hacen a su vez de trasteros.    La ITE del edificio está pasada recientemente.    En el exterior, encontramos un bonito jardín con espacio para relajarse y disfrutar de comidas al aire libre con familiares y amigos. Tiene mobiliario de jardín y barbacoa.    Puertas de Roble, ventanas de aluminio con climalit abatibles, suelos de gres porcelanico imitacion madera, armarios empotrados y vestidos interiormente, pintura en gotelet y estuco en la entrada, cocina amueblada y con electrodomésticos.     No cuenta con plaza de garaje, aunque es zona de fácil aparcamiento. No cuenta con trastero como tal, pero en la Buhardilla tiene muchos armarios o trasteros empotrados que realizan su función.    Tiene piscina comunitaria con zonas ajardinadas.    No pierdas la oportunidad de adquirir esta magnífica propiedad en una de las mejores zonas de Getafe.    ¡Contáctanos hoy mismo para programar una visita! ¡Te encantará esta maravillosa casa adosada en Perales del Río!    Disponemos de financiera propia para hacerte un estudio personalizado. Pregúntanos por tu hipoteca.    IBI: 361€ anuales    Comunidad de propietarios: 40€ trimestrales incluye piscina comunitaria    Honorarios de intermediación inmobiliaria no incluidos en el precio.    Información válida salvo error tipográfico.",True,good,False,3689.0,True,False,True,False,[],False,False,390999.0,€,,,,chalet,terracedHouse,"Perales del Rio, Getafe",Chalet adosado,,,Perales del Rio,,,,,
108622242,https://img4.idealista.com/blur/480_360_mq/0/id.pro.es.image.master/9e/f6/18/1358000022.webp,,54,2200000.0,penthouse,sale,283.0,4,4,calle del Poeta Joan Maragall,Madrid,Madrid,es,40.4575539,-3.6915199,False,https://www.idealista.com/inmueble/108622242/,"¡ CASAIDONEA les ofrece este magnífico ático de 283 m2, con terraza y amplia plaza de garaje en una ubicación privilegiada! ¡ No cobramos comisión de agencia al comprador! Presentamos esta vivienda única de alto standing en una muy buena finca, en la mejor zona del barrio de Tetuán, lindando con el prestigioso barrio de Hispanoamérica en Madrid. El ático tiene dos plantas, con una muy buena distribución y grandes posibilidades de reforma. Un detalle exclusivo, es su acceso directo desde el portal y el garaje, a la puerta principal de la vivienda, con rellano-hall propios (sin más puertas de otros vecinos), contamos con total privacidad a la hora de entrar y salir del edificio. La planta principal de entrada, cuenta con un acogedor hall-recibidor de bienvenida, que nos conecta con el espectacular salón girando a mano derecha, que cuenta con un inmenso ventanal de más de 7 metros lineales, y la abundante luz natural que proporciona estar a la altura de una décima planta. Junto al gran salón, se encuentra el comedor (que se puede utilizar como despacho o habitación si se quiere). La cocina está desde el hall de entrada, girando a mano izquierda y tiene también puerta de acceso independiente, lavadero-tendedero, y cuarto de servicio con baño. En esta misma planta se encuentra la habitación principal, que cuenta con su propio baño, y hay además un baño de cortesía para invitados. La planta superior está destinada a la zona de descanso y ocio en la casa, contando con una distribución muy cuadrada, perfecta para cualquier reforma que se quiera plantear. Actualmente tiene dos habitaciones y dos baños. Sus dos 2 terrazas una cubierta y otra abierta, ambas de unos 50m2 aproximados cada una, dan una versatilidad absoluta a la casa, pudiendo disfrutar de una cena o desayuno al aire libre con unas buenas vistas, o elegir estar más “indoor” en épocas de otoño o invierno. Como ventajas adicionales, la finca cuenta con portero físico, una amplia plaza de garaje en la propia finca (incluida en el precio) y un cuarto trastero. La zona en donde está ubicada la vivienda, es inmejorable. Tiene justo al lado grandes zonas verdes como los parques de Perón y el de los Pinos, con zona canina y parque de juegos infantil. Además de un amplio abanico de restaurantes, supermercados, tiendas, colegios, centros de educación, centros de salud, y el emblemático estadio Santiago Bernabéu y el Palacio de congresos. Zona excelentemente comunicada por transporte público (autobús y metro). ¡ Llámenos para concertar una visita a la casa de sus sueños!",False,renew,False,7774.0,True,False,False,False,[],False,False,2200000.0,€,,,,flat,penthouse,"Cuzco-Castillejos, Madrid",Ático en calle del Poeta Joan Maragall,10,True,Tetuán,Cuzco-Castillejos,True,True,True,
108549506,https://img4.idealista.com/blur/480_360_mq/0/id.pro.es.image.master/49/de/79/1350756616.webp,,34,800000.0,duplex,sale,265.0,4,3,calle Francisco Tomás y Valiente s/n,Madrid,Boadilla del Monte,es,40.4138908,-3.8956662,True,https://www.idealista.com/inmueble/108549506/,"MAJESTIC GROUP vende este FANTÁSTICO ATICO DUPLEX en tercera planta ubicado en una de las zonas más demandadas de Boadilla del Monte. Esta vivienda destaca por su luminosidad, amplitud y comodidad. La urbanización cuenta con gran piscina de verano y piscina infantil, grandes zonas verdes comunes donde podrás disfrutar del aire libre, parque infantil para que los pequeños de la casa puedan disfrutar con toda seguridad, pista de pádel, pista de fútbol, piscina cubierta para disfrutar de un baño relajante en invierno y gimnasio privado con todo tipo de máquinas para poder hacer el ejercicio que mejor te convenga, ideal para familias o aquellos que buscan un entorno tranquilo sin renunciar a todos los servicios esenciales, a cinco minutos andando del (sector B) junto a supermercados, bares, centros comerciales y paradas de autobús. Con una distribución práctica y funcional, el piso cuenta con: PLANTA BAJA:  - Habitación principal, perfecta para dormitorios, despacho o sala de juegos.  - Despacho o habitación multifuncional con salida directa a terraza.  - Salón, ideal para momentos de relax.  - Terraza amplia privada, donde podrás disfrutar del aire fresco y unas vistas despejadas increíbles.  - Cocina amplia independiente, con espacio de almacenaje.  - Una pequeña despensa o cuarto de almacenaje   - Cuarto de baño completo, con plato de ducha. PLANTA SUPERIOR: - Dos habitaciones con cuarto de baño suite cada una y salida directa con terraza independiente en cada habitación. TAMBIÉN CUENTA CON: - Tres plazas de garaje muy amplias  - Aire acondicionado por conducto - Trastero amplio Ubicación inmejorable Situado en un barrio consolidado de Boadilla del Monte ( viñas viejas ), el piso goza de excelente comunicación con transporte público y acceso rápido a principales vías de conexión. En los alrededores encontrarás colegios, supermercados, parques, zonas deportivas y restaurantes, todo a pocos minutos caminando al SECTOR B. Si buscas una vivienda bien ubicada y con todo el espacio que necesitas, ¡esta es tu oportunidad! Contáctanos para más información y agenda tu visita.",False,good,False,3019.0,True,False,False,False,[],False,False,800000.0,€,,,,flat,duplex,"Viñas Viejas, Boadilla del Monte",Dúplex en calle Francisco Tomás y Valiente s/n,3,True,Viñas Viejas,,True,True,True,
108229907,https://img4.idealista.com/blur/480_360_mq/0/id.pro.es.image.master/0d/0e/5d/1338476911.webp,MED- cg-25956,43,180000.0,flat,sale,70.0,3,1,calle de los Teatinos,Madrid,Coslada,es,40.440018,-3.533139,False,https://www.idealista.com/inmueble/108229907/,"SOMOS AGENTES OFICIALES, NO COBRAMOS COMISIÓN AL COMPRADOR. SIN ASCENSOR Piso de 69 m² ubicado en Coslada. Se trata de un piso de 69 m² distribuidos en salón-comedor, cocina, 3 dormitorios y 1 baño. Piso se sitúa en el núcleo urbano de Coslada, teniendo buenos accesos por la A-2 y M-21. Cuenta con comunicaciones públicas mediante autobuses y la estación de tren cercana, además de la línea 7 del metro de Madrid. En la zona podemos encontrar servicios como supermercados, restaurantes, instalaciones deportivas y centros educativos. Entre los puntos de interés cercanos se incluyen el Hospital de Henares y el centro comercial Plenilunio. Con nuestros servicios podrá encontrar el piso que necesita y asegurar su inversión con el mejor de los asesoramientos especializados. Empiece ahora mismo pidiendo más información. Un responsable cercano a usted le atenderá personalmente.",False,good,False,2571.0,True,False,False,False,[],False,False,180000.0,€,,,,flat,,"Barrio de la Estación, Coslada",Piso en calle de los Teatinos,3,True,Barrio de la Estación,,False,,,
107837419,https://img4.idealista.com/blur/480_360_mq/0/id.pro.es.image.master/7b/6b/fa/1325837053.webp,ARROYO CULEBRO,21,269900.0,flat,sale,114.0,2,1,calle de Móstoles,Madrid,Leganés,es,40.3167667,-3.7885546,False,https://www.idealista.com/inmueble/107837419/,"¿BUSCAS PISO CON PISCINA DE ""RENTA LIBRE"" EN ARROYO CULEBRO? ¡ESTA ES TU OPORTUNIDAD! Progreso Vende piso en planta baja totalmente adaptado para personas con movilidad reducida. La vivienda cuenta con 2 amplios dormitorios y 1 baño completo de gran tamaño (originalmente 3 dormitorios, baño y aseo – ver planos), un espacioso salón independiente, cocina con tendedero, una estupenda plaza de aparcamiento y cuarto trastero de 6m2. La propiedad se sitúa en una urbanización cerrada con todas las comodidades: piscina, zonas verdes y conserje, ideal para disfrutar en familia. Perfecto para quienes buscan tranquilidad, accesibilidad y calidad de vida en un entorno seguro y bien comunicado. El barrio de Arroyo Culebro en Leganés es una zona residencial bien comunicada, tranquila y familiar, ideal para quienes buscan calidad de vida. Ofrece modernas viviendas, zonas verdes como el Parque de Polvoranca, colegios, centros deportivos y proximidad a hospitales. En cuanto a transporte, está bien conectado con la línea 5 de Cercanías – Renfe (parada “Parque Polvoranca), varias líneas de autobús y acceso rápido a las principales carreteras desde M-50 y A-42.  Te recordamos que Progreso es una empresa multiservicio que pone a tu disposición “todo lo que necesites, en mismo lugar”, gracias a nuestros servicios jurídicos e inmobiliarios propios y a excelentes convenios a nivel financiero. Consulta para más información, sin compromiso.",True,good,False,2368.0,True,False,False,False,[],False,False,269900.0,€,,,,flat,,"Valdepelayo-Montepinos-Arroyo Culebro, Leganés",Piso en calle de Móstoles,bj,True,Valdepelayo - Montepinos - Arroyo Culebro,Valdepelayo-Montepinos-Arroyo Culebro,True,True,True,
107142082,https://img4.idealista.com/blur/480_360_mq/0/id.pro.es.image.master/68/bf/3a/1306146730.webp,,65,1750000.0,penthouse,sale,160.0,3,2,calle de Francisco Silvela,Madrid,Madrid,es,40.4342699,-3.6754325,False,https://www.idealista.com/inmueble/107142082/,"Excelente ático, con amplia y luminosa terraza, en el Barrio de Salamanca, Madrid. Tener en propiedad una vivienda en una zona central, puede considerarse casi estar en posesión un tesoro. Lista es el barrio más pequeño de los 6 en los que está dividido el Distrito de Salamanca, perteneciente a la capital de España, Madrid. Limita al sur con el barrio de Goya, uno de los más lujosos de la ciudad. Edificio emblemático con portero físico, ascensores, montacargas, y acceso para personas con movilidad reducida. Recién reformadas en el año 2024, todas las cubiertas, patios y fachada. El edificio se, encuentra más próximo a los cascos antiguos de Madrid, por lo que se benefician de unos mejores servicios (cantidad y proximidad) debido al modelo urbanístico en el que se construyeron (compacto, complejo e integrador). Actualmente consta de 3 dormitorios, dos con armarios empotrados y uno con vestidor de gran tamaño y baño en suite. Salón exterior con salida a terraza y comedor en cenador acristalado. Cocina con despensa independiente. Incluye plaza de garaje PAR situada en la calle Maldonado. - Amplio salón - Una sala de estar perfecta, maravillosa, - 3 dormitorios - de una medida suficiente para que no existirá ninguna sensación de agobio y se ubican bien repartidos en el espacio. - Cocina grande - Esta cocina te da el espacio que necesitas en todos los sentidos. Nuestra cocina esta completamente equipada con electrodomesticos de alta gama y tiene un diseño muy moderno y muy funcional, con mucho espacio de almacenaje. Su valor estetico consigue crear un espacio de calidez y confortabilidad en todo momento. - 2 baños - uno con bañera otro con plato de ducha. El baño de la bañera este dentro del dormitorio principal. Se trata de una solución muy actual que puede dar un toque muy elegante y intimo a una habitación y hacer de este espacio un lugar para el cuidado de uno mismo y el descanso.  - Vestidor de Gunni & Trentino - que son especialistas en alta decoración.  - 1 terraza grande - Quienes tienen la fortuna de contar con un espacio abierto en casa, sea una terraza, saben que este espacio es un lugar versátil que les permite disfrutar desde momentos de relajación, que es un pequeño oasis en medio de la ciudad. - Cenador acristalado - es la solución más completa en cuanto a ganancia de luz y al mismo tiempo protección del espacio cubierto. El cenador acristalado se convierte en la estancia ideal para disfrutar todo el año, acompañada de un toldo interior o exterior podemos disfrutar en primavera y verano de su sombra; en invierno, gracias al cerramiento de cristal, podremos aprovechar todo el espacio ganado al exterior. - Aire acondicionado - por conductos marca Daikin - Carpinteria aluminio con rotura de puente térmico 70 mm y cristal aislaglassun 6/20/6 persianas de aluminio motorizadas - Suelo de Mármol y Wengue autentico de Congo - La belleza del mármol es innegable: es la combinación perfecta entre resistencia y delicadeza. El laminado wengué ocupa siempre un puesto de privilegio entre los suelos más vendidos. - Griferia marca Porcelanosa - Falsos techos de pladur aislados en toda superficie del piso aplicardo directamente sobre el falso techo. - Armarios empotrados a medida - Puerta entrada acorazada con bombín antibumping - Puertas blancas macizas - Iluminacion de led en toda la casa Ubicado en pleno corazón del distrito de Salamanca, rodeada de una gran variedad de servicios y tiendas de lujo, restaurantes, hospitales y centros educativos de referencia como el IE. Perfectamente comunicada con distintas líneas de autobuses y próxima a la parada de metro de Diego de León y Avenida de América. También es perfecta para los desplazamientos en coche, gracias a su situación cercana al aeropuerto y la entrada a Madrid por la M-30 y A-2.",False,good,False,10938.0,True,False,False,False,[],False,False,1750000.0,€,,,,flat,penthouse,"Lista, Madrid",Ático en calle de Francisco Silvela,8,True,Barrio de Salamanca,Lista,True,True,True,
108881986,https://img4.idealista.com/blur/480_360_mq/0/id.pro.es.image.master/e4/28/c5/1357830267.webp,SRG167,40,515000.0,chalet,sale,169.0,5,3,calle Dulcinea,Madrid,Moralzarzal,es,40.6756416,-3.9591509,False,https://www.idealista.com/inmueble/108881986/,"Sarago Servicios Inmobiliarios pone a la venta en exclusiva este magnífico chalet pareado con una bonita parcela en Moralzarzal, situado en una zona tranquila y con vistas a la sierra. Una vivienda exclusiva de 169 m² construidos en dos plantas sobre una parcela de 511 m². La propiedad se distribuye en dos plantas y cuenta con: - Amplio salón-comedor con chimenea, con salida al porche y al jardín, ideal para reuniones y momentos en familia y amigos. - Cocina independiente completamente equipada. - 5 dormitorios, uno de ellos en planta baja, perfectos para familias numerosas o para quienes necesiten espacio adicional para despacho, invitados, etc. - 3 baños completos, uno de ellos con ducha y en planta baja. - Porche delantero, porche trasero y terraza en la 1º planta. - Jardín  - Garaje  Construida con buenas calidades, esta vivienda ofrece espacios amplios, bien aprovechados y con abundante luz natural en todas sus estancias.  Ubicada en una zona residencial tranquila, pero a solo unos pasos de todos los servicios: comercios, centros educativos, transporte público y zonas verdes. Las excelentes conexiones permiten acceder fácilmente a cualquier punto. Una oportunidad única de vivir en un lugar tranquilo con espectaculares vistas a la sierra y con todas las comodidades y el espacio que necesitas. Si deseas visitarla o ampliar información, no dudes en contactar con nosotros.",True,good,False,3047.0,False,False,False,False,[],False,False,515000.0,€,,,,chalet,independantHouse,"Zona Polideportivo Colonia, Moralzarzal",Casa independiente en calle Dulcinea,,,Zona Polideportivo Colonia,,,True,True,
108368222,https://img4.idealista.com/blur/480_360_mq/0/id.pro.es.image.master/75/80/cc/1342018933.webp,2201/22010039/320,31,845000.0,flat,sale,98.0,3,1,Barrio Vallehermoso,Madrid,Madrid,es,40.441784,-3.7166895,False,https://www.idealista.com/inmueble/108368222/,"""ESTUPENDA VIVIENDA EN VENTA Excelente vivienda de tres dormitorios y un baño. Se encuentra en la 5ª planta de un edificio residencial. Dispone de ascensor. Situado en VALLEHERMOSO en el distrito de Chamberi. La vivienda se distribuye en tres dormitorios, salón-comedor con acceso a terraza, cocina independiente y un baño. Cuenta con cocina amueblada y equipada con muebles altos y bajos, vitrocerámica, horno y campana extractora. Dispone de suelos de tarima en cocina, baño y en el resto de estancias. Dispone de calefacción y individual y aire acondicionado. Se encuentra ubicado en Vallehermoso, Chamberi (Noroeste de Madrid). Cuenta con fácil acceso a través de las principales carreteras y buenas comunicaciones por transporte público. La parada de metro más cercana es Islas Filipinas y se encuentra a menos de 5 minutos andando. La parada de autobús más cercana es Cristo Rey-San Francisco de Sales y se encuentra a menos de 5 minutos andando. La parada de taxi más cercana se encuentra a menos de 10 minutos andando.  En su entorno existen viviendas plurifamiliares de similares características. La zona cuenta con todo tipo de servicios básicos, el hospital más cercano se encuentra a 370 metros, existen 8 farmacias a menos de 300 metros, existen 3 colegios a menos de 300 metros, la universidad más cercana se encuentra a 270 metros. Además, a menos de 500 metros también puedes encontrar 4 supermercados, 14 bancos, 2 oficinas de correos, una comisaría de policía. La zona cuenta con una amplia oferta de entretenimiento con un teatro, múltiples parques, bares, restaurantes y comercios a pocos minutos de la vivienda. En cuanto al transporte privado, la zona dispone de parkings privados, 3 parkings públicos y aparcamiento en la calle. La vivienda tiene un fácil acceso por carretera y está bien comunicado a través de la Calle 30, Paseo de San Francisco de Sales y la Avenida de la Memoria. Estado de la vivienda: vacante"".",True,good,False,8622.0,True,False,True,False,[],False,False,845000.0,€,,,,flat,,"Vallehermoso, Madrid",Piso,5,True,Chamberí,Vallehermoso,True,,,
108553334,https://img4.idealista.com/blur/480_360_mq/0/id.pro.es.image.master/58/b0/a2/1348416415.webp,,22,385000.0,flat,sale,83.0,2,1,avenida de Guadalajara,Madrid,Madrid,es,40.4241226,-3.6110022,False,https://www.idealista.com/inmueble/108553334/,"No cobramos honorarios al comprador. Si buscas vivir en una zona tranquila y perfectamente comunicada este piso es para ti. A escasos minutos del metro Avenida de Guadalajara (línea 2), este acogedor piso de dos dormitorios y un baño te ofrece la comodidad de tener todo a tu alcance. Incluye plaza de garaje y trastero. Urbanización cerrada con zonas ajardinadas, área infantil y conserjería. Cocina independiente, totalmente equipada y con tendedero. Dispone de aire acondicionado en salón y dormitorio principal. Suelos de parquet y gres. Excelente comunicación en transporte público tanto en metro como en autobús. Acceso directo a M-30, M-40, m A-2 y R-3. A tan sólo 15 minutos del aeropuerto Adolfo Suárez Madrid-Barajas. Zona dotada de todo tipo de servicios, comercios, zona escolar y Centro Comercial Las Rosas No dudes en llamarnos o escribirnos para más información y concertar visitas.",False,good,False,4639.0,True,False,False,False,[],False,False,385000.0,€,,,,flat,,"Rosas, Madrid",Piso en avenida de Guadalajara,6,True,San Blas,Rosas,True,True,True,
108865991,https://img4.idealista.com/blur/480_360_mq/0/id.pro.es.image.master/88/9f/ab/1357539185.webp,013/25,25,470000.0,duplex,sale,127.0,3,3,calle Ángel Alberquilla Polín,Madrid,Torrelodones,es,40.5748706,-3.9253447,False,https://www.idealista.com/inmueble/108865991/,"INMOTORRE VENDE ESTUPENDO PISO DÚPLEX EN EL CENTRO DE TORRELODONES PUEBLO. ACTUALMENTE EL INMUEBLE SE ENCUENTRA ALQUILADO, EXCELENTE OPCIÓN PARA INVERSORES. Le presentamos una excepcional oportunidad de adquirir un magnífico piso dúplex ubicado en una de las mejores urbanizaciones de Torrelodones. Este inmueble destaca por su inmejorable ubicación y por las comodidades que ofrece. El piso se distribuye en dos amplias plantas. En la primera planta, encontramos un acogedor hall de entrada que da paso a una amplia cocina completamente equipada y con acceso al tendedero cubierto. Además, cuenta con un aseo de cortesía y un gran salón-comedor que dispone de una terraza, perfecta para disfrutar de momentos al aire libre. En la segunda planta se encuentran tres luminosos dormitorios, de los cuales uno cuenta con baño en suite, además de un segundo baño completo que da servicio a los otros dormitorios. La urbanización cuenta con amplios espacios verdes y piscina. Adicionalmente, el inmueble incluye en su precio una plaza de garaje y un trastero. Ubicado en una zona estratégica, el piso se encuentra muy cerca de todos los servicios necesarios, así como de parada de autobús, facilitando así la movilidad.",False,good,False,3701.0,False,False,False,False,[],False,False,470000.0,€,,,,flat,duplex,"Casco Antiguo, Torrelodones",Dúplex en calle Ángel Alberquilla Polín,1,True,Casco Antiguo,,False,True,True,
108620806,https://img4.idealista.com/blur/480_360_mq/0/id.pro.es.image.master/e3/dd/c4/1350186114.webp,,41,1400000.0,flat,sale,212.0,4,4,"CL PRECIADOS, 34",Madrid,Madrid,es,40.4197736,-3.7066749,True,https://www.idealista.com/inmueble/108620806/,"Agencia inmobiliaria de MADRID - zona SOL - CALLE PRECIADOS 34 - GRAN VIA - CENTRO HISTORICO MADRID    Consultoría Inmobiliaria Cortés SL ofrece en venta ¡Oportunidad única en el corazón de Madrid!  Te presentamos este encantador piso de 178 m² construidos, DIVIDIDO EN 4 VIVIENDAS INDEPENDIENTES, ubicado en una finca con conserje y ascensor.  IDEAL PARA INVERSORES QUE BUSQUEN ALTA RENTABILIDAD Cada piso se distribuye, pasillo, 1 dormitorio, salón con cocina americana y baño con plato de ducha, todo en buen estado, el balcón se encuentra en el Salón que ofrece vistas a la conocida calle Preciados, permitiéndote disfrutar de la vibrante vida cultural de la ciudad desde la comodidad de tu hogar. Este inmueble se encuentra en buen estado y dispone de armarios empotrados, aire acondicionado y calefacción por bomba de frío/calor, garantizando tu confort durante todo el año.  La ubicación es simplemente inmejorable: a solo escasos pasos de las bocas de metro Santo Domingo, Callao, Sol, Gran Vía, a menos de 10 minutos del Teatro Real y del majestuoso Palacio Real. Además, la icónica Plaza Mayor está muy cercana, ofreciéndote una experiencia única en una de las zonas más emblemáticas de Madrid. No pierdas la oportunidad de vivir en este maravilloso piso exterior, situado en la tercera planta de un edificio con ascensor. Ideal tanto para familias como para inversores que buscan una propiedad en una ubicación privilegiada. ¡Contacta con nosotros y ven a visitarlo!",False,good,False,6604.0,True,False,False,False,[],False,False,1400000.0,€,,,,flat,,"Sol, Madrid","Piso en Cl Preciados, 34",4,True,Centro,Sol,True,,,
