propertyCode,thumbnail,externalReference,numPhotos,floor,price,propertyType,operation,size,exterior,rooms,bathrooms,address,province,municipality,district,country,neighborhood,latitude,longitude,showAddress,url,description,hasVideo,status,newDevelopment,hasLift,priceByArea,hasPlan,has3DTour,has360,hasStaging,notes,topNewDevelopment,topPlus,priceInfo.price.amount,priceInfo.price.currencySuffix,priceInfo.price.priceDropInfo.formerPrice,priceInfo.price.priceDropInfo.priceDropValue,priceInfo.price.priceDropInfo.priceDropPercentage,detailedType.typology,suggestedTexts.subtitle,suggestedTexts.title,highlight.groupDescription,parkingSpace.hasParkingSpace,parkingSpace.isParkingSpaceIncludedInPrice,parkingSpace.parkingSpacePrice,detailedType.subTypology
108722885,https://img4.idealista.com/blur/480_360_mq/0/id.pro.es.image.master/8e/2e/70/1353201734.webp,RP922025139888,16,1,649900.0,flat,sale,71.0,False,2,2,calle de Alcántara,Madrid,Madrid,Barrio de Salamanca,es,Lista,40.4308815,-3.6743512,False,https://www.idealista.com/inmueble/108722885/,"REDPISO GOYA pone a la venta vivienda en Barrio de SALAMANCA. Oportunidad única en la Calle Alcantara, Salamanca, Madrid! Un inmueble muy luminoso espera ser el hogar de tus sueños. Vive en una ubicación privilegiada.  Equipada con cocina amueblada, baños modernos, habitaciones con aire acondicionado y armarios empotrados, ofrece comodidad y estilo. Este hogar es una opción ideal para quienes buscan la máxima comodidad en el corazón de la ciudad. No dejes pasar esta oportunidad única de vivir con todas las comodidades que deseas. Contacta a Redpiso para más información y concertar una visita. ¡Tu nuevo hogar en Salamanca te espera! La vivienda esta situada en la primera planta de la finca, se encuentra distribuida por un salón con cocina americana, 2 dormitorios, 2 cuarto de baños reformados. La finca esta en PERFECTO ESTADO y cuenta con portero. Se encuentra muy próximo a la plaza de Manuel Becerra, y a escasos metros paradas de metro y autobuses, rodeado de servicios, tiendas, cafeterías, hospitales y centros de salud, en pleno centro del barrio Salamanca pero muy silencioso. Desde Repiso Goya ofrecemos un servicio integral a nuestros clientes, desde la obtención de su inmueble, facilidades a la hora de buscar financiación para sus operaciones, asesoramientos personalizados para definir bien los parámetros de búsqueda, entrega de documentación ( Planos, presupuestos de reforma... ) ¡ No lo dude, venga a Visitarlo! No va a querer perderse esta GRAN OPORTUNIDAD.",True,good,False,True,9154.0,True,False,False,False,[],False,False,649900.0,€,679000.0,29100.0,4.0,flat,"Lista, Madrid",Piso en calle de Alcántara,Destacado,,,,
108803399,https://img4.idealista.com/blur/480_360_mq/0/id.pro.es.image.master/6c/b6/58/1357038716.webp,,29,4,440000.0,flat,sale,95.0,True,3,1,calle del Valle de Bergantiños,Madrid,Madrid,Moncloa,es,Valdezarza,40.4696897,-3.7176721,False,https://www.idealista.com/inmueble/108803399/,"ESTUDIO ANTONIO MACHADO S. L. VENDE PISO EN VALDEZARZA, EN CALLE VALLE DE BERGANTIÑOS. Se vende esta excelente vivienda situada en el barrio de Antonio Machado, una de las zonas más tranquilas y consolidadas del distrito Moncloa - Aravaca. Ubicada en una finca del año 1985, en buen estado de conservación. La vivienda dispone de tres dormitorios, un cuarto de baño completo (con posibilidad de hacer dos), una cocina independiente y un salón comedor, estas dos últimas estancias con acceso a dos terrazas que aportan luz natural y un espacio exterior ideal para el descanso diario. La zona se caracteriza por su ambiente residencial y silencioso, ideal para quienes buscan paz, privacidad y calidad de vida.   Con todos los servicios; colegios, supermercados, bancos, farmacias, centro de salud y rodeado de zonas verdes a muy pocos metros. Muy bien ubicado, se accede a A6 y M30 en 1 minuto. Autobuses: 42, 126, 127, 132, 137, N20 y N2 que comunican la zona con toda la capital. Línea 7 de metro (PEÑAGRANDE, Antonio Machado y Valdezarza) ¡OPORTUNIDAD! Con KÌRON y sus agentes de intermediación financiera podrás encontrar la hipoteca que mejor se adapte a tus necesidades de financiación, para que puedas beneficiarte de los convenios que tiene el grupo Tecnocasa con diferentes entidades bancarias. Con la posibilidad de financiación hasta 100%, asesórate gratis y sin compromiso. Reserva tu visita.",False,renew,False,True,4632.0,True,False,False,False,[],False,False,440000.0,€,,,,flat,"Valdezarza, Madrid",Piso en calle del Valle de Bergantiños,Destacado,,,,
108693834,https://img4.idealista.com/blur/480_360_mq/0/id.pro.es.image.master/8b/55/9d/1352345835.webp,1129,43,9,460000.0,flat,sale,92.0,False,3,2,avenida del Manzanares,Madrid,Madrid,Carabanchel,es,Comillas,40.3961635,-3.7087318,False,https://www.idealista.com/inmueble/108693834/,"Ari Home tiene el placer de presentar en exclusiva esta acogedora y luminosa vivienda totalmente reformada con materiales de alta gama. Situada en una novena planta de un edificio de diez alturas, disfruta de unas vistas despejadas, gran luminosidad y una sensación de amplitud, calma y tranquilidad inigualables.   Con 92 m² construidos (85 m² útiles), la vivienda se distribuye en:  •3 amplios dormitorios  •2 baños completos con modernos platos de ducha  •Cocina totalmente equipada con electrodomésticos de primeras marcas, encimera de resina con fregadero integrado y espacio para mesa de comedor  •Salón espacioso y luminoso, con una elegante pared de ladrillo visto y gran ventanal   Calidades excepcionales:  •Ventanas con doble acristalamiento, rotura de puente térmico, oscilobatientes y persianas térmicas  •Calefacción central y sistema de climatización por conductos (aire acondicionado y bomba de calor)  •Puerta blindada, puertas macizas, luces LED, múltiples tomas de luz y antena, marcos de pizarra  •Excelente ventilación cruzada gracias a la distribución de la vivienda  El edificio cuenta con portero físico, ascensor de gran capacidad y se encuentra en una ubicación privilegiada: en plena zona de Madrid Río, rodeado de zonas verdes y con todos los servicios al alcance (colegios, centros de salud, comercios, restaurantes, bancos y el centro comercial Plaza Río a escasos metros). Muy bien comunicado con transporte público y acceso rápido a M-30, A-42, así como conexión directa con Atocha, Retiro, Plaza Mayor, entre otros puntos clave del centro de Madrid.   OPCIONAL plaza de garaje privado con espacio para dos coches, moto, bicicletas y trastero, ubicado a pie de calle muy cerca de la vivienda.  Agenda tu visita personalizada y déjate enamorar por tu nuevo hogar. Solo con Ari Home.",False,good,False,True,5000.0,True,False,False,False,[],False,False,460000.0,€,519000.0,59000.0,11.0,flat,"Comillas, Madrid",Piso en avenida del Manzanares,Destacado,True,False,59000.0,
108736105,https://img4.idealista.com/blur/480_360_mq/0/id.pro.es.image.master/23/79/fa/1353634290.webp,2131/187,29,1,173250.0,duplex,sale,138.0,True,2,2,"calle General Yagüe, 5",Madrid,Villamantilla,,es,,40.3377882,-4.130169,True,https://www.idealista.com/inmueble/108736105/,"REF. 2131/187. DEJA de PAGAR ALQUILER¡ ALFA KEYWEST vende SIN HONORARIOS al COMPRADOR amplio DUPLEX de esquina, seminuevo (Año 2008), recientemente reformado, SIN HONORARIOS AL COMPRADOR, con garaje, trastero y piscina comunitaria, 2 amplios dormitorios, baño y aseo, y terraza con vistas a la piscina, en el centro de Villamantilla. Es un DUPLEX recientemente renovado, listo para entrar a vivir, con buenas calidades constructivas, pintura en gota, suelos de tarima y gres, ventanas de doble cristal en color burdeos, calefacción y ACS eléctrica, carpintería de madera de roble en puertas y armarios, gran capacidad de armario, muy luminoso, con ventilación cruzada con vistas a la piscina comunitaria y al campo. Comunidad €/mes, IBI €/año. Somos especialistas en GESTION de PATRIMONIOS. SI buscas invertir, gestionamos tu ALQUILER 100% SEGURO, nos ocupamos de todo   El duplex está ubicado en una comunidad en pleno centro, cerca de parques, servicios, colegios y comunicaciones, a solo 45 km de Madrid, cerca de la A-5, la Autovia M-501 y la M-600.  Consulta nuestra FINANCIACION hasta 100%. Llámanos te informamos sin compromiso, y si quieres visitamos el inmueble.",True,good,False,False,1255.0,True,False,False,False,[],False,False,173250.0,€,,,,flat,Villamantilla,"Dúplex en calle General Yagüe, 5",Destacado,True,True,,duplex
106700910,https://img4.idealista.com/blur/480_360_mq/0/id.pro.es.image.master/83/73/90/1291406635.webp,10074,56,1,750000.0,flat,sale,110.0,True,1,2,plaza de la Cruz Verde,Madrid,Madrid,Centro,es,Palacio,40.4135476,-3.7103777,False,https://www.idealista.com/inmueble/106700910/,"Única y excepcional, diferente y distinguida, moderna y acogedora, exclusiva, te enamorarás de ella nada más verla. Un capricho de vivienda en uno de los barrios más emblemáticos de Madrid, Palacio, al lado del Palacio de Oriente y de la Plaza Mayor. Sólo tú podrás disfrutar de un entorno tan privilegiado. Si estás buscando diferenciarte, si buscas algo que se salga de las distribuciones clásicas, ésta es la vivienda que conjugará mejor con tu estilo.  El juego de alturas y sus techos con vigas de madera es lo primero que te llama la atención. Hay espacios que tienen hasta 6 metros de altura, creando una atmósfera que te embarga y te anima a quedarte. La vivienda se encuentra en un edificio de 1850, confiriéndole por ello historia y carácter; la vivienda se ubica en la primera planta del edificio que tiene 3 alturas en total.  Nos recibe un pequeño hall y enseguida un gran arco nos adentra en el salón, luminoso y alegre con dos grandes balcones a la calle Segovia, protegidos por árboles siendo ésto, ya sólo, un regalo en Madrid; a continuación, encontramos el comedor, con techo más bajo como contraste y con un armario empotrado.  En esta misma planta tenemos una coqueta cocina, un baño completo y un pequeño trastero/despensa donde se encuentra también la caldera.  Unas escaleras de estructura metálica y peldaños de cristal, nos lleva a la entreplanta donde un pequeño pasillo con una librería de obra hace de división de las dos áreas que acoge esta planta: a mano izquierda se encuentra el dormitorio principal con su baño en suite, amplio con dos senos y a mano derecha tenemos una pequeña salita de lectura con armarios empotrados; esta ampliación no se refleja en la escritura. Se ha jugado con la altura para crear otro espacio adicional y darle a la vivienda mayor personalidad y amplitud.  La vivienda se encuentra en perfectas condiciones para entrar a vivir; suelo de tarima.  La propiedad tiene 110 m2 construidos y 90 m2 útiles  IBI: 400 euros  Gastos de Comunidad: 90 euros/mes  Calefacción con gas individual  Aire acondicionado   NO COBRAMOS AL COMPRADOR NINGÚN SERVICIO NI HONORARIOS.  La vivienda consta de:  1 hall  1 salón  1 comedor  2 baños completos  1 cocina  1 dormitorio en suite  1 salita de estar  1ª planta con ascensor  aire acondicionado  Portero automático  Orientación Sur Oeste  Edificio de 1850.",True,good,False,True,6818.0,True,False,False,False,[],False,False,750000.0,€,780000.0,30000.0,4.0,flat,"Palacio, Madrid",Piso en plaza de la Cruz Verde,Destacado,,,,
108510663,https://img4.idealista.com/blur/480_360_mq/90/id.pro.es.image.master/ab/08/ca/1347066260.webp,,18,2,165000.0,flat,sale,47.0,True,1,1,"carretera Villaverde a Vallecas, 293",Madrid,Madrid,Villa de Vallecas,es,Ensanche de Vallecas - La Gavia,40.375058,-3.6337211,True,https://www.idealista.com/inmueble/108510663/,"¡SOLO PARA INVERSORES! Vivienda calificada como Apto. Turístico. Zonas comunes con obras ya iniciadas para rehabilitación y mejoras. M&M presenta en exclusiva Magnifico piso en venta ubicado en Vallecas, zona residencial frente al bonito parque Valdeperdices y cercano a supermercados, farmacias, centros médicos, restauración y comercio además de encontrarse a 5 minutos del centro comercial La Gavia. Cercano a la estación de tren Vallecas (Renfe) y al metro Sierra de Guadalupe, buena comunicación con el resto de Madrid. Completamente reformado hace 1 año y medio. El dormitorio cuenta con unas magníficas vistas y dispone de cama doble, una terraza que hace esquina con todo el dormitorio, un amplio baño completo con plato de ducha, espacioso y luminoso salón, cocina americana equipada con todos los electrodomésticos, etc.  Calefacción eléctrica y ascensor. Se vende con los muebles tal y como se ve en las fotos  El piso cuenta con una amplia terraza que aporta mucha luz al piso y unas bonitas vistas al parque Valdeperdices El piso se encuentra alquilado en larga estancia en rentabilidad de (815€). Posibilidad de obtención de licencia turística debido a la calificación del inmueble, aumento de la rentabilidad (+2000€). Piso perfecto para inversores, no dudes en contactar!",True,good,False,True,3511.0,True,False,False,False,[],False,False,165000.0,€,170000.0,5000.0,3.0,flat,"Ensanche de Vallecas - La Gavia, Madrid","Piso en carretera Villaverde a Vallecas, 293",Destacado,,,,
108172013,https://img4.idealista.com/blur/480_360_mq/0/id.pro.es.image.master/f7/9f/e8/1345654166.webp,OM49 - PATRICIA,50,1,1809000.0,flat,sale,129.0,True,3,3,"calle de Juan Bravo, 66",Madrid,Madrid,Barrio de Salamanca,es,Lista,40.4320927,-3.6730991,True,https://www.idealista.com/inmueble/108172013/,"No deje pasar esta extraordinaria oportunidad en el exclusivo Barrio de Salamanca. Este impresionante piso situado en la Calle Juan Bravo ha sido completamente renovado para ofrecer el máximo confort y estilo. La finca cuenta con un hermoso y elegante vestíbulo en la entrada, así como con servicio de portería. Ubicado en la primera planta exterior de un edificio con ascensor, destaca por su luminosidad, gracias a sus amplios ventanales y a su extensa terraza.  Con una superficie total de 129 m² y 108 m² útiles, este elegante apartamento dispone de tres amplias habitaciones y tres baños completos, lo que lo convierte en una opción ideal para familias o para aquellos que requieren un espacio adicional. La cocina está completamente equipada y el apartamento se vende amueblado con muebles de diseño, ¡listo para que te mudes de inmediato! Además, tiene aire acondicionado y calefacción de gas, así que estarás cómodo en cualquier temporada. También incluye una plaza de garaje cubierta en el mismo edificio, todo incluido en el precio. Vivir en el centro de la ciudad con todo el lujo que ofrece y con la total tranquilidad, es posible. Contamos con posibilidades de aparcamiento en la zona, tanto en renta como de compra. Puedes ponerte en contacto para consultar la disponibilidad de las visitas. Negociación flexible y con la propiedad. Utande Real Estate es una sociedad de inversión inmobiliaria nacional e internacional. Colaboramos con más de 1.500 agencias inmobiliarias en todo el mundo. Te asesoramos jurídicamente y te ofrecemos la mayor rentabilidad financiero-fiscal. Este anuncio es solo orientativo y no está sujeto a ningún compromiso establecido. Te ayudamos a conseguir tu HIPOTECA hasta un 100% de la financiación. Te ayudamos a REFORMAR tu vivienda y te enviamos presupuesto en 48h. Atendemos también vía WhatsApp.",False,good,False,True,14023.0,True,False,True,False,[],False,False,1809000.0,€,,,,flat,"Lista, Madrid","Piso en calle de Juan Bravo, 66",Destacado,True,True,,
108581018,https://img4.idealista.com/blur/480_360_mq/0/id.pro.es.image.master/2e/1c/8c/1349057614.webp,18_25,30,1,260000.0,flat,sale,54.0,False,1,1,calle de Luis Vélez de Guevara,Madrid,Madrid,Centro,es,Lavapiés-Embajadores,40.4130334,-3.7031531,False,https://www.idealista.com/inmueble/108581018/,"Piso en venta en Luis Vélez de Guevara, junto a Sol Piso en primera planta de 54 m² en una finca con ascensor, listo para entrar a vivir. Situado en la calle Luis Vélez de Guevara, a pocos metros de la Puerta del Sol. El Inmueble en buen estado se distribuye en hall de Entrada, Salon comedor, 1 dormitorio, Cocina equipada y Baño completo con plato de ducha.  En cuanto a sus calidades el inmueble cuenta con paredes lisas, suelo de tarima y calefacción individual.  Ubicación céntrica con acceso a metro Sol, tiendas, restaurantes y servicios cercanos. Ideal para quienes buscan vivir o invertir en el corazón de Madrid.",False,good,False,True,4815.0,True,False,False,False,[],False,False,260000.0,€,280000.0,20000.0,7.0,flat,"Lavapiés-Embajadores, Madrid",Piso en calle de Luis Vélez de Guevara,Destacado,,,,
108694082,https://img4.idealista.com/blur/480_360_mq/0/id.pro.es.image.master/93/21/17/1352359947.webp,,84,,1395000.0,chalet,sale,367.0,,6,5,calle de Tampico,Madrid,Madrid,San Blas,es,Salvador,40.4438159,-3.6341262,False,https://www.idealista.com/inmueble/108694082/,"El chalet que todos quieren, pero solo uno podrá tener – Cuatro plantas de puro confort en una urbanización con piscina ¿Buscas un chalet con espacio, estilo, zonas verdes, piscina y ese “algo” que no se encuentra en cualquier vivienda? Pues atento, porque esto no es una casa más: es la casa. Ubicado en una de las urbanizaciones más bonitas y completas de la zona, este chalet es una combinación perfecta de amplitud, calidad y buen gusto. Tiene menos de 30 años y una presencia imponente, con su fachada de ladrillo visto y su distribución pensada para vivir a lo grande. ¿Te gusta tener opciones? Aquí tienes cuatro plantas para hacer lo que quieras con tu vida… y con tu espacio. ⸻ Planta de entrada: el alma de la casa Abres la puerta y te recibe un salón enorme, de esos donde se respira hogar pero también categoría. La cocina independiente, cómoda y práctica, conecta con el jardín privado, y desde ahí, accedes directamente a la zona comunitaria con piscina. Imagina bajar a darte un chapuzón sin salir de casa, literal. ⸻ Primera planta: zona de descanso con nivel Cuatro habitaciones, todas bien proporcionadas y luminosas, y dos baños completos para no pelear por la ducha. Privacidad, orden y comodidad para toda la familia. ⸻ Planta superior: la joya secreta Una buhardilla de 50 m² útiles, tipo estudio neoyorquino en el corazón de Madrid. Espacio abierto, con baño propio, ideal como suite privada, despacho de alto nivel, zona de inspiración o directamente para desconectar del mundo. Quien sube aquí, no quiere bajar. ⸻ Planta sótano: el club privado en casa ¿Tres coches? Caben. ¿Un gimnasio? Puedes. ¿Una sala de cine, juegos, hobby room o habitaciones auxiliares? También. Aquí tienes metros y posibilidades para hacer lo que te dé la gana, sin molestar a nadie. Es tu espacio, tú mandas. ⸻ Y por si te lo estás preguntando… •La urbanización es una maravilla: cuidada, con piscina y zonas comunes de 10. •La casa tiene luz por todos lados, metros donde hace falta y zonas donde te apetece quedarte. •El estilo está: ladrillo visto, detalles bien pensados y distribución que funciona. ⸻ Esta casa no es para cualquiera. Es para quien valora el espacio, la privacidad, el entorno y quiere un hogar que impresione por dentro y por fuera. Si eres de esos, ven a verla. Porque casas hay muchas. Pero como esta, solo hay una. ——— Por peticion del propietario abstenerse de visitas sin cita previa, solo contactar a traves de la agencia"" o algo asi.",False,good,False,,3801.0,True,False,False,False,[],False,False,1395000.0,€,,,,chalet,"Salvador, Madrid",Chalet adosado en calle de Tampico,Destacado,True,True,,terracedHouse
107670663,https://img4.idealista.com/blur/480_360_mq/0/id.pro.es.image.master/12/0d/9c/1319318443.webp,SAHARA,22,1,160000.0,flat,sale,60.0,True,2,1,calle de Sáhara s/n,Madrid,Madrid,Villaverde,es,Los Rosales,40.3547983,-3.6920269,True,https://www.idealista.com/inmueble/107670663/,"La empresa DG Real Estate, VENDE este MAGNIFICO y espectacular piso en la zona de VILLAVERDE, zona de Los Rosales. VIVIENDA ACTUALMENTE ALQUILADA HASTA SEPTIEMBRE 2025.  La vivienda dispone de 60 m2 distribuidos en: El SALÓN, cuenta con espacio para zona de estar y de comedor tal y como se ve en las fotografías, es muy luminoso gracias a la buena orientación que tiene y además dispone de salida directa a la TERRAZA. La COCINA está totalmente equipada con todos los electrodomésticos. Además tiene una gran capacidad de almacenaje en ella gracias a todos los muebles que tiene. DOS HABITACIONES, ambas de buen tamaño, la principal con capacidad para ubicar una cama doble, además cuenta con armario empotrado de tres cuerpos. La segunda habitación, con capacidad para una cama individual con mesilla y armario. El BAÑO de la vivienda está equipado con bañera, lo mejor seria cambiarlo a plato de ducha para poder tener mas espacio.  La vivienda cuenta con TODAS LAS FACILIDADADES, ya que no dispone de muros de carga, podemos adaptarla a nuestras necesidades completamente. Excelentemente comunicado con parada de Metro Villaverde Bajo y líneas de autobuses 18, 23 y 116. Ubicado en una zona muy tranquila con espacios ajardinados, colegios, zonas verdes, centros de salud, polideportivos, centros comerciales y de ocio en todo el entorno. Zona muy consolidada con todos los servicios. Si estás interesado en obtener más información sobre esta propiedad, no dudes en contactarnos. Nuestro equipo de expertos, estarán encantado de ayudarte. La compra de una casa siempre marca un momento especial en la vida de las personas.",True,good,False,False,2667.0,True,False,False,False,[],False,False,160000.0,€,,,,flat,"Los Rosales, Madrid",Piso en calle de Sáhara s/n,Destacado,,,,
107864531,https://img4.idealista.com/blur/480_360_mq/0/id.pro.es.image.master/e1/0c/48/1326607270.webp,JUA005,40,2,899000.0,flat,sale,116.0,True,3,2,"calle del Doctor Juan José López Ibor, 16",Madrid,Madrid,Moncloa,es,Valdezarza,40.4716174,-3.7264759,True,https://www.idealista.com/inmueble/107864531/,"Ubicado en una zona privilegiada, este piso ofrece comodidad, funcionalidad y una excelente distribución. Cuenta con tres amplios dormitorios, uno de ellos en suite con acceso directo a la terraza principal, ideal para disfrutar del aire libre desde la intimidad del dormitorio. Dispone de dos baños completos, una cocina independiente con espacio de tendedero, perfecta para mantener el orden y la practicidad en el día a día. La propiedad se encuentra en una ubicación céntrica, con todos los servicios a un paso: transporte público, comercios, restaurantes y zonas verdes. Además, forma parte de una comunidad que incluye piscina comunitaria, un valor añadido para disfrutar del verano sin salir de casa. Ideal tanto para familias como para quienes buscan una excelente inversión en una zona con alta demanda.",True,good,False,True,7750.0,True,False,False,False,[],False,False,899000.0,€,,,,flat,"Valdezarza, Madrid","Piso en calle del Doctor Juan José López Ibor, 16",Destacado,,,,
108542734,https://img4.idealista.com/blur/480_360_mq/0/id.pro.es.image.master/ae/b5/ed/1348368437.webp,E-0142,38,2,260000.0,flat,sale,110.0,True,3,1,calle Campotéjar,Madrid,Madrid,Usera,es,12 de Octubre-Orcasur,40.3690534,-3.7024519,False,https://www.idealista.com/inmueble/108542734/,"LINKCASA EMBAJADORES VENDE un piso en zona de Usera  Esta excepcional vivienda en buen estado de conservación, destaca por su gran iluminación y amplitud. Se encuentra en una segunda planta, con una gran terraza lo que garantiza una gran luminosidad en todas sus estancias. Tiene 110 m² de vivienda y se distribuye en: -Amplio salón comedor con acceso a una terraza abierta con vistas a la calle. -Cocina independiente y equipada. -Dos dormitorios dobles con armario empotrado. -Un dormitorio individual. -Dos despachos independientes con ventana. -Una gran terraza iluminada con luz natural. -Hall de entrada y cuarto de baño completo. Detalles Adicionales: - Ventanas de aluminio/climalit para una eficiencia energética óptima. - Puertas de madera, añadiendo un toque de elegancia. - Suelos de gres y parquet en tonos claros, creando un ambiente luminoso y acogedor. - Agua caliente sanitaria por gas natural individual. - Aire acondicionado. - Puerta blindada. La ubicación es inmejorable, en una zona consolidada con todos los servicios. Proximidad de colegios, centros comerciales, zonas deportivas, supermercados, comercio tradicional, zonas de ocio, parques. etc. Con acceso cercano a M-40 y A-42. Autobuses en la misma calle y estación de Cercanías de Orcasitas (C-5) a escasos metros. Disfrutar de la experiencia es muy sencillo; solicitas una visita y te sincronizas para verla con el agente de Linkcasa, te la enseña y explica “in-situ” las bondades de la vivienda, te proporciona en la visita documentación del inmueble, le preguntas las posibles dudas que tengas, y si te gusta, te la quedas. Para más información, visítanos en nuestra web: linkcasa. es 买卖二手房认准马德里恋家房产 资深的二手房产团队 专业的贷款部门 中西合并的企业文化 欢迎大家联系我们 我们为您量身打造一个方案帮您实现您筑家的梦 添加我们的微信号: pisosventa 关注更多房源.",False,good,False,False,2364.0,True,False,True,False,[],False,False,260000.0,€,270000.0,10000.0,4.0,flat,"12 de Octubre-Orcasur, Madrid",Piso en calle Campotéjar,Destacado,,,,
108901658,https://img4.idealista.com/blur/480_360_mq/0/id.pro.es.image.master/6b/a6/62/1358397278.webp,RP2312025140436,16,4,320000.0,flat,sale,90.0,True,3,2,Pryconsa,Madrid,Alcalá de Henares,Pryconsa,es,,40.48901,-3.3586778,False,https://www.idealista.com/inmueble/108901658/,"¡Redpiso vende Oportunidad única en zona Pryconsa, Alcalá de Henares! Descubre este fantástico piso de 90 m² ubicado en una de las zonas más demandadas de Alcalá de Henares, zona Pryconsa, con excelente comunicación y todos los servicios a tu alcance.  Características principales: 3 habitaciones amplias y luminosas 1 baño completo + 1 aseo, ideales para familias Terraza  Cocina independiente en muy buen estado Piso muy luminoso, con buena orientación Trastero En buen estado de conservación, listo para entrar a vivir Aire acondicionado Excelente comunicación: conexión rápida con transporte público, paradas de autobús y fácil acceso a principales vías.  Todo a tu alrededor: supermercados, colegios, centros médicos, zonas verdes, comercios y más.  Una vivienda perfecta para familias, parejas o inversores que buscan calidad de vida en una zona consolidada y tranquila.  ¡No dejes pasar esta oportunidad! Disponemos de asesoramiento financiero gratuito con nuestro departamento Dcredit.",False,good,False,True,3556.0,False,False,False,False,[],False,False,320000.0,€,,,,flat,"Pryconsa, Alcalá de Henares",Piso,Destacado,,,,
108377132,https://img4.idealista.com/blur/480_360_mq/0/id.pro.es.image.master/83/43/20/1342287243.webp,2025010-2,35,2,1100000.0,flat,sale,174.0,False,4,2,calle de Guzmán el Bueno,Madrid,Madrid,Chamberí,es,Gaztambide,40.4365045,-3.7140105,False,https://www.idealista.com/inmueble/108377132/,"CALLE JOAQUÍN MARÍA LÓPEZ. Piso de 174 metros escriturados. Es una segunda planta interior a gran patio de manzana, con mucha luz y tranquilidad.    Tiene cuatro dormitorios, tres de ellos con armarios empotrados y uno de servicio. Dos baños completos.    Buen edificio con portal señorial con acceso de movilidad reducida y portero físico.    El recibidor de entrada es muy amplio y da a un magnífico salón con grandes ventanales.    La cocina está amueblada y equipada con electrodomésticos de alta gama con acceso a una terraza con tendedero.    Tiene aire acondicionado en todas las estancias.    Calefacción central con contador individual.    Cuenta con trastero independiente.    Situado en una de las zonas más demandadas de la capital con muy buena comunicación por metro (Islas Filipinas) y autobús. Cómodo acceso a todos los servicios necesarios: colegios, bibliotecas, farmacias, cerca de todas las universidades, parques, jardines, restaurantes y zonas de ocio, próximo a la estación de metro, Islas Filipinas.    Gastos de comunidad: 125€ más calefacción. IBI: 1.100€    SI QUIERE VER MÁS INMUEBLES EN ESTA ZONA VISÍTENOS EN inmuga. com    En Inmuga Homes, resolvemos cualquier duda o consulta fiscal y jurídica que pudiera surgir. Buscamos FINANCIACIÓN. Tramitamos la inscripción de compraventas, herencias, cancelaciones de hipoteca, levantamiento de embargos, C. E. E…. y cualquier trámite relacionado con la transacción de su inmueble. Contáctenos para ampliar información.",False,good,False,True,6322.0,True,False,False,False,[],False,False,1100000.0,€,,,,flat,"Gaztambide, Madrid",Piso en calle de Guzmán el Bueno,Destacado,,,,
108264952,https://img4.idealista.com/blur/480_360_mq/0/id.pro.es.image.master/35/57/b6/1338990745.webp,17_25,33,1,1125000.0,flat,sale,160.0,True,3,2,calle de Bravo Murillo,Madrid,Madrid,Chamberí,es,Arapiles,40.4361905,-3.705592,False,https://www.idealista.com/inmueble/108264952/,"Ubicada en pleno corazón de Madrid, esta vivienda ofrece una generosa superficie de 160 m² construidos incluida la terraza. Situada en la Primera planta exterior, el edificio de los años 50 con fachada de ladrillo visto, se encuentra incluido en el recinto privado de la Parroquia de San Cristóbal y San Rafael, otorgándole una situación en plena Calle Bravo Murillo privilegiada con zonas ajardinadas que le proporciona tranquilidad y privacidad. La Finca con acceso adaptado a personas con movilidad reducida cuenta con ascensor, portero físico y una zona privada en superficie de aparcamiento opcional, exclusivo para los vecinos vigilado 24h.  La vivienda que consta de 138 m² cuenta con hall de Entrada, cocina independiente con zona de office, salón con chimenea en funcionamiento y acceso a una terraza de más de 25 m². Cuenta con 3 dormitorios y 2 baños, el dormitorio principal con uno de los baños en suite con jacuzzi y Sauna. En cuanto a calidades cabe destacar que todas las estancias cuentan con ventanas de Climalit, puertas interiores de roble, puerta principal blindada, suelos cerámicos, calefacción central y aire acondicionado. Situado en una de las zonas más codiciadas del barrio de Chamberí junto al emblemático cruce de la Calle Bravo Murillo y Calle Cea Bermúdez a 100 metros del CDM Cea Bermúdez y a escasos metros del Parque de Bravo Murillo o Parque Nuevo del Canal y rodeada de una gran variedad de comercios, cafeterías y restaurantes, además de excelentes conexiones de transporte público.",False,good,False,True,7031.0,True,False,False,False,[],False,False,1125000.0,€,1150000.0,25000.0,2.0,flat,"Arapiles, Madrid",Piso en calle de Bravo Murillo,Destacado,,,,
108692725,https://img4.idealista.com/blur/480_360_mq/0/id.pro.es.image.master/1a/93/01/1352431847.webp,9340,55,,510000.0,chalet,sale,208.0,,3,2,calle el Cacejo,Madrid,Cubas de la Sagra,,es,,40.194737,-3.8426189,False,https://www.idealista.com/inmueble/108692725/,"Descubre esta espectacular vivienda independiente construida sobre una amplia parcela de 628 m², con piscina privada, porche cubierto y un jardín que invita a la calma. Una casa pensada para quienes valoran el confort de vivir en una sola planta, sin escaleras y con una distribución funcional y luminosa. Con 208 m² construidos, esta propiedad cuenta con tres amplias habitaciones (con posibilidad de sacar una habitación más), dos baños completos, salón comedor con acceso directo al exterior y una cocina independiente con office. Todos los espacios están diseñados para ofrecer comodidad, luz natural y bienestar en cada rincón. Dispone además de un garaje cubierto con capacidad para dos vehículos en paralelo, una ventaja difícil de encontrar en la zona. El confort está garantizado durante todo el año gracias a su chimenea canalizada por conductos hacia todas las habitaciones, perfecta para calentar la casa de forma eficiente y acogedora. Las ventanas oscilobatientes, mosquiteras y rejas en todas las estancias aportan seguridad, ventilación cruzada y protección frente a insectos, sin renunciar a la estética ni a la funcionalidad. Cubas de la Sagra es un municipio con encanto que combina la tranquilidad de vivir en un entorno residencial con la comodidad de estar a solo 30 minutos de Madrid. Ofrece calidad de vida, zonas verdes, colegios, instalaciones deportivas y todos los servicios esenciales para el día a día. Ideal para familias, teletrabajadores y quienes buscan desconectar sin renunciar a estar bien conectados. La zona exterior de la vivienda es un verdadero privilegio: piscina privada, gran jardín, zona de descanso y un porche perfecto para las tardes de verano.  Vivienda en planta baja  Parcela de más de 600 m²  3 dormitorios y 2 baños  Piscina y zonas exteriores privadas  Garaje cubierto para 2 coches  Chimenea canalizada por conductos  Mosquiteras, ventanas oscilobatientes y rejas en todas las estancias  Excelente ubicación y orientación  Lista para entrar a vivir  Vida tranquila a un paso de Madrid No dejes escapar esta oportunidad. Agenda tu visita hoy mismo y ven a descubrir el hogar que llevas tiempo buscando.",True,good,False,,2452.0,True,True,False,False,[],False,False,510000.0,€,,,,chalet,Cubas de la Sagra,Casa independiente en calle el Cacejo,Destacado,True,True,,independantHouse
108118097,https://img4.idealista.com/blur/480_360_mq/0/id.pro.es.image.master/6b/ba/b8/1334412661.webp,CH2522,36,,259900.0,chalet,sale,192.0,,6,2,calle Paloma,Madrid,El Álamo,,es,,40.2364933,-3.9944562,False,https://www.idealista.com/inmueble/108118097/,"CAPITAL HOME el Álamo vende en EXCLUSIVA este magnífico chalet independiente. Descubre este encantador chalet independiente en el corazón de El Álamo, una ubicación privilegiada que combina tranquilidad y comodidad. Situado en la avenida principal, este hogar cuenta con una excelente conexión a la A-5, facilitando el acceso al pueblo. La propiedad se asienta sobre una amplia parcela de 520 m², donde podrás disfrutar de una refrescante piscina y un hermoso cenador hecho a mano, ideal para tus reuniones familiares y momentos de relax. Con una construcción de 231 m² distribuida en dos plantas, este chalet ofrece un diseño funcional y acogedor. En la planta baja, encontrarás un garaje de gran tamaño, un aseo y tres habitaciones que aportan luminosidad gracias a sus ventanas orientadas hacia la parte trasera. La sala de estar es amplia y cuenta con una despensa que te permitirá tener todo organizado. En la planta primera, el salón destaca por su chimenea y sus dos grandes ventanales que ofrecen vistas al exterior. La cocina independiente tiene acceso a una terraza amplia, perfecta para disfrutar del aire libre. Además, hay un baño completo con plato de ducha y tres habitaciones muy espaciosas, cada una con dos ventanas que permiten la entrada de luz natural. Este chalet, construido en 1975, ha sido mantenido en buen estado y cuenta con calefacción de gasoil, asegurando tu confort durante todo el año. Con armarios empotrados y una distribución pensada para maximizar el espacio, es el hogar ideal para familias que buscan calidad de vida en un entorno cercano a todos los servicios del pueblo. ¡No dejes pasar esta oportunidad única! Contamos DEPARTAMENTO FINANCIERO propio para que puedas acceder a esta magnifica vivienda para tu familia, no dudes en llamarnos y concertar tu visita.",True,good,False,,1354.0,True,True,False,False,[],False,False,259900.0,€,,,,chalet,El Álamo,Casa independiente en calle Paloma,Destacado,True,True,,independantHouse
108827434,https://img4.idealista.com/blur/480_360_mq/0/id.pro.es.image.master/0f/ac/f8/1356289609.webp,00197MB01,44,1,1820000.0,flat,sale,178.0,True,4,2,calle de Ayala,Madrid,Madrid,Barrio de Salamanca,es,Goya,40.4278235,-3.6739777,False,https://www.idealista.com/inmueble/108827434/,"A-House le ofrece este EXCLUSIVO piso REFORMADO CON TERRAZA en el prestigioso BARRIO DE SALAMANCA. La propiedad está distribuida en un salón-comedor con salida a una terraza, cocina independiente con isla, cuatro habitaciones (una de ellas doble con baño en SUITE y VESTIDOR) y un baño completo. La vivienda cuenta con una reforma integral y se entrega totalmente amueblada El inmueble dispone de calefacción central, ventanas de pvc-climalit, suelo de tarima, armarios empotrados. Piso luminoso debido a ser exterior y su orientación sur. Finca del año 1966 cuenta con ASCENSOR, PORTERO, TRASTERO, DOS PLAZAS DE GARAJE INCLUIDAS. El barrio debe su nombre al famoso pintor español Francisco de Goya, quien vivió en el área en la década de 1800. La historia de este barrio en Salamanca se remonta al siglo XVIII, la época en la que la zona era conocida como la Quinta de la Fuente del Berro, un área de tierra rural que pertenecía a la Corona española. Una de las ventajas de vivir en Goya es su ubicación privilegiada, el traslado a otras partes de la ciudad es sencillo y todo lo que se necesita se encuentra en la cercanía, desde colegios, hospitales y comercios, hasta zonas verdes con restauraciones de todos los niveles. Aproveche esta oportunidad.",False,good,False,True,10225.0,True,False,False,False,[],False,False,1820000.0,€,,,,flat,"Goya, Madrid",Piso en calle de Ayala,Destacado,True,True,,
108795777,https://img4.idealista.com/blur/480_360_mq/0/id.pro.es.image.master/ca/88/17/1355377605.webp,,21,2,173900.0,flat,sale,91.0,True,3,1,CL SANTA MONICA,Madrid,San Martín de la Vega,,es,,40.2150835,-3.5838246,False,https://www.idealista.com/inmueble/108795777/,"Agencia inmobiliaria de CIEMPOZUELOS – SAN MARTIN DE LA VEGA zona SAN MARTIN DE LA VEGA Oficina HOGARES CIEMPOZUELOS – SAN MARTIN DE LA VEGA: EN VENTA: ESPECTACULAR PISO EN LA MEJOR ZONA DE SAN MARTÍN DE LA VEGA, cercano a zonas verdes, colegios, parada de autobús, etc… ¡Descubre tu nuevo hogar! Este espectacular piso en venta cuenta con 3 amplios dormitorios, ideales para toda la familia. La cocina es funcional y está perfectamente equipada, mientras que el luminoso salón ofrece acceso directo a una terraza, un espacio perfecto para disfrutar del aire libre y relajarse en las tardes soleadas.  Con una distribución práctica y en buen estado de conservación, este inmueble de 91 m² construidos y 83 m² útiles es perfecto para quienes buscan comodidad y estilo. Además, podrás disfrutar de vistas espectaculares desde la terraza y del entorno tranquilo que rodea la propiedad. La piscina comunitaria es un gran añadido para los días calurosos, y la barbacoa te permitirá disfrutar de momentos inolvidables con amigos y familiares. Ubicado en una zona privilegiada, este piso es ideal para familias que buscan un lugar donde crecer y disfrutar. Con calefacción de gas natural, aire acondicionado y plaza de garaje incluida en el precio, no tendrás que preocuparte por nada. ¡No dejes pasar esta oportunidad y ven a visitarlo! No dejes pasar esta oportunidad única. Contacta con nosotros para más información y para programar una visita. Estaremos encantados de mostrarte esta maravillosa propiedad y ayudarte a conocer todos los detalles sobre las condiciones de financiación. ¡Tu nuevo hogar te espera! Este anuncio no es vinculante, puede contener errores. Se muestra a título informativo y no contractual.",False,good,False,False,1911.0,False,False,False,False,[],False,False,173900.0,€,,,,flat,San Martín de la Vega,Piso en Cl Santa Monica,Destacado,,,,
108661427,https://img4.idealista.com/blur/480_360_mq/0/id.pro.es.image.master/fa/a0/bc/1351417016.webp,28-02251,34,1,439000.0,flat,sale,126.0,True,3,1,calle de Cedillo del Condado,Madrid,Madrid,Latina,es,Águilas,40.3873195,-3.7661322,False,https://www.idealista.com/inmueble/108661427/,"ALQUILER PROTEGIDO REAL ESTATE, ofrece estupenda vivienda en el Distrito de Latina, en el Barrio de las Águilas.  IDEAL INVERSORES ACTUALMENTE ALQUILADO CON BUENA RENTABILIDAD  En la actualidad se distribuye en Hall de entrada, Salón Comedor con Aire Acondicionado, cocina independiente, amueblada y equipada. Cuarto de Baño completo con plato de ducha, Habitación de matrimonio y dos habitaciones individuales, dotadas de armarios empotrados. Calefacción individual de Gas natural, toda exterior y amueblada. PLAZA DE GARAJE INCLUIDA. En Urbanización cerrada con zonas ajardinadas. Muy Luminosa. Bien comunicada tanto por carretera como por transporte público. Zona consolidada con todos los servicios. No lo dudes y llama para visitarlo! Somos Alquiler Protegido-Real Estate, con más de 15 años de experiencia. Contamos con más de 13,000 propietarios, 24,000 inquilinos satisfechos y hemos alquilado más de 8,000 inmuebles. Tenemos un equipo humano de profesionales altamente cualificado. Puedes visitarnos en nuestras oficinas situadas en: Carabanchel, Vallecas, Tetuán, Getafe y Alicante. *Este anuncio puede contener errores, se muestra a título informativo y no contractual.",False,good,False,True,3484.0,False,False,False,False,[],False,False,439000.0,€,,,,flat,"Águilas, Madrid",Piso en calle de Cedillo del Condado,Destacado,,,,
108717139,https://img4.idealista.com/blur/480_360_mq/0/id.pro.es.image.master/d1/87/3f/1355692761.webp,VIVEXSLN001,33,1,220000.0,duplex,sale,78.0,True,2,2,Sevilla la Nueva,Madrid,Sevilla la Nueva,,es,,40.3475044,-4.0260546,False,https://www.idealista.com/inmueble/108717139/,"¡VENDE CON NOSOTROS DESDE SOLO EL 1,9 %! ¡Conseguimos hasta el 100% del valor de compra! En pleno centro de Sevilla la Nueva, LOCATIVO presenta este encantador dúplex de 78 m², según catastro. Ideal para quienes buscan confort, funcionalidad y un entorno tranquilo sin renunciar a estar cerca de todos los servicios. La vivienda cuenta con dos amplias y luminosas habitaciones con grandes armarios empotrados y se vende completamente amueblada, lista para entrar a vivir.  Dispone de dos baños completos con bañera, uno en cada planta, lo que aporta comodidad y privacidad.  Los suelos de tarima y los techos de madera añaden calidez y un toque acogedor al ambiente. Ubicado en una urbanización tranquila con piscina y zonas verdes, este dúplex ofrece un entorno familiar perfecto para disfrutar del buen tiempo. Además, está muy bien comunicado, con paradas de autobús y supermercados a pocos minutos a pie.  La zona cuenta con facilidad de aparcamiento, lo que lo convierte en una opción cómoda y práctica para el día a día. Una excelente oportunidad para vivir en una zona consolidada y bien comunicada. ¡Si te interesa, no dudes en contactar con nosotros! ________________________________________ CONSULTE NUESTRA PÁGINA WEB TENEMOS MÁS VIVIENDAS QUE NO ESTÁN EN LOS PORTALES. SÍGANOS EN NUESTRAS REDES SOCIALES PARA NO PERDERSE NADA: Instagram: @Locativoinmobiliariamadrid TikTok: @Locativoinmobiliaria AVDA. VILLANUEVA DE LA CAÑADA 35, LOCAL 1 QUIJORNA 28693 TELÉFONO:  PARQUE EMPRESARIAL “LA FINCA” PASEO CLUB DEPORTIVO 1, EDIFICIO 4 POZUELO 28223 TELÉFONO: [IW].",True,good,False,False,2821.0,False,False,False,False,[],False,False,220000.0,€,,,,flat,Sevilla la Nueva,Dúplex,Destacado,,,,duplex
108667527,https://img4.idealista.com/blur/480_360_mq/0/id.pro.es.image.master/3b/ae/30/1352097989.webp,28-02255,22,bj,205000.0,duplex,sale,70.0,True,1,1,calle del Párroco Don Emilio Franco,Madrid,Madrid,Puente de Vallecas,es,San Diego,40.3888526,-3.6671204,False,https://www.idealista.com/inmueble/108667527/,"� ¡Vivienda única en Vallecas con diseño moderno y todas las comodidades! ALQUILER PROTEGIDO REAL ESTATE te ofrece esta espectacular local hecho vivienda, tipo dúplex, ubicada en una zona tranquila y bien comunicada del distrito de Vallecas.  � ¿Buscas algo diferente? Este inmueble es un local transformado en vivienda con una reforma de diseño que combina estilo, funcionalidad y confort. � Totalmente amueblado, tal como aparece en las fotos, con acabados de calidad y atención a cada detalle. � Insonorizado para tu tranquilidad y equipado con bomba de frío/calor en todas las estancias para tu confort durante todo el año. �️ Distribución: Planta baja: amplio salón-comedor con cocina americana abierta, moderna, amueblada y equipada. Primera planta: dormitorio principal tipo suite con baño completo y zona de vestidor. � Ideal para parejas o profesionales que buscan un espacio exclusivo, listo para entrar a vivir.",False,good,False,False,2929.0,False,False,False,False,[],False,False,205000.0,€,,,,flat,"San Diego, Madrid",Dúplex en calle del Párroco Don Emilio Franco,Destacado,,,,duplex
108838615,https://img4.idealista.com/blur/480_360_mq/0/id.pro.es.image.master/6f/77/54/1356611315.webp,VENTAJESUSDELVALLE,25,1,430000.0,flat,sale,56.0,True,1,1,calle de Jesús del Valle,Madrid,Madrid,Centro,es,Malasaña-Universidad,40.4235152,-3.7053901,False,https://www.idealista.com/inmueble/108838615/,"Vive el alma de Madrid desde el corazón de Malasaña.  Si buscas un hogar en uno de los barrios con más personalidad, historia y vida de Madrid, este piso en la calle Jesús del Valle te va a enamorar. Situado en una zona vibrante, cultural y con un encanto único, está rodeado de cafés con historia, librerías independientes, galerías de arte, tiendas de diseño y una oferta gastronómica que no deja de crecer. Además de su carácter bohemio y alternativo, Malasaña está perfectamente conectada con el resto de la ciudad gracias a su cercanía a las estaciones de metro de Noviciado (L2), Tribunal (L1 y L10) y Callao (L3 y L5), varias líneas de autobús 002, M2, 1, 3, 147, 46, entre otras y a pocos minutos a pie de la Gran Vía, Plaza de España, el Museo ABC, Conde Duque, Fuencarral o el Templo de Debod.  La vivienda está ubicada en una primera planta exterior con doble orientación sur y este, lo que garantiza una luz natural excelente durante todo el día. Se compone de un salón-comedor muy acogedor con cocina americana abierta, donde destacan la barra con taburetes de madera, la iluminación suspendida y el mobiliario blanco que aporta amplitud visual. La cocina, con mobiliario efecto madera y azulejo tipo metro, está completamente equipada y pensada para el uso diario. El dormitorio, también muy luminoso, cuenta con armario empotrado de gran capacidad y un diseño cálido y funcional, ideal para descansar sin renunciar al estilo. El baño es amplio y dispone de bañera. El piso se entrega completamente amueblado y equipado, listo para entrar a vivir o alquilar desde el primer día.  Dispone de aire acondicionado por bomba de frío y calor tanto en el salón como en el dormitorio, lo que asegura el confort durante todo el año.  El edificio, construido en 1989, se encuentra en buen estado, cuenta con ascensor, trastero y la ITE pasada favorablemente hasta el año 2040, lo que aporta tranquilidad y seguridad a medio y largo plazo.  Ya sea como vivienda habitual o como inversión, esta es una oportunidad única de vivir en una zona muy demandada, con gran proyección y difícil de igualar. Malasaña nunca pasa de moda y este piso permite disfrutarla desde dentro, con luz, estilo y una ubicación privilegiada. Pocas oportunidades como esta en una de las zonas más emblemáticas de Madrid.  Llámanos y ven a verlo. Te encantará.",True,good,False,True,7679.0,True,False,False,False,[],False,False,430000.0,€,460000.0,30000.0,7.0,flat,"Malasaña-Universidad, Madrid",Piso en calle de Jesús del Valle,Destacado,,,,
107735693,https://img4.idealista.com/blur/480_360_mq/0/id.pro.es.image.master/c9/71/ba/1321308849.webp,cca057IV,9,3,1360000.0,flat,sale,171.0,True,3,3,Barrio Cuatro Caminos,Madrid,Madrid,Tetuán,es,Cuatro Caminos,40.4495439,-3.6944151,False,https://www.idealista.com/inmueble/107735693/,"Olisson Club pone a su disposición esta maravillosa vivienda familiar en una tercera planta con terraza y vistas despejadas, reformada a estrenar, al lado de Paseo de la Castellana. La vivienda tiene una distribución simple y funcional que hace que todas las estancias reciban una cantidad de luz espectacular.  La vivienda de 171m2 se encuentra en una tercera planta planta exterior con vistas despejadas y su buena orientación hace que la luz sea el elemento dominante en todas las estancias. Se distribuye de la siguiente manera: el hall de entrada se abre a un amplio salón comedor. Junto se encuentra una espaciosa cocina semi integrada, equipada con electrodomésticos de alta gama y una isla, convirtiéndola en un lugar ideal para el día a día en familia. Además cuenta con un aseo de invitado junto al hall de entrada y zona de lavandería independiente. La zona de noche se compone de tres amplios dormitorios, todos ellos con baño en suite y armarios empotrados. El dormitorio principal exterior con tarraza privada cuenta con amplio vestidor con armarios empotrados que van de suelo a techo y su baño en suite con doble ducha. La reforma y el interiorismo de la vivienda se han cuidado hasta el último detalle. El suelo de madera en el salón y dormitorios, los materiales empleados en cocina y baños, el sistema de calefacción por radiadores y el aire acondicionado por conductos, la carpintería exterior e interior, o todo el sistema de iluminación con luces directas e indirectas, son detalles pensados y cuidados por el arquitecto para que la vivienda cuente con todos los lujos y comodidades. La finca, construida en la segunda mitad del siglo XX, se encuentra en perfecto estado, cuenta con servicio de conserjería y ascensor. En el precio de la vivienda esta incluida una plaza de garaje en la misma finca. La vivienda se encuentra cerca de Paseo de la Castellana, con todo tipo de servicios en las inmediaciones como son colegios, supermercados, centros comerciales, AZCA, centros médicos, y una amplia selección de los mejores bares y restaurante de la zona. Además nos ofrece numerosas alternativas de transporte público con varias lineas de autobús y metro, así como la estación de cercanías de Nuevos Ministerios, a muy poca distancia de la casa. El Paseo de la Castellana es una arteria principal de la capital y cuenta con grandes Centros Comerciales como Castellana 202, El Corte Inglés de Nuevos Ministerios o Moda Shopping. También se localizan en su proximidad colegios del máximo prestigio educativo (La Salle Maravillas, Colegio San Agustín, Colegio Nuestra Señora de la Consolación, ESDEN Business School, Escuela Superior de Ingenieros Industriales) y ofertas culturales muy interesantes (Museo de Ciencias Naturales y Museos del Canal). La comunicación con otras zonas de la capital es muy completa a través del metro (L-6, L-9 y L-10) y de autobuses ( L-5, L-27 y C-147 y L-149). Por último las posibilidades de ocio y deportivas son inmejorables, como es la proximidad al Estadio Santiago Bernabéu (sede del Real Madrid Club de Fútbol) y la zona lúdica y gastronómica de la Calle Orense y sus proximidades. Las imágenes son orientativas, sujetas al proyecto final [IW].",False,good,False,True,7953.0,True,False,False,False,[],False,False,1360000.0,€,,,,flat,"Cuatro Caminos, Madrid",Piso,Destacado,True,True,,
108652279,https://img4.idealista.com/blur/480_360_mq/0/id.pro.es.image.master/7c/70/37/1351130322.webp,866,19,3,255000.0,duplex,sale,101.0,True,3,2,Centro,Madrid,Valdemoro,Centro,es,,40.1927096,-3.6814378,False,https://www.idealista.com/inmueble/108652279/,"Le presentamos esta exclusiva vivienda tipo dúplex, situada en una zona tranquila pero perfectamente comunicada, rodeada de servicios, colegios, transporte, espacios verdes y toda la infraestructura urbana que pueda necesitar en el día a día. Este inmueble destaca tanto por su amplitud como por su luminosidad, gracias a sus numerosas ventanas y espacios abiertos. La vivienda, en perfecto estado de conservación, ofrece una distribución muy cómoda y versátil, ideal tanto para familias como para quienes busquen una casa con varias habitaciones y espacios multifunción. - DISTRIBUCIÓN DE LA VIVIENDA - PLANTA PRINCIPAL - Al entrar en la vivienda, nos recibe un amplio hall distribuidor que proporciona acceso a las distintas estancias. - A la derecha están ubicadas dos habitaciones espaciosas, ambas con grandes ventanales que generan una agradable luminosidad en toda la vivienda. - De frente encontramos un baño completo con bañera, equipado además con extractor de aire para una adecuada ventilación. - Junto a él están tanto la cocina como el salón, en un concepto abierto pero diferenciado, gracias a una barra que proporciona una transición natural entre ambas zonas. - La cocina, de generosas proporciones, se entrega totalmente equipada, con muebles y electrodomésticos encastrados. Además, cuenta con una cómoda zona de tendedero, donde están ubicadas tanto la caldera —de tan solo 2 años de uso— como espacios destinados al lavado o al almacenaje. - Por otro lado, el salón, amplio y luminoso, ofrece dos ambientes diferenciados, perfectos para crear una cómoda sala de estar y un comedor independiente. Además, dispone de aire acondicionado, aumentando así el confort de toda la estancia. PLANTA SUPERIOR - Accediendo al piso de arriba, encontramos una habitación de gran amplitud. -También cuenta con un espacio perfecto como trastero o vestidor - Además, en esta planta contamos con un baño amplio con bañera. Metros totales de la vivienda + trastero: 101m² Este dúplex es sin duda una vivienda versátil, luminosa y muy confortable, adecuada tanto para familias como para quienes necesitan espacios adicionales destinados al teletrabajo, al ocio o al almacenaje.",True,good,False,True,2525.0,True,False,False,False,[],False,False,255000.0,€,,,,flat,"Centro, Valdemoro",Dúplex,Destacado,,,,duplex
108705701,https://img4.idealista.com/blur/480_360_mq/0/id.pro.es.image.master/f5/d3/04/1352694724.webp,286,32,bj,240000.0,flat,sale,64.0,,2,1,"calle los Haces, 9",Madrid,Sevilla la Nueva,,es,,40.3491073,-4.0312852,True,https://www.idealista.com/inmueble/108705701/,"EXCLUSIVA INMOFLOOR! Bajo reformado con garaje, trastero y excelentes zonas comunes en Sevilla la Nueva Inmofloor les presenta en exclusiva este encantador bajo reformado ubicado en una de las urbanizaciones más bonitas y cuidadas de Sevilla la Nueva. Una vivienda ideal para quienes buscan comodidad, privacidad y un entorno tranquilo rodeado de naturaleza. La vivienda cuenta con: ? €? Hall de entrada con un amplio armario empotrado? €? Luminoso salón-comedor con amplios ventanales.? €? Cocina independiente con zona de tendedero.? €? Habitación principal con espacio para armario.? €? Habitación secundaria ideal como despacho o dormitorio.? €? Baño completo con bañera. Este bajo ha sido reformado y se encuentra sobre elevado sobre rasante, lo que garantiza una mayor privacidad e intimidad respecto a otras viviendas de su categoría. Incluye en el precio una plaza de garaje y trastero, lo que añade un plus de comodidad y espacio de almacenamiento. La urbanización destaca por su excelente mantenimiento, ofrece unas completas zonas comunes con: ? €? Piscina comunitaria con amplia zona de solárium.? €? Pista de tenis.? €? Espacios ajardinados ideales para pasear o relajarse. No pierda la oportunidad de vivir en una zona tranquila, bien comunicada y con todos los servicios cerca. Solicite su visita sin compromiso. ¡Le encantará!",False,good,False,,3750.0,True,False,False,False,[],False,False,240000.0,€,,,,flat,Sevilla la Nueva,"Piso en calle los Haces, 9",Destacado,,,,
108622758,https://img4.idealista.com/blur/480_360_mq/0/id.pro.es.image.master/e3/a2/02/1350232865.webp,MONTCAR/MONTESCLAROS,23,4,450000.0,flat,sale,54.0,True,1,1,"CL MONASTERIO MONTESCLAROS, 4",Madrid,Madrid,Fuencarral,es,Montecarmelo,40.5024091,-3.7022169,True,https://www.idealista.com/inmueble/108622758/,"Distrito 44 VENDE exclusiva vivienda de 1 Dormitorio, Salón-Comedor, Cocina Americana, Baño completo con plato de ducha recientemente reformado, Trastero, Garaje muy amplioen Urbanización Privada con Coserje y vigilancia 24h/7d, Zonas comunes con instalaciones deportivas en una de las mejores zonas de Montecarmelo. La vivienda se distribuye en Hall de entrada, Cocina con ventanal abierto a Salón_comedor donde se diferencia bien la zona de estar de la zona de comedor, Baño completo con plato de ducha, dormitorio con armario empotrado de gran capacidad, también cuenta con un espacioso trastero, y una amplia plaza de garaje para coche grande, Zonas deportivas con Pádel, Piscina, Parque infantil. Las calidades son excelentes, Suelos de madera, Aire Acondicionado por conductos bomba de Frio/Calor, Ventanas de climalit térmico y acústico, Exterior, Cocina totalmente equipada, Videoportero, Puerta de seguridad, Pintura lisa, Puerta lacadas. La ubicación es inmejorable cerca de todo tipo de comercios y servicios, Centros educativos, Transportes, Centro de Salud, Restaurantes, Zonas infantiles, Etc.. . Esta puede ser la casa que tanto buscaba, no lo dude y venga a visitarla sin compromiso! Si necesita financiación podemos ayudarle 100%!",False,good,False,True,8333.0,True,False,False,False,[],False,False,450000.0,€,470000.0,20000.0,4.0,flat,"Montecarmelo, Madrid","Piso en Cl Monasterio Montesclaros, 4",Destacado,True,True,,
107678683,https://img4.idealista.com/blur/480_360_mq/0/id.pro.es.image.master/7c/4a/c8/1319556194.webp,,4,,65000.0,chalet,sale,211.0,,5,1,travesía de Bravo Murillo,Madrid,Torrelaguna,,es,,40.8238867,-3.5387275,False,https://www.idealista.com/inmueble/107678683/,"VIVIENDA OKUPADA POR PERSONAS SIN JUSTO TITULO POR ESTE MOTIVO SOLO SE TRAMITAN OFERTAS AL CONTADO EN VENTA: MAGNÍFICA VIVIENDA EN EL CORAZON DE TORRELAGUNA GRAN OPORTUNIDAD Se pone a la venta un fantástica propiedad, con una distribución cómoda y funcional.  La vivienda se compone de cinco dormitorios y un cuarto de baño, es una vivienda de muy buenas dimensiones con un gran patio en el centro y un gran garaje, la vivienda se encuentra en buenas condiciones y tiene un sin fin de posibilidades, se trata de una oportunidad unica para adquirir un inmueble en Torrelaguna a un precio bastante menor de mercado! En definitiva se trata de una magnifica vivienda, muy actualizada y con muchas posibilidades. ¡OPORTUNIDAD! TANTO PARA INVERTIR COMO VIVIENDA HABITUAL ¡No dudes en venir a verlo porque puede ser lo que estás buscando! INFÓRMATE SIN NINGÚN TIPO DE COMPROMISO EN NUESTRA OFICINA, LLÁMANOS AL TELÉFONO QUE APARECE EN EL ANUNCIO.",False,good,False,,308.0,False,False,False,False,[],False,False,65000.0,€,,,,chalet,Torrelaguna,Chalet adosado en travesía de Bravo Murillo,Destacado,True,True,,terracedHouse
108680599,https://img4.idealista.com/blur/480_360_mq/0/id.pro.es.image.master/67/ae/75/1351945234.webp,,45,,1245000.0,chalet,sale,310.0,,5,4,calle San Javier,Madrid,Pozuelo de Alarcón,Zona norte,es,Zona norte,40.4481185,-3.8117634,False,https://www.idealista.com/inmueble/108680599/,"Chalet Adosado Reformado con Piscina Privada en Pozuelo Norte – Calle San Javier Te presentamos este impresionante chalet adosado en Pozuelo Norte, ubicado en la tranquila y residencial calle San Javier. Con 310 m² construidos y una reforma integral reciente, esta vivienda destaca por su amplitud, funcionalidad y altas calidades, perfecta para familias que buscan comodidad y privacidad en una de las mejores zonas de Pozuelo. Espacios Amplios y Bien Distribuidos: - 2 Salones ideales para dividir zonas de ocio y descanso. - 4 Baños Completos (3 con termo eléctrico y 1 con caldera). - 1 Aseo de cortesía en planta baja. - Cocina Moderna. - Dormitorio Principal de 35 m2 en planta independiente y con aire acondicionado. - Terraza Privada de 15 m² para disfrutar al aire libre. Comodidades y Detalles de Calidad: - Piscina Privada perfecta para relajarse en casa. - Barbacoa de Obra incluida, ideal para reuniones familiares y con amigos. - Ventanas Climalit y carpintería de madera, que garantizan aislamiento y elegancia. - Armarios Empotrados a Medida en dormitorios y pasillos. - Sin Gastos de Comunidad, lo que permite mayor autonomía y ahorro. Entorno Familiar y Conectado: La vivienda se sitúa en una zona privilegiada de Pozuelo Norte, rodeada de tranquilidad pero a la vez muy bien conectada con el centro. Cuenta con 3 colegios a escasos metros, lo que la convierte en una opción ideal para familias con niños. Accesos rápidos a transporte público, zonas verdes, comercios y servicios. Una Vivienda para Disfrutar Todo el Año: Este chalet reformado en Pozuelo es perfecto para quienes buscan espacio, privacidad y calidad de vida, sin renunciar a una excelente ubicación. Contáctanos para más información o para concertar una visita. ¡No dejes pasar esta magnífica oportunidad!",True,good,False,,4016.0,True,True,False,False,[],False,False,1245000.0,€,1295000.0,50000.0,4.0,chalet,"Zona norte, Pozuelo de Alarcón",Chalet adosado en calle San Javier,Destacado,True,True,,terracedHouse
108391714,https://img4.idealista.com/blur/480_360_mq/0/id.pro.es.image.master/c3/36/65/1342735095.webp,00004,100,,609000.0,chalet,sale,286.0,,6,5,avenida Río Duero,Madrid,Cobeña,,es,,40.5631614,-3.5135298,False,https://www.idealista.com/inmueble/108391714/,"La casa donde empezar tu nueva vida – Chalet pareado reformado con piscina en Cobeña Hay casas que simplemente te acogen desde el primer momento. Esta es una de ellas. Un chalet pareado donde cada rincón ha sido pensado para disfrutar, para compartir, para vivir. Totalmente reformado, con materiales de calidad y detalles que marcan la diferencia, solo tendrás que traer tus maletas: está listo para entrar a vivir. Ubicada en una tranquila zona residencial de Cobeña, a tan solo 100 metros del supermercado y la gasolinera, y con excelente conexión a las principales vías, esta vivienda ofrece privacidad, comodidad y un entorno familiar. � Jardín trasero y patio delantero para desconectar o disfrutar al aire libre �♂️ Piscina cubierta privada para aprovecharla durante todo el año � Bodega con cocina y sala de cine: tu propio espacio para celebrar o relajarte � Aerotermia y placas solares: eficiencia, sostenibilidad y ahorro desde el primer día �️ 6 habitaciones, 4 baños y 1 aseo – amplitud para toda la familia, sin renuncias � Garaje con capacidad para 2 coches y una moto � Toldos eléctricos, suelos de tarima, cocina totalmente renovada, distribución cuidada y espacios luminosos Aquí todo ha sido pensado para que vivas con tranquilidad, confort y estilo. Sin reformas, sin esperas. Solo tienes que cruzar la puerta y empezar a disfrutar. � Una casa para quedarse. En Cobeña. Tu nuevo hogar te está esperando.",False,good,False,,2129.0,True,False,True,False,[],False,False,609000.0,€,619000.0,10000.0,2.0,chalet,Cobeña,Chalet pareado en avenida Río Duero,Destacado,True,True,,semidetachedHouse
108554462,https://img4.idealista.com/blur/480_360_mq/0/id.pro.es.image.master/85/87/2c/1348307757.webp,657-ZURITAREF,36,1,209000.0,flat,sale,36.0,False,1,1,calle de Zurita,Madrid,Madrid,Centro,es,Lavapiés-Embajadores,40.4086636,-3.700724,False,https://www.idealista.com/inmueble/108554462/,"ZONA MADRID REAL ESTATE vende en EXCLUSIVA elegante apartamento reformado en finca histórica en Lavapiés (ITE FAVORABLE 2021). Presentamos esta exclusiva vivienda ubicada en uno de los barrios con más identidad y riqueza cultural de Madrid: Lavapiés. El inmueble se encuentra en una finca representativa de principios del siglo XX, perfectamente conservada y con ITE favorable aprobada en 2021, lo que garantiza su buen estado estructural y la ausencia de derramas pendientes. � Características generales: •Superficie construida: 36 m² •Distribución: 1 dormitorio, salón con cocina integrada y baño completo •Altura de techos: Casi 4 metros, lo que proporciona una inusual sensación de amplitud y luminosidad •Reforma integral: Realizada por estudio de arquitectura en 2013, con mejoras posteriores •Estado de conservación: Excelente, listo para entrar a vivir sin necesidad de reformas La propiedad destaca por su cuidada reforma que conjuga materiales de alta calidad con un diseño contemporáneo, respetando a su vez los elementos arquitectónicos originales del edificio. Las ventanas de aluminio Climalit oscilobatientes, el sistema de aire acondicionado con bomba de calor y los electrodomésticos integrados (horno, microondas, lavadora y frigorífico) garantizan una vivienda cómoda, eficiente y funcional. � Ubicación inmejorable: Situado en una zona privilegiada del centro de Madrid, a solo: •2 minutos a pie del metro Lavapiés •5 minutos de la estación de Antón Martín •Muy cerca del Museo Reina Sofía, el Circo Price, el Teatro Valle-Inclán y numerosos espacios de arte y gastronomía Su cercanía a las principales universidades de la capital lo convierte en una opción perfecta tanto para residencia habitual como para alquiler a estudiantes o jóvenes profesionales. La zona ofrece una alta demanda de alquiler y una excelente rentabilidad, lo que refuerza el atractivo de esta inversión. � Ideal para: •Quienes buscan una vivienda con carácter en el corazón de Madrid •Inversores interesados en activos con alta rotación y rentabilidad estable •Profesionales y estudiantes que desean vivir en un entorno céntrico, bien comunicado y con vida cultural activa Esta es una oportunidad única para adquirir un inmueble en una de las zonas más vibrantes y con mayor potencial de crecimiento de Madrid. No pierda la ocasión de transformar este espacio en su hogar ideal o en una inversión rentable. Te ofrecemos la posibilidad de FINANCIACIÓN. Estudiamos tus necesidades financieras, las hacemos nuestras y buscamos soluciones. No pierdas esta oportunidad y cierra una visita llamando a José Luis Hurtado al 6-5-7-4-4-5-4-3-6. Nos puedes encontrar en: •CENTRO DE MADRID (calle Santa Isabel 17, junto al museo Reina Sofía) •BARRIO SALAMANCA (Paseo Marqués de Zafra 36) •VALLECAS (Avenida de la Albufera 77 y calle Carlos Martín Álvarez 47) •TETUAN (Calle Palencia 3, al lado del Mercado Maravillas) ¡NO SOMOS FRANQUICIA! El trato TRANSPARENTE con nuestros clientes nos identifica. Te ofrecemos tranquilidad y todo tipo de garantías.",True,good,False,False,5806.0,True,True,False,False,[],False,False,209000.0,€,222000.0,13000.0,6.0,flat,"Lavapiés-Embajadores, Madrid",Piso en calle de Zurita,Destacado,,,,
108471768,https://img4.idealista.com/blur/480_360_mq/0/id.pro.es.image.master/32/75/ab/1345918094.webp,N07-S1-00055,49,,497000.0,chalet,sale,224.0,,5,3,"calle Pico Aneto, 303",Madrid,Cotos de Monterrey,,es,,40.797975,-3.6074901,True,https://www.idealista.com/inmueble/108471768/,"Descubre esta fantástica vivienda unifamiliar aislada, ubicada en la tranquila y cotizada urbanización Cotos de Monterrey, sobre una amplia parcela de 959 m² (según catastro). Rodeada de naturaleza y equipada para disfrutar del confort durante todo el año, es ideal para quienes buscan calidad de vida, amplitud y privacidad. ✨ Características Principales:  Superficie construida: 224 m²  Superficie útil: 180 m² + 15 m² de porche cerrado con espectaculares vistas  Parcela de gran tamaño con zonas ajardinadas, piscina, y espacios exteriores únicos  Distribución en dos plantas, perfecta para familias o para combinar vivienda habitual con alojamiento independiente � Planta Baja:  Garaje privado  Apartamento independiente con:  Salón-comedor  Dormitorio  Baño completo  Ideal para invitados, alquiler vacacional o zona de trabajo � Planta Principal:  Porche cerrado acristalado con vistas despejadas, ideal como sala de estar o comedor de invierno  Amplio hall de entrada  Salón comedor con chimenea, muy acogedor  Cocina independiente con salida directa al jardín  Dormitorio principal en suite  Tres dormitorios adicionales  Baño completo adicional � Espacios Exteriores:  Piscina con cubierta retráctil, diseñada para mantener la temperatura y prolongar su uso durante más meses del año  Zona de barbacoa, ideal para reuniones y celebraciones  Cuarto de aperos/trastero, funcional y práctico para almacenamiento de jardín o herramientas � Estado y Equipamiento:  Vivienda en muy buen estado de conservación, lista para entrar a vivir  Excelente orientación y distribución, luminosa y cómoda  Ubicada en una de las zonas más demandadas de la sierra madrileña � Ubicación privilegiada: Urbanización consolidada con vigilancia, zonas deportivas, club social, supermercados y rápido acceso a la A1. A menos de una hora de Madrid capital. � ¡Una oportunidad única! Calidad de vida, espacio y naturaleza en un solo lugar. Contáctanos para agendar tu visita. ¡Esta casa lo tiene todo, ven a comprobarlo por ti mismo!",True,good,False,,2219.0,True,False,False,False,[],False,False,497000.0,€,,,,chalet,Cotos de Monterrey,"Casa independiente en calle Pico Aneto, 303",Destacado,True,True,,independantHouse
94554915,https://img4.idealista.com/blur/480_360_mq/0/id.pro.es.image.master/8c/a2/67/1344260685.webp,VEN7459,35,1,449000.0,flat,sale,100.0,True,2,2,paseo de la Dirección,Madrid,Madrid,Tetuán,es,Berruguete,40.4579524,-3.7094675,False,https://www.idealista.com/inmueble/94554915/,"OPORTUNIDAD DE COMPRAR MUY BUEN PISO 90m² CON REFORMA INTEGRA reciente. 2 dormitorios, 2 baños. Este acogedor piso de 100m² apróx. se ubica en 1ª planta. Se distribuye en entrada a amplia zona con acceso directo a salón-estar y la cocina integrada a dicho espacio con cierta independencia con una original Isla. La cocina con mucha luz y totalmente equipada con electrodomésticos, dando acceso a una estupenda terraza-patio de unos 17m² apróx. con toldo.  2 dormitorios y 2 baños, ambos con ducha. Aire accionado canalizado en toda la vivienda con bomba de frío/calor. Calefacción individual gas por radiadores. Pintura lisa, todos los armarios totalmente vestidos, puertas lacadas en blanco, ventanas oscilo batientes. Se ha creado un piso muy acogedor con una reforma íntegra con gran gusto, tal y como se puede apreciar en las fotografías. La vivienda se encuentra actualmente alquilada.  EL CLIENTE COMPRADOR NO paga honorarios a Urbenorte Inmobiliaria.",False,good,False,False,4490.0,True,False,False,True,[],False,False,449000.0,€,,,,flat,"Berruguete, Madrid",Piso en paseo de la Dirección,Destacado,,,,
108338200,https://img4.idealista.com/blur/480_360_mq/0/id.pro.es.image.master/0a/d7/58/1341146447.webp,goy534AAV,22,3,1350000.0,flat,sale,141.0,True,3,4,Barrio Lista,Madrid,Madrid,Barrio de Salamanca,es,Lista,40.4290454,-3.6745381,False,https://www.idealista.com/inmueble/108338200/,"Olisson Club ofrece esta vivienda reformada recientemente en el barrio de Goya, una de las zonas más exclusivas de Madrid. La propiedad se encuentra en una 3ª planta exterior, con una excelente orientación que permite que la luz natural inunde todas sus estancias. La vivienda se distribuye de la siguiente forma: al entrar, un hall de entrada da acceso a un amplio y luminoso salón, desde el cual se accede a una terraza de 4 m². La cocina, de tamaño generoso, está completamente equipada y cuenta con un ventanal que da al patio interior, proporcionando una atmósfera luminosa y funcional. La zona de descanso cuenta con tres dormitorios, dos de ellos dobles y el principal con baño en suite. El tercer dormitorio tiene un aseo con la opción de instalar una bañera, añadiendo flexibilidad al espacio.  Además, la propiedad incluye un trastero, proporcionando un valor añadido de comodidad y almacenamiento. La reforma ha sido llevada a cabo con materiales de calidad, creando un hogar cómodo y práctico.  La finca, en buen estado, dispone de ascensor y acceso adaptado. En cuanto a la ubicación, es inmejorable en uno de los barrios más demandados de la ciudad, ofreciendo una gran proximidad a comercios, restaurantes y diversos servicios, además de estar perfectamente comunicada con el resto de la ciudad. [IW].",True,good,False,True,9574.0,False,False,False,False,[],False,False,1350000.0,€,,,,flat,"Lista, Madrid",Piso,Destacado,True,True,,
107169460,https://img4.idealista.com/blur/480_360_mq/0/id.pro.es.image.master/b5/f0/8d/1305054528.webp,goy526IV,17,6,2359000.0,flat,sale,207.0,True,3,4,Barrio Goya,Madrid,Madrid,Barrio de Salamanca,es,Goya,40.4234246,-3.6754652,False,https://www.idealista.com/inmueble/107169460/,"Olisson Club ofrece magnífica vivienda reformada en el elegante edificio situado en el emblemático barrio De Goya, a un paso del parque de Buen Retiro. La vivienda se encuentra en una 6ª planta exterior y su buena orientación hace que la luz sea el elemento dominante en todas las estancias. Con sus 207 m2 se distribuye de la siguiente manera: el hall de entrada se abre a un amplio salón comedor con acceso a la agradable terraza. Junto se encuentra una espaciosa cocina semi integrada, equipada con electrodomésticos de alta gama y una isla, convirtiéndola en un lugar ideal para el día a día en familia. Además cuenta con un aseo de invitado junto al hall de entrada y zona de lavandería independiente. La zona de noche se compone de tres amplios dormitorios, todos ellos con baño en suite y armarios empotrados. El dormitorio principal exterior con tarraza privada cuenta con amplio vestidor con armarios empotrados que van de suelo a techo y su baño en suite con doble ducha. La reforma y el interiorismo de la vivienda se han cuidado hasta el último detalle. El suelo de madera en el salón y dormitorios, los materiales empleados en cocina y baños, el sistema de calefacción por radiadores y el aire acondicionado por conductos, la carpintería exterior e interior, o todo el sistema de iluminación con luces directas e indirectas, son detalles pensados y cuidados por el arquitecto para que la vivienda cuente con todos los lujos y comodidades. La finca, construida en la segunda mitad del siglo XX, se encuentra en perfecto estado, cuenta con servicio de conserjería y ascensor. En el precio de la vivienda esta incluida una plaza de garaje en la misma finca. Inmejorable ubicación a escasos minutos andando de la calle Goya, y de los espacios culturales, comerciales y de ocio más exclusivos de la capital.  La vivienda se ubica en el barrio de Salamanca, una de las zonas más privilegiadas de Madrid, a un paso de los restaurantes únicos de la calle Jorge Juan. Esta ubicación tan céntrica, facilita la conexión con el resto de la ciudad y el poder disfrutar de los museos y diversas zonas de moda. Además, está a solo 20 minutos del aeropuerto. Es una zona residencial, con varias terrazas y ofertas de restauración, supermercados y tiendas, e inmejorable comunicación tanto con la exclusiva milla de oro de la calle Serrano y la zona de embajadas, con inmediato acceso al parque del Retiro y la zona de museos con el Prado y el jardín Botánico como idílicos enclaves, así como con la estación de Atocha y vías de circunvalación. [IW].",False,good,False,True,11396.0,False,False,False,False,[],False,False,2359000.0,€,,,,flat,"Goya, Madrid",Piso,Destacado,True,True,,
108414420,https://img4.idealista.com/blur/480_360_mq/0/id.pro.es.image.master/89/e5/96/1344210023.webp,,120,2,290000.0,flat,sale,135.0,True,2,2,"calle las Fraguas, 7",Madrid,Torrejón de Ardoz,Noroeste,es,,40.4596261,-3.4807241,True,https://www.idealista.com/inmueble/108414420/,"¡ SEÑALIZADO! ""INMOTORREJON A. DE PASCUAL"" VENDE EN EXCLUSIVA VIVIENDA TOTALMENTE REFORMADA Y EN PERFECTO ESTADO EN LA ZONA CENTRO DE TORREJON DE ARDOZ. El inmueble se distribuye en: 2 amplios y luminosos dormitorios, 2 baños completos ( 1 de ellos en suite con el dormitorio de matrimonio), amplio salón independiente y cocina con terraza ventilada. Además posee una plaza de garaje (incluida en el precio). La vivienda es un 2º CON ASCENSOR. Está TOTALMENTE REFORMADA y PARA ENTRAR A VIVIR. Como características más reseñables del inmueble cabe destacar: - Puerta de entrada blindada. - Puertas interiores de madera maciza. - Ventanas correderas de aluminio con cristal CLIMALIT (rotura de puente térmico y acústico). - Paredes lisas en toda la vivienda. - Aire acondicionado con bomba de calor en salón y en la habitación de la planta baja. - Terraza en cocina ventilada. - Agua caliente y calefacción de gas natural. - Suelos de tarima en toda la vivienda, excepto en cocina y baños que es de plaqueta. - 2 baños completos ( 1 de ellos con bañera y en suite con el dormitorio de matrimonio, y 1 baño en planta baja con plato de ducha). - Armarios empotrados en todas las habitaciones y en pasillo. - Baños totalmente reformados. - Instalación eléctrica en perfecto estado y con todos los consumos individualizados. - Toma de TV en todas las habitaciones. - Fontanería en perfecto estado y totalmente reformada. - Vivienda totalmente reformada y muy luminosa, totalmente exterior con orientación sur y norte, sol tanto de mañana como de tarde. - 1 plaza de garaje para coche grande (incluida en el precio). Como ya he mencionado anteriormente, la vivienda se encuentra en la zona centro de Torrejón de Ardoz, a escasos 50 metros de la Plaza Mayor (Ayuntamiento) y a tan sólo 100 metros de la Calle De Enmedio. La zona centro de Torrejón de Ardoz que es donde se encuentra este inmueble, es una zona que tiene todos los servicios necesarios a su alrededor, como por ejemplo: RENFE a tan sólo 2 minutos de la vivienda, paradas de autobús a 2 minutos tanto para cualquier zona de Torrejón como para Madrid capital, 2 farmacias en 150 metros a la redonda, colegios, institutos, todas la entidades bancarias, bares, restaurantes, centro de salud a 500 metros, todos tipo de pequeño comercio a pie de calle, fácil entrada y salida con la nacional A2. Si necesita financiación, en INMOTORREJON tenemos a FINANSAL SOLUCIONES HIPOTECARIAS, nuestro propio departamento de intermediación financiera que concede hasta el 100% de hipoteca. Venga a visitar esta estupenda vivienda e infórmese sin ningún tipo de compromiso por su parte. Le haremos un estudio financiero personalizado en el cual estudiaremos su perfil socio económico y le informaremos de cual es la hipoteca que mejor se adapta a sus necesidades para la compraventa de vivienda. Solicite una visita al inmueble o venga a nuestra oficina, estamos ubicados en CALLE DE ENMEDIO 14 - TORREJON DE ARDOZ (MADRID) Gracias por la atención que me ha prestado.",False,good,False,True,2148.0,True,False,False,False,[],False,False,290000.0,€,,,,flat,"Noroeste, Torrejón de Ardoz","Piso en calle las Fraguas, 7",Destacado,True,True,,
108729108,https://img4.idealista.com/blur/480_360_mq/0/id.pro.es.image.master/84/c9/4a/1353403374.webp,,27,1,640000.0,flat,sale,123.0,True,4,2,plaza de Lavapiés,Madrid,Madrid,Centro,es,Lavapiés-Embajadores,40.4098082,-3.700136,False,https://www.idealista.com/inmueble/108729108/,"Piso Amplio y Luminoso en Venta en la Plaza de Lavapiés – Ubicación Inmejorable en el Corazón de Madrid Te presentamos este magnífico piso de 123 m² situado en la emblemática Plaza de Lavapiés, una de las zonas más dinámicas y culturales de Madrid. Una oportunidad única para quienes desean vivir en el auténtico centro de la ciudad, rodeados de historia, arte, gastronomía y una excelente conexión con toda la capital. Espacios Amplios y Llenos de Luz: - 4 Dormitorios espaciosos, ideales para familias o quienes necesitan ambientes versátiles. - 2 Baños Completos con excelente distribución. - Salón-Comedor muy luminoso, perfecto para el día a día o para recibir invitados. - Cocina Independiente que permite aprovechar al máximo el espacio. - 2 Balcones con vistas abiertas, aportando ventilación y luz natural en todas las estancias. Detalles de Calidad: - Suelo de Parquet que aporta calidez y elegancia al ambiente. - Carpintería Interior de Madera, clásica y acogedora. - Ventanas Climalit de Aluminio para un buen aislamiento térmico y acústico. - Calefacción y Agua Caliente por Gas Natural, eficiente y confortable. - Trastero Incluido, un valor añadido para almacenamiento adicional. Vive en el Centro con Todo a Tu Alcance: La Plaza de Lavapiés es sinónimo de vida, cultura y diversidad. Vivir aquí significa tener a pocos pasos teatros, centros culturales, restaurantes de todo el mundo, mercados tradicionales y excelentes conexiones de transporte. Una zona ideal tanto para residencia habitual como para inversión. Contáctanos para más información o para concertar una visita. ¡Un piso con alma madrileña que te enamorará!",True,good,False,False,5203.0,True,True,False,False,[],False,False,640000.0,€,650000.0,10000.0,2.0,flat,"Lavapiés-Embajadores, Madrid",Piso en plaza de Lavapiés,Destacado,,,,
108491382,https://img4.idealista.com/blur/480_360_mq/0/id.pro.es.image.master/67/d2/f9/1356165528.webp,07551,26,1,1275000.0,flat,sale,115.0,True,2,3,calle de Ibiza,Madrid,Madrid,Retiro,es,Ibiza,40.4186349,-3.6731739,False,https://www.idealista.com/inmueble/108491382/,"¿Buscas un piso que combine estilo, comodidad y una ubicación inmejorable? Te presentamos esta exclusiva vivienda de 115 m², situada junto al icónico Parque del Retiro, ideal tanto para residentes nacionales como para clientes internacionales que desean disfrutar de lo mejor de Madrid. La propiedad ofrece una distribución práctica y acogedora: ✨ Dos dormitorios amplios y luminosos ✨ Dos baños completos + aseo de cortesía, ideal para visitas y mayor confort ✨ Cocina independiente totalmente equipada, con electrodomésticos modernos ✨ Balcón privado para relajarte o disfrutar de tu café matutino ✨ Aire acondicionado para tu bienestar durante todo el año Ubicada en una zona tranquila pero vibrante, en la reconocida calle Ibiza, este apartamento permite disfrutar de la vida cultural, gastronómica y comercial del centro de Madrid, con el Retiro como pulmón verde a tan solo unos pasos. Perfecto tanto para quienes buscan residencia habitual como para quienes desean una segunda vivienda de alto nivel en la capital. El edificio dispone de ascensor moderno, asegurando plena accesibilidad. No dejes pasar esta oportunidad única de vivir (o invertir) en uno de los barrios más cotizados de Madrid. ¡Contáctanos para concertar una visita!",True,good,False,True,11087.0,False,False,False,False,[],False,False,1275000.0,€,,,,flat,"Ibiza, Madrid",Piso en calle de Ibiza,Destacado,,,,
108598287,https://img4.idealista.com/blur/480_360_mq/0/id.pro.es.image.master/32/03/b7/1349563049.webp,goy492MSDDD,22,3,2400000.0,flat,sale,181.0,True,3,4,Barrio Goya,Madrid,Madrid,Barrio de Salamanca,es,Goya,40.426258,-3.6776505,False,https://www.idealista.com/inmueble/108598287/,"Olisson Club presenta una extraordinaria vivienda completamente reformada, situada en una elegante finca clásica con miradores en el prestigioso Barrio de Salamanca. Esta exclusiva propiedad destaca por su diseño único, una cuidada selección de materiales de primera calidad y acabados de lujo que realzan su sofisticación y distinción. Esta exclusiva residencia, con una superficie de más de 180 m², ha sido diseñada para combinar elegancia, confort y funcionalidad. Su distribución impecable incluye tres amplios dormitorios y tres baños completos, ofreciendo un espacio sofisticado y acogedor. El corazón de la vivienda es un impresionante salón de dos ambientes, donde los techos altos realzan la sensación de amplitud y luminosidad, creando un entorno armonioso y distinguido. Junto a él, una espectacular cocina de diseño se fusiona con la zona de comedor, un espacio cuidadosamente concebido para disfrutar de momentos únicos en un ambiente cómodo y acogedor. La cocina, completamente equipada con electrodomésticos de alta gama, garantiza un rendimiento excepcional y un estilo impecable, convirtiéndose en el lugar perfecto para deleitarse con la gastronomía y compartir experiencias inolvidables. La zona privada de la residencia ha sido diseñada para ofrecer el máximo confort y privacidad. Cuenta con tres elegantes dormitorios, cada uno acompañado de su respectivo baño. El dormitorio principal se distingue por su exclusiva suite, que incluye un baño privado y amplios armarios empotrados, brindando un espacio funcional y sofisticado. Los otros dos dormitorios no solo mantienen el mismo nivel de refinamiento, sino que también disponen de armarios empotrados y baños privados, garantizando comodidad y practicidad en cada rincón. La reforma y el diseño de interiores de esta magnífica vivienda han sido ejecutados con un nivel de detalle excepcional, garantizando una atmósfera de elegancia y confort. Los suelos de madera en el salón y los dormitorios aportan calidez y distinción, mientras que la selección de materiales en cocina y baños refleja un exquisito equilibrio entre estética y funcionalidad. [IW].",True,good,False,True,13260.0,False,False,False,False,[],False,False,2400000.0,€,,,,flat,"Goya, Madrid",Piso,Destacado,,,,
108598230,https://img4.idealista.com/blur/480_360_mq/0/id.pro.es.image.master/ce/74/4b/1349562157.webp,P-6015,54,2,428000.0,flat,sale,107.0,True,3,2,calle de Elfo,Madrid,Madrid,Ciudad Lineal,es,Quintana,40.4332452,-3.6561748,False,https://www.idealista.com/inmueble/108598230/,"LINKCASA PASEO EXTREMADURA VENDE un piso de 3 dormitorios en la calle Elfo (barrio Quintana), a escasos metros de la arteria principal y comercial de la zona como es la calle Alcalá. La vivienda consta de 3 habitaciones (antes 4), un amplio salón-comedor, una cocina espaciosa, baño completo con bañera, aseo, tendedero y terraza descubierta de 4 m². El inmueble es exterior, muy luminoso, se trata de una segunda planta, está para reformar pero cuenta con un gran cantidad de posibilidades de distribución y dispone de calefacción central con contador individual y aire acondicionado. El piso se encuentra a 4 minutos del metro El Carmen (L-5) y de varias líneas de autobuses de la EMT (21, 38, 106, 146, N5 y N7). La finca dispone de ascensor y tiene la ITE favorable (año 2023). La vivienda se encuentra ubicada en una muy tranquila y bien comunicada, con todo tipo de servicios y comodidades a su alrededor (supermercados, restaurantes, entidades bancarias, farmacias, colegios, instalaciones deportivas, zonas verdes.. . etc), lo que hace de la compra del inmueble una gran opción. Para más información, visítanos en nuestra web: linkcasa. es. No dejes de visitarlo. 买卖二手房认准马德里恋家房产 资深的二手房产团队 专业的贷款部门 中西合并的企业文化 欢迎大家联系我们 我们为您量身打造一个方案帮您实现您筑家的梦 添加我们的微信号: pisosventa 关注更多房源.",False,renew,False,True,4000.0,True,False,True,False,[],False,False,428000.0,€,438000.0,10000.0,2.0,flat,"Quintana, Madrid",Piso en calle de Elfo,Destacado,,,,
106228031,https://img4.idealista.com/blur/480_360_mq/0/id.pro.es.image.master/64/c1/09/1318060308.webp,1218-1urb,26,en,1589000.0,flat,sale,170.0,True,5,3,"avenida de Menéndez Pelayo, 4",Madrid,Madrid,Barrio de Salamanca,es,Recoletos,40.4220737,-3.6803494,True,https://www.idealista.com/inmueble/106228031/,"Te presentamos una excelente oportunidad para adquirir un espacioso inmueble de 170 m² aproximados, ubicado a escasos metros del Parque del Retiro. Este espacio diáfano, situado en un edificio clásico, cuenta con dos balcones que dan a la Calle Menéndez Pelayo y más de 12 ventanas que inundan el lugar de luz natural. Además, dispone de entrada principal y de servicio, lo que añade un nivel extra de comodidad y funcionalidad. La característica de ser un edificio clásico aporta elegancia y un toque señorial al inmueble, ofreciendo un ambiente atemporal que nunca pasa de moda. Los altos techos y detalles arquitectónicos de la fachada no solo son visualmente atractivos, sino que también crean una atmósfera acogedora y distinguida. Como vivienda, este inmueble tiene el potencial de convertirse en un hogar excepcional con más de cuatro dormitorios y tres cuartos de baño, ideal para familias que buscan comodidad y amplitud. La disposición del espacio permite crear un salón acogedor, una cocina moderna y zonas de descanso, todo en un ambiente luminoso y ventilado. Por otro lado, como oficina, este espacio es perfecto para diversas actividades: puedes transformarlo en un moderno espacio de coworking, una clínica de estética, un estudio de diseño, una agencia de publicidad o incluso una academia de formación. Su versatilidad permite adaptarlo a tus necesidades específicas, ofreciendo la posibilidad de crear salas de reuniones, áreas de trabajo y zonas de descanso. La ubicación privilegiada asegura un fácil acceso a clientes y empleados, además de estar rodeado de servicios y comodidades. La solidez y el encanto de un edificio clásico añaden carácter y distinción al espacio, convirtiéndolo en una opción atractiva tanto para vivienda como para oficina. ¡No dejes pasar esta ocasión! Contacta para más información y para concertar una visita.",True,renew,False,True,9347.0,True,False,False,False,[],False,False,1589000.0,€,,,,flat,"Recoletos, Madrid","Piso en avenida de Menéndez Pelayo, 4",Destacado,,,,
107715812,https://img4.idealista.com/blur/480_360_mq/0/id.pro.es.image.master/35/44/89/1320665776.webp,goy545PC,19,1,1200000.0,flat,sale,125.0,True,2,2,Barrio Goya,Madrid,Madrid,Barrio de Salamanca,es,Goya,40.4246397,-3.6736539,False,https://www.idealista.com/inmueble/107715812/,"Olisson presenta este magnífico piso reformado ubicado en el Barrio Salamanca.  La vivienda, totalmente exterior, ha sido reformada íntegramente aprovechando cada espacio de la casa. Con la reforma, la casa destaca por su diseño moderno, acabados de alta calidad y eficiencia energética, siendo ideal tanto para quienes buscan una ubicación privilegiada, funcionalidad y comodidad. Este piso de 125m², se distribuye de la siguiente manera: nada más entrar tenemos un espacioso salón-comedor. Esta zona social se complementa con una cocina integrada con electrodomésticos de alta gama y una amplia isla. La zona de descanso se compone de dos dormitorios, amplios y muy luminosos con armarios de suelo a techo. Además, el dormitorio principal cuenta con un espacioso vestidor y un baño en suite con un espacio para lavandería. La finca en la que se ubica cuenta con portero de lunes a viernes y es totalmente accesible. Se encuentra ubicado en el distrito Salamanca, al noroeste de Madrid, ofreciendo unas vistas privilegiadas a los edificios más emblemáticos. Su estratégica ubicación ofrece acceso rápido a la M-30, y el centro de la ciudad. Además, la zona se encuentra excelentemente conectada mediante transporte público. Esta zona residencial, urbana y segura, destaca por su alta calidad de vida y una amplia oferta de colegios nacionales e internacionales, así como lugares de restauración y ocio. [IW].",True,good,False,True,9600.0,False,False,False,False,[],False,False,1200000.0,€,,,,flat,"Goya, Madrid",Piso,Destacado,,,,
108350453,https://img4.idealista.com/blur/480_360_mq/0/id.pro.es.image.master/2c/9a/56/1341492825.webp,,28,bj,165000.0,flat,sale,42.0,True,2,1,"calle de Isidro Fernández, 12",Madrid,Madrid,Fuencarral,es,Tres Olivos - Valverde,40.4843315,-3.686874,True,https://www.idealista.com/inmueble/108350453/,"Local en Venta: Rentabilidad 8% – ¡Ubicación Imbatible! ¿Buscas una inversión rentable y bien ubicada? � Te presentamos este espectacular local en venta en Calle Isidro Fernández 12, con una rentabilidad del 8% y una gestión de alquiler ágil en un máximo de 7 días hábiles. � Ubicación inmejorable: A solo unos pasos del metro Begoña y muy cerca de Plaza Castilla, en una zona residencial con acceso inmediato a supermercados, bancos y otros servicios esenciales. ✨ Diseño moderno y funcional: Recién reformado y a estrenar, este local de 42 m² ofrece un ambiente versátil para adaptarse a múltiples necesidades. � Distribución perfecta: Dos amplios dormitorios Salón acogedor Cocina equipada Baño completo ☀ Luminosidad excepcional: Con orientación norte-sur, disfruta de luz natural todo el día en un espacio cálido y confortable. ❄ Equipado para tu comodidad: Incluye calefacción eléctrica y aire acondicionado, garantizando confort en cualquier época del año. � Comodidades adicionales: Aparcamiento gratuito Acceso a ascensor � Oportunidad única: No pierdas la ocasión de adquirir un local que combina ubicación estratégica, comodidad y alto potencial de rentabilidad. � ¡Contáctanos y ven a verlo! ¿Estás listo para hacer realidad tu inversión? �✨.",True,good,False,False,3929.0,True,False,False,False,[],False,False,165000.0,€,,,,flat,"Tres Olivos - Valverde, Madrid","Piso en calle de Isidro Fernández, 12",Destacado,,,,
108225792,https://img4.idealista.com/blur/480_360_mq/0/id.pro.es.image.master/fe/d7/fc/1340850842.webp,,64,,695000.0,chalet,sale,208.0,,4,3,"calle Amnistía Internacional, 3",Madrid,Getafe,Perales del Rio,es,,40.3200573,-3.6516008,True,https://www.idealista.com/inmueble/108225792/,"HOUX te presenta esta exclusiva vivienda pareada, construida en 2020, ubicada en una tranquila zona residencial de Perales del Río. Con un diseño contemporáneo y acabados de primera calidad, esta propiedad ofrece un estilo de vida cómodo, eficiente y sofisticado. La casa cuenta con una superficie construida de 208 m² sobre una parcela de 160 m² y se distribuye en tres plantas perfectamente aprovechadas. Dispone de cuatro dormitorios amplios y luminosos, tres baños completos y dos terrazas. Entre sus estancias destacan un elegante salón comedor, una cocina funcional, lavadero independiente, trastero, sala de gimnasio y garaje exterior con capacidad para dos vehículos. La vivienda ha sido diseñada para ofrecer el máximo confort durante todo el año, con calefacción por suelo radiante, aire acondicionado por conductos, ventanas con aislamiento térmico, persianas automáticas, placa solar para agua caliente y un sistema de 12 placas solares para autoconsumo eléctrico. En el exterior, el jardín privado es un auténtico oasis: piscina con bomba de calor, jacuzzi con cascada, zona verde para el descanso y una pérgola desmontable que cubre una zona ideal para reuniones al aire libre. Una casa pensada para quienes valoran la calidad, la eficiencia energética y el confort, en un entorno seguro y bien comunicado con Madrid.",False,good,False,,3341.0,True,False,True,False,[],False,False,695000.0,€,,,,chalet,"Perales del Rio, Getafe","Chalet pareado en calle Amnistía Internacional, 3",Destacado,True,True,,semidetachedHouse
108449266,https://img4.idealista.com/blur/480_360_mq/0/id.pro.es.image.master/61/08/b6/1345216897.webp,RP1362025138703,18,bj,197000.0,duplex,sale,33.0,False,2,1,calle de Juan Pantoja,Madrid,Madrid,Tetuán,es,Bellas Vistas,40.4492173,-3.7047837,False,https://www.idealista.com/inmueble/108449266/,"Se vende piso de 32 m² útiles, te ofrece el espacio perfecto para crear el hogar de tus sueños o asegurar una inversión con una alta rentabilidad. La vivienda te sorprenderá con su ingeniosa distribución en dos alturas, optimizando cada rincón para ofrecerte dos dormitorios y un espacio diáfano que integra cocina y salón. Necesita actualización, lo que te brinda la libertad de diseñar y personalizar cada detalle a tu gusto. Ubicado en una auténtica corrala madrileña, disfrutarás del encanto su amplio patio común. Además, la finca cuenta con ascensor, una comodidad indispensable en el día a día. La ubicación es, sencillamente, inmejorable. Estarás a un paso de la Glorieta de Cuatro Caminos y de la estación de metro Cuatro Caminos (L1, L2 y L6), garantizando una conexión rápida y eficiente con toda la ciudad. Múltiples líneas de autobús pasan por la zona, y tendrás a tu alcance todos los servicios esenciales: desde restaurantes y colegios hasta farmacias y el vibrante Mercado de Maravillas. Por si fuera poco, su cercanía a AZCA y la estación de metro Nuevos Ministerios (L6, L8 y L10) te posiciona estratégicamente, con la ventaja añadida de estar a un corto paseo del emblemático Estadio Santiago Bernabéu.",False,renew,False,True,5970.0,True,False,False,False,[],False,False,197000.0,€,207000.0,10000.0,5.0,flat,"Bellas Vistas, Madrid",Dúplex en calle de Juan Pantoja,Destacado,,,,duplex
108240914,https://img4.idealista.com/blur/480_360_mq/0/id.pro.es.image.master/b3/0b/35/1335476178.webp,,24,2,590000.0,flat,sale,70.0,False,2,1,"Cava de San Miguel, 6",Madrid,Madrid,Centro,es,Palacio,40.4149807,-3.7083881,True,https://www.idealista.com/inmueble/108240914/,"Se vende precioso piso de 2 habitaciones y 1 baño completamente reformado, ubicado en pleno centro de Madrid. El piso destaca por su diseño moderno, funcional y acogedor. Cuenta con una cocina americana totalmente equipada, salón, un dormitorio cómodo y baño completo, ideal para descansar tras el ritmo vibrante de la ciudad.  - Ubicado en la emblemática calle de los Mesones, una vía con siglos de historia y uno de los puntos más transitados por turistas y madrileños, este inmueble se sitúa en una zona con altísima proyección y demanda. A escasos pasos de la Plaza Mayor, el Mercado de San Miguel, la Puerta del Sol y el Palacio Real, representa una oportunidad única de acceder a una de las localizaciones más codiciadas de la capital. La zona ofrece una experiencia urbana vibrante, con calles peatonales, gastronomía de calidad, cultura y comercios tradicionales. Su excelente conectividad a pocos minutos de las estaciones de metro Ópera, Sol y La Latina garantiza una movilidad muy cómoda.",False,good,False,True,8429.0,True,False,False,False,[],False,False,590000.0,€,,,,flat,"Palacio, Madrid","Piso en Cava de San Miguel, 6",Destacado,,,,
107331246,https://img4.idealista.com/blur/480_360_mq/90/id.pro.es.image.master/52/eb/0d/1309809356.webp, Mesón de Paredes ático,40,4,760000.0,penthouse,sale,120.0,True,3,2,"calle del Mesón de Paredes, 56",Madrid,Madrid,Centro,es,Lavapiés-Embajadores,40.4090488,-3.7037572,True,https://www.idealista.com/inmueble/107331246/,"Atico totalmente reformando, en urbanización privada ( cámaras de seguridad 24h ), situado en una de las mejores zonas de Madrid, con amplia oferta gastronómica y cultural. Ubicado entre las plazas de Tirso de Molina y Embajadores, a 10 minutos del triángulo Prado - Thyssen-Reina Sofía. Varias paradas de metro y cercanías (Embajadores ). La vivienda dispone de plaza de garaje con acceso directo en ascensor y trastero. Además la casa ofrece una gran oportunidad de negocio al estar diseñada y preparada para poder alquilar como 2 pisos independientes. Costa de 3 dormitorios, todos con armarios empotrados. El dormitorio principal en suite con más de 30 metros cuadrados. Aire acondicionado en toda la casa. Desde el salón accedemos a la terraza ( orientación este ) que ofrece máxima privacidad.",False,good,False,True,6333.0,True,False,False,False,[],False,False,760000.0,€,770000.0,10000.0,1.0,flat,"Lavapiés-Embajadores, Madrid","Ático en calle del Mesón de Paredes, 56",Destacado,True,True,,penthouse
107438601,https://img4.idealista.com/blur/480_360_mq/0/id.pro.es.image.master/b2/69/65/1312675197.webp,ChaletCampo,30,,550000.0,chalet,sale,238.0,,4,4,calle del Abedul s/n,Madrid,Leganés,San Nicasio - Campo de Tiro - Solagua,es,Campo de Tiro,40.3397931,-3.7734146,True,https://www.idealista.com/inmueble/107438601/,"HOGARES LEGANÉS ofrece Chalet en venta en Campo de Tiro. El inmueble forma parte de una preciosa comunidad de propietarios que cuenta con zonas comunes ajardinadas, parque infantil y piscina. La vivienda se distribuye en CUATRO PLANTAS de la siguiente manera: En la PRIMERA PLANTA encontramos:  - Entradita acristalada como espacio extra.  - Gran recibidor. - Luminosa cocina independiente completamente equipada. - Aseo de cortesía.  - Amplio salón, también independiente, con salida directa a PATIO PRIVADO.  - El patio es perfecto para pasar tiempo de calidad en familia. Gracias a su privacidad podrás disfrutar del exterior como siempre habías soñado. La SEGUNDA PLANTA alberga: - DOS dormitorios individuales, ambos con armario empotrado.  - Baño completo con bañera que da servicio a los dormitorios. - Dormitorio PRINCIPAL, también con armario empotrado y precioso VESTIDOR. Dispone de baño en suite con ducha italiana. En la última planta se encuentra la BUHARDILLA, una estancia con cerramiento para hacerla totalmente independiente. Este espacio se puede aprovechar como dormitorio o zona despacho, ya que cuenta además con baño completo y ducha de esquina, además de terraza privada. Esta forrada de madera, y tiene zona de almacenaje extra.  En la planta SÓTANO contamos con un espacio extra diáfano con chimenea, que podrás usar de zona de juegos o para reuniones familiares. También dispone de zona lavandería y trastero.  La casa cuenta con aire acondicionado por conductos y con garaje cerrado en planta con espacio para 1 coche. Se encuentra en la zona más demandada de Leganés, rodeada de parques para aquellos que adoren la naturaleza. Se sitúa a 10 minutos del metro, cerca de supermercados, centro de salud, restaurantes y colegios. Fácil acceso a carreteras M40 y M30, a 20 minutos del centro de Madrid y a 2 minutos del Centro Comercial Parque Sur. ¡No pierdas esta oportunidad única de adquirir tu nuevo hogar en Leganés! NO DUDES EN SOLICITAR TU VISITA, MEJOR VER! ¡Consulta con nuestro departamento financiero la FINANCIACIÓN 100%!",True,good,False,,2311.0,True,True,False,False,[],False,False,550000.0,€,,,,chalet,"Campo de Tiro, Leganés",Chalet adosado en calle del Abedul s/n,Destacado,True,True,,terracedHouse
107980950,https://img4.idealista.com/blur/480_360_mq/0/id.pro.es.image.master/80/ab/c1/1330126995.webp,RIOJA-LA FORTUNA ,19,2,183500.0,flat,sale,83.0,True,3,1,calle de Santo Domingo,Madrid,Leganés,La Fortuna,es,La Fortuna,40.3547882,-3.7804965,False,https://www.idealista.com/inmueble/107980950/,"HOGARES LEGANÉS pone a la venta en exclusiva este espectacular piso de 83 m² con 3 habitaciones y 2 terrazas en La Fortuna, Leganés Te presentamos esta fantástica vivienda situada en el barrio de La Fortuna, en Leganés, una zona consolidada con todos los servicios a tu alcance, buena comunicación y ambiente familiar. El piso cuenta con una superficie construida de 83 m², distribuidos de manera funcional para aprovechar al máximo el espacio. La vivienda dispone de tres dormitorios, todos con buena iluminación natural, ideales para familias, parejas que necesiten espacio extra o incluso para habilitar un despacho en casa. El salón-comedor es amplio y acogedor, con acceso directo a una de las dos terrazas. La segunda terraza se encuentra en una de las habitaciones. La cocina está equipada y tiene buen espacio de almacenamiento.  El cuarto de baño cuenta con un plato de ducha y una gran ventana, por lo que encontrarás una gran iluminación natural. La vivienda tienen calefacción individual de gas natural, lo que permite un mayor control del consumo y confort durante el invierno. Ubicado en una finca tranquila, en una zona bien conectada por transporte público, y cerca de supermercados, colegios, zonas verdes y comercios locales. Benefíciese de nuestro método de trabajo. Gestionamos la venta de su vivienda, encadenamos todos los plazos, contratos, documentación para escritura pública. Consúltenos sin compromiso. POSIBILIDAD DE HIPOTECAS 100% ESTUDIO DE FINANCIACIÓN GRATUITO CONSÚLTENOS Y CONCIERTE SU VISITA.",True,good,False,False,2211.0,True,True,False,False,[],False,False,183500.0,€,,,,flat,"La Fortuna, Leganés",Piso en calle de Santo Domingo,Destacado,,,,
106777391,https://img4.idealista.com/blur/480_360_mq/0/id.pro.es.image.master/ab/12/24/1293671503.webp,84eb6768-9cfe-483e-9203-d030fdc21799,7,1,850000.0,flat,sale,100.0,True,3,2,calle de los Reyes,Madrid,Madrid,Centro,es,Malasaña-Universidad,40.4254925,-3.7099201,False,https://www.idealista.com/inmueble/106777391/,"Descubre este encantador apartamento de 120 m² en el vibrante barrio de Malasaña, Madrid.  Completamente reformado, ofrece un diseño moderno y funcional. Consta de tres amplios dormitorios y dos baños, perfectos para el confort familiar. La cocina está totalmente equipada y lista para inspirar tus habilidades culinarias.  Disfruta de la tranquilidad al aire libre en su balcón o amplia terraza, ideal para momentos de relax.  El edificio es accesible para sillas de ruedas y cuenta con un práctico ascensor.  Entre las comodidades adicionales, el apartamento incluye aire acondicionado y calefacción a gas, asegurando el confort durante todo el año.  Además, ofrece opción de aparcamiento y se vende amueblado para tu conveniencia. No pierdas la oportunidad de vivir en el corazón de Madrid, rodeado de cultura, tiendas y una vibrante vida nocturna.  Malasaña, en el corazón de Madrid, es un barrio vibrante y bohemio conocido por su ambiente alternativo y creativo. Destaca por sus calles llenas de cafeterías, bares, tiendas vintage y galerías de arte, que reflejan una mezcla única de modernidad y tradición. Su rica historia, ligada a la Movida Madrileña, se combina con una atmósfera joven y dinámica, atrayendo a residentes y visitantes. Además, está excelentemente conectado y rodeado de puntos icónicos como la Gran Vía y la Plaza del Dos de Mayo, convirtiéndolo en un lugar lleno de vida y autenticidad. ¡Este apartamento es una joya por descubrir!",False,good,False,True,8500.0,False,False,False,False,[],False,False,850000.0,€,,,,flat,"Malasaña-Universidad, Madrid",Piso en calle de los Reyes,Destacado,True,True,,
