propertyCode,thumbnail,externalReference,numPhotos,price,propertyType,operation,size,rooms,bathrooms,address,province,municipality,district,country,neighborhood,latitude,longitude,showAddress,url,description,hasVideo,status,newDevelopment,priceByArea,hasPlan,has3DTour,has360,hasStaging,notes,topNewDevelopment,topPlus,priceInfo.price.amount,priceInfo.price.currencySuffix,parkingSpace.hasParkingSpace,parkingSpace.isParkingSpaceIncludedInPrice,detailedType.typology,detailedType.subTypology,suggestedTexts.subtitle,suggestedTexts.title,highlight.groupDescription,floor,exterior,hasLift,priceInfo.price.priceDropInfo.formerPrice,priceInfo.price.priceDropInfo.priceDropValue,priceInfo.price.priceDropInfo.priceDropPercentage
93766975,https://img4.idealista.com/blur/480_360_mq/0/id.pro.es.image.master/77/97/d6/999950375.webp,3516-00380,67,1700000.0,chalet,sale,619.0,5,6,Barrio Zona norte,Madrid,Pozuelo de Alarcón,Zona norte,es,Zona norte,40.4538345,-3.814374,False,https://www.idealista.com/inmueble/93766975/,"Magnífico chalet independiente con una superficie construida de 619 m2 sobre parcela de 1.000 m2 en una de las zonas residenciales más exclusivas de Pozuelo de Alarcón. Se caracteriza por una construcción de alta calidad y amplísimos espacios, rodeado de parques y zonas verdes, gran luminosidad y con excelentes vistas desde toda la vivienda. Se distribuye en cuatro plantas: PLANTA SEMISÓTANO: Se accede desde el hall distribuidor a través de la escalera. Nos encontramos con un fantástico salón con chimenea, una cocina con preciosa bodega, comedor, dormitorio con armario empotrado y baño completo. Desde esta estancia salimos al garaje, con capacidad para dos coches y desde el garaje también accedemos a otro baño completo y amplia zona de almacenaje. PLANTA PRINCIPAL: Accedemos a la vivienda a través de un amplio recibidor con armario gabanero y aseo de invitados. Gran salón comedor, muy señorial, en dos alturas, para diferenciar espacios, con preciosa chimenea, amplios ventanales y por el que se accede a la gran terraza que da acceso a la zona de jardín, con preciosos árboles y una estupenda piscina de grandes dimensiones (75 m2 y más de 12 m de largo). Fantástica cocina, con acceso tanto desde el comedor como a través del recibidor. Desde la misma, podemos pasar directamente a la zona de jardín. PLANTA PRIMERA: En este espacio disponemos de cuatro dormitorios y dos cuartos de baño completos, uno de ellos en suite, en la habitación principal. Una de las estancias está acondicionada como sala de estar con chimenea. El dormitorio principal, maravilloso y de grandes dimensiones, cuenta con un gran vestidor. El resto de dormitorios dispone de grandes armarios empotrados, excepto el acondicionado como sala de estar. PLANTA BAJO CUBIERTA: Accediendo a la última planta, nos encontramos con un gran espacio diáfano con vistas espectaculares, un baño completo y un cuarto de almacenaje. Toda la vivienda cuenta con calidades premium y se encuentra en perfecto estado de conservación. Dispone de alarma, aire acondicionado, suelos en madera y mármol, puertas lacadas en blanco, puerta de seguridad, ventanas con doble acristalamiento climalit y gas natural para la calefacción y ACS. Además, tres maravillosas chimeneas. Tiene una excelente ubicación, tanto por su entorno privilegiado como por su buena comunicación: fácil acceso a las carreteras M-30, M-40, M-50, M-503 y A-6, y a la estación de Renfe El Barrial (a escasos 10 minutos caminando), además de estar bien conectado mediante varias líneas de autobuses. Se encuentra enclavado en una zona residencial muy tranquila y segura pero a la vez dispone de todo tipo de servicios alrededor, polideportivos, gimnasios, centros de salud, hospitales, y muy cerca de los principales y más prestigiosos centros educativos, tanto nacionales como internacionales.  Parques infantiles cercanos así como carril bici. Muy próximo al Monte del Pilar. A un paso de los Centros Comerciales Hipercor Pozuelo, El Torreón, Zielo Shopping y Sexta Avenida. Gran diversidad de servicios de ocio, cultura y restauración en la zona. Contáctenos para más información o para organizar una visita, estaremos encantados de atenderle.",False,good,False,2746.0,False,False,False,False,[],False,False,1700000.0,€,True,True,chalet,independantHouse,"Zona norte, Pozuelo de Alarcón",Casa independiente,Destacado,,,,,,
108821146,https://img4.idealista.com/blur/480_360_mq/0/id.pro.es.image.master/9b/cc/6b/1356127613.webp,,24,420000.0,flat,sale,128.0,4,2,El Carrascal,Madrid,Leganés,El Carrascal,es,El Carrascal,40.3356867,-3.7453132,False,https://www.idealista.com/inmueble/108821146/,"Agencia inmobiliaria de Leganés zona El Carrascal Tecnocasa Estudio Ciudad De Leganes VENDE piso de 128 m2 distribuido en salón independiente, cocina con tendedero, cuatro dormitorios, dos baños, terraza en primera planta muy luminosa con orientación sureste y 7 minutos de metro L12 'El Carrascal' y a escasos 5 min. C. C. Parque Sur. Con amplios dormitorios y hay espacio suficiente para toda la familia. Además, dispone de dos baños tambien amplios y terraza, ideal para relajarse al final del día. La orientación oeste garantiza luz natural durante la tarde, creando un ambiente cálido y acogedor. La vivienda es accesible para personas con movilidad reducida, lo que la convierte en una opción ideal para todos. Situada a solo 7 minutos de la estación de metro L12 'El Carrascal' y a 5 minutos del C. C. Parque Sur y Renfe Zarzaquemada, tendrás todo lo que necesitas a tu alcance.",True,good,False,3281.0,True,False,False,False,[],False,False,420000.0,€,,,flat,,"El Carrascal, Leganés",Piso en El Carrascal,Destacado,1,True,True,,,
108852832,https://img4.idealista.com/blur/480_360_mq/0/id.pro.es.image.master/d3/d8/8b/1358437599.webp,2402299,68,364800.0,chalet,sale,150.0,3,3,avenida Europa,Madrid,Loeches,,es,,40.3939664,-3.4138212,False,https://www.idealista.com/inmueble/108852832/,"No cobramos ningún coste al comprador, ayudando a gestionar su hipoteca sin coste adicional.  -Somos Líderes en Ventas en Torrejón de Ardoz, Asesoramiento Altamente Cualificado- CHALET EN LOECHES. Está situado en una urbanización de chalets con piscina comunitaria, pista polivalente y zona infantil. La superficie de la vivienda es de aproximadamente 150 m2, distribuidos en 2 plantas más el jardín de 80 m2 aproximados con porche y garaje.  – Planta baja, distribuida en porche de 20m2 aproximados, gran salón-comedor con salida al jardín exterior de 60 m2, cocina independiente, aseo y acceso al garaje. – Planta 1º, 3 habitaciones y 2 baño completo (uno en suite) *FOTOGRAFÍAS EN PROYECTO 364.800 € Es importante informaros que gracias a las recomendaciones de clientes únicos, junto con importantes inversiones en publicidad y tecnología, actualmente tenemos una elevada lista de espera de clientes interesados en comprar para la mayoría de las viviendas.  Para atenderos lo antes posible, podéis escribirnos al whatsApp:  Innovación Inmobiliaria. Www. CASSAS. es. -VENDE RÁPIDO AL MEJOR PRECIO- Evitando comisiones abusivas y costes adicionales al comprador.",True,good,False,2432.0,True,False,True,False,[],False,False,364800.0,€,True,True,chalet,independantHouse,Loeches,Casa independiente en avenida Europa,Destacado,,,,,,
108841204,https://img4.idealista.com/blur/480_360_mq/0/id.pro.es.image.master/15/c0/21/1356682055.webp,art037RE,30,1200000.0,flat,sale,154.0,4,3,Barrio Colina,Madrid,Madrid,Ciudad Lineal,es,Colina,40.4566757,-3.6579781,False,https://www.idealista.com/inmueble/108841204/,"Olisson Club presenta este espacioso piso familiar ubicado en una de las zonas más residenciales y consolidadas de Madrid: el barrio de Colina, en pleno Arturo Soria. Situado dentro de una urbanización cerrada con vigilancia, esta vivienda ofrece un entorno tranquilo y seguro, perfecto para familias. Las zonas comunes son excepcionales, con amplios jardines, piscina, gimnasio y zonas de recreo, creando un ambiente ideal para disfrutar del día a día sin salir de casa. La vivienda, con 154 m² construidos, cuenta con una distribución versátil que incluye cuatro dormitorios, tres baños completos y una agradable terraza. Se trata de una excelente oportunidad para quienes desean reformar y personalizar su hogar a su gusto. Además, dispone de plaza de garaje y trastero incluidos en el precio, lo que añade valor y comodidad. La ubicación es inmejorable: una zona tranquila pero muy bien conectada con el centro de Madrid, gracias a su cercanía a la M-30 y a diversas líneas de metro y autobús. La zona de Colina se distingue por su carácter reside [IW].",False,good,False,7792.0,False,False,False,False,[],False,False,1200000.0,€,True,True,flat,,"Colina, Madrid",Piso,Destacado,6,True,True,,,
107905271,https://img4.idealista.com/blur/480_360_mq/0/id.pro.es.image.master/36/e9/67/1327930922.webp,6501,18,468000.0,flat,sale,161.0,4,2,paseo de la Dirección,Madrid,Madrid,Tetuán,es,Berruguete,40.4599829,-3.7095694,False,https://www.idealista.com/inmueble/107905271/,"HousinGo presenta este moderno LOFT dúplex para estrenar, ubicado en un recinto contemporáneo, perfectamente adaptado para ofrecer confort, diseño y funcionalidad. Situado en el emergente barrio de Tetuán, una zona en plena revalorización al norte de Madrid, el inmueble se encuentra cerca de zonas verdes como la Dehesa de la Villa y perfectamente comunicado con el resto de la ciudad, gracias al desarrollo del proyecto Madrid Nuevo Norte. El LOFT está distribuido en dos plantas y se entrega completamente nueva, a estrenar. Dispone de tres dormitorios, uno de ellos en la primera planta, que cuenta con vestidor y acceso a un pequeño patio, junto a la cocina y la sala de estar. La cocina se encuentra equipada y paneleada, además de tener cristales para permitir hacer una división sin perder la luz natural. En la segunda planta, se entran 3 habitaciones mas y el segundo baño completo. El LOFT cuenta con una generosa zona de estar que combina luz natural y diseño moderno. Además, cuenta con aire acondicionado, calefacción eléctrica, armarios empotrados, velux eléctricos y accesibilidad para personas con movilidad reducida. Gracias a su orientación y distribución funcional, el dúplex ofrece un ambiente luminoso y acogedor durante todo el año. El diseño de interiores y la calidad de los acabados lo convierten en una opción ideal tanto para vivir como para invertir. El barrio de Tetuán es actualmente uno de los más dinámicos y con mayor proyección de la capital. Su cercanía a zonas emblemáticas como Plaza de Castilla, las Cuatro Torres y el Mercado de Maravillas, así como la gran variedad de servicios, comercios, supermercados, colegios y oferta gastronómica multicultural, lo hacen ideal para quienes buscan calidad de vida sin salir del centro urbano. Además, el proyecto de transformación urbana Madrid Nuevo Norte traerá consigo importantes mejoras en infraestructuras, transporte público (nuevas estaciones de metro, cercanías y autobuses), zonas verdes y servicios, lo que contribuirá a la revalorización de toda la zona. HousinGo, by David de Gea. Somos una agencia inmobiliaria especializada en la venta y alquiler de activos residenciales en zonas Prime de Madrid. Contamos con tres oficinas de atención al público, una en CALLE AYALA 62, otra en CALLE SERRANO 81, y otra en CALLE VELÁZQUEZ 117, en el Barrio de Salamanca. Por petición de algunos clientes, no publicamos una gran parte de nuestros inmuebles en portales inmobiliarios. Aunque la mayoría de nuestra cartera está en nuestra página web, frecuentemente tenemos nuevas oportunidades de inversión que se comercializan totalmente off-market. Si está interesado en alquilar, vender o comprar, puede contactarnos a través de nuestro teléfono fijo enviarnos un WhatsApp a o visitarnos en una de nuestras oficinas. Disponemos de un servicio de Call Center 24 horas al día, 365 días al año, para poder atenderles de manera ininterrumpida.",True,good,False,2907.0,True,False,False,False,[],False,False,468000.0,€,,,flat,,"Berruguete, Madrid",Piso en paseo de la Dirección,Destacado,bj,True,False,,,
108840526,https://img4.idealista.com/blur/480_360_mq/0/id.pro.es.image.master/9f/f3/2f/1356678607.webp,3-212,58,2900000.0,flat,sale,448.0,10,4,paseo de la Castellana,Madrid,Madrid,Chamartín,es,El Viso,40.4506478,-3.6900899,False,https://www.idealista.com/inmueble/108840526/,"Presentamos este exclusivo activo inmobiliario situado en una de las zonas más codiciadas de Madrid, a escasos metros del Paseo de la Castellana, próximo a puntos de referencia como el Paseo de la Habana, la Plaza de la República Argentina y el Estadio Santiago Bernabéu. Ubicado en una planta segunda de un edificio señorial, este inmueble ofrece una superficie construida de 448 m², con 368 m² útiles, actualmente habilitado como oficina, lo que lo convierte en una excelente oportunidad tanto para uso residencial como para proyecto de inversión. El espacio se distribuye en 10 estancias independientes y 4 baños completos, lo que permite una reorganización versátil en función de las necesidades. Cuenta con plaza de garaje en la comunidad (no asignada), y trastero de 2x2. Gracias a su estructura de pilares, las opciones de redistribución son prácticamente ilimitadas, permitiendo desarrollar una reforma integral a medida. Se adjuntan planos actuales y una propuesta de reforma para visualizar su enorme potencial. Uno de los grandes atractivos de este inmueble es su magnífica luminosidad (orientación oeste): no solo goza de orientación exterior, sino que también recibe abundante luz natural en su zona interior gracias a un amplio patio de manzana y a la generosa separación entre edificios colindantes, algo poco habitual en inmuebles de estas características en Madrid capital. El edificio está en un estado de conservación excelente y destaca por sus prestaciones de alta gama: cuenta con doble ascensor de uso común, montacargas en la escalera de servicio, conserje físico, calefacción central con consumo individualizado (caldera cambiada hace poco) y dos accesos independientes al inmueble. Aunque actualmente no es posible su segregación oficial, el doble acceso ofrece interesantes posibilidades funcionales. Además, el edificio ha sido actualizado con una instalación de placas solares en la azotea, lo que reduce significativamente la cuota de comunidad y contribuye a una mayor eficiencia energética, disminuyendo también la huella de carbono. En cuanto a climatización, la propiedad está equipada con sistema de aire acondicionado en todas las estancias y radiadores instalados, lo que facilita la adaptación a un uso inmediato sin necesidad de acometer grandes obras en este aspecto. La ubicación es, uno de sus grandes valores: en pleno distrito de Chamartín, una zona residencial consolidada que combina el carácter exclusivo con una amplia oferta de servicios. En las inmediaciones se encuentran centros comerciales emblemáticos como El Corte Inglés de Castellana, tiendas de primeras marcas (Zara, Massimo Dutti, H&M, Nike), supermercados (Mercadona, Sánchez Romero), y una variada oferta gastronómica con restaurantes como La Mar, José Luis o Arzábal. En el ámbito educativo, destacan centros como el Colegio Nuestra Señora de las Maravillas (La Salle), así como la cercanía a instituciones académicas de prestigio como IE Business School y ESIC. También encontramos amplias zonas verdes y espacios públicos como la Plaza Pablo Ruiz Picasso, Plaza Joan Miró o el parque de Berlín. A nivel de comunicaciones, la conexión es excelente: a escasos metros del intercambiador de Nuevos Ministerios (metro, cercanías y múltiples líneas de autobús), así como accesos directos a las principales arterias viales de la ciudad como la M-30, A-2 y M-11, con rápida salida hacia el aeropuerto Adolfo Suárez Madrid-Barajas. Inspección Técnica del Edificio (ITE): Favorable en 2019 Comunidad: 667€ IBI: 2927€ Honorarios agencia: 1,5% + IVA Desde Hemic Properties, te ofrecemos un servicio integral que abarca desde el asesoramiento financiero hasta la planificación y ejecución de reformas. Si deseas más información o concertar una visita personalizada, no dudes en ponerte en contacto con nosotros. Estaremos encantados de ayudarte.",True,renew,False,6473.0,True,False,False,False,[],False,False,2900000.0,€,True,True,flat,,"El Viso, Madrid",Piso en paseo de la Castellana,Destacado,2,True,True,,,
108854281,https://img4.idealista.com/blur/480_360_mq/0/id.pro.es.image.master/45/b1/b6/1357069910.webp,3248-24953,7,265000.0,duplex,sale,74.0,1,1,calle Sinfonía,Madrid,Madrid,Latina,es,Cuatro Vientos,40.3734312,-3.7706013,False,https://www.idealista.com/inmueble/108854281/,"**Fantástico Loft Dúplex** Descubre este loft de dos plantas que combina diseño, funcionalidad y un estilo de vida urbano único. Situado en una zona en expansión, esta propiedad ofrece armonía entre modernidad y confort. En la planta baja, encontrarás un amplio salón de diseño abierto con gran ventanal y techos altos, que se integra con una cocina completamente equipada. Un aseo de cortesía añade máxima comodidad a esta planta. Además nos da acceso a un patio privado perfecto para relajarse al aire libre. La planta superior alberga una habitación abierta, amplia y luminosa, con armario empotrado, y un baño completo para total comodidad. **Existe la posibilidad de poder ampliar la planta superior, doblando su tamaño y añadiendo espacio para un segundo dormitorio o un despacho** Este LOFT es ideal tanto para uso habitual como para oportunidad de inversión con alta rentabilidad, gracias a su excelente comunicación por su proximidad al centro de Madrid, Cuatro Vientos, PAU de Carabanchel, zonas comerciales, servicios públicos y acceso a vías principales. ¿Te gustaría conocerlo en primera persona? Estaremos encantados de atenderte y resolver cualquier necesidad.",False,good,False,3581.0,False,False,False,False,[],False,False,265000.0,€,,,flat,duplex,"Cuatro Vientos, Madrid",Dúplex en calle Sinfonía,Destacado,bj,True,True,,,
108827765,https://img4.idealista.com/blur/480_360_mq/0/id.pro.es.image.master/56/c6/b6/1356321348.webp,PSO_8802,28,250000.0,flat,sale,79.0,3,1,calle de los Abogados Laboralistas,Madrid,Mejorada del Campo,,es,,40.3937731,-3.4911212,False,https://www.idealista.com/inmueble/108827765/,"PISO DE 3 HABITACIONES CON TERRAZA REFORMADO Y AMUEBLADO  Esta vivienda se encuentra en Mejorada del Campo, en pleno centro de la ciudad con todos los servicios necesarios para el día a día y una parada de autobús en la puerta que comunica con Avenida de América, así como próxima a parques y restauración. El piso se distribuye en una cocina independiente con electrodomésticos incluidos, salón-comedor con acceso a la terraza, 3 habitaciones de buen tamaño y un baño completo, todo reformado este año 2025 y completamente amueblado.  Además: - Suelo vinílico en toda la vivienda con aislamiento incorporado para un mejor confort y aislamiento tanto térmico como sonoro. - Paredes en liso en color perla y gris. - Calefacción individual por gas natural. - Rejas en todas las ventanas. - Cocina completamente amueblada y equipada con electrodomésticos. - Terraza amplia y luminosa con zona de almacenaje. - Zona tranquila. - Mucha luminosidad en todas las estancias. - Trastero de 10 m2 incluido en el precio. Pero aún hay más! Con VIVAHOME no solo te ofrecemos esta magnífica vivienda, sino también una excepcional variedad de servicios adicionales para compradores y propietarios. Con VIVAHOME estas en buenas manos. ¿Necesitas vender para comprar? ¿Estás vendiendo tú piso con hipoteca? , nosotros te ayudamos en todo. Desde la compra de tu casa hasta la coordinación con la venta de tu piso o la gestión de herencias y divorcios. Nuestro equipo profesional está aquí para asesorarte y hacer que todo sea más fácil. No pierdas esta oportunidad única de vivir donde más te gusta. Contáctanos hoy mismo para ampliar la información o para programar una visita. ¡Recibe un trato personal en nuestra oficina! (Atendemos en toda la Comunidad de Madrid) SACAMOS EL MEJOR PARTIDO A TU PRESUPUESTO. Pregúntanos por nuestro exclusivo Servicio Integral de Proyecto y Reformas, una solución profesional llave en mano.",True,good,False,3165.0,True,False,False,False,[],False,False,250000.0,€,,,flat,,Mejorada del Campo,Piso en calle de los Abogados Laboralistas,Destacado,1,True,False,,,
108774142,https://img4.idealista.com/blur/480_360_mq/0/id.pro.es.image.master/81/1f/f9/1355042592.webp,3-211,54,815000.0,flat,sale,123.0,6,3,calle de Martín de los Heros,Madrid,Madrid,Moncloa,es,Argüelles,40.4289001,-3.7168868,False,https://www.idealista.com/inmueble/108774142/,"Situada en una de las calles más representativas de Argüelles, esta vivienda de 123 m² construidos y 109 m² útiles destaca por su versatilidad. Actualmente se distribuye en seis habitaciones, tres baños completos y cocina independiente equipada, aunque originalmente contaba con cuatro dormitorios, un amplio salón-comedor y los mismos baños. Esto permite adaptarla tanto como inversión inmediata como para proyecto de hogar personalizado. Ubicada en la primera planta de un edificio de 1970, goza de una altura que garantiza privacidad y aislamiento respecto al ruido urbano. El edificio tiene siete plantas (incluidas dos inferiores) y solo dos viviendas por planta, lo que asegura tranquilidad. La comunidad está bien conservada, cuenta con ascensor y acceso adaptado para personas con movilidad reducida. La orientación suroeste proporciona gran luminosidad durante todo el día. Las estancias exteriores (salón y dormitorios principales) reciben abundante luz natural. En la parte interior, tres habitaciones (una con baño en suite) dan a un amplio patio reformado y luminoso, que aunque su uso, está muy limitado, aporta mucha luz y ambiente a las habitaciones. Ha sido alquilada a estudiantes universitarios en los últimos años, dada su cercanía a centros educativos, ubicación estratégica y buenas comunicaciones. La alta demanda en la zona la convierte en una opción rentable y segura. Martín de los Heros, 52 goza de una ubicación privilegiada, cerca de arterias como Princesa, Ferraz o San Bernardo, y de espacios verdes como el Parque del Oeste, el Templo de Debod y los jardines del Palacio Real. Está a escasa distancia de Plaza de España, Teatro Real, la Catedral de la Almudena y el Museo Cerralbo. Respecto al transporte público, está bien conectado: metro Argüelles, Moncloa, Ventura Rodríguez y Príncipe Pío a menos de 15 minutos a pie, además de múltiples líneas de autobús y acceso a M-30 y A-6. En el ámbito educativo, se encuentran cerca de centros como IES San Isidro, IES Ortega y Gasset, Ciudad Universitaria está a solo 15 minutos en transporte público, con fácil acceso a la Universidad Complutense, Politécnica, ICADE, CEU San Pablo, Comillas o ESIC. La vivienda ofrece distintas opciones de reforma, desde unificar cocina y salón tipo loft, hasta mantener la actual distribución para seguir alquilándola como inversión. Información adicional: •Gastos de comunidad: 274,71€ •IBI anual: 1097€ •ITE: desfavorable, con deficiencias en proceso de subsanación, de todo el presupuesto solo quedan ajustes en el saneamiento. •Derrama de 180€ en vigor, se hace cargo del pago la actual propiedad, y se estima que finalice en noviembre.  • Honorarios de agencia: 1,5% + IVA ¿Quieres reformar, financiar o recibir asesoramiento? En Hemic Properties te acompañamos de principio a fin. Este inmueble destaca por su ubicación, superficie y potencial.",True,renew,False,6626.0,True,False,False,False,[],False,False,815000.0,€,,,flat,,"Argüelles, Madrid",Piso en calle de Martín de los Heros,Destacado,1,True,True,,,
106289808,https://img4.idealista.com/blur/480_360_mq/0/id.pro.es.image.master/f9/71/dd/1286837228.webp,,69,750000.0,chalet,sale,370.0,4,4,"calle Puerto del Nevero, 989",Madrid,Cotos de Monterrey,,es,,40.7888389,-3.6124485,True,https://www.idealista.com/inmueble/106289808/,"B2V Inmobiliaria comercializa en EXCLUSIVA. Maika Jiménez Pablo Batres Enrique Vallinas Lázaro. VIVIENDA Independiente, distribuida sobre parcela de 1000 m2, Espectacular vivienda de construcción tradicional, materiales de primera calidad y una ubicación excepcional. PLANTA PRINCIPAL -Amplio recibidor desde el cual se distribuye el resto de la vivienda -Salón comedor con chimenea y un gran ventanal con excelentes vistas a la sierra. Desde aquí accedemos a una terraza muy agradable con vistas a la sierra y acceso al jardín -Gran cocina con isla central para cocinar, despensa con zona de lavado -1 Habitación -Aseo -2 habitaciones con baño completo compartido -Baño completo con doble seno que comparten las dos habitaciones PLANTA NIVEL SUPERIOR -Habitación principal con amplio vestidor y gran baño privado completo con bañera y doble seno La habitación dispone de dos estupendas terrazas con vistas a la sierra y al interior  NIVEL INFERIOR -Zona de relax con bañera de hidromasaje, gimnasio y sauna.  Esta estancia se puede destinar a cualquier otra actividad. Acceso directo al jardín -Gran sala diáfana actualmente como zona de ocio/ bodega, perfecto para tus reuniones con familiares y amigos. -Baño completo TERRAZA GARAJE Con acceso desde el exterior capacidad para dos vehículos, puertas automatizadas y acceso directo a la vivienda. Cuenta con foso para coches. EXTERIORES Jardín consolidado con arbolado y vegetación diversa Piscina  Barbacoa Podemos disfrutar de un cenador y zona de relax en uno de los laterales. Las ventanas son de PVC y cristal climalit  VENTURADA/COTOS DE MONTERREY Cotos de Monterrey es una Entidad Urbanística sita en la salida 49 de la autovía A1 sentido Burgos. Lugar privilegiado a 20min de Madrid rodeado de vegetación y campo con unas espectaculares vistas a la sierra Norte. Si no deseas mas el ajetreo de la ciudad, buscas tranquilidad y aire limpio pero por trabajo no puedes alejarte del núcleo urbano, entonces este es tu nuevo hogar. Venturada es el municipio más meridional de la comarca de la Sierra de La Cabrera, limitando con Navalafuente y Cabanillas de la Sierra, dentro de la misma comarca, Redueña y El Vellón, pertenecientes a la comarca del Valle del Jarama, y con Guadalix de la Sierra, de la Cuenca Alta del Manzanares. El término municipal de Venturada, uno de los pueblos de Madrid que se asienta entre dos valles, uno al este marcadamente abrupto que se ha formado por la confluencia de los arroyos Sacedón y Cabozo, y al oeste menos accidentado el paisaje está configurado por el Valle del Arroyo Albalá. La vegetación es variada debido a sus diferentes zonas topográficas, bosques de encina y vegetación de ribera en las faldas del valle, y un quejigar que crece sobre yesos que constituye un ejemplo destacado dentro de la botánica de la zona. Una importante red de vías pecuarias cruza el municipio. En transporte público se puede acceder mediante las siguientes líneas de autobús. Seis de ellas inician su recorrido en el intercambiador de Plaza de Castilla (una de ellas es nocturna) y las otras dos conectan el municipio con otros de la zona. B2V InimobiliariA servicios inmobiliarios en la sierra de Madrid y alrededores Por que nos tomamos muy en serio nuestro trabajo solo trabajamos en EXCLUSIVA.",True,good,False,2027.0,True,False,False,False,[],False,False,750000.0,€,True,True,chalet,independantHouse,Cotos de Monterrey,"Casa independiente en calle Puerto del Nevero, 989",Destacado,,,,,,
108704853,https://img4.idealista.com/blur/480_360_mq/0/id.pro.es.image.master/d5/30/09/1352666266.webp,856198,68,379990.0,flat,sale,80.0,2,1,plaza Virgen del Romero,Madrid,Madrid,Ciudad Lineal,es,Concepción,40.439955,-3.6522189,False,https://www.idealista.com/inmueble/108704853/,"Housfy vende piso en Ciudad Lineal, Madrid. ***Contrato de alquiler en vigor hasta Diciembre del 2026 con una renta mensual de 1.050 euros. *** Detalles del inmueble: - 7º planta exterior con ascensor en finca con portero físico de 1966. - Estupendo piso de 80 m2 en Concepción. (Los metros cuadrados están verificados con la Dirección General de Catastro)  - Práctico salón-comedor con amplio espacio de luz natural. - Con una práctica cocina con todo lo necesario, reformada recientemente.  - Contamos con dos habitaciones y un baño completo.  - Reformado íntegramente en el 2012: Fontanería, electricidad, insonorización, techos bajados, suelo tarima maciza de jatoba, gres de porcelanosa, ventanas climalit triples, acristalamiento de PVC oscilobatiente y las puertas de Robles con sistema anti freno, pared lisa, rodapié en roble. - Este piso cuenta también con un práctico trastero. Con todos los servicios que puedas necesitar para facilitar tus días en todo momento. No lo dudes más y contacta con nosotros para agendar una visita, conseguiremos la vivienda de tus sueños. Sobre nosotros Housfy es la plataforma integral de servicios inmobiliarios. Nuestra combinación de expertos y tecnología pone al alcance de todo el mundo servicios cómodos, claros y seguros. AICAT número: 7922 Nos encargamos de la gestión y asesoramiento de la compra. ¡Olvídate de todo! Hacemos los trámites por ti. Y, si además necesitas financiación, ponemos a tu disposición un bróker hipotecario para ayudarte a conseguir las mejores condiciones para tu perfil económico. ¿Tienes alguna duda? Pregúntanos sin compromiso o visítanos en housfy. com.",False,good,False,4750.0,True,True,False,False,[],False,False,379990.0,€,,,flat,,"Concepción, Madrid",Piso en plaza Virgen del Romero,Destacado,7,True,True,,,
108455707,https://img4.idealista.com/blur/480_360_mq/0/id.pro.es.image.master/37/69/c2/1345422182.webp,,32,209000.0,chalet,sale,237.0,3,2,"BO SAN MIGUEL, 23",Madrid,Colmenar de Oreja,,es,,40.0596398,-3.5085374,True,https://www.idealista.com/inmueble/108455707/,"ARANKEY REAL ESTATE VENDE; ¡Descubre tu nuevo hogar en Colmenar de Oreja! Este encantador chalet independiente se sitúa en una amplia parcela de 1379 m², ofreciendo un sinfín de posibilidades. La vivienda principal cuenta con un acogedor salón con chimenea, ideal para disfrutar de momentos en familia. La cocina está completamente amueblada y equipada, y los tres dormitorios son perfectos para el descanso. Además, el porche cerrado te permitirá disfrutar del aire libre en cualquier época del año. Pero eso no es todo. En la parcela encontrarás un apartamento independiente, una zona de ocio con baño exterior, y una espectacular piscina que hará las delicias de grandes y pequeños. La propiedad también incluye un área ajardinada, un pozo y una barbacoa, perfecta para tus reuniones con amigos y familiares. Con una superficie construida de 237 m² y un total de 2 baños, este hogar es ideal para aquellos que buscan espacio y comodidad. Ubicado en una urbanización cerrada, este chalet ofrece tranquilidad y seguridad. Además, cuenta con zona de aparcamiento y trastero, lo que añade un valor extra a esta increíble propiedad. No dejes pasar la oportunidad de vivir en un entorno natural y acogedor, donde cada rincón ha sido pensado para ofrecerte el máximo confort. ¡Ven a visitarlo y enamórate de tu nuevo hogar!",True,good,False,882.0,True,False,False,False,[],False,False,209000.0,€,True,True,chalet,independantHouse,Colmenar de Oreja,"Casa independiente en Bo San Miguel, 23",Destacado,,,,,,
108779234,https://img4.idealista.com/blur/480_360_mq/0/id.pro.es.image.master/42/e5/3f/1354881203.webp,VPV411325,36,1634610.0,flat,sale,175.0,4,3,camino de los Jardines,Madrid,La Moraleja,La Moraleja urbanización,es,,40.5088248,-3.6093577,False,https://www.idealista.com/inmueble/108779234/,"THE AVENUE SELEC REAL ESTATE Presenta este excepcional piso ubicado en la vibrante ciudad de Alcobendas, ideal para aquellos que buscan comodidad y lujo. Con una superficie construida de 176 m2, esta propiedad cuenta con cuatro amplias habitaciones dobles que ofrecen un espacio perfecto tanto para familias como para profesionales. Disfruta de tres baños completos más un aseo adicional, garantizando privacidad y confort. La joya del inmueble es su impresionante terraza privada de 291 m2, perfecta para disfrutar al aire libre o realizar eventos sociales. El edificio también ofrece dos piscinas donde podrás relajarte durante los días calurosos; además incluye dos plazas de garaje asegurando el estacionamiento cómodo y seguro para tus vehículos. Aunque se requiere cierta conservación interna, las posibilidades son infinitas: puedes personalizar cada rincón a tu gusto. No pierdas la oportunidad única de adquirir este magnífico apartamento por solo €1.634. 610 en una zona privilegiada cercana a todos los servicios necesarios como escuelas, transporte público e instalaciones deportivas.",True,good,False,9341.0,True,False,False,False,[],False,False,1634610.0,€,True,True,flat,,"La Moraleja urbanización, La Moraleja",Piso en camino de los Jardines,Destacado,bj,True,True,,,
106955803,https://img4.idealista.com/blur/480_360_mq/0/id.pro.es.image.master/de/c4/fb/1302667659.webp,8362 ,70,210000.0,chalet,sale,141.0,3,3,avenida de Madrid s/n,Madrid,Patones,,es,,40.8630718,-3.4746932,True,https://www.idealista.com/inmueble/106955803/,"Hminmobiliaria tiene TU CHALET ADOSADO EN PATONES! 100% FINANCIACION 141 m construidos! ¡TÚ PROPIEDAD por MENOS de un ALQUILER! COMPRA tú PISO y OLVIDATE del ALQUILER! 100% FINANCIACIÓN! SIN ENTRADA! SIN COMISIONES! Buena opción como PRIMERA VIVIENDA o como INVERSION! Solo con tus INGRESOS y los gastos de escrituras! NADA mas! 8362 - CHALET ADOSADO de 2 planta: Planta BAJA: garaje para un coche, amplio salón-comedor con salida al patio trasero, cocina, aseo y recibidor con armario de cortesía. Tiene patio trasero y delantero! Planta ALTA: 3 dormitorios con armarios empotrados (el principal en suite y con balcón) y un baño  ¡ NO te COBRAMOS COMISIÓN, NI por la VENTA de la VIVIENDA NI por la TRAMITACIÓN del PRÉSTAMO! Solo tienes que disponer de los gastos de escritura y el resto te lo financia el banco hasta el 100% del valor de la compra. Cada cliente es ÚNICO, cada Compra es ÚNICA, cada Vivienda es ÚNICA. 100%! FINANCIACIóN! SIN ENTRADA! Sin COMISIONES, NI por la VENTA, NI por la TRAMITACION de la venta NI del préstamo! Solo con TUS INGRESOS y los gastos de escrituras! NADA mas! HMInmobiliaria convirtiendo desde 1.989 los SueÑoS en HoGaReS!",True,good,False,1489.0,True,False,False,False,[],False,False,210000.0,€,True,True,chalet,terracedHouse,Patones,Chalet adosado en avenida de Madrid s/n,Destacado,,,,,,
106944285,https://img4.idealista.com/blur/480_360_mq/0/id.pro.es.image.master/d4/50/c7/1298368527.webp,6257,37,1595000.0,flat,sale,150.0,3,4,calle de la Fuente del Berro,Madrid,Madrid,Barrio de Salamanca,es,Goya,40.4258292,-3.6697475,False,https://www.idealista.com/inmueble/106944285/,"HousinGo presenta este atractivo inmueble de diseño totalmente a estrenar. La vivienda de exterior y con 4 balcones, está situada en la segunda planta de la finca, construida en 1943. El edificio se alza imponente con sus siete plantas y cuenta con servicio de portería para mayor seguridad, además de ascensor para un acceso cómodo y fluido a cada nivel. Su ubicación, en pleno barrio de Goya, entre las calles de Alcalá y Goya, hace que sea un lugar ideal para aquellos que desean vivir en el vibrante corazón de Madrid.  Esta propiedad de 150 m² se distribuye en un magnifico y luminoso salón - comedor con cocina integrada, y acceso a la terraza abierta pero cubierta, cuenta con acabados premium de primeras marcas, y dispone de una zona de lavado independiente y aseo de cortesía en la zona social. La zona de descanso, está formada por 3 dormitorios dobles con armarios empotrados, el principal además, de exterior y todos ellos con baños en suite. Destacamos de la vivienda, los materiales de primera calidad usados en la reforma, sus suelos de madera natural de roble, iluminación LED, resaltando la belleza de cada rincón. Climatizada con aire acondicionado por conductos en todas las estancias, asegurando el máximo confort durante todo el año. Las ventanas de aluminio blanco con rotura de puente térmico y doble vidriado hermético garantizando el aislamiento térmico y acústico, persianas motorizadas. El Barrio de Salamanca es el distrito más selecto de Madrid y uno de los enclaves con mayor calidad de vida en Europa. Concebido a mediados del siglo XIX, sus majestuosas fachadas y amplias avenidas mantienen la elegancia y distinción propias de su época. Este histórico barrio no solo te fascinará por su rica oferta comercial, cultural y de ocio, sino también por su prestigiosa gastronomía. En sus calles se encuentran algunas de las embajadas más relevantes, así como monumentos icónicos como la Plaza de Colón o la Puerta de Alcalá. Además, alberga el renombrado espacio gastronómico Platea y la exclusiva “Milla de Oro” en la calle Serrano, donde se concentran las firmas más prestigiosas a nivel mundial. HousinGo, by David de Gea. Somos una agencia inmobiliaria especializada en la venta y alquiler de activos residenciales en zonas Prime de Madrid. Contamos con tres oficinas de atención al público, una en CALLE AYALA 62, otra en CALLE SERRANO 81, y otra en CALLE VELÁZQUEZ 117, en el Barrio de Salamanca. Por petición de algunos clientes, no publicamos una gran parte de nuestros inmuebles en portales inmobiliarios. Aunque la mayoría de nuestra cartera está en nuestra página web, frecuentemente tenemos nuevas oportunidades de inversión que se comercializan totalmente off-market. Si está interesado en alquilar, vender o comprar, puede contactarnos a través de nuestro teléfono fijo enviarnos un WhatsApp a o visitarnos en una de nuestras oficinas. Disponemos de un servicio de Call Center 24 horas al día, 365 días al año, para poder atenderles de manera ininterrumpida. .",True,good,False,10633.0,True,False,False,False,[],False,False,1595000.0,€,,,flat,,"Goya, Madrid",Piso en calle de la Fuente del Berro,Destacado,2,True,True,,,
108733089,https://img4.idealista.com/blur/480_360_mq/0/id.pro.es.image.master/9d/a1/a1/1353533170.webp,PIS2371C,43,1600000.0,flat,sale,155.0,2,3,calle de la Princesa,Madrid,Madrid,Chamberí,es,Gaztambide,40.4304699,-3.7170359,False,https://www.idealista.com/inmueble/108733089/,"En pleno corazón del barrio de Argüelles, esta espectacular vivienda reformada a estrenar ofrece 155 m² construidos distribuidos con elegancia, funcionalidad y atención al detalle. Ubicada en una finca clásica con portero físico, conserva el encanto de la arquitectura tradicional y lo combina con un diseño contemporáneo y acabados de alta calidad, pensados para proporcionar el máximo confort. La vivienda dispone de dos amplios dormitorios en suite, destacando especialmente el principal por su vestidor independiente, que aporta amplitud y organización. Además, cuenta con un aseo de cortesía que añade comodidad para las visitas. La cocina, independiente y completamente equipada con mobiliario moderno y electrodomésticos de alta gama, se abre a un acogedor comedor que conecta con el luminoso salón. Este último se llena de luz natural gracias a su espectacular mirador y a los balcones orientados a la calle, ideales para disfrutar de las vistas y del ritmo urbano de Argüelles. La climatización por aerotermia, eficiente y sostenible, garantiza una temperatura óptima durante todo el año, reforzando la calidad de vida en el interior del hogar. Ubicada en una de las zonas más deseadas de Madrid, la propiedad se sitúa en Argüelles, un barrio residencial con excelente conexión mediante metro y autobuses, próximo a zonas verdes como el Parque del Oeste y rodeado de una variada oferta de servicios, comercios y restauración. Una vivienda única, que aúna amplitud, diseño y ubicación privilegiada. Lista para entrar a vivir. [IW].",True,good,False,10323.0,True,False,False,False,[],False,False,1600000.0,€,,,flat,,"Gaztambide, Madrid",Piso en calle de la Princesa,Destacado,4,True,True,,,
102266282,https://img4.idealista.com/blur/480_360_mq/0/id.pro.es.image.master/34/91/b8/1338757345.webp,W-02SZPG,57,6363000.0,chalet,sale,2500.0,4,7,Valdeolmos-Alalpardo,Madrid,Valdeolmos-Alalpardo,,es,,40.6390883,-3.456033,False,https://www.idealista.com/inmueble/102266282/,"Propiedad extraordinaria en Valdeolmos: La Guapísima. Engel & Völkers presenta esta preciosa finca en Valdeolmos-Alalpardo a 30 km Madrid. La superficie total del suelo es de 20.000 m2. Tiene un inmueble construido de 1.200 m2 de los cuales, la mitad está destinado a vivienda con 4 dormitorios grandes, 2 dormitorios en Suite (posibilidad de ubicar varios modelos de negocio) y 600 m2 de restaurante.  Además, la finca dispone de cuadras para 8-10 caballos, tablao flamenco, una magnífica piscina de 25x11 metros, antiguas bodegas subterráneas y una extraordinaria plaza de toros. El restaurante se encuentra perfectamente acondicionado con barra, cocina equipada, comedor y 5 aseos. También dispone de un gran horno de leña y chimenea. Ideal para organizar eventos, hotel, etc. Los municipios de Alalpardo y Valdeolmos se sitúan en el espectacular entorno natural protegido de la cuenca del Jarama y muy cercano a la A-1. Emplazamiento ideal para todos aquellos que deseen vivir en un ambiente tranquilo y quieran disfrutar del deporte al aire libre, de los paseos y de las magníficas vistas al valle y a la sierra de Guadarrama. El municipio cuenta con dos colegios, uno público bilingüe y otro concertado “Colegio ARULA” de gran prestigio y con unas magníficas instalaciones deportivas municipales. Muy cerca del centro del pueblo está el Club de Golf Retamares para los amantes de este deporte. La arquitectura de Alalpardo está muy cuidada y no supera los dos pisos en las edificaciones, el resto del pueblo lo constituyen urbanizaciones de chalets adosados de reciente y bonita construcción así como chalets independientes de gran calidad e inmejorables vistas. Es un pueblo joven donde la media de edad de la población no supera los 40 años. Alalpardo se encuentra perfectamente comunicado con Madrid a través de diversas líneas de autobús, rápido acceso a la A-1 y la M-50. Muy cerca de los desarrollos empresariales de Las Tablas, Ciudad de Telefónica y BBVA La Vela, y a 15 minutos del aeropuerto de Barajas.",False,good,False,2545.0,False,False,False,False,[],False,False,6363000.0,€,True,True,chalet,independantHouse,Valdeolmos-Alalpardo,Casa independiente,Destacado,,,,,,
107947662,https://img4.idealista.com/blur/480_360_mq/0/id.pro.es.image.master/40/37/e4/1329171533.webp,6515,18,415000.0,flat,sale,152.0,2,1,paseo de la Dirección,Madrid,Madrid,Tetuán,es,Berruguete,40.4585846,-3.7080285,False,https://www.idealista.com/inmueble/107947662/,"HousinGo presenta este moderno LOFT dúplex para estrenar, ubicado en un recinto contemporáneo, perfectamente adaptado para ofrecer confort, diseño y funcionalidad. Situado en el emergente barrio de Tetuán, una zona en plena revalorización al norte de Madrid, el inmueble se encuentra cerca de zonas verdes como la Dehesa de la Villa y perfectamente comunicado con el resto de la ciudad, gracias al desarrollo del proyecto Madrid Nuevo Norte. El LOFT está distribuido en dos plantas y se entrega completamente nueva, a estrenar. Dispone de dos cuartos, el primero se encuentra ubicado en la primera planta, con armarios empotrados y una amplia ventana y otro en la segunda planta, que sirve tanto de estudio, como de sala de tv. Además del dormitorio, en la primera plana tenemos un baño completo con una cocina equipada, que tiene acceso a un pequeño patio. El LOFT cuenta también con una generosa zona de estar y una amplia terraza que se inunda de luz todo el día. Además, cuenta con aire acondicionado, calefacción eléctrica, armarios empotrados y accesibilidad para personas con movilidad reducida. Gracias a su orientación y distribución funcional, el dúplex ofrece un ambiente luminoso y acogedor durante todo el año. El diseño de interiores y la calidad de los acabados lo convierten en una opción ideal tanto para vivir como para invertir. El barrio de Tetuán es actualmente uno de los más dinámicos y con mayor proyección de la capital. Su cercanía a zonas emblemáticas como Plaza de Castilla, las Cuatro Torres y el Mercado de Maravillas, así como la gran variedad de servicios, comercios, supermercados, colegios y oferta gastronómica multicultural, lo hacen ideal para quienes buscan calidad de vida sin salir del centro urbano. Además, el proyecto de transformación urbana Madrid Nuevo Norte traerá consigo importantes mejoras en infraestructuras, transporte público (nuevas estaciones de metro, cercanías y autobuses), zonas verdes y servicios, lo que contribuirá a la revalorización de toda la zona. HousinGo, by David de Gea. Somos una agencia inmobiliaria especializada en la venta y alquiler de activos residenciales en zonas Prime de Madrid. Contamos con tres oficinas de atención al público, una en CALLE AYALA 62, otra en CALLE SERRANO 81, y otra en CALLE VELÁZQUEZ 117, en el Barrio de Salamanca. Por petición de algunos clientes, no publicamos una gran parte de nuestros inmuebles en portales inmobiliarios. Aunque la mayoría de nuestra cartera está en nuestra página web, frecuentemente tenemos nuevas oportunidades de inversión que se comercializan totalmente off-market. Si está interesado en alquilar, vender o comprar, puede contactarnos a través de nuestro teléfono fijo enviarnos un WhatsApp a o visitarnos en una de nuestras oficinas. Disponemos de un servicio de Call Center 24 horas al día, 365 días al año, para poder atenderles de manera ininterrumpida.",True,good,False,2730.0,True,False,False,False,[],False,False,415000.0,€,,,flat,,"Berruguete, Madrid",Piso en paseo de la Dirección,Destacado,bj,True,False,,,
104010634,https://img4.idealista.com/blur/480_360_mq/0/id.pro.es.image.master/d1/36/cf/1338758676.webp,W-02UB0O,24,330000.0,chalet,sale,150.0,3,2,Fuente el Saz de Jarama,Madrid,Fuente el Saz de Jarama,,es,,40.6365416,-3.5129108,False,https://www.idealista.com/inmueble/104010634/,"Chalet adosado en casco urbano de Fuente el Saz Engel and Völkers les presenta esta funcional casa adosada en el núcleo urbano de Fuente el Saz. Con una magnífica ubicación, cercana al centro del municipio y con todos los servicios básicos a un paso les queremos enseñar esta amplia vivienda. Accedemos a la vivienda a través de un patio exterior que puede ser usado igualmente como parking de vehículos, la puerta de madera de gran calidad da acceso a la vivienda. En la planta principal nos encontramos con un bonito y amplio salón, cocina amueblada y un baño completo. Accedemos a la primera planta a través de una cómoda escalera. En esta planta tenemos tres grandes habitaciones con amplios ventanales y un baño completo. En la zona superior de la casa tenemos un trastero en altura para ampliar las posibilidades de espacio. En la planta baja tenemos un amplio espacio que puede ser usado como estudio, bodega o para ampliar el espacio de la vivienda. Todas las estancias cuentas con aire acondicionado. Fuente el Saz es un municipio que se encuentra en el Noreste de la Comunidad de Madrid, con una población de unos 6.000 habitantes, se encuentra muy cerca de la ciudad de Madrid. El municipio dispone de guarderías públicas y privadas, un colegio público de educación infantil, primaria y secundaria. También dispone de polideportivo y piscina municipal. A pocos kilómetros también tenemos varios colegios concertados y privados. También dispone de centro de salud e hipermercados. Se encuentra situado en un entorno natural, junto a la Vega del Rio Jarama y de la Sierra de Guadarrama. Las principales vías de acceso son la A-1, la M-50, la R-2 y la M-111 que da acceso a Barajas. Cuenta con un Servicio Público de transportes a Madrid- Plaza Castilla (bus 184 y 197). Este magnífico emplazamiento es ideal para aquellos que quieran disfrutar de un ambiente de tranquilidad rodeados de un entorno natural donde disfrutar de diferentes deportes al aire libre como la hípica o el Golf. Cuenta además con un área industrial y amplia oferta gastronómica.",False,good,False,2200.0,False,False,False,False,[],False,False,330000.0,€,True,True,chalet,terracedHouse,Fuente el Saz de Jarama,Chalet adosado,Destacado,,,,,,
108452779,https://img4.idealista.com/blur/480_360_mq/0/id.pro.es.image.master/f9/a7/1d/1345329366.webp,,42,1150000.0,flat,sale,125.0,3,2,calle del Alcalde Sainz de Baranda,Madrid,Madrid,Retiro,es,Ibiza,40.4167694,-3.6734353,False,https://www.idealista.com/inmueble/108452779/,"Exclusiva vivienda de lujo en El Retiro, Madrid. ABSTENERSE INMOBILIARIAS – GESTIÓN DIRECTA CON PROPIEDAD. Ubicado en una imponente finca señorial del codiciado barrio de El Retiro, este piso ha sido meticulosamente renovado para ofrecer una experiencia de vida inigualable. Con una combinación impecable de diseño de vanguardia y acabados de alta gama, representa la esencia del lujo discreto en una de las zonas más emblemáticas de la capital. Detalles que marcan la diferencia Superficie construida: 125 m². -Puerta blindada. Aislamiento premium: Ventanas de aluminio con rotura de puente térmico – máximo confort térmico y acústico todo el año. Almacenaje de lujo: Armarios empotrados a medida, con iluminación interior y acabados textiles de alta calidad. Climatización Daikin: Sistema por conductos con bomba de calor/frío – eficiencia, confort y discreción. Calefacción eficiente: Caldera individual de gas natural, bajo consumo y alto rendimiento. Cocina totalmente equipada con electrodomésticos de alta gama, pensada para quienes disfrutan del diseño y la funcionalidad. Baños de diseño exclusivo: Radiadores toalleros, mamparas de cristal y porcelánico de gran formato.  Tarima AC5 de máxima resistencia y calidez estética.  Confort y seguridad Portero físico diario – Atención personalizada y vigilancia continua en una finca clásica con encanto y presencia. Una ubicación inmejorable Vivir junto al Parque de El Retiro es disfrutar de la mejor versión de Madrid: cultura, naturaleza, gastronomía y exclusividad, todo a pasos de tu hogar. La finca, representativa del Madrid más elegante, aporta el carácter y la solidez que solo los edificios con historia pueden ofrecer.",True,good,False,9200.0,True,False,False,False,[],False,False,1150000.0,€,,,flat,,"Ibiza, Madrid",Piso en calle del Alcalde Sainz de Baranda,Destacado,1,False,True,1190000.0,40000.0,3.0
108529531,https://img4.idealista.com/blur/480_360_mq/0/id.pro.es.image.master/2a/dc/99/1347612185.webp,W-030F3Y,27,495000.0,chalet,sale,175.0,5,2,Collado Mediano,Madrid,Collado Mediano,,es,,40.6915365,-4.0213015,False,https://www.idealista.com/inmueble/108529531/,"Casa de Piedra con encanto en Sierra de Madrid Descubre esta acogedora y sólida casa de piedra de dos plantas. En la planta baja, la vivienda ofrece unazona de día compuesta por un luminoso salón, una cocina independiente y un baño completo. Perfecto para el día a día. La planta superior alberga cinco estancias bien distribuidas y versátiles, dos dormitorios, ideales para el descanso y la privacidad. Dos despachos o salas de trabajo, perfectos para teletrabajo o estudio. Un cómodo vestidor con espacio de almacenamiento generoso. En total 5 estancias multifuncionales para darles el uso que necesitemos. Además, cuenta con un segundo baño completo, que añade confort y practicidad. La casa mantiene todo el encanto de la arquitectura tradicional en piedra, combinando solidez,luz natural y posibilidades de personalización según tus gustos o necesidades. Ideal tanto como residencia habitual como segunda vivienda. Sin olvidarnos del espacio exterior de aparcamiento para dos coches y un garaje para otro coche mas. La propiedad se asienta sobre una espectacular parcela de 1.752 m², rodeada de árboles autóctonos que crean un entorno verde, fresco y lleno de vida, además de una gran cancha de tenis. El jardín ofrece total privacidad, convirtiéndose en un auténtico refugio donde disfrutar de la tranquilidad, montar una zona chill-out, huerto, piscina. Perfecto para quienes valoran el contacto con la naturaleza, el aire libre y la intimidad. Collado Mediano se encuentra dentro del Parque Nacional Sierra de Guadarrama. A 45 Km. de la capital y con dos vías de acceso a la misma, a través de la M-601 que se une con la Ap-6 y otra por la M-607 que comunica con la carretera de Colmenar y nos sitúa en la Plaza de Castilla. Collado Mediano tiene una red amplia de autobuses que la unen con Madrid, siendo su tren de cercanías lo más significativo de su oferta de transporte público. Dicha estación tiene un parking sin coste para dejar los vehículos privados. Localidad próxima a las estaciones de esquí del Puerto de Navacerrada, Cotos y Valdesquí. Rodeada de emblemáticos parajes naturales como el Valle de la Barranca, embalse de Santillana y Navacerrada, con lugares espectaculares para todo tipo de actividades en la naturaleza. Localidades colindantes, como son San Lorenzo del Escorial, Navacerrada, Moralzarzal, Cercedilla, etc... con amplia oferta cultural, gastronómica, deportiva, etc... Diversidad de colegios públicos, privados concertados, bilingües,... y amplia oferta de centros comerciales en la zona. A menos de 10 minutos se encuentra el Hospital General de Collado Villalba.",False,good,False,2829.0,False,False,False,False,[],False,False,495000.0,€,True,True,chalet,independantHouse,Collado Mediano,Casa independiente,Destacado,,,,,,
107444717,https://img4.idealista.com/blur/480_360_mq/0/id.pro.es.image.master/db/50/47/1312817406.webp,4151,35,1095000.0,flat,sale,103.0,3,3,calle de Alfonso X,Madrid,Madrid,Chamberí,es,Almagro,40.433502,-3.6903387,False,https://www.idealista.com/inmueble/107444717/,"Domus Aurea Capital presenta este piso exterior, amueblado y a estrenar en el corazón de Almagro. Vivienda de 103m2 situada en la planta baja de un edificio de 1939 recién reformada, se entrega a estrenar y totalmente amueblada. Se distribuye en un hall recibidor con armario gabanero de gran dimensión y acondicionado también para ocultar la caldera de gas individual y la lavadora-secadora, un luminoso salón-comedor con cocina de estilo abierta y totalmente amueblada y equipada, y la zona de noche con un gran dormitorio principal con baño en suite completo y dos dormitorios dobles, además de un baño completo y un aseo de cortesía. Domus Aurea Capital es una agencia inmobiliaria especializada en la intermediación, construcción y gestión de activos inmobiliarios en las zonas prime de Madrid y alrededores. La mayoría de las propiedades que tenemos disponibles no están publicadas en los portales inmobiliarios, para conocerlas todas consulta nuestra web.",True,good,False,10631.0,True,False,False,False,[],False,False,1095000.0,€,,,flat,,"Almagro, Madrid",Piso en calle de Alfonso x,Destacado,en,True,True,,,
107918106,https://img4.idealista.com/blur/480_360_mq/0/id.pro.es.image.master/21/e6/c1/1328406157.webp,OFIVENT 519,45,465000.0,chalet,sale,192.0,5,4,calle de San Miguel,Madrid,Aranjuez,Nuevo Aranjuez-Ciudad de las Artes,es,,40.0243629,-3.592614,False,https://www.idealista.com/inmueble/107918106/,"**Chalet Independiente en Venta en Aranjuez** Descubre este espectacular chalet independiente de 192 m² construidos, ubicado en la mejor zona de Aranjuez. Con un amplio terreno de 306 m², este hogar ofrece un espacio ideal para disfrutar en familia. La propiedad se distribuye en tres alturas, brindando comodidad y privacidad. En la planta baja, encontrarás un apartamento independiente con un dormitorio, salón-cocina americana y un baño completo con ducha, perfecto para invitados o como oficina. En la primera planta, la cocina independiente se conecta con un luminoso salón-comedor que tiene acceso directo al patio, donde podrás relajarte junto a la piscina particular y disfrutar de inolvidables momentos en la zona de barbacoa. La última planta alberga los dormitorios, todos con armarios empotrados y dos baños completos, uno de ellos con acceso a una terraza que ofrece vistas maravillosas. Este chalet se encuentra en excelente estado de conservación y cuenta con calefacción de bomba de frío/calor y gas natural. Además, incluye una plaza de garaje para un coche y una moto, así como un trastero. La ubicación es inmejorable, cerca de todos los servicios y comodidades que Aranjuez tiene para ofrecer. ¡No dejes pasar esta oportunidad única de vivir en un hogar que lo tiene todo!",True,good,False,2422.0,True,False,False,False,[],False,False,465000.0,€,True,True,chalet,independantHouse,"Nuevo Aranjuez-Ciudad de las Artes, Aranjuez",Casa independiente en calle de San Miguel,Destacado,,,,,,
108555140,https://img4.idealista.com/blur/480_360_mq/0/id.pro.es.image.master/b0/50/28/1348332773.webp,DEHESA298,30,298000.0,flat,sale,120.0,3,2,"avenida de la Dehesa, 3",Madrid,Navalcarnero,La Dehesa - El Pinar,es,,40.3025369,-4.0052695,True,https://www.idealista.com/inmueble/108555140/,"HOGARES NAVALCARNERO VENDE increíble piso en planta con terraza reformado, en urbanización privada con piscina comunitaria, áreas infantiles, zonas ajardinadas y gimnasio. También dispone de una plaza de garaje y trastero, en uno de los barrios con más prestigio del municipio; la Dehesa. De las mejores zonas de Navalcarnero, próximo a todo tipo de servicios como colegios, comercios, paradas de autobús, instalaciones deportivas, etc. La vivienda se distribuye en una cómoda planta y está compuesta por tres dormitorios y dos baños completos. En el inmueble nos encontramos un amplio hall de entrada con armario empotrado de gran capacidad, cocina de buen tamaño con zona de office y tendedero cerrado, lo que nos permite hacer vida en dicha estancia.  Salón – comedor de muy buen tamaño con amplios ventanales, lo que le da mucha luminosidad a la estancia, y con acceso directo a una gran terraza completamente funcional.  Dos dormitorios secundarios grandes con armarios empotrados. Un baño completo con plato de ducha que da servicio a ambos.  Una habitación principal con baño completo en suite con bañera. La vivienda cuenta además de una plaza de garaje y trastero. NO PIERDAS ESTA INCREÍBLE OPORTUNIDAD Y VEN A VER ESTE PRECIOSO PISO EN PLANTA. F I N A N C I A C I Ó N 1 0 0 %.",False,good,False,2483.0,False,False,False,False,[],False,False,298000.0,€,True,True,flat,,"La Dehesa - El Pinar, Navalcarnero","Piso en avenida de la Dehesa, 3",Destacado,2,False,True,,,
108749529,https://img4.idealista.com/blur/480_360_mq/0/id.pro.es.image.master/1a/3e/f3/1354001664.webp,850680,48,249000.0,duplex,sale,132.0,3,2,calle de Esteban Carros,Madrid,Madrid,Puente de Vallecas,es,Entrevías,40.3722241,-3.6578338,False,https://www.idealista.com/inmueble/108749529/,"Housfy vende dúplex en Puente de Vallecas, Madrid, un espacio con mucho potencial para disfrutar y personalizar a tu gusto. Detalles del inmueble:  Primera planta exterior tipo dúplex con ascensor en finca de 1986. Construido en 1986 en el barrio de Entrevías, cuenta con 132 m² muy bien distribuidos. (Metros cuadrados verificados con la Dirección General de Catastro) Admirable dúplex de 132 m² con grandes posibilidades de reforma. Reforma iniciada, con mejoras ya implementadas como el cambio de ventanas y la integración de la terraza al salón, lo que permite disfrutar de un salón más amplio y luminoso, ideal para compartir momentos en familia o con amigos. Espacioso y cómodo salón con acceso a balcón. Cocina funcional con múltiples opciones de mejora. Equipado con aire acondicionado y calefacción, lo que garantiza confort durante todo el año. Paredes Lisas.  Dispone de 3 habitaciones y 2 baños completos. Está ubicado en una zona tranquila y residencial de Entrevías, con edificios de menor altura y calles accesibles. Excelente comunicación por transporte público y privado: a tan solo 5 km de la Estación de Atocha (10 min en coche) y 6,9 km de la Plaza de Legazpi (7 min en coche). Este dúplex es una gran oportunidad para quienes buscan una vivienda con carácter y posibilidades, perfecta para reformar a medida y convertirla en el hogar ideal. No lo dudes más y contacta con nosotros para agendar una visita. ¡Te ayudaremos a conseguir la vivienda de tus sueños! Sobre nosotros: Housfy es la plataforma integral de servicios inmobiliarios. Nuestra combinación de expertos y tecnología pone al alcance de todos servicios cómodos, claros y seguros. AICAT número: 7922 Nos encargamos de la gestión completa de la compraventa y, si lo necesitas, contamos con bróker hipotecario propio para ayudarte a conseguir las mejores condiciones de financiación según tu perfil. ¿Tienes alguna duda? Pregúntanos sin compromiso o visítanos en housfy. com.",False,good,False,1886.0,True,True,False,False,[],False,False,249000.0,€,,,flat,duplex,"Entrevías, Madrid",Dúplex en calle de Esteban Carros,Destacado,1,True,True,,,
108806955,https://img4.idealista.com/blur/480_360_mq/0/id.pro.es.image.master/80/b0/2b/1357747319.webp,RIOJA - LA FORTUNA ,21,249000.0,flat,sale,67.0,3,1,avenida de la Libertad,Madrid,Leganés,La Fortuna,es,La Fortuna,40.3586859,-3.7778619,False,https://www.idealista.com/inmueble/108806955/,"HOGARES LEGANÉS LA FORTUNA pone a la venta en exclusiva este espectacular piso, de maravillosas calidades y a escasos minutos del metro LA FORTUNA, TOTALMENTE REFORMADO y con acceso inmediato a todos los servicios y las principales carreteras de la comunidad. Esta vivienda, de 67 m² construidos, cuenta con 3 dormitorios con un baño completo, cocina americana para proporcionar una amplitud inmensa en el salón y para finalizar con una terraza amplia. Habitaciones amplias, baño y cocina con alicatados de diseño, toallero térmico, plato de ducha y altas calidades en todos los materiales de la vivienda. Dispone de aire acondicionado POR CONDUCTOS para aclimatar todas las estancias. El motor se encuentra en el baño y toda la temperatura de la vivienda se gestiona desde la comodidad del termómetro. Benefíciese de nuestro método de trabajo. Gestionamos la venta de su vivienda, encadenamos todos los plazos, contratos, documentación para escritura pública. Consúltenos sin compromiso. POSIBILIDAD DE HIPOTECAS 100% ESTUDIO DE FINANCIACIÓN GRATUITO CONSÚLTENOS Y CONCIERTE SU VISITA.",False,good,False,3716.0,True,True,False,False,[],False,False,249000.0,€,,,flat,,"La Fortuna, Leganés",Piso en avenida de la Libertad,Destacado,2,True,False,,,
108668307,https://img4.idealista.com/blur/480_360_mq/0/id.pro.es.image.master/8c/72/44/1351633095.webp,860337,41,179990.0,flat,sale,62.0,3,1,calle la del Soto del Parral,Madrid,Madrid,Villaverde,es,Los Ángeles,40.3590506,-3.6957269,False,https://www.idealista.com/inmueble/108668307/,"Housfy vende piso en Ciudad de los Ángeles, Villaverde, Madrid, un espacio para disfrutar en tu día a día. Detalles del inmueble: - 4º planta exterior en finca de 1960. - Fenomenal piso de 62 m2 en Los Ángeles. (Los metros cuadrados están verificados con la Dirección General de Catastro) - Agradable salón-comedor que te proporcionará el relax diario, un lugar perfecto para descansar en los ratos libres. - Con una ventajosa cocina con todo lo necesario. - Contamos con todas las comodidades posibles de 3 habitaciones y 1 baño completo. - Una puerta acorazada para garantizar su seguridad en todo momento. - Suelos de parquet. - Aire acondicionado y calefacción para todas las estaciones del año. Con todos los servicios que puedas necesitar para facilitar tus días en todo momento. No lo dudes más y contacta con nosotros para agendar una visita, conseguiremos la vivienda de tus sueños. Sobre nosotros Housfy es la plataforma integral de servicios inmobiliarios. Nuestra combinación de expertos y tecnología pone al alcance de todo el mundo servicios cómodos, claros y seguros. AICAT número: 7922 Nos encargamos de la gestión y asesoramiento de la compra. ¡Olvídate de todo! Hacemos los trámites por ti. Y, si además necesitas financiación, ponemos a tu disposición un bróker hipotecario para ayudarte a conseguir las mejores condiciones para tu perfil económico. ¿Tienes alguna duda? Pregúntanos sin compromiso o visítanos en housfy. com.",False,good,False,2903.0,True,True,False,False,[],False,False,179990.0,€,,,flat,,"Los Ángeles, Madrid",Piso en calle la del Soto del Parral,Destacado,4,True,False,,,
84076445,https://img4.idealista.com/blur/480_360_mq/0/id.pro.es.image.master/47/fa/30/1356836701.webp,2402298,17,274800.0,flat,sale,80.0,3,1,calle Fernando Magallanes,Madrid,Torrejón de Ardoz,Noreste,es,,40.4632075,-3.4488485,False,https://www.idealista.com/inmueble/84076445/,"No cobramos ningún coste al comprador, ayudando a gestionar su hipoteca sin coste adicional.  -Somos Líderes en Ventas en Torrejón de Ardoz, Asesoramiento Altamente Cualificado- Piso en Zona La zarzuela, piso seminuevo de 80 m2, 3 habitaciones, baño, salón independiente, cocina equipada, Ascensor, la vivienda está para entrar a vivir, suelo de parquet, puertas de sapeli, ventanas de aluminio, aire acondicionado, Garaje incluido en el precio. Está situado en una de las mejores zonas del municipio, a pocos metros de la nueva estación de soto del henares donde se puede ir andando, nuevo centro comercial en la zona, No dude en visitarlo. *FOTOGRAFÍAS EN PROYECTO 274.800 € Es importante informaros que gracias a las recomendaciones de clientes únicos, junto con importantes inversiones en publicidad y tecnología,  actualmente tenemos una elevada lista de espera de clientes interesados en comprar para la mayoría de las viviendas.  Para atenderos lo antes posible, podéis escribirnos al whatsApp:  Innovación Inmobiliaria. Www. CASSAS. es. -VENDE RÁPIDO AL MEJOR PRECIO- Evitando comisiones abusivas y costes adicionales al comprador.",True,good,False,3435.0,True,False,False,False,[],False,False,274800.0,€,True,True,flat,,"Noreste, Torrejón de Ardoz",Piso en calle Fernando Magallanes,Destacado,2,True,True,,,
106320261,https://img4.idealista.com/blur/480_360_mq/0/id.pro.es.image.master/d0/c6/40/1279305413.webp,,26,599900.0,chalet,sale,368.0,5,2,"calle de las Rosas, 2",Madrid,El Escorial,Pinosol - El Alcor - Peralejo,es,,40.546234,-4.1084233,True,https://www.idealista.com/inmueble/106320261/,"Imagina despertar cada día en un magnífico chalet que irradia encanto y confort. Este hogar, construido con una calidad excepcional, se asienta en un entorno natural deslumbrante, rodeado de un frondoso jardín que parece sacado de un cuento. Cada rincón de este espacio está diseñado para invitarte a disfrutar de la vida al aire libre, donde la vegetación exuberante y las flores brillantes crean un ambiente sereno y acogedor. Al entrar, serás recibido por un interior amplio y luminoso que combina elegancia y calidez. Los grandes ventanales permiten que la luz natural inunde cada habitación, creando un espacio fresco y ventilado durante los meses de verano. Con cinco habitaciones generosas, este chalet ofrece el espacio perfecto para que cada miembro de la familia tenga su propio refugio. El garaje acondicionado proporciona una solución práctica y cómoda para tus vehículos y más. Imagina las tardes de verano junto a la piscina, un oasis refrescante donde puedes relajarte y disfrutar del sol. La gran terraza acondicionada en la parte superior ofrece un rincón ideal para contemplar los atardeceres, mientras que la terraza a nivel de piscina es perfecta para reuniones y momentos de diversión con amigos y familiares. Cada espacio ha sido diseñado para maximizar tu disfrute y bienestar. Este chalet también cuenta con un tanque de propano, asegurando comodidad durante todo el año, y un amplio cobertizo para coches que añade un toque de funcionalidad. Ubicado a tan solo cinco minutos en coche del majestuoso Escorial, te permitirá disfrutar de la cultura y la historia de la zona mientras regresas a la tranquilidad de tu hogar. La urbanización en la que se encuentra este maravilloso chalet ofrece seguridad y paz mental, con un guardia que cuida de tu bienestar. Además, la conveniencia de tener acceso a transporte público y una gasolinera a la salida de la urbanización hace que la vida diaria sea aún más sencilla. No dejes pasar la oportunidad de hacer de este chalet tu hogar. Un lugar donde la calidad, la comodidad y la belleza se encuentran, creando el refugio perfecto para ti y tu familia. ¡Tu nueva vida te está esperando! *Este anuncio no es vinculante, puede contener errores. Se muestra a título informativo y no contractual. *.",True,good,False,1630.0,False,False,False,False,[],False,False,599900.0,€,True,True,chalet,independantHouse,"Pinosol - El Alcor - Peralejo, El Escorial","Casa independiente en calle de las Rosas, 2",Destacado,,,,,,
108789795,https://img4.idealista.com/blur/480_360_mq/0/id.pro.es.image.master/71/57/2a/1355184786.webp,LCM37822,23,240000.0,flat,sale,68.0,2,1,calle de Gumersindo Azcárate,Madrid,Madrid,Usera,es,Moscardó,40.386546,-3.7102146,False,https://www.idealista.com/inmueble/108789795/,"Piso de 68 m2 a reformar en planta baja exterior con terraza situado en la zona de Usera. Se distribuye en hall de entrada, 2 dormitorios, salón, cocina independiente con acceso a lavadero y patio de uso y disfrute de la vivienda. La vivienda se encuentra para reformar con diferentes opciones de reubicación de estancias, según tus gustos y necesidades. El suministro de agua caliente y calefacción es individual a través de caldera de Gas Natural. La finca dispone de ITE favorable del año 2023 Estupenda ubicación, próximo a la calle Marcelo Usera y Rafaela Ybarra, en una zona rodeada de todos lo servicios y comercios, zonas ajardinadas y parques infantiles, al alcance de tu mano. Muy bien comunicado con las estación de Metro Usera, estación de Metro e Intercambiador de Elíptica y múltiples líneas de autobús. Fácil acceso a A42, A4, M30 y M40, por lo que el acceso al centro y extrarradio de la ciudad se convierte en cómodo y accesible. Por tanto, si buscas una vivienda para reformar a tu gusto, en un lugar bien comunicado, con todo lo que necesitas en tu vida cotidiana, ésta es una opción segura. Así pues y ahora más que nunca, ¡llámanos! Estamos trabajando para que sigas contando con nosotros en asesorarte, informarte y acompañarte en todo lo que necesites.",True,renew,False,3529.0,True,False,True,False,[],False,False,240000.0,€,,,flat,,"Moscardó, Madrid",Piso en calle de Gumersindo Azcárate,Destacado,bj,True,False,,,
108527178,https://img4.idealista.com/blur/480_360_mq/0/id.pro.es.image.master/6f/c7/d4/1347540918.webp,,20,1575000.0,flat,sale,177.0,3,4,calle de Uruguay,Madrid,Madrid,Chamartín,es,Bernabéu-Hispanoamérica,40.4559349,-3.6724585,False,https://www.idealista.com/inmueble/108527178/,"ESPECTACULAR PISO REFORMADO A ESTRENAR CON TERRAZA, VISTAS DESPEJADAS Y ORIENTACIÓN SUR EN CALLE URUGUAY, MADRID Vivienda exterior totalmente reformada con calidades premium, situada en una séptima planta en la Calle de Uruguay. Con una superficie de 177 m², destaca por su luminosidad, sus vistas despejadas y una excelente orientación sur que aporta luz natural a todas las estancias durante todo el día. El piso se distribuye en un amplio salón-comedor con grandes ventanales y salida a una agradable terraza de casi 7 m², perfecta para disfrutar de momentos de relax o comidas al aire libre. La cocina, independiente y equipada con electrodomésticos de primeras marcas, presenta un diseño funcional y elegante. La zona de descanso cuenta con tres amplios dormitorios, todos con baño en suite y armarios empotrados de gran capacidad. Además, dispone de un aseo de cortesía que aporta comodidad extra para las visitas. La vivienda ha sido reformada con materiales de alta calidad, cuidando cada detalle para ofrecer el máximo confort: suelos de alta gama, climatización por aire acondicionado y calefacción central, además de un trastero incluido en la finca. El edificio cuenta con ascensor, servicio de portería y se encuentra en perfecto estado de conservación. La ubicación es inmejorable, en el consolidado barrio de Hispanoamérica-Chamartín, rodeado de todos los servicios: colegios, centros médicos, supermercados, zonas verdes y una excelente oferta de ocio y restauración. Muy bien comunicado por transporte público, con la estación de metro Pío XII a pocos minutos andando y diversas líneas de autobús en la puerta. Un piso exclusivo, ideal para quienes buscan una vivienda de diseño, lista para entrar a vivir, en una de las zonas residenciales más demandadas de Madrid.",True,good,False,8898.0,True,False,False,False,[],False,False,1575000.0,€,,,flat,,"Bernabéu-Hispanoamérica, Madrid",Piso en calle de Uruguay,Destacado,7,True,True,1595000.0,20000.0,1.0
108656219,https://img4.idealista.com/blur/480_360_mq/0/id.pro.es.image.master/55/5e/1a/1351266334.webp,Breton Herreros,56,1050000.0,flat,sale,129.0,3,2,calle de Bretón de los Herreros,Madrid,Madrid,Chamberí,es,Nuevos Ministerios-Ríos Rosas,40.4384727,-3.6944152,False,https://www.idealista.com/inmueble/108656219/,"VENTA EN EXCLUSIVA CON HOUSELAND SERVICIOS INMOBILIARIOS ¡Descubre esta fantástica oportunidad de vivir en una de las mejores zonas de Chamberí! Situada en la calle Breton de los Herreros, esta vivienda de tres dormitorios en una quinta planta interior te ofrece un espacio lleno de potencial y posibilidades para convertirlo en tu hogar ideal. La vivienda cuenta con doble orientación, lo que garantiza una excelente entrada de luz natural en todas las estancias, creando un ambiente luminoso, cálido y acogedor en cada momento del día. Desde el hall recibidor de buen tamaño, accedes a un amplio y luminoso salón dando vistas a un gran patio de manzanas como si fuera exterior, equipado con grandes ventanales que permiten una fantástica entrada de luz y ofrecen vistas abiertas. Es un espacio perfecto para relajarse, compartir con familiares o recibir amigos. La cocina, también grande y luminosa, dispone de mucho espacio para una mesa, ideal para desayunos o comidas informales. Aunque necesita reforma, su tamaño y distribución ofrecen muchas posibilidades para adaptarla a tu estilo y necesidades, creando un espacio funcional y moderno. Los tres dormitorios son amplios y confortables, dos de ellos con armarios empotrados que facilitan la organización y el almacenamiento. La vivienda cuenta con dos cuartos de baño completos, equipados con plato de ducha y ventanas, lo que aporta ventilación y luminosidad a estos espacios. Aunque la vivienda se encuentra para reformar, tiene un gran potencial para convertirse en un hogar a tu medida, gracias a sus buenas dimensiones y distribución. Además, cuenta con calefacción central de gas natural con contadores individualizados, lo que te permite controlar el consumo y mantenerte cómodo en invierno. También dispone de split de aire acondicionado en el salón y en todos los dormitorios, garantizando confort en cualquier estación del año. La finca es señorial, con un portero físico que aporta seguridad y tranquilidad. Cuenta también con trastero lo que añade un espacio extra y funcional para facilitar el almacenamiento. La ubicación es simplemente inmejorable: en una de las mejores zonas de Chamberí, con todos los servicios cerca, como supermercados, tiendas, colegios y zonas de ocio. Además, cuenta con una excelente comunicación tanto por transporte público como por carretera, facilitando tus desplazamientos por la ciudad y sus alrededores. En resumen, esta vivienda combina una ubicación privilegiada, amplios espacios, buenas calidades y un gran potencial para reformar y personalizar a tu gusto. ¡Una oportunidad única para vivir en una de las zonas más demandadas de Madrid! ¡No dudes en coordinar una cita para verla! 'Financiación 100%'.",False,renew,False,8140.0,True,False,False,False,[],False,False,1050000.0,€,,,flat,,"Nuevos Ministerios-Ríos Rosas, Madrid",Piso en calle de Bretón de los Herreros,Destacado,5,False,True,,,
108797575,https://img4.idealista.com/blur/480_360_mq/0/id.pro.es.image.master/91/c5/3e/1358192247.webp,2402296,33,143600.0,flat,sale,70.0,3,1,calle Ramón y Cajal,Madrid,Torrejón de Ardoz,Noroeste,es,,40.4599122,-3.4788567,False,https://www.idealista.com/inmueble/108797575/,"No cobramos ningún coste al comprador, ayudando a gestionar su hipoteca sin coste adicional.  -Somos Líderes en Ventas en Torrejón de Ardoz, Asesoramiento Altamente Cualificado- ZONA CENTRO. Piso cerca de la Plaza Mayor, 5º planta sin ascensor de 70 m2 de superficie aproximada, 3 habitaciones, baño, cocina independiente y salón con terraza. Suelo de gres, puertas de roble, ventanas de aluminio y aire acondicionado con bomba de calor.  La zona se encuentra Rodeada de numerosos servicios: autobuses, centros comerciales, centros médicos, colegios, hospitales, parques, supermercados, tren, zonas infantiles, etc. ¡No dude en visitarlo! . 143.600 € Es importante informaros que gracias a las recomendaciones de clientes únicos, junto con importantes inversiones en publicidad y tecnología, actualmente tenemos una elevada lista de espera de clientes interesados en comprar para la mayoría de las viviendas.  Para atenderos lo antes posible, podéis escribirnos al whatsApp:  Innovación Inmobiliaria. Www. CASSAS. es. -VENDE RÁPIDO AL MEJOR PRECIO- Evitando comisiones abusivas y costes adicionales al comprador.",True,good,False,2051.0,True,False,True,False,[],False,False,143600.0,€,,,flat,,"Noroeste, Torrejón de Ardoz",Piso en calle Ramón y Cajal,Destacado,5,True,False,,,
108252219,https://img4.idealista.com/blur/480_360_mq/0/id.pro.es.image.master/d1/5d/4d/1343103589.webp,RC0146-5095,45,1100000.0,flat,sale,154.0,5,3,calle de Gaztambide,Madrid,Madrid,Chamberí,es,Gaztambide,40.433276,-3.7165294,False,https://www.idealista.com/inmueble/108252219/,"Te gustará saber: · Piso en venta en Chamberí, Madrid, con 5 habitaciones y terraza. · Situado en la 5ª planta de un edificio con ascensor, montacargas y conserje. · Salón comedor amplio con salida a la terraza. · Cocina independiente. · Tiene 5 dormitorios: cuatro dobles (tres de ellos muy amplios) y uno individual de servicio. · Hay 3 baños: dos completos y un aseo. · Calefacción central con contadores individualizados. · Es posible segregarlo en dos viviendas independientes. La comunidad lo permite y ya se ha hecho en pisos similares. · Si no quieres cambiar nada, con una pequeña actualización estará listo para alquilar o vivir. · Gastos de comunidad 252 €/mes. · Medición según el registro de la propiedad: 142 m² sin especificaciones. · Medición según catastro: 154 m² construidos con espacios comunes (135 m² de vivienda, 3 m² de terraza, 16 m² de espacios comunes). · Medición comprobada: 126 m² útiles, 146 m² construidos, sin incluir la terraza de (4,8 m² útiles y 6,4 m² construidos) y sin incluir las zonas comunes. · Nuestro servicio de agencia no tiene ningún coste para los compradores. · El precio de venta no incluye impuestos, ni gastos de notaría y registro. · Hay algunos renders intercalados entre las fotos reales. Es especial por: · Es un piso muy amplio y recibe una luz estupenda por su orientación sur. · Tiene una muy buena distribución con planta cuadrada. · Ubicación excepcional para estudiantes. A 10 minutos andando de las universidades Complutense, de Comillas, de Salamanca, Nebrija, Rey Juan Carlos y el IE Madrid. · Todos los servicios debajo de casa: supermercados, bancos, farmacias, El Corte Inglés, comercios, mercado, librerías, reprografías, etc. · Gran oferta de ocio: bares, restaurantes, cafés, y a 10 minutos andando cines, teatros y el precioso Parque del Oeste. · Sus comunicaciones: Salida inmediata a la A6, a 5 minutos andando del Intercambiador de Moncloa, Metro Argüelles (líneas 3 y 4), líneas de autobús 001, C1, C2, 1, 16, 32, 44, 32, 133, 138, 161, 162; líneas nocturnas N21, NC2. A 10 minutos de la Universidad Complutense en varias opciones de transporte público.",True,renew,False,7143.0,True,False,False,False,[],False,False,1100000.0,€,,,flat,,"Gaztambide, Madrid",Piso en calle de Gaztambide,Destacado,5,True,True,,,
108664734,https://img4.idealista.com/blur/480_360_mq/0/id.pro.es.image.master/1c/de/d9/1355425473.webp,3610-00855,58,1450000.0,flat,sale,235.0,7,3,calle de Cea Bermúdez,Madrid,Madrid,Chamberí,es,Arapiles,40.4398409,-3.7057422,False,https://www.idealista.com/inmueble/108664734/,"¡UN HOGAR DONDE LA LUZ Y EL ESPACIO COBRAN VIDA! Le presentamos esta vivienda única, un hogar donde cada rincón invita a imaginar nuevas historias.  Situada en una finca cuidada, esta propiedad de 235 m² ofrece amplitud, luz y unas vistas abiertas que regalan calma y bienestar cada día. Nada más acceder, un generoso pasillo de 1,40 m² de anchura le envuelve en una atmósfera de amplitud y armonía. Los techos de 2,96 m² refuerzan la sensación de espacio abierto y respirable, con una distribución pensada para vivir con comodidad y libertad. La vivienda se compone de siete habitaciones, pensadas para adaptarse a todos los estilos de vida. Un salón de 22 m² lleno de luz natural y un comedor de 20 m² crean el escenario perfecto para compartir momentos inolvidables con familia y amigos. La cocina, de 16 m², es amplia y funcional, con una entrada independiente, ideal para el día a día.  La suite principal de 16 m² con baño en suite aporta privacidad y confort, mientras que el resto de estancias —habitaciones, despacho, trastero, distribuidor— se adaptan a las necesidades más variadas. Pero la joya de esta vivienda es, sin duda, su gran terraza: un espacio mágico que combina zona cubierta tipo galería y área al aire libre, donde disfrutar del sol, de las vistas despejadas y del aire puro. Además, dispone de plaza de garaje y de parking, lo que facilita la vida cotidiana sin renunciar a la comodidad. Totalmente exterior, esta casa ofrece luz natural durante todo el día y unas vistas que se convertirán en el mejor escenario de su nuevo hogar. Además dispone de plaza de garaje en concesión con el ayuntamiento por 15 años más, justo enfrente de la vivienda. En definitiva, un lugar lleno de posibilidades, preparado para convertirse en el refugio que siempre ha soñado. Le invitamos a descubrir esta vivienda especial, donde cada espacio tiene algo que contar.  ! Llámenos para concertar una visita y sentirlo por usted mismo!",False,renew,False,6170.0,True,False,True,False,[],False,False,1450000.0,€,True,True,flat,,"Arapiles, Madrid",Piso en calle de Cea Bermúdez,Destacado,5,True,True,,,
108817006,https://img4.idealista.com/blur/480_360_mq/0/id.pro.es.image.master/f7/49/33/1355989772.webp,LCM37354,71,800000.0,flat,sale,133.0,4,1,calle de Aniceto Marinas,Madrid,Madrid,Moncloa,es,Casa de Campo,40.4322085,-3.7330606,False,https://www.idealista.com/inmueble/108817006/,"ÁTICO CON TERRAZA Y VISTAS DESPEJADAS JUNTO A MADRID RÍO Te presento esta luminosa y amplia vivienda exterior ubicada en una séptima planta con terraza, situada en la tranquila calle Aniceto Marinas, dentro de una urbanización cerrada con portero físico, zonas ajardinadas y doble ascensor, que garantizan comodidad, privacidad y seguridad. Con 133 m² construidos, la distribución es práctica y acogedora. Al entrar, un amplio hall da paso a las distintas estancias de la casa. Cuenta con cuatro dormitorios, siendo el principal especialmente atractivo por su acceso directo a la terraza y su armario empotrado. El salón comedor, muy espacioso y lleno de luz natural, también conecta con la terraza, lo que lo convierte en un espacio perfecto para el descanso o el entretenimiento familiar. La cocina, equipada y con zona de tendedero, es funcional y bien aprovechada. El baño completo ofrece opciones de redistribución o ampliación según necesidades. La vivienda destaca por su luminosidad gracias a sus grandes ventanales y su orientación noroeste, que proporciona luz durante gran parte del día. Además, cuenta con calefacción central, ideal para mantener una temperatura agradable en invierno con eficiencia energética. Situada en una de las zonas más valoradas de Madrid, muy cerca de la Casa de Campo y Madrid Río, esta vivienda ofrece un entorno tranquilo y verde, ideal para quienes disfrutan del aire libre sin renunciar a una excelente conexión con el centro. La zona cuenta con todos los servicios: colegios, centros de salud, supermercados y transporte público, además de un acceso rápido a la M-30. Una oportunidad única para vivir con amplitud, luz y tranquilidad en el corazón de Madrid. NOTA: este anuncio no es vinculante; puede contener errores y se muestra a título informativo, no contractual.",True,renew,False,6015.0,True,False,False,False,[],False,False,800000.0,€,,,flat,,"Casa de Campo, Madrid",Piso en calle de Aniceto Marinas,Destacado,7,True,True,,,
108779489,https://img4.idealista.com/blur/480_360_mq/0/id.pro.es.image.master/0b/4a/4f/1354889124.webp,898567,46,385000.0,flat,sale,106.0,3,2,carretera Villaverde a Vallecas,Madrid,Madrid,Villaverde,es,Los Rosales,40.3590898,-3.6850238,False,https://www.idealista.com/inmueble/108779489/,"Housfy vende piso en Villaverde Bajo, Madrid, una vivienda luminosa y ubicada en un entorno idóneo para disfrutarlo. ***Contrato de alquiler en vigor hasta Junio 2026***  Características: - 7ma planta exterior con ascensor en finca de 2003. - Encantador piso de 106 m2 en Villaverde Bajo, Los Rosales. (Los metros cuadrados están verificados con la Dirección General de Catastro) - Agradable salón con amplio espacio de luz natural, creando un precioso y único espacio. - Con una adecuada cocina equipada con lo necesario para el día a día, con acceso a zona de tendedero/despensa. - 3 habitaciones de buen tamaño, y 2 baños completos. - Habitación principal con baño en suite.  - El confort está garantizado ya que dispone de aire acondicionado y calefacción. - Puerta blindada. - Disfruta de la opción de armarios empotrados. - Además de un apropiado jardín comunitario. - Piscina comunitaria en la que podrás disfrutar del buen tiempo y de la tranquilidad de la zona con toda tu familia y amigos. - Esta vivienda cuenta con una zona deportiva. -Pista de pádel. - El piso cuenta también con un funcional trastero. - Con 2 plazas de garaje incluidas en el precio.  -Finca adaptada a personas con movilidad reducida.  No lo dudes más y contacta con nosotros para agendar una visita. ¡Te ayudaremos a conseguir la vivienda de tus sueños! Sobre nosotros: Housfy es la plataforma integral de servicios inmobiliarios. Nuestra combinación de expertos y tecnología pone al alcance de todos servicios cómodos, claros y seguros. AICAT número: 7922 Nos encargamos de la gestión completa de la compraventa y, si lo necesitas, contamos con bróker hipotecario propio para ayudarte a conseguir las mejores condiciones de financiación según tu perfil. ¿Tienes alguna duda? Pregúntanos sin compromiso o visítanos en housfy. com.",False,good,False,3632.0,True,True,False,False,[],False,False,385000.0,€,True,True,flat,,"Los Rosales, Madrid",Piso en carretera Villaverde a Vallecas,Destacado,7,True,True,,,
108127831,https://img4.idealista.com/blur/480_360_mq/0/id.pro.es.image.master/36/f4/1c/1334683178.webp,W-02ZQOE,32,450000.0,flat,sale,95.0,2,2,Barrio Rejas,Madrid,Madrid,San Blas,es,Rejas,40.4445485,-3.5772481,False,https://www.idealista.com/inmueble/108127831/,"Piso muy practico ideal para parejas o familias El piso destaca por su distribución funcional, con espacios amplios y una excelente iluminación natural. Dispone de dos dormitorios con armarios empotrados, que optimizan el almacenamiento sin comprometer la amplitud. El salón-comedor es un espacio acogedor y versátil, ideal tanto para el descanso como para disfrutar de reuniones familiares o con amigos. La cocina independiente, completamente equipada con muebles de alta gama y encimeras de calidad, proporciona un espacio cómodo y eficiente para el día a día. Cuenta con dos baños completos, diseñados con materiales elegantes y equipados con sanitarios modernos y grifería de primeras marcas. Calidades y Equipamiento Construida con materiales de primera calidad, la vivienda ofrece: Suelos de tarima, que aportan calidez y confort. Carpintería exterior de aluminio con cristales Climalit, garantizando un perfecto aislamiento térmico y acústico. Calefacción individual y aire acondicionado, para asegurar el máximo confort en cualquier época del año. Plaza de garaje y trastero incluidos, aportando comodidad y espacio extra de almacenamiento. Urbanización Exclusiva con Zonas Comunes El edificio forma parte de una urbanización privada con servicios exclusivos para sus residentes, diseñada para el bienestar y la comodidad: Piscina comunitaria, ideal para los meses de verano. Piso ubicado en el barrio de Rejas - área en constante desarrollo, con una combinación de áreas residenciales y comerciales que lo convierten en un lugar muy atractivo para vivir. Su proximidad al aeropuerto Adolfo Suárez Madrid-Barajas y al recinto ferial IFEMA lo hace especialmente interesante para profesionales que viajan con frecuencia. La oferta de ocio y servicios en la zona es amplia, con parques, centros deportivos y una excelente infraestructura que garantiza una alta calidad de vida.",False,good,False,4737.0,False,False,True,False,[],False,False,450000.0,€,True,True,flat,,"Rejas, Madrid",Piso,Destacado,4,True,True,,,
107652910,https://img4.idealista.com/blur/480_360_mq/0/id.pro.es.image.master/d4/b0/bb/1318808675.webp,W-02Z686,26,600000.0,flat,sale,80.0,3,2,Barrio Ventilla-Almenara,Madrid,Madrid,Tetuán,es,Ventilla-Almenara,40.4663158,-3.6933317,False,https://www.idealista.com/inmueble/107652910/,"Exquisito piso de diseño en Almenara Bienvenido a un espléndido apartamento en el corazón de Madrid, Engel & Völkers inmobiliaria de lujo comercializa esta vivienda en pleno barrio de Almenara. Al entrar, se despliega el salón con cocina integrada que combinan a la perfección elegancia y confort. Cada una de sus tres habitaciones ha sido diseñada para maximizar la comodidad y la funcionalidad. El dormitorio principal con baño en suite, ducha de diseño a la vista y cuarto de baño aparte. Las dos habitaciones adicionales son de buen tamaño, y comparten un segundo baño completo. La atmósfera es acogedora y refinada. Todo el piso realzado con suelo de parquet que aporta calidez. Entre las características que destacan, se encuentran los detalles interiores de alta gama que incluyen una cocina completamente equipada. Además, se entrega completamente amueblado, listo para que disfrute de una vida sin preocupaciones.  Este apartamento es una rara oportunidad de vivir en un entorno que combina la historia y la modernidad en pleno Madrid, con ubicación estratégica. No deje pasar la oportunidad de hacer suyo este refugio de elegancia y confort en una de las capitales más dinámicas del mundo.  Para Inversores: El piso cuenta con permiso turístico. Almenara, en Tetuán, Madrid, es un barrio que susurra historias de transformación, es donde el viejo encanto de Madrid se encuentra con lo nuevo, creando un tapiz de riqueza cultural y renovación urbana. La zona ha experimentado una revitalización significativa, mezclando su arquitectura tradicional de baja altura con diseños más contemporáneos. Uno de los aspectos más notables es su proximidad a la emblemática Cuatro Torres Business Area, además, el Instituto de Empresa (IE), situado cerca de las torres, aporta un alumnado internacional. Tan solo con cruzar la calle se encuentra la estación de metro de Ventilla, la línea 9, garantiza una buena conexión con el centro de Madrid. Próximo al intercambiador de la Plaza de Castilla, y de la estación de tren de Chamartín, terminal de la mayoría de trenes de media y larga distancia hacia el norte de España, incluido el AVE; dotado de aparcamiento público y Zona SER 64. Se comunica con la M-30 por la Avenida de la Ilustración, el Paseo de la Castellana y Sinesio Delgado. Ofrece una amplia gama de comercios, farmacias, colegios, iglesias, polideportivos, hoteles, el Centro Cultural Eduardo Úrculo y una selección de los mejores bares y restaurantes de Madrid. Son de destacar los Hospitales Carlos III y el Universitario La Paz, las Torres KIO y los Juzgados de Plaza Castilla, y el Museo Centro de Exposiciones Arte Canal, los Parques Agustín Rodríguez Sahagún y la Ventilla.",False,good,False,7500.0,False,False,False,False,[],False,False,600000.0,€,,,flat,,"Ventilla-Almenara, Madrid",Piso,Destacado,2,True,False,,,
107350825,https://img4.idealista.com/blur/480_360_mq/0/id.pro.es.image.master/5c/a1/ab/1338764220.webp,W-02YJOA,43,1850000.0,chalet,sale,215.0,3,2,Pino Alto - Navarredonda,Madrid,Valdemorillo,Pino Alto - Navarredonda,es,,40.5164904,-4.0426986,False,https://www.idealista.com/inmueble/107350825/,"Chalet en finca rústica en Valdemorillo Engel&Völkers tiene el placer de presentar esta maravillosa finca situada a 40 kilómetros de Madrid, dentro del Parque natural del Manzanares, su inmenso tamaño de 510.000 metros cuadrados no te dejará indiferente. Dispone de un bonito chalet con mucho encanto en mitad de la finca de 210 metros cuadrados, con un bonito porche, donde poder realizar fiestas y compartir momentos inolvidables con la familia y amigos, rodeados de una naturaleza indescriptible.  En la casa nos encontramos con una bonita entrada donde ya podemos ver el salón, con su acogedora chimenea y unos ventanales que te permiten ver que estás rodeado de naturaleza por todas partes, es realmente vivir en el campo. Dispone de 3 habitaciones con armarios empotrados y bonitas puertas de madera. Dispone de 2 cuartos de baño completos. También podemos encontrar un garaje para 2 coches y un pequeño almacén.  Este encantador chalet tiene muchas posibilidades de adaptarlo al gusto de cada cliente. La finca dispone de un pozo creado por sus propietarios, con un encanto especial por su diseño. Dispone de varios tanques de agua para tranquilidad absoluta. Las vistas que se aprecian desde la montaña son algo que no se puede describir por su belleza, su paz, la elegancia de la vegetación, los árboles centenarios, encinas, jaras, con caminos creados para poder ir por la finca en coche. Se encuentra a 10 minutos de San Lorenzo de El Escorial, a 15 minutos de Villanueva de la Cañada y a 20 minutos de Villafranca del Castillo. Los colegios de la zona están muy próximos en Villanueva de la Cañada, y en Villafranca del Castillo. Dispone de un servicio de autobuses que va directo a Moncloa en 45 minutos. Zona muy tranquila para relajarse y poder respirar aire puro. Coger la bicicleta y dar maravillosos paseos que te permiten renovarte para empezar la semana. Tiene restaurantes muy próximos en El Escorial. El acceso a Majadahonda es muy sencillo bajando por un pequeño tramo de la M600 y después cogiendo la fantástica carretera M503.",False,good,False,8605.0,False,False,False,False,[],False,False,1850000.0,€,True,True,chalet,independantHouse,"Pino Alto - Navarredonda, Valdemorillo",Casa independiente,Destacado,,,,,,
108658042,https://img4.idealista.com/blur/480_360_mq/0/id.pro.es.image.master/02/ea/22/1351329224.webp,886449,39,419000.0,flat,sale,67.0,2,1,calle del General Lacy,Madrid,Madrid,Arganzuela,es,Palos de la Frontera,40.4033047,-3.6919235,False,https://www.idealista.com/inmueble/108658042/,"Housfy vende piso en Arganzuela, Madrid, una vivienda luminosa y ubicada en un entorno idóneo para disfrutarlo. Detalles del inmueble: - 1º planta exterior con ascensor en finca de 1920. - Fantástico piso de 67 m2 en Palos de Moguer. (Los metros cuadrados están verificados con la Dirección General de Catastro) - Agradable salón amplio y luminoso, siendo además, un espacio agradable estupendo para visitas de amigos y familiares. - Con una utilitaria cocina equipada con lo necesario para el día a día. - La distribución del piso tipo loft hace posible aprovechar hasta el último metro de la vivienda y brinda una maravillosa luminosidad durante todo el año. - 2 habitaciones de buen tamaño y baño completo. - El confort está garantizado ya que dispone de aire acondicionado y calefacción. - Puerta de entrada de seguridad blindada. La localizacion de este piso se encuentra en Madrid frente a la estación de Atocha, a menos de 10 minutos andando del Museo Reina Sofía, 15 minutos del Museo del Prado y a 20 minutos del Parque del Retiro.  Está muy bien comunicado por las líneas 1 y 3 de metro y todas las líneas de Cernanias Renfe además de múltiples líneas de autobús. Con todos los servicios que puedas necesitar para facilitar tus días en todo momento. No lo dudes más y contacta con nosotros para agendar una visita, conseguiremos la vivienda de tus sueños. Sobre nosotros Housfy es la plataforma integral de servicios inmobiliarios. Nuestra combinación de expertos y tecnología pone al alcance de todo el mundo servicios cómodos, claros y seguros. AICAT número: 7922 Nos encargamos de la gestión y asesoramiento de la compra. ¡Olvídate de todo! Hacemos los trámites por ti. Y, si además necesitas financiación, ponemos a tu disposición un bróker hipotecario para ayudarte a conseguir las mejores condiciones para tu perfil económico. ¿Tienes alguna duda? Pregúntanos sin compromiso o visítanos en housfy. com.",False,good,False,6254.0,True,True,False,False,[],False,False,419000.0,€,,,flat,,"Palos de la Frontera, Madrid",Piso en calle del General Lacy,Destacado,1,True,True,,,
108618383,https://img4.idealista.com/blur/480_360_mq/0/id.pro.es.image.master/16/af/4d/1350104371.webp,W-030AXL,41,525000.0,chalet,sale,125.0,3,2,Pino Alto - Navarredonda,Madrid,Valdemorillo,Pino Alto - Navarredonda,es,,40.4972521,-4.0379055,False,https://www.idealista.com/inmueble/108618383/,"Encantadora casa en la sierra con club social y piscina Engel &Völkers les presenta Encantadora casa en la sierra tradicional con jardín consolidado. La urbanización cuenta con con club social y piscina ¿Buscas tranquilidad, naturaleza y todas las comodidades? Esta preciosa vivienda en urbanización privada ofrece una combinación ideal de confort y entorno natural. La casa, de 125 m² construidos, se sitúa en una amplia parcela de 1.600 m² con un jardín consolidado y cuidado, perfecto para disfrutar al aire libre. Dispone de una estupenda piscina de agua salina ideal para el verano, además de acceso a club social con zonas comunes y piscina comunitaria. La vivienda esta distribuida en una sola planta con gran comodidad. Distribuidor,amplio salón, cocina y tres habitaciones. baños independientes La vivienda cuenta con una agradable terraza orientada al oeste, perfecta para ver atardeceres únicos rodeado de calma. Y vista a la piscina Espacios luminosos, entorno consolidado y una ubicación privilegiada la convierten en una oportunidad única tanto como residencia habitual como casa de fin de semana Engel &Völkers les presenta casa independiente de diseño en muy buena localización enValdemorillo, a pocos minutos de El Escorial bien conocido por su oferta gastronómica y de ocio así como turística.A tan sólo media hora de Madrid, en el corazón del Parque natural del curso medio del rio Guadarrama. Un lugar privilegiado para vivir en equilibrio con la naturaleza sin renunciar por su proximidad a los servicios de la capital. En los alrededores, el embalse de Valmayor,donde pueden practicarse deportes náuticos y pesca.Goza de los mejores colegios de la zona noroeste de Madrid y públicos, así como de institutos y universidades altamente reconocidas.A 5 kmVillanueva de la cañada zona de gran actividad comercial de ocio, bares, restaurantes, supermercados y gran oferta de colegios públicos y privados además de la Universidad Alfonso X el sabio. Cercano también se encuentra Villanueva del Pardillo, municipio situado a escasos 15 minutos en coche; el colegio alemán ElfyKindergarden, Zola, liceo francés y el colegio internacional SEK El Castillo entre otros. Cercano también Colmenarejopueblo con mucha actividad, cuenta con el campus de La universidad Carlos III, la Universidad Camilo José Cela en Villafranca del castillo.Gran oferta de centros de atención médica y hospitales como el Hospital del Escorial, Hospital Puerta de Hierro Majadahonda y el Hospital Madrid Torrelodones. Centros comerciales de la zona noroeste como Gran plaza, Burgocentro, Las Rozas Village, Európolis a menos de 15 minutos.Dispone además de las líneas de autobús que te unen con Madrid (intercambiador de Moncloa) y con los municipios de alrededor. Y todo esto disfrutando del entorno de naturaleza de la sierra noroeste con avistamiento de aves, animales autóctonos y unas vistas a la sierra de excepcional belleza. Vivir en la naturaleza muy cerca de todo lo que necesitamos en nuestro día a día. Gastronomía, Ocio, colegios, universidades, Centros comerciales, Hospitales.",False,good,False,4200.0,False,False,False,False,[],False,False,525000.0,€,,,chalet,independantHouse,"Pino Alto - Navarredonda, Valdemorillo",Casa independiente,Destacado,,,,,,
108823148,https://img4.idealista.com/blur/480_360_mq/0/id.pro.es.image.master/42/9e/e9/1356165479.webp,,33,2900000.0,flat,sale,464.0,7,3,Barrio El Viso,Madrid,Madrid,Chamartín,es,El Viso,40.447784,-3.6895941,False,https://www.idealista.com/inmueble/108823148/,"BERNADO LUXURY HOUSES vende este precioso piso a reformar en el Corazón del Paseo de la Castellana. Descubre este impresionante piso de 464 m² en una de las zonas más emblemáticas de Madrid. Con 7 amplios dormitorios y un gran salón comedor, este espacio ofrece infinitas posibilidades para crear el hogar de tus sueños.  La distribución versátil permite personalizar cada rincón según tus gustos y necesidades, ideal para quienes buscan un proyecto a medida. El edificio, de carácter señorial, cuenta con dos ascensores y ha sido modernizado con paneles solares recién instalados, lo que aporta eficiencia energética.  Disfruta de la luz natural que entra a raudales a través de sus tres grandes ventanas a la fachada principal y otras tres que dan a un amplio patio de manzana.  Además, incluye una plaza de garaje y un trastero para mayor comodidad. Aunque el piso necesita una reforma integral, esto representa una oportunidad única para diseñar un espacio que refleje tu estilo personal. Con calefacción central de gas natural y calderas renovadas hace un año, este hogar combina confort y potencial. No dejes pasar la oportunidad de vivir en una ubicación privilegiada, donde cada día será una experiencia única.  ¡Ven a verlo y comienza a imaginar tu nuevo hogar!",True,renew,False,6250.0,True,True,False,True,[],False,False,2900000.0,€,True,True,flat,,"El Viso, Madrid",Piso,Destacado,2,True,True,,,
108341704,https://img4.idealista.com/blur/480_360_mq/0/id.pro.es.image.master/78/44/b5/1341281772.webp,P-3035,43,288000.0,flat,sale,79.0,3,1,calle de Juan Pascual de Mena,Madrid,Madrid,Latina,es,Puerta del Ángel,40.4099579,-3.7399405,False,https://www.idealista.com/inmueble/108341704/,"LINKCASA PASEO EXTREMADURA VENDE un piso de 3 dormitorios en la calle Juan Pascual de Mena (barrio Puerta del Ángel), muy cerca de la arteria principal y comercial de la zona como es el Paseo de Extremadura. La vivienda consta de 3 habitaciones (una de ellas doble), salón, cocina, baño con plato de ducha, tendedero y terraza descubierta de 4 m². El inmueble es exterior, muy luminoso, se trata de una primera planta y aunque está para actualizar cuenta con un gran abanico de posibilidades de distribución. El piso se encuentra a 4 minutos del metro Alto de Extremadura (L-6) y de varias líneas de autobuses de la EMT (31, 33, 36, 39, 65 y N19). La finca tiene la ITE favorable (año 2018). La vivienda se encuentra ubicada en una muy tranquila y bien comunicada, con todo tipo de servicios y comodidades a su alrededor (supermercados, restaurantes, entidades bancarias, farmacias, colegios, instalaciones deportivas, zonas verdes.. . etc), lo que hace de la compra del inmueble una oportunidad de mercado. Para más información, visítanos en nuestra web: linkcasa. es. No dejes de visitarlo.",False,good,False,3646.0,True,False,True,True,[],False,False,288000.0,€,,,flat,,"Puerta del Ángel, Madrid",Piso en calle de Juan Pascual de Mena,Destacado,1,True,False,,,
106390515,https://img4.idealista.com/blur/480_360_mq/0/id.pro.es.image.master/69/07/ee/1345299386.webp,VALD135,45,135000.0,flat,sale,83.0,2,1,Valdeavero,Madrid,Valdeavero,,es,,40.631946,-3.3323336,False,https://www.idealista.com/inmueble/106390515/,"AGENCIA INMOBILIARIA TECNOCASA CABANILLAS DEL CAMPO - VALDEAVERUELO - URB. SOTOLARGO - VALDEAVERO - URB. LA CARDOSA Vende excelente bajo con terraza (2008) de 2 dormitorios + 1 baño completo, ascensor y plaza de garaje en el municipio de Valdeavero (Madrid). Según entramos a la vivienda, nos encontramos con el hall-recibidor, el cual nos da acceso a varias estancias de la casa. A mano derecha disponemos de un generoso salón-comedor de 20 m² aprox. , el cual dispone de salida directa a una espectacular terraza de 27 m². Si continuamos avanzando, llegaremos a una bonita y práctica cocina rectangular completamente amueblada y equipada de 6,25 m², la cual dispone de un cuarto de lavadora de 2,85 m², y desde este también podremos salir a la terraza exterior. Más adelante llegaremos al pasillo distribuidor de 3,29 m² (dispone de un gran armario empotrado). Este pasillo nos da acceso a los 2 dormitorios (8,09 m² y 9,90 m² respectivamente) y al baño completo con bañera, de los que dispone la propiedad. Los 2 dormitorios cuentan también con salida directa a la terraza de 27 m² antes mencionada. La vivienda dispone de calefacción individual eléctrica. LA PROPIEDAD CUENTA CON ASCENSOR Y PLAZA DE GARAJE. La finca se encuentra en el centro del municipio de Valdeavero, a escasos dos minutos andando del ayuntamiento. Cuenta con todos los servicios necesarios para el día a día: parques, comercios, colegio… Valdeavero es un municipio y localidad española de la Comunidad de Madrid. El término municipal tiene una población de 1.823 habitantes (INE 2024). Valdeavero está situado al este de la Comunidad de Madrid, en el límite con la provincia de Guadalajara, limitando al norte y este con los municipios de Torrejón del Rey, Valdeaveruelo y Villanueva de la Torre (en la provincia de Guadalajara); al oeste con los municipios de Ribatejada y Fresno de Torote, y al sur con Camarma de Esteruelas y Meco. Si quieres vivir en una zona tranquila y a 15 minutos de Alcalá de Henares, no dejes pasar esta oportunidad. Además, te recordamos que te ayudamos con la financiación de la vivienda gracias a nuestro departamento financiero KIRON. INFÓRMATE SIN NINGÚN TIPO DE COMPROMISO EN NUESTRA OFICINA O LLÁMANOS.",False,good,False,1627.0,False,False,False,True,[],False,False,135000.0,€,True,True,flat,,Valdeavero,Piso,Destacado,bj,True,True,,,
108680577,https://img4.idealista.com/blur/480_360_mq/0/id.pro.es.image.master/2f/84/86/1351943616.webp,LCM37398,52,515000.0,flat,sale,78.0,3,2,calle de San Alejandro,Madrid,Madrid,Arganzuela,es,Imperial,40.4035668,-3.7221239,False,https://www.idealista.com/inmueble/108680577/,"LUJO, LUZ Y DISEÑO EN EL CORAZÓN DEL BARRIO IMPERIAL Descubre esta espectacular vivienda situada en uno de los enclaves más cotizados y en auge de Madrid: el barrio Imperial, dentro del distrito de Arganzuela y a un paso de Madrid Río. Ubicada en la calle San Alejandro, esta propiedad te ofrece la oportunidad de estrenar hogar en una séptima planta interior con ascensor, reformada integralmente con materiales de primera calidad. Cada detalle ha sido cuidadosamente pensado para ofrecer un espacio moderno, funcional y lleno de confort. Su orientación y distribución la convierten en una casa luminosa y acogedora, lista para entrar a vivir. El inmueble cuenta con un amplio salón comedor, cocina independiente completamente equipada, dormitorios espaciosos y bien distribuidos, así como un baño completo y un aseo, ambos reformados con acabados elegantes. Suelos de tarima, ventanas climalit con gran aislamiento térmico y acústico, y calefacción central por gasóleo completan esta propuesta de alto nivel. Además, el edificio de 1968 dispone de ascensor y portero físico, aportando seguridad y comodidad en el día a día. La ubicación es otro de sus grandes atractivos: un entorno tranquilo y familiar con todos los servicios necesarios a pocos pasos -supermercados, colegios, zonas verdes, restauración y con una conexión excelente mediante metro, cercanías y autobuses (Pirámides, Puerta de Toledo, Príncipe Pío, entre otros), además de rápido acceso a la M-30 y A-42. Vivirás a minutos de lugares emblemáticos como la Basílica de San Francisco el Grande o el Palacio Real, en una zona que combina perfectamente calidad de vida y cercanía al centro. No pierdas la oportunidad de vivir en este maravilloso piso. ¡Contáctanos hoy mismo para programar una visita! NOTA: este anuncio no es vinculante; puede contener errores y se muestra a título informativo, no contractual.",False,good,False,6603.0,True,False,False,False,[],False,False,515000.0,€,,,flat,,"Imperial, Madrid",Piso en calle de San Alejandro,Destacado,7,False,True,,,
108837014,https://img4.idealista.com/blur/480_360_mq/0/id.pro.es.image.master/3d/47/56/1356578546.webp,2402297,16,273600.0,flat,sale,65.0,2,2,paseo de la Convivencia,Madrid,Torrejón de Ardoz,Sureste,es,,40.4558833,-3.4508651,False,https://www.idealista.com/inmueble/108837014/,"No cobramos ningún coste al comprador, ayudando a gestionar su hipoteca sin coste adicional.  -Somos Líderes en Ventas en Torrejón de Ardoz, Asesoramiento Altamente Cualificado- Soto del Henares, situado en urbanización privada. Precioso piso seminuevo de 65 m2 aproximados, 2 habitaciones, 2 baño, salón, cocina independiente. Ascensor, puertas de roble, suelo de tarima y piscina en la urbanización. Garaje y trastero incluidos en el precio. La vivienda está situada en una de las zonas más demandadas del municipio, rodeada de parques y todos los servicios: colegios, supermercados, Renfe, hospital, autobuses.. . Cerca del Parque Europa y con fácil acceso a la A2. ¡No dude en visitarlo! La zona se encuentra Rodeada de numerosos servicios: autobuses, centros comerciales, centros médicos, colegios, hospitales, parques, supermercados, tren, zonas infantiles, etc. ¡No dude en visitarlo! . *FOTOGRAFÍAS EN PROYECTO 273.600 € Es importante informaros que gracias a las recomendaciones de clientes únicos, junto con importantes inversiones en publicidad y tecnología,  actualmente tenemos una elevada lista de espera de clientes interesados en comprar para la mayoría de las viviendas.  Para atenderos lo antes posible, podéis escribirnos al whatsApp:  Innovación Inmobiliaria. Www. CASSAS. es. -VENDE RÁPIDO AL MEJOR PRECIO- Evitando comisiones abusivas y costes adicionales al comprador.",False,good,False,4209.0,True,False,False,False,[],False,False,273600.0,€,True,True,flat,,"Sureste, Torrejón de Ardoz",Piso en paseo de la Convivencia,Destacado,4,True,True,,,
108661402,https://img4.idealista.com/blur/480_360_mq/0/id.pro.es.image.master/ea/e5/a2/1351417866.webp,,18,239900.0,flat,sale,76.0,3,1,calle Witerico,Madrid,Madrid,Carabanchel,es,Puerta Bonita,40.3770263,-3.7407219,False,https://www.idealista.com/inmueble/108661402/,"""GRUPO HOGARES"" presenta en exclusiva este magnífico piso reformado en el distrito de Carabanchel. A menos de 2 minutos andando del parque de Carabanchel y las paradas de Metro de San Francisco y Pan Bendito (Línea 11). Gracias a su orientación sureste, tendrás tres aspectos muy importantes en una vivienda. 1. Mayor luminosidad y eficiencia energética: Las viviendas con esta orientación reciben luz natural durante gran parte del día, especialmente en la tarde, lo que reduce el consumo eléctrico y hace que los espacios sean más acogedores. En invierno, aprovechan mejor el calor del sol, ayudando a reducir los costos de calefacción. 2. Ambiente cálido y confortable: La luz del suroeste genera una temperatura más agradable en la vivienda, especialmente en estaciones frías. En primavera y otoño, este tipo de orientación proporciona un equilibrio entre calor y frescura, lo que la hace muy demandada. 3. Iluminación ideal en las estancias principales: Los espacios interiores, como el salón y las habitaciones, reciben luz natural en las horas clave del día, lo que mejora la sensación de amplitud y bienestar. Esta orientación es perfecta para quienes buscan una vivienda luminosa sin necesidad de grandes ventanales o espacios exteriores. La vivienda se distribuye en salón-comedor y cocina integrada, 3 dormitorios, baño completo con plato de ducha. Se caracteriza por su distribución lógica y equilibrada, con formas geométricas que facilitan su amueblado. La reforma de la vivienda es integral, fontanería y electricidad también. La ubicación es inmejorable, se encuentra en una de las zonas más estratégicas de Carabanchel, se encuentra cercano a un colegio, instituto, centro de salud, farmacia, comisaría, zonas verdes, parques infantiles y varios supermercados, al igual que la Universidad. En Grupo Hogares, no solo te ayudamos a encontrar tu hogar, también contamos con departamento financiero. Te asesoramos en la búsqueda de las mejores opciones de financiación, adaptadas a tus necesidades y posibilidades, para que el proceso de compra sea más sencillo y accesible. Nos encargamos de gestionar todo, desde la preaprobación hasta la formalización del préstamo hipotecario, con el objetivo de que tengas una experiencia de compra sin complicaciones. También ofrecemos la posibilidad de obtener el 100% de financiación. Solicita un estudio financiero sin compromiso en la visita. ¡No pierda la oportunidad de visitar esta exclusiva vivienda y agenda ya una visita. El anuncio no es vinculante, puede contener errores.",True,good,False,3157.0,True,False,False,False,[],False,False,239900.0,€,,,flat,,"Puerta Bonita, Madrid",Piso en calle Witerico,Destacado,1,True,True,,,
105424239,https://img4.idealista.com/blur/480_360_mq/0/id.pro.es.image.master/c8/ed/fa/1251749624.webp,VM2407021,35,1400000.0,flat,sale,234.0,4,4,Barrio El Viso,Madrid,Madrid,Chamartín,es,El Viso,40.4521957,-3.6911988,False,https://www.idealista.com/inmueble/105424239/,"PISO EXTERIOR CON VENTANAS A LA CALLE  aProperties pone a la venta este maravilloso piso de 234 m² en la zona El viso-Bernabéu. Se trata de un bajo de 234 m² según catastro, de los cuales 197 m² son de vivienda, totalmente exterior, con 9 ventanas a la calle, muy luminoso y con mucho encanto. En la actualidad el piso está dividido en dos zonas, una es vivienda y la otra está destinada a oficina. La vivienda está distribuida en un gran salón con cocina incorporada, dos dormitorios amplios con baño completo en suite y un práctico aseo de cortesía. Por otra parte, la oficina está compuesta por dos despachos de grandes dimensiones, una pequeña cocina, un baño y una sala de espera. El inmueble fue íntegramente remodelado en 2020 con las mejores calidades, cuenta con aire acondicionado, calefacción central, portero y ascensor. Se trata de una oportunidad única de vivir en uno de los barrios más demandados y distinguidos de Madrid, cerca de comercios, zonas de ocio, colegios, centros de salud y con unas comunicaciones inmejorables. ¿Te imaginas vivir aquí?  Contacte con nosotros para ver más inmuebles similares.",True,good,False,5983.0,False,False,False,False,[],False,False,1400000.0,€,,,flat,,"El Viso, Madrid",Piso,Destacado,bj,True,True,,,
108667231,https://img4.idealista.com/blur/480_360_mq/0/id.pro.es.image.master/a8/9f/09/1351595350.webp,,15,214900.0,flat,sale,62.0,2,1,calle Granero,Madrid,San Sebastián de los Reyes,Centro Urbano,es,,40.5479248,-3.6244452,False,https://www.idealista.com/inmueble/108667231/,"""Grupo Hogares"" vende en exclusiva magnífica vivienda, en una de las mejores zonas de San Sebastián de los Reyes. La vivienda en una planta baja, en INVERSIÓN, actualmente alquilada, cuenta con una distribución lógica, con formas geométricas que hacen fácil su amueblado. Cuenta con dos habitaciones, salón, cocina y un baño. Ideal para personas que necesitan una vivienda en el centro de la ciudad, para quienes buscan comodidad en un entorno tranquilo, con todos los servicios básicos a pie de calle. Ubicado en una zona muy demandada, cerca de supermercados, centros deportivos, centros de salud, transporte público, colegios, restaurantes y zonas verdes, además de una rápida y fácil incorporación a la A 1. Este inmueble es perfecto tanto para parejas e como para inversores. Gracias a su excelente orientación, la luz natural entra en todas las estancias del piso, aportando una sensación de amplitud y confort, además del buen aislamiento que ofrece la vivienda. Nuestro departamento financiero ""FinanHogar"" puede conseguir hasta el 100% de financiación. Pregunte para hacer un estudio financiero sin compromiso. ¡NO PIERDA LA OPORTUNIDAD DE VISTAR ESTA EXCLUSIVA VIVIENDA!",True,good,False,3466.0,True,False,False,False,[],False,False,214900.0,€,,,flat,,"Centro Urbano, San Sebastián de los Reyes",Piso en calle Granero,Destacado,bj,True,True,,,
