propertyCode,thumbnail,externalReference,numPhotos,floor,price,propertyType,operation,size,exterior,rooms,bathrooms,address,province,municipality,district,country,neighborhood,latitude,longitude,showAddress,url,description,hasVideo,status,newDevelopment,hasLift,priceByArea,hasPlan,has3DTour,has360,hasStaging,notes,topNewDevelopment,topPlus,priceInfo.price.amount,priceInfo.price.currencySuffix,detailedType.typology,suggestedTexts.subtitle,suggestedTexts.title,highlight.groupDescription,parkingSpace.hasParkingSpace,parkingSpace.isParkingSpaceIncludedInPrice,detailedType.subTypology,priceInfo.price.priceDropInfo.formerPrice,priceInfo.price.priceDropInfo.priceDropValue,priceInfo.price.priceDropInfo.priceDropPercentage,parkingSpace.parkingSpacePrice
108719967,https://img4.idealista.com/blur/480_360_mq/0/id.pro.es.image.master/6b/f7/1f/1353113727.webp,1012,12,4,285000.0,flat,sale,104.0,True,3,1,plaza Enrique de Mesa,Madrid,Madrid,Villa de Vallecas,es,Santa Eugenia,40.3838311,-3.6143485,False,https://www.idealista.com/inmueble/108719967/,"Descubre este luminoso piso en la zona de Santa Eugenia, en el distrito de Vallecas. Con una superficie de 104 metros cuadrados, esta vivienda de 1981 ofrece un espacio cómodo y funcional para toda la familia. Cuenta con tres dormitorios amplios y un baño completo, ideal para el día a día. La propiedad dispone de excelentes características como aire acondicionado, alarma de seguridad, armarios empotrados, y ventanas climalit que garantizan un ambiente tranquilo y bien aislado. La cocina, completamente amueblada y equipada, facilita la preparación de tus comidas en un espacio práctico y moderno. La estructura de hormigón aporta solidez y durabilidad, mientras que la orientación oeste permite aprovechar al máximo la luz natural en las horas de la tarde. Además, cuenta con un ascensor, calefacción de gas natural central e individual, suelo de gres, puerta blindada y puerta de seguridad para mayor tranquilidad. La terraza ofrece un espacio exterior perfecto para disfrutar del buen tiempo. La puerta automática y las ventanas de doble acristalamiento completan las comodidades de esta vivienda. Una oportunidad única para vivir en una zona bien comunicada y con todos los servicios a tu alcance. Cuando el detalle realmente importa.",True,good,False,True,2740.0,False,False,False,False,[],False,False,285000.0,€,flat,"Santa Eugenia, Madrid",Piso en plaza Enrique de Mesa,Destacado,,,,,,,
107173251,https://img4.idealista.com/blur/480_360_mq/0/id.pro.es.image.master/68/83/32/1305154314.webp,RP2102025134263,9,6,465000.0,flat,sale,94.0,True,3,1,calle de Cáceres,Madrid,Madrid,Arganzuela,es,Chopera,40.3997726,-3.7010871,False,https://www.idealista.com/inmueble/107173251/,"REDPISO DELICIAS pone en venta en exclusiva, vivienda con mucho potencial en Barrio LA CHOPERA, precisamente en Calle CÁCERES. Se trata de una 6º planta exterior con terraza. Que consta de 94M² construidos, divididos en 3 dormitorios, cocina, despensa, salón con salida a terraza y baño. Finca señorial con dos ascensores. Suelos de parqué. Inmueble para reformar. Ubicado en el distrito de Arganzuela, teniendo a su alcance, supermercados, entidades bancarias, colegios y comercios de todo tipo. Está a 1 minuto del metro Delicias y de cercanías (Renfe) Delicias (L3). Comunicado también mediante varias líneas de autobusesN13). Próximo a Madrid Río, Parque Tierno Galván, Centro Cultural Matadero, Centro Comercial Plaza Río 2 y Museo del Ferrocarril. Contamos con DCREDIT nuestro departamento financiero, con el que puedes obtener tu asesoramiento personalizado sin compromiso y totalmente gratuito. Obtén toda la información para conocer tus posibilidades, con las mejores opciones y además saber al detalle que gastos conlleva una compraventa. Nos dedicamos a la intermediación financiera para préstamos hipotecarios o personales. Según tu perfil, podemos conseguir financiación hasta el 100%. Trabajamos con todas las entidades bancarias. Aprovecha las condiciones actuales de mercado, no te quedes con dudas y ten a mano toda la información, para ser propietario de una vivienda en el barrio.",False,renew,False,True,4947.0,True,True,False,False,[],False,False,465000.0,€,flat,"Chopera, Madrid",Piso en calle de Cáceres,Destacado,,,,,,,
108896589,https://img4.idealista.com/blur/480_360_mq/90/id.pro.es.image.master/b4/cf/4e/1358248353.webp,,13,3,180000.0,flat,sale,94.0,True,3,1,CL RIO MIÑO,Madrid,Parla,Villayuventus-Renfe,es,,40.2387668,-3.7725353,False,https://www.idealista.com/inmueble/108896589/,"Jhogar vende con carácter de exclusividad, vivienda situada en la tercera planta, amplia y luminosa, distribuida en, recibidor de entrada, salón comedor independiente con salida a terraza en la cual se encuentra un armario-trastero, 3 dormitorios (dos de ellos dobles y con armarios empotrados, cocina amueblada y ampliada con terraza tendedero, cuarto de baño completo con bañera, y ventana, suelos de parquet, ventanas de aluminio con contraventana, puertas interiores de sapely, puerta de entrada blindada, dispone de calefacción eléctrica (tarifa nocturna). Cuarto trastero situado en la ultima planta. Excelente ubicación, próxima a centro de salud, colegios, supermercados y estación de cercanías renfe.",False,good,False,False,1915.0,False,False,False,False,[],False,False,180000.0,€,flat,"Villayuventus-Renfe, Parla",Piso en Cl Rio Miño,Destacado,,,,,,,
106324856,https://img4.idealista.com/blur/480_360_mq/0/id.pro.es.image.master/3a/18/76/1279448564.webp,LCM32667,52,7,590000.0,flat,sale,94.0,True,4,1,calle de Alonso Carbonell,Madrid,Madrid,Arganzuela,es,Chopera,40.3948813,-3.6948679,False,https://www.idealista.com/inmueble/106324856/,"LA CASA AGENCY presenta este amplio piso de 94 m² construidos, situado en la 7ª planta de un edificio con ascensor, te ofrece la oportunidad perfecta para diseñar la casa de tus sueños. Uno de sus mayores atractivos es su extraordinaria terraza de 143 m², un espacio ideal para disfrutar del aire libre, organizar reuniones con amigos o familiares, o incluso crear tu propio jardín urbano. Su orientación completamente exterior garantiza una iluminación natural impresionante en todas las habitaciones durante todo el día. La vivienda dispone de 3 habitaciones espaciosas y 2 baños, proporcionando el confort necesario para una vida práctica y cómoda. El salón, amplio y luminoso, ofrece múltiples posibilidades para diseñar diferentes ambientes, mientras que la cocina, que también requiere una reforma, tiene el potencial de convertirse en el centro neurálgico del hogar con un diseño moderno y personalizado. Ubicado en el barrio de Delicias, este piso se encuentra rodeado de todo lo que necesitas para un estilo de vida cómodo y placentero. En los alrededores, podrás disfrutar de una variada oferta de tiendas, restaurantes y cafeterías, así como colegios y zonas verdes donde relajarse. Además, la zona cuenta con excelentes conexiones de transporte público, facilitando tu movilidad por la ciudad.  Este piso, ideal para reformar, te brinda una gran oportunidad para personalizar cada aspecto según tus preferencias y necesidades. Podrás elegir los acabados, la distribución y las instalaciones para crear un hogar a medida en un entorno tranquilo y bien conectado en pleno corazón urbano. NOTA: ESTE ANUNCIO NO ES VINCULANTE, SE MUESTRA A TÍTULO INFORMATIVO Y PUEDE CONTENER ERRORES.",False,renew,False,True,6277.0,False,False,False,False,[],False,False,590000.0,€,flat,"Chopera, Madrid",Piso en calle de Alonso Carbonell,Destacado,True,True,,,,,
107163999,https://img4.idealista.com/blur/480_360_mq/0/id.pro.es.image.master/fb/e2/6e/959499623.webp,VU-0320-2021,48,,890000.0,chalet,sale,353.0,,5,4,Cervantes,Madrid,El Escorial,Centro,es,,40.577773,-4.1289999,False,https://www.idealista.com/inmueble/107163999/,"GRAN OPORTUNIDAD! GRUPO A-UNO, VENDE Fantástico Chalet independiente con parcela de 1300m2, piscina y garaje. Urge su venta y admite negociación. Vivienda en muy buen estado, muy cómoda al distribuirse en medias plantas, con gran salón comedor con chimenea central y con orientación Sur de 15m2, cocina con gas y vitrocerámica, horno y calienta platos, nevera americana y con acceso directo tanto a salón como al jardín. Zona de servicio en la planta baja, con cuarto y baño independientes y sala multifunción. La vivienda cuenta con 4 habitaciones, una 1era habitación doble con fantásticos armarios empotrados y baño en suite con doble seno y ducha. 2º Dormitorio doble con armarios empotrados y baño en suite con bañera. 3er dormitorio convertido en vestidor, y baño completo exterior con bañera.  En las dos ultimas estancias podemos diferenciar una 4a habitación con sala de estar con 25m2 cada estancia, con altos techos abuhardillados, forrados de madera para aislar doblemente del calor y el frío, fantástica luz natural, y enormes armarios maleteros empotrados, con suelos de tarima, transmitiendo gran calidez, confort y paz. Construido el chalet con muy buenas calidades, en las zonas de más transito con gres, habitaciones con tarima, puertas y escalera de madera maciza, ventanas con doble cristal de climalit, calefacción de gasóleo y cocina eléctrica. La vivienda además cuenta con una parcela de unos 1300m2, con piscina, pozo para el riego, porche para verano, zona de parking además de garaje cerrado, y una zona vallada para diferentes utilidades. La parcela está situada en el barrio de la Manguilla-Prado Tornero, una de las zonas más exclusivas de El Escorial, zona llana, a unos minutos andando del centro del pueblo, frente a la zona de la Herrería y junto al parque de la Manguilla. Un lugar fantástico para disfrutar y con muy buenas comunicaciones a la capital, salida directa a la carretera, con línea de autobús a Moncloa, y tren de cercanías que conecta con distintos municipio y barrios de Madrid. Si estas interesado no dudes en llamarnos, te daremos toda la información, así como cita para realizar una visita. GRUPO A-UNO siempre a tu lado, os ayudamos y acompañamos en todo momento.",False,good,False,,2521.0,False,False,False,False,[],False,False,890000.0,€,chalet,"Centro, El Escorial",Casa independiente en Cervantes,Destacado,True,True,independantHouse,,,,
105718614,https://img4.idealista.com/blur/480_360_mq/0/id.pro.es.image.master/e5/fe/c9/1267146743.webp,Dúplex 2,25,2,210000.0,duplex,sale,60.0,True,1,1,avenida del Juncal,Madrid,San Sebastián de los Reyes,Vega de la Moraleja,es,,40.5405677,-3.6188883,False,https://www.idealista.com/inmueble/105718614/,"Compra tu loft propio para vivir o para invertir. Tu primer loft con idea de futura inversión. Dúplex de 60 m2 en dos alturas, cocina y salón en planta baja y dormitorio y baño en planta alta. Baño completo con ducha, cocina abierta equipada y un amplio ventanal con apertura de ventana batiente. Orientación Norte. El precio incluye una plaza de garaje en el mismo edificio con posibilidad de una segunda (no incluida en el precio).  Segunda planta de un edificio de 15 años de antigüedad. Con un diseño singular en forma de puente de barco, acristalado y de gran luminosidad que ofrece unas vistas inmejorables, hacia La Moraleja y el aeropuerto. Se divide en 6 alturas, algunas de ellas de 2 niveles por los dúplex, separado en 2 alas con dos portales independientes con doble ascensor cada uno. En urbanización privada con portería frente al acceso, zona ajardinada, piscina, pádel, gimnasio y soportales en sombra con aparcamiento de bici. Cuenta con una segunda piscina en la azotea con espectaculares vistas y la privacidad de la altura, un lujo exclusivo. Disponemos de más loft, para entrar a vivir o para reformar. Zona con mucha demanda de vivienda en alquiler por su ubicación y características. Zona con servicios, como el polideportivo municipal José Caballero, Parque Adolfo Suarez, Parque Jardín de la Vega y otras áreas verdes donde pasear o practicar deporte. Colegios públicos y privados, centros sanitarios y a tan sólo 2 km del Hospital Infanta Sofía. Además, se encuentra el campus de la Universidad Europea y centros de oficinas de multinacionales. A 5 minutos a pie del centro comercial Plaza Norte 2, con sus cines y amplia oferta comercial, Carrefour, Ikea, Leroy Merlin, Conforama, MediaMarkt, Porcelanosa y una larga lista de comercios y restaurantes. A 5 minutos andando se encuentra Mercadona. Con acceso directo a la A1, carretera de Burgos, se llega al centro de Madrid, en tan solo 25 minutos en coche. Con accesos rápidos a la M30, M40 y M50 lo cual permite llegar cómodamente a cualquier parte de la provincia.  A 10 minutos en coche del Aeropuerto de Barajas, a través de la M11 o la M12. Acceso directo a la estación de Chamartín por la M30. Tiene una variada oferta de transporte público, estación Alcobendas-San Sebastián de los Reyes de Cercanías Renfe, línea C-4 a 20 minutos andando (1,7 km). Línea 10 de metro La Moraleja a 20 minutos andando (1,8 km). Autobuses a 2 minutos andando, línea 4 Sansebus e interurbanos 156, 171, 180 y N102 conectado con Madrid y otras poblaciones del entorno de la A1. *Sujeto a Impuesto de Transmisiones Patrimoniales.",False,good,False,True,3500.0,False,False,False,False,[],False,False,210000.0,€,flat,"Vega de la Moraleja, San Sebastián de los Reyes",Dúplex en avenida del Juncal,Destacado,True,True,duplex,,,,
108521287,https://img4.idealista.com/blur/480_360_mq/0/id.pro.es.image.master/49/8b/b9/1347380047.webp,RP1242025138932,29,2,810000.0,flat,sale,140.0,True,3,2,calle de Ramón de Aguinaga,Madrid,Madrid,Barrio de Salamanca,es,Fuente del Berro,40.4255413,-3.6642875,False,https://www.idealista.com/inmueble/108521287/,"Redpiso Fuente del Berro le ofrece: Estupendo piso exterior con orientación suroeste. Excelente ubicación en la calle Ramon de Aguinaga. Piso de Obra del año 2003 en Urbanización privada con zona jardineada, portero físico, circuito de seguridad cerrado y video portero. El piso está distribuido en 140 metros cuadrados con amplio salón, cocina independiente, tres dormitorios, dos baños, uno en suite y armarios empotrados. Con suelos de parquet, ventanas climalit, aire acondicionado por conducto y calefacción individual. OPCIONAL: LA FINCA CUENTA CON UNA PLAZA DE GARAJE EN LA MISMA URBANIZACIÓN POR UN PRECIO ADICIONAL. El inmueble se encuentra ubicado en una zona que cuenta con todos los servicios necesarios para nuestra comodidad diaria, gran variedad de colegios, zonas verdes (Parque de la Quinta de Fuente del Berro), parques, ocio, restauración y todo tipo de comercio especializado. Próximo a metro y varias líneas de autobús, fácil acceso a M-30 En Redpiso disponemos de Financiera propia Dcredit, con asesoramientos gratuitos. Consúltenos sin compromiso.",True,good,False,True,5786.0,False,False,True,False,[],False,False,810000.0,€,flat,"Fuente del Berro, Madrid",Piso en calle de Ramón de Aguinaga,Destacado,,,,,,,
108335537,https://img4.idealista.com/blur/480_360_mq/0/id.pro.es.image.master/14/cb/59/1352991971.webp,16903,9,,157200.0,flat,sale,41.0,False,2,1,Barrio San Diego,Madrid,Madrid,Puente de Vallecas,es,San Diego,40.391829,-3.6680491,False,https://www.idealista.com/inmueble/108335537/,"Inmobiliaria Kronox vende  en exclusiva piso de 50 m2 en Nueva Numancia. Distribuidos en hall, 2 dormitorios, salón y 1 baño, 1 patio interior. Características; suelo de baldosa, ventanas aluminio, calefacción eléctrica, paredes  gotelé, puertas normales, etc. Estado de conservación: para actualizar. Muy bien ubicado a tan solo 8 minutos andando del Metro Nueva Numancia (Línea 1) y zona conectada con numerosas líneas de autobuses (10, 24, 111, 310) Muy buena comunicación en transporte privado con salida directa a M30 y M40.   Se encuentra en una zona consolidada con todo tipo de servicios, como son supermercados, bancos, colegios, comercios, farmacias, parques y zonas verdes donde poder pasear y relajarse. Ideal inversión. Si desea visitarlo puede concertar una visita con cualquiera de nuestros comerciales llamando al teléfono y si necesita información sobre financiación también podemos ayudarle con nuestro DPTO. FINANCIERO. Todos los servicios para el comprador y vendedor.",False,good,False,False,3834.0,True,False,False,False,[],False,False,157200.0,€,flat,"San Diego, Madrid",Piso,Destacado,,,,,,,
108517806,https://img4.idealista.com/blur/480_360_mq/0/id.pro.es.image.master/54/df/d0/1347281211.webp,LCM37204,61,4,249000.0,flat,sale,74.0,True,3,1,avenida de San Diego,Madrid,Madrid,Puente de Vallecas,es,San Diego,40.3884396,-3.6711857,False,https://www.idealista.com/inmueble/108517806/,"¡Oportunidad en la Avenida de San Diego, en el barrio de Palomeras Bajas! Presentamos esta vivienda ubicada en una cuarta planta exterior (sin ascensor), con una superficie construida de 74 m² y una distribución muy bien aprovechada que permite disfrutar de cada rincón del hogar. La propiedad se encuentra en buen estado, lista para entrar a vivir o actualizar al gusto del nuevo propietario. Cuenta con tres dormitorios, lo que la hace ideal tanto para familias como para quienes necesitan espacios adicionales para teletrabajo, estudio o almacenamiento. El salón es luminoso, con luz natural gran parte del día gracias a su orientación exterior. La cocina, funcional y de buen tamaño, ofrece múltiples posibilidades de reforma. El baño está completo y en condiciones óptimas. Uno de los puntos fuertes de esta vivienda es su distribución: práctica, sin apenas pasillos y con una clara separación entre la zona de descanso y las zonas comunes. Además, dispone de calefacción individual por gas natural, lo que garantiza un ambiente confortable durante todo el año. La ubicación es otro de los grandes atractivos de esta propiedad. Situada en el barrio de San Diego, una zona consolidada y con vida de barrio, a tan solo 10 minutos a pie de la estación de Cercanías Asamblea de Madrid-Entrevías, lo que asegura una excelente conexión con el resto de la ciudad. En las inmediaciones se encuentran todo tipo de servicios: supermercados, centros educativos, comercios, zonas verdes y una variada oferta de ocio y restauración. Una vivienda luminosa, funcional y bien ubicada, con muchas posibilidades tanto como residencia habitual como inversión. ¡No dejes pasar esta oportunidad y ven a visitarla!",False,good,False,False,3365.0,False,False,False,False,[],False,False,249000.0,€,flat,"San Diego, Madrid",Piso en avenida de San Diego,Destacado,,,,,,,
108760118,https://img4.idealista.com/blur/480_360_mq/0/id.pro.es.image.master/41/4b/bc/1354323340.webp,RP3112025139985,35,,169000.0,chalet,sale,106.0,,3,1,calle Cadalso de los Vidrios,Madrid,Cadalso de los Vidrios,,es,,40.3113962,-4.4536902,False,https://www.idealista.com/inmueble/108760118/,"REDPISO MADRID SUROESTE le ofrece en venta magnífico chalet independiente en URBANIZACIÓN PRIVADA ENTREPINOS con piscina y zonas verdes ubicado en el término municipal de Cadalso de los Vidrios. Superficie construida de 106m² y gran parcela de 1.072m². El chalet está distribuido en una sola planta con un encantador porche y dispone de amplio salón con chimenea de leña, cocina, tres dormitorios y un cuarto de baño completo.  Trastero y garaje con capacidad para dos coches. La vivienda además dispone de piscina. Excelente ubicación, en zona tranquila y céntrica rodeada de todos los servicios a su alcance. Y donde podrá disfrutar de agradables paseos y del espléndido ambiente de la localidad. Además, el incomparable entorno natural le permitirá divertirse practicando todo tipo de deportes. Refugio ideal, espacio, comodidad, bonitas vistas y una excelente conexión con los principales nucleos de población. Extraordinaria ocasión para entrar a vivir en uno de los mejores municipios de la Sierra Oeste de Madrid. La localidad de Cadalso de los Vidrios se encuentra a unos 80km. de Madrid. En un entorno natural que combina olivos y viñedos en un paisaje de abundante vegetación arbórea completa de pinos y encinas. No muy lejos se encuentra el Embalse de San Juan y el Valle de Iruelas, a orillas del Embalse de Burguillo. A Cadalso de los Vidrios se llega por carretera: N-V hasta enlazar con la M-507. Vía secundaria: N-V, salida San José de Valderas, para coger la C-501 hasta enlazar con una de las siguientes: la M-541 a la altura de Pelayos de la Presa, la N-403 a la altura de San Martín de Valdeiglesias hasta enlazar con la M-542 o directamente por la M-542 pasado San Martín de Valdeiglesias. Por transporte público: Autobús lineas 545 y 546 desde la Estación de autobuses de Príncipe Pio de Madrid. ¡No dude en contactar con nosotros para ampliar la información o concertar una visita para conocer la vivienda!",False,good,False,,1594.0,False,False,False,False,[],False,False,169000.0,€,chalet,Cadalso de los Vidrios,Casa independiente en calle Cadalso de los Vidrios,Destacado,True,True,independantHouse,,,,
108555576,https://img4.idealista.com/blur/480_360_mq/0/id.pro.es.image.master/bd/dc/88/1348344822.webp,,79,,439000.0,chalet,sale,249.0,,5,3,calle de los Arces,Madrid,Móstoles,Coimbra - Guadarrama,es,,40.3037632,-3.93806,False,https://www.idealista.com/inmueble/108555576/,"JCB ASESORES vende CHALET ADOSASO DE ESQUINA con piscina comunitaria. Este bonito chalet dispone de 249 m2 distribuidos en 4 plantas y una parcela de 178 m2 apx. PLANTA BAJA. -Dispone de terraza de acceso, hall distribuidor de entrada, aseo, cocina totalmente amueblada, salon comedor independiente con acceso al patio y escalera de subida a primera planta. PLANTA PRIMERA. -Dispone de hall distribuidor, un baño completo con bañera en el pasillo y cuatro habitaciones dobles. (La habitacion principal con baño en suite) y escalera de  subida a buhardilla. PLANTA SEGUNDA-BUHARDILLA -Salon-despacho abuhardillado con armarios laterales y gran ventanal, con acceso a terraza abierta de 17 m2. PLANTA GARAJE -Hall distribuidor con acceso a habitacion con ventana y garaje para coches. El inmueble dispone de calefaccion y agua caliente por caldera individual a gas, ventanas de aluminio abatibles, rejas en la planta baja, puerta de madera de roble, armarios empotrados, suelos ceramicos y parquet, puerta principal de seguridad, salon comedor con chimene La cocina se encuentra totalmente amueblada. Gastos de IBI anual 700 €. Vado del garaje anual 45 €. Gatos de Comunidad mensual 70 €. No pierda la oportunidad de adquirir este bonito chalet a un precio muy competitivo. SOLICITE UNA VISITA.",True,good,False,,1763.0,False,False,False,False,[],False,False,439000.0,€,chalet,"Coimbra - Guadarrama, Móstoles",Chalet adosado en calle de los Arces,Destacado,True,True,terracedHouse,,,,
108601635,https://img4.idealista.com/blur/480_360_mq/0/id.pro.es.image.master/bb/7f/f3/1349663631.webp,MU-MA-SO,22,1,259900.0,flat,sale,77.0,True,3,1,El Soto - Coveta,Madrid,Móstoles,El Soto - Coveta,es,,40.3268153,-3.8832007,False,https://www.idealista.com/inmueble/108601635/,"¡BIENVENIDO A TU CASA! GRUPO TIZONA CL PINTOR MURILLO pone a la venta esta maravillosa y cálida vivienda. Increíble ubicación de éste piso  Con todos los servicios que puedas imaginar al alcance de tu mano, supermercados, tiendas, centro de salud, bancos, parques, rápido acceso a carreteras, etc. Piso totalmente exterior y muy luminoso, consta de 77 m2 aproximadamente distribuidos de la siguiente manera: Amplia entrada con acceso a salón y cocina con doble comunicación. Empecemos por el salón, luminoso y muy amplio. Por su estructura podrás jugar con la decoración y ponerlo a tu gusto.  Como puedes apreciar, tendrás salida a la terraza toda acristalada, y que podrás aprovechar tanto en la época de frío como en el verano, tomando un café o leyendo un buen libro o ponerte también tu despacho algo muy demandado ahora. ¿Te parece que pasemos a la cocina? , pues te cuento, porque si eres un amante de la cocina, te va a encantar, ya que es moderna, muy bien aprovechada y con todo lujo de detalles y muy funcional, estoy convencido de que disfrutarás cocinando en compañía de la familia y. Esta a su vez nos da paso al pasillo donde se encuentran las habitaciones y el baño. Dos dormitorios, (Antes tres) muy cuadrados, lo cual nos permitirá decorarlos y darle ese toque personal como más te guste. El dormitorio principal dispone de armario empotrado bastante grande y consta de aire acondicionado también se le hizo zona relax con jacuzzi. El baño con plato de ducha.  Te podría contar mil cosas mas de este maravilloso piso, pero mejor ven a verlo no te quedes con las ganas. ¿No me digas que no es el piso que llevas tiempo buscando? Estoy seguro de que ""SÍ"", ven a verlo porque te encantará. Soy Maikel asesor de la zona, llámanos, estaré encantado de atenderte y de enseñarte la vivienda de tus sueños. Honorarios de intermediación incluidos en el precio. Posibilidad de financiación hasta el 100%. ""TU SUEÑO EN BUENAS MANOS"".",False,good,False,True,3375.0,False,False,False,False,[],False,False,259900.0,€,flat,"El Soto - Coveta, Móstoles",Piso,Destacado,,,,269900.0,10000.0,4.0,
108751428,https://img4.idealista.com/blur/480_360_mq/0/id.pro.es.image.master/0e/53/81/1357836444.webp,RMA-FUENTEF,47,,1330000.0,chalet,sale,657.0,,6,6,Fuente del Fresno,Madrid,Fuente del Fresno,,es,,40.5855427,-3.5924436,False,https://www.idealista.com/inmueble/108751428/,"“Propiedad única, una casa con alma, luz, amplitud y distinción” En una de las zonas más codiciadas del norte de Madrid, Fuente del Fresno, se alza esta joya de vivienda independiente que redefine el concepto de amplitud, comodidad y belleza natural. Una parcela de 2153 m con un jardín que parece no tener fin, y una vivienda de 657 m construidos, pensada para disfrutar de la luz, el espacio y las vistas, desde todos los ángulos. La planta baja, te recibe con un impresionante salón-comedor abierto, bañado por luz natural, con salida directa a un acogedor porche panorámico que se convierte en el corazón de la casa: un espacio para desconectar, compartir y contemplar el entorno. Desde allí, accedes a una espectacular piscina con vistas abiertas que te robarán el aliento. La cocina, amplia y funcional, conecta con una habitación de servicio con baño completo y con acceso directo al garaje interior. En esta misma planta encontrarás también un baño completo para invitados y una habitación de generosas dimensiones, ideales como dormitorio de invitados, despacho o salón adicional, con acceso al porche. Subiendo a la planta superior, la distribución sorprende: 4 dormitorios y 4 baños completos, dos de ellos en suite. La suite principal es un auténtico refugio de tranquilidad y elegancia, con una terraza privada desde la que contemplar cada atardecer, se convierte en un regalo diario. En el exterior, además del jardín de ensueño, la propiedad dispone de un garaje exterior para 4 vehículos y espacio cubierto para otros 2 coches en el interior Y lo mejor, a solo 10 minutos caminando, tienes todos los servicios esenciales, supermercado, farmacia, comercios, sin renunciar a la privacidad y amplitud que solo una propiedad como esta puede ofrecerte. Esta casa no es solo una vivienda. Es un lugar para crear vida, recuerdos y futuro. Y está esperando a quien sepa reconocer su verdadero valor. En caso de existir dos o más clientes interesados en la propiedad, se priorizará la oferta económica más alta, siempre que esté sujeta a la elección y aceptación de la propiedad por parte del vendedor. Esta consideración será válida incluso si dicha oferta supera el precio indicado en este anuncio. Aviso legal: Este anuncio tiene carácter meramente informativo y no es vinculante, por lo que puede estar sujeto a errores u omisiones. No constituye un documento contractual. El precio de venta al público no incluye los gastos derivados del proceso de compraventa, tales como los de notaría, registro, gestión, cancelación de cargas, impuestos, plusvalía municipal, entre otros. El mobiliario, enseres u otros bienes muebles que pudieran aparecer en las imágenes no están incluidos en el precio de transmisión, salvo que se indique expresamente lo contrario en el presente anuncio.",True,good,False,,2024.0,False,False,False,False,[],False,False,1330000.0,€,chalet,Fuente del Fresno,Casa independiente,Destacado,True,True,independantHouse,,,,
106300986,https://img4.idealista.com/blur/480_360_mq/0/id.pro.es.image.master/6c/b2/43/1278689389.webp,LCM32667,52,7,590000.0,flat,sale,94.0,True,4,1,calle de Alonso Carbonell,Madrid,Madrid,Arganzuela,es,Chopera,40.3957729,-3.6974156,False,https://www.idealista.com/inmueble/106300986/,"¡Te presentamos este magnífico piso exterior con una impresionante terraza, perfecto para quienes buscan espacio, luminosidad y un proyecto de personalización! Con 94 m² construidos, esta vivienda ofrece una distribución ideal, combinando amplitud y potencial de reforma. El piso cuenta con un salón amplio y luminoso, perfecto para disfrutar de momentos en familia o relajarte con total comodidad. La cocina independiente te brinda espacio y funcionalidad, mientras que los tres amplios dormitorios y los dos baños completos aseguran confort y privacidad para todos los miembros del hogar. Uno de los mayores atractivos de esta vivienda es su impresionante terraza de 143 m², un espacio único en pleno entorno urbano. Esta terraza te permitirá crear un oasis personal, ideal para disfrutar del aire libre, comidas al exterior o para adaptar según tus necesidades, ya sea con zonas ajardinadas, un área de juego o un espacio chill-out. Este piso para reformar es una oportunidad excepcional para personalizar cada rincón a tu gusto. Podrás elegir los acabados, redistribuir los espacios y crear el hogar de tus sueños en una ubicación tranquila y a la vez bien conectada. Ubicado en el barrio de Delicias, tendrás a tu alcance todo lo que necesitas para el día a día: supermercados, colegios, farmacias y parques. Además, su excelente conexión a transporte público te permitirá moverte rápidamente por la ciudad, disfrutando de la comodidad de un entorno urbano y bien comunicado. Comentarte que contamos con un departamento financiero FINANZATE, Intermediación Financiera Eurocredit MAD S. L. en el cual puedes obtener un asesoramiento sin compromiso/sin coste para conocer tus posibilidades y tener mejores opciones y garantías a la hora de comprar. Nos dedicamos a la financiación por parte de los clientes a través de préstamos personales e hipotecarios; Según el perfil del cliente financiamos el 100%, 90% y el 80%. Tenemos la disponibilidad de asesores para llevar a cabo dicho asesoramiento financiero para que le puedan dar más información. Trabajamos con 16 entidades bancarias. Además, si no tiene aún casa y está buscando a través de la Inmobiliaria La Casa Agency podemos ayudarle de la mejor manera posible. No lo dudes más y ponte en contacto con nosotros, te ayudaremos en toda la gestión. ¡No pierdas un segundo y ven a visitarlo con nosotros, estaremos encantados de atenderte! Nota: Este anuncio no es vinculante, se muestra a título informativo y puede contener errores.",False,renew,False,True,6277.0,False,False,False,False,[],False,False,590000.0,€,flat,"Chopera, Madrid",Piso en calle de Alonso Carbonell,Destacado,True,True,,,,,
108520508,https://img4.idealista.com/blur/480_360_mq/0/id.pro.es.image.master/4d/86/1b/1347360152.webp,RP1272025139026,35,bj,498000.0,flat,sale,89.0,True,5,2,calle de la Escuadra,Madrid,Madrid,Centro,es,Lavapiés-Embajadores,40.410577,-3.7011251,False,https://www.idealista.com/inmueble/108520508/,"Proyecto Atocha S. L comercializa en exclusiva, estupenda vivienda en el centro de Madrid. Excelente oportunidad de inversión Vivienda exterior con 4 BALCONES A LA CALLE. Dispone de las siguientes estancias; hall de entrada, pasillo distribuidor, cocina independiente, cuarto de baño, aseo y varios dormitorios. Una de las estancias con salida a patio y posibilidad de diferentes usos; gimnasio, despacho, recreativo, etc. , La superficie construida de TOTAL (se trata de dos viviendas unidas), atendiendo a datos catastrales, es de 89 m2, siendo una de ellas de 49 m2 (45 m2 de vivienda y 4m2 de zonas comunes) y la otra vivienda de 40 m2 (38 m2 de vivienda y 2 m2 de zonas comunes). La superficie escriturada total (ambas viviendas) es de aproximadamente 84,50 m2 (49,10m2 de una vivienda y 35,40m2 de la otra). CALIDADES DE LA VIVIENDA: En el 2020 se reformó parte de la vivienda y el cuarto trastero. Carpintería exterior (a calle) de aluminio lacado color blanco, con dos hojas abatibles y persiana térmica en compacto. Vidrios tipo ""climalit"". Contraventanas venecianas de hierro. Carpintería a patio de luces de aluminio lacado color blanco, con hojas correderas o abatibles según zona. Persiana excepto en cuarto de baño. Vidrios tipo “climalit”. Suelos de gres en todas las estancias, imitación tarima en estancias principales. Pintura acabado liso en paredes, alicatado en cuartos húmedos, y aplacado decorativo en zócalo de pasillo. INSTALACIONES; Calefacción y A. C. S (Agua Caliente Sanitaria) mediante caldera individual de gas natural. El aseo cuenta con termo eléctrico. EDIFICIO: El Edificio cuenta con 6 alturas, incluida la planta baja y el semisótano. La ultima ITE (Inspección Técnica de Edificios) presentada en el año 2021 con un resultado “FAVORABLE”. La próxima ITE e IEE (Informe de Evaluación de los Edificios) a la que está obligado el edificio con fecha máxima de presentación para el año 2031. OTROS DATOS DE INTERÉS: Gastos de Comunidad totales, de ambas viviendas, de 82,01 € (48,46 € más 33,55 €). COMUNICACIONES: Zona con excelentes comunicaciones. METRO: La vivienda se encuentra en su proximidad con varias bocas.",False,good,False,False,5596.0,False,False,False,False,[],False,False,498000.0,€,flat,"Lavapiés-Embajadores, Madrid",Piso en calle de la Escuadra,Destacado,,,,,,,
107929844,https://img4.idealista.com/blur/480_360_mq/0/id.pro.es.image.master/92/54/08/1328637898.webp,,11,,450000.0,chalet,sale,325.0,,4,3,Chinchón,Madrid,Chinchón,,es,,40.1364281,-3.4471179,False,https://www.idealista.com/inmueble/107929844/,"HOUX presenta este encantador chalet de tres plantas, ideal para quienes buscan un hogar con espacio y potencial en una ubicación tranquila. Con un total de 325 m² construidos y una parcela de 646 m², este chalet ofrece un sinfín de posibilidades para personalizarlo a tu gusto. Distribución: - Planta principal: Cuenta con un acogedor dormitorio, una cocina funcional y un baño completo, perfecto para la comodidad de los residentes  - Planta superior: En esta planta se encuentran 4 dormitorios, todos con buena iluminación natural, y un baño completo, ofreciendo privacidad y espacio suficiente para toda la familia. - Planta baja: Espacio adicional que puede ser utilizado como sala de juegos, oficina o cualquier otra necesidad que tengas, además, encontrarás un amplio salón con chimenea de leña, ideal para disfrutar de momentos cálidos en familia, y un espacio de garaje que proporciona comodidad y seguridad. El chalet cuenta con un hermoso jardín que incluye una piscina, perfecta para disfrutar del aire libre y del clima de la zona. Su ubicación en Chichón garantiza buenas comunicaciones y acceso a todos los servicios necesarios. Este chalet es una excelente oportunidad para reformar y convertir en el hogar de tus sueños. ¡No dejes pasar la oportunidad de visitarlo! Puedes concertar una visita contactándonos directamente.",False,renew,False,,1385.0,True,False,False,False,[],False,False,450000.0,€,chalet,Chinchón,Casa independiente,Destacado,True,True,independantHouse,,,,
108440516,https://img4.idealista.com/blur/480_360_mq/0/id.pro.es.image.master/dc/9b/32/1344939574.webp,15869,10,3,4190000.0,flat,sale,323.0,True,4,5,Barrio Almagro,Madrid,Madrid,Chamberí,es,Almagro,40.4312563,-3.6928973,False,https://www.idealista.com/inmueble/108440516/,"Álvora Capital Properties, consultora inmobiliaria de alta calidad en la gestión de activos prime en Madrid, les presenta esta vivienda reformada para estrenar con muy buenas calidades y diseño, situada en una de las calles más emblemáticas de Almagro, dentro del llamado ""Triángulo de Oro"", próximo al Paseo de la Castellana y al barrio de Justicia. La vivienda se encuentra en un edificio de corte clásico de un reconocido arquitecto, con enorme portal señorial y bonitas zonas comunes. El acceso a la vivienda se realiza a través de un recibidor de generosas dimensiones, que actúa como una antesala independiente y conecta de forma natural con la zona social. Esta se abre hacia un amplio espacio de estar, organizado en varios ambientes. Una cuidada iluminación natural recorre todas las estancias que se disponen en torno a un frente acristalado, orientado hacia la terraza.  El comedor, situado de forma independiente, puede adaptarse como una estancia adicional, lo que permite una distribución versátil según las necesidades del momento. La cocina, independiente pero parcialmente abierta mediante una corredera empotrada, mantiene la conexión con la zona social sin renunciar a su funcionalidad. El área de servicio incluye un dormitorio y un baño completo, ideal tanto para invitados como para un miembro de la familia que requiera mayor autonomía, o para el personal doméstico. Además, cuenta con una puerta de servicio con acceso directo al ascensor secundario, facilitando las entradas y salidas de manera discreta y eficiente. El dormitorio principal con baño privado. Los dormitorios secundarios también son amplios, luminosos y todos con baño en suite. Incluye plaza de garaje en el mismo edificio, servicio de portería y trastero. Este fabuloso piso está listo para entrar a vivir en una de las zonas de Madrid. Contamos con propiedades similares en la misma zona, algunas de las cuales están disponibles exclusivamente en nuestra página web por solicitud de los propietarios, y otras se comercializan de forma confidencial en régimen off market. Si desea obtener más información o ver otros inmuebles, puede acceder a los enlaces adicionales al final del anuncio o contactar con nosotros a través de nuestros medios habituales o a través de nuestra página web.",False,good,False,True,12972.0,False,False,False,False,[],False,False,4190000.0,€,flat,"Almagro, Madrid",Piso,Destacado,True,True,,,,,
107311314,https://img4.idealista.com/blur/480_360_mq/0/id.pro.es.image.master/d7/96/81/1309187115.webp,78844,10,5,5200000.0,flat,sale,495.0,True,5,5,Barrio Almagro,Madrid,Madrid,Chamberí,es,Almagro,40.4330243,-3.6928305,False,https://www.idealista.com/inmueble/107311314/,"Álvora Capital Properties, consultora inmobiliaria de alta calidad en la gestión de activos prime en Madrid, les presenta esta excepcional vivienda para reformar, ubicada en la mejor zona de Almagro, una de las áreas más exclusivas y distinguidas de Madrid. Situada en un edificio señorial esta propiedad de 495m2 construidos ofrece un gran potencial para adaptarse a distintos estilos de vida, permitiendo una reforma a medida que maximice su amplitud y funcionalidad. La vivienda destaca por su distribución versátil y sus múltiples posibilidades de diseño. La zona más interior se orienta hacia un gran patio de manzana, proporcionando un entorno tranquilo y privado. Además, la propiedad cuenta con dos plazas de garaje de acceso directo y un cuarto trastero. Nuestros arquitectos de Álvora Desing recomiendan una excelente distribución moderna que optimiza cada estancia y realza la amplitud de la vivienda. La propuesta plantea una gran zona de recibo diáfana, con un salón de gran tamaño con varios ambientes, rodeado de ventanales que permiten la entrada de luz natural. A continuación, un comedor independiente y una cocina de diseño con isla central, equipada con materiales de alta gama y un área de office, crearían un entorno funcional y elegante. Para la zona de descanso, la distribución sugiere la creación de cuatro dormitorios en suite, todos con vestidores y baños privados. El dormitorio principal, de dimensiones generosas, contaría con un gran vestidor y un baño de diseño exclusivo, con acabados en piedra natural y detalles sofisticados. Un aseo de cortesía y una zona de lavandería independiente complementarían la distribución, garantizando el máximo confort. Ubicada en Almagro, una de las calles más representativas de Madrid, esta propiedad se encuentra en un entorno rodeado de embajadas, edificios históricos y una exclusiva oferta gastronómica y cultural. Su ubicación privilegiada, junto a su gran potencial de reforma, la convierten en una oportunidad única para crear una vivienda exclusiva en uno de los barrios más distinguidos de la ciudad. El barrio de Almagro es considerado uno de los más elegantes de Madrid. Pertenece al distrito de Chamberí, es actualmente junto con otros barrios como Justicia o Recoletos, una de las zonas residenciales más demandadas. En este barrio destaca el denominado Triángulo de Oro, comprendido por las calles Génova, Almagro y Castellana. En el barrio de Almagro, destacan los numerosos palacetes, embajadas, galerías de arte y centros culturales conforman este elegante eje de la capital. Zona muy acogedora y tranquila donde se encuentran algunos de los establecimientos hosteleros más conocidos de Madrid. La zona dispone de una gran oferta educativa, con colegios concertados y privados. Además, es un área con mucho encanto para ir de compras destacando la proximidad al eje de Fuencarral y a la calle Serrano.  Hablar del Triángulo de Oro de Almagro (Castellana-Génova-Almagro) es hablar de exclusividad, prestigio y seguridad.  Álvora Capital Properties con más de 20 años de experiencia cuenta con un grupo de profesionales altamente cualificados con una amplia vocación de servicio, dedicados a asesorar a nuestros clientes en la gestión de inmuebles situados en las mejores zonas de Madrid. Visite nuestra web corporativa contamos con un gran porcentaje de inmuebles no publicados en los portales inmobiliarios.",False,renew,False,True,10505.0,False,False,False,False,[],False,False,5200000.0,€,flat,"Almagro, Madrid",Piso,Destacado,True,True,,,,,
108786058,https://img4.idealista.com/blur/480_360_mq/0/id.pro.es.image.master/46/cb/64/1359165907.webp,846,11,2,201000.0,flat,sale,56.0,True,3,1,calle de Extremadura,Madrid,Algete,,es,,40.6002945,-3.5005652,False,https://www.idealista.com/inmueble/108786058/,"¿Buscas un hogar cómodo, bien ubicado y en un entorno tranquilo? ¡Este piso en justo lo que necesitas! ""También ofrecemos servicios de reformas para que puedas darle ese toque personal y único a tu espacio. ¡Estamos aquí para ayudarte a hacer realidad tus ideas"" Características principales: 3 habitaciones, incluyendo una pequeña que puede convertirse en vestidor o espacio adicional según tus necesidades. Amplia terraza para disfrutar del aire libre y momentos de relax. Ubicado en un edificio sin ascensor, pero con todas las comodidades a tu alcance. Situado en un municipio con un ambiente tranquilo, ideal para familias y quienes buscan paz Espacios verdes y zonas de ocio para disfrutar del aire libre Excelente conexión con Madrid y otras localidades cercanas, gracias a su buena ubicación. Servicios básicos, colegios, comercios y una infraestructura que garantiza una buena calidad de vida Entorno natural y rural cercano, perfecto para quienes valoran un estilo de vida saludable y relajado Además, te ayudamos con la financiación para que puedas hacer realidad tu sueño de tener tu propio hogar sin complicaciones. ¡No dejes pasar esta oportunidad! Contacta con nosotros y descubre todas las posibilidades y beneficios que puedes aprovechar al máximo con tu piso. Ref. 846.",False,good,False,False,3589.0,False,False,False,False,[],False,False,201000.0,€,flat,Algete,Piso en calle de Extremadura,Destacado,,,,,,,
108555243,https://img4.idealista.com/blur/480_360_mq/0/id.pro.es.image.master/b3/70/c4/1348335251.webp,RP1222025139195,15,5,280000.0,flat,sale,39.0,True,1,1,calle de Latoneros,Madrid,Madrid,Centro,es,Sol,40.4153531,-3.7089569,False,https://www.idealista.com/inmueble/108555243/,"REDPISO LAVAPIES EMBAJADORES OFRECE VIVIENDA IDEAL PARA INVERSIÓN CON ALTA RENTABILIDAD, O COMO PRIMERA VIVIENDA. Disponible vivienda en el Centro de Madrid. Ubicado en la mejor zona con vistas a la calle Toledo junto a la Plaza Mayor, teniendo a tan sólo 2 minutos la estación de metro de La Latina, Sol o Tirso de Molina que cuentan con las líneas 1 y 5, . Ubicado en una magnifica finca clásica en excelentes condiciones de año 1.860 y cercano al teatro Albeniz y teatro de la Latina. Consta de 39 m2 construidos, distribuidos en salón con cocina, una habitación y baño con plato de ducha e hidromasaje, el inmueble también cuenta con puerta de seguridad, ventanas de doble cristal climalit, que aíslan perfectamente el ruido y la temperatura y radiadores con sistema de acumulación residual con programación que ayudan al ahorro de energía. Se encuentra ubicada en la quinta planta de un edifico de cinco alturas. Cercanos a la vivienda se encuentran múltiples comercios, espacios de ocio y gastronómicos, parking público y el Teatro Pavón, Teatro La Latina y Teatro Alberiz, también contamos con que estamos ubicados a 1 minuto de la emblemática Plaza Mayor de Madrid. ///SU HOGAR ES NUESTRO COMPROMISO/// Disponemos de nuestro propio departamento financiero DCREDIT que le ayudará a gestionar cualquier crédito. ¡ASESORAMIENTO FINANCIERO GRATUITO! En REDPISO LAVAPIES trabajamos para ofrecer a nuestros clientes los mejores inmuebles del centro de Madrid, con un gran equipo especializado en la zona, para proporcionarles la mejor opción a cada necesidad, cuidando al máximo los detalles. ***. Más inmuebles en nuestra página oficial REDPISO. ES*** ***EL PRECIO NO INCLUYE GASTOS DE NOTARÍA, REGISTRO, GESTORÍA, E IMPUESTO DE TRANSMISIONES PATRIMONIALES (6%) ***PARA MAYOR INFORMACIÓN NO DUDE EN CONTACTARNOS, O PARA AGENDAR UNA VÍSITA SIN NINGÚN COMPROMISO.",False,good,False,False,7179.0,False,False,False,False,[],False,False,280000.0,€,flat,"Sol, Madrid",Piso en calle de Latoneros,Destacado,,,,,,,
107385632,https://img4.idealista.com/blur/480_360_mq/0/id.pro.es.image.master/8f/48/71/1311365098.webp,459-LASSUERTES,28,4,238000.0,flat,sale,80.0,True,3,1,calle Pico de la Maliciosa,Madrid,Collado Villalba,Parque de la Coruña - Las Suertes,es,,40.6208217,-4.0059514,False,https://www.idealista.com/inmueble/107385632/,"Piso en PARQUE LA CORUÑA, con 80 m² construidos, 78 m² útiles, 3 dormitorios, 1 baños, buen estado, exterior, planta 4, 3 armarios, cocina independiente, orientación noroeste, 1975, zonas verdes, piscina comunitaria, 4 plantas del edificio, calefacción individual, combustible eléctrico, agua caliente individual, energía agua eléctrica, gastos de comunidad/mes de 87 €, incluye agua, acepta animales, suelo de tarima, futbol, cuota ibi: 295€. En la encantadora localidad de Collado Villalba, en la deseada zona de Parque La Coruña, se presenta una magnífica oportunidad para adquirir un piso que combina comodidad y estilo. Con 92m² construidos y 80 m² útiles, este espacioso inmueble se caracteriza por su luminosidad y su disposición exterior, lo que garantiza un ambiente cálido y acogedor en cada rincón. Situado en la cuarta planta, ofrece unas vistas maravillosas que te permitirán disfrutar de la belleza del entorno desde la comodidad de tu hogar. Este atractivo piso cuenta con tres amplios dormitorios, perfectos para adaptarse a tus necesidades, ya sea como habitaciones familiares, estudios o espacios de invitados. El baño, bien conservado y funcional, complementa a la perfección la distribución del hogar. Además, la propiedad dispone de tres armarios empotrados que optimizan el espacio, brindando un orden inigualable y facilitando el almacenamiento de tus pertenencias. La cocina independiente es un espacio ideal para liberar tu creatividad culinaria, equipada para hacer de cada comida una experiencia memorable. La orientación noroeste de este inmueble permite disfrutar de una iluminación natural excepcional a lo largo del día, creando un ambiente acogedor y placentero. También cuenta con calefacción individual mediante combustible eléctrico, lo que asegura un confort térmico durante los meses más fríos. Además, el agua caliente individual y la energía eléctrica garantizan una gestión eficiente de los recursos, contribuyendo así a un hogar más sostenible. Este atractivo piso no solo destaca por su interior, sino también por su entorno. La zona de Parque La Coruña se caracteriza por sus amplias zonas verdes, perfectas para disfrutar de actividades al aire libre y momentos de relajación. La piscina comunitaria es un plus que hará las delicias de toda la familia, proporcionando un refrescante escape en los calurosos días de verano. Además, la proximidad a espacios deportivos, como campos de fútbol, asegura que siempre haya algo que hacer. Por si fuera poco, los gastos de comunidad son muy razonables, con una cuota mensual de solo 87 €, que incluye agua, permitiendo así una gestión económica ajustada. Con un IBI de 295 €, este piso representa una inversión inteligente en un entorno en constante crecimiento. No dejes pasar esta oportunidad única de vivir en un hogar que combina confort, estilo y una ubicación inmejorable en Collado Villalba. ¡Contáctanos y ven a descubrir tu nuevo hogar.",True,good,False,False,2975.0,False,False,False,False,[],False,False,238000.0,€,flat,"Parque de la Coruña - Las Suertes, Collado Villalba",Piso en calle Pico de la Maliciosa,Destacado,,,,,,,
107265387,https://img4.idealista.com/blur/480_360_mq/0/id.pro.es.image.master/3f/72/e9/1307891130.webp,RP1332025134647,3,3,999000.0,flat,sale,167.0,True,5,6,calle de Fuencarral,Madrid,Madrid,Centro,es,Chueca-Justicia,40.4191182,-3.7023897,False,https://www.idealista.com/inmueble/107265387/,"Espléndido Inmueble en el Corazón de Madrid Ubicado en la prestigiosa calle Fuencarral, en el distrito Justicia, este amplio y luminoso inmueble de 167 m² es una oportunidad única en pleno centro de Madrid. Con cinco espaciosos dormitorios y seis baños completos, esta propiedad ofrece grandes posibilidades de reforma, permitiéndote diseñar el espacio a tu gusto y necesidades. Los dos balcones con vistas a la icónica calle Fuencarral y la orientación oeste garantizan una excelente iluminación natural en toda la vivienda. La finca clásica cuenta con ascensor y se encuentra en una ubicación inmejorable, rodeada de zonas de ocio y restauración, y con excelentes comunicaciones. ¡No pierdas la oportunidad de vivir en uno de los barrios más vibrantes de Madrid! Contacta con nosotros para más información y visitas. No pierda esta oportunidad. No dude en contactarnos visitándonos en nuestra oficina ubicada en la Calle Hortaleza 59 28004 Madrid o a través del Whatsapp en el teléfono de contacto ¡Le esperamos!",False,renew,False,True,5982.0,True,False,False,False,[],False,False,999000.0,€,flat,"Chueca-Justicia, Madrid",Piso en calle de Fuencarral,Destacado,,,,,,,
108826604,https://img4.idealista.com/blur/480_360_mq/0/id.pro.es.image.master/c7/cc/4d/1356296803.webp,RP1892025140169,48,7,479000.0,flat,sale,52.0,True,1,1,calle del Corazón de María,Madrid,Madrid,Chamartín,es,Prosperidad,40.4460212,-3.6666789,False,https://www.idealista.com/inmueble/108826604/,"Se vende vivienda en séptima planta exterior, ubicada en la prestigiosa calle Corazón de María, en el barrio de Prosperidad (Chamartín). Situada en una finca representativa con ascensor y portero físico, este piso ofrece una excelente calidad de vida en una de las zonas más demandadas de Madrid. La vivienda se distribuye en un salón-comedor amplio y luminoso, con acceso directo a una terraza exterior privada, ideal para disfrutar del aire libre. Dispone de una cocina independiente totalmente equipada y un dormitorio principal con baño en suite, lo que garantiza privacidad y comodidad. Gracias a su altura y orientación, disfruta de una magnífica entrada de luz natural durante todo el día, lo que aporta una gran sensación de amplitud y bienestar en cada estancia. Ubicación inmejorable, rodeada de todo tipo de servicios, comercios, colegios y excelentes conexiones con transporte público. Una opción ideal tanto para vivir como para invertir en una de las mejores zonas residenciales de Madrid.",False,good,False,True,9212.0,False,False,False,False,[],False,False,479000.0,€,flat,"Prosperidad, Madrid",Piso en calle del Corazón de María,Destacado,,,,,,,
108885324,https://img4.idealista.com/blur/480_360_mq/0/id.pro.es.image.master/ee/70/4d/1357925862.webp,PV-7155,10,bj,155000.0,flat,sale,35.0,True,1,1,calle Isla de la Toja,Madrid,Collado Villalba,Parque de la Coruña - Las Suertes,es,,40.6231164,-4.0128024,False,https://www.idealista.com/inmueble/108885324/,"CONTINENTAL GESTORES INMOBILIARIOS VENDE APARTAMENTO compuesto de 1 dormitorio, cocina y baño con ducha, plaza de garaje incluida en precio. La urbanización se compone de piscina, zonas comunes y parque infantil.",False,good,False,True,4429.0,False,False,False,False,[],False,False,155000.0,€,flat,"Parque de la Coruña - Las Suertes, Collado Villalba",Piso en calle Isla de la Toja,Destacado,True,True,,,,,
105718745,https://img4.idealista.com/blur/480_360_mq/0/id.pro.es.image.master/b3/45/ce/1267147503.webp,Estudio ,21,5,201000.0,studio,sale,57.0,True,0,1,avenida del Juncal,Madrid,San Sebastián de los Reyes,Vega de la Moraleja,es,,40.5388242,-3.6210541,False,https://www.idealista.com/inmueble/105718745/,"Compra tu loft propio para vivir o para invertir. Tu primer loft con idea de futura inversión. Estudio de 57 m2 con baño completo con plato de ducha, cocina abierta amueblada y equipada con electrodomésticos y un amplio ventanal con apertura de ventana batiente. Orientación Norte. El precio incluye una plaza de garaje en el mismo edificio con posibilidad de una segunda (no incluida en el precio).  Quinta planta de un edificio de 15 años de antigüedad. Con un diseño singular en forma de puente de barco, acristalado y de gran luminosidad que ofrece unas vistas inmejorables, hacia La Moraleja y el aeropuerto. Se divide en 6 alturas, algunas de ellas de 2 niveles por los dúplex, separado en 2 alas con dos portales independientes con doble ascensor cada uno. En urbanización privada con portería frente al acceso, zona ajardinada, piscina, pádel, gimnasio y soportales en sombra con aparcamiento de bici. Cuenta con una segunda piscina en la azotea con espectaculares vistas y la privacidad de la altura, un lujo exclusivo. Disponemos de más loft, para entrar a vivir o para reformar. Zona con mucha demanda de vivienda en alquiler por su ubicación y características. Zona con servicios, como el polideportivo municipal José Caballero, Parque Adolfo Suarez, Parque Jardín de la Vega y otras áreas verdes donde pasear o practicar deporte. Colegios públicos y privados, centros sanitarios y a tan sólo 2 km del Hospital Infanta Sofía. Además, se encuentra el campus de la Universidad Europea y centros de oficinas de multinacionales. A 5 minutos a pie del centro comercial Plaza Norte 2, con sus cines y amplia oferta comercial, Carrefour, Ikea, Leroy Merlin, Conforama, MediaMarkt, Porcelanosa y una larga lista de comercios y restaurantes. A 5 minutos andando se encuentra Mercadona. Con acceso directo a la A1, carretera de Burgos, se llega al centro de Madrid, en tan solo 25 minutos en coche. Con accesos rápidos a la M30, M40 y M50 lo cual permite llegar cómodamente a cualquier parte de la provincia.  A 10 minutos en coche del Aeropuerto de Barajas, a través de la M11 o la M12. Acceso directo a la estación de Chamartín por la M30. Tiene una variada oferta de transporte público, estación Alcobendas-San Sebastián de los Reyes de Cercanías Renfe, línea C-4 a 20 minutos andando (1,7 km). Línea 10 de metro La Moraleja a 20 minutos andando (1,8 km). Autobuses a 2 minutos andando, línea 4 Sansebus e interurbanos 156, 171, 180 y N102 conectado con Madrid y otras poblaciones del entorno de la A1. *Sujeto a Impuesto de Transmisiones Patrimoniales.",False,good,False,True,3526.0,False,False,False,False,[],False,False,201000.0,€,flat,"Vega de la Moraleja, San Sebastián de los Reyes",Estudio en avenida del Juncal,Destacado,True,True,studio,,,,
108339449,https://img4.idealista.com/blur/480_360_mq/0/id.pro.es.image.master/64/63/3f/1351180703.webp,RP1112025138383,41,1,330000.0,flat,sale,87.0,True,3,1,Zona norte,Madrid,Majadahonda,Zona norte,es,,40.4746926,-3.8715557,False,https://www.idealista.com/inmueble/108339449/,"REDPISO Majadahonda comercializa en exclusiva fantástico piso de 87m2 en el centro de Majadahonda, a tan sólo escasos pasos de la Gran Vía. La vivienda posee un hall de entrada, que da acceso a un luminoso salón-comedor, y a la amplia cocina.  La zona de descanso cuenta con tres dormitorios y cuarto de baño completo. EL piso cuenta con una excelente ubicación al estar en pleno casco Antiguo de Majadahonda. Majadahonda nos ofrece extraordinarios colegios, centros comerciales, centros médicos de renombre y un sinfín de servicios. Situada a 16 kilómetros del centro de Madrid, cuenta con excelentes comunicaciones con la capital a través de la A6 o de la M-503 además de disponer de una excelente red de transporte público, con estación de Cercanías y acceso directo y rápido de los autobuses a Madrid a través de BUS VAO en menos de 15 minutos.!",False,good,False,False,3793.0,False,False,False,False,[],False,False,330000.0,€,flat,"Zona norte, Majadahonda",Piso,Destacado,,,,349999.0,19999.0,6.0,
101238471,https://img4.idealista.com/blur/480_360_mq/0/id.pro.es.image.master/2e/ae/1d/1115405310.webp,M-DLF,18,4,300000.0,flat,sale,50.0,False,1,1,calle de la Fe,Madrid,Madrid,Centro,es,Lavapiés-Embajadores,40.4099336,-3.6986358,False,https://www.idealista.com/inmueble/101238471/,"VIVIENDA ALQUILADA HASTA EL 30/06/2025. Vivienda totalmente REFORMADA, en pleno centro de Madrid, junto a la plaza de Lavapiés, en uno de los barrios más de moda de Madrid, que dispone de una amplia oferta cultural y de ocio. Próxima a la Puerta de Toledo, la Universidad Carlos III de Madrid-Campus Puerta de Toledo, Glorieta de Embajadores, Museo de Arte Reina Sofía y Plaza de Atocha. Vivienda muy luminosa. Se distribuye en cocina abierta al Salón, dormitorio con armario empotrado y cuarto de baño. Calefacción individual por gas natural, aire acondicionado. Aprobada en junta la instalación del ASCENSOR en la finca. Bien comunicada: metro de Lavapiés (línea 3), Embajadores Cercanías Renfe (C5) y varias líneas de autobuses. Al estar en el centro de Madrid, tiene a su disposición todos los servicios; comercios, colegios, restaurantes, zona de ocio, zonas verdes, centro de salud, etc.",True,good,False,False,6000.0,False,False,False,False,[],False,False,300000.0,€,flat,"Lavapiés-Embajadores, Madrid",Piso en calle de la Fe,Destacado,,,,,,,
108132016,https://img4.idealista.com/blur/480_360_mq/0/id.pro.es.image.master/ea/c2/32/1334819030.webp,,37,1,239999.0,flat,sale,137.0,True,3,2,calle del Fresno,Madrid,Aranjuez,Vergel-Las Olivas,es,,40.0255651,-3.6183168,False,https://www.idealista.com/inmueble/108132016/,"! TECNOCASA VENDE EN EXCLUSIVA! ¡Descubre tu nuevo hogar en Aranjuez CON PATIO!  Este espectacular piso en la zona de Vergel Las Olivas te ofrece todo lo que necesitas para disfrutar de una vida cómoda y moderna. Con una superficie de 137 m² construidos, cuenta con 3 amplios dormitorios y 2 baños completos, perfectos para adaptarse a tus necesidades. La calefacción individual de gas natural y el aire acondicionado frío/calor garantizan un ambiente agradable durante todo el año. Imagina relajarte en tu fantástica terraza, ideal para disfrutar de momentos al aire libre. Situado en la primera planta de un edificio con ascensor, este piso también incluye un trastero y una plaza de garaje, lo que añade un gran valor a tu nueva vivienda. La urbanización cerrada ofrece seguridad y tranquilidad, mientras que su excelente ubicación te sitúa cerca de todos los servicios: bares, restaurantes y transporte público y del centro comercial E. Leclerc. Además, la accesibilidad para personas con movilidad reducida convierte a este piso en una opción perfecta para todos. No pierdas la oportunidad de vivir en un lugar donde la comodidad y el estilo se unen. ¡Ven a visitarlo y enamórate de tu nuevo hogar en Aranjuez!",False,good,False,True,1752.0,False,False,False,False,[],False,False,239999.0,€,flat,"Vergel-Las Olivas, Aranjuez",Piso en calle del Fresno,Destacado,True,True,,,,,
108814791,https://img4.idealista.com/blur/480_360_mq/0/id.pro.es.image.master/60/59/8f/1355920554.webp,RP3112025140163,47,,129900.0,chalet,sale,162.0,,4,2,calle de Eijo Garay,Madrid,Cadalso de los Vidrios,,es,,40.3022636,-4.4409969,False,https://www.idealista.com/inmueble/108814791/,"REDPISO MADRID SUROESTE le ofrece en venta exclusiva vivienda unifamiliar ubicada en Entrepinos-Navapark. La vivienda cuenta con una superficie construida de 162m² distribuidos en dos plantas y 275m² de terreno. La planta principal se compone de un amplio salón - comedor equipado con chimenea, cocina, tres habitaciones y un cuarto de baño. Cuenta con una gran terraza con fantásticas vistas a la montaña con acceso desde el dormitorio principal.  La planta baja consta de un dormitorio, un cuarto de baño, garaje y bodega. La vivienda dispone de calefacción individual mediante caldera de gasoil. Encantador jardín con áreas soladas. Barbacoa. Además, al estar ubicada en una Urbanización, dispone de una espléndida piscina. Casa en muy buen estado de conservación. ¡Para entrar a vivir! . Perfecta para primera residencia o para vivienda vacacional en una comarca de gran belleza natural.  No dude en contactar con nosotros para ampliar la información o programar una visita para conocer la vivienda!",False,good,False,,802.0,False,False,False,False,[],False,False,129900.0,€,chalet,Cadalso de los Vidrios,Casa independiente en calle de Eijo Garay,Destacado,True,True,independantHouse,,,,
107233499,https://img4.idealista.com/blur/480_360_mq/0/id.pro.es.image.master/3a/7b/3f/1318751152.webp,CHA0033,48,,279999.0,chalet,sale,238.0,,5,2,MAYOR,Madrid,Pezuela de las Torres,,es,,40.4171417,-3.1768365,False,https://www.idealista.com/inmueble/107233499/,"Encantadora vivienda en venta en Pezuela de las Torres. IDEAL PARA VIVIR O PARA INVERTIR Se vende una amplia y luminosa vivienda en Pezuela de las Torres, construida en 2001 y en excelente estado de conservación. Esta casa de dos plantas ofrece un diseño tradicional con materiales de alta calidad y un estilo castellano que le otorga un encanto único. Al entrar, nos recibe un espacioso recibidor que da acceso a las distintas estancias de la vivienda. Dispone de tres salones independientes y un acogedor cuarto de estar, ideales para disfrutar de reuniones familiares o momentos de relax. La cocina, de estilo castellano, conserva el carácter rústico y funcionalidad. Los suelos de terrazo aportan resistencia y fácil mantenimiento, mientras que las ventanas y puertas de madera maciza, con bonitas vidrieras, añaden un toque de elegancia y tradición. Todas las ventanas cuentan con cristales Climalit, asegurando aislamiento térmico y acústico. Además, cada ventana dispone de un balcón, lo que permite una gran entrada de luz natural y vistas despejadas. En la parte interior de la vivienda, encontramos un encantador patio que ofrece un espacio al aire libre con total privacidad. La casa cuenta con una lavandería independiente y está equipada con calefacción eléctrica. Su orientación suroeste garantiza luminosidad y un ambiente cálido durante todo el año. Gracias a su distribución y características, esta propiedad es una excelente opción tanto como residencia habitual como para inversión. Su amplitud y estilo la convierten en una casa ideal para destinarla a turismo rural, ofreciendo un entorno tranquilo y acogedor para visitantes que buscan desconectar y disfrutar de la belleza de la zona. Una oportunidad única para quienes buscan una vivienda con carácter, espacios amplios y detalles de calidad, ya sea para uso propio o como inversión rentable en el sector turístico. [IW].",True,good,False,,1176.0,False,False,False,False,[],False,False,279999.0,€,chalet,Pezuela de las Torres,Casa independiente en Mayor,Destacado,,,independantHouse,,,,
107376298,https://img4.idealista.com/blur/480_360_mq/0/id.pro.es.image.master/c1/a2/46/1311105189.webp,RP032025134968,27,,265000.0,chalet,sale,160.0,,5,2,calle de las Traslascasas,Madrid,Ribatejada,,es,,40.6700756,-3.3923143,False,https://www.idealista.com/inmueble/107376298/,"¿Estás pensando en vivir a las afueras, en un espacio amplio y rodeado de naturaleza? A tan solo 45 minutos de Madrid te presentamos este chalet de 160 mts, para reformar a tu gusto, situado en una parcela de 900 mts. Se distribuye en 5 dormitorios, 2 baños (1 en suite y ambos con palto de ducha), salón de 24 metros con chimenea, cocina equipada, recibidor y pasillo distribuidor. Disfrutarás de momentos increibles tanto en su porche de 10 mts como en su cenador de 35 metros y por supuesto de la piscina privada y de sus zonas ajardinadas. Trastero de 52 metros para puedas almacenar todo lo que necesites. Ponte en contacto con nosotros y agenda tu visita.",False,renew,False,,1656.0,False,False,False,False,[],False,False,265000.0,€,chalet,Ribatejada,Casa independiente en calle de las Traslascasas,Destacado,,,independantHouse,,,,
106692519,https://img4.idealista.com/blur/480_360_mq/0/id.pro.es.image.master/74/5c/41/1291139582.webp,,67,,265000.0,chalet,sale,107.0,,3,1,calle del Molino,Madrid,San Fernando de Henares,Centro,es,,40.4273567,-3.5369579,False,https://www.idealista.com/inmueble/106692519/,"SEÑALIZADO INMOTORREJON A. DE PASCUAL VENDE EN EXCLUSIVA VIVIENDA INDEPENDIENTE EN LA ZONA CENTRO DE SAN FERNANDO DE HENARES. La vivienda se distribuye en: 3 dormitorios, salón, cocina, baño y patio trasero de 20 m2. La vivienda está para entrar a vivir aunque requiere alguna actualización. Es una vivienda independiente en una sola planta. Como características más reseñables cabe destacar: - Puerta de entrada de hierro. - Puertas interiores de contrachapado. - Suelos de plaqueta. - Doble ventana de aluminio con cristal simple. - Agua caliente y calefacción por gas natural. - Casa independiente sin grietas ni humedades. - Patio abierto y solado de 20 m2. - Tejado de teja hecho íntegramente hace 3 años. - La finca también puede dedicarse para hacer una edificación nueva sobre la superficie   gráfica de la finca. - M2 construidos: 90 - M2 útiles: 85 -M2 Patio: 20 - Superficie gráfica de la finca en superficie: 110 Si necesita financiación, en INMOTORREJON tenemos a FINANSAL SOLUCIONES HIPOTECARIAS, nuestro propio departamento de intermediación financiera que concede hasta el 100% de hipoteca. Venga a visitar esta estupenda vivienda e infórmese sin ningún tipo de compromiso por su parte. Le haremos un estudio financiero personalizado en el cual estudiaremos su perfil socio económico y le informaremos de cual es la hipoteca que mejor se adapta a sus necesidades para la compraventa de vivienda. Solicite una visita al inmueble o venga a nuestra oficina, estamos ubicados en CALLE DE ENMEDIO 14 - TORREJON DE ARDOZ (MADRID) Gracias por la atención que me ha prestado. Reciba un cordial saludo.",False,good,False,,2477.0,False,False,False,False,[],False,False,265000.0,€,chalet,"Centro, San Fernando de Henares",Chalet adosado en calle del Molino,Destacado,,,terracedHouse,,,,
108050551,https://img4.idealista.com/blur/480_360_mq/0/id.pro.es.image.master/61/23/d7/1332360258.webp,BP30042025,70,1,300000.0,duplex,sale,170.0,True,3,2,calle de Francisco de Goya,Madrid,Chinchón,,es,,40.1361947,-3.4205584,False,https://www.idealista.com/inmueble/108050551/,"L&R Bienes Raíces comercializa espectacular piso duplex de urbanización cerrada de 170 m2 de superficie construidos con 3 dormitorios amplios y 2 baños, plaza de garaje grande y un cómodo trastero, en una de las mejores zonas de Chinchon. El inmueble se reformo integralmente en el 2015, y está distribuido de la siguiente manera: en la entrada hay un pequeño hall recibidor donde se encuentra a mano derecha una pequeña despensa aprovechando el hueco de la escalera que lleva a la planta superior, a continuación está a mano izquierda la cocina, espaciosa, independiente, y completamente equipada (mobiliario y electrodomésticos), a mano derecha se encuentra el aseo, y al fondo se encuentra el salón, muy amplio y espacioso, con grandes ventanas climalit oscilo-batientes que dan a la calle, un aire acondicionado con bomba de frio/calor, y radiadores para la calefacción. En la planta superior tenemos las 3 habitaciones, todas ellas de gran tamaño, con armarios empotrados, aire acondicionado en todas y cada una de ellas, ventanas climalit, y radiadores para la calefacción, y también tenemos 1 baño completo con bañera con mampara, inodoro, lavamanos y bidet. *****PRECIO NEGOCIABLE***** Además de ello, el inmueble cuenta con una plaza de garaje espectacular (18 m2), en la mejor zona del parking, muy amplia, cabe cualquier tipo de coche como se puede apreciar en las fotos, y un cómodo trastero de mas de 6 m2, todo en la misma planta de la urbanización. La urbanización cuenta con un patio privativo muy amplio (100 metros) con farolas, donde se puede salir a compartir con sillas y mesas con tus amistades o familiares al aire libre. Muy bien comunicado dentro de Chinchon, a menos de 5 minutos del casco histórico, de la plaza mayor, y a menos de 300 metros de varios supermercados (COVIRAN, DIA), de la zona de restauración, de farmacias y del ambulatorio. *****PRECIO NEGOCIABLE***** Gran oportunidad de adquirir una vivienda amplia, con todas las comodidades, y lista para entrar a vivir a un buen precio en una de las localizaciones de moda de Madrid, Chinchon. Llámanos y agenda tu visita con nosotros!",True,good,False,False,1765.0,False,False,False,False,[],False,False,300000.0,€,flat,Chinchón,Dúplex en calle de Francisco de Goya,Destacado,True,True,duplex,,,,
95209632,https://img4.idealista.com/blur/480_360_mq/0/id.pro.es.image.master/58/e6/8f/912153789.webp,40150,9,5,6730000.0,flat,sale,345.0,True,4,4,Barrio Almagro,Madrid,Madrid,Chamberí,es,Almagro,40.430482,-3.6939793,False,https://www.idealista.com/inmueble/95209632/,"Excelente propiedad palaciega de 345m² se encuentra en la quinta planta de los edificios clásicos más representativos situado en la mejor zona de Almagro. La finca es clásica y muy señorial, data de principios del siglo XX, cuenta con excelentes zonas comunes, a destacar su impresionante portal y su preciosa fachada de piedra. La zona de recibo de la casa se abre a través de un hall de entrada que da paso a un amplio despacho y un salón dividido en dos ambientes, seguido de un gran y espacioso comedor orientado hacia la zona de estar. El área de recibo es exterior a 3 amplios balcones corridos y un espectacular mirador con orientación oeste. En el área de descanso se encuentran tres dormitorios, de los cuales uno es el dormitorio principal con su propio cuarto de baño en suite y vestidor, tanto el dormitorio como el baño son exteriores a tres balcones corridos orientados al este. La propiedad cuenta además con otros dos dormitorios secundarios. Para finalizar, la zona de servicio consta de la cocina con office, despensa, un cuarto lavadero y un dormitorio con cuarto de baño para el personal de servicio, el cual cuenta con su propia entrada a la vivienda. Destacan la gran altura de techos con molduras en toda la vivienda, dotándola de luminosidad y amplitud espacial. La vivienda dispone de calefacción y agua central, aire acondicionado, servicio de portería, ascensor, montacargas y posibilidad de una plaza de garaje (negociable) a un minuto andando de la finca. El barrio de Almagro es considerado uno de los más elegantes de Madrid. Pertenece al distrito de Chamberí, es actualmente junto con otros barrios como Justicia o Recoletos, una de las zonas residenciales más demandadas. En este barrio destaca el denominado Triángulo de Oro, comprendido por las calles Génova, Almagro y Castellana. En el barrio de Almagro, destacan los numerosos palacetes, embajadas, galerías de arte y centros culturales conforman este elegante eje de la capital. Zona muy acogedora y tranquila donde se encuentran algunos de los establecimientos hosteleros más conocidos de Madrid. La zona dispone de una gran oferta educativa, con colegios concertados y privados. Además, es un área con mucho encanto para ir de compras destacando la proximidad al eje de Fuencarral y a la calle Serrano.  Hablar del Triángulo de Oro de Almagro (Castellana-Génova-Almagro) es hablar de exclusividad, prestigio y seguridad.  Álvora Capital Properties con más de 20 años de experiencia cuenta con un grupo de profesionales altamente cualificados con una amplia vocación de servicio, dedicados a asesorar a nuestros clientes en la gestión de inmuebles situados en las mejores zonas de Madrid. Visite nuestra web corporativa contamos con un gran porcentaje de inmuebles no publicados en los portales inmobiliarios.",False,renew,False,True,19507.0,False,False,False,False,[],False,False,6730000.0,€,flat,"Almagro, Madrid",Piso,Destacado,True,False,,,,,80000.0
107888624,https://img4.idealista.com/blur/480_360_mq/0/id.pro.es.image.master/83/f7/89/1327372918.webp,RP062025136604,23,4,310000.0,flat,sale,83.0,True,3,1,calle de Ascao,Madrid,Madrid,Ciudad Lineal,es,Pueblo Nuevo,40.4309773,-3.6414548,False,https://www.idealista.com/inmueble/107888624/,"Grupo Inmobiliario Redpiso Ascao, Vende vivienda en la C/ Ascao de 83 m², 4ª planta SIN ASCENSOR consta de 3 dormitorios, salón independiente con salida a la terraza, cocina y 1 baño Calefacción eléctrica y aire acondicionado. Dicho inmueble dispone de una amplia terraza cerrada de 9,5 m² y tendedero, exterior. Para entrar a vivir. Muy Buena ubicación, próximo al metro de Ascao (línea 7) y con diferentes paradas de autobús que recorren y comunican la zona (109-28). Zona muy consolidada con todos los servicios, una de las mejores calles de la zona de Ascao ¡Inmejorable zona! Llámenos sin compromiso y coordinamos su visita. ¡No dudes en aprovechar esta oportunidad!.",True,good,False,False,3735.0,False,False,False,False,[],False,False,310000.0,€,flat,"Pueblo Nuevo, Madrid",Piso en calle de Ascao,Destacado,,,,,,,
108728971,https://img4.idealista.com/blur/480_360_mq/0/id.pro.es.image.master/1d/b4/4c/1353398018.webp,CAScan0000198246,3,,295000.0,chalet,sale,393.0,,4,3,"CL Francisca y Fco Fausto, 44",Madrid,Chinchón,,es,,40.1402665,-3.4221687,True,https://www.idealista.com/inmueble/108728971/,"Activo adjudicado en subasta sin posesión Actualmente, no es posible realizar visitas al interior del inmueble. Las fotografías pueden no reflejar el estado actual de la propiedad. El precio del inmueble ha sido fijado en atención a que el inmueble se adquiera por el comprador en estado de ocupado por lo que no aplicaría dicho precio si en el momento de formalización de la escritura pública el inmueble se encontrara libre de ocupantes. Chalet en venta ubicado en CALLE DOÑA FRANCISCA Y DON FRANCISCO FAUSTO, CHINCHÓN, Madrid. Dispone de una superficie de 393 m2.",False,renew,False,,751.0,False,False,False,False,[],False,False,295000.0,€,chalet,Chinchón,"Casa independiente en Cl Francisca y Fco Fausto, 44",Destacado,True,True,independantHouse,,,,
105718790,https://img4.idealista.com/blur/480_360_mq/0/id.pro.es.image.master/10/32/64/1267145043.webp,Dúplex 1,25,2,215000.0,duplex,sale,62.0,True,1,1,avenida del Juncal,Madrid,San Sebastián de los Reyes,Vega de la Moraleja,es,,40.5403891,-3.6185345,False,https://www.idealista.com/inmueble/105718790/,"Compra tu loft propio para vivir o para invertir. Tu primer loft con idea de futura inversión. Dúplex de 62 m2 en dos alturas, cocina y salón en planta baja y dormitorio y baño en planta alta. Baño completo con ducha, cocina abierta equipada y un amplio ventanal con apertura de ventana batiente. Ventilación cruzada, con ventana en dormitorio. Orientación Suroeste. El precio incluye una plaza de garaje en el mismo edificio con posibilidad de una segunda (no incluida en el precio). Segunda planta de un edificio de 15 años de antigüedad. Con un diseño singular en forma de puente de barco, acristalado y de gran luminosidad que ofrece unas vistas inmejorables, hacia La Moraleja y el aeropuerto. Se divide en 6 alturas, algunas de ellas de 2 niveles por los dúplex, separado en 2 alas con dos portales independientes con doble ascensor cada uno. En urbanización privada con portería frente al acceso, zona ajardinada, piscina, pádel, gimnasio y soportales en sombra con aparcamiento de bici. Cuenta con una segunda piscina en la azotea con espectaculares vistas y la privacidad de la altura, un lujo exclusivo. Disponemos de más loft, para entrar a vivir o para reformar. Zona con mucha demanda de vivienda en alquiler por su ubicación y características. Zona con servicios, como el polideportivo municipal José Caballero, Parque Adolfo Suarez, Parque Jardín de la Vega y otras áreas verdes donde pasear o practicar deporte. Colegios públicos y privados, centros sanitarios y a tan sólo 2 km del Hospital Infanta Sofía. Además, se encuentra el campus de la Universidad Europea y centros de oficinas de multinacionales. A 5 minutos a pie del centro comercial Plaza Norte 2, con sus cines y amplia oferta comercial, Carrefour, Ikea, Leroy Merlin, Conforama, MediaMarkt, Porcelanosa y una larga lista de comercios y restaurantes. A 5 minutos andando se encuentra Mercadona. Con acceso directo a la A1, carretera de Burgos, se llega al centro de Madrid, en tan solo 25 minutos en coche. Con accesos rápidos a la M30, M40 y M50 lo cual permite llegar cómodamente a cualquier parte de la provincia.  A 10 minutos en coche del Aeropuerto de Barajas, a través de la M11 o la M12. Acceso directo a la estación de Chamartín por la M30. Tiene una variada oferta de transporte público, estación Alcobendas-San Sebastián de los Reyes de Cercanías Renfe, línea C-4 a 20 minutos andando (1,7 km). Línea 10 de metro La Moraleja a 20 minutos andando (1,8 km). Autobuses a 2 minutos andando, línea 4 Sansebus e interurbanos 156, 171, 180 y N102 conectado con Madrid y otras poblaciones del entorno de la A1. *Sujeto a Impuesto de Transmisiones Patrimoniales.",False,good,False,True,3468.0,False,False,False,False,[],False,False,215000.0,€,flat,"Vega de la Moraleja, San Sebastián de los Reyes",Dúplex en avenida del Juncal,Destacado,True,True,duplex,,,,
108776081,https://img4.idealista.com/blur/480_360_mq/0/id.pro.es.image.master/8d/3a/45/1354788913.webp,RP1892025140033,22,1,749000.0,flat,sale,97.0,True,3,2,calle de López de Hoyos,Madrid,Madrid,Chamartín,es,Ciudad Jardín,40.4449015,-3.6706815,False,https://www.idealista.com/inmueble/108776081/,"Se vende vivienda exterior, ubicada en la calle López de Hoyos, en una zona residencial consolidada con todo tipo de servicios, buena conexión en transporte público y gran oferta comercial. La propiedad se distribuye en tres dormitorios, dos baños completos (uno de ellos en suite), una cocina americana integrada en el salón-comedor y una terraza exterior. La finca construida con buenos materiales y bien mantenida, cuenta con ascensor, portero físico y plaza de garaje INCLUIDA EN EL PRECIO, lo que aporta comodidad y seguridad al día a día. Una vivienda funcional, luminosa y bien situada, ideal tanto para vivir como para invertir. Si quieres más información o concertar una visita, contáctanos sin compromiso.",False,good,False,True,7722.0,False,False,False,False,[],False,False,749000.0,€,flat,"Ciudad Jardín, Madrid",Piso en calle de López de Hoyos,Destacado,True,True,,,,,
107600955,https://img4.idealista.com/blur/480_360_mq/0/id.pro.es.image.master/c5/c3/50/1317270625.webp,RP2892025135634,23,bj,359999.0,flat,sale,148.0,True,4,2,calle Jacobinia,Madrid,Madrid,Carabanchel,es,Vista Alegre,40.3786349,-3.7522828,False,https://www.idealista.com/inmueble/107600955/,"TU NUEVO HOGAR - REDPISO EUGENIA DE MONTIJO TIENE LO QUE BUSCAS Disfruta de vivir en una de las mejores zonas de Carabanchel, rodeado de zonas ajardinadas.  Disponemos de esta vivienda en el núcleo residencial Parque Eugenia de Montijo. Un inmueble con infinidad de posibilidades, es lo que estabas esperando!  Esta propiedad se encuentra en la planta baja con PATIO, ideal para disfrutar del aire libre y relajarse en cualquier momento del día.  Distribuida en 4 dormitorios actualmente 3, salón amplio e independiente de 22 metros, hall recibidor con aseo, cocina de 16 metros con acceso a patio, baño completo.  La vivienda dispone de patio de uso privativo, de 23 metros. Ideal para disfrutar en las noches de verano!      La vivienda se encuentra en una ubicación privilegiada, con excelentes conexiones de transporte público. En calle Jacobinia, paralela a Av de los Poblados, zona residencial rodeado de jardines y parques infantiles para compartir con tu familia.  Encontraras en la zona todo tipo de servicios: centro de salud, colegios ( San Gabriel, CEIP Parque Eugenia de Montijo), supermercados, farmacias, bancos, restaurantes. Comunicado con las líneas de autobuses EMT: 34, 35, 121, 131, 4 93, metro Eugenia de Montijo (L5). No dejes pasar esta es tu oportunidad.  REDPISO tu HOGAR es nuestro COMPROMISO! Posibilidad de financiación hasta el 100% - Consulte con nuestro departamento financiero.  El precio no incluye gastos derivados de la compra del inmueble.",True,good,False,True,2432.0,False,False,False,False,[],False,False,359999.0,€,flat,"Vista Alegre, Madrid",Piso en calle Jacobinia,Destacado,,,,,,,
105924486,https://img4.idealista.com/blur/480_360_mq/0/id.pro.es.image.master/31/98/0f/1273831970.webp,Ático con terraza ,37,6,245000.0,duplex,sale,70.0,True,1,1,avenida del Juncal,Madrid,San Sebastián de los Reyes,Vega de la Moraleja,es,,40.540528,-3.6180713,False,https://www.idealista.com/inmueble/105924486/,"Compra tu loft propio para vivir o para invertir. Tu primer loft con idea de futura inversión. Ático dúplex de 70 m2 con amplia terraza y vistas a la sierra. Distribuido en 2 plantas, con baño completo equipado con plato de ducha, cocina abierta amueblada y equipada con electrodomésticos y un amplio ventanal con apertura de ventana batiente. Orientación Oeste. El precio incluye una plaza de garaje en el mismo edificio con posibilidad de una segunda (no incluida en el precio). Sexta planta de un edificio de 15 años de antigüedad. Con un diseño singular en forma de puente de barco, acristalado y de gran luminosidad que ofrece unas vistas inmejorables, hacia La Moraleja y el aeropuerto. Se divide en 6 alturas, algunas de ellas de 2 niveles por los dúplex, separado en 2 alas con dos portales independientes con doble ascensor cada uno. En urbanización privada con portería frente al acceso, zona ajardinada, piscina, pádel, gimnasio y soportales en sombra con aparcamiento de bici. Cuenta con una segunda piscina en la azotea con espectaculares vistas y la privacidad de la altura, un lujo exclusivo. Disponemos de más lofts, para entrar a vivir o para reformar. Zona con mucha demanda de vivienda en alquiler por su ubicación y características. Zona con servicios, como el polideportivo municipal José Caballero, Parque Adolfo Suarez, Parque Jardín de la Vega y otras áreas verdes donde pasear o practicar deporte. Colegios públicos y privados, centros sanitarios y a tan sólo 2 km del Hospital Infanta Sofía. Además, se encuentra el campus de la Universidad Europea y centros de oficinas de multinacionales. A 5 minutos a pie del centro comercial Plaza Norte 2, con sus cines y amplia oferta comercial, Carrefour, Ikea, Leroy Merlin, Conforama, MediaMarkt, Porcelanosa y una larga lista de comercios y restaurantes. A 5 minutos andando se encuentra Mercadona. Con acceso directo a la A1, carretera de Burgos, se llega al centro de Madrid, en tan solo 25 minutos en coche. Con accesos rápidos a la M30, M40 y M50 lo cual permite llegar cómodamente a cualquier parte de la provincia.  A 10 minutos en coche del Aeropuerto de Barajas, a través de la M11 o la M12. Acceso directo a la estación de Chamartín por la M30. Tiene una variada oferta de transporte público, estación Alcobendas-San Sebastián de los Reyes de Cercanías Renfe, línea C-4 a 20 minutos andando (1,7 km). Línea 10 de metro La Moraleja a 20 minutos andando (1,8 km). Autobuses a 2 minutos andando, línea 4 Sansebus e interurbanos 156, 171, 180 y N102 conectado con Madrid y otras poblaciones del entorno de la A1. *Sujeto a Impuesto de Transmisiones Patrimoniales.",False,good,False,True,3500.0,False,False,False,False,[],False,False,245000.0,€,flat,"Vega de la Moraleja, San Sebastián de los Reyes",Dúplex en avenida del Juncal,Destacado,True,True,duplex,,,,
108573394,https://img4.idealista.com/blur/480_360_mq/0/id.pro.es.image.master/dd/a1/ec/1349336660.webp,,39,,920000.0,chalet,sale,338.0,,6,4,calle el Greco,Madrid,Guadarrama,,es,,40.6728329,-4.0983618,False,https://www.idealista.com/inmueble/108573394/,"GRUPO A-UNO VENDE Maravillosa casa unifamiliar, NO COBRAMOS HONORARIOS AL COMPRADOR. Chalet independiente en una de las mejores zonas de Guadarrama, sin gasto de Urbanización. Según entramos nos encontramos un recibidor con suelos de mármol, cocina completamente equipada con mobiliario y electrodomésticos.  Un baño completo con bañera y dos dormitorios. Salón con dos ambientes uno de ellos salón comedor y otro para disfrute y descanso, con impresionante chimenea de mármol para disfrutar de las frías noches de invierno. En la planta superior nos encontramos con cuatro dormitorios todos ellos con armarios empotrados, uno de ellos con baño en suite y otro baño completo que da servicio a los dormitorios restantes. Con acceso desde la vivienda contamos con una magnífica zona de aparcamiento con capacidad para dos vehículos.  Desde el interior del garaje accedemos a la sala de calderas, zona de lavandería y a una impresionante bodega donde pasar buenos ratos con familia y amigos, cocina completa y horno de leña. Cuenta también con baño completo con plato de ducha. En la zona exterior contamos con una parcela con zonas ajardinadas y una piscina cubierta para poder ampliar la temporada de verano hasta bien entrado el otoño.  Si estás buscando una maravilla como esta, no dudes en ponerte en contacto con nosotros. Estaremos encantados de enseñarte la vivienda y aclarar todas tus dudas. GRUPO A-UNO.",False,good,False,,2722.0,False,False,False,False,[],False,False,920000.0,€,chalet,Guadarrama,Casa independiente en calle el Greco,Destacado,True,True,independantHouse,,,,
108844929,https://img4.idealista.com/blur/480_360_mq/0/id.pro.es.image.master/52/0c/0f/1356788197.webp,000181,20,4,185000.0,flat,sale,62.0,True,2,1,calle de Domingo Párraga,Madrid,Madrid,Villaverde,es,Villaverde Alto,40.3439259,-3.7135554,False,https://www.idealista.com/inmueble/108844929/,"USERA PROYECTOS INMOBILIARIOS SLU. Vende excelente vivienda situada justo enfrente del metro linea 3 (amarilla) y Renfe linea C-4 cercanías. Muy bien comunicado al centro de Madrid 15 minutos. La zona tiene colegios tanto públicos como privados, centro de salud, esta rodeada de todo tipo de comercios de barrio y también varios supermercados. Tiene dos habitaciones, un salón, cocina amueblada con horno, vitro y campana, una terraza en la cocina acristalada y otra terraza descubierta en la parte de la habitación Tiene las ventanas de aluminio doble, pintura en gota, suelos de grees y puertas de roble. Está para entrar a vivir. Es muy luminoso orientación sur.",False,good,False,False,2984.0,False,False,False,False,[],False,False,185000.0,€,flat,"Villaverde Alto, Madrid",Piso en calle de Domingo Párraga,Destacado,,,,,,,
108804633,https://img4.idealista.com/blur/480_360_mq/0/id.pro.es.image.master/90/a1/98/1355647894.webp,L12 CEN 162,19,1,499000.0,flat,sale,215.0,True,6,2,Barrio Casco Antiguo,Madrid,Leganés,Centro,es,Casco Antiguo,40.3311281,-3.7630115,False,https://www.idealista.com/inmueble/108804633/,"LÍNEA 12 PROYECTOS INMOBILIARIOS VENDE: Piso amplio en planta PRIMERA en el centro de Leganés. Cuenta con 6 habitaciones, un luminoso salón con terraza, cocina y dos baños. Vivienda con zonas verdes y servicios cercanos. Muy cerca de UNIVERSIDAD, del Hospital Severo Ochoa de Leganés, del centro de salud Santa Isabel y fácil acceso a carreteras. A escasos metros de Renfe Leganés Central y metro sur con acceso a la Línea 12 de metro. Autobuses con todas las líneas. Contamos con departamento financiero propio L12 con flexibilidad financiera. Llámanos para visitarlo.",True,renew,False,False,2321.0,True,False,False,False,[],False,False,499000.0,€,flat,"Casco Antiguo, Leganés",Piso,Destacado,,,,,,,
107929213,https://img4.idealista.com/blur/480_360_mq/90/id.pro.es.image.master/f3/26/14/1328621091.webp,,35,3,225000.0,flat,sale,85.0,True,2,1,calle Monte Calobro,Madrid,Madrid,Puente de Vallecas,es,Palomeras Bajas,40.3907793,-3.6638549,False,https://www.idealista.com/inmueble/107929213/,"Demecon Asesores Inmobiliarios vende en exclusiva este bonito piso de 65 metros cuadrados ubicado en el Corazón de Vallecas. Se trata de una tercera planta compuesta de 2 habitaciones, 1 cuarto de baño, un amplio salón con acceso a una terraza cerrada y cocina totalmente independiente.  Cuenta con una ubicación privilegiada, ya que se rodea de todos los servicios básicos (tanto bares, colegios, supermercados, parques e instalaciones deportivas y culturales municipales), como de autobuses y estaciones de Renfe  En Demecon Asesores Inmobiliarios realizamos valoraciones de su hogar totalmente gratuitas; gestionamos el proceso de post-venta (tanto para comprador como para el vendedor); además, les daremos toda la información que necesiten sobre hipotecas, les ayudaremos a tramitar herencias, certificados, cambios de titularidad, plusvalías, permiso de venta, etc.",True,good,False,False,2647.0,False,False,False,False,[],False,False,225000.0,€,flat,"Palomeras Bajas, Madrid",Piso en calle Monte Calobro,Destacado,,,,,,,
107603984,https://img4.idealista.com/blur/480_360_mq/0/id.pro.es.image.master/62/35/ab/1317353698.webp,,44,,649900.0,chalet,sale,270.0,,3,3,valencia,Madrid,Arroyomolinos,Urbanización Mediterráneo,es,,40.2750415,-3.909608,False,https://www.idealista.com/inmueble/107603984/,"IDEALIZA TU HOGAR PRESENTA EN EXCLUSIVA OPORTUNIDAD UNICA EN UNA DE LAS MEJORES ZONAS DE ARROYOMOLINOS. CHALET PAREADO que destaca por su diseño moderno y funcional, además de contar con una ubicación inmejorable. Esta propiedad ha sido cuidadosamente diseñada para ofrecer el máximo confort, lujo y eficiencia energética, integrando las últimas innovaciones tecnológicas y los acabados más exclusivos del mercado. Características destacadas de la propiedad: 1. Impresionante parcela y exterior de ensueño La propiedad se encuentra en una parcela de generosas dimensiones, que permite disfrutar de amplios espacios al aire libre, creando una atmósfera de tranquilidad y bienestar. Un jardín perfectamente cuidado rodea la vivienda, ofreciendo un espacio ideal para disfrutar del aire libre y compartir momentos en familia o con amigos. La piscina retráctil, única en su tipo, es el centro de atracción, permitiendo disfrutar del baño durante todo el año, sea invierno o verano. Además, la tecnología de su diseño permite proteger el agua y optimizar la climatización de la piscina, lo que proporciona un ahorro energético adicional. 2. Sostenibilidad y eficiencia energética Este chalet ha sido concebido con el máximo respeto por el medio ambiente. 3. Distribución y acabados de lujo La vivienda cuenta con una distribución inteligente que maximiza el aprovechamiento del espacio, proporcionando un ambiente acogedor, luminoso y funcional. Con un total de 3 dormitorios, se adapta perfectamente a las necesidades de cualquier familia. La suite principal, ubicada en la planta superior, dispone de un impresionante baño privado, proporcionando el máximo nivel de confort y privacidad. Los 3 cuartos de baño, diseñados con materiales de alta gama, ofrecen tanto estilo como funcionalidad, destacándose por sus acabados El chalet también dispone de un elegante salón en planta sótano, un espacio versátil que se puede adaptar como zona de ocio, gimnasio o sala de cine, lo que lo convierte en el lugar perfecto para disfrutar de momentos de esparcimiento. Este nivel adicional también incluye un dormitorio extra y una zona de lavandería, completamente equipada para facilitar las tareas domésticas. La cocina, destaca por su diseño moderno, funcional y estéticamente atractivo. Además, dispone de una amplia zona de almacenamiento que ofrece un espacio adicional para la preparación de alimentos y reuniones sociales. 4. Calidades y detalles excepcionales La propiedad ha sido construida con materiales de calidad, así como las puertas de seguridad y los acabados de lujo, que convierten este chalet en una opción única para quienes buscan lo mejor en calidad de vida.  En el jardín encontramos un increible horno de leña y barbacoa de obra y una epectacular piscina En idealiza tu hogar nos destacamos por nuestra dedicación y compromiso con la excelencia. Ofrecemos financiación de hasta el 100%, además somos expertos en gestionar cambios de vivienda, facilitando tiempos de salida y entrada de la anterior a la nueva vivienda.",False,good,False,,2407.0,False,False,False,False,[],False,False,649900.0,€,chalet,"Urbanización Mediterráneo, Arroyomolinos",Chalet pareado en valencia,Destacado,True,True,semidetachedHouse,,,,
107368885,https://img4.idealista.com/blur/480_360_mq/0/id.pro.es.image.master/95/b2/2a/1310889128.webp,PIS_157,29,1,289000.0,flat,sale,95.0,True,3,2,La Serna,Madrid,Fuenlabrada,La Serna,es,,40.2986869,-3.8069953,False,https://www.idealista.com/inmueble/107368885/,"Preciosa vivienda situada en la zona de Parque de la Paz de 95 m². Consta de 3 amplios dormitorios, 2 baños y parking privado, cuenta con amplio salón de 28 m2 con cocina abierta con dos ambientes. Vivienda totalmente reformada a estrenar, paredes lisas, aire acondicionada ( bomba calor ) en salón, carpintería exterior Komerling oscilobatientes, puertas lacadas en blanco, tarima flotante roble …. Impecable. La cocina dispone de un práctico tendedero, y todas las estancias son exteriores, lo que garantiza una excelente luminosidad durante todo el día. Además, la calefacción de gas natural y las ventanas de climalit aseguran una eficiencia energética óptima. Los armarios empotrados en los dormitorios proporcionan un almacenamiento extra que siempre viene bien. Comunidad incluye mantenimiento de zonas comunes y agua. La ubicación es inmejorable: junto a la parada de autobús, el Parque de la Paz, centros educativos y una zona comercial que cubre todas tus necesidades diarias. Construido en 1980, este piso se encuentra en una primera planta y está listo y reformado para entrar a vivir. ¡No dejes pasar esta oportunidad y ven a verlo! Pregunta a nuestros asesores sobre las condiciones de tú hipoteca.",False,good,False,True,3042.0,False,False,False,False,[],False,False,289000.0,€,flat,"La Serna, Fuenlabrada",Piso,Destacado,True,True,,,,,
107888512,https://img4.idealista.com/blur/480_360_mq/0/id.pro.es.image.master/ff/f8/fd/1336758611.webp,PIS0440,21,3,182000.0,flat,sale,95.0,True,3,2,Centro,Madrid,Arganda,Centro,es,,40.3009932,-3.4387713,False,https://www.idealista.com/inmueble/107888512/,"INMOBILIARIA TAGONIA PONE A LA VENTA estupendo piso de 3 dormitorios, salón-comedor, cocina con terraza acristalada y 1 cuarto de baño con cabina de ducha. Accedemos a la vivienda y encontramos un distribuidor que nos lleva por un lado a la cocina, totalmente amueblada, con gran capacidad de almacenaje y con salida a una terraza grande acristalada. Al otro lado el salón-comedor, independiente y amplio, con mucha luz natural ya que dispone de grandes ventanales con acceso a otra terraza. La zona de descanso se encuentra independiente del resto de estancias, con tres dormitorios, amplios, uno de ellos con armario empotrado. Puerta de entrada acorazada. Zona muy demandada en Arganda del Rey ya que tiene una ubicación inmejorable, a escasos diez minutos a pie del metro de Arganda del Rey, línea 9 y cerca a un centro comercial y a todos los servicios de uso del dia a dia. No dudes en llamarnos. [IW].",False,good,False,False,1916.0,False,False,False,False,[],False,False,182000.0,€,flat,"Centro, Arganda",Piso,Destacado,,,,,,,
108449922,https://img4.idealista.com/blur/480_360_mq/0/id.pro.es.image.master/7d/9e/cf/1345239049.webp,011/25,43,1,415000.0,duplex,sale,97.0,True,3,2,CL CAMINO DE VALLADOLID,Madrid,Torrelodones,Los Ángeles - Jarandilla,es,,40.5758678,-3.9310969,False,https://www.idealista.com/inmueble/108449922/,"INMOTORRE VENDE PISO DÚPLEX EN EL CENTRO DE TORRELODONES PUEBLO Le presentamos la oportunidad de adquirir un magnífico piso dúplex situado en el corazón de Torrelodones Pueblo. Esta propiedad destaca por su distribución funcional y su excelente ubicación, ideal para aquellos que buscan comodidad y cercanía a servicios esenciales. El inmueble cuenta con tres dormitorios. Además, dispone de dos baños completos, siendo uno de ellos en suite, lo que aporta un valor añadido a la comodidad diaria. En la planta inferior, encontrará un amplio y luminoso salón comedor, perfecto para disfrutar de momentos en familia o recibir visitas, así como una cocina equipada que incluye un tendedero cubierto y un aseo adicional. El precio del piso incluye también una plaza de garaje y un trastero, garantizando así espacio adicional para sus pertenencias y la comodidad del estacionamiento. La ubicación es inmejorable: en pleno centro del pueblo, a escasos minutos de todos los servicios esenciales, como colegios, institutos, iglesias y comercios. Además, la propiedad se beneficia de una excelente comunicación, con una parada de autobús cercana que facilita el acceso a Moncloa y otras áreas de interés. No pierda la oportunidad de visitar este excepcional dúplex en una ubicación privilegiada en Torrelodones Pueblo. ¡Contáctenos para más información y concertar una visita!",False,good,False,True,4278.0,False,False,False,False,[],False,False,415000.0,€,flat,"Los Ángeles - Jarandilla, Torrelodones",Dúplex en Cl Camino De Valladolid,Destacado,True,True,duplex,,,,
108448423,https://img4.idealista.com/blur/480_360_mq/0/id.pro.es.image.master/04/c4/df/1345239969.webp,,1,1,182000.0,flat,sale,54.0,True,2,1,CL VILLAVICIOSA,Madrid,Madrid,Latina,es,Campamento,40.3974918,-3.7666928,False,https://www.idealista.com/inmueble/108448423/,"** VIVIENDA ALQUILADA ** NO es posible realizar visitas al interior del inmueble.  Fecha de fin de contrato: 12/2028 Este cómodo Piso cuenta con una superficie de 51 m² construidos distribuidos en dos habitaciones, salón-comedor, cocina y un baño. Cuenta con todos los servicios necesarios a su alrededor, como el Colegios, supermercados, bancos, bibliotecas, farmacias, centros deportivos. No se manifiesta el estado de la vivienda ante la imposibilidad de visita.",False,good,False,False,3370.0,False,False,False,False,[],False,False,182000.0,€,flat,"Campamento, Madrid",Piso en Cl Villaviciosa,Destacado,,,,,,,
108619942,https://img4.idealista.com/blur/480_360_mq/0/id.pro.es.image.master/1a/f9/11/1350153156.webp,RP1052025139457,21,bj,295000.0,flat,sale,43.0,False,2,1,calle del Ángel,Madrid,Madrid,Centro,es,Palacio,40.4090386,-3.7134276,False,https://www.idealista.com/inmueble/108619942/,"¡OPORTUNIDAD ÚNICA EN EL CORAZÓN DE MADRID! Te presentamos este apartamento en planta baja situado en la emblemática Calle del Ángel, en pleno barrio de La Latina, una de las zonas más vibrantes y con historia de Madrid. REDPISO LATINA-IMPERIAL pone a la venta este hermoso piso, que cuenta con: -2 dormitorios, uno con armario empotrado. -Cocina independiente y equipada. -1 baño completo. -Patio interior privado. -Trastero, ideal para tener más lugar de almacenaje. Ubicado en una finca de 1880, con ascensor e ITE favorable en 2024, lo que garantiza su buen estado estructural y tranquilidad para el futuro. Los gastos de comunidad son de 50€ y de IBI 210€. La ubicación del piso se caracteriza por ser una zona tranquila y pintoresca, a escasos pasos de la Plaza de la Cebada, El Rastro y de todos los servicios. Perfectamente conectado mediante metro (Estaciones La Latina y Puerta de Toledo), autobuses y acceso rápido a la M-30, estarás a pocos minutos de cualquier punto de la ciudad. ¡No pierdas la oportunidad de visitarlo, ponte en contacto con nosotros para más información y concertar una visita!",False,good,False,True,6860.0,False,False,False,False,[],False,False,295000.0,€,flat,"Palacio, Madrid",Piso en calle del Ángel,Destacado,,,,,,,
