propertyCode,thumbnail,externalReference,numPhotos,price,propertyType,operation,size,rooms,bathrooms,address,province,municipality,district,country,latitude,longitude,showAddress,url,description,hasVideo,status,newDevelopment,priceByArea,hasPlan,has3DTour,has360,hasStaging,notes,topNewDevelopment,topPlus,priceInfo.price.amount,priceInfo.price.currencySuffix,parkingSpace.hasParkingSpace,parkingSpace.isParkingSpaceIncludedInPrice,detailedType.typology,detailedType.subTypology,suggestedTexts.subtitle,suggestedTexts.title,highlight.groupDescription,neighborhood,floor,exterior,hasLift,parkingSpace.parkingSpacePrice,newDevelopmentFinished,priceInfo.price.priceDropInfo.formerPrice,priceInfo.price.priceDropInfo.priceDropValue,priceInfo.price.priceDropInfo.priceDropPercentage
107335121,https://img4.idealista.com/blur/480_360_mq/0/id.pro.es.image.master/32/c6/15/1356725046.webp,0056-00578,47,1890000.0,chalet,sale,703.0,7,6,calle Playa de Sitges,Madrid,Boadilla del Monte,Bonanza,es,40.4482809,-3.903175,False,https://www.idealista.com/inmueble/107335121/,"Chalet independiente en venta en Playa de Sitges, Bonanza. Magnifico chalet construido en 2001 en excelente estado de conservación.  Ubicado en una parcela de 1.677m2, se distribuye en tres plantas, con amplias y luminosas estancias en su gran mayoría orientadas al sur. La vivienda se vertebra sobre un hall distribuidor de doble altura y luz cenital, simplemente espectacular.  La zona principal de la vivienda se articula en torno a un amplio recibidor que da paso a dos ambientes diferenciados de salón y comedor, ambos con salida al porche y orientación sur, lo que permite que la luz natural inunde todos los rincones. El porche posterior, con vistas despejadas al jardín y la piscina, ofrece un generoso espacio con comedor de verano y área de estar; el entorno perfecto para relajarse o compartir momentos agradables con familia y amigos. Al fondo, la pista de pádel no interfiere con el espacio principal y visual del jardín. En la planta baja también se encuentra una espaciosa cocina con isla central, completamente amueblada, acceso directo al comedor y abierta al jardín, lo que aporta funcionalidad y continuidad visual. Cuenta además con despensa y un dormitorio de servicio con baño en suite. La cocina dispone de una entrada independiente desde el exterior, ideal para facilitar la descarga de la compra directamente desde el coche. Esta planta dispone de una acogedora sala de estar y un aseo de cortesía para invitados. En la planta superior se sitúa la zona de descanso, compuesta por cinco dormitorios. La suite principal destaca por sus amplios ventanales con vistas al jardín, vestidor independiente y un baño en suite exterior equipado con bañera y ducha de obra. Dos de los dormitorios comparten un baño con acceso privado desde cada habitación, mientras que los otros dos comparten un tercer baño, todos ellos exteriores. La planta semisótano alberga una bodega perfecta para reuniones con amigos, un despacho, zona de lavandería, garaje con trastero y un aseo de cortesía. La urbanización Bonanza es una de las más demandadas en Boadilla del Monte, por su calidad de vida y seguridad, la excelente comunicación a través de las carreteras A6- y M50, así como por la oferta de colegios nacionales e internacionales de gran prestigio. Ofrece su propio club social y todo tipo de servicios en proximidad. Esta vivienda fue concebida para una vida familiar con las máximas comodidades: espacios generosos, gran luminosidad y una atmósfera verdaderamente cálida y acogedora. Dispone de suelo radiante y aire acondicionado en el salón y el dormitorio principal.  No pierda la oportunidad, llámenos y venga a visitarla.",True,good,False,2688.0,True,False,True,False,[],False,False,1890000.0,€,True,True,chalet,independantHouse,"Bonanza, Boadilla del Monte",Casa independiente en calle Playa de Sitges,Destacado,,,,,,,,,
107303908,https://img4.idealista.com/blur/480_360_mq/0/id.pro.es.image.master/c0/98/dc/1309385116.webp,Only House,45,700000.0,chalet,sale,180.0,4,2,avenida de la Guardia,Madrid,Madrid,Fuencarral,es,40.5171794,-3.7752483,False,https://www.idealista.com/inmueble/107303908/,"Tu nueva vivienda en El Pardo, dentro de la discreta colonia histórica de San Fernando. Desayunar al aire libre con sol de mañana en invierno es una pasada¡ Pero si te gusta la sombra hay dos parcelas con distinta orientación, de modo que puedes elegir, es un privilegio de unos pocos. Como el de vivir en el monte del pardo, con la parada de autobús a 25m de tu casa y plantarte en Moncloa en 15´ en el bus de la EMT. O en la vaguada y la paz en otro trayecto. Este encantador chalet pareado, construido en 1949, ofrece una combinación de historia y calidad de vida inigualables.  En 15 años han salido a la venta apenas 3 viviendas en esta pequeña colonia de El Pardo. Ahora hay dos a la venta. Con una superficie construida de 180 m² y 150 m² útiles, y muchas posibilidades de ampliación, esta vivienda de dos plantas más bajo cubierta es ideal para familias que buscan un estilo de vida distinto, tranquilo, seguro y con mucha calidad de vida. En la planta baja, te recibe un acogedor hall de acceso tipo colonial, con su ventana ovalada que conduce a un amplio salón con chimenea en dos ambientes, una cocina, un comedor y un aseo. Desde ahí accedes al patio posterior, ideal para tus reuniones de verano. En la planta superior, tres dormitorios muy espaciosos, el principal con un bonito balcón. Un cuarto de baño completo que da servicio a las tres habitaciones. El bajo cubierta, con ventanas tipo troneras, ofrece múltiples posibilidades de uso.  La propiedad cuenta con dos patios, delantero y trasero, el último con garaje, trastero/invernadero y un área ideal para comidas al aire libre. Además, la posibilidad de añadir una piscina y jardín hace de esta casa una joya para vivir. Otra de las virtudes de la vivienda es la cantidad de grandes ventanales por estancia, lo que te aporta una luz natural en toda la vivienda y facilita la rehabilitación a tu gusto. La ubicación es inmejorable: A 50 metros de parada de autobuses EMT hacia Moncloa, Plaza de Castilla y La Vaguada. La cercanía al monte del Pardo, donde podrás disfrutar de actividades al aire libre como mountain bike, hípica y senderismo.  Puedes visitar esta casa a través de dos vídeos en este anuncio y virtual tour y planos en breve.  Dispones de infinidad de zonas verdes, rutas de senderismo, carril bici hasta la casa de campo y Madrid río, complejos deportivos como Somontes, Puerta de Hierro etc. La seguridad en esta colonia es una garantía, y la paz que se vive en te traslada a otro lugar pero... Estás a 15 minutos de Moncloa con transporte público en la puerta de casa¡ Contáctanos de lunes a viernes de 10:00 a 14:00 y de 17:00 a 20:30h para más información. Tu nuevo hogar te espera. queña y.",True,renew,False,3889.0,True,False,True,False,[],False,False,700000.0,€,True,True,chalet,semidetachedHouse,"El Pardo, Madrid",Chalet pareado en avenida de la Guardia,Destacado,El Pardo,,,,,,,,
105097821,https://img4.idealista.com/blur/480_360_mq/0/id.pro.es.image.master/d1/bc/e7/1341161869.webp,35996850,94,686800.0,chalet,sale,200.0,3,3,calle Valle del Jerte,Madrid,Torrejón de Ardoz,Suroeste,es,40.4458616,-3.4697948,False,https://www.idealista.com/inmueble/105097821/,"No cobramos ningún coste al comprador, ayudando a gestionar su hipoteca sin coste adicional.  -Somos Expertos en Torrejón de Ardoz, Asesoramiento Altamente Cualificado- Cassas. es les presenta en exclusiva este PRECIOSO CHALET EN LOS FRESNOS. Está situado en una urbanización exclusiva de chalets de reciente construcción ( año 2021) Está situado en una de las Mejores zonas de Torrejón de Ardoz. La superficie de la vivienda es de aproximadamente 200 m2, distribuidos en 3 plantas más el jardín de 60m2 aproximados con porche y jacuzzi. - Semi-sótano, donde se puede acceder directamente a la vivienda. Garaje con capacidad de 2 coches con punto de carga eléctrico, gimnasio, cuarto de lavado y trastero. - Planta baja, distribuida en una gran salón-comedor con salida al jardín exterior cocina abierta al salón, aseo. - Planta 1º, 2 habitaciones, la principal con vestidor y baño en suite (la 3º sería lo que ahora es el vestidor) y baño completo. Se han realizado grandes mejoras en la vivienda que proporcionan un valor añadido a la misma. Construcción reciente con Altas calidades, suelo de Porcelana, puertas, ventanas de Climalit con rotura de puente térmico, Aire Acondicionado por conductos en toda la vivienda, calefacción por medio de Aerotermia, armarios empotrados vestidos y con cajoneras, vestidores amueblados, tragaluces que dan gran luminosidad a la vivienda, placas solares que mejoran el coste y la eficiencia energética. Vivienda rodeada de todos los servicios: supermercados, colegios, Junto a la nueva ciudad deportiva, parques, tren, polideportivo municipal… ¡No dude en visitarlo! 686.800 €  expertos en conseguirte el mejor piso al mejor precio.",True,good,False,3434.0,True,False,True,False,[],False,False,686800.0,€,True,True,chalet,terracedHouse,"Suroeste, Torrejón de Ardoz",Chalet adosado en calle Valle del Jerte,Destacado,,,,,,,,,
108022615,https://img4.idealista.com/blur/480_360_mq/0/id.pro.es.image.master/b6/b3/79/1331482313.webp,02.5 OR,43,1880000.0,flat,sale,200.0,4,4,calle de Alonso Cano,Madrid,Madrid,Chamberí,es,40.4406172,-3.6977714,False,https://www.idealista.com/inmueble/108022615/,"Tailor&Key ofrece en exclusiva este elegante piso en Ríos Rosas recién reformado completamente. Con sus casi 200 m2, esta espectacular vivienda cuenta con unos excelentes acabados llenos de diseño y elegancia. Accedemos a la vivienda a un hall recibidor desde el que apreciar la luz que disfruta. La terraza, recuperada con arquitectura moderna y cerramientos en negro destaca junto al pilar recuperado de hierro que articula el salón y el comedor. El salón, con dos ambientes diferenciados y el comedor configuran el área social de la vivienda. Un aseo de cortesía y el acceso a la cocina con cerrajería en negro, dan el caracter elegante buscado en esta reforma. Los dormitorios se ubican a lo largo de un largo pasillo que con una ilumiacion exquisita va dando lugar a las distintas estancias. Dos dormitorios secundarios, dobles con armario empotrado cada uno comparten un amplio cuarto de baño con ducha. El dormitorio principal se ubica al final del recorrido. Se accede a el a través del gran vestidor, distribución premeditada para ofrecer mayor privacidad. El cuarto de baño en suite, disfruta de una gran ducha. Todos los baños cuentan con elegantes acabados en sus despieces de cerámica así como en la elección de los colores.  La cocina, ubicada en la parte anterior de la vivienda, configura su espacio junto con una pequela habitación de servicio y un cuarto de baño independiente.  La vivienda dispone de calefacción comunitaria y aire acondicionado por conductos en todas sus estancias.  Además dispone de trastero y garaje en el edificio. En Tailor & Key estamos especializados en el mercado residencial y de oficinas en Madrid. Ofrecemos un servicio integral y personalizado, acompañando a nuestros clientes a lo largo de las diferentes fases del ciclo inmobiliario, en operaciones de compra-venta, alquiler y reformas. Si está interesado en esta propiedad o quiere recibir información adicional sobre nuestros servicios no dude en contactar con nosotros o dirigirse a nuestra web tailorkey. com.",True,good,False,9400.0,True,False,True,False,[],False,False,1880000.0,€,True,True,flat,,"Nuevos Ministerios-Ríos Rosas, Madrid",Piso en calle de Alonso Cano,Destacado,Nuevos Ministerios-Ríos Rosas,6,True,True,,,,,
108309123,https://img4.idealista.com/blur/480_360_mq/0/id.pro.es.image.master/cf/84/65/1340263878.webp,11513,43,279000.0,chalet,sale,96.0,3,2,calle Media,Madrid,Madrid,Usera,es,40.3878506,-3.7089567,False,https://www.idealista.com/inmueble/108309123/,"¡ TU PROPIEDAD por MENOS de un ALQUILER! ¡ FINANCIACIÓN 100 %! . ¡ SIN COMISIÓN de AGENCIA y SIN Aportar AVALES! ¡ SIN entrada, SÓLO con tu nomina y APORTANDO los gastos de ESCRITURACIÓN! Madrid. Zona Usera. Casa adosada de 96 m2, para reformar íntegramente, ubicada junto a metro Usera. Planta Baja: amplio salón, cocina, baño con ducha, cocina, dormitorio, 2 trasteros. Planta Primera: amplia terraza de m2, 2 dormitorios, baño con ducha.  En periodo de pujas hasta el 27/06/2025. ¡ NO te COBRAMOS COMISIÓN, NI por la VENTA de la VIVIENDA NI por la TRAMITACIÓN del PRÉSTAMO!",True,renew,False,2906.0,True,False,True,False,[],False,False,279000.0,€,,,chalet,terracedHouse,"Moscardó, Madrid",Chalet adosado en calle Media,Destacado,Moscardó,,,,,,,,
108535208,https://img4.idealista.com/blur/480_360_mq/90/id.pro.es.image.master/c2/2b/8e/1347768220.webp,,25,225000.0,flat,sale,66.0,3,1,calle Andrea Doria,Madrid,Alcalá de Henares,Juan de Austria,es,40.4829753,-3.3536624,False,https://www.idealista.com/inmueble/108535208/,"Sólo whataspp a cualquier hora del día o de la noche y fines de semana. al seis seis dos cuarenta y tres ochenta sesenta y cuatro. No cobramos comisión al comprador. Admitimos ofertas. Vendo piso en calle ajardinada, buena zona a cinco minutos Plaza de Cervantes. El piso tiene estupendos inquilinos, que pagan puntualmente siempre. Les quedan tres años. Cuidan el piso estupendamente como pueden ver el las fotos, El piso se vende amueblado. Se pagan setecientos cincuenta euros de alquiler.  La comunidad es buena. tiene buenas vistas desde el salón cocina y dormitorio. no se ven vecinos. la calefacción es caldera individual Muchas Gracias por leer este anuncio. José Maria.",False,good,False,3409.0,True,False,True,False,[],False,False,225000.0,€,,,flat,,"Juan de Austria, Alcalá de Henares",Piso en calle Andrea Doria,Destacado,,1,True,True,,,,,
103952518,https://img4.idealista.com/blur/480_360_mq/0/id.pro.es.image.master/5f/0a/57/1211678572.webp,,96,820000.0,chalet,sale,385.0,5,4,"BERZOSA, 4",Madrid,Hoyo de Manzanares,,es,40.6135052,-3.9341658,True,https://www.idealista.com/inmueble/103952518/,"PROMOCION Y GESTION INMOBILIARIA HOYO DE MANZANARES presenta esta preciosa casa con diseño único de ladrillo visto con diversos aparejos y cornisas francesas.  La vivienda consta de 2 plantas sobre rasante y un semisótano. En la planta semisótano, nos encontramos con varias estancias, un gran salón-comedor, el cuarto de la caldera donde se encuentra un deposito de agua integrado en la caldera de gasoil, un baño con ducha, otro cuarto-despensa y cuarto para la lavadora. Desde esta planta se accede directamente al jardín y piscina. También está el garaje con capacidad para tres coches. En la planta baja, accediendo por un gran vestíbulo, nos dirigimos por una parte al Gran salón comedor con espacios abiertos y salida directa al precioso y espacioso porche-terraza, cocina integrada con comedor disponiendo de salidas a la terraza y al porche.  Un cuarto-despacho, habitación en suite con vestidor y baño con ducha.  Aseo de cortesía y armarios empotrados en el pasillo. Todas las ventanas y puertas de exterior son de excelente calidad, PVC con cámara de aire y oscilobatientes. El aislamiento de la vivienda es excepcional. Diseñada con materiales de alta gama. Accediendo por el vestíbulo principal nos encontramos con una maravillosa escalera de mármol para acceder a la planta primera. Planta primera dispone de tres amplios dormitorios uno de ellos en suite con vestidor y baño dividido en dos partes, un cuarto con inodoro y bidé y el otro con lavabo de dos senos, bañera hidromasaje y ducha independiente. Esta habitación principal tiene salida a una terraza con unas vistas espectaculares a la sierra y a El Escorial.  Las otras dos habitaciones comparten baño. Vivienda para entrar a vivir, estando en perfecto estado de uso por su buen mantenimiento. Parcela ajardinada con árboles consolidados y huerto en uso. Riego automático en toda la parcela. Piscina de agua salada. Disponen de depósitos acumuladores de aguas fluviales. Orientación sur y oeste. Disfrutar del entorno natural y sus alrededores es un lujo.  Calidad de vida, exclusividad y bienestar se dan la mano.",False,good,False,2130.0,True,False,True,False,[],False,False,820000.0,€,True,True,chalet,independantHouse,Hoyo de Manzanares,"Casa independiente en Berzosa, 4",Destacado,,,,,,,,,
108764168,https://img4.idealista.com/blur/480_360_mq/0/id.pro.es.image.master/2c/13/2d/1354455137.webp,,57,420000.0,flat,sale,79.0,2,2,camino de Perales,Madrid,Madrid,Usera,es,40.3791898,-3.6892712,False,https://www.idealista.com/inmueble/108764168/,"Cuadrado & Burgos Asesores vende esta magnífica vivienda. No se cobran honorarios al comprador. Está ubicada en una moderna urbanización cerrada, de más de 7000 m2, con piscina y conserje. 118 m2 construidos, que comprenden: vivienda, garaje, trastero y zonas comunes. La vivienda ocupa 79 m2 construidos, 66 m2 útiles.  Piso de 2 dormitorios y 2 baños, amplia cocina con tendedero-lavadero acristalado. Salón de 20 m2 con mirador y amplio ventanal.  Suelos de Tarima de madera, Carpintería interior lacada en blanco. Armarios empotrados vestidos.  Carpintería exterior de aluminio con climalit.  Agua caliente y calefacción individual gas natural.  En muy buen estado, para pintar y entrar. 1º piso orientado al suroeste. Muy tranquilo y luminoso.  Finca con piscina y zona de juegos infantil. Conserje de lunes a domingo.  Trastero y Plaza de garaje para coche grande incluidos en el precio. Muy buena ubicación en una zona residencial con todos los servicios a mano: supermercados, colegios, farmacias, centro de salud, comercios, Junto al Parque Lineal del Manzanares, Madrid Río, Caja Mágica,  Muy buena comunicación: Metro L3 Hospital 12 de Octubre y Almendrales. Autobuses: 13, 23, N12.  Cercanias Renfe Doce de Octubre. Rápido acceso en coche a M-30 M-40 y A4 No pierdas la oportunidad de venir a visitarlo.",False,good,False,5316.0,True,False,True,False,[],False,False,420000.0,€,True,True,flat,,"San Fermín, Madrid",Piso en camino de Perales,Destacado,San Fermín,1,True,True,,,,,
108525902,https://img4.idealista.com/blur/480_360_mq/0/id.pro.es.image.master/b5/7a/99/1353495135.webp,66220,36,1790000.0,flat,sale,154.0,4,2,calle del General Pardiñas,Madrid,Madrid,Barrio de Salamanca,es,40.4262859,-3.67982,False,https://www.idealista.com/inmueble/108525902/,"Inmejorable piso de 4 habitaciones (3 dormitorios y 1 despacho) y 2 baños, en Goya (Barrio de Salamanca). Completamente exterior a C/ General Pardiñas.    154 m2 construidos. 126 m2 útiles. Orientación Este.    Salón independiente.    2 balcones.    Cocina independiente.    Calefacción central con contador individual y aire acondicionado.    Armarios empotrados, suelo de tarima C5, ventanas climalit oscilobatientes y puertas lacadas.    Amueblado negociable.    Dispone de 2 plazas de garaje (en el portal de enfrente) y trastero.    Portero físico en horario comercial.    Ascensor.    NO PIERDA ESTA OPORTUNIDAD Y CONTACTE CON NOSOTROS PARA REALIZAR UNA VISITA.    Daurum Estate ofrece conseguir la mejor financiación a su medida hasta el 100% del valor de compra venta sea nuestra la vivienda o no.    INFORMACIÓN SIN COMPROMISO en el mismo número de teléfono del anuncio.    Además, posibilidad de servicio de reformas para acomodar la vivienda a su gusto.",True,good,False,11623.0,True,False,True,False,[],False,False,1790000.0,€,True,True,flat,,"Goya, Madrid",Piso en calle del General Pardiñas,Destacado,Goya,5,True,True,,,,,
108491230,https://img4.idealista.com/blur/480_360_mq/0/id.pro.es.image.master/96/63/2c/1346498105.webp,,37,875000.0,penthouse,sale,118.0,2,2,"calle de Antonio López, 139",Madrid,Madrid,Usera,es,40.3885519,-3.6994864,True,https://www.idealista.com/inmueble/108491230/,"NO COBRAMOS COMISIÓN En Iceberg: Te asesoramos en todo el proceso de compra, con servicio de asesoramiento legal propio. Para que la compra de tu vivienda sea una experiencia única y maravillosa que recordar siempre. Vamos a ir de tu mano en todo momento y hacerte fácil toda la experiencia. Un ático espectacular con dos terrazas en Madrid Río Imagina vivir en un ático de ensueño en el corazón de Madrid Río. El proyecto Antonio López 139 te ofrece la posibilidad de disfrutar de una vivienda exclusiva en la cuarta planta de un edificio clásico completamente reformado de 1925. Un hogar a estrenar que combina historia, diseño moderno y una ubicación privilegiada. 117 m² de confort y estilo, diseñados para ti Este impresionante ático exterior en esquina cuenta con 2 amplias habitaciones en suite, ambas con baño completo, ofreciendo privacidad y comodidad. El salón-comedor, bañado por luz natural gracias a sus grandes ventanales, se abre a dos terrazas perfectas para disfrutar de cenas al aire libre, encuentros con amigos o simplemente relajarte con vistas despejadas. La cocina independiente está totalmente equipada con mobiliario moderno y electrodomésticos de alta gama. La vivienda dispone de aire acondicionado, armarios empotrados, trastero y ascensor. Cada detalle ha sido cuidadosamente pensado para ofrecer una experiencia de vida única desde el primer día. Ubicación inmejorable Situado a pocos pasos del Parque Madrid Río y el centro cultural Matadero, esta zona consolidada de la capital ofrece un entorno vibrante, ideal para pasear, hacer deporte o disfrutar de la cultura. Además, cuenta con excelentes conexiones de transporte y acceso directo a la M-30. Una oportunidad para vivir como siempre has querido Este ático es perfecto para cualquier tipo de público: parejas, familias o quienes buscan una vivienda con carácter y comodidades de alto nivel. No dejes pasar esta oportunidad única. Llámanos y en menos de 2 horas resolveremos todas tus dudas. ¡SOLICITA UNA VISITA y descubre tu nuevo hogar en Antonio López 139!",False,good,False,7415.0,True,False,True,False,[],False,False,875000.0,€,,,flat,penthouse,"Moscardó, Madrid","Ático en calle de Antonio López, 139",Destacado,Moscardó,4,True,True,,,,,
107488864,https://img4.idealista.com/blur/480_360_mq/0/id.pro.es.image.master/9d/ce/2d/1314138100.webp,01 OR,48,1200000.0,flat,sale,340.0,4,3,calle Aquilón,Madrid,Pozuelo de Alarcón,Zona Prado de Somosaguas - La Finca,es,40.4076211,-3.7983855,False,https://www.idealista.com/inmueble/107488864/,"Tailor & Key presenta esta magnífica vivienda de 340 m² en Pozuelo de Alarcón.  En Tailor & Key estamos especializados en el mercado residencial de Madrid. Ofrecemos un servicio integral y personalizado, acompañando a nuestros clientes a lo largo de las diferentes fases del ciclo inmobiliario, en operaciones de compra-venta, alquiler y reformas integrales de viviendas. Si está interesado en esta propiedad o quiere recibir información adicional sobre nuestros servicios no dude en contactar con nosotros o dirigirse a nuestra web tailorkey. com.",False,good,False,3529.0,True,False,True,False,[],False,False,1200000.0,€,True,True,flat,,"Prado de Somosaguas, Pozuelo de Alarcón",Piso en calle Aquilón,Destacado,Prado de Somosaguas,3,True,True,,,,,
108662061,https://img4.idealista.com/blur/480_360_mq/0/id.pro.es.image.master/a1/3d/cf/1351436081.webp,7302,35,260000.0,flat,sale,119.0,3,1,avenida de la Verbena de la Paloma,Madrid,Madrid,Villaverde,es,40.3591721,-3.6968295,False,https://www.idealista.com/inmueble/108662061/,"¿Imaginas despertar cada mañana con luz natural, vistas despejadas y el sonido de la tranquilidad? VIVALTA inmobiliaria pone a su disposición en exclusiva este magnifico piso en Ciudad de Los Ángeles, que te ofrece eso y mucho mas: espacios amplios y luminosos, una terraza perfecta para relajarte o tomar un café al atardecer, tres habitaciones donde tu familia puede crecer o donde puedes crear tu despacho soñado, cuenta también con un baño completo con plato de ducha, hall de entrada y cocina independiente. La vivienda es exterior con orientación suroeste, lo que proporciona luz natural y vistas despejadas.   Ubicado en una séptima planta, con ascensor, rodeado de zonas verdes y todo tipo de servicios. Luz natural, amplitud y tranquilidad a un paso de todo. Un hogar pensado para quienes buscan comodidad, calidad de vida y buena ubicación. Conexión inmejorable con el centro de Madrid. Por solo 260.000€, haz realidad el cambio que estas buscando. SI QUIERES VIVIR EN ESTE FABULOSO PISO, ¡LLÁMANOS PARA VENIR A VERLO!",True,good,False,2185.0,True,False,True,False,[],False,False,260000.0,€,,,flat,,"Los Ángeles, Madrid",Piso en avenida de la Verbena de la Paloma,Destacado,Los Ángeles,7,True,True,,,,,
108517840,https://img4.idealista.com/blur/480_360_mq/0/id.pro.es.image.master/05/2a/23/1347282871.webp,11508,70,189000.0,flat,sale,87.0,2,1,avenida de la Constitución,Madrid,Coslada,Coslada Pueblo,es,40.4251256,-3.5662782,False,https://www.idealista.com/inmueble/108517840/,"¡ TU PROPIEDAD por MENOS de un ALQUILER! ¡ FINANCIACIÓN 100 %! . ¡ SIN COMISIÓN de AGENCIA y SIN Aportar AVALES! ¡ SIN entrada, SÓLO con tu nomina y APORTANDO los gastos de ESCRITURACIÓN! Coslada. Amplio piso exterior y muy luminoso de 87 m2, ubicado junto al Ayuntamiento. Dispone de 2 dormitorios con aire acondicionado, baño con ducha, cocina amueblada con acceso a terraza, amplio salón con aire acondicionado y acceso a terraza, suelo gres, puertas roble, ventanas aluminio, calefacción individual.  En periodo de pujas hasta el 18/07/2025.  ¡ NO te COBRAMOS COMISIÓN, NI por la VENTA de la VIVIENDA NI por la TRAMITACIÓN del PRÉSTAMO!",True,good,False,2172.0,True,False,True,False,[],False,False,189000.0,€,,,flat,,"Coslada Pueblo, Coslada",Piso en avenida de la Constitución,Destacado,,4,True,False,,,,,
107568688,https://img4.idealista.com/blur/480_360_mq/0/id.pro.es.image.master/f0/3f/fa/1319579843.webp,11501,53,239000.0,flat,sale,82.0,2,1,travesía de Felipe de Diego,Madrid,Madrid,Puente de Vallecas,es,40.3769708,-3.6609538,False,https://www.idealista.com/inmueble/107568688/,"¡ TU PROPIEDAD por MENOS de un ALQUILER! ¡ FINANCIACIÓN 100 %! . ¡ SIN COMISIÓN de AGENCIA y SIN Aportar AVALES! ¡ SIN entrada, SÓLO con tu nomina y APORTANDO los gastos de ESCRITURACIÓN! Amplio piso luminoso de 82 m2. Dispone de 2 dormitorios con armarios empotrados, cocina sin amueblar, amplio salón independiente, baño con plato de ducha, suelo tarima y gres, puertas pino, ventanas aluminio, calefacción gas natural. Finca con ascensor.  ¡ NO te COBRAMOS COMISIÓN, NI por la VENTA de la VIVIENDA NI por la TRAMITACIÓN del PRÉSTAMO!",True,good,False,2915.0,True,False,True,False,[],False,False,239000.0,€,,,flat,,"Palomeras Bajas, Madrid",Piso en travesía de Felipe de Diego,Destacado,Palomeras Bajas,12,False,True,,,,,
98669287,https://img4.idealista.com/blur/480_360_mq/0/id.pro.es.image.master/9f/8f/28/1019909471.webp,CASMIN0000061199,57,1956130.0,flat,sale,264.0,4,4,paseo de San Francisco de Sales,Madrid,Madrid,Chamberí,es,40.4409822,-3.7164972,False,https://www.idealista.com/inmueble/98669287/,"Gran oferta de Piso en MADRID. Situado en PASEO SAN FRANCISCO DE SALES, dispone de una superficie de 264 m2, 4 habitaciones. BUSCANDO la vivienda adecuada Probablemente la parte más difícil en el proceso de adquisición de una vivienda sea elegir la vivienda adecuada. Para ello es precio realizar una búsqueda detenida, y así, COMPARAR las distintas posibilidades que ofrece el mercado. RECONOCER con detalle las características físicas de la vivienda. AVERIGUAR la situación jurídica de la vivienda. La búsqueda de la vivienda podemos realizarla personalmente o acudir a un Agente de la Propiedad Inmobiliaria para que lleve a cabo su búsqueda.  En este último caso, el API nos presentará distintas posibilidades de compra que nosotros elijamos, teniendo en cuenta quien vende, Banco, Fondo de Inversión, propietario, una empresa promotora. EN TODO CASO, antes de firmar contrato alguno o desembolsar cantidad alguna de dinero, deberemos: 1.Examinar las características físicas de la vivienda. Para ello es imprescindible llevar a cabo una visita personal a la vivienda que se ofrece en venta, acudiendo a verla, comprobando que coincide con lo ofertado, la calidad de sus materiales, el estado de sus instalaciones, su grado de conservación, luminosidad, vistas, entorno del que disfruta, ruidos, acceso a medios de transporte,etc. Cualquier anomalía, no dude en ponerla en conocimiento o del personal de la agencia que le enseñe la vivienda, y si no le convencen sus explicaciones hágase acompañar por un profesional (arquitecto, aparejador). 2.Examinar la situación jurídica de la vivienda. Para conocer bien la vivienda que vamos adquirir no sólo es preciso visitarla, sino que además es imprescindible conocer cuál es su situación jurídica, es decir, AVERIGUAR: * A quien pertenece, y por tanto, quién o quiénes son sus propietarios. * Si existen cargas o gravámenes sobre la misma, es decir, si existen hipotecas, embargos u otras cargas que la afecten. * Si existen inquilinos o poseedores de la misma. * Si está sujeta a algún régimen especial, como ocurre con las Viviendas de Protección Oficial. * En caso de tratarse de un piso en comunidad de propietarios, si está al corriente en el pago de las cuotas de comunidad. * Si se ha pagado por ella el Impuesto sobre Bienes Inmuebles. * Los Estatutos de la comunidad. Pueden contener limitaciones al derecho de propiedad, tal como por ejemplo, no poder destinar una vivienda a alquiler turístico, obligación de soportar o no determinados gastos, poder practicar divisiones en la vivienda sin autorización de la Junta de Propietarios, etc. Para conocer tales circunstancias nos hemos de dirigir al REGISTRO DE LA PROPIEDAD en el que la vivienda esté inscrita. La información podremos solicitarla nosotros mismos, o lo podrá hacer por nosotros el vendedor, el agente de la propiedad inmobiliaria, o un gestor administrativo. En todo caso, la información registral habrá de ser solicitada antes de entregar cantidad o firmar contrato alguno.",True,good,False,7410.0,True,False,True,False,[],False,False,1956130.0,€,True,True,flat,,"Vallehermoso, Madrid",Piso en paseo de San Francisco de Sales,Destacado,Vallehermoso,9,False,True,,,,,
108251027,https://img4.idealista.com/blur/480_360_mq/0/id.pro.es.image.master/67/b5/0d/1340339793.webp,11515,52,270000.0,flat,sale,106.0,3,1,calle de Ramón Pérez de Ayala,Madrid,Madrid,Puente de Vallecas,es,40.4013888,-3.6515162,False,https://www.idealista.com/inmueble/108251027/,"¡ TU PROPIEDAD por MENOS de un ALQUILER! ¡ FINANCIACIÓN 100 %! . ¡ SIN COMISIÓN de AGENCIA y SIN Aportar AVALES! ¡ SIN entrada, SÓLO con tu nomina y APORTANDO los gastos de ESCRITURACIÓN! Puente de Vallecas - Numancia. Amplio piso de 106 m2. Dispone de hall de entrada, 3 dormitorios, amplio salón, baño, amplia cocina amueblada, suelo tarima y gres, ventanas aluminio, calafacción gas natural, Finca con ascensor.  En periodo de pujas hasta el 20/06/20205. ¡ NO te COBRAMOS COMISIÓN, NI por la VENTA de la VIVIENDA NI por la TRAMITACIÓN del PRÉSTAMO!",True,good,False,2547.0,True,False,True,False,[],False,False,270000.0,€,,,flat,,"Numancia, Madrid",Piso en calle de Ramón Pérez de Ayala,Destacado,Numancia,1,True,True,,,,,
108268273,https://img4.idealista.com/blur/480_360_mq/0/id.pro.es.image.master/8f/7a/6f/1357857353.webp,A23,90,1328000.0,chalet,sale,514.0,4,4,calle de Asturias,Madrid,Villaviciosa de Odón,Castillo - Campodón,es,40.356787,-3.8769684,False,https://www.idealista.com/inmueble/108268273/,"Exclusiva propiedad en Campodón - Villaviciosa de Odón - Spacio4 Luxury Homes tiene el placer de presentar en EXCLUSIVA esta excepcional vivienda de lujo, situada en una de las zonas más codiciadas del noroeste de Madrid: la urbanización Campodón, en Villaviciosa de Odón. Privacidad, diseño y vistas inigualables. Ubicada en una zona elevada y rodeada de naturaleza, esta vivienda ofrece una combinación perfecta de elegancia, tranquilidad y funcionalidad. Su posición privilegiada proporciona unas vistas completamente despejadas, permitiéndote disfrutar de amaneceres y atardeceres espectaculares cada día.  Reforma integral con materiales de alta gama. La casa ha sido completamente renovada con acabados de máxima calidad. Está lista para entrar a vivir, sin necesidad de reformas adicionales. Su diseño moderno y la distribución inteligente maximizan la luz natural en todos los espacios. Amplias estancias con grandes ventanales que integran el interior con el exterior de forma fluida. Excelente orientación que garantiza luminosidad durante todo el día. Además, cuenta con un amplio salón de juegos y de verano, un espacio polivalente ideal para el entretenimiento, celebraciones familiares o como zona de relax estacional. Dispone también de una luminosa oficina con grandes ventanales, perfecta para teletrabajar o disfrutar de un entorno tranquilo. Esta oficina cuenta con entrada independiente, lo que la convierte en una opción ideal también para actividades profesionales o recibir visitas sin acceder al resto de la vivienda. Parcela de 1.765 m², perfecta para disfrutar de un jardín privado, una zona chill-out y relajarte en la piscina salina, ideal para un baño saludable sin cloro. Sistema de climatización mediante Aerotermia con suelo radiante refrescante frío-calor, con recirculación de agua caliente sanitaria en la misma instalación, que asegura disponibilidad inmediata de agua caliente sin esperas. Placas solares dimensionadas para instalación de cargadores de coches eléctricos. Posibilidad de instalar ascensor, lo que añade un valor añadido en términos de accesibilidad y comodidad futura. Ubicación privilegiada y entorno residencial de alto nivel. Campodón es una urbanización consolidada que ofrece seguridad, privacidad y calidad de vida, todo ello a pocos minutos del centro de Madrid. La zona cuenta con:  Colegios internacionales, centros comerciales y servicios de proximidad. Áreas verdes y deportivas para una vida saludable y activa. Excelente comunicación con la capital mediante transporte privado y público. Una vivienda pensada para disfrutar sin preocupaciones. Lista para convertirse en tu nuevo hogar. Algunas de las obras que aparecen en el reportaje fotográfico, se quedarán con la vivienda. AVISO LEGAL: Este anuncio no incluye los gastos derivados de impuestos, notaría, registro de la propiedad ni otros costes asociados. Tiene carácter meramente informativo y no constituye una oferta vinculante ni contractual. Las imágenes, planos y datos pueden estar sujetos a modificaciones técnicas, jurídicas o comerciales, o por solicitud expresa de la propiedad. Para información actualizada, por favor contáctenos directamente.",True,good,False,2584.0,True,False,True,False,[],False,False,1328000.0,€,True,True,chalet,independantHouse,"Castillo - Campodón, Villaviciosa de Odón",Casa independiente en calle de Asturias,Destacado,,,,,,,,,
108803028,https://img4.idealista.com/blur/480_360_mq/0/id.pro.es.image.master/89/6d/59/1355962236.webp,26_25,28,250000.0,flat,sale,88.0,3,1,calle Carmen Bordiú,Madrid,Madrid,Villaverde,es,40.3422345,-3.7133066,False,https://www.idealista.com/inmueble/108803028/,"Vivienda Exterior para entrar a vivir de 88m2, sita en calle Carmen Bordiú a escasos metros del intercambiador de Villaverde Alto, con paradas de Renfe Cercanías y line 3 de metro. La vivienda que es exterior dispone de una distribución completamente independiente, se ubica en la primera planta del edificio, el inmueble cuenta con un hall de entrada y su puerta de acceso es acorazada, salón independiente con acceso a una terraza exterior, un pasillo que actúa como distribuidor de los 3 dormitorios con los que cuenta y dos de ellos tiene armarios empotrados, cocina amueblada y equipada y el baño es completo con bañera. Respecto a calidades, la vivienda cuenta con ventanas de climalit blancas, paredes de gotelé, puertas de madera, suelos de tarima, aire acondicionado y calefacción individual. Rodeado de todos los servicios: transporte público (metro, autobuses y cercanías), comercios, colegios y zonas verdes. Ideal para entrar a vivir.",False,good,False,2841.0,True,False,True,False,[],False,False,250000.0,€,,,flat,,"Villaverde Alto, Madrid",Piso en calle Carmen Bordiú,Destacado,Villaverde Alto,1,True,False,,,,,
108517220,https://img4.idealista.com/blur/480_360_mq/0/id.pro.es.image.master/1c/1c/79/1347261191.webp,11509,66,227000.0,flat,sale,94.0,3,1,calle Florencia,Madrid,Coslada,Ciudad 70,es,40.4167991,-3.543041,False,https://www.idealista.com/inmueble/108517220/,"¡ TU PROPIEDAD por MENOS de un ALQUILER! ¡ FINANCIACIÓN 100 %! . ¡ SIN COMISIÓN de AGENCIA y SIN Aportar AVALES! ¡ SIN entrada, SÓLO con tu nomina y APORTANDO los gastos de ESCRITURACIÓN! Coslada. Zona Ciudad 70. Amplio piso exterior de 94 m2. Dispone de hall de entrada, 3 dormitorios (antes 2), cocina amueblada, salón con acceso a terraza cerrada en aluminio, baño con ventana, suelo tarima, puertas roble, ventanas aluminio con climalit, calefacción gas natural. Finca con ascensor.  En periodo de pujas hasta el 18/07/2024 ¡ NO te COBRAMOS COMISIÓN, NI por la VENTA de la VIVIENDA NI por la TRAMITACIÓN del PRÉSTAMO!",True,good,False,2415.0,True,False,True,False,[],False,False,227000.0,€,,,flat,,"Ciudad 70, Coslada",Piso en calle Florencia,Destacado,,5,True,True,,,,,
107872406,https://img4.idealista.com/blur/480_360_mq/0/id.pro.es.image.master/97/4e/5b/1330567909.webp,,37,760000.0,penthouse,sale,95.0,2,2,calle de Luis Mitjans,Madrid,Madrid,Retiro,es,40.4012893,-3.6707908,False,https://www.idealista.com/inmueble/107872406/,"**Ático en Venta en Madrid - ¡Tu Nuevo Hogar Espera! ** Descubre este espectacular ático ubicado en el corazón de Madrid, ideal para quienes buscan confort y estilo. Con 84 m² construidos, esta joya cuenta con dos acogedoras habitaciones, un amplio salón-comedor perfecto para disfrutar de momentos inolvidables y una cocina funcional que hará las delicias de los amantes de la gastronomía. Además, dispone de dos baños, garantizando comodidad para todos los miembros de la familia. La estrella de este inmueble es su impresionante terraza de 34 m², orientada al oeste, donde podrás relajarte y disfrutar de las puestas de sol. Imagina las cenas al aire libre y los momentos de ocio en este espacio privado. La propiedad también incluye un trastero, ideal para mantener todo en orden. Situado en la cuarta y última planta del edificio, este ático ofrece tranquilidad y privacidad. El edificio cuenta con ascensor y está rodeado de todos los servicios necesarios: escuelas, supermercados, bancos, bibliotecas y farmacias. La cercanía a la estación de metro Conde de Casal facilita el acceso a toda la ciudad, y tendrás múltiples conexiones con la Autopista de Circunvalación M-30. No te pierdas la oportunidad de vivir en un lugar que combina comodidad, ubicación y estilo. ¡Contáctanos para más información y ven a visitar tu futuro hogar!",False,good,False,8000.0,True,False,True,False,[],False,False,760000.0,€,True,False,flat,penthouse,"Adelfas, Madrid",Ático en calle de Luis Mitjans,Destacado,Adelfas,4,True,True,19000.0,,,,
105614694,https://img4.idealista.com/blur/480_360_mq/0/id.pro.es.image.master/0f/cd/ed/1257773900.webp,3E,16,480000.0,flat,sale,75.0,2,1,"calle de Antonio López, 139",Madrid,Madrid,Usera,es,40.3885519,-3.6994864,True,https://www.idealista.com/inmueble/105614694/,"NO COBRAMOS COMISIÓN. En Iceberg: Te asesoramos en todo el proceso de compra, con servicio de asesoramiento legal propio. Para que la compra de tu vivienda sea una experiencia única y maravillosa que recordar siempre. Vamos a ir de tu mano en todo momento y hacerte fácil toda la experiencia. Vive tus sueños en el corazón de Madrid Río Descubre el proyecto Antonio López 139, una oportunidad única de vivir en un edificio clásico-modernizado que combina el encanto histórico con todas las comodidades modernas. Este exclusivo proyecto de reforma de un edificio de 1925 ofrece viviendas con un diseño funcional, elegante y lleno de luz. Espacios pensados para tu confort Esta vivienda, ubicada en una primera planta exterior, cuenta con 2 dormitorios, un baño completo, un amplio salón-comedor y una práctica cocina independiente. La distribución está diseñada para ofrecer el máximo confort y aprovechar al máximo cada rincón del espacio. Gracias a sus grandes ventanales, la luz natural fluye a través de todas las estancias, creando un ambiente cálido y acogedor. La cocina, equipada con materiales de alta calidad, destaca por su diseño moderno y funcional, perfecta para los amantes de la cocina y la comodidad. El edificio, con sus 15 balcones por planta y 4 alturas, combina el encanto de la arquitectura clásica de Madrid con las ventajas de una reforma moderna, e incluye un ascensor accesible para mayor comodidad de todos los residentes. Disfruta del entorno único de Madrid Río Ubicado en una de las zonas más codiciadas y consolidadas de Madrid, AL139 se encuentra a pocos pasos del Parque Madrid Río, un gran pulmón verde con más de 232.000 m² de zonas ajardinadas, perfecto para paseos, deporte o simplemente relajarse. También está cerca del centro cultural Matadero, un espacio emblemático de arte y cultura en la capital. La zona cuenta con excelentes conexiones: transporte público eficiente y acceso directo a la M-30, lo que facilita el desplazamiento a cualquier punto de Madrid. Esta vivienda es perfecta para quienes buscan calidad de vida en un entorno vibrante y lleno de posibilidades. Solicita tu visita Llámanos y en menos de 2 horas resolveremos todas tus dudas. SOLICITA UNA VISITA DE OBRA y vive la experiencia de crear tu hogar en un lugar único.",False,good,False,6400.0,True,False,True,False,[],False,False,480000.0,€,,,flat,,"Moscardó, Madrid","Piso en calle de Antonio López, 139",Destacado,Moscardó,3,True,True,,,,,
106994429,https://img4.idealista.com/blur/480_360_mq/0/id.pro.es.image.master/59/1a/20/1347851715.webp,0056-00569,49,2000000.0,chalet,sale,695.0,8,6,avenida de Torrelodones,Madrid,Torrelodones,Colonia,es,40.578456,-3.9463309,False,https://www.idealista.com/inmueble/106994429/,"VILLA EN VENTA EN AVENIDA DE TORRELODONES Una joya histórica en Torrelodones. Exclusividad y encanto en cada rincón. Una oportunidad única para poseer un pedazo de historia. La edificación es apta para distintos usos compatibles además del residencial. Construida en 1924, destaca por su imponente presencia y singularidad, y se erige como un auténtico tesoro arquitectónico de Torrelodones.  La parcela, de 4.458 m2, alberga la edificación principal (695m2). Los amplios jardines, con vegetación absolutamente consolidada, son un espectáculo en sí mismos. Cuenta, además, con una zona verde privada de 340 m2 (finca 5.2) ligada a la edificación existente en la finca número seis, así como una parcela de 295 m2 (finca 3). Ambas incluidas en el precio. Ubicación privilegiada con acceso directo a la N-VI, parada de autobuses a pocos metros de la entrada principal y estación de tren en el pueblo. El reportaje fotográfico habla por sí solo.",False,good,False,2878.0,True,False,True,False,[],False,False,2000000.0,€,,,chalet,independantHouse,"Colonia, Torrelodones",Casa independiente en avenida de Torrelodones,Destacado,,,,,,,,,
107361189,https://img4.idealista.com/blur/480_360_mq/0/id.pro.es.image.master/e9/ee/37/1310679095.webp,2421,52,760000.0,flat,sale,166.0,3,2,calle Reyes Católicos,Madrid,Boadilla del Monte,Valenoso,es,40.4122011,-3.9064827,False,https://www.idealista.com/inmueble/107361189/,"¡Descubre tu nuevo hogar en Boadilla del Monte! Este espectacular bajo con jardín se encuentra en una de las urbanizaciones más exclusivas de la zona. Con 166 m² construidos, la vivienda ofrece un diseño moderno y funcional, listo para entrar a vivir. Disfruta de sus 3 dormitorios y 2 baños, uno de ellos con ducha e iluminación natural. La cocina abierta está equipada con electrodomésticos de última generación, ideal para los amantes de la gastronomía. El amplio salón-comedor se abre a dos impresionantes jardines privados de 135 y 30m², perfectos para disfrutar del aire libre en total privacidad. Además, cuenta con un porche acristalado con armarios empotrados y un tendedero en la cocina también acristalado. La doble orientación y la ventilación cruzada garantizan un ambiente fresco y luminoso durante todo el año. Este piso incluye 2 plazas de garaje y un amplio trastero, ofreciendo comodidad y espacio adicional. La urbanización cerrada cuenta con servicios premium como piscina, pista de paddle, gimnasio, sala de celebraciones con cocina y portero físico todos los días de la semana. Construido en 2020, el inmueble está en perfecto estado y cuenta con calefacción de gas natural y aire acondicionado por conductos, además de una excelente calificación energética. ¡No pierdas la oportunidad de vivir en este oasis de confort y elegancia!",False,good,False,4578.0,True,False,True,False,[],False,False,760000.0,€,,,flat,,"Valenoso, Boadilla del Monte",Piso en calle Reyes Católicos,Destacado,,bj,True,True,,,,,
108709292,https://img4.idealista.com/blur/480_360_mq/0/id.pro.es.image.master/0d/f9/7b/1352804038.webp,2019443,67,1700000.0,chalet,sale,410.0,5,5,calle del Camino Ancho,Madrid,La Moraleja,La Moraleja urbanización,es,40.5113403,-3.6056332,False,https://www.idealista.com/inmueble/108709292/,"Espectacular vivienda unifamiliar pareada, ubicada en el prestigioso conjunto residencial “Gardens La Moraleja”, exclusividad, diseño y confort en el término municipal de Alcobendas, una de las zonas más demandadas y exclusivas del norte de Madrid. Esta propiedad destaca por su exquisito diseño arquitectónico y su cuidada decoración, en la que se han mejorado todos los detalles tras su reciente construcción, incorporando reformas de alta calidad para elevar aún más el confort y la funcionalidad del hogar. La vivienda cuenta con amplios salones y grandes ventanales, lo que permite una excepcional entrada de luz natural durante todo el día, y unas vistas privilegiadas al skyline de Madrid. La cocina y el salón, los espacios más impresionantes de la casa, han sido diseñados con una elegante isla central y ofrece acceso directo al jardín privado con piscina, creando un entorno perfecto para disfrutar en familia o con invitados. La urbanización ofrece todo lo necesario para disfrutar de una vida tranquila, segura y activa: Piscina comunitaria, Gimnasio totalmente equipado, Zona infantil, Doble acceso de seguridad con puertas automáticas, Vigilancia 24 horas y circuito perimetral de videovigilancia. Distribución por plantas: - Planta sótano (80,16 m² construidos): Garaje con capacidad para tres vehículos, distribuidor, bodega, vestíbulo, aseo, trastero, lavadero y cuarto de bicicletas. - Planta baja (105,56 m² construidos): Salón-comedor, un dormitorio/biblioteca, cocina con office, aseo de cortesía y acceso a porche exterior (9,73 m² útiles), jardín privado (24,26 m² útiles) y patio (14,99 m² útiles). - Planta primera (88,36 m² construidos): Distribuidor, tres dormitorios con baño en suite, y acceso a una espectacular terraza privada de 26,02 m² útiles. Calidades y equipamiento: Suelo radiante/refrescante (planta baja y primera), con apoyo de aire acondicionado por fancoil Ventanas CORTIZO oscilobatientes con rotura de puente térmico Suelos Porcelanosa, paredes lisas en blanco Carpintería interior lacada en blanco, armarios empotrados forrados a medida Iluminación LED, sensores de presencia, cortinas y persianas de seguridad eléctricas (Bandalux) Toldos eléctricos  Domótica integrada, alarma técnica y sistema de ventilación de doble flujo Baños y aseos con acabados de Porcelanosa y grifería Hansgrohe Cocina de diseño con isla central acabada en CORIAN, totalmente equipada con electrodomésticos NEFF Jardín privado con césped artificial, porche pavimentado y una preciosa piscina de piedra con sistema de depuración salina. Servicios cerca de Calle Camino Ancho: Transportes Camino Ancho - Colegio 0,26 km Parada de autobús Camino Viejo - Cº Liebres 0,688 km Parada de autobús Camino Viejo - Cº Ancho 0,717 km Parada de autobús Camino Viejo - Intergolf 0,953 km Parada de autobús Educación Centro Privado De Educación Primaria Y Secundaria Base - Calle del Camino Ancho 0,251 km Colegio Santa Helena - Calle del Camino Ancho 0,339 km Centro Docente Extranjero En España Colegio Escandinavo (Sueco) - Calle del Camino Ancho 0,435 km Helen Doron English 1,291 km Escuela Infantil Madiba 1,633 km Colegio De Educación Infantil Y Primaria Alfredo Di Stefano 1,663 km Escuela Infantil Nemomarlin 1,703 km Escuela Infantil Municipal 1,842 km Escuela Infantil Valdebebitos 2,055 km Salud Clínica Veterinaria Vera Valdebebas 1,294 km Farmacia Igea Valdebebas 1,296 km Cristina Sanchez 1,461 km Farmacia Centro Médico Sanitas Valdebebas 1,629 km Clínica Lemon Dental Valdebebas 1,636 km Quironsalud 1,739 km Clínica Hacer la compra Alimentaciónn Valdebebas 1,215 km Udaco 1,604 km Supermercado Carrefour Market 1,636 km Supermercado Detemporada 1,641 km Frutería Mercadona 1,654 km Supermercado  Pastelería Choco Lake 1,69 km Casa Elias 1,774 km Supermercado Ahorramás 1,78 km Supermercado  Supercor 1,876 km Supermercado.",True,good,False,4146.0,True,False,True,False,[],False,False,1700000.0,€,True,True,chalet,semidetachedHouse,"La Moraleja urbanización, La Moraleja",Chalet pareado en calle del Camino Ancho,Destacado,,,,,,,,,
107767763,https://img4.idealista.com/blur/480_360_mq/0/id.pro.es.image.master/ef/5e/4b/1323839870.webp,ART-V-1991,38,899000.0,penthouse,sale,90.0,2,1,calle de Padornelo,Madrid,Madrid,Fuencarral,es,40.5055175,-3.6662537,False,https://www.idealista.com/inmueble/107767763/,"Exclusividad, diseño y luz en estado puro Hay viviendas que se disfrutan. Y otras que se viven. Este ático reune las dos. Ubicado en una de las urbanizaciones más completas y cuidadas de Las Tablas, esta propiedad está pensada para quienes valoran el diseño, la tecnología, la comodidad y, sobre todo, la sensación de estar en casa. Personas que aprecian los detalles bien hechos, que quieren llegar a su hogar y sentir que todo fluye: la luz, el espacio, el silencio. Con 90 m² construidos, la vivienda ha sido reformada con un gusto impecable. Su salón, con chimenea de diseño, conecta con una cocina abierta totalmente equipada con electrodomésticos panelados y acabados de alta gama. Los dormitorios son amplios y luminosos, con armarios empotrados y revestidos. El baño, moderno y funcional. Pero lo que lo convierte en un ático único es su terraza perimetral de 120 m²: un oasis privado con zonas diferenciadas para comer, descansar, reunirse o simplemente disfrutar.  Cerramiento Lumon, techo retráctil, barbacoa de obra, vegetación… todo pensado para gozar del exterior durante todo el año. Incluye dos plazas de garaje y un trastero con acceso directo desde el ascensor. Esta urbanización exclusiva ofrece todo lo que un estilo de vida premium exige: seguridad 24 horas, piscina exterior, piscina interior climatizada, gimnasio equipado, dos pistas de pádel, sala de reuniones, zonas ajardinadas y conserjería. Bien conectado por metro y carretera, rodeado de servicios, colegios, parques y empresas top del sector creativo y tecnológico. Para quienes buscan vivir rodeados de confort, calma y belleza. Este ático no solo se visita. Se siente. Contáctanos y descúbrelo tú mismo.",True,good,False,9989.0,True,False,True,False,[],False,False,899000.0,€,True,True,flat,penthouse,"Las Tablas, Madrid",Ático en calle de Padornelo,Destacado,Las Tablas,5,True,True,,,,,
108337354,https://img4.idealista.com/blur/480_360_mq/0/id.pro.es.image.master/e2/59/a5/1341121180.webp,E000174,21,249000.0,flat,sale,78.0,3,1,Barrio Zona Centro Joven,Madrid,Alcorcón,Centro,es,40.3476531,-3.8273079,False,https://www.idealista.com/inmueble/108337354/,"BANCASA INMOBILIARIA, vende PISO en ALCORCON, en excelente UBICACION. Piso 78 metros en 5º PLANTA con ASCENSOR. DISTRIBUIDOS en 3 DORMITORIOS, BAÑO, COCINA Y SALON Vivienda MUY LUMINOSA con ASCENSOR para ENTRAR A VIVIR. Cocina totalmente equipada, muebles altos y bajos. DORMITORIO PRINCIPAL de 11 METROS. DORMITORIO SECUNDARIO de 10 METROS. Baño con suelo de gres, con PLATO de DUCHA, totalmente equipado. Suelos de la vivienda son de PARQUET. Carpintería interior son puerta de ROBLE TEÑIDO. Carpintería exterior son ventanas aluminio corredera. Calefacción Central. Puerta blindada. Portero automático. Metro Parque Lisboa a 6 minutos andando. Metro Alcorcón Central a 8 minutos andando. Cercanías Linea C5 Alcorcón Central a 8 minutos andando. Autobuses de línea a un minuto. Ambulatorio y centro de salud cercano. Colegios e Institutos cercano. Todo tipo servicios y supermercados y farmacia a un minuto andando Financiación hasta 90% con nuestro propio departamento financiero. Hipoteca fija 30 años desde 2.20% Hipoteca variable 30 años desde euribor + 0.70% Consulta condiciones en bancasa. Es.",True,good,False,3192.0,True,False,True,True,[],False,False,249000.0,€,,,flat,,"Zona Centro Joven, Alcorcón",Piso,Destacado,Zona Centro Joven,5,True,True,,,,,
108797287,https://img4.idealista.com/blur/480_360_mq/0/id.pro.es.image.master/a2/fc/80/1352014347.webp,3C,19,870000.0,flat,sale,97.0,2,2,"José Silva, 17",Madrid,Madrid,Ciudad Lineal,es,40.4541006,-3.6590158,True,https://www.idealista.com/obra-nueva/108797287/,"A SOLO 5 MINUTOS DEL SANTIAGO BERNABÉU EN UN DE LAS ZONAS RESIDENCIALES MAS TRADICIONALES Y EMBLEMATICAS DE MADRID. Arquitectura de vanguardia pensada para ser vivida y disfrutada. Viviendas que se apropian de las tendencias actuales de distribución de los espacios interiores, materiales e iluminación para un estilo de vida actual y desenfadado. La perfecta armonía de la luz y los espacios, crean una espectacular sensación de amplitud y calidez en todos los rincones. Sus terrazas, que salpican la fachada dándole personalidad, se reparten en todas las viviendas, permitiendo el cotidiano disfrute del cielo y el sol, convirtiendo cada vivienda en un hogar deseado. Áreas comunes para la relajación y el disfrute entre el azul del cielo, la transparencia del agua y los verdes jardines. Con su piscina y jardines, en José Silva podrás sentir cualquier día, como un día extraordinario. ¡La ubicación de José Silva 17 es insuperable! Cuenta con una innumerable oferta de colegios tanto privados como concertados, está a 10 minutos, andando cerca del Polideportivo San Juan Bautista que tiene pistas de tenis y piscina, muy cerca un campo de Fútbol 11, diferentes clínicas y el Hospital Nuestra Señora de América, también Iglesias y el Parque Feliz Rodríguez de la Fuente a 7 minutos. Las más importantes cadenas de supermercados están a menos de 5 minutos en coche. En relación con la conectividad, José Silva está a 4 minutos andando, de la estación de metro Avenida de La Paz y en el entorno inmediato tiene líneas de autobús que lo conectan con todas las diferentes zonas de la ciudad. Igualmente cuenta con importantes arterias viales a poca distancia que permiten llegar a cualquier punto de Madrid con facilidad y rapidez, así como salir de madrid, con mucha facilidad. Y si lo que quieres es una interesante oferta de ocio y restauración, José Silva 17 está a 10 minutos en coche del recién estrenado Estadio Santiago Bernabéu, lo que lo sitúa muy cerca de la amplia oferta que, cada vez con más fuerza y variedad, se posiciona en su entorno. Un proyecto del prestigioso estudio OLALQUIAGA ARQUITECTOS. Y una promoción de ORINOQUIA PROMOCIONES. Toda la experiencia y trayectoria de GRAN ROQUE PROMOCIONES, en una nueva marca. Hemos ejecutado más de 25 proyectos inmobiliarios en Madrid y todas nuestras promociones se han convertido en referentes del mercado inmobiliario.",True,,True,8969.0,True,False,False,False,[],False,False,870000.0,€,True,True,flat,,"San Juan Bautista, Madrid","Piso en José Silva, 17",Destacado,San Juan Bautista,3,True,True,,False,,,
108370000,https://img4.idealista.com/blur/480_360_mq/0/id.pro.es.image.master/b0/c5/09/1342076233.webp,1356,28,550000.0,flat,sale,90.0,2,1,avenida de Alfonso XIII,Madrid,Madrid,Chamartín,es,40.4557385,-3.6672315,False,https://www.idealista.com/inmueble/108370000/,"Se ofrece en venta, en exclusiva, una excelente oportunidad de inversión en la Avenida Alfonso XIII, en el prestigioso barrio de Nueva España. Se trata de una vivienda de 90 m² ubicada en una segunda planta, ideal para una reforma integral que permita diseñar un hogar a medida. Muy luminosa y con una magnífica orientación sur en el salón, la vivienda cuenta con tres terrazas, lo que proporciona una agradable sensación de amplitud y conexión con el exterior. Actualmente se distribuye en hall de entrada, dos dormitorios (uno de ellos con acceso directo a una terraza con vistas a un jardín), un estudio, un baño completo, salón con salida a una terraza acristalada y cocina independiente con tendedero. El edificio dispone de ascensor, doble acceso al portal y servicio de portería tanto por la mañana como por la tarde. Se incluye un amplio trastero con ventana ubicado en la última planta del edificio. La vivienda se sitúa en una zona rodeada de jardines, parques, colegios, supermercados, zonas comerciales, hospitales y farmacias, con excelente conexión con la M-30 y muy bien comunicada mediante transporte público: varias paradas de autobús cercanas, a solo 10 minutos andando del metro Colombia y a 12 minutos del metro Pío XII.",False,renew,False,6111.0,True,False,True,False,[],False,False,550000.0,€,,,flat,,"Bernabéu-Hispanoamérica, Madrid",Piso en avenida de Alfonso Xiii,Destacado,Bernabéu-Hispanoamérica,2,True,True,,,,,
108630688,https://img4.idealista.com/blur/480_360_mq/0/id.pro.es.image.master/17/3f/e7/1026472866.webp,Leñeros,59,679000.0,duplex,sale,150.0,2,2,"calle de Leñeros, 28",Madrid,Madrid,Tetuán,es,40.4540062,-3.7090647,True,https://www.idealista.com/inmueble/108630688/,"NO COBRAMOS COMISIÓN En Iceberg: Te asesoramos en todo el proceso de compra, con servicio de asesoramiento legal propio. Para que la compra de tu vivienda sea una experiencia única y maravillosa que recordarás siempre. Vamos a ir de tu mano en todo momento y vamos a hacerte fácil toda la experiencia. Tu nuevo hogar en Madrid, moderno, luminoso y con gran patio privado Descubre este exclusivo dúplex de obra nueva con solo 4 años de antigüedad, ubicado en una zona residencial tranquila y perfectamente comunicada: Calle Leñeros 28, a tan solo 3 minutos del metro Francos Rodríguez y rodeado de zonas verdes como la Dehesa de la Villa. Una ubicación ideal para quienes buscan comodidad, accesos rápidos al centro de Madrid y calidad de vida. Con una superficie construida de 110,93 m² distribuidos en dos plantas, esta vivienda destaca por su diseño moderno, calidades premium y un espectacular patio de uso privativo de más de 33 m², ideal para disfrutar al aire libre con total privacidad. Dispone de 2 dormitorios dobles con armarios empotrados y 2 baños completos con platos de ducha, uno de ellos en suite. En la planta baja encontrarás un acogedor salón-comedor con cocina abierta totalmente equipada con electrodomésticos de primeras marcas, grandes ventanales que llenan el espacio de luz natural y acceso directo al patio. La planta superior alberga las dos habitaciones y un segundo baño completo, además de un armario adicional en el distribuidor. La vivienda cuenta con suelo radiante en planta baja, aire acondicionado por conductos, carpintería de aluminio con rotura de puente térmico y sistema de cierre automatizado, puertas de madera maciza lacadas en blanco y acabados de alta gama. Incluye plaza de garaje y trastero. Con una comunidad de solo 130 €/mes e IBI anual de 800 €, este piso es perfecto para quienes buscan una vivienda lista para entrar a vivir, sin complicaciones y con estilo. Precio: 679.000 € No dejes pasar esta oportunidad de vivir en una casa única en Madrid. Llámanos para concertar una visita.",False,good,False,4527.0,True,False,True,False,[],False,False,679000.0,€,True,True,flat,duplex,"Bellas Vistas, Madrid","Dúplex en calle de Leñeros, 28",Destacado,Bellas Vistas,bj,True,True,,,,,
107890973,https://img4.idealista.com/blur/480_360_mq/0/id.pro.es.image.master/cc/7c/36/1327929458.webp,ANTMAD0827,35,220000.0,flat,sale,80.0,2,1,calle del Espinar,Madrid,Madrid,Carabanchel,es,40.3824878,-3.7429492,False,https://www.idealista.com/inmueble/107890973/,"¡URGE VENTA! MAGNÍFICA VIVIENDA EN PLANTA BAJA CON PATIO EN VISTA ALEGRE! Antilla Grupo Inmobiliario presenta esta estupenda oportunidad de vivir o invertir en una de las zonas más demandadas de Carabanchel, en el barrio de Vista Alegre. La vivienda, con cambio de uso a vivienda ya realizado y legalizado, cuenta con 68 m² construidos distribuidos en dos amplios dormitorios en dos alturas, un baño completo con plato de ducha, salón luminoso, y cocina independiente con salida a un agradable patio, ideal para disfrutar al aire libre. En cuanto a calidades, la vivienda dispone de suelos de tarima, paredes lisas y ventanas de aluminio con rotura de puente térmico y apertura oscilobatiente, lo que garantiza un excelente aislamiento térmico y acústico. Gracias a la altura interior de la vivienda, se ha aprovechado el espacio creando un práctico trastero en la parte superior, además de contar con un armario empotrado en pasillo que aporta un extra de almacenamiento.  El inmueble se encuentra en buen estado, listo para entrar a vivir, y dispone de calefacción eléctrica y bomba de frío/calor, lo que garantiza confort en todas las épocas del año. ITE FAVORABLE. Excelente ubicación a escasos metros del pleno eje comercial de C/ Oca, C/ Laguna, C/ General Ricardos, Avd. Ntra. Sra. De Fátima, a menos de 5 minutos a pie de las estaciones de metro de Carabanchel y Vista Alegre (línea 5), así como de las líneas de autobús 35, 34, 17 y N17. Además, se encuentra cerca de los accesos a las autopistas M-30 y M-40. También podrás disfrutar de zonas ajardinadas, el Palacio de Vistalegre y el remodelado parque Finca de Vista Alegre. ¡NO PIERDAS ESTA OPORTUNIDAD DE VISITARLO! El PVP no incluye impuestos, gastos notariales, gastos de registro, etc. ¿QUIERES VENDER O ALQUILAR TU PROPIEDAD? CONTACTA CON ANTILLA GRUPO INMOBILIARIO Y TE ASESORAMOS PARA CONSEGUIR EL MEJOR RESULTADO.",False,good,False,2750.0,True,False,True,False,[],False,False,220000.0,€,,,flat,,"Vista Alegre, Madrid",Piso en calle del Espinar,Destacado,Vista Alegre,bj,True,True,,,,,
107176242,https://img4.idealista.com/blur/480_360_mq/0/id.pro.es.image.master/76/0e/3e/1305254996.webp,1354,30,950000.0,flat,sale,139.0,3,3,calle de Barbieri,Madrid,Madrid,Centro,es,40.4224418,-3.6993337,False,https://www.idealista.com/inmueble/107176242/,"Se vende espectacular ático tríplex de 130 m² construidos, con orientación sur/este, ubicado en el corazón del barrio de Chueca, a escasos metros del mercado de San Antón. La vivienda, distribuida en tres plantas, ofrece amplitud, independencia y luminosidad, a pesar de ser interior, gracias a su ubicación en la última planta del edificio. Distribución: •Planta principal: Amplio salón con aseo de cortesía y cocina independiente con gran ventanal, que aporta luz natural. •Primera planta: Dormitorio principal en suite con armarios empotrados. •Segunda planta: Dos habitaciones con un baño completo. Existe la posibilidad de ampliar a un cuarto dormitorio. Este tríplex destaca por la independencia entre sus espacios, ya que cuenta con dos escaleras que permiten el acceso por diferentes zonas de la vivienda. El edificio dispone de ascensor con acceso directo a la planta principal de entrada. Además, el precio incluye una amplia plaza de garaje de fácil acceso en el mismo edificio, un valor añadido en esta codiciada zona. Ubicado en uno de los barrios más vibrantes y atractivos de Madrid, este ático ofrece una oportunidad única para quienes desean vivir en el centro, rodeados de una variada oferta de ocio diurno y nocturno, y con una excelente conexión de transporte público, a pocos minutos de varias estaciones de metro y de la Plaza de Chueca. Una vivienda exclusiva para disfrutar de la esencia de Madrid con comodidad y estilo.",False,good,False,6835.0,True,False,True,False,[],False,False,950000.0,€,True,True,flat,,"Chueca-Justicia, Madrid",Piso en calle de Barbieri,Destacado,Chueca-Justicia,3,False,True,,,,,
108271807,https://img4.idealista.com/blur/480_360_mq/0/id.pro.es.image.master/c0/78/53/1347629904.webp,,30,625000.0,flat,sale,100.0,3,2,calle del Pintor Antonio Saura,Madrid,Madrid,Hortaleza,es,40.4828664,-3.6523075,False,https://www.idealista.com/inmueble/108271807/,"**Piso en Venta en Sanchinarro, Madrid** Descubre este encantador piso bajo en el corazón del barrio de Sanchinarro, una de las zonas más tranquilas y completas de la zona norte de Madrid. Con una superficie útil de 85 m², este hogar cuenta con tres dormitorios y dos baños, uno de ellos en suite, ideal para disfrutar de la comodidad y privacidad que buscas. La luminosidad del salón-comedor se complementa con  acceso directo a un acogedor patio-jardín, perfecto para relajarte al aire libre o disfrutar de momentos en familia. La cocina, completamente amueblada y equipada con electrodomésticos, incluye un práctico tendedero, lo que la convierte en un espacio funcional y acogedor. Además, el piso cuenta con calefacción y agua caliente individual por gas natural, así como aire acondicionado por split para garantizar tu confort durante todo el año. Los armarios empotrados ofrecen un excelente almacenamiento, manteniendo el espacio ordenado y acogedor. Ubicado en una zona residencial con todos los servicios necesarios a tu alcance: restauraciòn, colegios, centros sanitarios, comerciales, ocio etc. La gran red de infraestructuras viales y de transporte público, metro, bus y tren, hace que moverte por la ciudad sea muy sencillo. Este piso también incluye una plaza de garaje y un trastero, además de disfrutar de zonas comunes que incluyen piscina y jardines. Con un año de construcción del 2004 y en buen estado, es la oportunidad perfecta para adquirir un hogar donde cada detalle ha sido pensado para tu bienestar. ¡No dejes pasar esta oportunidad y ven a visitarlo!",False,good,False,6250.0,True,False,True,False,[],False,False,625000.0,€,True,True,flat,,"Sanchinarro, Madrid",Piso en calle del Pintor Antonio Saura,Destacado,Sanchinarro,bj,False,True,,,,,
108911291,https://img4.idealista.com/blur/480_360_mq/0/id.pro.es.image.master/f7/e4/3b/1358692071.webp,Z3404,23,202375.0,flat,sale,87.0,3,1,calle de Castrillo de Aza,Madrid,Madrid,Villa de Vallecas,es,40.3847207,-3.6098357,False,https://www.idealista.com/inmueble/108911291/,"IDEAL PARA INVERSORES: VENTA DE NUDA PROPIEDAD. NUDA PROPIEDAD. Grupo Retiro gestiona la venta de la nuda propiedad de una vivienda valorada en 275.000 euros a cambio de un anticipo de 30.000 y una renta temporal de 762 € durante 10 años o hasta el fallecimiento de la rentista (si éste se produjera antes del plazo de 10 años). El usufructuario, hombre de 65 años, continuará utilizando el inmueble hasta su fallecimiento. DESCRIPCIÓN DEL INMUEBLE: VIVIENDA EXTERIOR que consta de vestíbulo que da acceso al salón, tres dormitorios, cocina y baño. VIVIENDA: • Estado de conservación: Bueno • Calefacción: Central (gasóleo). • Agua caliente: Central (gasóleo). • Aire Acondicionado: Si • VPO: NO. Vivienda libre. EDIFICIO: • Tiene 10 plantas. • Zona común: jardines • Portero: Si • Condiciones de accesibilidad: Ascensor: SÍ (2) por escalera ( hay 3 escaleras). Acceso al portal: nivel de calle con rampa de acceso. • La última IEE se realizo en 2023 siendo favorable. La ITE se realizo en 2019 siendo favorable. La próxima ITE/IEE se realizara en el año 2033. TIPO DE RENTA: COMPRAVENTA DE NUDA PROPIEDAD A CAMBIO DE PAGO ÚNICO DE CAPITAL La Persona Mayor transmite la nuda propiedad de la vivienda a cambio de un anticipo de capital más una renta temporal mensual y constante durante el plazo de 10 años o hasta el fallecimiento del Rentista, si este hecho se produjera con anterioridad a cumplirse el plazo establecido. El Rentista se reserva el usufructo vitalicio de la vivienda hasta su fallecimiento o hasta su renuncia al mismo (en cuyo caso el importe de la renta mensual se incrementaría en un 50%), momento en el cual el comprador pasará a ser pleno propietario del inmueble. Se garantizará en Escritura el pago de las 84 primeras mensualidades, abonándose a los herederos la diferencia en caso de fallecimiento del Rentista antes de que transcurran los 7 primeros años desde la firma de la Escritura. Los Honorarios Profesionales de Mediación de GRUPO RETIRO y los impuestos asociados a esta operación no están incluidos. Puede ver otras oportunidades pinchando en nuestro LOGO.",False,good,False,2326.0,False,False,False,False,[],False,False,202375.0,€,,,flat,,"Santa Eugenia, Madrid",Piso en calle de Castrillo de Aza,Destacado,Santa Eugenia,5,True,True,,,,,
108518447,https://img4.idealista.com/blur/480_360_mq/0/id.pro.es.image.master/f9/31/90/1347305657.webp,25-041,30,163500.0,flat,sale,74.0,1,1,ronda de la Constitución,Madrid,Algete,,es,40.5981454,-3.4979761,False,https://www.idealista.com/inmueble/108518447/,"PRIMER NIVEL INMOBILIARIA pone en venta exclusivo loft en Algete. Ideal como inversión o primera vivienda. Presentamos esta atractiva propiedad ubicada en una de las zonas más consolidadas y tranquilas de Algete. Se trata de un loft residencial. La naturaleza de la finca y de todo el edificio donde se emplaza es URBANA: Oficina. Situado en una primera planta con altura de bajo a nivel de calle, lo que lo convierte en una excelente opción tanto para quienes buscan una vivienda cómoda, como para inversores que desean una propiedad lista para rentabilizar. Características principales: Superficie construida vivienda: 62 m² Superficie total incluyendo zonas comunes y garaje: 112 m² Dispone de un amplio dormitorio abierto, con ventanal de gran tamaño que proporciona abundante luz natural durante todo el día. Salón-comedor de concepto abierto, integrado con cocina moderna. Baño completo Plaza de garaje incluida en el precio, situada en el mismo edificio Armarios empotrados, optimizando el espacio de almacenaje sin restar amplitud Ventanas climalit, que garantizan aislamiento térmico y acústico Climatización por conductos, con aire acondicionado frío/calor y calefacción eléctrica eficiente Agua caliente eléctrica Ascensor en el edificio, de acceso directo desde el garaje Zonas comunes cuidadas y acceso adaptado Estado del inmueble: La vivienda se encuentra en excelente estado de conservación, prácticamente seminueva, y no requiere ningún tipo de reforma. Se ha mantenido con esmero y una distribución moderna y práctica, ideal para personas solteras, parejas o como segunda residencia. Entorno y comunicaciones: Ubicada en un entorno tranquilo y bien comunicado, a pocos pasos de todos los servicios: supermercados, comercios, centros educativos, zonas verdes y espacios de ocio. Además, cuenta con una línea directa de autobuses a Madrid cada 20 minutos, lo que facilita el acceso a la capital sin necesidad de vehículo propio. Oportunidad única para vivir o invertir en Algete con todas las comodidades. Ideal también como producto de inversión para alquiler. Para más información o concertar una visita, no dudes en contactarnos.",False,good,False,2209.0,False,False,True,False,[],False,False,163500.0,€,True,True,flat,,Algete,Piso en ronda de la Constitución,Destacado,,1,True,True,,,174000.0,10500.0,6.0
108106328,https://img4.idealista.com/blur/480_360_mq/0/id.pro.es.image.master/2e/9b/0e/1334014151.webp,15421,18,189000.0,flat,sale,60.0,2,1,paseo de Alberto Palacios,Madrid,Madrid,Villaverde,es,40.3450367,-3.7167624,False,https://www.idealista.com/inmueble/108106328/,"¡Tu nuevo hogar en Villaverde te espera! Este acogedor piso de 60 m² construidos y 57 m² útiles, ubicado en la tercera planta de un edificio sin ascensor, es la oportunidad perfecta para quienes buscan comodidad, luminosidad y una excelente ubicación en Madrid. Desde que entres, notarás que la vivienda recibe luz natural prácticamente todo el día gracias a su orientación sur y sus ventanas de climalit que aseguran un buen aislamiento. La distribución actual cuenta con una habitación, pero originalmente eran dos, ofreciendo la posibilidad de volver a tener dos dormitorios si lo deseas. La vivienda presenta un diseño funcional con puertas de roble y suelos de tarima flotante que aportan calidez y modernidad. Al acceder, te encontrarás con un espacio abierto que combina la zona de estar y la cocina. La cocina, de origen, dispone de un tendedero en la misma, para aprovechar al máximo el espacio. El baño, equipado con plato de ducha y paredes lisas, es práctico y fácil de mantener. La vivienda también cuenta con una terraza abierta de aproximadamente 8 m ² que da a una calle principal, perfecta para disfrutar del aire libre y las vistas. Vivir en Villaverde significa estar en una zona bien comunicada, con fácil acceso a transporte público, comercios, parques y todos los servicios que necesitas para tu día a día. La calle principal ofrece un ambiente dinámico y cercano, ideal para quienes valoran la comodidad y la vida urbana. ¡No dejes pasar esta oportunidad! Ven a visitarlo y descubre todo lo que este piso puede ofrecerte para convertirlo en tu nuevo hogar. *Certificación Energética: ""G"" *Impuestos y gastos NO INCLUIDOS: ITP o IVA, notaría, registro, gestoría, tasación, etc.",False,good,False,3150.0,True,False,True,False,[],False,False,189000.0,€,,,flat,,"Villaverde Alto, Madrid",Piso en paseo de Alberto Palacios,Destacado,Villaverde Alto,3,True,False,,,,,
106510848,https://img4.idealista.com/blur/480_360_mq/0/id.pro.es.image.master/98/5c/04/1285048474.webp,,44,649000.0,chalet,sale,334.0,5,5,avenida de la Paloma,Madrid,Hoyo de Manzanares,,es,40.6227996,-3.9125717,False,https://www.idealista.com/inmueble/106510848/,"HOGARES TORRELODONES. Agencia inmobiliaria de Torrelodones - Hoyo de Manzanares; Pone a su disposición chalet pareado en VENTA en la hermosa localidad de Hoyo de Manzanares. Con una parcela de 409 m² y una construcción de 344 m² distribuidos en 3 alturas, esta propiedad te ofrece un ESTILO DE VIDA DE LUJO. Cuenta con 5 habitaciones y 5 baños, brindando amplio espacio para toda la familia. Los suelos de parquet y mármol añaden un toque de ELEGANCIA Y DISTINCIÓN a cada rincón. La propiedad es extremadamente LUMINOSA, gracias a sus amplios ventanales que permiten la entrada de luz natural durante todo el día. Disfruta de impresionantes VISTAS a EL PICAZO y a MADRID desde la comodidad de tu hogar. Además, podrás relajarte y disfrutar del aire libre en la amplia terraza y en el jardín privado, perfecto para momentos de tranquilidad. El gran salón y la cocina son espacios ideales para recibir a familiares y amigos, brindando un AMBIENTE ACOGEDOR y CÁLIDO para compartir momentos especiales. Además, podrás aprovechar las comodidades de la urbanización, que incluye una PISCINA donde podrás refrescarte y disfrutar de los días soleados. En cuanto a comunicación, cuenta con todos los servicios próximos, se encuentran: el polideportivo, una guardería, el colegio y un instituto de educación secundaria, red de transporte, supermercados, restaurantes o comercios de primera necesidad, así como el ayuntamiento o el centro de cultura entre otros.  -Hoyo de Manzanares-  Se remonta a la Edad Media, cuando se integró en el Real de Manzanares, un territorio cedido por Alfonso X a la familia Mendoza. La zona fue utilizada como coto de caza por los reyes y también como fuente de materias primas, como piedra para la construcción de Madrid.  El municipio experimentó un crecimiento demográfico significativo a mediados del siglo XX, especialmente con la llegada de la Academia de Ingenieros del Ejército y el aumento de veraneantes.  Hoyo de Manzanares y La Berzosa comparten un pasado ligado a la historia de la Sierra de Guadarrama, con Hoyo destacando por su relevancia como coto de caza, cantera, y centro administrativo, mientras que La Berzosa se desarrolló como una zona residencial de gran importancia en el municipio.  No dejes pasar esta oportunidad de adquirir un chalet pareado en una UBICACIÓN PRIVILEGIADA y con todas las comodidades que mereces. Contáctanos para obtener más información y concertar una visita. ¡Ven y descubre tu nuevo hogar en Hoyo de Manzanares! En HOGARES TORRELODONES queremos facilitarte la compra de tu nuevo hogar, por eso ofrecemos ""FINANCIACIÓN 100%"". No dudes en CONSULTARNOS SIN COMPROMISO, estaremos encantados de brindarte toda la información que necesites.",False,good,False,1943.0,True,False,True,False,[],False,False,649000.0,€,True,True,chalet,semidetachedHouse,Hoyo de Manzanares,Chalet pareado en avenida de la Paloma,Destacado,,,,,,,,,
108600707,https://img4.idealista.com/blur/480_360_mq/0/id.pro.es.image.master/8c/06/58/1349634510.webp,,42,749000.0,flat,sale,124.0,4,2,CL MAURICIO LEGENDRE,Madrid,Madrid,Chamartín,es,40.4709903,-3.6862574,False,https://www.idealista.com/inmueble/108600707/,"BLUE FUTURE REAL ESTATE pone en venta en EXCLUSIVA esta amplia vivienda de mas de 100 metros cuadrados en zona PRIME de Madrid.  Vivienda en cuarta planta de edificio con dos ascensores compuesta de hall recibidor, amplio salón, cocina con office, TRES habitaciones, DOS baños y TRES TERRAZAS! Entre sus calidades encontramos: - Suelos de parquet. - Ventanas de aluminio. - Calefacción central. - Aire acondicionado en salón. - Armarios empotrados en hall, pasillo y habitaciones. - Termo eléctrico de gran capacidad para el agua caliente sanitaria. - TRES TERRAZAS, una de acceso desde la cocina y las otras dos desde dos de sus habitaciones. Vivienda enormemente atractiva por su infinidad de posibilidades y versatilidad. IDEAL para ser utilizada como vivienda habitual o como INVERSIÓN. Cercana a pequeños comercios de barrio, grandes superficies, zonas verdes, colegios, centros de salud, bancos y administraciones. Paradas de metro mas cercanas Renfe/Chamartín, Duque de Pastrana y Ventilla y múltiples líneas de bus en la misma calle. Extraordinarias conexiones con M-30. POSIBILIDADES DE FINANCIACIÓN A TU MEDIDA A TRAVÉS DE NUESTRO DEPARTAMENT O FINANCIERO.",False,good,False,6040.0,True,False,True,False,[],False,False,749000.0,€,,,flat,,"Castilla, Madrid",Piso en Cl Mauricio Legendre,Destacado,Castilla,4,True,True,,,,,
108797185,https://img4.idealista.com/blur/480_360_mq/0/id.pro.es.image.master/39/d1/59/1352015795.webp,6-B,19,995000.0,flat,sale,116.0,2,2,"José Silva, 17",Madrid,Madrid,Ciudad Lineal,es,40.4541006,-3.6590158,True,https://www.idealista.com/obra-nueva/108797185/,"EN LA ÚLTIMA PLANTA DEL EDIFICIO - LUMINOSA VIVIENDA DE 2 HABITACIONES CON TERRAZA, VISTAS INCREIBLES Y ORIENTACIÓN SUR.  Arquitectura de vanguardia pensada para ser vivida y disfrutada. Viviendas que se apropian de las tendencias actuales de distribución de los espacios interiores, materiales e iluminación para un estilo de vida actual y desenfadado. La perfecta armonía de la luz y los espacios, crean una espectacular sensación de amplitud y calidez en todos los rincones. Sus terrazas, que salpican la fachada dándole personalidad, se reparten en todas las viviendas, permitiendo el cotidiano disfrute del cielo y el sol, convirtiendo cada vivienda en un hogar deseado. Áreas comunes para la relajación y el disfrute entre el azul del cielo, la transparencia del agua y los verdes jardines. Con su piscina y jardines, en José Silva podrás sentir cualquier día, como un día extraordinario. ¡La ubicación de José Silva 17 es insuperable! Cuenta con una innumerable oferta de colegios tanto privados como concertados, está a 10 minutos, andando cerca del Polideportivo San Juan Bautista que tiene pistas de tenis y piscina, muy cerca un campo de Fútbol 11, diferentes clínicas y el Hospital Nuestra Señora de América, también Iglesias y el Parque Feliz Rodríguez de la Fuente a 7 minutos. Las más importantes cadenas de supermercados están a menos de 5 minutos en coche. En relación con la conectividad, José Silva está a 4 minutos andando, de la estación de metro Avenida de La Paz y en el entorno inmediato tiene líneas de autobús que lo conectan con todas las diferentes zonas de la ciudad. Igualmente cuenta con importantes arterias viales a poca distancia que permiten llegar a cualquier punto de Madrid con facilidad y rapidez, así como salir de madrid, con mucha facilidad. Y si lo que quieres es una interesante oferta de ocio y restauración, José Silva 17 está a 10 minutos en coche del recién estrenado Estadio Santiago Bernabéu, lo que lo sitúa muy cerca de la amplia oferta que, cada vez con más fuerza y variedad, se posiciona en su entorno. Un proyecto del prestigioso estudio OLALQUIAGA ARQUITECTOS. Y una promoción de ORINOQUIA PROMOCIONES. Toda la experiencia y trayectoria de GRAN ROQUE PROMOCIONES, en una nueva marca. Hemos ejecutado más de 25 proyectos inmobiliarios en Madrid y todas nuestras promociones se han convertido en referentes del mercado inmobiliario.",True,,True,8578.0,True,False,False,False,[],False,False,995000.0,€,True,True,flat,,"San Juan Bautista, Madrid","Piso en José Silva, 17",Destacado,San Juan Bautista,6,True,True,,False,,,
108901325,https://img4.idealista.com/blur/480_360_mq/0/id.pro.es.image.master/a3/c8/16/1358387463.webp,,81,1640000.0,chalet,sale,816.0,5,5,Barrio Club de Golf,Madrid,Las Rozas de Madrid,Club de Golf,es,40.5496567,-3.9050949,False,https://www.idealista.com/inmueble/108901325/,"^**^CHALET INDEPENDIENTE DE LUJO EN CLUB DE GOLF, LAS ROZAS — VIVIENDA ÚNICA EN ENTORNO EXCLUSIVO^**^ Presentamos esta exclusiva vivienda unifamiliar en una de las urbanizaciones más prestigiosas y demandadas de la zona noroeste de Madrid: el Club de Golf de Las Rozas. Una localización privilegiada que combina seguridad, privacidad y un entorno natural inigualable, con zonas verdes, vistas despejadas y acceso directo a servicios de primer nivel. A tan solo 20 minutos del centro de Madrid y con excelentes comunicaciones, esta zona ofrece colegios internacionales, centros comerciales, restauración selecta y una oferta deportiva de élite. Con una superficie construida de 679 m² sobre una impresionante parcela ajardinada de 2.622 m², esta propiedad representa el equilibrio perfecto entre lujo, diseño y confort. Reformada para crear espacios amplios, modernos y funcionales, cada rincón ha sido pensado para quienes valoran la elegancia sin renunciar a la comodidad. La planta principal acoge un gran vestíbulo distribuidor que marca el carácter señorial de la casa. Desde aquí se accede a una estancia vestidor, ideal como zona de bienvenida o galería. La cocina, completamente equipada y con una espectacular isla en forma de U, se abre a un amplio comedor formal y conecta directamente con una preciosa terraza acristalada, integrada como una estancia más en la vivienda. Este espacio fluye con naturalidad hacia el salón principal —con doble ambiente y chimenea— y hacia un acogedor cuarto de estar también con chimenea y salida directa a otra terraza privada. Además, la cocina cuenta con una gran despensa, cuarto de lavado y comedor informal, completando una planta pensada para el día a día y la vida social. En esta misma planta se encuentran los dos garajes cerrados, el cuarto de calderas y un trastero. En la planta baja, un espacio diáfano y luminoso con ventanales al jardín se ofrece como salón de verano o zona de ocio, con la preinstalación para un baño completo. También se ubican aquí dos dormitorios (uno de ellos muy amplio, ideal para gimnasio, sala de juegos o suite de invitados), un baño completo y un aseo. La planta superior alberga el espectacular dormitorio principal con gran vestidor, un baño en suite digno de un hotel de lujo y salida a una terraza privada. Completan esta planta un segundo dormitorio en suite con armarios empotrados y terraza, y un tercer dormitorio de diseño exclusivo, distribuido en dos alturas, con zona de estar y juegos y terraza privada. En conjunto, esta vivienda destaca no solo por sus calidades, su distribución y su tamaño, sino por ofrecer un estilo de vida de alto nivel en una de las mejores zonas residenciales de Madrid. Es, sin duda, una propiedad única, sofisticada y muy especial, difícil de encontrar en el mercado actual. Este anuncio no es vinculante y puede contener errores. Se muestra a título informativo y no es contractual. NO COBRAMOS COMISIÓN AL COMPRADOR.",True,good,False,2010.0,True,True,False,False,[],False,False,1640000.0,€,True,True,chalet,independantHouse,"Club de Golf, Las Rozas de Madrid",Casa independiente,Destacado,Club de Golf,,,,,,,,
108573460,https://img4.idealista.com/blur/480_360_mq/0/id.pro.es.image.master/bd/7c/6a/1348941008.webp,[[137]] E1BA,19,530000.0,flat,sale,224.0,3,2,"Cerro del Campo, 31",Madrid,Madrid,Vicálvaro,es,40.4055926,-3.550309,True,https://www.idealista.com/obra-nueva/108573460/,"Limea Suites: Tu hogar, donde la calidad se siente Limea Suites es una exclusiva promoción de 94 viviendas distribuidas en dos torres, con una amplia zona común que invita al disfrute y la convivencia. Ofrece viviendas de 2 y 3 dormitorios, incluyendo viviendas en plantas baja con grandes terrazas y espectaculares áticos con solárium y con pérgola para disfrutar del sol, pensadas para adaptarse a tu estilo de vida.  En Limea Suites, cada detalle del equipamiento interior ha sido cuidadosamente seleccionado para ofrecer una experiencia de vida superior. La selección de materiales de alta gama y el diseño funcional de los espacios hacen de cada rincón un lugar acogedor y elegante, pensado para disfrutar desde el primer momento.  Los acabados destacan por su calidad: carpintería de PVC con triple vidrio y doble cámara de aire para un excelente aislamiento térmico y acústico, suelos laminados de gran resistencia que combinan estética y durabilidad, y cocinas completamente equipadas con electrodomésticos de última generación que facilitan el día a día. Además, las viviendas cuentan con conexiones para telecomunicaciones, garantizando comodidad y conectividad.  Estos elementos aseguran un alto nivel de eficiencia energética y aislamiento acústico todo ello, bajo la certificación Passivhaus. El Cañaveral, un barrio que es sinónimo de bienestar El Cañaveral es uno de los barrios más prometedores de Madrid, en pleno crecimiento urbanístico y con modernas promociones que garantizan bienestar y calidad de vida.  La zona cuenta con con varias líneas de autobús (159, E5, 290 y N6) que lo conectan con Metro, Cercanías y el centro de Madrid, y dispone además de una excelente comunicación por carretera gracias a su proximidad a la M-45 y el acceso directo a la R-3, lo que facilita los desplazamientos tanto hacia el centro como hacia el corredor del Henares.  Además, hay previsto un nuevo Parque Central que se va a ejecutar en El Cañaveral, conforme a la modificación de la almendra central, así como de las comunicaciones y accesos de El Cañaveral y la línea prevista del Bus de Tránsito Rápido (BTR) o BuP.  El Cañaveral ofrece una ubicación privilegiada y todos los servicios necesarios para una vida cómoda, con comercios, colegios, zonas verdes y centros de salud. Viviendas Passivhaus en El Cañaveral Sus amplias zonas comunes están diseñadas para el disfrute de toda la familia, con zonas verdes perfectamente integradas que invitan al relax y la recreación. Los más pequeños podrán disfrutar de áreas de juegos infantiles seguras y divertidas, mientras que los adultos se relajan junto a la moderna piscina de cloración salina, que ofrece un agua más saludable y respetuosa con el medio ambiente.  El espacio comunitario polivalente está diseñado para adaptarse a tus momentos más especiales. Contará con una exclusiva zona gourmet, perfecta para celebraciones y reuniones con amigos o familiares, y un gimnasio para que puedas mantenerte en forma sin salir de casa. Todo ello en un ambiente moderno y funcional que fomenta la convivencia y el bienestar. También habrá un aparcamiento para bicis y buzones tipo ""Smart locker"". Además, los núcleos de comunicación del edificio se han ejecutado mediante soluciones industrializadas, lo que garantiza una mayor calidad, eficiencia y confort en el día a día. Disfruta del confort de una vivienda Passivhaus con autoconsumo colectivo por placas solares. El autoconsumo eléctrico que incorporamos reduce la dependencia de fuentes de energía no renovables, que emiten grandes cantidades de CO2 y son perjudiciales para la salud de las personas.",True,newdevelopment,True,2366.0,True,False,False,False,[],False,False,530000.0,€,True,True,flat,,"El Cañaveral, Madrid","Piso en Cerro del Campo, 31",Destacado,El Cañaveral,bj,True,True,,False,,,
108573503,https://img4.idealista.com/blur/480_360_mq/0/id.pro.es.image.master/dd/68/f9/1348936950.webp,[[137]] e12d,18,425000.0,flat,sale,96.0,3,2,"Cerro del Campo, 31",Madrid,Madrid,Vicálvaro,es,40.4055926,-3.550309,True,https://www.idealista.com/obra-nueva/108573503/,"Limea Suites: Tu hogar, donde la calidad se siente Limea Suites es una exclusiva promoción de 94 viviendas distribuidas en dos torres, con una amplia zona común que invita al disfrute y la convivencia. Ofrece viviendas de 2 y 3 dormitorios, incluyendo viviendas en plantas baja con grandes terrazas y espectaculares áticos con solárium y con pérgola para disfrutar del sol, pensadas para adaptarse a tu estilo de vida.  En Limea Suites, cada detalle del equipamiento interior ha sido cuidadosamente seleccionado para ofrecer una experiencia de vida superior. La selección de materiales de alta gama y el diseño funcional de los espacios hacen de cada rincón un lugar acogedor y elegante, pensado para disfrutar desde el primer momento.  Los acabados destacan por su calidad: carpintería de PVC con triple vidrio y doble cámara de aire para un excelente aislamiento térmico y acústico, suelos laminados de gran resistencia que combinan estética y durabilidad, y cocinas completamente equipadas con electrodomésticos de última generación que facilitan el día a día. Además, las viviendas cuentan con conexiones para telecomunicaciones, garantizando comodidad y conectividad.  Estos elementos aseguran un alto nivel de eficiencia energética y aislamiento acústico todo ello, bajo la certificación Passivhaus. El Cañaveral, un barrio que es sinónimo de bienestar El Cañaveral es uno de los barrios más prometedores de Madrid, en pleno crecimiento urbanístico y con modernas promociones que garantizan bienestar y calidad de vida.  La zona cuenta con con varias líneas de autobús (159, E5, 290 y N6) que lo conectan con Metro, Cercanías y el centro de Madrid, y dispone además de una excelente comunicación por carretera gracias a su proximidad a la M-45 y el acceso directo a la R-3, lo que facilita los desplazamientos tanto hacia el centro como hacia el corredor del Henares.  Además, hay previsto un nuevo Parque Central que se va a ejecutar en El Cañaveral, conforme a la modificación de la almendra central, así como de las comunicaciones y accesos de El Cañaveral y la línea prevista del Bus de Tránsito Rápido (BTR) o BuP.  El Cañaveral ofrece una ubicación privilegiada y todos los servicios necesarios para una vida cómoda, con comercios, colegios, zonas verdes y centros de salud. Viviendas Passivhaus en El Cañaveral Sus amplias zonas comunes están diseñadas para el disfrute de toda la familia, con zonas verdes perfectamente integradas que invitan al relax y la recreación. Los más pequeños podrán disfrutar de áreas de juegos infantiles seguras y divertidas, mientras que los adultos se relajan junto a la moderna piscina de cloración salina, que ofrece un agua más saludable y respetuosa con el medio ambiente.  El espacio comunitario polivalente está diseñado para adaptarse a tus momentos más especiales. Contará con una exclusiva zona gourmet, perfecta para celebraciones y reuniones con amigos o familiares, y un gimnasio para que puedas mantenerte en forma sin salir de casa. Todo ello en un ambiente moderno y funcional que fomenta la convivencia y el bienestar. También habrá un aparcamiento para bicis y buzones tipo ""Smart locker"". Además, los núcleos de comunicación del edificio se han ejecutado mediante soluciones industrializadas, lo que garantiza una mayor calidad, eficiencia y confort en el día a día. Disfruta del confort de una vivienda Passivhaus con autoconsumo colectivo por placas solares. El autoconsumo eléctrico que incorporamos reduce la dependencia de fuentes de energía no renovables, que emiten grandes cantidades de CO2 y son perjudiciales para la salud de las personas.",True,newdevelopment,True,4427.0,True,False,False,False,[],False,False,425000.0,€,True,True,flat,,"El Cañaveral, Madrid","Piso en Cerro del Campo, 31",Destacado,El Cañaveral,2,True,True,,False,,,
105873741,https://img4.idealista.com/blur/480_360_mq/0/id.pro.es.image.master/4f/c1/5b/1341428559.webp,MTHAB_151,63,950000.0,chalet,sale,444.0,4,5,calle Río Jarama,Madrid,Valdemorillo,Cerro Alarcón,es,40.4635317,-4.084596,False,https://www.idealista.com/inmueble/105873741/,"No cobramos honorarios a la parte compradora. La Urbanización Cerro de Alarcón, Valdemorillo, es una de las zonas más demandadas tras la pandemia, todo tiene su explicación. Es un lugar rodeado de campo, buenas vistas, rutas de senderismo, pantanos, sin por ello, estar aislados, y si tiene que teletrabajar, fibra óptica.  Vivir en la sierra, en una gran parcela, con una preciosa casa, luminosa y amplía para disfrutar tanto en verano como en invierno, ahora es posible. Urbanización cerrada con vigilancia 24 horas, cuenta con un pequeño supermercado, además de un bar y un parque para niños a la entrada. Son muchas viviendas construidas en grandes parcelas en las que te podemos ofrecer mucha diversidad de inmueble, la que hoy te presentamos, es una de las más exclusivas de la zona. En una parcela de más de 2.000 m2, se encuentra la edificación de esta casa de tres plantas, terminada de construir por los propietarios con todo detalle en 2009. Cuenta con 4 amplios dormitorios, todos ellos con baño en suite. La parcela cuenta con una gran superficie con capacidad para más de 10 coches, además de una gran terraza, con orientación sur y piscina.  Desde la entrada de la casa, podemos acceder a un amplio recibidor con grandes ventanales que le dan luminosidad a la vivienda. En esta primera planta encontramos un salón de 55 m2, un comedor y la gran cocina, con isla en el centro para cocinar, y una mesa de comedor para desayunar. Las tres estancias tienen ventanas correderas que dan acceso a una gran terraza, con zona de BBQ y una piscina, con orientación sur, lo que permite disfrutar del sol durante la mayor parte del día. También en esta planta encontramos dos habitaciones muy amplías dobles, con baño en suite que cuenta con plato de ducha y jacuzzi. La habitación principal, además, tiene con un gran vestidor, y armario empotrado.  Por una gran escalera desde el recibidor accedemos a otra dos amplías habitaciones, ambas con baño en suite y una terraza solárium. Por último, en el sótano, encontramos una habitación, pudiendo ser utilizada como zona de servicio, con baño completo, zona de lavandería, una gran sala de estar o de juegos y un gran trastero, que también puede utilizarse como espacio de descanso. Hay autobuses a Madrid, (Moncloa), y a tan solo 7 minutos en coche, estamos en el pueblo de Valdemorillo, donde podemos encontrar colegios, grandes supermercados, los mejores restaurantes. A 20 minutos en coche estarás en Villanueva de la Cañada o Villanueva del Pardillo. No dejes pasar la oportunidad y llámanos para concertar una visita.",True,good,False,2140.0,True,False,True,False,[],False,False,950000.0,€,True,True,chalet,independantHouse,"Cerro Alarcón, Valdemorillo",Casa independiente en calle Río Jarama,Destacado,,,,,,,,,
108910239,https://img4.idealista.com/blur/480_360_mq/0/id.pro.es.image.master/9c/46/5b/1358655107.webp,,50,650000.0,chalet,sale,240.0,4,3,AV LOPE DE FIGUEROA,Madrid,Alcalá de Henares,Val,es,40.4911734,-3.3448478,False,https://www.idealista.com/inmueble/108910239/,"¡Descubre el hogar de tus sueños en Alcalá de Henares! Este impresionante chalet adosado, construido en 1995, se encuentra en un barrio exclusivo que combina tranquilidad y seguridad. Con 240 m² construidos, la vivienda ofrece amplios espacios y acabados de calidad en cada rincón. Disfruta de dos jardines privados y acceso directo a una amplia piscina comunitaria, ideal para relajarte y disfrutar del buen tiempo. Distribuido en cuatro plantas, este chalet cuenta con una planta sótano que incluye un garaje, cuarto de la colada y una estancia de uso recreativo. En la planta baja, encontrarás un porche abierto, una cocina totalmente equipada, un salón luminoso con chimenea y un aseo de cortesía. La planta primera alberga cuatro dormitorios y dos baños, uno de ellos en suite. Además, la buhardilla está totalmente acondicionada con armarios empotrados. Los suelos de madera aportan calidez a toda la casa, que también cuenta con calefacción por gas natural, aire acondicionado y ventanas de climalit para asegurar el máximo confort. Su orientación sur-este garantiza luminosidad durante todo el día. La ubicación es inmejorable, con cercanía a colegios, supermercados, centros comerciales, un hospital y transporte público. Sin comisión de agencia, esta es una oportunidad única para vivir en un entorno privilegiado. ¡No la dejes escapar!",False,good,False,2708.0,True,False,False,False,[],False,False,650000.0,€,True,True,chalet,terracedHouse,"Val, Alcalá de Henares",Chalet adosado en Av Lope De Figueroa,Destacado,,,,,,,,,
108305199,https://img4.idealista.com/blur/480_360_mq/0/id.pro.es.image.master/da/0e/de/1340146206.webp,L2.25,17,350000.0,flat,sale,65.0,2,1,calle de la Ribera de Curtidores s/n,Madrid,Madrid,Centro,es,40.4069918,-3.7072631,True,https://www.idealista.com/inmueble/108305199/,"A solo unos minutos de la Plaza de Cascorro, este inmueble de 65 m² en primera planta cuenta con ascensor y portero automático. Su excelente ubicación ofrece fácil acceso al centro, museos, palacios y parques, además de contar con múltiples opciones de transporte público. La vivienda dispone de salón de paso, cocina independiente, dos dormitorios y baño completo. Ideal para disfrutar de la ciudad, con la comodidad de estar cerca de los principales puntos de interés y servicios.",False,renew,False,5385.0,True,False,True,False,[],False,False,350000.0,€,,,flat,,"Lavapiés-Embajadores, Madrid",Piso en calle de la Ribera de Curtidores s/n,Destacado,Lavapiés-Embajadores,1,False,True,,,,,
108572424,https://img4.idealista.com/blur/480_360_mq/0/id.pro.es.image.master/cb/15/09/1348941020.webp,[[137]] e15d,18,465000.0,flat,sale,96.0,3,2,"Cerro del Campo, 31",Madrid,Madrid,Vicálvaro,es,40.4055926,-3.550309,True,https://www.idealista.com/obra-nueva/108572424/,"Limea Suites: Tu hogar, donde la calidad se siente Limea Suites es una exclusiva promoción de 94 viviendas distribuidas en dos torres, con una amplia zona común que invita al disfrute y la convivencia. Ofrece viviendas de 2 y 3 dormitorios, incluyendo viviendas en plantas baja con grandes terrazas y espectaculares áticos con solárium y con pérgola para disfrutar del sol, pensadas para adaptarse a tu estilo de vida.  En Limea Suites, cada detalle del equipamiento interior ha sido cuidadosamente seleccionado para ofrecer una experiencia de vida superior. La selección de materiales de alta gama y el diseño funcional de los espacios hacen de cada rincón un lugar acogedor y elegante, pensado para disfrutar desde el primer momento.  Los acabados destacan por su calidad: carpintería de PVC con triple vidrio y doble cámara de aire para un excelente aislamiento térmico y acústico, suelos laminados de gran resistencia que combinan estética y durabilidad, y cocinas completamente equipadas con electrodomésticos de última generación que facilitan el día a día. Además, las viviendas cuentan con conexiones para telecomunicaciones, garantizando comodidad y conectividad.  Estos elementos aseguran un alto nivel de eficiencia energética y aislamiento acústico todo ello, bajo la certificación Passivhaus. El Cañaveral, un barrio que es sinónimo de bienestar El Cañaveral es uno de los barrios más prometedores de Madrid, en pleno crecimiento urbanístico y con modernas promociones que garantizan bienestar y calidad de vida.  La zona cuenta con con varias líneas de autobús (159, E5, 290 y N6) que lo conectan con Metro, Cercanías y el centro de Madrid, y dispone además de una excelente comunicación por carretera gracias a su proximidad a la M-45 y el acceso directo a la R-3, lo que facilita los desplazamientos tanto hacia el centro como hacia el corredor del Henares.  Además, hay previsto un nuevo Parque Central que se va a ejecutar en El Cañaveral, conforme a la modificación de la almendra central, así como de las comunicaciones y accesos de El Cañaveral y la línea prevista del Bus de Tránsito Rápido (BTR) o BuP.  El Cañaveral ofrece una ubicación privilegiada y todos los servicios necesarios para una vida cómoda, con comercios, colegios, zonas verdes y centros de salud. Viviendas Passivhaus en El Cañaveral Sus amplias zonas comunes están diseñadas para el disfrute de toda la familia, con zonas verdes perfectamente integradas que invitan al relax y la recreación. Los más pequeños podrán disfrutar de áreas de juegos infantiles seguras y divertidas, mientras que los adultos se relajan junto a la moderna piscina de cloración salina, que ofrece un agua más saludable y respetuosa con el medio ambiente.  El espacio comunitario polivalente está diseñado para adaptarse a tus momentos más especiales. Contará con una exclusiva zona gourmet, perfecta para celebraciones y reuniones con amigos o familiares, y un gimnasio para que puedas mantenerte en forma sin salir de casa. Todo ello en un ambiente moderno y funcional que fomenta la convivencia y el bienestar. También habrá un aparcamiento para bicis y buzones tipo ""Smart locker"". Además, los núcleos de comunicación del edificio se han ejecutado mediante soluciones industrializadas, lo que garantiza una mayor calidad, eficiencia y confort en el día a día. Disfruta del confort de una vivienda Passivhaus con autoconsumo colectivo por placas solares. El autoconsumo eléctrico que incorporamos reduce la dependencia de fuentes de energía no renovables, que emiten grandes cantidades de CO2 y son perjudiciales para la salud de las personas.",True,,True,4844.0,True,False,False,False,[],False,False,465000.0,€,True,True,flat,,"El Cañaveral, Madrid","Piso en Cerro del Campo, 31",Destacado,El Cañaveral,5,True,True,,False,,,
107864090,https://img4.idealista.com/blur/480_360_mq/0/id.pro.es.image.master/1b/d6/8f/1326611204.webp,,41,560000.0,flat,sale,95.0,3,2,calle de la Batalla del Salado,Madrid,Madrid,Arganzuela,es,40.4000744,-3.6978436,False,https://www.idealista.com/inmueble/107864090/,"DIRECTAMENTE PROPIEDAD, SIN COMISIONES. Descubre el hogar de tus sueños en este espectacular piso recién reformado de 95 m²! Ubicado en la primera planta de un edificio con ascensor, este moderno y acogedor espacio te ofrece todo lo que necesitas para vivir con comodidad. Disfruta de un amplio salón-comedor con vistas al exterior y una moderna cocina abierta, equipada con una elegante isla y totalmente amueblada. Las tres habitaciones cuentan con armarios empotrados, ofreciendo un espacio de almacenamiento óptimo, mientras que los dos baños, uno de ellos en suite, garantizan privacidad y confort. La calidad del piso se refleja en los suelos de tarima flotante PARADOR resistentes al agua y las ventanas de PVC KOMMERLING oscilobatientes y persianas motorizadas en salón y dormitorio principal, que aseguran aislamiento y eficiencia energética. La carpintería interior de madera lacada en blanco añade un toque de elegancia, y el sistema de sonido integrado con bluetooth eleva la experiencia de vivir aquí. Además, la calefacción individual y el aire acondicionado por conductos te permitirán disfrutar de la temperatura ideal durante todo el año. Este piso también cuenta con una excelente conexión a varias líneas de autobuses, metro y cercanías, estarás siempre bien comunicado. No pierdas la oportunidad de visitar este piso en un entorno bien comunicado y con una reforma integral. ¡Tu nuevo hogar te está esperando!",True,good,False,5895.0,True,False,True,False,[],False,False,560000.0,€,,,flat,,"Delicias, Madrid",Piso en calle de la Batalla del Salado,Destacado,Delicias,1,True,True,,,,,
106126764,https://img4.idealista.com/blur/480_360_mq/0/id.pro.es.image.master/7d/1e/ab/1274169805.webp,CA25,56,844900.0,chalet,sale,1000.0,7,5,calle Serranillos,Madrid,Serranillos del Valle,,es,40.2090429,-3.8710518,False,https://www.idealista.com/inmueble/106126764/,"¡MARES INMOBILIARIA VENDE EN EXCUSIVA! ¡Descubre el hogar de tus sueños en esta impresionante casa unifamiliar independiente! Con una superficie construida de 713 m² y ubicada en una parcela de 1975 m², esta propiedad ofrece un espacio inigualable para vivir con total comodidad. La casa se divide en dos unidades independientes, perfectas para familias numerosas o para quienes buscan un espacio adicional para invitados. La primera vivienda, situada en la planta baja, cuenta con un amplio salón-comedor, cocina equipada, tres dormitorios y dos baños. Disfruta de la luminosidad que ofrecen las ventanas climalit y del confort de los suelos de gres y el aire acondicionado con hilo radiante. La segunda vivienda, distribuida en la primera y segunda planta, ofrece un salón-comedor, cocina, tres dormitorios con baños en suite, suelos de tarima y calefacción por hilo radiante. El lujoso dormitorio principal incluye un jacuzzi y plato de ducha. El exterior es un verdadero oasis con piscina, jacuzzi al aire libre, pista de pádel de última generación y una zona de gimnasio independiente. Además, cuenta con un garaje cubierto para tres coches y múltiples espacios adicionales como trastero, terraza y balcón.  Construida en 1993, la casa se encuentra en excelente estado de conservación y es una opción eficiente y sostenible con clase energética D. ¡No pierdas la oportunidad de vivir en este paraíso residencial! No pierdas la oportunidad de vivir en esta magnífica propiedad que combina lujo, espacio y funcionalidad. ¡Ven a visitarla y enamórate!",True,good,False,845.0,True,False,True,False,[],False,False,844900.0,€,True,True,chalet,independantHouse,Serranillos del Valle,Casa independiente en calle Serranillos,Destacado,,,,,,,,,
108204824,https://img4.idealista.com/blur/480_360_mq/0/id.pro.es.image.master/fa/1a/a4/1349667826.webp,RP1052025137871,45,679000.0,flat,sale,156.0,5,2,paseo de la Virgen del Puerto,Madrid,Madrid,Arganzuela,es,40.4110704,-3.7198727,False,https://www.idealista.com/inmueble/108204824/,"AMPLIA VIVIENDA EN 7º PLANTA EXTERIOR MUY LUMINOSA CON TERRAZA Y VISTAS AL MADRID RÍO  REDPISO LATINA-IMPERIAL te presenta esta fantástica oportunidad en una de las zonas más tranquilas, verdes y mejor conectadas de Madrid.  Ubicada en una finca del año 1961 equipada con dos ascensores y acceso adaptado para personas con movilidad reducida, esta vivienda destaca por su luminosidad natural, su amplitud y su enorme potencial de reforma. La vivienda cuenta con: -5 habitaciones, ideales para familias grandes, teletrabajo o adaptar a tus necesidades. -1 baño completo con plato de ducha y 1 aseo adicional, lo que ofrece comodidad para el día a día. -Cocina independiente con despensa, perfecta para quienes valoran el espacio de almacenaje. -Salón muy amplio con salida directa a una terraza con espectaculares vistas despejadas al Madrid Río. -Recibidor amplio y un pasillo generoso, con distribución 100% modificable al ser toda la tabiquería interior. -Trastero incluido, un extra siempre útil para almacenamiento adicional. Además de sus características interiores, la localización es inmejorable: justo cruzando la calle accedes directamente al Madrid Río, una de las zonas más valoradas de la capital por su vegetación, paseos arbolados, carriles bici y espacios de ocio. Todo ello en un entorno que combina tranquilidad, seguridad y cercanía al centro de Madrid. Una oportunidad única para quienes buscan un hogar acogedor en uno de los barrios más demandados de Madrid. ¡No pierdas la oportunidad de visitarlo, ponte en contacto con nosotros para más información y concertar una visita! ¡Financiamos hasta el 100% de tu hipoteca!",False,renew,False,4353.0,True,False,True,False,[],False,False,679000.0,€,,,flat,,"Imperial, Madrid",Piso en paseo de la Virgen del Puerto,Destacado,Imperial,7,True,True,,,699000.0,20000.0,3.0
108516554,https://img4.idealista.com/blur/480_360_mq/0/id.pro.es.image.master/d4/16/ab/1347437183.webp,PIS0089,19,225000.0,flat,sale,62.0,2,1,Barrio Abrantes,Madrid,Madrid,Carabanchel,es,40.3849337,-3.7225033,False,https://www.idealista.com/inmueble/108516554/,"NUEVA EXPANSION vende estupenda vivienda en planta baja, ubicada en una de las principales arterias del barrio de Carabanchel: la Avenida Vía Lusitana, a pocos pasos del Parque de la Emperatriz María de Austria, un gran pulmón verde con zonas infantiles, instalaciones deportivas y amplios espacios de ocio para disfrutar en familia o con amigos. La vivienda cuenta con una distribución muy funcional y luminosa:  Salón y una habitación con orientación exterior, con vistas directas a la Vía Lusitana.  Cocina independiente, baño completo y segunda habitación, orientados a un amplio patio interior del edificio, que aporta tranquilidad y buena ventilación. Se vende totalmente amueblada, lo que la convierte en una opción ideal tanto para entrar a vivir de inmediato como para inversión en alquiler. El estado general del inmueble es excelente, no requiere reformas para habitarlo, aunque ofrece múltiples posibilidades si se desea actualizar o modernizar. Disponibilidad inmediata. No pierdas la oportunidad de vivir en una zona consolidada, con todos los servicios, excelente comunicación por transporte público y acceso directo a una de las zonas verdes más importantes del distrito. [IW].",False,good,False,3629.0,True,False,True,False,[],False,False,225000.0,€,,,flat,,"Abrantes, Madrid",Piso,Destacado,Abrantes,bj,True,False,,,,,
107747000,https://img4.idealista.com/blur/480_360_mq/0/id.pro.es.image.master/63/04/ab/1322092537.webp,F2VDF072,31,250000.0,flat,sale,154.0,4,1,Centro,Madrid,Fuenlabrada,Centro,es,40.2838603,-3.792963,False,https://www.idealista.com/inmueble/107747000/,"¡Tenemos el diamante de la temporada! Te presentamos esta vivienda para reformar en Fuenlabrada con 154m2 construidos lleno de luz, amplitud, potencial y de mil posibilidades.  Al entrar, un pasillo acogedor te da la bienvenida y te conduce a un gran salón-comedor independiente, con acceso a una terraza acristalada de 8,5m2. Un espacio perfecto para disfrutar de las vistas en cualquier estación del año.  La vivienda cuenta con 4 dormitorios amplios y luminosos, 3 de ellos tienen armarios empotrados ¡Porque el almacenamiento nunca sobra! Además, dos de ellos ofrecen un extra muy especial, uno tiene salida a la terraza acristalada y otro da acceso a un patio interior privado de 8.3m2. La cocina es amplia y luminosa gracias a su salida a un patio interior de 7,75m2, que es ideal para la ventilación o incluso para poner un pequeño rincón verde. ¡Ay más! Ya que este hogar también cuenta con un baño completo e independiente.  En cuanto a instalaciones, cuenta con calefacción eléctrica, pero si prefieres el gas natural, las tomas ya están listas. El agua caliente funciona con calentador de gas natural. ¡Una maravilla! Esta vivienda no solo destaca por su interior, ya que está situada en una zona con buena conexión a transporte público y servicios como colegios, comercios, parques, farmacias, centro de salud ¡Tienes todo lo necesario a tu alcance!  Un piso lleno de posibilidades, en una ubicación ideal, esperando a que le des una nueva vida. ¿Te animas a convertirlo en tu próximo hogar? ¡Llámanos para más información y hacer una visita!",False,renew,False,1623.0,True,False,True,False,[],False,False,250000.0,€,,,flat,,"Centro, Fuenlabrada",Piso,Destacado,,1,True,False,,,,,
