propertyCode,thumbnail,numPhotos,floor,price,propertyType,operation,size,exterior,rooms,bathrooms,address,province,municipality,country,latitude,longitude,showAddress,url,description,hasVideo,status,newDevelopment,hasLift,priceByArea,hasPlan,has3DTour,has360,hasStaging,notes,topNewDevelopment,topPlus,priceInfo.price.amount,priceInfo.price.currencySuffix,detailedType.typology,suggestedTexts.subtitle,suggestedTexts.title,highlight.groupDescription,district,newDevelopmentFinished,parkingSpace.hasParkingSpace,parkingSpace.isParkingSpaceIncludedInPrice,externalReference,neighborhood,priceInfo.price.priceDropInfo.formerPrice,priceInfo.price.priceDropInfo.priceDropValue,priceInfo.price.priceDropInfo.priceDropPercentage,detailedType.subTypology
108645716,https://img4.idealista.com/blur/480_360_mq/0/id.pro.es.image.master/67/24/bd/1350916022.webp,33,bj,139500.0,flat,sale,51.0,True,1,1,paseo de los Rosales,Madrid,Collado Mediano,es,40.691051,-4.0427311,False,https://www.idealista.com/inmueble/108645716/,"Piso completamente reformado que ofrece un espacio moderno y funcional listo para entrar a vivir. Cuenta con un dormitorio amplio y luminoso, diseñado para proporcionar comodidad y un ambiente acogedor. El cuarto de baño ha sido renovado por completo e incluye un plato de ducha con mampara, con acabados actuales que combinan practicidad y estilo, garantizando un espacio cómodo y fácil de mantener. La cocina ha sido reformada íntegramente, equipada con mobiliario moderno y funcional que facilita las tareas diarias, además de contar con una distribución optimizada para aprovechar al máximo el espacio disponible. La instalación eléctrica y la fontanería han sido completamente actualizadas, asegurando un funcionamiento eficiente y seguro de todas las instalaciones del hogar. Además, el piso cuenta con una caldera de gas natural nueva, que proporciona una calefacción eficiente y un suministro continuo de agua caliente, mejorando el confort y reduciendo el consumo energético. La vivienda forma parte de una urbanización que dispone de amplias zonas comunes, entre las que destacan una piscina perfectamente cuidada, ideal para el disfrute en los meses más cálidos, así como jardines y áreas de esparcimiento para el descanso y el ocio de los residentes. La urbanización también ofrece un trastero privado, aportando un espacio extra para almacenamiento y ayudando a mantener el piso ordenado y despejado. La ubicación es tranquila y segura, con accesos controlados y una comunidad bien mantenida que garantiza un ambiente agradable y confortable. Este piso reformado es una oportunidad ideal para quienes buscan un hogar moderno, con todas las comodidades actuales y ubicado en una urbanización con servicios y espacios comunes que favorecen un estilo de vida cómodo y relajado. Además, su situación permite un fácil acceso a servicios, transporte y zonas de ocio, haciendo la vida diaria mucho más práctica.",False,good,False,False,2735.0,True,False,False,False,[],False,False,139500.0,€,flat,Collado Mediano,Piso en paseo de los Rosales,Destacado,,,,,,,,,,
108483501,https://img4.idealista.com/blur/480_360_mq/0/id.pro.es.image.master/9c/8f/87/1346284683.webp,7,2,244000.0,flat,sale,50.0,True,2,1,"calle Galdós, 2",Madrid,Getafe,es,40.3092018,-3.7384895,True,https://www.idealista.com/obra-nueva/108483501/,"En PR Promociones, nos dedicamos a la promoción de obra nueva con un compromiso claro: ofrecer viviendas de calidad, con diseño contemporáneo y una visión sostenible del futuro. Creamos espacios que combinan confort, eficiencia energética y materiales de última generación, sin perder de vista la estética y la funcionalidad. Nuestro objetivo es simple: construir hogares que se adapten a tu vida de hoy, y a la de mañana. “No se trata solo de construir casas, sino de crear lugares donde apetezca quedarse. ” — Eduardo Souto de Moura.",False,,True,True,4880.0,True,False,False,False,[],False,False,244000.0,€,flat,"La Alhóndiga, Getafe","Piso en calle Galdós, 2",Destacado,La Alhóndiga,False,True,True,,,,,,
108191864,https://img4.idealista.com/blur/480_360_mq/0/id.pro.es.image.master/03/73/5b/1344695745.webp,59,,1650000.0,chalet,sale,475.0,,5,5,avenida Leopoldo Calvo-Sotelo Bustelo,Madrid,Pozuelo de Alarcón,es,40.4547369,-3.7927774,False,https://www.idealista.com/inmueble/108191864/,"Moderno chalet pareado con jardín, piscina privada y ascensor entre Pozuelo y Aravaca Huspy presenta esta espectacular vivienda pareada de 475 m² construidos, distribuida en cuatro plantas con ascensor, ubicada en una de las zonas más demandadas del noroeste de Madrid, entre Pozuelo y Aravaca. Su diseño moderno, las vistas despejadas, la luminosidad en todas sus estancias y la amplitud de sus espacios la convierten en una propiedad única y funcional. En la planta principal, se encuentra una amplia cocina totalmente equipada con isla central y despensa, un aseo de cortesía, zona de comedor y un acogedor salón con chimenea. Desde esta planta se accede directamente al jardín privado con piscina, a través de una agradable terraza. La orientación sur de la vivienda permite disfrutar del sol durante todo el año. La primera planta alberga cuatro dormitorios con armarios empotrados, destacando la suite principal que cuenta con baño privado, vestidor y un espectacular ventanal de suelo a techo con vistas al jardín. Las otras habitaciones comparten un baño completo. Toda la planta goza de una excelente luminosidad. En la buhardilla, se encuentran dos amplias salas diáfanas con ventanales, ideales como dormitorios adicionales, despacho o sala de juegos. También dispone de un baño completo y acceso a una gran terraza con impresionantes vistas abiertas. La planta sótano ofrece un garaje con capacidad para varios vehículos, una sala multiusos con techos altos y ventanas que aportan luz natural, baño completo, trastero y zona de lavandería. La distribución y dimensiones permiten habilitar esta planta para múltiples usos, incluso como vivienda auxiliar. Ubicación – Pozuelo/Aravaca La propiedad se sitúa en una zona residencial consolidada y muy bien comunicada entre Pozuelo de Alarcón y Aravaca, dos de las localidades más valoradas del área metropolitana de Madrid. Ofrece una amplia gama de colegios privados, concertados y públicos, centros deportivos, supermercados, centros comerciales, farmacias y restaurantes. Además, cuenta con excelentes conexiones mediante transporte público (cercanías y autobuses) y acceso directo a las principales vías de entrada a Madrid capital. Una vivienda perfecta para quienes buscan calidad de vida, espacio y comodidad sin alejarse del centro de la ciudad.",False,good,False,,3474.0,False,False,False,False,[],False,False,1650000.0,€,chalet,"Zona Estación, Pozuelo de Alarcón",Chalet pareado en avenida Leopoldo Calvo-Sotelo Bustelo,Destacado,Zona Estación,,True,True,fcfd7167-02f4-4104-81b5-ae38e4d93eca,Zona Estación,1750000.0,100000.0,6.0,semidetachedHouse
104408415,https://img4.idealista.com/blur/480_360_mq/0/id.pro.es.image.master/84/e1/ee/1310336342.webp,60,bj,1800000.0,countryHouse,sale,746.0,,10,6,Fuente el Saz de Jarama,Madrid,Fuente el Saz de Jarama,es,40.6359652,-3.5099513,False,https://www.idealista.com/inmueble/104408415/,"IMPRESIONANTE FINCA RUSTICA EN FUENTE EL SAZ Molgar os presenta en exclusiva esta impresionante finca rústica a 2,5 km del pueblo de Fuente el saz del Jarama. La finca tiene un total de 38.428m2, de los cuales 30.183m2 con construcciones anexas legalizadas con unos 1.650m2 que están alquiladas con posibilidad de subrogación o cancelación. El resto del terreno, totalmente delimitado, cuenta 8.245m2 de superficie llana con gallineros, pozo de agua, estanque artificial con bambú y filtrado automático, garaje cubierto para 2 plazas e invernadero de policarbonato de 75m2, arboles con 100 años de antigüedad y un impresionante chalet de 746m2 dividido en 3 alturas. En la planta de acceso o planta noble, nos recibe un imponente hall distribuidor de 55m2 y con techos de 7m de altura, que da paso a un salón comedor con chimenea y acceso a un gran porche trasero, cocina amueblada con isla y encimeras de SILESTONE, al otro lado cuenta con 3 dormitorios en SUITE con armarios empotrados y una bañera jacuzzi y vestidor en el dormitorio principal. En planta primera tenemos 2 estancias de 100m2 cada una preparadas con todas las instalaciones y acometidas, solo a falta de poner VELUX que los facilita el dueño actual, además de compartir una terraza- mirador con vistas a la sierra Madrileña. En la planta semisótano, ahora dividida en estancias, tenemos otros 255m2 con 2 baños, sala de proyecciones y cuarto de calderas. El diseño de la casa de arquitectura en forma de mariposa con forjados y armaduras antisísmicos, canales y bombas perimetrales de drenaje contra inundaciones, amplios cerramientos en climalit con rotura de puente térmico, como el resto de ventanas, A/A, hilo musical, antena satélite, cámaras de vigilancia, focos con sensores de movimiento en el exterior, Depósito de agua de 2000L con generador de ozono y osmosis inversa. IMPORTANTE RESALTAR LA POSIBILIDAD DE VIVIENDA TOTALMENTE SOSTENIBLE  No pierdas la oportunidad de adquirir esta increíble finca rústica en Fuente el Saz y disfrutar de la tranquilidad y el confort que brinda. Este y más inmuebles en Síguenos enfacebook: Molgar Gestión Inmobiliaria Hazte seguidor de nuestro canal deYoutube: Instagram: @molgarinmobiliaria <.",True,good,False,,2413.0,True,False,False,False,[],False,False,1800000.0,€,countryHouse,Fuente el Saz de Jarama,Finca rústica,Destacado,,,True,True,MAV-8936,,,,,countryHouse
107731883,https://img4.idealista.com/blur/480_360_mq/0/id.pro.es.image.master/3d/18/14/1330989066.webp,54,,479900.0,chalet,sale,237.0,,6,4,calle Sierra de Guadarrama,Madrid,Arroyomolinos,es,40.2659406,-3.9276686,False,https://www.idealista.com/inmueble/107731883/,"CAPITAL HOME ARROYOMOLINOS VENDE EN EXCLUSIVA MAGNÍFICO CHALET EN UNA DE LAS MEJORES ZONAS DE ARROYOMOLINOS. Se distribuye de la siguiente manera:  Planta principal: Al entrar, encontramos la cocina con zona de office, en esta planta también se ubica una habitación en planta con armario empotrado, perfecta como despacho o dormitorio, y un aseo de cortesía con posibilidad de hacer plato de ducha. El salón-comedor es muy luminoso, con una espectacular doble altura de techo y una ampliación metiéndole a la vivienda la terraza con persianas eléctricas de seguridad y cristal blindado, con vistas y salida al jardín trasero. La segunda planta cuenta con dos dormitorios secundarios, ambos con armarios empotrados, y un baño completo con bañera para dar servicio a ambos. El dormitorio principal destaca por su amplitud, también con armario empotrado y un baño en suite con plato de ducha, ofreciendo un espacio privado y cómodo. En la planta sótano encontrarás un garaje con puertas automáticas para dos coches con acceso directo desde la vivienda, un aseo de cortesía y un dormitorio extra. Además, dispone de una estancia de dormitorio o bodega donde se sitúa una caldera de pellet que sumista calefacción a toda la vivienda, dando una alternativa al gas natural. El jardín privado con zona de cenador techado con barbacoa de obra y piscina privada. Este espacio conecta directamente con las zonas comunes, donde podrás disfrutar de una fantástica piscina comunitaria y zonas verdes. Características adicionales: - Gas Natural para calefacción y agua caliente o pellet para la calefacción. - Piscina privada. - Piscina comunitaria y amplias zonas comunes. - Puertas automáticas - Aire Acondicionado. - Cenador Techado. -Barbacoa de Obra. -Persianas eléctricas de seguridad y cristales blindados. -Chimenea con cassete. Este chalet es una oportunidad para disfrutar de una vida cómoda y familiar en una urbanización tranquila, con todas las comodidades a tu alcance. ¡No dejes pasar esta oportunidad! ¡No dude en llamarnos para poder visitar este magnífico chalet en una de las mejores zonas de Arroyomolinos! Situado cerca de colegios, institutos, comercios, parques, polideportivos, transporte público.. . Situada a tan sólo 5 minutos del centro comercial Xanadú, con fáciles accesos tanto a la N-V como a la R-5. ¡100% Financiación!",True,good,False,,2025.0,True,True,False,True,[],False,False,479900.0,€,chalet,"La Cárcaba - El Encinar - Montemolinos, Arroyomolinos",Chalet adosado en calle Sierra de Guadarrama,Destacado,La Cárcaba - El Encinar - Montemolinos,,True,True,,,,,,terracedHouse
106903004,https://img4.idealista.com/blur/480_360_mq/0/id.pro.es.image.master/52/e5/35/1328672486.webp,32,,740000.0,chalet,sale,300.0,,5,3,Barrio Las Matas- Peñascales,Madrid,Las Rozas de Madrid,es,40.5575877,-3.8925156,False,https://www.idealista.com/inmueble/106903004/,"Chalet independiente con vistas inigualables al Monte de El Pardo y skyline de Madrid Engel & Völkers presenta este encantador chalet independiente, un refugio de confort y estilo con impresionantes vistas al Monte del Pardo, situado en una de las zonas más exclusivas de Las Rozas. Distribución Dos cómodas plantas configuran esta propiedad, diseñada para maximizar la luz natural y el disfrute de sus espacios interiores y exteriores. Planta principal Desde el amplio hall de entrada, accedemos a un elegante salón con chimenea, rebosante de luz natural, que se abre a un comedor de dos ambientes claramente diferenciados, perfectos para compartir momentos inolvidables. La zona de descanso ofrece: •Una suite principal con baño privado. •Tres dormitorios secundarios, luminosos y de generosas dimensiones. •Un baño completo con vistas que capturan el paisaje circundante. La cocina con zona de office conecta con una extensa terraza, el lugar ideal para disfrutar de vistas espectaculares al skyline de Madrid, acompañado del entorno natural y la tranquilidad de la zona. Desde aquí, la piscina se convierte en el epicentro del ocio, perfecta para relajarse con vistas inigualables. Planta semisótano Este nivel es un lienzo en blanco para adaptarlo a tus necesidades: •Un salón multifuncional con vistas panorámicas, ideal como sala de ocio o gimnasio. •Un garaje con capacidad para dos vehículos grandes. •Una práctica zona de lavandería. •Un trastero espacioso para maximizar el almacenamiento. Exterior La terraza con solárium y la piscina privada, rodeadas de naturaleza, son el escenario perfecto para disfrutar de los mejores momentos en familia o con amigos, todo con vistas privilegiadas. Situada en una ubicación exclusiva en el Monte de El Pardo, esta vivienda combina privacidad, vistas espectaculares y acceso a servicios, convirtiéndola no solo en un hogar ideal, sino también en una oportunidad de inversión única. Las Matas, zona residencial de uno de los distritos de Las Rozas, se encuentra situada en el kilómetro 25 de la autovía A6. Sus excelentes comunicaciones, mediante acceso directo a la A-6, Eje Pinar M-50 (M-40), tren de cercanías y las líneas de autobuses, 611, 622 y 686 A, permiten llegar a la capital en escasos 30 minutos. Rodeada de naturaleza, al lindar con el Monte del Pardo y la disponibilidad de multitud de senderos recreativos, como el Barranco de Majalacabra o el Encinar de Las Rozas, ofrece numerosos espacios en los que relajarse, hacer deporte, disfrutar de un envidiable entorno y de una gran tranquilidad, lo que contribuye a la calificación de Las Rozas como Ciudad Europea del Deporte. Cuenta con una amplia oferta educativa, tanto de Colegios Públicos como Privados y Enseñanza Superior (UNED, UTAD y la Universidad Europea). Dotada de varias residencias de la tercera edad y centros de día, concede a nuestros mayores un enclave inigualable para su retiro, así como el acceso al prestigioso Hospital Puerta de Hierro y el HM Torrelodones, en pocos minutos. En su núcleo urbano, encontrará todos los servicios necesarios para la vida diaria (supermercados, centro de salud, farmacia, correos, polideportivo municipal y demás tiendas de barrio). Un lugar tranquilo y familiar en el que dispondrá de todo lo necesario al alcance de su mano. Y para días de ocio o compras, junto al Parque Empresarial de Las Rozas, se encuentra el exclusivo Centro Comercial de Las Rozas Village, el Factory y Heron City.",False,renew,False,,2467.0,True,False,False,False,[],False,False,740000.0,€,chalet,"Las Matas- Peñascales, Las Rozas de Madrid",Casa independiente,Destacado,Las Matas- Peñascales,,,,W-02VTZJ,Las Matas- Peñascales,,,,independantHouse
108619713,https://img4.idealista.com/blur/480_360_mq/0/id.pro.es.image.master/49/c3/1c/1350146616.webp,18,1,195000.0,duplex,sale,98.0,True,2,2,CL DON ANGEL,Madrid,Navalcarnero,es,40.2929601,-4.0120826,False,https://www.idealista.com/inmueble/108619713/,"CAPITAL HOME NAVALCARNERO VENDE EN EXCLUSIVA ESPECTACULAR DÚPLEX EN EL CENTRO DE NAVALCARNERO.   Próximo a todo tipo de servicios y comercios, una gran comunicación con las carreteras principales de la zona, una buena afluencia de transporte público. La vivienda se distribuye en dos cómodas plantas, compuestas por dos dormitorios, un baño completo y un aseo, un luminoso salón y una cocina práctica con gran capacidad de almacenaje. Nada más entrar accedemos a un luminoso salón, que nos da paso al aseo reformado de la planta baja y a la acogedora cocina con ventana orientada hacia el patio interior de la comunidad. En la planta superior encontramos la habitación principal con velux y un armario empotrado de dos puertas, un baño reformado con plato de ducha y ventana para una mejor ventilación, además de una espaciosa habitación secundaria con armario empotrado alto de dos puertas. Cabe destacar que la vivienda cuenta con aire acondicionado en todas las estancias (frío/calor) y ventanas climalit para una excelente climatización.  Disponemos de una amplia plaza de garaje y trastero para una mayor capacidad de almacenaje.  DISPONEMOS DE DEPARTAMENTO FINANCIERO QUE OFRECE LA POSIBILIDAD DE FINANCIACIÓN AL 100% NO PIERDAS LA OPORTUNIDAD Y VEN A VISITAR ESTE MÁS QUE INCREIBLE INMUEBLE SITUADO EN EL CENTRO DE NAVALCARNERO.",False,good,False,False,1990.0,True,False,False,False,[],False,False,195000.0,€,flat,"Centro, Navalcarnero",Dúplex en Cl Don Angel,Destacado,Centro,,True,True,,,,,,duplex
108294948,https://img4.idealista.com/blur/480_360_mq/0/id.pro.es.image.master/aa/4a/9f/1351503130.webp,49,1,960000.0,flat,sale,176.0,True,5,4,Norte,Madrid,Alcobendas,es,40.5550612,-3.6610032,False,https://www.idealista.com/inmueble/108294948/,"Exclusivo piso de 5 dormitorios en Fuentelucha, Alcobendas Norte Engel & Völkers presenta en exclusiva este impresionante piso en Alcobendas Norte. Está situado en una tranquila urbanización cerrada con conserjería 24 horas, ubicada en la zona de Fuentelucha. La propiedad destaca por su amplitud, luminosidad y excelentes calidades, así como por su ubicación y proximidad a servicios públicos, colegios y otras comodidades accesibles a pie. La vivienda cuenta con una superficie útil de aproximadamente 140 m², distribuidos en cinco habitaciones y cuatro baños. Se encuentra en una primera planta alta, con orientación sur en el salón, la terraza y el dormitorio principal, mientras que el resto de la vivienda está orientado hacia la urbanización. Al acceder a la propiedad, se encuentra un vestíbulo de entrada con armario empotrado. Desde este vestíbulo se accede a la cocina, que es amplia y luminosa, totalmente equipada y con acceso a un tendedero que alberga la caldera, lavadora y una zona de almacenamiento. El salón-comedor es espacioso y luminoso, con orientación sur y un gran ventanal de tres hojas que da acceso a la terraza. La zona de descanso está separada del resto de la vivienda e incluye cuatro habitaciones y tres baños completos. El dormitorio principal dispone de cuatro armarios empotrados, zona de vestidor y baño en suite. Las habitaciones secundarias cuentan con armarios empotrados y comparten dos baños completos. La vivienda dispone de ventanas Climalit, suelo de tarima flotante y climatización por aire acondicionado frío/calor, con termostato regulable en toda la vivienda. La terraza, accesible desde el salón y el dormitorio principal, tiene orientación sur, ideal para disfrutar del sol durante todo el día, excepto en la época de verano. Incluye dos plaza de garaje amplias y cómodas, con instalación para la carga de vehículo eléctrico. Además, dispone de un trastero amplio y de fácil acceso. La urbanización cuenta con piscina exterior, pista de pádel, zona infantil con columpios y juegos para niños, gimnasio completamente equipado con dos saunas, salón social disponible para celebraciones, conserjería 24 horas, sistema Citibox y videoportero. La propiedad se encuentra en una ubicación privilegiada, con fácil acceso a todos los servicios y comodidades, y ofrece un entorno tranquilo y seguro. El barrio de Fuentelucha, ubicado en el norte de Alcobendas, es una zona residencial moderna y bien planificada que ha experimentado un notable desarrollo en las últimas décadas. Se caracteriza por su diseño urbano ordenado, con amplias avenidas, paseos y plazas que facilitan la circulación peatonal y vehicular. La ubicación del piso es inmejorable, ya que goza de todos los servicios a pocos minutos a pie: supermercados como Mercadona, Ahorramás, Lidl, Día y Carrefour; zonas deportivas como el Polideportivo Valdelasfuentes; un Centro de Salud; parada de autobús a Plaza de Castilla en la puerta; estación de Cercanías Renfe; guarderías públicas y privadas a 2 minutos andando; colegios concertados, públicos y privados; iglesia; y espacios protegidos para pasear, como Valdelatas y la Dehesa Boyal. Además, cuenta con acceso directo a carril bici para ir a Madrid, la Universidad Autónoma de Madrid o la Sierra de Madrid. Está muy bien comunicada por carretera, con fáciles accesos por la carretera de Colmenar, M-40 y A-1. La proximidad al Parque Empresarial Valdecasa, la Ciudad Telefónica y la sede de BBVA la hacen especialmente atractiva para profesionales que buscan una ubicación estratégica.",True,good,False,True,5455.0,True,False,True,False,[],False,False,960000.0,€,flat,"Norte, Alcobendas",Piso,Destacado,Norte,,True,True,W-0302Q3,,,,,
107474671,https://img4.idealista.com/blur/480_360_mq/0/id.pro.es.image.master/93/69/ce/1313879062.webp,27,2,226000.0,flat,sale,100.0,True,3,1,calle del Canto Pelín,Madrid,Navalcarnero,es,40.2950056,-4.0135741,False,https://www.idealista.com/inmueble/107474671/,"CAPITAL HOME NAVALCARNERO VENDE EN EXCLUSIVA MARAVILLOSA VIVIENDA EN EL PIJORRO. ¡Oportunidad única en el corazón de Navalcarnero! Este encantador piso de 94 m², ubicado en la segunda planta, te ofrece la comodidad y cercanía que siempre has deseado. A solo 3 minutos a pie de la emblemática Plaza de Segovia, tendrás todo lo que necesitas a tu alcance: colegios, paradas de autobús, supermercados, parques infantiles, farmacias, campos de fútbol y gasolineras. Al entrar, serás recibido por un acogedor hall que te llevará a una cocina amplia y completamente amueblada y reformada con termo de agua caliente además, ideal para los amantes de la gastronomía. El salón-comedor es muy luminoso gracias a su gran ventanal, perfecto para disfrutar de momentos en familia o con amigos, donde podrás relajarte y desconectar del ajetreo diario. Este piso dispone de dos dormitorios, una habitacion secundaria y un dormitorio principal, todos ellos espaciosos y bien iluminados. El baño completo con bañera y totalmente reformado ofrece todo el confort necesario para tu día a día.  La vivienda, construida en 1971, se encuentra en buen estado y totalmente reformado. Además, ofrece calefacción centralizada y bombas de frio/calor, garantizando tu confort en cualquier época del año. No pierdas esta oportunidad de vivir en una zona privilegiada de Navalcarnero. Financiación 100% disponible. ¡Contacta con nosotros y ven a conocer tu futuro hogar!",True,good,False,False,2260.0,True,False,False,False,[],False,False,226000.0,€,flat,"El Pijorro, Navalcarnero",Piso en calle del Canto Pelín,Destacado,El Pijorro,,,,,,,,,
107624695,https://img4.idealista.com/blur/480_360_mq/0/id.pro.es.image.master/be/90/6d/1319800636.webp,23,,290000.0,flat,sale,74.0,True,1,1,Alcobendas Centro,Madrid,Alcobendas,es,40.5362963,-3.6351618,False,https://www.idealista.com/inmueble/107624695/,"Excelente piso de un dormitorio a estrenar en Alcobendas Engel & Völkers se complace en presentar esta magnífica vivienda a estrenar, construida en el año 2024 con acabados de alta calidad. Este piso incluye ascensor, plaza de garaje y trastero, todo incluido en el precio. Te invitamos a visitar esta estupenda propiedad, amueblada y lista para entrar a vivir. Situado en un edificio accesible para personas con movilidad reducida, este piso se encuentra en la planta baja, que en realidad es una entreplanta que aporta intimidad a la vivienda ya que nadie puede ver el interior desde las ventanas, con acceso al ascensor desde el portal. Al entrar, serás recibido por un amplio salón que cuenta con dos grandes ventanales orientados al sur que inundan el espacio de luz natural. A la izquierda, se encuentra la cocina, diseñada con muebles de color blanco y una elegante encimera de piedra en tono gris oscuro. Está completamente equipada con electrodomésticos de última generación, incluyendo horno, campana extractora, placa vitrocerámica, microondas, lavadora y nevera. Desde el salón, accedes a un acogedor dormitorio que dispone de un armario empotrado de cuatro cuerpos. El baño, decorado en tonos gris oscuro y con sanitarios blancos, cuenta con una moderna ducha de lluvia. La vivienda presenta carpintería exterior en color negro, suelos de madera y carpintería interior en blanco, además de calefacción y aire acondicionado por conductos para tu comodidad. Todas las viviendas del edificio están orientadas al sur, lo que garantiza una excelente luminosidad durante todo el día. No dudes en contactarnos para conocer más sobre las opciones de financiación que ofrece Engel & Völkers. ¡Estamos aquí para ayudarte a encontrar tu nuevo hogar! Alcobendas, una ciudad para vivir, está situada al norte de la capital. Conectada a través de la A1 en coche, Línea C4 de cercanías Renfe, Línea 10 de Metro y varias líneas de autobuses. Así mismo, está situada a tan sólo 10 min en coche, 30 min en transporte público, del Aeropuerto Madrid Barajas Adolfo Suarez. En la zona centro de la localidad de Alcobendas puedes encontrar todo tipo de servicios: comercios locales, supermercados, parques infantiles, centros deportivos, colegios, universidad y centros de salud. y está muy próxima al Hospital Infanta Sofía. Además, la zona industrial y empresarial de Alcobendas permite conciliar la vida laboral y familiar con toda comodidad. Esta vivienda cuenta con todo tipo de comercios, colegios, parques y zonas deportivas a menos de 5 minutos y está situada a pocos metros de las principales paradas de autobús, a 800 m de la estación de metro de Madrid Marqués de la Valdavia y a 1.2 km de la parada de tren de cercanías Valdelasfuentes.",True,good,False,True,3919.0,True,False,True,False,[],False,False,290000.0,€,flat,"Alcobendas Centro, Alcobendas",Piso,Destacado,Alcobendas Centro,,True,True,W-02XQ5D,,,,,
107969425,https://img4.idealista.com/blur/480_360_mq/0/id.pro.es.image.master/19/9c/4f/1337151834.webp,26,1,410000.0,flat,sale,54.0,True,1,1,Barrio Sanchinarro,Madrid,Madrid,es,40.4906877,-3.6633693,False,https://www.idealista.com/inmueble/107969425/,"Amplio piso de una habitación en el centro de Sanchinarro Engel & Völkers presenta fantástico piso de un dormitorio ubicado en pleno corazón de Sanchinarro. Al entrar en la vivienda, encontramos el recibidor desde del cual accedemos a los tres espacios, cocina, salón comedor y dormitorio.  El distribuidor cuenta con un estupendo armario gabanero de dos puertas El salón tiene un gran ventanal que proporciona calidez y luminosidad. En la zona de descanso encontramos el dormitorio que tiene un armario integrado de cuatro puertas y una luz muy agradable. El baño tiene muebles adicionales para mayor comodidad. La cocina está en excelente estado, dotada de electrodomésticos. El piso incluye una plaza de garaje amplia y un cuarto trastero. Existe la oportunidad de adquirir una segunda segunda plaza de garaje muy amplia (23m2) contigua a la que se vende con el piso. La urbanización es tranquila y exclusiva, dotada de portero y vigilancia 24 horas. Ofrece agradables zonas verdes espacio para juegos, piscina, gimnasio, sauna y vestuarios.  ¡Merece la pena verlo! Su ubicación dentro del barrio de Sanchinarro es inmejorable, en la Avenida Francisco Pi y Margall, a dos calles del corazón de Sanchinarro, donde se pueden encontrar restaurantes bares tiendas, farmacias, supermercados, etc. A cinco minutos a pie del Corte Inglés y el metro ligero. Sanchinarro es un barrio joven del Norte de Madrid que colinda con la emblemática urbanización de la Moraleja, el Pau de Valdebebas y el área residencial de Las Tablas. A tan solo 15 minutos del centro de Madrid y a 10 minutos del aeropuerto, Sanchinarro se ha consolidado como una de las zonas de preferencia tanto para familias como para personas que buscan estar conectadas con el centro de la ciudad y la zona empresarial más prestigiosa de la capital, sin renunciar a la tranquilidad y comodidad que proporciona la vida de las urbanizaciones de Sanchinarro. Para los más pequeños cuenta con una amplia oferta de colegios públicos y privados como St. George’s International School, Highlands, El Valle, Valdefuentes y CEU San Pablo. En Sanchinarro encontramos el Centro comercial el Corte Inglés e Hipercor y Hospitales de referencia como Hospital HM Sanchinarro y Sanitas la Moraleja.",True,good,False,True,7593.0,True,False,True,False,[],False,False,410000.0,€,flat,"Sanchinarro, Madrid",Piso,Destacado,Hortaleza,,True,True,W-02ZE5V,Sanchinarro,,,,
108187936,https://img4.idealista.com/blur/480_360_mq/0/id.pro.es.image.master/47/85/cc/1336501941.webp,69,1,149900.0,flat,sale,72.0,True,1,1,Camarma de Esteruelas,Madrid,Camarma de Esteruelas,es,40.5300193,-3.3856656,False,https://www.idealista.com/inmueble/108187936/,"Alcala inmobiliaria presenta este Fantástico loft en Camarma de Esteruelas.  Este encantador loft, dividido en dos plantas, ofrece un estilo moderno y funcional perfecto para quienes buscan un espacio único y acogedor. Con un total de 72 m², distribuidos en 56 m² en la planta baja y 16 m² en la planta alta, destaca por su luminosidad debido a su fantástica y deseada orientación Sur.  Este inmueble combina estilo moderno con funcionalidad y confort. Al entrar nos encontramos una cocina americana integrada elegantemente en el espacio, está equipada con los mejores electrodomésticos de última generación, perfectos para los amantes de la gastronomía. La distribución abierta favorece la interacción y la convivencia,baño con plato de ducha, y  un amplio salón de techos altos y grandes ventanales que permiten la entrada de luz natural, creando un ambiente cálido y acogedor. Desde el salón, se accede directamente a una hermosa terraza, de 7,66 metros, ideal para disfrutar del aire libre.  A este loft se le ha construido un altillo de 18 metros habilitado como dormitorio principal.  Una característica destacable es su  plaza de garaje incluida en el precio, techada y cercana al portal, asegurándote la comodidad de disponer de un lugar donde estacionar tu vehículo sin complicaciones. Esta facilidad de acceso al garaje proporciona una gran ventaja a quien valore la seguridad y protección de su vehículo.  La orientación Sur del piso  del piso permite que la luz natural se convierta en un protagonista, llenando cada espacio con calidez y asegurando un ambiente luminoso y alegre. Los grandes ventanales  permiten disfrutar de agradables vistas.  Este piso es una excelente opción por sus características,  por su inmejorable ubicación, su estética moderna y su capacidad para proporcionar una calidad de vida más relajada pero muy cercana a Alcalá de Henares a tan sólo 6 Kilómetros tanto para vivir como para invertir para alquilar por su alta rentabilidad en torno a un 6%.  No dejes pasar la oportunidad de visitar este fantástico piso. Su combinación de características y ubicación lo hace una opción ideal en el mercado actual. Te esperamos para que descubras por ti mismo todo lo que este hogar tiene para ofrecerte. Una visita podría cambiar tu perspectiva, permitiéndote visualizar un futuro lleno de bienestar y comodidad. Agendemos una visita para que puedas experimentar personalmente las bondades de este hogar.  No cobramos comisión al comprador.  Nos encargamos de toda la gestión de la compra.  Y además ponemos a tu disposición nuestro departamento de hipotecas totalmente gratuito para buscarte las mejores condiciones del mercado.  ¿Quieres saber cuánto se te quedaría la letra al mes?  ¿Quieres saber qué impuestos conlleva una compra-venta?  Llámanos sin compromiso y programaremos una visita.",False,good,False,False,2082.0,True,True,False,False,[],False,False,149900.0,€,flat,Camarma de Esteruelas,Piso,Destacado,,,True,True,EG6370,,,,,
107537821,https://img4.idealista.com/blur/480_360_mq/0/id.pro.es.image.master/96/6a/e5/1315425270.webp,27,2,440000.0,penthouse,sale,124.0,False,3,2,calle Hércules,Madrid,Brunete,es,40.4017099,-3.9910774,False,https://www.idealista.com/inmueble/107537821/,"CAPITAL HOME VENDE EN EXCLUSIVA ESPECTACULAR PISO DE 3 DOMIROTIOS EN LA MEJOR ZONA DE BRUNETE Magnífica vivienda con inmensa TERRAZA y SOLARIUM, ubicado en Prado Nuevo, de las zonas más privilegiadas del municipio, conexión directa con carreta M-501 y M-513, a tan sólo 10 minutos de Boadilla del Monte. Vivienda construida en el 2003 en comunidad de vecinos con piscina y parque infantil. Se distribuye de la siguiente manera, amplio hall de entrada equipado con armario empotrado de cortesía, dando paso a amplio salón-comedor y muy luminoso ya que cuenta con varias ventanas con split de aire acondicionado y salida directa a la terraza donde podemos disfrutar de las maravillosas vistas. Cocina equipada con muebles altos y bajos y con horno, campana y vitrocerámica. Da acceso a espacio de tendedero donde encontramos la caldera de gas natural en perfecto estado de funcionamiento. En la zona de dormitorios contamos con habitación principal con armarios empotrados y acceso directo a la terraza, también cuenta con baño en suite recién reformado con plato de ducha. Los otros dos dormitorios son dobles con armarios empotrados. Baño completo secundario con bañera que da servicio al resto de estancias. La vivienda dispone de 2 PLAZAS DE GARAJE y TRASTERO incluidos en el precio. No dejes pasar esta oportunidad, producto exclusivo, con mucha demanda y poca oferta. DEPARTAMENTO DE FINANCIACIÓN A TU MEDIDA. No dudes en llamarnos para más información o poder concertar una visita.",True,good,False,True,3548.0,True,False,False,False,[],False,False,440000.0,€,flat,Brunete,Ático en calle Hércules,Destacado,,,True,True,,,,,,penthouse
108779118,https://img4.idealista.com/blur/480_360_mq/0/id.pro.es.image.master/6e/3e/ce/1354876499.webp,22,2,1150000.0,duplex,sale,105.0,True,2,2,Barrio Huertas-Cortes,Madrid,Madrid,es,40.4145105,-3.6929415,False,https://www.idealista.com/inmueble/108779118/,"Olisson Club presenta este duplex reformado a estrenar en el prestigioso barrio de Las letras, rodeado de historia, cultura y una amplia oferta de ocio, con restaurantes, teatros, museos y tiendas boutique a pocos pasos. Con una superficie de 105 m, destaca por una distribución cómoda y luminosa En la planta baja se encuentra un amplio salón, cocina independiente, un dormitorio y un baño. La planta superior alberga una espaciosa habitación en suite con baño propio y vestidor. Gracias a su orientación este, la vivienda disfruta de luz natural durante todo el día. Destacan sus techos de 5 metros de altura, que aportan una gran sensación de amplitud y elegancia. Ideal para quienes buscan un hogar moderno, acogedor y con espacios bien aprovechados Además, las vistas directas a la imponente Basílica de Jesús de Medinaceli añaden un valor exclusivo, combinando la esencia histórica del barrio con la comodidad de un espacio único.  El edificio cuenta con ascensor y servicio de portería, garantizando la seguridad y comodidad de los residentes.  Vivir en el barrio de las letras significa disfrutar de un ambiente bohemio y vibrante, lleno de referencias culturales e históricas. La zona esta perfectamente comunicada, con acceso rápido a transporte publico (metro, autobuses y trenes de cercanías) y una excelente conexión con las principales arterias de la ciudad. Además, la cercanía a puntos icónicos como el Paseo del Prado, el Museo del Prado y la Puerta del Sol convierten a este piso en una joya tanto para vivir como para invertir. [IW].",True,good,False,True,10952.0,True,False,False,False,[],False,False,1150000.0,€,flat,"Huertas-Cortes, Madrid",Dúplex,Destacado,Centro,,,,cor108HA,Huertas-Cortes,,,,duplex
107850871,https://img4.idealista.com/blur/480_360_mq/0/id.pro.es.image.master/96/12/3e/1326206183.webp,26,,1600000.0,chalet,sale,287.0,,4,4,Barrio Aravaca,Madrid,Madrid,es,40.4541467,-3.7842293,False,https://www.idealista.com/inmueble/107850871/,"Ubicada en una de las zonas más demandadas de Aravaca, esta elegante casa adosada combina amplitud, luminosidad y un diseño funcional que permite múltiples posibilidades de ampliación.  Su distribución en tres plantas ofrece espacios diferenciados, adaptándose a las necesidades de cualquier familia. En la planta principal, un acogedor recibidor da la bienvenida a la vivienda. Desde aquí, se accede a un amplio salón-comedor con techos de doble altura, que se convierte en el corazón de la casa gracias a su sensación de amplitud y luminosidad. Una cómoda salita con acceso directo al jardín aporta un espacio versátil y acogedor. La cocina, amplia y funcional, se complementa con una zona de servicio con baño completo, además de un aseo de invitados. La planta superior alberga la zona de descanso, con tres dormitorios exteriores. El dormitorio principal, en suite, dispone de un amplio baño privado, mientras que los otros dos dormitorios comparten un baño completo. En la planta inferior, la vivienda cuenta con amplios espacios multiusos ideales para sala de juegos, gimnasio o zona de ocio, además de un baño completo y acceso directo al jardín. En el exterior, el jardín privado ofrece la posibilidad de construir una piscina, convirtiéndolo en un auténtico refugio de tranquilidad. La propiedad dispone de una plaza de aparcamiento cubierta y se encuentra en una ubicación privilegiada, con excelente comunicación y proximidad a colegios, comercios y zonas verdes.",False,good,False,,5575.0,True,False,False,False,[],False,False,1600000.0,€,chalet,"Aravaca, Madrid",Chalet pareado,Destacado,Moncloa,,True,True,317976,Aravaca,,,,semidetachedHouse
101979817,https://img4.idealista.com/blur/480_360_mq/0/id.pro.es.image.master/9a/17/68/1216793756.webp,37,,595000.0,chalet,sale,231.0,,4,3,Camarma de Esteruelas,Madrid,Camarma de Esteruelas,es,40.5530553,-3.3741723,False,https://www.idealista.com/inmueble/101979817/,"Maravillosa casa de diseño en Camarma de Esteruelas Engel & Völkers presenta esta estupenda casa de diseño ubicada en Camarma de Esteruelas. Esta propiedad excepcional ha sido construida con las mejores calidades, con mármol en la planta baja y tarima maciza Jatoba Brazil en la planta alta, ofrece una combinación perfecta de elegancia, comodidad y funcionalidad. Con una superficie de aproximadamente 231 m2 esta casa se encuentra distribuida en 2 plantas, brindando amplios espacios tanto interiores como exteriores. Al ingresar, te recibirá un luminoso recibidor que te conducirá a la zona de estar principal. Aquí encontrarás una espaciosa sala de estar con chimenea y grandes ventanales que permiten una abundante entrada de luz natural y ofrecen vistas panorámicas al jardín. La cocina, completamente equipada con electrodomésticos Siemens y mobiliario Santos, se presenta como el lugar perfecto para los amantes de la gastronomía. Cuenta con una península, encimeras de granito y mucho espacio de almacenamiento. La casa dispone de 4 dormitorios, todos ellos de generosas dimensiones, grandes ventanales marca Kommerling con vidrio acústico y con armarios empotrados. El dormitorio principal cuenta con un lujoso baño en suite, que incluye una moderna bañera marca Metaliberica con doble sistema de hidromasaje y cabina de ducha con vapor y cromoterapia. Además, la propiedad cuenta con varias zonas destinadas al ocio y el entretenimiento. Un amplio jardín privado te permitirá disfrutar de momentos al aire libre en completa privacidad. El porche de madera maciza, equipado con mobiliario de diseño, es el lugar ideal para relajarte y disfrutar de las vistas. La ubicación de esta propiedad es inmejorable. Situada en una tranquila zona residencial, te brinda la oportunidad de vivir en un entorno sereno y seguro, alejado del bullicio de la ciudad, pero con fácil acceso a servicios, tiendas y transporte público. En resumen, esta es una casa de diseño excepcional con las mejores calidades, ubicada en Camarma de Esteruelas. Con sus amplios espacios, jardín privado y comodidades adicionales, ofrece el entorno perfecto para disfrutar de una vida cómoda y lujosa. ¡No pierdas la oportunidad de hacer de esta casa tu hogar! Camarma de Esteruelas es una encantadora localidad situada en la provincia de Madrid, España. Es un lugar ideal para aquellos que buscan un entorno tranquilo y relajado para establecer su hogar, mientras disfrutan de una excelente calidad de vida. Ofrece un ambiente rural y pintoresco, rodeado de hermosos paisajes naturales y zonas verdes. Aquí podrás disfrutar de la serenidad y la tranquilidad que solo un entorno rural puede proporcionar, lejos del bullicio y el estrés de la ciudad. A pesar de su carácter rural, Camarma de Esteruelas cuenta con una amplia gama de servicios y comodidades para sus residentes. En el centro del pueblo, encontrarás una variedad de tiendas, supermercados, restaurantes y cafeterías, donde podrás satisfacer todas tus necesidades diarias. Además, hay farmacias, bancos y otros servicios profesionales disponibles. En cuanto a la educación, cuenta con escuelas infantiles, colegios y institutos de educación secundaria, lo que la convierte en una excelente opción para familias con niños. También hay centros deportivos y parques donde podrás disfrutar de actividades al aire libre y mantener un estilo de vida saludable. La localidad cuenta con buenas conexiones de transporte, lo que facilita el desplazamiento hacia otras áreas cercanas. Hay líneas de autobús que conectan Camarma de Esteruelas con localidades vecinas y con el centro de Madrid. Además, la cercanía a la autopista facilita el acceso en coche a otras zonas de la provincia. Si eres amante de la naturaleza y las actividades al aire libre, estarás encantado con las posibilidades que ofrece Camarma de Esteruelas. Sus alrededores están llenos de bellos paisajes rurales, ideales para pasear, hace.",True,good,False,,2576.0,True,False,False,False,[],False,False,595000.0,€,chalet,Camarma de Esteruelas,Casa independiente,Destacado,,,True,True,W-02SRGC,,,,,independantHouse
105977677,https://img4.idealista.com/blur/480_360_mq/0/id.pro.es.image.master/0e/04/4d/1268800361.webp,18,bj,230000.0,studio,sale,37.0,True,0,1,calle Mártires de Paracuellos,Madrid,Madrid,es,40.4526589,-3.6972508,False,https://www.idealista.com/inmueble/105977677/,"Grupo EXTRA vende loft tipo estudio exterior de 35m2 junto a la avenida General Perón, entre las calles Orense y Presidente Carmona. Actualmente es un local reformado. Ubicado en una zona residencial y tranquila, con ventanas hacia la calle y patio interior con muy buena ventilación. Baño de gran tamaño con buena accesibilidad para personas con movilidad reducida. Dispone de A/A y termo eléctrico para el agua caliente. Orientación Norte y Sur. Edificio con portero.  A nivel de servicios, la zona ofrece una amplia gama de ellos. Transporte público, con varias paradas de autobús, siendo las más cercanas las de las líneas 3, 5, 43, 149. Metro de Santiago Bernabéu o Cuzco (línea 10) y estación de metro Estrecho (línea 1) a 7 minutos andado. El intercambiador de Nuevos Ministerios con Cercanías-Renfe a 10-12 minutos andando. Varios supermercados cerca como Carrefour Express 24 h. , Dia, Centros Comerciales como Moda Shopping o El Corte Inglés de Castellana. A 10 minutos del Estadio Santiago Bernabéu y 2 de la zona comercial de la calle Orense.",True,good,False,False,6216.0,True,False,False,False,[],False,False,230000.0,€,flat,"Cuatro Caminos, Madrid",Estudio en calle Mártires de Paracuellos,Destacado,Tetuán,,,,RM-2045,Cuatro Caminos,,,,studio
102321500,https://img4.idealista.com/blur/480_360_mq/0/id.pro.es.image.master/15/1d/a8/1338757418.webp,44,,1250000.0,chalet,sale,203.0,,4,3,Pino Alto - Navarredonda,Madrid,Valdemorillo,es,40.4934616,-4.0238691,False,https://www.idealista.com/inmueble/102321500/,"Chalet independiente en Valdemorillo Construcción pasiva Engel & Völkers presenta este espectacular chalet independiente de construcción pasiva con standard de calidad - lujo, Espectaculares vistas y parcela exclusiva de 1647 m2 situada en una urbanización con seguridad privada 24 horas, en las faldas de un entorno protegido y rodeado de naturaleza. La vivienda, altamente sostenible, cuenta con aerotermia, placas solares y suelo radiante para disfrutar de un confort único. Tecnología eficiente en consumo, gasto energético y sostenible en la reducción de la huella de carbono. La vivienda se distribuye en una sola planta con un gran salón desde donde ver la piscina infinity como gran protagonista. La cocina, cómoda y amplia cuenta con todos los electrodomésticos de gama alta. Consta de cuatro habitaciones amplias, todas ellas con salida directa al jardín, dos baños completos y un aseo. Hay un cuarto de aerotermia independiente El acceso del garaje en su lado noroeste contiguo a la vivienda permite aparcar cómodamente dos vehículos y acceder directamente a la vivienda. Disfrutar de sus maravillosas vistas, también a la capital, en un entorno único y exclusivo, hacen de esta casa un sitio ideal para vivir muy cerca de la capital. Para amantes de lo exclusivo. A tan solo media hora de Madrid y en pleno corazón del Parque Natural del curso medio del río Guadarrama. Al mismo tiempo, Valdemorillo cuenta con servicios cercanos que ofrece la capital u otros pueblos cercanos como Villanueva de la Cañada.  Se puede disfrutar de una amplia gastronomía y de servicios como colegios públicos, concertados o privados como el Liceo Francés, o las universidades. También está cerca el Hospital de Puerta de Hierro o el del Escorial, los dos a 15 min, y todo eso disfrutando la Ruta Imperial, el pantano de Valmayor y Zarzalejo, entornos ideales para rutas de senderismo o en bici.",True,good,False,,6158.0,True,False,True,False,[],False,False,1250000.0,€,chalet,"Pino Alto - Navarredonda, Valdemorillo",Casa independiente,Destacado,Pino Alto - Navarredonda,,,,W-02T59T,,,,,independantHouse
106666352,https://img4.idealista.com/blur/480_360_mq/0/id.pro.es.image.master/98/6b/e6/1290334805.webp,13,4,384000.0,penthouse,sale,136.0,True,3,2,"Honda, 21",Madrid,Fuenlabrada,es,40.2813934,-3.7920145,True,https://www.idealista.com/obra-nueva/106666352/,"CONSTRUIMOS HOGARES, CREAMOS SUEÑOS OBRAS INICIADAS! FECHA PREVISTA DE ENTREGA 1er SEMESTRE 2026 ÚLTIMA OPORTUNIDAD DE ESTOS PRECIOS! Residencial Honda 21 consta de 28 viviendas libres de 1, 2 y 3 dormitorios, con plazas de garaje y trasteros. Tendrá distintas zonas comunes: gimnasio, solárium y gastroteca.  Se encuentra en una ubicación privilegiada, pensado para personas que buscan vivir en un edificio representativo con un entorno tranquilo en el corazón de Fuenlabrada. Se trata de una zona muy bien comunicada con fácil y rápido acceso desde la M-50 y M-506, la Estación de Cercanías de Fuenlabrada Central, las paradas de Metro de Parque de Los Estados y Fuenlabrada Central (Línea 12). La promoción se encuentra en una de las zonas más céntricas de la ciudad, contando con todos los servicios necesarios a escasos metros: colegios, supermercados, centros comerciales y de ocio, centros deportivos y hospitales. Las viviendas contarán con unas excelentes calidades y con una Calificación Energética A, lo que supone una disminución de emisiones de CO2 y una reducción significativa de la demanda energética del edificio. (calefacción y agua caliente sanitaria). Esta calificación se consigue mediante la adopción de las siguientes medidas: Reducción de las perdidas energéticas: Mediante la mejora del aislamiento térmico, la utilización de carpinterías de PVC o aluminio con sistemas de cierre hermético de doble junta y vidrios con doble acristalamiento. Un sistema de suelo radiante es invisible, no ocupa espacio permite la libre colocación del amueblamiento, consigue una mayor sensación de confort que un sistema con radiadores al producir calor-frío de una forma más homogénea. Para más información, pide una cita y estaremos encantados de atenderte.",False,newdevelopment,True,True,2824.0,True,False,False,False,[],False,False,384000.0,€,flat,"Centro, Fuenlabrada","Ático en Honda, 21",Destacado,Centro,False,True,True,1-At B,,,,,penthouse
108340379,https://img4.idealista.com/blur/480_360_mq/0/id.pro.es.image.master/64/e0/10/1341211261.webp,67,1,125890.0,flat,sale,95.0,True,1,1,Valdeavero,Madrid,Valdeavero,es,40.6320194,-3.3329525,False,https://www.idealista.com/inmueble/108340379/,"Alcalá Inmobiliaria presenta un Dúplex con Encanto en Valdeavero: Espacio, Luz y Tranquilidad a un Paso de Alcalá ð¡  ¿Buscas un hogar con personalidad, bien distribuido y en un entorno que combine la calma del pueblo con la cercanía a la ciudad? ¡Bienvenido a este fantástico dúplex en Valdeavero!  Con 76 m² construidos, este dúplex sorprende por su amplitud y luminosidad. En la planta baja encontrarás un salón de 24 m² con dos balcones que llenan de luz cada rincón, ideal para relajarte o disfrutar de tus reuniones en buena compañía. La cocina independiente, completamente equipada, incluye un tendedero exterior y un balcón, lo que aporta comodidad y ventilación natural. Además, cuenta con un baño completo con bañera, perfecto para esos momentos de relax.  Subiendo a la planta superior, la vivienda ofrece un dormitorio tipo suite, amplio y acogedor, con espacio para crear tu propio refugio de descanso.  Y no te preocupes por el espacio adicional: incluye plaza de garaje y trastero, porque sabemos que nunca sobran.  ð³ Valdeavero, ese pequeño gran descubrimiento Este encantador pueblo conserva el espíritu tradicional, con su plaza, su gente cercana y ese ritmo tranquilo que se saborea en cada paseo. Rodeado de naturaleza y a tan solo 25 minutos de Alcalá de Henares, vivir aquí es tener lo mejor de los dos mundos: la serenidad rural y todos los servicios de una gran ciudad a un paso.  ð Conexiones que te acercan a todo Valdeavero cuenta con línea de autobús directa a Alcalá de Henares (línea 252), ideal tanto si trabajas en la ciudad como si simplemente te gusta tenerlo todo cerca. Además, buenas comunicaciones por carretera facilitan el acceso a la A-2 y a otros núcleos urbanos.  ð¬ ¿Lo mejor? Que ya está listo para entrar a vivir. Si estás buscando un lugar especial para comenzar una nueva etapa, este dúplex es una oportunidad única.  No cobramos comisión al comprador.  Nos encargamos de toda la gestión de la compra.  Y además ponemos a tu disposición nuestro departamento de hipotecas totalmente gratuito para buscarte las mejores condiciones del mercado.  ¿Quieres saber cuánto se te quedaría la letra al mes?  ¿Quieres saber qué impuestos conlleva una compra-venta?  Llámanos sin compromiso y programaremos una visita.  Los metros de la vivienda están contrastados según catastro/registro.  Los muebles que aparecen en la vivienda no son vinculantes y pueden No estar incluidos.  Este anuncio no es vinculante y puede contener errores. Se muestra a título informativo y no es contractual.   En los precios de venta no están incluidos impuestos legales ni gastos de escrituración.",False,good,False,True,1325.0,True,False,False,False,[],False,False,125890.0,€,flat,Valdeavero,Piso,Destacado,,,True,True,EG6386,,,,,
108891179,https://img4.idealista.com/blur/480_360_mq/0/id.pro.es.image.master/f4/0d/22/1358330734.webp,43,,690000.0,chalet,sale,287.0,,4,4,Barrio Salud y Alegría - El Lago,Madrid,Torrelodones,es,40.5705813,-3.906216,False,https://www.idealista.com/inmueble/108891179/,"Pareado rodeado de naturaleza en Los Peñascales **Casa pareada en venta en un entorno natural único** Descubre esta impresionante vivienda pareada de 287 m², situada en una parcela de 535 m² que te ofrece un jardín consolidado y acceso a una bonita piscina comunitaria. Este hogar, construido en tres plantas más la de servicio, destaca por su luminosidad y confort. La cocina cuenta con ventanas altas que permiten la entrada de luz natural, y un ventanal conecta con el comedor, creando un ambiente ideal para disfrutar de momentos en familia. El salón/comedor de dos alturas, con chimenea, es perfecto para relajarse y disfrutar de las vistas al jardín desde la terraza. En la planta superior, encontrarás tres acogedores dormitorios, incluyendo un dormitorio principal con baño en suite y balcón privado. Además, dos dormitorios comparten un baño, y la planta está dividida en dos zonas: dormitorio y cuarto de estudio, lo que brinda versatilidad al espacio. En la planta inferior, el garaje tiene capacidad para dos coches y cuenta con un lavadero y baño adicional. El salón con porche se abre al gran jardín comunitario, donde podrás disfrutar de grandes árboles y la fabulosa piscina en forma de L. Esta casa es ideal para aquellos que buscan un hogar en un entorno natural, sin renunciar a la comodidad y el estilo. ¡No pierdas la oportunidad de visitarla! La propiedad se encuentra ubicada en una de las zonas más destacables de Torrelodones, “Los Peñascales”, próxima al centro de comercio y casco urbano. Perfectamente comunicada con la capital por medio de Cercanías RENFE (estación de las Matas), autobús directo a Moncloa y salida directa a autopista A-6 (A Coruña). Distancia al aeropuerto Adolfo Suárez (Madrid-Barajas) aproximada 30 minutos. La localidad de Torrelodones está situada a 27 Km del norte de Madrid, en un entorno rodeado de naturaleza que tradicionalmente ha sido lugar de veraneo y actualmente como localidad de primera residencia. Se encuentra muy próximo a lugares de gran interés turísticos y culturales, como El Escorial, Segovia, La Granja de San Ildefonso y Ávila; todos ellos a menos de 30 minutos. Desde el punto de vista natural, El Parque Natural del Rio Guadarrama, Parque Natural de Hoyo Manzanares, El Pardo, La Pedriza, Sierra de Guadarrama y Navacerrada. Torrelodones ofrece todos los servicios necesarios: hospitales, centros comerciales, casino, centro cultural, comercio, instalaciones deportivas, restauración, etc.",False,good,False,,2404.0,False,False,False,False,[],False,False,690000.0,€,chalet,"Salud y Alegría - El Lago, Torrelodones",Casa independiente,Destacado,Los Peñascales,,True,True,W-030VJR,Salud y Alegría - El Lago,,,,independantHouse
108151413,https://img4.idealista.com/blur/480_360_mq/0/id.pro.es.image.master/cf/de/d2/1335386055.webp,48,bj,212900.0,flat,sale,82.0,True,3,1,Centro,Madrid,San Fernando de Henares,es,40.424944,-3.5341029,False,https://www.idealista.com/inmueble/108151413/,"Alcalá Inmobiliaria presenta una vivienda singular por su comodidad, distribución y nivel de confort. Se trata de una planta baja reformada, ubicada en una zona tranquila, ideal tanto para familias como para personas mayores o quienes deseen evitar barreras arquitectónicas.  Originalmente contaba con tres dormitorios, pero en su reforma se ha optado por convertirla en una vivienda más espaciosa y funcional, dando lugar a dos dormitorios de gran tamaño, que permiten múltiples configuraciones: dormitorio principal con zona de vestidor, habitación juvenil amplia, despacho, cuarto de juegos, etc. La amplitud de ambos espacios los convierte en verdaderos lugares de descanso y versatilidad.  El salón, uno de los grandes protagonistas de esta casa, cuenta con dos ventanas que permiten la entrada de luz natural durante buena parte del día. Su tamaño permite crear distintas zonas: comedor, área de descanso, lectura o incluso un pequeño rincón de trabajo si se desea. Es un espacio acogedor, cómodo y con muchas posibilidades.  La cocina, de formato alargado y generosas dimensiones, destaca por su practicidad y amplitud. Es el lugar perfecto tanto para quienes disfrutan cocinando como para quienes necesitan espacio de almacenamiento y movimiento. Gracias a su forma, permite colocar una pequeña mesa para desayunos o comidas informales.  El cuarto de baño, aunque de tamaño contenido, está muy bien distribuido y ofrece todo lo necesario para el uso diario. Su diseño funcional y práctico lo convierte en un espacio cómodo y fácil de mantener.  Uno de los grandes valores añadidos de esta vivienda es su aislamiento completo respecto a las paredes exteriores. Esto significa que está protegida frente a las temperaturas extremas del invierno y del verano, y también frente al ruido, lo que se traduce en un ambiente interior mucho más confortable, estable y tranquilo durante todo el año. Ideal para quienes valoran la eficiencia energética y el bienestar.  Además, al tratarse de una planta baja, ofrece una accesibilidad total sin necesidad de escaleras ni ascensores, lo que la hace perfecta para personas con movilidad reducida, personas mayores o familias con niños pequeños.  En resumen, hablamos de una vivienda muy cuidada, con espacios amplios, bien distribuida, luminosa, aislada del exterior y lista para entrar a vivir sin necesidad de reformas. Una opción práctica, acogedora y con muchas posibilidades.  No cobramos comisión al comprador.   Y además ponemos a tu disposición nuestro departamento de hipotecas totalmente gratuito para buscarte las mejores condiciones del mercado. ¿Quieres saber cuánto se te quedaría la letra al mes? ¿Quieres saber qué impuestos conlleva una compra-venta?  Los metros de la vivienda están contrastados según catastro/registro. Los muebles que aparecen en la vivienda no son vinculantes y pueden No estar incluidos. Este anuncio no es vinculante y puede contener errores. Se muestra a título informativo y no es contractual.   En los precios de venta no están incluidos impuestos legales ni gastos de escrituración.",False,good,False,False,2596.0,False,False,False,False,[],False,False,212900.0,€,flat,"Centro, San Fernando de Henares",Piso,Destacado,Centro,,,,EG6361,,239000.0,26100.0,11.0,
107041996,https://img4.idealista.com/blur/480_360_mq/0/id.pro.es.image.master/df/77/ec/1336249340.webp,34,,530000.0,chalet,sale,289.0,,4,3,Centro - Casco Histórico,Madrid,San Lorenzo de El Escorial,es,40.5899282,-4.1428486,False,https://www.idealista.com/inmueble/107041996/,"Versátil propiedad en San Lorenzo del Escorial ¡Oportunidad única en San Lorenzo del Escorial! Presentamos esta versátil propiedad que, aunque ha sido utilizada como restaurante, conserva su esencia como vivienda unifamiliar. Situada en una de las mejores zonas de San Lorenzo, esta casa ofrece un sinfín de posibilidades para inversores y emprendedores. Con una ubicación privilegiada, la propiedad se encuentra cerca de servicios esenciales, transporte público y atractivos turísticos, lo que la convierte en un lugar ideal tanto para residir como para desarrollar un negocio. La estructura cuenta con amplios espacios que pueden ser fácilmente adaptados a diferentes usos, ya sea como un nuevo restaurante, un acogedor bed and breakfast o incluso como una vivienda familiar. La casa dispone de varias estancias luminosas, una cocina amplia y un encantador patio que ofrece un espacio exterior perfecto para disfrutar del clima de la zona. Su diseño original permite una fácil reconfiguración, lo que brinda la oportunidad de personalizar cada rincón según las necesidades del nuevo propietario. No dejes pasar esta oportunidad de inversión en una de las localidades más emblemáticas de la Sierra de Madrid. Con su rica historia y su entorno natural, San Lorenzo del Escorial es un lugar que atrae tanto a residentes como a turistas. ¡Contáctanos para más información y ven a descubrir todo el potencial que esta propiedad tiene para ofrecer! San Lorenzo de El Escorial, situado en el corazón de la Sierra de Guadarrama, es uno de los municipios con mayor interés turístico y cultural de la región. A solo 50 kilómetros de Madrid, se asienta en la ladera del Monte Abantos. Su principal atractivo es el Monasterio y Real Sitio de San Lorenzo de El Escorial, declarado Patrimonio de la Humanidad por la UNESCO en 1984. Este acogedor chalet se encuentra junto al casco urbano, en una zona tranquila y arbolada, con excelente infraestructura: colegios, comercios, hospital, universidad, teatro, sala de exposiciones y restaurantes. Cuenta con estación de tren y autobuses, con amplias conexiones a Madrid y localidades cercanas, todo a 5-15 minutos a pie en este encantador pueblo.",True,good,False,,1834.0,True,False,True,False,[],False,False,530000.0,€,chalet,"Centro - Casco Histórico, San Lorenzo de El Escorial",Casa independiente,Destacado,Centro - Casco Histórico,,,,W-02Y4Y1,,,,,independantHouse
105583045,https://img4.idealista.com/blur/480_360_mq/0/id.pro.es.image.master/e5/4c/eb/1256753911.webp,94,,436403.0,chalet,sale,260.0,,5,3,Calypo,Madrid,Navalcarnero,es,40.2578635,-4.0501543,False,https://www.idealista.com/inmueble/105583045/,"Alcalá inmobiliaria pone a tu disposición este fantástico chalet independiente en la urbanización Calypo II de Navalcarnero.  Cinco dormitorios, tres baños, dos salones uno de ellos con chimenea, dos cocinas, garaje, y piscina en parcela de 1080 metros (Según Escrituras).  Acompáñame por el recorrido de la casa como si vivieras allí.  La entrada a la parcela tiene puerta peatonal y para coches con apertura automática, en la gran parcela tenemos a la entrada gran zona para aparcar o disfrutarla a tu gusto, a la derecha de la entrada la piscina vallada y a la izquierda tenemos un gran terreno con árboles frutales, manzano, kaki, níspero, paraguayo, nectarina, melocotonero etc... huerto, tomates, pepinos, pimientos, frambuesas, etc. invernadero y una caseta al fondo para aperos donde tenemos un filtro para el agua.  La vivienda es independiente y tiene terreno por los cuatro lados de la casa. entrando por las escaleras tenemos porche delantero con toldo, puerta principal blindada lacada en blanco, gran hall de entrada a la derecha del hall, salón independiente con chimenea con casete y aparato de aire acondicionado con bomba de calor, de frente al hall tenemos una amplia cocina que queda amueblada con muebles altos y bajos más electrodomésticos básicos (campana, vitrocerámica de inducción y horno), la cocina tiene acceso directo al lateral donde tenemos una pérgola con toldo, la barbacoa y un horno de leña donde poder disfrutar de tus celebraciones.   Siguiendo a la izquierda del hall tenemos pasillo distribuidor donde encontramos a la izquierda un primer dormitorio doble, a la derecha un baño completo con plato de ducha con mampara y ventana, en el baño tenemos termo eléctrico para agua caliente. seguimos por el pasillo y tenemos a la derecha después del baño otro dormitorio doble y de frente tenemos el dormitorio principal con baño en suite con bañera y ventana en este baño también disponemos de termo eléctrico para el agua caliente y radiador calienta toallas, en el dormitorio se acaba de poner un gran armario empotrado a medida.  En esta primera planta tenemos suelos de gres rustico, ventanas de aluminio abatibles con rotura de puente térmico y doble climalit en algunas hay mosquiteras, las puertas son de madera y la del salón y la cocina tienen vidriera.  desde la primera planta tenemos acceso directo a la planta baja por escaleras. En la planta de abajo tenemos un gran salón con billar, una enorme cocina que queda amueblada con cocina de gas y campana, una gran despensa en la cocina y tiene acceso directo a la parte delantera de la parcela. desde el salón podemos acceder al garaje donde tenemos otra habitación destinada a la caldera de pellets recién instalada para la calefacción y el agua caliente. Además, en planta baja tenemos dos dormitorios uno de ellos con puerta de acceso a la parte trasera de la parcela y dos cuartos trasteros mas un baño con plato de ducha con mampara.  En esta planta la carpintería exterior es de hierro y las puertas de madera, el suelo de gres rustico.  La vivienda tiene radiadores en todas las dependencias, la calefacción y el agua caliente es por caldera de pellets, aunque tenemos termos eléctricos en los baños de la planta de arriba por si no quisiéramos usar la caldera para el agua caliente.  La urbanización Calypo II esta a tan solo seis kilómetros de la villa de Navalcarnero de fácil acceso por la A5 por autobús directo hasta dicha localidad donde tienes todos los servicios necesarios.  Si quieres vivir en un entorno privilegiado rodeado de naturaleza y tranquilidad esta es tu casa no dudes en venir a visitarla.   No cobramos comisión al comprador.  Nos encargamos de toda la gestión de la compra.  Y además ponemos a tu disposición nuestro departamento de hipotecas totalmente gratuito para buscarte las mejores condiciones del mercado.  ¿Quieres saber cuánto se te quedaría la letra al mes?  ¿Quieres saber qué impuestos conlleva una c.",False,good,False,,1678.0,True,True,False,False,[],False,False,436403.0,€,chalet,"Calypo, Navalcarnero",Chalet,Destacado,Calypo,,True,True,EG6126,,,,,
107098574,https://img4.idealista.com/blur/480_360_mq/0/id.pro.es.image.master/79/02/42/1302924014.webp,28,2,7900000.0,flat,sale,473.0,True,4,5,Barrio Castellana,Madrid,Madrid,es,40.4312569,-3.6859682,False,https://www.idealista.com/inmueble/107098574/,"Olisson gestiona la venta de esta maravillosa casa de autor en la mejor zona del barrio de Salamanca, Recoletos. Se trata de un elegante piso con 3 amplias suites, orientación sur y 5 balcones a la calle, por lo que es muy luminoso.  Sus 473 m2 se distribuyen de la siguiente manera: accedemos a la casa por un gran hall para recibir que articula el espacio. Desde aquí podemos acceder a la zona de día, compuesta por un gran espacio con 5 balcones a la calle, donde encontramos un amplio salón conectado a una zona con cocina - bar semiintegrada y una zona de estar independiente. La cocina cuenta con electrodomésticos de alta gama panelados, de forma que quedan totalmente ocultos. El salón, muy amplio, cuenta con zona de estar y zona de comedor, y además tiene un cuarto de estar con home cinema que se puede independizar a través de puertas. Si volvemos al hall, encontramos un gran gabanero, un aseo de cortesía y el acceso a la zona de noche de la casa. Esta área se compone de 3 grandes suites, todas ellas con vestidor y baño con iluminación natural, con ventanas hacia diversos patios. Además, encontramos un spa privado, con baño turco e iluminación natural. Al fondo de la vivienda encontramos la segunda cocina, con vistas al bonito patio ajardinado trasero y un espacio para el servicio conectado a la entrada de servicio, compuesto por zona de lavado, dormitorio y baño privado.  La vivienda destaca por haber sido completamente proyectada, rediseñada y reformada integralmente con altas calidades de materiales por un reconocido equipo de interioristas. Cuenta además con un sistema domótico donde se puede controlar tanto desde la app como desde el móvil todos los parámetros, como iluminación, climatización, sonido, accesos…etc. Esto junto a una ubicación inmejorable en plena Milla de Oro y un cuidado proyecto de interiorismo hacen de ella una vivienda de diseño única. Además, la casa cuenta con una plaza de parking de alquiler en el hotel Villamagna. El edificio es clásico, de principios de siglo y ha sido recientemente restaurado, por lo que su estado es inmejorable. Cuenta una bonita fachada clásica, un gran portal representativo, un jardín privado con un bonito paisajismo y portero físico, por lo que es muy cómodo para la vida diaria. Se encuentra en el barrio de Recoletos, en la zona más prime, muy cercano a las mejores tiendas de Serrano y la Milla de Oro, así como a toda la oferta gastronómica de Jorge Juan, en el epicentro del barrio de Salamanca.  El barrio de Recoletos, perteneciente al distrito de Salamanca, destaca por sus espectaculares fincas con portales y fachadas de arquitectura clásica. Tradicionalmente zona residencial, Salamanca ha ido incorporando otras actividades como la comercial, ya que es una de las zonas más exclusivas de Madrid. Cerca del parque del Retiro y del centro, Recoletos destaca por su variada oferta gastronómica y cultural en una zona con muy buena conexión con el centro de la ciudad y fácil acceso y salida de Madrid. [IW].",False,good,False,True,16702.0,True,False,False,False,[],False,False,7900000.0,€,flat,"Castellana, Madrid",Piso,Destacado,Barrio de Salamanca,,,,rec544VM,Castellana,,,,
108664377,https://img4.idealista.com/blur/480_360_mq/0/id.pro.es.image.master/df/40/6f/1351508048.webp,32,5,795000.0,flat,sale,99.0,True,3,2,calle de Atocha,Madrid,Madrid,es,40.411622,-3.6974534,False,https://www.idealista.com/inmueble/108664377/,"***IMPRESIONANTE PISO EN 5º PLANTA EXTERIOR Y REFORMADO EN LA CALLE ATOCHA, CON 99 M2 CONSTRUIDOS, TRANQUILO Y MUY LUMINOSO CON MULTIPLES VENTANALES, ACTUALMENTE CON 2 DORMITORIOS, 1 BAÑO (ORIGINALMENTE 3 DORMITORIOS Y 2 BAÑOS), COCINA INDEPENDIENTE Y AMPLIO SALÓN EXTERIOR CON DOS BALCONES A LA CALLE.** NO COBRAMOS COMISIONES AL COMPRADOR. Ponemos a la venta este piso reformado (2004) en plena calle Atocha (adjunto plano), exterior, con fachada principal orientada al sur/suroeste, destacando su luminosidad, debido también a sus 12 entradas de luz natural entre ventanas y balcones. Con 97 m² construidos (según escrituras), accedemos a la vivienda y encontramos un hall recibidor desde el que a la izquierda encontramos el salón y a la derecha la zona de dormitorios, baño y cocina. Cuenta con 2 amplios dormitorios con ventanales a patios interiores con mucha luz y con armarios empotrados espaciosos, y un baño completo con ducha y bañera. Y contiguo a ellos encontramos la cocina independiente con muebles altos y bajos con encimera de piedra, placa de inducción, horno y campana extractora. El amplio y luminoso salón de más de 35 m2 y reformado, que cuenta con una preciosa chimenea de mármol jaspeado, dos pilares de hierro que forman parte de la estructura metálica que están revestidos por cilindros de escayola, y dos preciosos balcones a la calle Atocha que brindan unas vistas únicas, y que le dan gran luminosidad. LA FINCA construida en el año 1900, es un ejemplo de la arquitectura madrileña, con una fachada de ladrillo rojizo que evoca la esencia del Madrid tradicional. La combinación de elementos antiguos del Madrid de Los Austrias con detalles modernistas crea un aspecto singular y llamativo. Escalera de madera y forja protegida, y puertas de acceso a las viviendas, con 2 hojas y gran altura (Puerta blindada de 2 hojas (238 x 117)) Ascensor, ubicado en uno de los patios interiores y que para en las entreplantas. Fachadas, patios y bajantes del edificio rehabilitados en 2023. Tejado reformado en 2025.  CALIDADES: Carpintería exterior de aluminio lacado blanco con rotura de puente térmico y doble cristal climalit con tratamiento de aislamiento térmico (Y acústico adicional en balcones a la calle). Suelo de tarima flotante de roble. Pintura en liso.  Preinstalación para aires acondicionados. Caldera Saunier Duval de última generación. Instalada 2024 (agua sanitaria y calefacción). Calefacción por radiadores. Ubicado en una de las mejores zonas de Madrid, rodeado de todos los servicios y conexiones de transporte público, Sin olvidar que es una de las zonas de visita obligada a Madrid, en el que encontramos bajo la denominación de Paseo o Triángulo del Arte, los museos del Prado y Thyssen-Bornemisza y en sus inmediaciones el Centro de Arte Reina Sofía, Y también está rodeado de zonas verdes como el Jardín Botánico y el parque del Retiro.  DESTACAMOS un gran centro multifuncional ubicado en calle Fúcar (muy cercano a la vivienda) de próxima apertura. Este complejo ofrece diversas instalaciones y servicios a la comunidad. Escuela infantil, Centro de día para mayores, Centro deportivo con pabellón polideportivo y piscina cubierta. POSIBILIDAD DE REFORMA O ACTUALIZACION, La vivienda fue reformada completamente en 2004, haciéndola mucho más espaciosa y luminosa y manteniendo la carpintería de madera de pino interior e imitando, en aluminio, el estilo de las ventanas. Es susceptible de ser actualizada o reformada y redistribuida. La estructura es de ladrillo y hierro (columnas interiores y vigas). La escalera del edificio es el único elemento en madera. Altura interior: 262 cm hasta techo +12 cm hasta forjado.La distribución original era de 3 habitaciones y 2 baños. Hay distintas posibilidades de redistribución. Existen 2 salidas de humo en la cocina y 3 tiros de chimenea distribuidos por el piso. Si necesitas más información o deseas visitar, no dudes en llamarnos.",True,good,False,True,8030.0,True,False,True,False,[],False,False,795000.0,€,flat,"Huertas-Cortes, Madrid",Piso en calle de Atocha,Destacado,Centro,,,,PR99559467,Huertas-Cortes,,,,
107434151,https://img4.idealista.com/blur/480_360_mq/0/id.pro.es.image.master/99/d7/e0/1315412584.webp,57,,760000.0,chalet,sale,385.0,,5,3,Guadarrama,Madrid,Guadarrama,es,40.6878737,-4.0706185,False,https://www.idealista.com/inmueble/107434151/,"Chalet individual en Guadarrama Chalet individual totalmente sostenible y eco-eficiente en Urbanizacion Vallefresnos- Guadarrama. Casa energeticamente eficiente con placas solares y baterias. Precioso chalet independiente orientado al sur distribuido en dos plantas, Cuenta con tres dormitorios en planta baja, una de ellas en suite. Cocina, baño completo y Salon- comedor en la misma planta. El Salón con estufa de leña y amplia cocina con isla central y comedor con salida a porche y jardín. Parte superior otros dos dormitorios con baño completo y grandes cristaleras con una luminosidad increible, bomba de calor/frio en los cuatro dormitorios. Porche 45 m2 delantero y parcela ajardinada de 1150 mt con piscina de sal climatizada e iluminación. Pozo conectado a riego automático, árboles frutales y centenarios, iluminación exterior, zona de barbacoa, bodega y garage. Puerta exterior y puerta garaje automáticas.  Cabaña de madera exterior de 30 mt para zona de almacenamiento. Reforma integral con materiales ecológicos y excelentes calidades: toda la carpintería interior de maderas nobles: nogal, roble y arce canadiense. cerramientos oscilobatientes de madera maciza con cristales Climalit Planitherm 6/12/4 con mosquiteras. Guadarrama es un municipio situado en la Comunidad de Madrid, España, ubicado en plena Sierra de Guadarrama, a unos 48 km al noroeste de la capital. Se caracteriza por su entorno natural privilegiado, con montañas, bosques y rutas de senderismo, lo que lo convierte en un destino ideal para los amantes de la naturaleza y los deportes al aire libre. Su clima es fresco en verano y frío en invierno, con nevadas frecuentes. Históricamente, ha sido un lugar de paso y asentamiento desde la época medieval, contando con monumentos como la Iglesia de San Miguel Arcángel y otros edificios históricos. Su gastronomía destaca por platos tradicionales como el cochinillo, los asados y la sopa castellana. Además, el municipio cuenta con una oferta de ocio variada, incluyendo rutas de montaña, áreas recreativas y actividades como el montañismo, ciclismo y equitación. Su cercanía al Parque Nacional de la Sierra de Guadarrama lo convierte en un punto clave para el turismo de naturaleza en la Comunidad de Madrid.",False,good,False,,1974.0,True,False,False,False,[],False,False,760000.0,€,chalet,Guadarrama,Casa independiente,Destacado,,,True,True,W-02YF6P,,,,,independantHouse
108763741,https://img4.idealista.com/blur/480_360_mq/0/id.pro.es.image.master/07/75/74/1354439429.webp,23,3,945000.0,flat,sale,108.0,True,3,2,Barrio Fuente del Berro,Madrid,Madrid,es,40.4249979,-3.6680239,False,https://www.idealista.com/inmueble/108763741/,"Olisson Club ofrece este precioso piso reformado y amueblado en una de las mejores calles del Barrio de Fuente del Berro. Ubicado en una tercera planta este luminoso piso de 108 m2 se distribuye en hall de entrada, amplio salón comunicado con comedor y cocina integrada completamente equipada con todos los electrodomésticos. Junto a la cocina encontramos una zona de lavado equipada con lavadora y secadora. La zona de descanso es totalmente independiente de la zona social y cuenta con tres dormitorios y dos baños completos, uno de ellos en suite y armarios de suelo a techo. El proyecto de reforma de esta vivienda destaca por el buen uso y aprovechamiento de los espacios, así, como el empleo de materiales de primera calidad utilizados. Todas las estancias permiten el paso de una gran cantidad de luz que hace que la vivienda sea muy luminosa.  Cabe destacar que el edificio cuenta con portero y un trastero de 8 metros. La vivienda se ubica en el barrio de Fuente del Berro, una de las zonas más privilegiadas de Madrid, a un paso de los restaurantes únicos del barrio de Salamanca. Esta ubicación tan céntrica, facilita la conexión con el resto de la ciudad y el poder disfrutar de los museos y diversas zonas de moda. Además, está a solo 20 minutos del aeropuerto. Es una zona residencial, con varias terrazas y ofertas de restauración, supermercados y tiendas, e inmejorable comunicación tanto con la exclusiva milla de oro de la calle Serrano y la zona de embajadas, con inmediato acceso al parque del Retiro y la zona de museos con el Prado y el jardín Botánico como idílicos enclaves, así como con la estación de Atocha y vías de circunvalación. [IW].",True,good,False,True,8750.0,True,False,False,False,[],False,False,945000.0,€,flat,"Fuente del Berro, Madrid",Piso,Destacado,Barrio de Salamanca,,,,fbe024MS,Fuente del Berro,,,,
108878079,https://img4.idealista.com/blur/480_360_mq/0/id.pro.es.image.master/30/76/8c/1357845062.webp,29,,319900.0,chalet,sale,100.0,,3,2,calle Torote,Madrid,Soto del Real,es,40.7508342,-3.791927,False,https://www.idealista.com/inmueble/108878079/,"¡VENDE EN EXCLUSIVA HOGARES SOTO DEL REAL ESPECTACULAR CHALET PAREADO! Este encantador chalet pareado de 100 m² ofrece una oportunidad única para aquellos que buscan un refugio en un entorno tranquilo y acogedor. Con 3 dormitorios y 2 baños, hay espacio suficiente para toda la familia. La propiedad cuenta con una parcela de 161 m², ideal para crear un jardín a tu medida o disfrutar de momentos al aire libre. La ubicación es inmejorable, rodeada de servicios y a pocos pasos del centro del pueblo. Imagina disfrutar de un balcón donde relajarte al final del día y un trastero para guardar todo. Aunque necesita algunas reformas, este chalet tiene un gran potencial para convertirse en la casa de tus sueños. Además, su orientación sur, este y oeste garantiza luz natural durante todo el día. No dejes pasar esta oportunidad de inversión exclusiva. Con armarios empotrados y una buena distribución este chalet combina comodidad y funcionalidad. ¡Ven a visitarlo y comienza a imaginar la vida que siempre has querido en Soto del Real! ¡CONSEGUIMOS FINANCIACIÓN DE HASTA 100%, NO DUDES EN CONSULTAR CONDICIONES!",True,renew,False,,3199.0,True,True,False,False,[],False,False,319900.0,€,chalet,Soto del Real,Chalet pareado en calle Torote,Destacado,,,,,,,,,,semidetachedHouse
106898837,https://img4.idealista.com/blur/480_360_mq/0/id.pro.es.image.master/30/66/17/1338762245.webp,29,9,4000000.0,penthouse,sale,372.0,True,5,5,Barrio Argüelles,Madrid,Madrid,es,40.4280718,-3.7206007,False,https://www.idealista.com/inmueble/106898837/,"Maravilloso ático reformado en Argüelles Engel & Völkers se complace en presentar este maravilloso ático de casi 300 metros cuadrados habitables con amplia terraza y detalles de lujo, un refugio perfecto que combina confort y elegancia en cada rincón.  Nada más entrar encontramos un amplio distribuidor que te guía hacia el generoso salón comedor, un espacio luminoso y acogedor que se abre directamente a una increíble terraza. La cocina, generosa en espacio, cuenta con un elegante office, perfecta para las comidas familiares o el desayuno cotidiano junto a una habitación de servicio con su propio baño en suite que añade funcionalidad al hogar. La master bedroom es un verdadero santuario, con su amplio vestidor, un cómodo baño en suite y acceso directo a la misma terraza que el salón, permitiendo disfrutar de vistas y momentos al aire libre desde la privacidad de la habitación.  Al otro lado de la casa, encontramos otro amplio dormitorio también con baño en suite, asegurando comodidad y privacidad para tus invitados. Complementando esta excepcional distribución, hay un cuarto de baño adicional que da servicio a otros dos dormitorios, así como un elegante aseo de cortesía, pensado para las visitas sin necesidad de acceder al área de descanso y junto a éste, un pequeño despacho, ideal para trabajar desde casa. Con un total de cinco dormitorios y cinco cuartos de baño, de los cuales tres son en suite, esta propiedad ha sido reformada con gusto y está lista para entrar a vivir.  ¡No pierdas la oportunidad de disfrutar de este magnífico espacio lleno de luz, comodidad y estilo! El barrio de Argüelles, nació en el periodo del Ensanche, y es un magnífico exponente del Madrid burgués. Limitado por el Parque de Debod y la calle Princesa, avanza en una estrecha franja desde la Plaza de España y hacia el Parque del Oeste, delimitado por las calles de Pintor Rosales, Irún, Paseo Moret, Ferraz, Princesa, la Plaza de España y la Cuesta de San Vicente. En sus calles se conservan palacios como el de la Infanta Isabel de Borbón y antiguos asilos y conventos, como el del Buen Suceso. Es un lugar ideal para vivir, dada su ubicación bastante céntrica, su entorno verde frente al parque del Oeste y el parque de la Montaña (donde se ubica el templo egipcio de Debod), y la presencia de numerosas tiendas, zonas de ocio, bares y restaurantes con sus atractivas terrazas. En sus calles se concentra el mayor número de cines en versión original de la ciudad, además de haber visto pasar a unos cuantos personajes importantes del celuloide español por su particular Paseo de la Fama. Una de las zonas más singulares de la capital por su variedad y estupenda infraestructura: seis colegios, varias escuelas de educación infantil, un ambulatorio clínico, un centro de especialidades y su gran variedad de Supermercados y Restaurantes. Además, el distrito cuenta con excelentes comunicaciones gracias a su proximidad por un lado a la M-30, a la A-6, a Carretera de Castilla y al Intercambiador de Moncloa: con salida directa a la sierra de Madrid, y por otro lado acceso a la zona Centro de la capital. Una auténtica maravilla.",False,good,False,True,10753.0,True,False,False,False,[],False,False,4000000.0,€,flat,"Argüelles, Madrid",Ático,Destacado,Moncloa,,True,True,W-02X3OK,Argüelles,,,,penthouse
92724442,https://img4.idealista.com/blur/480_360_mq/0/id.pro.es.image.master/84/0b/5c/1338749834.webp,39,,1500000.0,chalet,sale,857.0,,5,6,Barrio Molino de la Hoz,Madrid,Las Rozas de Madrid,es,40.5414085,-3.9297684,False,https://www.idealista.com/inmueble/92724442/,"Preciosa vivienda en Molino de la Hoz SIN COBRO DE HONORARIOS AL COMPRADOR  Engel & Völkers les presenta este impresionante chalet diseñado para recibir el máximo confort con todo lujo de detalles. Su amplia recepción exterior nos muestra la magnitud de esta propiedad construida con materiales de primera calidad. En su planta principal el hall de entrada nos invita a diferentes zonas sociales destacando un gran salón con majestuosa chimenea, una amplia zona independiente de estar – tv y un despacho muy luminoso. La zona en donde se ubica la cocina cuenta con cuarto de despensa y zona de lavado. Desde la cocina podemos acceder al jardín a través de un precioso porche acristalado con zona de comedor que cuenta también con chimenea. Un aseo de cortesía con buen tamaño da servicio a esta planta. A través de una amplia escalera accedemos a la planta primera, con un luminoso distribuidor y cinco dormitorios, todos ellos con baño en suite. En la planta inferior, disponemos de un segundo salón con chimenea, cine, bodega y zona de juegos y ocio. Por último un cuarto trastero. En la parcela destaca también una bonita construcción diseñada como cenador, totalmente acondicionada con vistas al jardín y preparado para todo tipo de celebraciones con horno de leña. En el jardín destaca también una enorme barbacoa asturiana. Esta propiedad cuenta con piscina climatizada y gimnasio ambas piezas acristaladas con zona de ducha, sauna y jacuzzi. Por último disponemos de una pequeña zona deportiva, un baño exterior que da servicio a celebraciones en el jardín y una caseta para herramientas y bicicletas. Garaje cerrado con capacidad para dos vehículos y cuarto de calderas. Una lujosa propiedad para poder disfrutar de todas sus estancias en familia y amigos! Molino de la Hoz es una exclusiva urbanización privada en un entorno natural privilegiado, con controles de acceso y vigilancia 24 horas, que cuenta con todo tipo de servicios, línea privada de autobuses, un magnífico Club Social a su entrada en el que se puede disfrutar de piscina olímpica, instalaciones deportivas, pistas de tenis y pádel, restaurante con una gran parcela ajardinada y zona de columpios, biblioteca y otras muchas actividades. Dentro de la urbanización hay dos colegios, ambos bilingües, siendo el Bérriz concertado y el Logos privado, destacamos la zona comercial con supermercado, centro médico, centro veterinario, estética y belleza, peluquería, fisioterapeuta, cafetería, pastelería, gimnasio y otros servicios.  La urbanización cuenta con un bonito lago, hábitat permanente de cormoranes, en una ubicación privilegiada que garantiza privacidad y tranquilidad.",False,good,False,,1750.0,True,False,False,False,[],False,False,1500000.0,€,chalet,"Molino de la Hoz, Las Rozas de Madrid",Casa independiente,Destacado,Molino de la Hoz,,True,True,W-02L2OX,Molino de la Hoz,,,,independantHouse
108735279,https://img4.idealista.com/blur/480_360_mq/0/id.pro.es.image.master/37/f3/8f/1353603012.webp,50,,520000.0,chalet,sale,288.0,,8,3,calle de las Cuatro Peñas,Madrid,Manzanares el Real,es,40.7351973,-3.858613,False,https://www.idealista.com/inmueble/108735279/,"BONITO CHALET INDEPENDIENTE EN MANZANARES EL REAL CON PARCELA DE 839 M² Se ofrece este atractivo chalet individual de tres plantas sobre una amplia parcela de 839 m², con una superficie construida de 288 m². La vivienda dispone de 4 dormitorios, 3 baños, 2 plazas de garaje y dos magníficas terrazas con vistas abiertas. En la planta principal, nos recibe un amplio vestíbulo con armario empotrado. Desde aquí accedemos a un acogedor salón comedor con chimenea y salida directa a una encantadora terraza ideal para disfrutar del aire libre. La cocina es espaciosa y muy luminosa, gracias a sus dos ventanas en esquina, lo que permite una excelente ventilación y entrada de luz natural. Además, cuenta con una práctica despensa. En esta planta también se encuentra un aseo de cortesía y un dormitorio en suite con armario empotrado. En la primera planta, la zona de descanso se compone de tres dormitorios, un cuarto de baño completo y acceso desde el pasillo a una terraza con bonitas vistas, perfecta como rincón de lectura o descanso. La planta baja, con acceso exclusivamente desde el exterior, alberga una gran sala polivalente ideal como salón de verano, sala de juegos, gimnasio o espacio de trabajo, así como un amplio garaje cerrado con capacidad para dos coches. El jardín, cuidadosamente diseñado, dispone de distintos ambientes, zonas ajardinadas y pasillos solados que invitan a recorrer y disfrutar del entorno. Situado en Manzanares el Real, uno de los pueblos más emblemáticos de la Sierra de Madrid, junto al Parque Nacional de la Sierra de Guadarrama y con la gran ventaja de encontrarse a pocos minutos del Embalse de Santillana, un entorno natural de gran belleza donde disfrutar de paseos, avistamiento de aves y actividades al aire libre. Esta propiedad ofrece un estilo de vida tranquilo en plena naturaleza, a solo 45 minutos del centro de Madrid. Este anuncio no es vinculante y puede contener errores. Se muestra a título informativo y no es contractual. NO COBRAMOS COMISIÓN AL COMPRADOR.",True,good,False,,1806.0,True,False,True,False,[],False,False,520000.0,€,chalet,Manzanares el Real,Casa independiente en calle de las Cuatro Peñas,Destacado,,,True,True,PR99559481,,,,,independantHouse
99075178,https://img4.idealista.com/blur/480_360_mq/0/id.pro.es.image.master/31/41/ef/1032710227.webp,24,,499900.0,chalet,sale,232.0,,4,2,avenida de los Llanos,Madrid,Alpedrete,es,40.6451557,-4.0202757,False,https://www.idealista.com/inmueble/99075178/,"CAPITAL HOME ALPEDRETE VENDE CHALET INDEPENDIENTE, CASA DE PIEDRA UBICADO EN ZONA RESIDENCIAL PRÓXIMA A LOS LLANOS.  Vivienda de piedra construida en 1977 de 180 m2 construidos en parcela de 2097 m2. Segregada registralmente en dos parcelas de 1100m2 independientes.  En dicha parcela se ubica la vivienda, zona de aparcamiento, la piscina, unos vestuarios, un pozo de agua potable totalmente funcional y amplias zonas ajardinadas y consolidadas. La vivienda se distribuye de la siguiente forma; En la planta baja encontramos un amplio salón con chimenea, un aseo, la cocina, un dormitorio y un porche. La segunda planta consta de tres dormitorios con armarios empotrados, un baño completo con cabina de ducha y una amplia terraza. Cabe destacar que al contar con una parcela de tales dimensiones, seria posible la segregación en dos parcelas de 800m2 aproximados, haciendo de éste terreno una muy buena oportunidad. Cualquier consulta en relación a un ante proyecto con arquitecto, estudio topográfico con ingeniero tenemos todas las herramientas para resolver cualquier duda; Debido a su excelente ubicación cuenta con una serie de servicios muy próximos: supermercados como Mercadona y La Sirena a menos de 1 km, Planetocio a 900 metros, Estación de cercanías de los Negrales a 700 metros, parada de autobús L- y 685 a menos de 100 metros, colegios y guarderías a 1 km, un paseo al centro del municipio muy agradable y a menos de diez minutos y una excelente comunicación con las carreteras principales M-601, la A-6 o M-619.",True,renew,False,,2155.0,True,True,False,True,[],False,False,499900.0,€,chalet,Alpedrete,Casa independiente en avenida de los Llanos,Destacado,,,True,True,AVENIDA DE LOS LLANOS,,,,,independantHouse
108262868,https://img4.idealista.com/blur/480_360_mq/0/id.pro.es.image.master/8c/76/b6/1338891615.webp,20,8,229900.0,flat,sale,72.0,True,3,1,calle Zaragoza,Madrid,Móstoles,es,40.3246505,-3.8700617,False,https://www.idealista.com/inmueble/108262868/,"¡Descubre tu nuevo hogar en el corazón de Móstoles! Piso REFORMADO de 72 m² te ofrece todo lo que necesitas para vivir cómodamente. Ubicado en una octava planta con ascensor, disfrutarás de un salón comedor luminoso con acceso a la cocina.  Con tres dormitorios y un baño completo con plato de ducha. Este piso es perfecto para familias o para quienes buscan su primera vivienda.  La vivienda cuenta con un trastero.  La ubicación es inmejorable: a solo 4 MINUTO del Metro Pradillo y a 7 minutos de la estación de Renfe Móstoles Central, tendrás excelente conexión con el resto de la ciudad. Además, estarás cerca de centros de salud, zonas comerciales, paradas de autobús y una variada oferta de ocio y hostelería. ¡Contáctanos rápidamente o visitanos en OFICINA OFICINA DOS DE MAYO 59 para más información y no pierdas la oportunidad de visitar este piso en buen estado que podría convertirse en tu nuevo hogar!",True,good,False,True,3193.0,True,True,False,True,[],False,False,229900.0,€,flat,"Centro, Móstoles",Piso en calle Zaragoza,Destacado,Centro,,,,RICARDO8,,239900.0,10000.0,4.0,
108871083,https://img4.idealista.com/blur/480_360_mq/0/id.pro.es.image.master/40/ed/8b/1357546378.webp,37,,700000.0,chalet,sale,300.0,,7,3,calle Madrid,Madrid,Brunete,es,40.4078088,-3.9997132,False,https://www.idealista.com/inmueble/108871083/,"CAPITAL HOME BRUNETE VENDE CHALET INDEPENDIENTE EN CASCO URBANO COMPLETAMENTE REFORMADO Este espectacular inmueble dispone de 300 m² construidos en dos plantas y 500 m² de parcela en una de las zonas más tranquilas de Brunete. Se distribuye de la siguiente manera: En la planta principal, accederás a través de un agradable porche exterior y ya en el interior encontrarás un hall recibidor, el cual conecta con el salón con chimenea y la cocina estilo americano y el pasillo, donde están situadas cinco habitaciones con armarios empotrados y dos baños completos con plato de ducha.  La planta inferior, cuenta con hall recibidor, aseo y un espacio diáfano pensado para salón y cocina. Ademas, cuenta con dos habitaciones más en planta. La zona exterior dispone de 501m² de superficie gráfica con zonas ajardinadas y piscina. La vivienda ha sido reformada en su totalidad mediante interioristas con materiales de calidad. Suelos porcelánicos en el interior de la vivienda y en parte del exterior, paredes en liso tanto en interiores como en exteriores aplicando sate, puertas exteriores acorazadas, ventanas de pvc con doble acristalamientos anti ruidos y de seguridad, fontanería y electricidad cambiados, aires acondicionados en varias estancias, frentes de armarios y puertas lacadas en gris… una joya en pleno casco urbano. La casa perfecta para los amantes de la comodidad y tranquilidad. No dude en consultarnos cualquier duda y estaremos encantados de mostrarle que esta casa podría ser suya. ¡Le esperamos! DEPARTAMENTO DE FINANCIACION, ASESORAMIENTO PERSONALIZADO GRATUITO.",False,good,False,,2333.0,True,False,False,False,[],False,False,700000.0,€,chalet,Brunete,Casa independiente en calle Madrid,Destacado,,,,,,,,,,independantHouse
107165037,https://img4.idealista.com/blur/480_360_mq/0/id.pro.es.image.master/f3/f8/64/1183561962.webp,20,1,454900.0,flat,sale,101.0,True,3,2,calle de la Plata s/n,Madrid,Torrejón de Ardoz,es,40.4552056,-3.4557032,True,https://www.idealista.com/obra-nueva/107165037/,"LICENCIA DEFINITIVA DE OBRAS CONCEDIDA PISOS DE 2, 3 Y 4 DORMITORIOS CON PISCINA, GIMNASIO Y PARQUE INFANTIL, CON CALIFICACIÓN ENERGÉTICA A Y PERSONALIZACIÓN DE ACABADOS.  Viviendas exclusivas de obra nueva, con amplias terrazas en*  *C/ de la Plata, esquina Calle La Zarza, Torrejón de Ardoz  Atención exclusiva con cita previa ¡Pide cita para más información!  ¡Visualiza tu hogar ideal en Torrejón de Ardoz!  Tu refugio de bienestar y tranquilidad  Imagina que después de un día ajetreado, llegas a tu nuevo hogar en C/ de la Plata y Calle La Zarza, en Torrejón de Ardoz. Abres la puerta de tu piso de 2, 3 o 4 dormitorios y, al instante, te invade una sensación de confort. La amplia terraza te invita a dar un paso hacia el exterior y respirar el aire fresco, mientras el sol se pone sobre la ciudad. Además, tu plaza de garaje y trastero están justo donde los necesitas, sin perder tiempo en búsquedas interminables de aparcamiento.  Vivir rodeado de todo lo que necesitas  Tu hogar no solo es cómodo por dentro, sino que también está ubicado en una zona perfecta, rodeada de zonas verdes y deportivas, ideales para disfrutar de una tarde con los niños o para hacer ejercicio al aire libre. Imagina una tarde de domingo, donde, después de un paseo por el parque cercano, tomas un café en tu terraza mientras los niños juegan en el parque infantil a solo unos pasos de tu puerta. Y si tienes adolescentes, los institutos Isaac Peral y Victoria Kent están a solo unos minutos, lo que facilita su día a día. Además, con varias líneas de autobuses cercanas y accesos directos a la A-2, M-50 y M-45, tu vida en la ciudad está perfectamente conectada.  Disfruta de tus zonas comunes como nunca antes  Al llegar a casa, decides pasar la tarde disfrutando de las zonas comunes. Los niños corren hacia la zona de juegos infantil, mientras tú te diriges al gimnasio para una sesión rápida antes de relajarte en el solarium. Más tarde, te acercas a la piscina para refrescarte, mientras te relajas bajo el sol, sabiendo que todo está a tu alcance sin salir de tu hogar. Imagina este estilo de vida, donde todo lo que necesitas está dentro de la comunidad.  Hogares eficientes, cómodos y personalizados  Cuando llegas a casa, el confort es inmediato. Gracias a su calificación energética A, tu piso se mantiene fresco en verano y cálido en invierno, sin preocuparte por las facturas de energía. Con el sistema de aerotermia y el suelo radiante, cada habitación tiene la temperatura perfecta. Pero lo mejor de todo es que puedes personalizar tu hogar a tu gusto. Imagina elegir los acabados de la cocina y el baño, seleccionando el color de las paredes y el tipo de suelo para crear el ambiente que más te guste.  Cocinas y baños que inspiran  Al entrar en la cocina, todo está pensado para facilitar tu vida. Los electrodomésticos de alta gama y los muebles modernos te permiten preparar tus recetas favoritas sin esfuerzo. Al final del día, te relajas en uno de los baños, disfrutando de un baño caliente rodeado de elegantes revestimientos de gran formato tipo KOBERT-IN, que le dan un toque sofisticado a tu hogar.  Todo al alcance de tu mano  Y si te preocupa la financiación, Kutxabank tiene especialistas listos para ofrecerte opciones adaptadas a tus necesidades. No solo comprarás un piso, sino que harás realidad el hogar que siempre has soñado. Contacta ahora con un gestor de Kutxabank especialista en esta promoción. Vivir en Torrejón de Ardoz es disfrutar de todas las comodidades que te ofrece Madrid, pero con la paz y el espacio que necesitas para tu familia. ¡No dejes pasar esta oportunidad!  Visita nuestra oficina de ventas en Av. De la Circunvalación, 59. 28850. Torrejón de Ardoz. Madrid.",False,,True,True,4504.0,True,False,False,False,[],False,False,454900.0,€,flat,"Sureste, Torrejón de Ardoz",Piso en calle de la Plata s/n,Destacado,Sureste,False,True,True,1ºJ,,,,,
108664156,https://img4.idealista.com/blur/480_360_mq/0/id.pro.es.image.master/53/68/fb/1351500652.webp,22,1,1240000.0,flat,sale,92.0,True,2,2,Barrio Goya,Madrid,Madrid,es,40.4242904,-3.670462,False,https://www.idealista.com/inmueble/108664156/,"En una de las zonas más representativas de Madrid, en el barrio de Salamanca – Goya, se encuentra esta elegante vivienda reformada con calidades de lujo en una finca clásica de 1940. Con una superficie de 92 m², esta propiedad combina el encanto de la arquitectura tradicional con un interiorismo actual, pensado para ofrecer confort, estilo y funcionalidad en cada rincón. La vivienda ha sido completamente rediseñada con un enfoque de concepto abierto que integra el salón, el comedor y la cocina en un solo espacio amplio y luminoso. Gracias a sus cuatro balcones a la calle, la luz natural es protagonista en todo el hogar. Los techos altos con molduras originales, junto con una cuidada selección de materiales y acabados, aportan carácter y sofisticación. Dispone de dos dormitorios y dos baños. El dormitorio principal cuenta con baño en suite y acceso a uno de los balcones, generando un ambiente íntimo y relajado. La cocina, equipada con electrodomésticos de alta gama y una isla central, se presenta como un espacio tanto práctico como estético, ideal para quienes disfrutan de cocinar y recibir. La distribución ha sido optimizada al máximo, logrando un equilibrio perfecto entre zonas comunes y privadas. Cada metro está aprovechado, sin pasillos innecesarios ni espacios desaprovechados, lo que refuerza la sensación de amplitud y funcionalidad. Ubicada en Goya, una de las zonas más dinámicas del distrito de Salamanca, rodeada de tiendas exclusivas, restauración de primer nivel, zonas verdes y excelente comunicación. Una ubicación privilegiada donde todo está al alcance, en un entorno residencial que combina vida urbana y tranquilidad. Una vivienda lista para entrar a vivir, que destaca por su diseño, ubicación y calidad. Una oportunidad única en una de las direcciones más buscadas de Madrid. [IW].",False,good,False,True,13478.0,True,False,False,False,[],False,False,1240000.0,€,flat,"Goya, Madrid",Piso,Destacado,Barrio de Salamanca,,,,goy569NR,Goya,,,,
107796764,https://img4.idealista.com/blur/480_360_mq/0/id.pro.es.image.master/b6/54/8d/1324028656.webp,37,,585000.0,chalet,sale,608.0,,14,5,El Molar,Madrid,El Molar,es,40.7357987,-3.5844337,False,https://www.idealista.com/inmueble/107796764/,"Magnifica Propiedad en El Molar Engel & Völkers les presenta esta magnífica casa señorial de los años 40 del siglo XX de tres plantas y con garaje para tres coches y almacén utilizable como trastero en otra edificación. Construida integramente en piedra y con un grosor de muros de un metro la hacen poseedora de un aislamiento natural excepcional. Con acceso directo desde la calle por la puerta principal, o a traves del patio por una puerta de servicio, en la planta baja tenemos un amplio salón comedor con una cocina, un baño completo y tres habitaciones de gran tamaño. Subiendo por la escalera accederemos a la siguiente planta donde nos encontramos con otras cinco habitaciones, varias de ellas con armarios empotrados y un baño completo y un aseo. Subiendo a la siguiente planta tenemos otras cuatro habitaciones y un gran despacho, asi como también otro baño completo y otro aseo. Todos los suelos son de madera excepto la escalera y los pasillos que son de mármol. Todas las habitaciones disponen de radiadores y ventanas o balcones. Muy luminosa.  En la parte exterior disponemos de un amplio patio donde podemos guardar varios vehículos y otra construccion tambien de piedra en donde podriamos ubicar un garaje de gran tamaño y un impresionante trastero. Situada en la Avda. de España, calle principal de El Molar, tenemos todos los servicios al alcance de la mano. Ayuntamiento, colegios, bancos, centro de salud, restaurantes, supermercados, farmacias, estanco, etc.. . El Molar, uno de los principales pueblos de la Sierra Pobre a tan solo 40 kms del centro de Madrid y a unos 20 minutos del Aeropuerto de Barajas. Tambien estamos en un tiempo inferior al Hospital Infanta Sofía en San Sebastian de los Reyes. Autobuses hasta plaza de Castilla cada hora.",False,renew,False,,962.0,True,False,False,False,[],False,False,585000.0,€,chalet,El Molar,Casa independiente,Destacado,,,True,True,W-02YNF5,,,,,independantHouse
108430444,https://img4.idealista.com/blur/480_360_mq/0/id.pro.es.image.master/fd/0e/24/1344644545.webp,30,3,399000.0,penthouse,sale,50.0,True,2,2,calle de las Gardenias,Madrid,Madrid,es,40.4636234,-3.7059502,False,https://www.idealista.com/inmueble/108430444/,"VIVIENDA2 VENDE EN EXCLUSIVA ESPECTACULAR ÁTICO EN CALLE GARDENIAS ¡No dejes pasar esta oportunidad única! Vivienda2 presenta en exclusiva este precioso ático en tercera planta, luminoso y con una terraza de ensueño, ubicado en la tranquila y bien comunicada calle Gardenias. Características principales: 85 m² construidos Amplio salón con cocina americana integrada, ideal para compartir momentos en familia o con amigos. 2 dormitorios muy espaciosos, perfectos para descanso, teletrabajo o como vestidor. 2 baños completos, funcionales y modernos. Impresionante terraza privada con vistas despejadas a la sierra, el lugar perfecto para disfrutar del aire libre, montar una zona chill out o un jardín urbano. La vivienda es exterior, muy luminosa y ofrece una distribución cómoda y funcional. Situada en una finca cuidada, en un entorno tranquilo, con todos los servicios cercanos y excelente conexión con transporte público. Ideal tanto como vivienda habitual como inversión. ¡Un ático así no aparece todos los días! Contáctanos para más información o para concertar una visita. Vivienda2 Inmobiliaria de confianza.",True,renew,False,False,7980.0,True,False,True,False,[],False,False,399000.0,€,flat,"Valdeacederas, Madrid",Ático en calle de las Gardenias,Destacado,Tetuán,,,,10008530,Valdeacederas,,,,penthouse
108633741,https://img4.idealista.com/blur/480_360_mq/0/id.pro.es.image.master/45/c9/4d/1356493501.webp,41,,720000.0,chalet,sale,307.0,,4,3,calle Jalón,Madrid,Torrelodones,es,40.5717532,-3.9051936,False,https://www.idealista.com/inmueble/108633741/,"CAPITAL HOME TORRELODONES VENDE EN EXCLUSIVA CHALET PAREADO DE 4 PLANTAS CON VISTAS ESPECTACULARES EN LOS PEÑASCALES, TORRELODONES. Presentamos esta vivienda ubicada en la exclusiva urbanización Los Peñascales, en Torrelodones, una zona residencial consolidada, tranquila y rodeada de naturaleza, ideal para familias que buscan calidad de vida a tan solo unos minutos de Madrid. Este chalet pareado de 4 plantas se encuentra sobre una parcela de 521 m², con un amplio jardín privado y piscina. Destaca por su excelente distribución, amplitud y luminosidad. Distribución: Planta principal: Espacioso salón reformado, con doble ambiente, chimenea, gran entrada de luz natural y salida directa al jardín. Cocina office independiente de buen tamaño, cómoda y funcional. Aseo de cortesía. Planta noble (zona de descanso): 4 habitaciones, tres de ellas dobles y una principal tipo suite con baño privado y acceso a una terraza compartida con otra habitación. Baño completo adicional que da servicio a las habitaciones secundarias. Planta bajo cubierta (buhardilla): Buhardilla diáfana con dos ventanas tipo Velux, perfecta como despacho, sala de juegos o dormitorio adicional. Planta sótano: Garaje con acceso mediante rampa desde el exterior. Estancia polivalente ideal como sala de cine, de juegos o zona de ocio. Cuarto trastero o de almacenaje. Exterior: Amplio Jardín que necesita una reforma estética o personalización, lo que ofrece la oportunidad de adaptarlo a tu gusto. Patio frontal y acceso independiente al garaje. Características adicionales: Calefacción individual por gas natural. Instalación de splits de aire acondicionado. Salón recientemente reformado con acabados actuales. Vivienda muy luminosa, con orientación ideal para aprovechar la luz solar. � Ubicación inmejorable en Los Peñascales (Torrelodones), una urbanización tranquila y bien comunicada, con servicios cercanos, colegios, zonas verdes y fácil acceso a la A-6. � Una vivienda con gran potencial, perfecta para entrar a vivir o reformar a tu gusto, con espacios amplios, cómodos y mucha luz natural. � ¡Ven a conocerla y haz realidad el hogar que estás buscando!",True,good,False,,2345.0,True,False,False,False,[],False,False,720000.0,€,chalet,"Salud y Alegría - El Lago, Torrelodones",Chalet pareado en calle Jalón,Destacado,Los Peñascales,,True,True,PEÑASCALES,Salud y Alegría - El Lago,,,,semidetachedHouse
107401244,https://img4.idealista.com/blur/480_360_mq/0/id.pro.es.image.master/b5/68/a8/1316539433.webp,25,bj,1930000.0,flat,sale,185.0,True,3,4,calle del Monte Esquinza,Madrid,Madrid,es,40.429619,-3.6927355,False,https://www.idealista.com/inmueble/107401244/,"Espectacular propiedad en finca clásica en Monte Esquinza Engel&Völkers tiene el placer de presentarles en exclusiva esta espectacular propiedad ubicada en la calle Monte Esquinza, una de las ubicaciones más demandadas de Almagro. Se trata de un fantástico piso exterior, con una reforma de calidad de hace unos 5 años pero muy bien mantenida y con orientación Oeste lo que le garantiza un precioso sol de tarde. Al acceder a la propiedad nos recibe un amplísimo salón con dos grandes huecos a la calle, llama la atención la altura de techos de 3 metros y los detalles originales mantenidos en algunas de las estancias como los suelos de baldosa hidráulica, radiadores clásicos de hierro, molduras originales y una exquisita iluminación. El dormitorio principal, también exterior, dispone de zona de vestidor y baño en suite. Continuamos con un segundo dormitorio bastante amplio y segundo baño completo. La cocina, de buen tamaño, está dotada de mucho almacenaje y los mejores electrodomésticos. En esta zona encontramos también el tercer dormitorio o dormitorio de servicio con su baño en suite. El piso dispone de un amplio trastero y la finca tiene portero. No dude en venir a conocer esta propiedad tan especial que le conquistará desde el primer momento. El barrio de Almagro es considerado uno de los más elegantes de Madrid ya que en sus arboladas calles se encuentran algunas de las viviendas más lujosas y señoriales de la ciudad. Numerosos palacetes conforman este elegante eje de la capital, como el del Marqués de Casa Riera donde nació y se crió la Reina Fabiola de Bélgica. En la actualidad pertenece al gobierno que cuenta con una sede del Ministerio de Fomento. Además, encontramos la sede de varias Embajadas, como la alemana, sueca y británica. Son numerosas las galerías de arte que apuestan por esta zona, como la prestigiosa Malborough, y los centros culturales internacionales (Instituto Goethe, Fundación Odalys...) que eligen este eje situado en la margen izquierda del Paseo de la Castellana para instalarse. Zona muy acogedora y tranquila a pesar de que se encuentran algunos de los establecimientos hosteleros más conocidos de Madrid aparte de varios hoteles boutique de gran lujo (Santo Mauro y Orfila, perteneciente a la cadena de Relaix Chateaux). La zona dispone de una gran oferta educativa, con colegios concertados y privados. Además, es una zona con mucho encanto para ir de compras ya que destacan las tiendas que ofertan productos gourmet, antiguas carbonerías convertidas en floristerías o de tiendas de ropa con gran selección de artículos.",True,good,False,True,10432.0,False,False,True,False,[],False,False,1930000.0,€,flat,"Almagro, Madrid",Piso en calle del Monte Esquinza,Destacado,Chamberí,,,,W-02WIAJ,Almagro,,,,
107165029,https://img4.idealista.com/blur/480_360_mq/0/id.pro.es.image.master/7c/be/96/1183561946.webp,20,4,330900.0,flat,sale,83.0,True,2,2,calle de la Plata s/n,Madrid,Torrejón de Ardoz,es,40.4552056,-3.4557032,True,https://www.idealista.com/obra-nueva/107165029/,"LICENCIA DEFINITIVA DE OBRAS CONCEDIDA PISOS DE 2, 3 Y 4 DORMITORIOS CON PISCINA, GIMNASIO Y PARQUE INFANTIL, CON CALIFICACIÓN ENERGÉTICA A Y PERSONALIZACIÓN DE ACABADOS.  Viviendas exclusivas de obra nueva, con amplias terrazas en*  *C/ de la Plata, esquina Calle La Zarza, Torrejón de Ardoz  Atención exclusiva con cita previa ¡Pide cita para más información!  ¡Visualiza tu hogar ideal en Torrejón de Ardoz!  Tu refugio de bienestar y tranquilidad  Imagina que después de un día ajetreado, llegas a tu nuevo hogar en C/ de la Plata y Calle La Zarza, en Torrejón de Ardoz. Abres la puerta de tu piso de 2, 3 o 4 dormitorios y, al instante, te invade una sensación de confort. La amplia terraza te invita a dar un paso hacia el exterior y respirar el aire fresco, mientras el sol se pone sobre la ciudad. Además, tu plaza de garaje y trastero están justo donde los necesitas, sin perder tiempo en búsquedas interminables de aparcamiento.  Vivir rodeado de todo lo que necesitas  Tu hogar no solo es cómodo por dentro, sino que también está ubicado en una zona perfecta, rodeada de zonas verdes y deportivas, ideales para disfrutar de una tarde con los niños o para hacer ejercicio al aire libre. Imagina una tarde de domingo, donde, después de un paseo por el parque cercano, tomas un café en tu terraza mientras los niños juegan en el parque infantil a solo unos pasos de tu puerta. Y si tienes adolescentes, los institutos Isaac Peral y Victoria Kent están a solo unos minutos, lo que facilita su día a día. Además, con varias líneas de autobuses cercanas y accesos directos a la A-2, M-50 y M-45, tu vida en la ciudad está perfectamente conectada.  Disfruta de tus zonas comunes como nunca antes  Al llegar a casa, decides pasar la tarde disfrutando de las zonas comunes. Los niños corren hacia la zona de juegos infantil, mientras tú te diriges al gimnasio para una sesión rápida antes de relajarte en el solarium. Más tarde, te acercas a la piscina para refrescarte, mientras te relajas bajo el sol, sabiendo que todo está a tu alcance sin salir de tu hogar. Imagina este estilo de vida, donde todo lo que necesitas está dentro de la comunidad.  Hogares eficientes, cómodos y personalizados  Cuando llegas a casa, el confort es inmediato. Gracias a su calificación energética A, tu piso se mantiene fresco en verano y cálido en invierno, sin preocuparte por las facturas de energía. Con el sistema de aerotermia y el suelo radiante, cada habitación tiene la temperatura perfecta. Pero lo mejor de todo es que puedes personalizar tu hogar a tu gusto. Imagina elegir los acabados de la cocina y el baño, seleccionando el color de las paredes y el tipo de suelo para crear el ambiente que más te guste.  Cocinas y baños que inspiran  Al entrar en la cocina, todo está pensado para facilitar tu vida. Los electrodomésticos de alta gama y los muebles modernos te permiten preparar tus recetas favoritas sin esfuerzo. Al final del día, te relajas en uno de los baños, disfrutando de un baño caliente rodeado de elegantes revestimientos de gran formato tipo KOBERT-IN, que le dan un toque sofisticado a tu hogar.  Todo al alcance de tu mano  Y si te preocupa la financiación, Kutxabank tiene especialistas listos para ofrecerte opciones adaptadas a tus necesidades. No solo comprarás un piso, sino que harás realidad el hogar que siempre has soñado. Contacta ahora con un gestor de Kutxabank especialista en esta promoción. Vivir en Torrejón de Ardoz es disfrutar de todas las comodidades que te ofrece Madrid, pero con la paz y el espacio que necesitas para tu familia. ¡No dejes pasar esta oportunidad!  Visita nuestra oficina de ventas en Av. De la Circunvalación, 59. 28850. Torrejón de Ardoz. Madrid.",False,,True,True,3987.0,True,False,False,False,[],False,False,330900.0,€,flat,"Sureste, Torrejón de Ardoz",Piso en calle de la Plata s/n,Destacado,Sureste,False,True,True,4ºE,,,,,
108840142,https://img4.idealista.com/blur/480_360_mq/0/id.pro.es.image.master/10/ac/67/1356648323.webp,22,,170000.0,chalet,sale,127.0,,3,1,Urbanizacion Umbria de los Gallegos,Madrid,Santa María de la Alameda,es,40.5583815,-4.2642801,False,https://www.idealista.com/inmueble/108840142/,"INMOBILIARIA HOGARES San Lorenzo de El Escorial vende, en exclusiva, este agradable chalet independiente, ubicado en la tranquila zona de La Umbría de los Gallegos, en Santa María de la Alameda, cerca del sendero de las juntas. Situado en un entorno natural y en alza. Con magnificas vistas a las Juntas, lugar donde convergen el rio Cofio Y el rio Aceña. La vivienda de 127 m2 se asienta sobre una parcela con espacio exterior y cuenta con los siguientes elementos: 3 habitaciones, 1 baño completo, salón con chimenea y estufa ademas de cocina independiente con acceso propio a amplia terraza con vistas. Trastero anexo, perfecto como zona de almacenamiento. Aljibe de gran capacidad que garantizan el suministro y almacenamiento de agua, una ventaja clave en este tipo de viviendas rurales. Fosa séptica instalada de gran capacidad, lo que asegura el sistema de saneamiento necesario para una vivienda rural autosuficiente. La fontaneria de la vivienda se cambio en el 2019 al igual que la electricidad.  Su ubicación en una zona de escaso tránsito, pero bien comunicada, ya que tiene acceso a la M-505 a escasos metros de la puerta de acceso a la vivienda. Un chalet con enorme encanto rual, rodeado de paisajes naturales, ideal para disfrutar del campo, el senderismo y la vida al aire libre. HOGARES SAN LORENZO también ofrece financiación al 100% de su préstamo hipotecario, a través de nuestro departamento de intermediación financiera ""FINANHOGAR"", para hacer su compra aún más accesible. No dude en contactar para organizar una visita.   Este anuncio no es vinculante, puede contener errores. Se muestra a título informativo y no contractual.",True,good,False,,1339.0,True,False,False,False,[],False,False,170000.0,€,chalet,Santa María de la Alameda,Casa independiente en Urbanizacion Umbria de los Gallegos,Destacado,,,,,Gallegos 2,,,,,independantHouse
108540495,https://img4.idealista.com/blur/480_360_mq/0/id.pro.es.image.master/8e/dc/9b/1347934536.webp,38,5,1249000.0,flat,sale,146.0,True,3,3,plaza de Oriente,Madrid,Madrid,es,40.418256,-3.7106093,False,https://www.idealista.com/inmueble/108540495/,"EXCLUSIVO ÁTICO DÚPLEX EN CALLE UNIÓN Vivienda2 vende en exclusiva esta extraordinaria propiedad situada en una de las zonas más emblemáticas de Madrid. Ubicada en la tranquila y codiciada Calle Unión, esta vivienda ofrece una combinación única de elegancia, confort y vistas al Palacio Real, el Teatro Real y parte de la Gran Vía. Este espectacular ático dúplex de 146 m² construidos se encuentra en perfecto estado y está listo para entrar a vivir, lo que lo convierte en una opción ideal tanto como residencia habitual como inversión de alto valor. DISTRIBUCIÓN: Planta inferior Luminoso salón-comedor con amplios ventanales y acceso a vistas despejadas, perfecto para relajarse o recibir visitas. Cocina independiente totalmente equipada, funcional y con gran capacidad de almacenaje. Dormitorio adicional con aseo, ideal como habitación de invitados, despacho o zona de servicio. Planta superior Dos dormitorios dobles, ambos con baño en suite, lo que proporciona una gran independencia y privacidad. Estancias amplias, con techos altos y detalles arquitectónicos que aportan carácter y encanto. DETALLES DESTACADOS: Vistas icónicas a algunos de los monumentos más representativos de Madrid. Vivienda muy luminosa y acogedora, con orientación ideal para aprovechar la luz natural. Acabados de calidad y una distribución funcional, pensada para el confort diario. Finca con encanto clásico madrileño y acceso cómodo. UBICACIÓN PRIVILEGIADA: Ubicado a escasos metros del Palacio Real, Plaza de Oriente, Ópera, Teatro Real y Gran Vía, vivir aquí significa estar rodeado de historia, cultura y todos los servicios: transporte público, restaurantes, comercios, museos y zonas verdes. Una vivienda especial, con alma, en uno de los enclaves más exclusivos de la ciudad. ¿Quieres más información o concertar una visita? Contáctanos. En Vivienda2 estaremos encantados de acompañarte en la compra de tu próximo hogar.",True,good,False,True,8555.0,True,False,True,False,[],False,False,1249000.0,€,flat,"Palacio, Madrid",Piso en plaza de Oriente,Destacado,Centro,,,,10008545,Palacio,,,,
108821620,https://img4.idealista.com/blur/480_360_mq/0/id.pro.es.image.master/7e/ed/43/1356126424.webp,31,,280000.0,chalet,sale,106.0,,2,3,calle del Pilar,Madrid,Valdemoro,es,40.1942788,-3.6699292,False,https://www.idealista.com/inmueble/108821620/,"¡Oportunidad única en la zona de la estación de Valdemoro! Se vende vivienda situada en una de las mejores zonas del municipio, a tan solo unos minutos de la estación de tren (Cercanías Renfe). Actualmente se encuentra en proceso de reforma integral, con finalización prevista para octubre / noviembre de este año. La vivienda cuenta con 2 amplios dormitorios, cada uno con su baño en suite, un aseo de cortesía, cocina independiente y un gran patio privado de aproximadamente 50 m². Este espacio exterior ofrece múltiples posibilidades: se puede utilizar como cochera o garaje privado, o bien destinar una parte para aparcar y otra como zona de estar o chill-out. Todo ello reformado con materiales de alta calidad y con garantías de construcción incluidas. Una oportunidad única de estrenar vivienda como si fuera de obra nueva, pero tributando por ITP en lugar de IVA, lo que supone un importante ahorro fiscal. Además, ofrecemos la posibilidad de financiación de hasta el 100%. Vive en una casa completamente renovada, con la posibilidad de personalizar acabados a tu gusto, en una ubicación céntrica, tranquila y con todos los servicios a mano: transporte, colegios, comercios, zonas verdes y mucho más. Este anuncio no es vinculante, puede contener errores y se muestra a título informativo y no contractual. *.",True,good,False,,2642.0,True,True,False,False,[],False,False,280000.0,€,chalet,"Zona Estación, Valdemoro",Casa independiente en calle del Pilar,Destacado,Zona Estación,,True,True,PL,,,,,independantHouse
107410418,https://img4.idealista.com/blur/480_360_mq/0/id.pro.es.image.master/54/6d/57/1316356468.webp,101,,398000.0,countryHouse,sale,965.0,,9,3,"travesía del Boleo, 1",Madrid,Fuentidueña de Tajo,es,40.1180687,-3.1604948,True,https://www.idealista.com/inmueble/107410418/,"Exclusiva Casona de pueblo en Fuentidueña de Tajo (Madrid). Tiene una superficie construida de 965 m² (según catastro), en una parcela catastral de 986 m² de suelo urbano residencial.   Actualmente esta compuesta por dos viviendas (siendo una única finca registral y una única parcela catastral). Una de ellas es muy grande (con dos plantas y una peculiar y llamativa cueva-bodega) y la otra es mas pequeña (de una sola planta).  Ambas casas tienen entradas independientes desde la calle (serían el numero 1 y 3 de la calle, respectivamente) y ambas casas tienen acceso directo a un gran y soleado patio compartido. Dicho patio tiene entrada directa desde la calle y vado permanente contratado.   El interior de las casas necesita de arreglos y reformas, pero el tejado está en muy buenas condiciones porque se ha rehabilitado y hecho de nuevo.   Fuentidueña de Tajo es un municipio situado en el extremo suroriental de la Comunidad de Madrid, en la linde con las provincias de Toledo y Cuenca. El término municipal, atravesado por el río Tajo y ubicado en las comarcas de Las Vegas y la Alcarria de Chinchón, tiene una población de 2.328 habitantes (según INE 2024).  Esta situado a 65 kilómetros de Madrid por la autovía A3, que une Madrid con Valencia. Limita con las localidades madrileñas de Estremera, Valdaracete, Villarejo de Salvanés y Villamanrique de Tajo y, hacia el sur, con la población toledana de Santa Cruz de la Zarza y la conquense de Zarza de Tajo.  Fuentidueña de Tajo dispone de cinco líneas de autobús, así como varios de los servicios diarios de la línea Cuenca-Madrid - Madrid-Cuenca, operada por Avanza. Dos de las líneas comienzan o finalizan su recorrido en la céntrica Ronda de Atocha, mientras que los servicios de Avanza, tienen como cabecera o destino final la estación sur de autobuses de Madrid. Las líneas son: 350B, 350C, 352, 353, 355.  Fuentidueña de Tajo cuenta con un relevante patrimonio histórico-artístico. Asimismo, alberga algunos espacios naturales de interés, principalmente en las riberas del río Tajo.",False,renew,False,,412.0,False,False,False,False,[],False,False,398000.0,€,countryHouse,Fuentidueña de Tajo,"Casa de pueblo en travesía del Boleo, 1",Destacado,,,True,True,3248-24516,,,,,casaDePueblo
108552765,https://img4.idealista.com/blur/480_360_mq/0/id.pro.es.image.master/3f/c9/76/1348465252.webp,60,,1250000.0,chalet,sale,220.0,,5,4,calle del Vizconde de Uzqueta,Madrid,Madrid,es,40.4519246,-3.6105335,False,https://www.idealista.com/inmueble/108552765/,"Chalet pareado en Palomas Engel & Völkers presenta este magnifico Chalet de estilo Toscano, pareada de cinco dormitorios, tres baños y aseo de cortesía, todo ello en una ubicación privilegiada en Madrid cerca del anillo verde. PLANTA PRINCIPAL: Salón-comedor con chimenea de casette, salida al jardín trasero con paisajismo también de estilo toscano con barbacoa y zona de descanso. y acceso independiente al garaje. Cocina con zona de comedor de diario y un aseo de cortesia. PLANTA PRIMERA: Dormitorio principal de quince m2 con una terraza orientada al jardín, zona vestidor y cuarto de baño doble en suite Habitación con baño en suite y terraza privada. PLANTA SEGUNDA: En esta última planta se ubican tres habitaciones de buen tamaño y un cuarto de baño completo. PLANTA SEMISÓTANO: Garaje muy amplio para 2 vehículos calefacción de gas natural   aire acondicionado por Split. Armarios empotrados Reforma actualizada. Este exclusivo chalet se sitúa en La Piovera-Palomas, zona residencial de alto nivel en Madrid, delimitada por la M-40, la Avenida de los Andes y la A-2. Su excelente localización, a escasos minutos del centro urbano por la Avenida de América y próxima a todos los servicios básicos (educativos, de salud, comerciales, deportivos y de ocio), la convierte en uno de los enclaves más deseados por quienes quieren disfrutar de un entorno urbano y a la vez muy tranquilo y muy bien comunicado. Próximos a este bonito chalet se encuentran prestigiosos centros educativos nacionales e internacionales (Lycée Français, Numont, San José del Parque–Maristas, Colegio Bristol, Santa María de la Hispanidad, etc.), escuelas de negocios (ESIC) y varias escuelas infantiles. El barrio de Palomas se sitúa muy próximo a los Parques Juan Carlos I, Juan Pablo II, Quinta de los Molinos, Marqués de Suanzes y El Capricho. La zona cuenta con varios clubs deportivos (AQA Los Prunos y Club de Golf Olivar de la Hinojosa) y Centros Comerciales (El Corte Inglés Campo de las Naciones, HiperCor, Palacio del Hielo, Plenilunio, Arturo Soria Plaza). El barrio también se encuentra próximo a numerosos parques empresariales (Campo de las Naciones, IFEMA, Alameda de Osuna, Barajas, Julián Camarillo, Las Mercedes) y sedes empresariales (Banco Santander, AENA, Vorwek). El área de Palomas ofrece proximidad a las principales vías de circunvalación de Madrid (M-40, M-30) y M-12 (acceso rápido al aeropuerto de Madrid-Barajas y todas las Radiales). Cuenta con Estación de Metro Línea 5 (Canillejas) y Metro Línea 8 (Campo de las Naciones), además de numerosas líneas de autobús (L104-112-122 153).",False,good,False,,5682.0,False,False,False,False,[],False,False,1250000.0,€,chalet,"Palomas, Madrid",Chalet pareado en calle del Vizconde de Uzqueta,Destacado,Hortaleza,,True,True,W-030FZD,Palomas,1300000.0,50000.0,4.0,semidetachedHouse
108752417,https://img4.idealista.com/blur/480_360_mq/0/id.pro.es.image.master/cd/f6/48/1354092469.webp,63,3,600000.0,flat,sale,93.0,True,2,2,CL LUIS VELEZ DE GUEVARA,Madrid,Madrid,es,40.4128409,-3.7039106,False,https://www.idealista.com/inmueble/108752417/,"Edificio histórico del siglo XIX, íntegramente rehabilitado en 2013, con fachada y escalera protegida, y un moderno ascensor. Nuestra vivienda se ubica en 3ª planta exterior con 2 balcones a la calle Luis Vélez de Guevara, orientación Este. Vivienda totalmente reformada con diseño profesional y decorada por interiorista. (Mobiliario y decoración de Home Staging no incluidos en el precio) DESCRIPCIÓN VIVIENDA: Calle Luis Vélez de Guevara 12, entre las plazas de Jacinto Benavente y Tirso de Molina. Bonito edificio antiguo con más de 100 años, pero rehabilitado por completo en 2013. Vivienda exterior con 2 grandes balcones a la calle y muchísima luz natural, orientación Este, sol de mañanas. Tan sólo 2 vecinos por planta.  Aire acondicionado en el salón. Ventanas y balcones abatibles de aluminio lacado con doble cristal aislante climalit, con las contraventanas originales de madera en los 2 balcones. Puerta de entrada blindada. Ascensor moderno con parada en las entre plantas, portal, escalera, fachada, estructura y cubierta rehabilitadas integralmente. Edificio protegido del casco histórico. Instalación eléctrica, de gas natural y red de saneamiento totalmente nuevas. Calefacción y agua caliente individual por gas natural, caldera estanca. Suelos de tarima laminada de alta resistencia. Paredes lisas. Cocina totalmente amueblada y equipada con todos los muebles y electrodomésticos en perfecto estado, en tonos cromados: frigorífico, lavadora de carga superior, lavavajillas, horno, vitrocerámica y campana extractora. 2 armarios empotrados de puertas correderas de gran tamaño. Carpintería de madera lacada en blanco.  Distribución:  -Amplísimo recibidor con espacio abierto a la cocina y zona de comedor. -Gran salón muy soleado con 2 balcones a la calle. -Cocina independiente y semiabierta al salón totalmente equipada. -Pasillo distribuidor. -2 grandes dormitorios dobles con armarios, a patio interior tranquilo y sin ruidos. -2 baños completos con plato de ducha con mampara y mueble de lavabo.  DESCRIPCIÓN ZONA: En pleno centro histórico de Madrid, en el corazón del casco antiguo, entre los castizos barrios de las Letras, Embajadores, Puerta del Sol y Plaza Mayor. A escasos 100 metros de las Plazas de Jacinto Benavente y Tirso de Molina. A un paso de los principales centros de interés turístico, cultural e histórico de la capital. Teatros Nuevo Apolo, Calderón, Español, Fígaro, Pavón, La Escalera de Jacob, Cines Yelmo Ideal, Museo de las Ilusiones, Tablao Flamenco de 1911 y muchos más.  COMUNICACIONES: Centro neurálgico de Madrid, con las mejores comunicaciones a pie, en coche y por supuesto, en transporte público: Metros Tirso de Molina y Antón Martín a menos de 200 mts. (línea 1), autobuses EMT líneas 6, 26, 32, 50, 65, M1, L1, N17.",True,good,False,True,6452.0,False,False,False,False,[],False,False,600000.0,€,flat,"Lavapiés-Embajadores, Madrid",Piso en Cl Luis Velez De Guevara,Destacado,Centro,,,,3248-24926,Lavapiés-Embajadores,,,,
108885129,https://img4.idealista.com/blur/480_360_mq/0/id.pro.es.image.master/98/2c/ff/1357917674.webp,46,,449900.0,chalet,sale,200.0,,4,2,travesía de la Laguna,Madrid,Manzanares el Real,es,40.7180468,-3.9389759,False,https://www.idealista.com/inmueble/108885129/,"¡HOGARES MANZANARES VENDE EN EXCLUSIVA ESPECTACULAR CHALET! Descubre este espectacular chalet independiente en la exclusiva zona de La Ponderosa, Manzanares el Real. Con una superficie construida de 170 m², esta propiedad se distribuye en dos plantas completamente independientes, ideales para disfrutar de la privacidad y el confort.  Características principales: 4 dormitorios amplios 2 baños completos con acabados de alta calidad 2 cocinas totalmente equipadas, una en cada planta Garaje privado y trastero Amplio jardín privado, perfecto para reuniones familiares o disfrutar del aire libre Calefacción por gasoil Excelente orientación y luminosidad natural. Con buena orientación y un diseño que maximiza la luminosidad, este chalet ofrece un ambiente acogedor. La calefacción de gasoil garantiza un confort óptimo durante los meses más fríos. Ubicado en un entorno tranquilo, pero a la vez cercano a servicios y comodidades, esta es una oportunidad única para vivir en un lugar exclusivo y rodeado de naturaleza. ¡No dejes pasar la oportunidad de hacer de este chalet tu nuevo hogar! ¡CONSEGUIMOS FINANCIACIÓN DE HASTA EL 100%, NO DUDES EN CONSULTAR CONDICIONES!",False,good,False,,2250.0,True,True,False,False,[],False,False,449900.0,€,chalet,Manzanares el Real,Casa independiente en travesía de la Laguna,Destacado,,,True,True,,,,,,independantHouse
108642260,https://img4.idealista.com/blur/480_360_mq/0/id.pro.es.image.master/6c/12/4f/1350805206.webp,30,,434900.0,chalet,sale,276.0,,5,3,CL HOLANDA,Madrid,Valdemoro,es,40.1827018,-3.6761401,False,https://www.idealista.com/inmueble/108642260/,"Se vende magnífica vivienda ubicada en una de las zonas más tranquilas y demandadas de Valdemoro, El Caracol. Situada en una urbanización privada con piscina comunitaria y muy pocos vecinos, ofrece un entorno seguro, privado y familiar, ideal para quienes valoran la calidad de vida. La casa cuenta con 5 amplios dormitorios, pensados para adaptarse a cualquier necesidad: familias numerosas, despacho, zona de ocio o gimnasio. Incluye dos baños completos (uno en suite en el dormitorio principal) y un aseo de cortesía. El salón, amplio y luminoso, dispone de una acogedora chimenea que aporta calidez al espacio, perfecta para disfrutar en los meses de invierno. Uno de los grandes atractivos de esta vivienda es su amplio patio trasero, perfecto para disfrutar del aire libre: comidas en familia, zona de juegos para los niños o un espacio chill out para relajarse. Además, el sótano cuenta con otra chimenea, lo que lo convierte en una zona ideal para reuniones, sala de estar o zona recreativa. La vivienda incluye también una plaza de aparcamiento a nivel de calle. Con excelentes calidades, la vivienda se encuentra en perfecto estado de conservación, lista para entrar a vivir sin necesidad de reformas. Una oportunidad única en una zona residencial consolidada, con excelentes comunicaciones y todos los servicios al alcance.",True,good,False,,1576.0,True,True,False,False,[],False,False,434900.0,€,chalet,"Altos del Olivar - El Caracol, Valdemoro",Chalet adosado en Cl Holanda,Destacado,Altos del Olivar - El Caracol,,True,True,hold,,,,,terracedHouse
