propertyCode,thumbnail,externalReference,numPhotos,price,propertyType,operation,size,rooms,bathrooms,address,province,municipality,district,country,latitude,longitude,showAddress,url,description,hasVideo,status,newDevelopment,priceByArea,hasPlan,has3DTour,has360,hasStaging,notes,topNewDevelopment,topPlus,priceInfo.price.amount,priceInfo.price.currencySuffix,detailedType.typology,detailedType.subTypology,suggestedTexts.subtitle,suggestedTexts.title,floor,exterior,neighborhood,hasLift,priceInfo.price.priceDropInfo.formerPrice,priceInfo.price.priceDropInfo.priceDropValue,priceInfo.price.priceDropInfo.priceDropPercentage,parkingSpace.hasParkingSpace,parkingSpace.isParkingSpaceIncludedInPrice,newDevelopmentFinished
108764082,https://img4.idealista.com/blur/480_360_mq/0/id.pro.es.image.master/1f/c7/9f/1355349547.webp,d1c4c72a-62cf-400e-9259-5a5042851e68,52,479000.0,chalet,sale,96.0,3,2,carretera de Galapagar a Navata,Madrid,Galapagar,La Navata,es,40.6038189,-3.9837655,False,https://www.idealista.com/inmueble/108764082/,"Precioso chalet de piedra clásico e independiente con parcela de 1.100 m2 en Carretera de Galapagar a La Navata. Distribuida en una única planta, con posibilidad de subir una segunda planta y otra más bajo cubierta.  Como otra opción, dispone de un anteproyecto para construir 4 chalets con acceso individual.  El chalet cuenta con tres orientaciones, dispone de un gran porche y terraza, gran salón, cocina, 3 habitaciones y 2 baños. Cuenta con calefacción central por gasoil y a/c. Tiene trastero muy amplio y aparcamiento cubierto con espacio para 4 coches.  La parcela ajardinada tiene piscina, un pozo de agua natural y zona de columpios infantil.  Muy bien comunicada, con la parada de autobús en la puerta y parada a 300 m del tren de cercanías que conecta directamente con el centro de Madrid. Acceso por carretera a 900 metros con salida a la A6. Además existe un Plan del ayuntamiento para construir una amplia zona deportiva y ajardinada en los márgenes del rio Guadarrama.",True,good,False,4990.0,True,True,False,False,[],False,False,479000.0,€,chalet,independantHouse,"La Navata, Galapagar",Casa independiente en carretera de Galapagar a Navata,,,,,,,,,,
108013945,https://img4.idealista.com/blur/480_360_mq/0/id.pro.es.image.master/ce/90/04/1331218171.webp,W-02Y2QR,44,690000.0,flat,sale,130.0,2,2,avenida de los Prunos,Madrid,Madrid,Hortaleza,es,40.4534247,-3.6178794,False,https://www.idealista.com/inmueble/108013945/,"Exclusivo Piso Reformado en Piovera. Bienvenidos a este exclusivo apartamento en el corazón de Piovera. Con una superficie útil de 78 metros cuadrados, esta joya urbana ofrece dos dormitorios y dos baños, además de un garaje subterráneo.  Nada más entrar, descubrimos un ambiente relajado y moderno, donde el parquet impecable se extiende por todo el espacio, aportando calidez y elegancia. Desde el hall de entrada, accedemos al salón, donde se ha aprovechado cada espacio con muebles diseñados a medida. La cocina, totalmente equipada, se ha abierto parcialmente al salón para dar mayor sensación de amplitud y luminosidad.  Separada de la zona social, se encuentra la zona de descanso con dos dormitorios, el principal con baño en suite. De nuevo, los muebles diseñados estratégicamente a medida, sacan provecho de todo el espacio posible de almacenamiento, junto con los armarios empotrados. Todo el piso está reformado y decorado con un gusto exquisito. Cuenta con arie acondicionado con bomba de frío/calor de la marca Fujitsu de última generación, recientemente cambiado, así como los toldos y la caldera. La calefacción de gas descentralizada asegura un ambiente acogedor durante todo el año. El edificio, equipado con ascensor, portales y porteros automáticos con domótica recién renovados, ofrece seguridad con portero físico las 24 horas, proporcionando tranquilidad y bienestar a sus residentes.    Entre las características destacadas de este apartamento se encuentra una piscina exclusiva, pista de pádel, zona infantil y zonas verdes creando un refugio perfecto en medio del bullicio urbano. Ubicada en la prestigiosa Avenida de los Prunos, en el distinguido barrio de Hortaleza, Madrid, esta propiedad redefine el concepto de lujo y exclusividad. Hortaleza es un enclave de tranquilidad y sofisticación, caracterizado por su ambiente residencial y sus espacios verdes, que ofrecen un respiro del ajetreo urbano. Este barrio es un imán para compradores de alto nivel, gracias a su combinación de serenidad y accesibilidad. La infraestructura de la zona es insuperable, con excelentes conexiones de transporte que incluyen la estación de metro Canillejas y la de Campo de las Naciones a solo 10 minutos a pie, facilitando el acceso al corazón de Madrid en menos de 20 minutos. El Aeropuerto Adolfo Suárez Madrid-Barajas se encuentra a tan solo 10 minutos en coche, ideal para viajeros frecuentes. Además, la proximidad a la autopista M-40 permite un fácil acceso a todas las direcciones. Para el ocio, la cultura y el deporte destacan, el Corte Inglés de Campo de las Naciones, a solo 5 minutos andando, una amplia gama de restaurantes gourmet y opciones de entretenimiento en las calles aledañas y el polideportivo Acqua Prunos con piscina térmica y spa. Los amantes de la naturaleza disfrutarán del cercano Parque Juan Carlos I, un oasis de 160 hectáreas ideal para actividades al aire libre y eventos culturales. Un rasgo distintivo de la zona es su cercanía a IFEMA, el recinto ferial más importante de España, que acoge eventos de renombre internacional. Esta proximidad no solo aumenta el prestigio de la ubicación, sino que también proporciona oportunidades inigualables para el networking y el entretenimiento de alto nivel. En resumen, esta propiedad no solo ofrece una ubicación privilegiada en uno de los barrios más codiciados de Madrid, sino que también garantiza un estilo de vida de lujo y comodidad, donde cada detalle ha sido cuidadosamente considerado para satisfacer las expectativas más exigentes.",False,good,False,5308.0,True,False,True,False,[],False,False,690000.0,€,flat,,"Palomas, Madrid",Piso en avenida de los Prunos,1,True,Palomas,True,699000.0,9000.0,1.0,True,True,
107491753,https://img4.idealista.com/blur/480_360_mq/0/id.pro.es.image.master/81/26/a0/1314231899.webp,ONM2411005,23,1350000.0,flat,sale,138.0,2,2,Barrio Fuente del Berro,Madrid,Madrid,Barrio de Salamanca,es,40.4239652,-3.6643265,False,https://www.idealista.com/obra-nueva/107491753/,"El exclusivo bloque de 10 viviendas de lujo en Jorge Juan 171, en pleno centro de Madrid. Este proyecto ofrece 2 áticos con impresionantes vistas y amplias terrazas, 2 bajos con jardín privado y 6 elegantes apartamentos con balcones. - Viviendas con Calefaccion y refrigeracion por Geotermia - Cocinas completamente equipadas con electrodomésticos y muebles de alta gama. - Planta superior con piscina y solárium como parte de sus zonas comunes. - Cada vivienda tiene incluido en el precio 2 plazas de Garaje y un Trastero. Vive la excelencia en un entorno privilegiado, rodeado de todas las comodidades y con acabados de vivienda de primera calidad. ¿Te imaginas vivir aquí? Fuente del Berro es muy similar a la Urbanización “La Finca”, aunque con una ubicación más céntrica en pleno corazón de Madrid. Su ubicación no puede ser más perfecta, se encuentra en plena Barrio de Salamanca, entre la Calle Goya y la Calle de Doctor Esquerdo y es la zona elegida como residencia de muchos políticos y artistas. Es un barrio residencial, tranquilo y seguro, con zonas ajardinadas ideales para familias con niños.",False,newdevelopment,True,9783.0,True,False,False,False,[],False,False,1350000.0,€,flat,,"Fuente del Berro, Madrid",Piso,1,True,Fuente del Berro,True,,,,True,True,False
107491702,https://img4.idealista.com/blur/480_360_mq/0/id.pro.es.image.master/36/94/39/1314231852.webp,ONM2411005,23,1350000.0,flat,sale,129.0,2,2,Barrio Fuente del Berro,Madrid,Madrid,Barrio de Salamanca,es,40.4239652,-3.6643265,False,https://www.idealista.com/obra-nueva/107491702/,"El exclusivo bloque de 10 viviendas de lujo en Jorge Juan 171, en pleno centro de Madrid. Este proyecto ofrece 2 áticos con impresionantes vistas y amplias terrazas, 2 bajos con jardín privado y 6 elegantes apartamentos con balcones. - Viviendas con Calefaccion y refrigeracion por Geotermia - Cocinas completamente equipadas con electrodomésticos y muebles de alta gama. - Planta superior con piscina y solárium como parte de sus zonas comunes. - Cada vivienda tiene incluido en el precio 2 plazas de Garaje y un Trastero. Vive la excelencia en un entorno privilegiado, rodeado de todas las comodidades y con acabados de vivienda de primera calidad. ¿Te imaginas vivir aquí? Fuente del Berro es muy similar a la Urbanización “La Finca”, aunque con una ubicación más céntrica en pleno corazón de Madrid. Su ubicación no puede ser más perfecta, se encuentra en plena Barrio de Salamanca, entre la Calle Goya y la Calle de Doctor Esquerdo y es la zona elegida como residencia de muchos políticos y artistas. Es un barrio residencial, tranquilo y seguro, con zonas ajardinadas ideales para familias con niños.",False,newdevelopment,True,10465.0,True,False,False,False,[],False,False,1350000.0,€,flat,,"Fuente del Berro, Madrid",Piso,2,True,Fuente del Berro,True,,,,True,True,False
104857677,https://img4.idealista.com/blur/480_360_mq/0/id.pro.es.image.master/ff/14/75/1234852646.webp,SG197530,44,950000.0,flat,sale,129.0,3,3,paseo de la Castellana,Madrid,Madrid,Tetuán,es,40.4563068,-3.6900205,False,https://www.idealista.com/inmueble/104857677/,"En el exclusivo barrio de Castellana-Orense, en el distrito de Tetuán, se encuentra esta impresionante vivienda en altura. Con un estilo lujoso y elegante, este piso de diseño ofrece todas las comodidades y calidades que se esperan de una propiedad de lujo. Construido en el año 1959, este apartamento de 129 metros cuadrados ha sido cuidadosamente renovado y actualizado para ofrecer un espacio moderno y sofisticado. El diseño interior es impecable, con suelos de tarima y una luminosidad excepcional que inunda todas las estancias. La vivienda cuenta con tres amplios dormitorios, todos ellos con armarios empotrados y baños en suite. Los baños, al igual que el resto de la propiedad, están equipados con los mejores materiales y acabados de alta gama. Además, el apartamento cuenta con aire acondicionado y calefacción central, garantizando el máximo confort en cualquier época del año. La ubicación privilegiada de este inmueble ofrece una amplia variedad de servicios y comodidades. A menos de 10 kilómetros, se encuentra el prestigioso colegio Los Agustinos, reconocido por su excelencia académica y su enfoque en la educación integral de los estudiantes. Asimismo, el centro comercial ABC está a pocos minutos de distancia, ofreciendo una amplia gama de tiendas, restaurantes y opciones de entretenimiento. En cuanto a las conexiones de transporte, las líneas de metro más cercanas son la línea 1 y la línea 10, que ofrecen acceso rápido y conveniente a todas las zonas de Madrid. Además, las líneas de cercanías C1 y C2 están a poca distancia, proporcionando conexiones rápidas con los municipios cercanos. Para aquellos que prefieren el transporte público, hay varias líneas de autobús que pasan cerca de la ubicación del inmueble. El barrio de Castellana-Orense es conocido por su ambiente exclusivo y su proximidad a importantes empresas y centros financieros. Además, cuenta con una amplia oferta de restaurantes de alta cocina, boutiques de lujo y espacios verdes donde disfrutar de momentos de tranquilidad. En resumen, este piso de diseño en Castellana-Orense es una verdadera joya inmobiliaria. Su ubicación privilegiada, sus calidades de lujo y su diseño elegante hacen de esta propiedad una oportunidad única para aquellos que buscan vivir en una de las zonas más exclusivas de Madrid. GILMAR es una reconocida compañía inmobiliaria que lleva desde 1983 ayudando a sus clientes a encontrar la casa de sus sueños. Con un equipo de profesionales altamente capacitados y una amplia cartera de propiedades de lujo, GILMAR se ha convertido en sinónimo de excelencia y satisfacción del cliente. Si desea obtener más información sobre esta impresionante vivienda, no dude en ponerse en contacto con nuestro equipo en la oficina de Castellana-Orense, ubicada en C/ Orense, 28, esq. General Perón. Puede llamarnos al o enviarnos un correo electrónico a. Recuerde proporcionarnos la referencia de la propiedad (197530) para que podamos brindarle la información que necesita. Estamos encantados de ayudarle a encontrar la casa de sus sueños.",False,good,False,7364.0,True,False,False,False,[],False,False,950000.0,€,flat,,"Cuzco-Castillejos, Madrid",Piso en paseo de la Castellana,1,True,Cuzco-Castillejos,True,,,,,,
108916198,https://img4.idealista.com/blur/480_360_mq/0/id.pro.es.image.master/0d/9a/20/1358842609.webp,0096-01144,45,600000.0,flat,sale,51.0,1,1,"calle de Francisco Navacerrada, 34",Madrid,Madrid,Barrio de Salamanca,es,40.4310622,-3.6679505,True,https://www.idealista.com/inmueble/108916198/,"Cod de llamada 114 Descubre este espectacular ático de 51m² en la Comunidad de Madrid, completamente renovado y listo para entrar a vivir. Con un precio de 600,000€, este hogar ofrece una combinación perfecta de luz natural y tranquilidad, ideal para disfrutar de la vida urbana sin renunciar a la paz. El ático cuenta con un diseño funcional que incluye un acogedor salón, un dormitorio con cama doble, un baño privado y una cocina equipada con electrodomésticos modernos. Además, disfrutarás de una terraza cubierta, perfecta para relajarte y disfrutar de las vistas a la ciudad. La propiedad también ofrece comodidades como aire acondicionado, acceso para discapacitados y un ascensor. Ubicado en una zona privilegiada, estarás cerca de bancos, mercados, farmacias y restaurantes, así como de espacios verdes y transporte público, incluyendo metro y autobuses. No pierdas la oportunidad de vivir en este encantador ático; ¡contáctanos hoy para más información y concertar una visita!",True,good,False,11765.0,False,False,False,False,[],False,False,600000.0,€,flat,,"Guindalera, Madrid","Piso en calle de Francisco Navacerrada, 34",4,True,Guindalera,True,,,,,,
108923877,https://img4.idealista.com/blur/480_360_mq/0/id.pro.es.image.master/8f/60/01/1359078252.webp,,15,185000.0,flat,sale,56.0,2,1,calle Comandante Fontanes,Madrid,Madrid,Carabanchel,es,40.3958249,-3.7246823,False,https://www.idealista.com/inmueble/108923877/,"Moradia Servicios Inmobiliarios ofrece en venta vivienda actualmente alquilada  Acogedor piso de 56 m² construidos según catastro, situado en una primera planta sin ascensor. Actualmente alquilado por 800€/mes (gastos de agua incluido), ofreciendo una buena rentabilidad. El contrato se finaliza el día 07/08/2026. El piso originalmente contaba con 3 habitaciones, pero ha sido redistribuido y actualmente cuenta con 2.  Distribución: - 2 dormitorios luminosos - 1 baño completo con ventana  - Cocina abierta integrada al salón - Salón comedor con buena entrada de luz natural - Pasillo de entrada funcional y con almacenamiento El piso cuenta con suelos cerámicos, ventanas de aluminio, armarios empotrados y calefacción individual por radiadores. Vivienda bien conservada y una distribución que aprovecha al máximo los metros. Gastos Comunidad: 55€  IBI: 159,95€  ITE FAVORABLE - Próxima inspección: 2029  Ubicado en una zona bien comunicada, a 3 minutos de la Calle General Ricardos con todos los servicios cerca: supermercados, comercios, colegios, transporte público y zonas verdes.  Metro más cercano: Urgel - Línea 5.  Paradas de autobús a pocos minutos, líneas 35, 34, 118, 119.. . ¿NECESITA HIPOTECA? No dude en contactar con nosotros El precio de venta del inmueble aquí expuesto no incluye ni impuestos ni gastos que grava la compraventa (ITP o IVA, gastos notariales o registrales) tampoco honorarios de agencia por intermediación inmobiliaria.",True,good,False,3304.0,False,False,False,False,[],False,False,185000.0,€,flat,,"San Isidro, Madrid",Piso en calle Comandante Fontanes,1,True,San Isidro,False,,,,,,
108718625,https://img4.idealista.com/blur/480_360_mq/0/id.pro.es.image.master/6e/9e/24/1355529916.webp,e3bf45d2-9da2-41a8-a01e-54096b2cf7df,66,1200000.0,flat,sale,198.0,3,4,paseo del Marqués de Monistrol,Madrid,Madrid,Latina,es,40.4144601,-3.7248429,False,https://www.idealista.com/inmueble/108718625/,"Vivienda exclusiva de 198m2 con terraza y vistas únicas al Palacio Real y la Catedral de la Almudena. Ubicada en una zona privilegiada, esta fabulosa vivienda combina diseño moderno, confort y una conexión directa con la naturaleza, a escasos minutos del centro histórico de Madrid. Características principales: Amplio salón muy luminoso, ideal para disfrutar de momentos de relax o reuniones sociales. Cocina de diseño totalmente equipada: horno, placa, microondas, cafetera empotrada, frigorífico con congelador y cava de vinos. Con mucho almacenamiento. Incluye logia con lavadora y secadora. Tres dormitorios con armarios empotrados, incluyendo una suite principal con baño privado. Dos baños completos (uno con ducha y otro con bañera) y un aseo de cortesía. Extras que marcan la diferencia: Aire acondicionado Suelo radiante de madera Domotización Ventanas triple cristal con certificación PassivHaus Plaza de garaje subterránea y opción de aparcamiento para moto o bicicleta Trastero amplio Portero físico, ascensor y acceso adaptado para personas con movilidad reducida Entorno y comunicaciones: Rodeado de zonas verdes (Madrid Rio, Casa de Campo) y con vistas despejadas Excelente conexión con transporte público: estaciones de metro Puerta del Ángel y Príncipe Pío Acceso rápido a la M-30.",True,good,False,6061.0,True,True,False,False,[],False,False,1200000.0,€,flat,,"Puerta del Ángel, Madrid",Piso en paseo del Marqués de Monistrol,9,True,Puerta del Ángel,True,,,,True,True,
108227939,https://img4.idealista.com/blur/480_360_mq/0/id.pro.es.image.master/81/b6/28/1249914610.webp,P2 7A ,17,682900.0,flat,sale,183.0,4,2,vereda de la Cebolla s/n,Madrid,Madrid,Vicálvaro,es,40.3997161,-3.5467341,True,https://www.idealista.com/obra-nueva/108227939/,"¡85% DE LA PROMOCIÓN VENDIDA! OBRAS INICIADAS  LICENCIA DEFINITIVA DE OBRAS CONCEDIDA. No dejes pasar la oportunidad de tener tu nuevo hogar en El Cañaveral. Pisos de obra nueva en la Calle Vereda de la Cebolla con Calle Ferenc Puskas, ¡a un paso del futuro Parque Central del Cañaveral! Con 97 viviendas, Residencial Toscana presenta una variedad de opciones. Desde pisos de 2 dormitorios, 3 dormitorios, hasta amplias viviendas de 4 dormitorios, llenas de luz natural. La promoción cuenta con calificación energética A en emisiones, aerotermia y paneles fotovoltaicos instalados en la cubierta, para favorecer la máxima eficiencia energética y reducción de consumo en el edificio. El suelo radiante-refrescante hará que disfrutes de tu hogar al máximo, tanto en verano como en invierno. También con nuestro Programa de libre elección de calidades, podrás personalizar acabados y materiales según tus gustos y preferencias. Residencial Toscana integra tecnologías para ofrecerte un hogar inteligente. Las instalaciones comunes ofrecen una piscina con sistema de depuración salina e iluminación nocturna, zonas verdes y una zona de juegos infantiles, brindando un entorno ideal para toda la familia. Y si buscas un espacio para tus actividades, Residencial Toscana también cuenta con una sala polivalente para diferentes usos, al igual que un gimnasio equipado y la instalación de taquillas electrónicas. La promoción incluye la preinstalación de recarga de coches eléctricos y parking de bicicletas. Solicita más información y conoce todos los detalles de Residencial Toscana en el Cañaveral. *Las imágenes publicadas y la distribución del mobiliario son orientativas y no tienen carácter contractual.  *La jardinería, el mobiliario urbano y el amueblamiento son ficticios y solo es válido a efectos decorativos.  *Las superficies, los materiales y detalles arquitectónicos son aproximadas y pueden sufrir variaciones por necesidades técnicas.",True,newdevelopment,True,3732.0,True,False,False,False,[],False,False,682900.0,€,flat,,"El Cañaveral, Madrid",Piso en vereda de la Cebolla s/n,7,True,El Cañaveral,True,,,,True,True,False
107491747,https://img4.idealista.com/blur/480_360_mq/0/id.pro.es.image.master/8d/02/f9/1314231968.webp,ONM2411005,23,995000.0,flat,sale,136.0,2,2,Barrio Fuente del Berro,Madrid,Madrid,Barrio de Salamanca,es,40.4239652,-3.6643265,False,https://www.idealista.com/obra-nueva/107491747/,"El exclusivo bloque de 10 viviendas de lujo en Jorge Juan 171, en pleno centro de Madrid. Este proyecto ofrece 2 áticos con impresionantes vistas y amplias terrazas, 2 bajos con jardín privado y 6 elegantes apartamentos con balcones. - Viviendas con Calefaccion y refrigeracion por Geotermia - Cocinas completamente equipadas con electrodomésticos y muebles de alta gama. - Planta superior con piscina y solárium como parte de sus zonas comunes. - Cada vivienda tiene incluido en el precio 2 plazas de Garaje y un Trastero. Vive la excelencia en un entorno privilegiado, rodeado de todas las comodidades y con acabados de vivienda de primera calidad. ¿Te imaginas vivir aquí? Fuente del Berro es muy similar a la Urbanización “La Finca”, aunque con una ubicación más céntrica en pleno corazón de Madrid. Su ubicación no puede ser más perfecta, se encuentra en plena Barrio de Salamanca, entre la Calle Goya y la Calle de Doctor Esquerdo y es la zona elegida como residencia de muchos políticos y artistas. Es un barrio residencial, tranquilo y seguro, con zonas ajardinadas ideales para familias con niños.",False,newdevelopment,True,7316.0,True,False,False,False,[],False,False,995000.0,€,flat,,"Fuente del Berro, Madrid",Piso,bj,True,Fuente del Berro,True,,,,True,True,False
107682873,https://img4.idealista.com/blur/480_360_mq/0/id.pro.es.image.master/b7/c9/79/1319674478.webp,CHRIOG,42,998000.0,chalet,sale,320.0,3,2,calle Río Guadiana,Madrid,Boadilla del Monte,Parque Boadilla,es,40.4354289,-3.9174565,False,https://www.idealista.com/inmueble/107682873/,"Hogares Boadilla del Monte pone a su disposición este MAGNÍFICO CHALET INDEPENDIENTE en la exclusiva urbanización PARQUE BOADILLA. La vivienda se encuentra en una prestigiosa zona residencial que destaca por su entorno tranquilo y rodeado de amplias zonas verdes. Se asienta sobre una parcela de 2.780 m² y cuenta con 320 m² construidos, ofreciendo un espacio amplio y confortable para toda la familia. Esta encantadora vivienda destaca por su amplitud, funcionalidad y unas impresionantes vistas a la sierra. En la planta principal, nos recibe un amplio y luminoso salón al que se accede a una terraza cerrada y a un amplio porche con magníficas vista a la sierra. Junto a él, se encuentra el comedor y una amplia cocina. Además, en esta planta encontramos dos cómodas habitaciones, un baño completo y un aseo, que aportan comodidad y funcionalidad al hogar.  En la planta superior se encuentra una espaciosa buhardilla diáfana de origen, de 75 m², un espacio con múltiples posibilidades, perfecto para crear una zona de ocio, despacho o dormitorio adicional. Por último, la planta baja alberga una amplia habitación, un baño completo, varios espacios de almacenaje, una práctica despensa, un cuarto de lavadora y un gran garaje con capacidad para tres coches y zona de almacenamiento adicional. La parcela, de generosas dimensiones, cuenta con amplias zonas ajardinadas, árboles frutales y una piscina, creando un entorno ideal para disfrutar del aire libre en cualquier época del año. La vivienda está equipada con placas solares, aire acondicionado por split y calefacción por gas natural, lo que garantiza un alto nivel de confort y eficiencia energética. Esta vivienda es el equilibrio perfecto entre confort, amplitud y unas vistas privilegiadas, ideal para quienes buscan disfrutar del hogar en un entorno tranquilo y natural. Parque Boadilla es conocida por su seguridad privada las 24 horas y su Club Social, que dispone de piscina, pistas de tenis y pádel, amplias zonas ajardinadas, parque infantil y un restaurante, proporcionando así un entorno ideal para el ocio y el bienestar. Además, esta ubicación privilegiada ofrece acceso directo al Parque Regional del Guadarrama, permitiendo disfrutar de la naturaleza sin renunciar a la comodidad de estar cerca de comercios, transporte público y las principales vías de comunicación con Madrid. Es el lugar perfecto para quienes buscan calidad de vida en un entorno exclusivo y bien conectado. La vivienda está ubicada próxima a la zona comercial y servicios de transporte público con fácil acceso a salida M50, M40, A5, A6 y M-501, además de colegios como el Mirabal International School y St. Michaels School, EuroCasvi, Virgen de Europa, Endaze School entre otros. ¡No dudes en visitar tu nuevo hogar!",True,good,False,3119.0,True,True,False,False,[],False,False,998000.0,€,chalet,independantHouse,"Parque Boadilla, Boadilla del Monte",Casa independiente en calle Río Guadiana,,,,,,,,True,True,
103341523,https://img4.idealista.com/blur/480_360_mq/0/id.pro.es.image.master/4b/67/66/1228908759.webp,,32,595000.0,chalet,sale,350.0,8,8,Cercedilla,Madrid,Cercedilla,,es,40.7378465,-4.0502183,False,https://www.idealista.com/inmueble/103341523/,"Excelente Inversión, Chalet Independiente en plena Sierra de Madrid dividido en 7 Apartamentos. Todos los apartamentos están alquilados con una rentabilidad bruta entorno al 7 %. Enclavado en una parcela de 776 m2 con excepcionales vistas de la Sierra de Madrid, en una Colonia de Chalets muy tranquila. Chalet Independiente de 350 m2 construidos, en 3 plantas, dividido en 7 Apartamentos de aproximadamente de unos 45 m2 cada uno con entrada, cocina y baño independientes. Armarios empotrados. Calefacción individual con radiadores eléctricos y estufa de  pellets.  - Centro Urbano de Cercedilla a 10 minutos caminando. - Autobús A 7 minutos de la parada de bus más cercana  - Supermercados Día a 8 minutos caminando - Tiendas y Restaurantes a 10 minutos caminando. - Centro de Salud a 6 minutos caminando.",False,good,False,1700.0,True,False,True,False,[],False,False,595000.0,€,chalet,independantHouse,Cercedilla,Casa independiente,,,,,,,,True,True,
107491783,https://img4.idealista.com/blur/480_360_mq/0/id.pro.es.image.master/b7/5f/94/1314231971.webp,ONM2411005,23,1850000.0,flat,sale,210.0,4,4,Barrio Fuente del Berro,Madrid,Madrid,Barrio de Salamanca,es,40.4239652,-3.6643265,False,https://www.idealista.com/obra-nueva/107491783/,"El exclusivo bloque de 10 viviendas de lujo en Jorge Juan 171, en pleno centro de Madrid. Este proyecto ofrece 2 áticos con impresionantes vistas y amplias terrazas, 2 bajos con jardín privado y 6 elegantes apartamentos con balcones. - Viviendas con Calefaccion y refrigeracion por Geotermia - Cocinas completamente equipadas con electrodomésticos y muebles de alta gama. - Planta superior con piscina y solárium como parte de sus zonas comunes. - Cada vivienda tiene incluido en el precio 2 plazas de Garaje y un Trastero. Vive la excelencia en un entorno privilegiado, rodeado de todas las comodidades y con acabados de vivienda de primera calidad. ¿Te imaginas vivir aquí? Fuente del Berro es muy similar a la Urbanización “La Finca”, aunque con una ubicación más céntrica en pleno corazón de Madrid. Su ubicación no puede ser más perfecta, se encuentra en plena Barrio de Salamanca, entre la Calle Goya y la Calle de Doctor Esquerdo y es la zona elegida como residencia de muchos políticos y artistas. Es un barrio residencial, tranquilo y seguro, con zonas ajardinadas ideales para familias con niños.",False,newdevelopment,True,8810.0,True,False,False,False,[],False,False,1850000.0,€,flat,,"Fuente del Berro, Madrid",Piso,1,True,Fuente del Berro,True,,,,True,True,False
108915871,https://img4.idealista.com/blur/480_360_mq/0/id.pro.es.image.master/94/3d/be/1358832351.webp,1680577000365346019,37,870000.0,flat,sale,103.0,2,2,calle de Bravo Murillo,Madrid,Madrid,Chamberí,es,40.4360596,-3.7030218,False,https://www.idealista.com/inmueble/108915871/,"Este espectacular piso de 103 m² construidos ha sido recientemente reformado con calidades modernas y un diseño funcional y acogedor. Se encuentra en una tercera planta exterior de un edificio clásico, justo a la altura de la Glorieta de Quevedo, una de las zonas más cotizadas y vibrantes de Chamberí. Características principales: Superficie construida: 103 m² Distribución: 2 habitaciones: La principal, amplia y luminosa, con armarios empotrados y baño en suite. La segunda habitación, versátil, ideal tanto como dormitorio de invitados como home office. 2 baños completos, totalmente reformados con materiales de primera calidad y diseño contemporáneo. Salón-comedor amplio y exterior, con salida directa a dos balcones que dan a la calle Bravo Murillo, lo que garantiza una excelente luminosidad y vistas despejadas. Cocina independiente totalmente equipada con electrodomésticos integrados. Trastero privado de 10 m² incluido, ideal para almacenaje adicional. Otros detalles: Exterior con 2 balcones a calle Bravo Murillo Reformado con materiales de alta gama Techos altos, suelos de tarima natural y carpintería lacada en blanco Calefacción individual y aire acondicionado por split. El inmueble se sitúa en una de las arterias más dinámicas de Madrid, justo en el límite entre los barrios de Chamberí y Trafalgar, a escasos metros de la Glorieta de Quevedo y muy cerca de la calle Fuencarral y la zona de Alonso Martínez. Conectividad excelente: acceso inmediato a varias líneas de metro (Quevedo, Iglesia, San Bernardo) y numerosas líneas de autobuses. Rodeado de tiendas, supermercados, librerías, farmacias y todos los servicios necesarios para la vida cotidiana. Amplísima oferta de cafeterías, bares, terrazas y restaurantes de todos los estilos. Muy cerca del Mercado de Chamberí y zonas gourmet.",True,good,False,8447.0,True,False,False,False,[],False,False,870000.0,€,flat,,"Arapiles, Madrid",Piso en calle de Bravo Murillo,3,True,Arapiles,True,,,,,,
108921664,https://img4.idealista.com/blur/480_360_mq/0/id.pro.es.image.master/17/cc/02/1358997416.webp,WGI00981,13,165000.0,studio,sale,38.0,0,1,calle del Corregidor Juan Francisco de Luján,Madrid,Madrid,Moratalaz,es,40.4022909,-3.6492742,False,https://www.idealista.com/inmueble/108921664/,"WGI comercializa FANTÁSTICO LOFT REFORMADO en FONTARRÓN. El inmueble, TOTALMENTE REFORMADO, está distribuido como un ESTUDIO, con salón-cocina, zona de noche y un baño COMPLETO. Se encuentra AMUEBLADO y listo para ENTRAR A VIVIR. La finca se encuentra muy bien ubicada, a pocos minutos del metro Artilleros, con buenas comunicaciones y en una zona comercial. El loft se encuentra LISTO PARA ENTRAR A VIVIR, por lo que es ideal para comprar y comenzar a rentabilizarlo, o vivir en él nada más comprarlo. Está en trámites de conseguir la licencia de USO DE VIVIENDA (pregúntame para más información al respecto). Se encuentra EQUIPADO AL 100%, la cocina con todos los electrodomésticos necesarios, y el resto del inmueble, exactamente igual, con todo lo necesario para vivir directamente al comprarlo. Tiene suelo de baldosa hidráulica, ventanas tipo climalit, termo eléctrico para el agua caliente y radiadores eléctricos. Es un bajo a pie de calle, con mucho potencial de RENTABILIDAD desde el primer momento, además de conseguir una GRAN REVALORIZACIÓN en el momento de la concesión de la licencia. La zona es ideal, ya que se encuentra en una zona muy tranquila del barrio de Moratalaz, pero a, apenas 5 minutos de la Plaza del Encuentro y del metro de Artilleros. Así que tiene comercios, transportes y todo tipo de servicios muy cerca. Si estás interesado en ver este inmueble, contacta con nosotros y pondremos a tu disposición nuestro equipo de especialistas en el sector inmobiliario, así como nuestro DEPARTAMENTO FINANCIERO para obtener la hipoteca. También te ofreceremos asesoría legal y fiscal en la operación.",False,good,False,4342.0,False,False,False,False,[],False,False,165000.0,€,flat,studio,"Fontarrón, Madrid",Estudio en calle del Corregidor Juan Francisco de Luján,bj,True,Fontarrón,False,,,,,,
108751141,https://img4.idealista.com/blur/480_360_mq/0/id.pro.es.image.master/64/cf/4e/1355964928.webp,61af3b30-8b68-496e-b040-d454c6492d15,45,900000.0,flat,sale,127.0,4,3,calle de Embajadores,Madrid,Madrid,Centro,es,40.4116957,-3.7066971,False,https://www.idealista.com/inmueble/108751141/,"Descubre esta espectacular vivienda de 127 m² ubicada en el vibrante barrio de Lavapiés, en pleno centro de Madrid. Esta propiedad, completamente reformada, destaca por su diseño moderno, amplitud y excelente distribución, ofreciendo un hogar funcional y acogedor. La vivienda cuenta con cuatro dormitorios amplios, perfectos para familias o quienes necesitan espacio adicional, y tres baños completos, lo que aporta comodidad y privacidad para todos los miembros del hogar o visitas. La cocina está completamente equipada con electrodomésticos modernos y se entrega totalmente amueblada, lista para entrar a vivir. Entre sus comodidades, destacan el aire acondicionado, la calefacción central y un calentador eléctrico, garantizando confort en cualquier época del año. El edificio ofrece un ambiente clásico con carácter, acorde al entorno histórico del barrio, y dispone de balcón privado, ideal para relajarse y disfrutar de las vistas abiertas a una de las zonas más culturales y vivas de la ciudad. Su ubicación es inmejorable: rodeado de restaurantes, mercados, espacios culturales y con excelente conexión mediante transporte público, permite vivir la auténtica experiencia madrileña en una de las zonas con mayor personalidad y demanda del centro de Madrid. Una oportunidad única tanto para residir como para invertir. Contáctanos para más información y agenda tu visita.",True,good,False,7087.0,True,True,False,False,[],False,False,900000.0,€,flat,,"Lavapiés-Embajadores, Madrid",Piso en calle de Embajadores,2,True,Lavapiés-Embajadores,False,,,,,,
107887229,https://img4.idealista.com/blur/480_360_mq/0/id.pro.es.image.master/70/3c/9e/1327323795.webp,W-02ZFXZ,29,1200000.0,flat,sale,147.0,3,3,calle de Garibay,Madrid,Madrid,Retiro,es,40.4050531,-3.6711666,False,https://www.idealista.com/inmueble/107887229/,"Exclusivo y moderno piso en Retiro con piscina y 2 plazas de Garaje. Engel & Völkers presenta en exclusiva este moderno apartamento de lujo ubicado cerca del parque del Retiro. Con una superficie total de 147 m2, diseñado por el reconocido arquitecto Rafael De La Hoz, este impresionante inmueble ofrece tres amplias habitaciones con armarios empotrados, tres baños, un salón muy amplio que es la joya de la casa, hall de entrada, cocina equipada con electrodomésticos de alta gama y un área de servicio separada. Con un trastero y dos plazas de garaje subterráneas incluidas en el precio. Construido en 2018, este apartamento de primera categoría combina modernidad y elegancia en cada rincón. Al entrar, se percibe una atmósfera de sofisticación y amplitud. Diseño interior y exterior meticulosamente cuidado. Los espacios están bañados de luz natural, gracias a sus enormes ventanales con doble acristalamiento asegurando el máximo confort térmico y acústico. La climatización es domotizada. Con vistas abiertas y verdes que rodean el edificio, creando un ambiente de serenidad en pleno centro urbano que reflejan el compromiso con el lujo y la funcionalidad, asegurando el máximo confort y privacidad para sus residentes. Entre las características más destacadas de esta propiedad se encuentran un precioso jardín y 2 piscinas, una de ellas infantil, ideales para disfrutar de momentos de relax. Tiene accesibilidad para personas con movilidad reducida, portero 24h, además, el edificio cuenta con ascensor, calefacción individual a gas, bomba de calor y frio, suelos radiantes, así como un sistema de seguridad de última generación con vigilancia 24 horas, alarmas y puerta de seguridad.  Esta propiedad es una verdadera joya y una oportunidad única para quienes buscan combinar el confort moderno con la ventaja de vivir en una de las ciudades más vibrantes del mundo. No deje pasar esta oportunidad. ¡Contáctanos y venga a visitarlo! Ubicada en el barrio de Adelfas-Retiro, a tan solo 10 minutos a pie se encuentra el emblemático Parque del Retiro, un oasis de tranquilidad ideal para paseos matutinos o tardes de ocio. Esta es una zona con infraestructura excepcional, con múltiples opciones de transporte público que incluyen estaciones de metro de Pacífico y Conde de Casal, líneas 1 y 6, autobuses que conectan eficientemente con el resto de la ciudad. Rodeada de servicios como supermercados, colegios, parques infantiles, biblioteca, agencias bancarias, hotel y restaurantes. Proximidad a algunos de los destinos más codiciados de la ciudad. Este enclave privilegiado ofrece a los compradores de alto nivel un equilibrio perfecto entre la vida urbana vibrante y la serenidad de espacios verdes.  Para los amantes de la cultura, el Triángulo del Arte, compuesto por el Museo del Prado, el Museo Reina Sofía y el Museo Thyssen-Bornemisza, se encuentra a menos de 20 minutos en transporte público. Asimismo, la oferta gastronómica es inigualable, con restaurantes de alta cocina y acogedores cafés que invitan a disfrutar de la auténtica experiencia madrileña. Vivir aquí es disfrutar de un estilo de vida exclusivo, rodeado de cultura lo que convierte a esta propiedad en una oportunidad única para los compradores más exigentes.",True,good,False,8163.0,True,False,True,False,[],False,False,1200000.0,€,flat,,"Adelfas, Madrid",Piso en calle de Garibay,1,True,Adelfas,True,,,,True,True,
108746940,https://img4.idealista.com/blur/480_360_mq/0/id.pro.es.image.master/e4/ce/a0/1354468163.webp,868c27b0-e4da-4ff2-8744-be4713a59bb6,85,569000.0,chalet,sale,270.0,5,2,calle Hermanos Machado,Madrid,Daganzo de Arriba,,es,40.5441883,-3.4620608,False,https://www.idealista.com/inmueble/108746940/,"Las fotografías se publicarán próximamente. Te presentamos esta magnífica oportunidad en Daganzo de Arriba: un chalet independiente, versátil y lleno de posibilidades, ubicado en la calle Hermanos Machado, una de las zonas más tranquilas y mejor comunicadas del pueblo, a pocos minutos caminando del centro. La vivienda se distribuye en dos plantas principales, cada una funcionando como una vivienda independiente, ideal tanto para familias numerosas como para quienes buscan vivir y alquilar al mismo tiempo. Planta principal:  Cuenta con un amplio salón muy luminoso, cocina independiente de gran tamaño, tres dormitorios, un baño completo y acceso a una acogedora terraza perfecta para disfrutar al aire libre. Primera planta:  Dispone de un dormitorio, con su terraza privada orientada al sur, un salón con terraza orientada al norte (puedes elegir sol o sombra a tu gusto), cocina independiente, un baño completo y acceso a una buhardilla de aproximadamente 30 m², perfecta como zona de juegos, despacho o dormitorio adicional. Además, la vivienda cuenta con aerotermia y placas solares, lo que permite un importante ahorro energético y una mayor sostenibilidad. Sótano de más de 130 m²:  Espacioso y funcional, con capacidad para aparcar hasta tres vehículos cómodamente, además de ofrecer espacio más que suficiente para crear un gimnasio, sala de cine, trastero o lo que necesites. Daganzo de Arriba es un pueblo con encanto, rodeado de naturaleza y con todos los servicios a mano: colegios, supermercados, centros deportivos y restaurantes. Su cercanía a Madrid, a menos de 30 minutos, lo convierte en una excelente opción tanto para residir como para invertir. Este chalet se encuentra en una de las zonas más cotizadas y tranquilas del municipio, lo que garantiza calidad de vida sin renunciar a la cercanía de la capital. Una casa con infinitas posibilidades: como vivienda habitual, como inversión para alquiler, como hogar multigeneracional o simplemente para disfrutar de amplitud, independencia y bienestar. No dejes pasar esta oportunidad única. ¡Ven a visitarlo!",True,renew,False,2107.0,True,True,False,False,[],False,False,569000.0,€,chalet,independantHouse,Daganzo de Arriba,Casa independiente en calle Hermanos Machado,,,,,,,,True,True,
108915757,https://img4.idealista.com/blur/480_360_mq/0/id.pro.es.image.master/bc/db/70/1358829592.webp,1680577000364151005,18,985000.0,flat,sale,130.0,3,3,calle de Cavanilles,Madrid,Madrid,Retiro,es,40.4036727,-3.6737969,False,https://www.idealista.com/inmueble/108915757/,"Diseño, luz y confort junto al Retiro – calle de Cavanilles. La vivienda se encuentra en proceso de reforma integral.  Ubicada en una de las zonas más demandadas de Madrid, esta vivienda reformada de 131 m² combina una estética contemporánea con funcionalidad y calidez. A solo unos pasos del Parque del Retiro, en el barrio de Pacífico, esta propiedad ofrece una distribución abierta, perfecta para quienes valoran el diseño y el estilo de vida urbano. El corazón de la vivienda es una amplia zona social que integra salón, comedor y una cocina abierta con isla, equipada con electrodomésticos de alta gama y acabados en madera natural. La luz fluye con naturalidad a través de grandes ventanales que conectan con una terraza privada, ideal para disfrutar del exterior con privacidad. Cuenta con dos dormitorios en suite, ambos con baño privado y armarios empotrados, que garantizan comodidad e independencia.  Existe también la posibilidad de habilitar una tercera habitación, ideal como despacho o cuarto adicional. La vivienda incluye un tercer baño completo, muy práctico para invitados o para dar servicio a la zona de día. Reformada con materiales de alta calidad, iluminación cálida y soluciones modernas, esta propiedad ofrece confort térmico con aire acondicionado y calefacción central.  Situada en una finca bien cuidada, rodeada de servicios, restaurantes, colegios y perfectamente comunicada por metro y autobús, esta vivienda es ideal tanto como residencia habitual como inversión. Características destacadas: 131 m² construidos + terraza  2 dormitorios en suite (opción a 3º dormitorio) 3 baños completos Cocina abierta equipada Reforma integral de diseño Una propiedad única en una de las zonas más cotizadas de Madrid.",True,good,False,7577.0,True,False,False,False,[],False,False,985000.0,€,flat,,"Pacífico, Madrid",Piso en calle de Cavanilles,5,True,Pacífico,True,,,,,,
108815494,https://img4.idealista.com/blur/480_360_mq/0/id.pro.es.image.master/61/5b/e6/1252144571.webp,PR-C-644@TipoH ,36,719000.0,flat,sale,145.0,3,2,"calle Adolfo Pérez Esquivel, 2",Madrid,Las Rozas de Madrid,Parque Empresarial,es,40.5265329,-3.8938796,True,https://www.idealista.com/obra-nueva/108815494/,"Urbanización situada en la calle Adolfo Pérez Esquivel, junto a la calle Camilo José Cela en el Parque Empresarial de Las Rozas de Madrid. Perfectamente comunicado por su privilegiado acceso a la A6 y M-50. Zona residencial completamente consolidada rodeada de tan importantes espacios como Heron City, Las Rozas Village o la Ciudad del Fútbol de Las Rozas y cerca de centros sanitarios, deportivos y de ocio. Viviendas con vistas al magnífico enclave natural de El Encinar de Las Rozas, pero a minutos de la estación de Cercanías Pinar de Las Rozas. Las viviendas tienen acabados y soluciones constructivas de primera calidad, destacando las terrazas amplias, que son las auténticas protagonistas del Residencial Amaranta, convirtiéndose en el elemento de enlace entre el confort interior y el insuperable entorno natural de El Encinar de Las Rozas. Aprovecha el relax de una urbanización diseñada para disfrutar de un espacio privado y familiar que cubre todos los deseos de pequeños y mayores. Da un salto cualitativo en la eficiencia y confort que te proporcionará tu hogar, disfrutando de un sistema de producción de energía mediante bomba de aerotermia, para agua caliente sanitaria y calefacción y refrigeración mediante suelo radiante-refrescante. Además, la vivienda dispondrá de sistema domótico, haciéndote la vida más fácil y poniendo a tu alcance una tecnología inmejorable para tu hogar. Lo tendrás todo cerca: Ciudad del Fútbol de la RFEF, Encinar de Las Rozas, Real club de Golf Las Rozas, Las Rozas Village, Heron City, Style Outlet, Parque Empresarial.",False,newdevelopment,True,4959.0,True,False,False,False,[],False,False,719000.0,€,flat,,"Parque Empresarial, Las Rozas de Madrid","Piso en calle Adolfo Pérez Esquivel, 2",1,True,Parque Empresarial,True,,,,,,False
107491796,https://img4.idealista.com/blur/480_360_mq/0/id.pro.es.image.master/8c/ef/4b/1314231970.webp,ONM2411005,23,1700000.0,flat,sale,294.0,3,3,Barrio Fuente del Berro,Madrid,Madrid,Barrio de Salamanca,es,40.4239652,-3.6643265,False,https://www.idealista.com/obra-nueva/107491796/,"El exclusivo bloque de 10 viviendas de lujo en Jorge Juan 171, en pleno centro de Madrid. Este proyecto ofrece 2 áticos con impresionantes vistas y amplias terrazas, 2 bajos con jardín privado y 6 elegantes apartamentos con balcones. - Viviendas con Calefaccion y refrigeracion por Geotermia - Cocinas completamente equipadas con electrodomésticos y muebles de alta gama. - Planta superior con piscina y solárium como parte de sus zonas comunes. - Cada vivienda tiene incluido en el precio 2 plazas de Garaje y un Trastero. Vive la excelencia en un entorno privilegiado, rodeado de todas las comodidades y con acabados de vivienda de primera calidad. ¿Te imaginas vivir aquí? Fuente del Berro es muy similar a la Urbanización “La Finca”, aunque con una ubicación más céntrica en pleno corazón de Madrid. Su ubicación no puede ser más perfecta, se encuentra en plena Barrio de Salamanca, entre la Calle Goya y la Calle de Doctor Esquerdo y es la zona elegida como residencia de muchos políticos y artistas. Es un barrio residencial, tranquilo y seguro, con zonas ajardinadas ideales para familias con niños.",False,newdevelopment,True,5782.0,True,False,False,False,[],False,False,1700000.0,€,flat,,"Fuente del Berro, Madrid",Piso,bj,True,Fuente del Berro,True,,,,True,True,False
108927083,https://img4.idealista.com/blur/480_360_mq/0/id.pro.es.image.master/1b/49/1a/1359180158.webp,,11,850000.0,flat,sale,107.0,3,2,calle de Ponzano,Madrid,Madrid,Chamberí,es,40.4436413,-3.6981799,False,https://www.idealista.com/inmueble/108927083/,"¡Descubre tu nuevo hogar en el corazón de Ríos Rosas! Este amplio piso de 107 m², exclusivo para reformar, ofrece una oportunidad única para personalizar cada rincón a tu gusto. Con una excelente distribución, cuenta con 3 dormitorios, de los cuales 2 son exteriores, lo que garantiza una luminosidad excepcional durante todo el día. El salón es amplio y acogedor, perfecto para disfrutar de momentos en familia o con amigos. La cocina independiente, equipada con una terraza cerrada, te permitirá disfrutar de la luz natural por las tardes. Además, dispone de 2 baños completos, uno de ellos en suite, y generosos armarios empotrados que brindan un amplio espacio de almacenamiento. Ubicado en un edificio clásico de 1942, este piso exterior en la primera planta cuenta con calefacción central renovada en 2024 y acceso adaptado para personas con movilidad reducida. La ubicación es inmejorable: a pocos pasos de la estación de metro Ríos Rosas (Línea 1), tendrás una excelente conexión con el transporte público. Además, estarás rodeado de comercios, restaurantes y colegios, así como de espacios verdes cercanos como el Parque de Santander y los Jardines del Canal. No pierdas la oportunidad de hacer de este espacio tu hogar ideal. ¡Ven a verlo y déjate enamorar! PRECIO, 850,000 EUROS MAS 2.5% DE COMISION DE AGENCIA.",True,renew,False,7944.0,False,False,False,False,[],False,False,850000.0,€,flat,,"Nuevos Ministerios-Ríos Rosas, Madrid",Piso en calle de Ponzano,1,True,Nuevos Ministerios-Ríos Rosas,True,,,,,,
107580356,https://img4.idealista.com/blur/480_360_mq/0/id.pro.es.image.master/81/76/27/1316772046.webp,CHGUADALQUIVIR,40,1199000.0,chalet,sale,470.0,4,3,calle Río Guadalquivir,Madrid,Boadilla del Monte,Parque Boadilla,es,40.4342334,-3.9244172,False,https://www.idealista.com/inmueble/107580356/,"AGENCIA INMOBILIARIA HOGARES BOADILLA DEL MONTE ofrece este MAGNÍFICO CHALET INDEPENDIENE con 2.660m2 de parcela y 470m2 construidos en la exclusiva urbanización de PARQUE BOADILLA. La vivienda está ubicada en Parque Boadilla, una exclusiva zona residencial que destaca por su entorno tranquilo y lleno de zonas verdes. Este enclave cuenta con seguridad privada las 24 horas y un completo Club Social equipado con piscina, pistas de tenis y pádel, amplias áreas ajardinadas, parque infantil y un restaurante, ideal para el disfrute de toda la familia. Es el lugar perfecto para quienes buscan un ambiente apacible, en contacto con la naturaleza, con acceso directo al Parque Regional del Guadarrama. Además, la zona ofrece una excelente conexión con Madrid gracias a su proximidad a comercios, transporte público y principales vías de comunicación. La vivienda se distribuye en una única planta. Al acceder, nos recibe un acogedor hall de entrada que da paso a una cocina reformada y a un salón-comedor que se organiza en tres estancias. Una de ellas es un antiguo patio andaluz cubierto, actualmente utilizado como sala de estar, que destaca por su gran claraboya, la cual aporta abundante luz natural. Este patio andaluz cuenta además con un toldo eléctrico y comunica con todas las estancias de la casa, proporcionando una conexión fluida entre los espacios. La vivienda dispone de cuatro amplias habitaciones. La principal cuenta con baño en suite y vestidor, mientras que otra de las habitaciones también dispone de baño en suite. Además, hay un tercer baño que da servicio a la cocina, al salón y a dos de las habitaciones secundarias, una de las cuales se utiliza actualmente como despacho. La parcela ofrece amplias y cuidadas zonas ajardinadas, también dispone de tres trasteros que aportan gran capacidad de almacenamiento, así como una espectacular piscina de agua salada. Además, cuenta con dos amplios porches con espacio suficiente para varios vehículos y una acogedora zona cubierta equipada con barbacoa y horno de obra, perfecta para disfrutar de celebraciones al aire libre junto a la piscina. La vivienda está ubicada próxima a la zona comercial y servicios de transporte público con fácil acceso a salida M50, M40, A5, A6 y M-501, además de colegios como el Mirabal International School y St. Michaels School, EuroCasvi, Virgen de Europa, Endaze School entre otros. ¡No dudes en visitar tu nuevo hogar!",True,good,False,2551.0,True,True,False,False,[],False,False,1199000.0,€,chalet,independantHouse,"Parque Boadilla, Boadilla del Monte",Casa independiente en calle Río Guadalquivir,,,,,,,,True,True,
108909690,https://img4.idealista.com/blur/480_360_mq/0/id.pro.es.image.master/3b/f8/75/1358642660.webp,,61,640000.0,chalet,sale,141.0,3,2,CL ALONDRA,Madrid,Arganda,Los Villares,es,40.3139751,-3.4519459,False,https://www.idealista.com/inmueble/108909690/,"¿Imaginas sentir que estás de vacaciones todo el año? Volver del trabajo y que al entrar en tu hogar tus pulsaciones bajen y te inunde una oleada de paz. Es lo que transmite este oasis a pocos kilómetros de la ciudad. Tan cercano y bien conectado que te permite trabajar en Madrid, y vivir en un entorno soñado, con la paz y calidad de vida que deseas. Se trata de una amplia y cómoda vivienda en una sola planta, pero con bajo cubierta preparada para ampliar los metros útiles considerablemente. Consta de un estupendo recibidor con un armario, un gran salón comedor con chimenea y la cocina integrada. Aseo y baño completo. Tres espaciosos dormitorios con amplios armarios empotrados en 2 de ellos. Enorme porche cubierto, un jardín de más de 500 metros con varias zonas y frutales. Sus cerezas son famosas por ser las más ricas que probarás. También cuenta con una práctica cocina en el jardín y aseo exterior. Leñera, trastero, garaje para 2 coches… La casa se reformó completamente hace unos años y se hizo nueva en todos los sentidos: fontanería, electricidad, tejado, cocina, baños, se preparó la zona bajo cubierta para poder ampliar los metros. La reforma se llevó a cabo con las mejores calidades y un gusto excelente. El chalet está ubicado en la estupenda zona de “Los Villares”. La urbanización es una maravilla con piscina rodeada de césped y árboles. Zona de columpios, pista de paddle, pista multideporte, plazas de aparcamiento para invitados, zonas de reunión, portero todo el año… Podría seguir escribiendo párrafos y párrafos con estupendas características y razones objetivas por las que esta casa es maravillosa. Pero ni las palabras ni las fotos o vídeos pueden hacer justicia a la energía que transmite este hogar. Tienes que venir a sentirlo. En esta casa es imposible no ser feliz.",True,good,False,4539.0,True,False,False,False,[],False,False,640000.0,€,chalet,independantHouse,"Los Villares, Arganda",Casa independiente en Cl Alondra,,,,,,,,True,True,
108900304,https://img4.idealista.com/blur/480_360_mq/0/id.pro.es.image.master/04/97/2b/1358358383.webp,,62,975000.0,flat,sale,115.0,3,3,"calle del Reloj, 16",Madrid,Madrid,Centro,es,40.4218629,-3.7114849,True,https://www.idealista.com/inmueble/108900304/,"Soñar Contigo presenta, en exclusiva, un apartamento único en pleno barrio de los Austrias. Situado frente a la calle Bailén, junto a los Jardines de Sabatini y el Palacio Real, la vivienda esta ubicada en una finca histórica construida en 1905, junto al Senado, lo que hace de la zona extremadamente tranquila y segura gracias a la presencia policial 24h al día. El inmueble esta completamente reformado, y distribuido en tres apartamentos independientes, cada uno de ellos amueblados, con las mejores calidades y con un cuidado diseño de interiores. Tras la puerta de entrada, encontramos un hall distribuidor que da acceso a cada uno de los apartamentos, totalmente independientes. Cada apartamento esta distribuido de la siguiente manera: Un salón, con un cómodo sofá/cama y SmartTV. Dos de los apartamentos tienen un coqueto balcón con vistas a la calle del Reloj, y el tercero tiene ventanales a un tranquilo patio interior. Las cocinas son americanas y a medida. Están completamente equipadas con campana, vitrocerámica, microondas, nevera, lavadora/secadora, lavavajillas y horno. Cada apartamento dispone de un acogedor dormitorio con cabecero forrado y luces de lectura. Cuentan también con un armario empotrado totalmente vestido cada uno de ellos. Los baños tienen ducha con mampara de vidrio y sanitarios de primera categoría. Los suelos de la vivienda son de madera de máxima calidad y en cuanto a climatización, las viviendas tiene aire acondicionado y bomba de calor. Cada apartamento se entrega exactamente como se muestra en las imágenes. Un capricho de inmueble, que une diseño, comfort y tecnología, en el corazón del que es, sin duda, el barrio arquitectónicamente mas monumental y hermoso de la capital, con toda la oferta cultural, de ocio y comercial del centro de Madrid a distancia de paseo. Cada uno de los tres apartamentos se encuentran actualmente alquilados en 1500€ al mes, ofreciendo un total de 4.500€ al mes a su propietario, haciendo de este inmueble una excelente oportunidad de inversión en una de las zonas mas estratégicas, seguras y lujosas del centro de Madrid.",True,good,False,8478.0,False,False,False,False,[],False,False,975000.0,€,flat,,"Palacio, Madrid","Piso en calle del Reloj, 16",3,True,Palacio,False,,,,,,
108437814,https://img4.idealista.com/blur/480_360_mq/0/id.pro.es.image.master/e0/4f/47/1344863386.webp,,34,1200000.0,flat,sale,269.0,5,4,calle Solano,Madrid,Pozuelo de Alarcón,Zona Prado de Somosaguas - La Finca,es,40.4125914,-3.793038,False,https://www.idealista.com/inmueble/108437814/,"Piso orientación SUR situado en urbanización privada, con vigilancia 24 horas, de Prado de Somosaguas, Pozuelo de Alarcón. Distribución: -Hall de entrada con armario gabanero -Amplio salón-comedor, con acceso a la terraza (orientada a la urbanización).  -Gran cocina independiente con zona de office y tendedero cubierto. -Master suite -Tres dormitorios dobles  -Baño independiente -Aseo -Dormitorio de servicio -Baño de servicio Incluye dos amplias plazas de garaje y un trastero La urbanización, de 27.000m2 cuenta con portero 24h y conserje. Las zonas comunes destacan por su gran extensión e incluyen tres pistas de tenis, una pista deportiva multiusos, una piscina y amplias áreas ajardinadas. Se encuentra muy próxima al Centro Comercial Somosaguas, que ofrece variedad de comercios, servicios y opciones de restauración. Prado de Somosaguas, en Pozuelo de Alarcón, es una de las zonas residenciales más exclusivas de Madrid, conocida por su entorno tranquilo, amplias zonas verdes y urbanizaciones de alto nivel con seguridad privada. Ofrece una excelente conexión con la M-40 y la A-6, además de proximidad a colegios internacionales y servicios de primer nivel. A pocos minutos se encuentra el nuevo centro comercial de La Finca, que amplía la oferta de ocio y restauración en la zona.",False,renew,False,4461.0,True,False,False,False,[],False,False,1200000.0,€,flat,,"Prado de Somosaguas, Pozuelo de Alarcón",Piso en calle Solano,1,True,Prado de Somosaguas,True,,,,True,True,
108815508,https://img4.idealista.com/blur/480_360_mq/0/id.pro.es.image.master/21/7d/55/1252144661.webp,PR-C-644@TipoM ,36,621000.0,flat,sale,104.0,2,2,"calle Adolfo Pérez Esquivel, 2",Madrid,Las Rozas de Madrid,Parque Empresarial,es,40.5265329,-3.8938796,True,https://www.idealista.com/obra-nueva/108815508/,"Urbanización situada en la calle Adolfo Pérez Esquivel, junto a la calle Camilo José Cela en el Parque Empresarial de Las Rozas de Madrid. Perfectamente comunicado por su privilegiado acceso a la A6 y M-50. Zona residencial completamente consolidada rodeada de tan importantes espacios como Heron City, Las Rozas Village o la Ciudad del Fútbol de Las Rozas y cerca de centros sanitarios, deportivos y de ocio. Viviendas con vistas al magnífico enclave natural de El Encinar de Las Rozas, pero a minutos de la estación de Cercanías Pinar de Las Rozas. Las viviendas tienen acabados y soluciones constructivas de primera calidad, destacando las terrazas amplias, que son las auténticas protagonistas del Residencial Amaranta, convirtiéndose en el elemento de enlace entre el confort interior y el insuperable entorno natural de El Encinar de Las Rozas. Aprovecha el relax de una urbanización diseñada para disfrutar de un espacio privado y familiar que cubre todos los deseos de pequeños y mayores. Da un salto cualitativo en la eficiencia y confort que te proporcionará tu hogar, disfrutando de un sistema de producción de energía mediante bomba de aerotermia, para agua caliente sanitaria y calefacción y refrigeración mediante suelo radiante-refrescante. Además, la vivienda dispondrá de sistema domótico, haciéndote la vida más fácil y poniendo a tu alcance una tecnología inmejorable para tu hogar. Lo tendrás todo cerca: Ciudad del Fútbol de la RFEF, Encinar de Las Rozas, Real club de Golf Las Rozas, Las Rozas Village, Heron City, Style Outlet, Parque Empresarial.",False,newdevelopment,True,5971.0,True,False,False,False,[],False,False,621000.0,€,flat,,"Parque Empresarial, Las Rozas de Madrid","Piso en calle Adolfo Pérez Esquivel, 2",1,True,Parque Empresarial,True,,,,,,False
107443523,https://img4.idealista.com/blur/480_360_mq/0/id.pro.es.image.master/3b/01/76/1312786090.webp,,32,1725000.0,flat,sale,135.0,3,2,calle Velázquez,Madrid,Madrid,Barrio de Salamanca,es,40.4362967,-3.6839555,False,https://www.idealista.com/inmueble/107443523/,"Piso en edificio en la calle Diego de León esquina Velázquez, apartamento de 135 m² en el primer piso. Con 3 dormitorios y 2 baños, este hogar cuenta con armarios empotrados, aire acondicionado, balcón y ascensor. Disfruta de la buena condición de la propiedad y su luminosidad gracias a su ubicación exterior. Recientemente actualizado, este espacio ofrece un ambiente acogedor y funcional. Ubicado en una zona privilegiada, cerca de servicios y transporte público. No pierdas la oportunidad de adquirir esta propiedad. ¡Haz de este lugar tu nuevo hogar!",True,good,False,12778.0,False,False,True,False,[],False,False,1725000.0,€,flat,,"Castellana, Madrid",Piso en calle Velázquez,1,True,Castellana,True,,,,,,
107681327,https://img4.idealista.com/blur/480_360_mq/0/id.pro.es.image.master/55/a0/d1/1319628482.webp,CL-02034-0001,36,220000.0,flat,sale,46.0,1,1,calle de Samaniego,Madrid,Madrid,San Blas,es,40.4456133,-3.5827234,False,https://www.idealista.com/inmueble/107681327/,"Excelente apartamento de un dormitorio y un baño. Se encuentra en la planta quinta de un edificio residencial de seis plantas sobre rasante. Dispone ascensor. Situado en el Madrid. La vivienda se distribuye en un dormitorio con armario empotrado, amplio salón-comedor, cocina y un baño. La superficie construida de la vivienda es de 46,12 m², aproximadamente. Dispone de garaje, piscina comunitaria y aire acondicionado. Cuenta con cocina semi-equipada con muebles altos y bajos, vitrocerámica y campana extractora. Dispone de suelos de tarima en las estancias y gres en cocina y baño. Se encuentra Madrid en el Distrito de San Blas-Canillejas, barrio de Rejas. Muy próximo al MV7 Aeropuerto de Madrid-Barajas, Limita al norte con el distrito de Barajas a través de la carretera A-2. Al sureste, con el término municipal de Coslada. Por el sur limita también con este último municipio y con el barrio de Rosas, perteneciente al mismo distrito, con el que limita también por el suroeste. En su entorno existen viviendas plurifamiliares de similares características. La zona cuenta con todo tipo de servicios básicos, tales como, sanitarios, educativos, restaurantes, supermercados, comercios, amplias zonas verdes, etc. Además el municipio dispone de todo tipo de transporte público como autobuses, metro, cercanías, estación de tren, aeropuerto, etc. Dispone de buenas conexiones con todo tipo de carreteras, nacional, comarcal, local, autovías y autopista. - El inmueble se encuentra ocupado ilegalmente por terceros y sin los suministros debidamente contratados. El Inmueble se transmitirá: (i) como cuerpo cierto y a tanto alzado (ii) como un todo, inseparable (iii) en el estado registral y catastral en el que se encuentre (iv) en el estado físico, calidades, jurídico, urbanístico, administrativo, de licencias, de protección, de conservación y limpieza en el que se encuentre (v) al corriente de gastos e impuestos que por Ley corresponda al Vendedor y (vi) sin dotación de servicios y suministros. El Adquirente asumirá (i) la situación física y estado de conservación (ii) la situación urbanística (iii) las discrepancias entre la realidad física y la realidad registral y catastral o en la cabida del Inmueble (iv) la adecuación registral y catastral del Inmueble y (v) los tramites que conlleven la obtención de la Posesión Judicial del Inmueble. La Propiedad no responderá de/l (i) estado de conservación (ii) los vicios vistos y aparentes (iii) la regularización registral o catastral (iv) las discrepancias de cabida, que pudieran existir (v) la responsabilidad en la obtención de la cédula de habitabilidad del Inmueble, salvo que en la Comunidad Autónoma donde se ubique el Inmueble sea obligatoria su entrega y (vi) cualesquiera costes, gastos, honorarios, aranceles o tributos que se deriven de lo anterior. Si a fecha de venta, la Propiedad hubiese demandado judicialmente la ocupación, podría el adquirente subrogarse en dicha demanda, no pudiendo reclamar importe alguno a la Propiedad como consecuencia de ello, salvo por los honorarios de abogados y procuradores que hasta la fecha de la transmisión se hubiesen devengado que, en cualquier caso, serán por cuenta de éste. Si en la fecha de venta, la Propiedad hubiese interpuesto una denuncia penal, que se encontrase en curso, se comunicará al Juzgado la venta, apartándose la Propiedad del procedimiento como acusación particular. El estado de ocupación y/o los impedimentos para que el inmueble pueda ser visitado libremente por los técnicos impedirían: i) su tasación oficial conforme exige la Orden ECO/805/2003, de 27 de marzo, por lo que el inmueble, mientras perdure la situación ocupacional, no podría ser hipotecado, en consecuencia, no podría constituirse financiación hipotecaria sobre este tipo de fincas, cuya adquisición requerirá el otorgamiento de otro tipo de garantías en caso de solicitarse financiación y ii) la obtención por parte de l.",False,good,False,4783.0,True,False,False,False,[],False,False,220000.0,€,flat,,"Rejas, Madrid",Piso en calle de Samaniego,,,Rejas,True,,,,,,
106970506,https://img4.idealista.com/blur/480_360_mq/0/id.pro.es.image.master/ff/4f/c0/1268203459.webp,,20,455000.0,flat,sale,75.0,3,2,calle de los Tres Peces,Madrid,Madrid,Centro,es,40.4097268,-3.699761,False,https://www.idealista.com/inmueble/106970506/,"INMOBILIARIA EMMANUEL Bonito piso de tres dormitorios y dos baños con ducha, salon y cocina integrados.  Los tres dormitorios están equipados con camas en altura dejando bajo el la as mucho espacio con un escritorio. Dos de ellas son 1,40x200 y la otra de 1,40x 1,90,  La viviendas es interior pero super luminosa.  Completamente amueblado y equipado con menaje y ropa de cama y baño, aire condicionado frio y calor. Calefacción por radiadores de calos azul. Ubicado junto a la estacion de metro Antón Martín, en el Barrio de las Letras, en pleno centro de madrid.",True,good,False,6067.0,False,False,False,False,[],False,False,455000.0,€,flat,,"Lavapiés-Embajadores, Madrid",Piso en calle de los Tres Peces,3,False,Lavapiés-Embajadores,True,465000.0,10000.0,2.0,,,
108917996,https://img4.idealista.com/blur/480_360_mq/0/id.pro.es.image.master/cb/13/aa/1358896563.webp,hermosilla,17,465000.0,flat,sale,55.0,2,1,calle de Hermosilla,Madrid,Madrid,Barrio de Salamanca,es,40.4264362,-3.6812777,False,https://www.idealista.com/inmueble/108917996/,"Excelente piso para reformar con patio de uso y disfrute situado en una buena finca, en la mejor calle de la zona del distrito Goya, Barrio de Salamanca incluye plaza de garaje en el precio. Para visitarlo, contacte con nosotros, estaremos encantados de atenderle, en Hermosilla nº 72, tlf  Trabajamos los sábados. Exclusive World Home by inmomar es una empresa joven y con experiencia, caracterizada principalmente por su transparencia, respeto, por un servicio personalizado, atento y exclusivo, con la finalidad de que nuestros clientes, compradores y vendedores, tengan un punto de encuentro donde puedan ver realizadas sus aspiraciones con las máximas garantías. EWH, es una inmobiliaria especializada principalmente en los distritos del Barrio de Salamanca, Retiro, Chamberí y Chamartín, con un objetivo claro, seguir mejorando en la calidad de nuestros servicios.",False,renew,False,8455.0,False,False,False,False,[],False,False,465000.0,€,flat,,"Goya, Madrid",Piso en calle de Hermosilla,bj,False,Goya,True,,,,True,True,
108509952,https://img4.idealista.com/blur/480_360_mq/0/id.pro.es.image.master/69/7f/e9/1347043989.webp,005238-7,49,1800000.0,flat,sale,249.0,4,4,Barrio Nueva España,Madrid,Madrid,Chamartín,es,40.4586014,-3.6902168,False,https://www.idealista.com/inmueble/108509952/,"Teresa Rico de GV | NUEVA ESPAÑA comercializa el siguiente inmueble: Magnífico piso totalmente exterior, de 249 metros cuadrados construidos, situado en una muy buena finca a escasos metros del Paseo de la Castellana. Se trata de un octavo piso muy luminoso, con orientación Este y una excelente distribución del espacio. Destacar su amplísimo espacio de recibo con vistas despejadas gracias a sus grandes ventanales que dan acceso a una agradable terraza con mucho encanto. El piso ha sido reformado recientemente con las mejores calidades. También cuenta con: Finca con servicio de portería. Una plaza de garaje con acceso directo, incluida en el precio. Un trastero. Excelente ubicación rodeada de servicios y comodidades a su alrededor. Distribución: -Salón de entrada abierto con armario gabanero y aseo de visitas. - Amplio salón organizado en tres ambientes con fantástica chimenea y salida a estupenda terraza. -El pasillo de acceso a los dormitorios incluye cantidad de armarios. - Cocina espectacular totalmente equipada - El dormitorio principal es muy amplio y tiene un cuarto de baño en suite. Está comunicado con la habitación contigua que se usa como despacho y vestidor. (originalmente eran 4 dormitorios) - Dos dormitorios más de buen tamaño que comparten un segundo cuarto de baño muy grande con doble lavabo y bañera con hidromasaje. - Cuarto de servicio con cuarto de baño en suite. Totalmente reformado con muy buenas calidades y aire acondicionado por conductos en todas las estancias. Esta información no tiene Carácter contractual. Un porcentaje importante de nuestros inmuebles no aparecen publicados en idealista por expreso deseo de los propietarios. Para mas información sobre más propiedades en esta zona entre en nuestra página web.",False,good,False,7229.0,True,False,False,False,[],False,False,1800000.0,€,flat,,"Nueva España, Madrid",Piso,8,True,Nueva España,True,1990000.0,190000.0,10.0,True,True,
108921650,https://img4.idealista.com/blur/480_360_mq/0/id.pro.es.image.master/f4/0f/83/1358996063.webp,,15,259000.0,flat,sale,80.0,2,1,calle Federico García Lorca s/n,Madrid,Collado Villalba,Villalba Estación,es,40.6269483,-4.0058446,True,https://www.idealista.com/inmueble/108921650/,"Este hogar tiene encanto, no solo por su ubicación, a pasos de Renfe, calle Real, zona de comercios, colegios sino por su distribución. Sus vistas son increíbles, grandes ventanales que incorporan como una postal el exterior. ESTA REFORMADO! , salón unido a una preciosa y moderna cocina que unifica el lugar de encuentros y potencia su espacio. Cuenta con dos dormitorios con armarios empotrados, el dormitorio principal tiene zona de vestidor con varios armarios empotrados adicionales.  Además.. . …. armario adicional en el pasillo. Su baño, dispone de calienta toalla, mueble en el lavabo y plato de ducha con mampara. Sus suelos son de tarima, su carpintería de madera, paredes lisas, climalit y GRANDES ventanales que potencian su luz y maravillosas vistas. Caldera nueva, cocina con todos los electrodomésticos Aire acondicionado. Esta es una gran oportunidad para inversores, la vivienda es del 2002 con excelente distribución, calidades, a pasos de Renfe, sus inquilinos llevan 2 años (quedan 3 de contrato), excelentes pagadores (demostrable) alquiler actual (950€). Ven a verlo, no pierdas esta oportunidad!",False,good,False,3238.0,False,False,False,False,[],False,False,259000.0,€,flat,,"Villalba Estación, Collado Villalba",Piso en calle Federico García Lorca s/n,2,True,,True,,,,,,
108799467,https://img4.idealista.com/blur/480_360_mq/0/id.pro.es.image.master/51/be/6a/1356725186.webp,ceeb227c-1ce0-49cc-824c-741dcc390716,59,595000.0,chalet,sale,257.0,4,3,calle Vicente Aleixandre,Madrid,Moralzarzal,Zona Colegios,es,40.6765537,-3.9753627,False,https://www.idealista.com/inmueble/108799467/,"Exclusivo chalet pareado en esquina con jardín y piscina privada – listo para entrar a vivir Se vende precioso chalet pareado de esquina, ubicado en una tranquila y demandada zona residencial, ideal para familias que buscan confort, amplitud y cercanía a todos los servicios. La vivienda, muy luminosa y en excelente estado de conservación, destaca por su bonito porche de entrada, un práctico garaje cubierto con gran capacidad de almacenaje, y un amplio jardín trasero con piscina privada y porche cubierto, perfecto para disfrutar todo el año. En la planta principal encontramos una cocina totalmente reformada, con un diseño moderno y funcional. El salón-comedor es amplio, acogedor y conecta directamente con el jardín, lo que crea un ambiente perfecto tanto para el día a día como para reuniones familiares o con amigos. Además, cuenta con un aseo de cortesía en esta misma planta. La primera planta alberga cuatro dormitorios muy espaciosos, todos con armarios empotrados y excelente luz natural. El dormitorio principal incluye vestidor y baño en suite. También hay un segundo baño completo que da servicio al resto de habitaciones. En la planta superior se encuentra una amplia estancia con chimenea y preinstalación para un cuarto de baño, iluminada por cuatro ventanas Velux, ideal como zona de ocio, despacho o sala de estar adicional. La ubicación es inmejorable: rodeado de comercios, colegios, zonas verdes y con excelente comunicación gracias al transporte público (líneas de autobús frecuentes a Moncloa y Plaza Castilla) y fácil acceso a la A-6. A tan solo 15 minutos del Hospital Universitario de Collado Villalba. Una vivienda pensada para quienes valoran el espacio, la privacidad y el entorno, sin renunciar a la comodidad de tener todo a mano. Ideal como residencia principal o como segunda vivienda para desconectar del ritmo de la ciudad.",True,good,False,2315.0,True,True,False,False,[],False,False,595000.0,€,chalet,semidetachedHouse,"Zona Colegios, Moralzarzal",Chalet pareado en calle Vicente Aleixandre,,,,,,,,True,True,
108134484,https://img4.idealista.com/blur/480_360_mq/0/id.pro.es.image.master/4b/e8/e1/1334896584.webp,,60,2450000.0,chalet,sale,620.0,6,7,calle de la Generalitat Valenciana,Madrid,Boadilla del Monte,Valdecabañas,es,40.4388132,-3.8789508,False,https://www.idealista.com/inmueble/108134484/,"Agencia inmobiliaria en Boadilla del Monte INMOBILIARIA HOGARES BOADILLA DEL MONTE PRESENTA ESTE MODERNO Y ESPECTACULAR CHALET INDEPENDIENTE, EN LA URBANIZACIÓN DE VALDECABAÑAS. Espectacular vivienda independiente moderna y minimalista que destaca por sus espacios abiertos e integrados, con acabados de lujo y edificada por uno de los estudios de arquitectos más importantes del momento. Esta villa moderna destaca también por su imponente fachada de hormigón y acero corten, con líneas limpias y detalles minimalistas. La vivienda se distribuye de la siguiente forma: En la planta baja y entrando por su acceso principal, nos recibe un amplio vestíbulo con techos a doble altura y grandes ventanales que se ocultan totalmente en el interior de las paredes y que hacen que en época estival tanto el salón como la zona de jardín y piscina se integren en un mismo espacio. En esta planta encontramos espacio amplios y muy luminosos, cuenta con chimenea de gas y cocina americana que cuenta con placa eléctrica y tepanyaki. En esta misma planta, encontraremos también un aseo de cortesía, un fantástico dormitorio con baño en suite y otro dormitorio con grandes ventanales que actualmente se usa como cuarto de estudios. En la primera planta a la que se accede por una impresionante escalera metálica y acristalada, llegamos a la planta de descanso donde nos recibe un precioso espacio abierto desde donde podemos observar todo el salón de la planta principal. En esta planta nos encontramos con tres amplios dormitorios, todos ellos con baño en suite y vestidor, aportando calidez pero a la vez modernidad en su concepto. El dormitorio principal cuenta con un vestidor de más de 20m² y la zona de descanso y baño con más de 30m². La última planta o planta bajo rasante tiene una vitalidad y un concepto que sorprende por su luz natural y sus espacios abiertos. Al bajar las escaleras tenemos una zona destinada a lavandería y un dormitorio con baño en suite pensada para el servicio y con todas las comodidades. Destaca su patio inglés que aporta calidez y luminosidad a todo el espacio. En esta planta también encontramos un garaje de casi 100m² con capacidad para al menos cuatro vehículos. Al otro lado de esta misma planta encontramos una zona más privada y pensada para el ocio y disfrute de toda la familia y amigos, un salón con bar instalado donde encontramos grifo de cerveza, lavaplatos, fregadero, etc. y una espectacular sala de cine con proyector e insonorización que nos trasladará a las mejores salas de cine. Esta impresionante vivienda destaca por su maravilloso exterior, un jardín que nos ofrece unas dimensiones impresionantes y que a su vez nos aporta privacidad y confort. Encontramos una piscina de más de 15 metros de larga, con climatización que permite alargar la temporada de verano. La villa se ha dotado de las últimas tecnologías de climatización, como suelo radiante y refrigerante y con una gran eficiencia energética gracias a la geotermia (2 pozos) y placas solares. También dispone de domótica para controlar la iluminación, estores y acceso a la vivienda, zona de videovigilancia en las principales estancias y en el exterior con cámaras HD con visión nocturna y sensores de movimiento. Adicionalmente la vivienda dispone de una red de sonido Bosé en todas las estancias (interiores y exteriores). Además, la vivienda cuenta con techos muy altos de más de 3 metros y carpintería interior moderna que va de suelo a techo y luces led de ambiente tanto interiores como exteriores. Esta lujosa villa es única en Boadilla y se encuentra en una de las mejores zonas cercana a zonas comerciales, centros educativos de primer nivel y dispone de excelentes comunicaciones viarias y transporte público y centros sanitarios. ¡NO PIERDA LA OPORTUNIDAD DE VISITAR ESTE MARAVILLOSO INMUEBLE!",False,good,False,3952.0,True,False,False,False,[],False,False,2450000.0,€,chalet,independantHouse,"Valdecabañas, Boadilla del Monte",Casa independiente en calle de la Generalitat Valenciana,,,,,,,,True,True,
108784777,https://img4.idealista.com/blur/480_360_mq/0/id.pro.es.image.master/79/92/3d/1356943262.webp,206f8efc-94b6-4114-aebf-b09c391e9ea7,56,540000.0,flat,sale,90.0,1,1,calle del Amparo,Madrid,Madrid,Centro,es,40.4059005,-3.701386,False,https://www.idealista.com/inmueble/108784777/,"Te presentamos este encantador piso de 90 m² en el vibrante barrio de Lavapiés–Embajadores, una de las zonas con más carácter y vida cultural de Madrid. Perfecto para quienes buscan comodidad, diseño moderno y buena ubicación, esta propiedad combina estilo contemporáneo con funcionalidad. El piso cuenta con suelos de parqué de roble (C5), encimera de Silestone y griferías y sanitario de Roca. Posibilidad de entregar el piso totalmente amueblado y equipado (llave en mano), los muebles tienen menos de 2 años. Sistema de termostato inteligente Google Nest para una optimización de la calefacción inmejorable, y sistema de luces inteligentes con Philips Hue (para controlar la casa desde el móvil, mandos regulables e incluso poder encender y apagar las luces no estando en casa). La vivienda cuenta con un dormitorio amplio, un baño completo, cocina totalmente equipada y un acogedor salón con acceso directo a un balcón, ideal para disfrutar del aire libre o relajarte al final del día. Está equipada con aire acondicionado, bomba de calor y calefacción de gas, además de prácticos armarios empotrados que optimizan el espacio. Ubicada en un edificio con ascensor y acceso adaptado para personas con movilidad reducida, esta propiedad ofrece una excelente accesibilidad. El certificado energético E asegura una buena eficiencia dentro del confort urbano. Una opción ideal para vivir o invertir en una zona céntrica, conectada y llena de vida. Contáctanos y agenda tu visita. ¡Tu próximo hogar te está esperando!",False,good,False,6000.0,True,False,False,False,[],False,False,540000.0,€,flat,,"Lavapiés-Embajadores, Madrid",Piso en calle del Amparo,2,True,Lavapiés-Embajadores,True,,,,,,
107491788,https://img4.idealista.com/blur/480_360_mq/0/id.pro.es.image.master/ff/df/50/1314231918.webp,ONM2411005,23,2500000.0,penthouse,sale,213.0,3,3,Barrio Fuente del Berro,Madrid,Madrid,Barrio de Salamanca,es,40.4239652,-3.6643265,False,https://www.idealista.com/obra-nueva/107491788/,"El exclusivo bloque de 10 viviendas de lujo en Jorge Juan 171, en pleno centro de Madrid. Este proyecto ofrece 2 áticos con impresionantes vistas y amplias terrazas, 2 bajos con jardín privado y 6 elegantes apartamentos con balcones. - Viviendas con Calefaccion y refrigeracion por Geotermia - Cocinas completamente equipadas con electrodomésticos y muebles de alta gama. - Planta superior con piscina y solárium como parte de sus zonas comunes. - Cada vivienda tiene incluido en el precio 2 plazas de Garaje y un Trastero. Vive la excelencia en un entorno privilegiado, rodeado de todas las comodidades y con acabados de vivienda de primera calidad. ¿Te imaginas vivir aquí? Fuente del Berro es muy similar a la Urbanización “La Finca”, aunque con una ubicación más céntrica en pleno corazón de Madrid. Su ubicación no puede ser más perfecta, se encuentra en plena Barrio de Salamanca, entre la Calle Goya y la Calle de Doctor Esquerdo y es la zona elegida como residencia de muchos políticos y artistas. Es un barrio residencial, tranquilo y seguro, con zonas ajardinadas ideales para familias con niños.",False,newdevelopment,True,11737.0,True,False,False,False,[],False,False,2500000.0,€,flat,penthouse,"Fuente del Berro, Madrid",Ático,,True,Fuente del Berro,True,,,,True,True,False
108790424,https://img4.idealista.com/blur/480_360_mq/0/id.pro.es.image.master/45/4d/5f/1355200439.webp,1b1d96bc-9c70-432d-b79a-d7868cd123aa,21,1259000.0,flat,sale,120.0,3,3,calle de Lombía,Madrid,Madrid,Barrio de Salamanca,es,40.4244585,-3.6724399,False,https://www.idealista.com/inmueble/108790424/,"¡Descubre tu próximo hogar en el vibrante barrio de Goya! Este piso en venta, actualmente en reforma, ofrece 120 m² de espacio bien distribuido.  Consta de 3 dormitorios y 3 baños, perfecto para familias o quienes buscan un espacio adicional. La propiedad está siendo reformada con las mejores calidades del mercado y será entregado completamente amueblado y equipado, listo para estrenar. Disfruta de las vistas exteriores desde tu propio balcón, ideal para momentos de relax. El confort está garantizado con aire acondicionado y calefacción a gas, asegurando una temperatura perfecta durante todo el año. Situado en una ubicación privilegiada, tendrás fácil acceso a todas las comodidades que ofrece la ciudad. No pierdas la oportunidad de personalizar este espacio a tu gusto y crear el hogar de tus sueños. Contáctame, Ricardo, para más información y para programar una visita. ¡Este piso es la combinación perfecta de ubicación, espacio y potencial!",False,renew,False,10492.0,True,False,False,False,[],False,False,1259000.0,€,flat,,"Goya, Madrid",Piso en calle de Lombía,bj,True,Goya,False,,,,,,
108656367,https://img4.idealista.com/blur/480_360_mq/0/id.pro.es.image.master/c9/bc/aa/1353313035.webp,e80d3d41-ff3c-4354-9703-95a9146448d9,37,195000.0,duplex,sale,71.0,2,2,calle del Lucero,Madrid,Madrid,Latina,es,40.4015974,-3.7474621,False,https://www.idealista.com/inmueble/108656367/,"Características de la propiedad Con una superficie de 71 m², esta vivienda tipo dúplex ofrece una excelente oportunidad para personalizar cada detalle y transformarla en el hogar ideal. Su distribución actual incluye dos dormitorios amplios y dos baños, con espacios versátiles que pueden adaptarse fácilmente a distintos estilos de vida y necesidades. Aunque requiere reforma integral, presenta un gran potencial gracias a su amplitud y disposición interior. Es perfecta para quienes desean diseñar su espacio desde cero, combinando funcionalidad con personalidad. Extras y equipamiento Una de las ventajas de esta propiedad es su capacidad para mantener un ambiente cálido en invierno y fresco durante los meses más calurosos, gracias a su estructura y orientación. Esto permite crear un hogar confortable en cualquier época del año. Características exteriores y zonas comunes Situada en un edificio con carácter en buen estado, la vivienda disfruta de acceso a zonas comunes bien conservadas. Su configuración dúplex aporta un valor añadido, ofreciendo separación entre zonas de descanso y áreas sociales. Ubicación Ubicada en el vibrante barrio de La Latina, en pleno corazón de Madrid, esta propiedad goza de una localización privilegiada. A pocos pasos se encuentran estaciones de metro y autobús, así como una amplia oferta de parques, comercios, restaurantes y servicios esenciales. La zona destaca por su ambiente cultural, su vida de barrio y su excelente conexión con el resto de la ciudad.",True,renew,False,2746.0,True,True,False,False,[],False,False,195000.0,€,flat,duplex,"Lucero, Madrid",Dúplex en calle del Lucero,bj,True,Lucero,False,,,,,,
108924799,https://img4.idealista.com/blur/480_360_mq/0/id.pro.es.image.master/a8/21/39/1359110288.webp,,33,1150000.0,penthouse,sale,112.0,2,2,CL ALMANSA,Madrid,Madrid,Moncloa,es,40.4495377,-3.7119855,False,https://www.idealista.com/inmueble/108924799/,"Exclusivo ático a reformar en Calle Almansa: 106 m² + 72 m² de terraza. Plaza de garaje incluida. Esta excepcional vivienda se sitúa en la séptima planta con 106 m² de vivienda y 72 m² de TERRAZA PRIVADA con vistas panorámicas a los edificios más emblemáticos de Madrid y la sierra que rodea la ciudad.  Lienzo en blanco: todos los tabiques son abatibles, permitiendo una redistribución a medida. Luz natural, privacidad y posibilidad de diseñar a tu gusto un ático premium. Plaza de garaje en el mismo edificio incluida en el precio, con acceso directo.  Ubicación estratégica en barrio residencial consolidado: a pocos minutos andando de Cuatro Caminos (nudo de transporte), y con acceso inmediato a Avenida Pablo Iglesias y Avenida Reina Victoria. Rodeado de comercios, colegios, centros de salud y hospitales.  Highlights: 106 m² interiores + 72 m² de terraza con espectaculares vistas panorámicas. Reforma libre: tabiques móviles para configuración flexible. Plaza de garaje privada incluida. Excelente conectividad: transporte, servicios y equipamientos a pie de casa. Ideal para quien quiere diseñar su propio espacio en una de las viviendas más exclusivas de Madrid. Te ayudamos con el proyecto de reforma del ático: desde la definición de la distribución hasta la coordinación con arquitectos y proveedores, gestión de permisos, elaboración de presupuestos, selección de materiales y supervisión de obra. Ofrecemos soluciones personalizadas según tus necesidades y que el resultado sea tal y como lo imaginas. ¡Contáctanos para más información!",True,renew,False,10268.0,False,False,False,False,[],False,False,1150000.0,€,flat,penthouse,"Ciudad Universitaria, Madrid",Ático en Cl Almansa,7,True,Ciudad Universitaria,True,,,,True,True,
107143702,https://img4.idealista.com/blur/480_360_mq/0/id.pro.es.image.master/90/d2/9c/1358122654.webp,C-0A,21,787600.0,flat,sale,121.0,1,1,"José Ribera, 4",Madrid,Pozuelo de Alarcón,Zona Prado de Somosaguas - La Finca,es,40.4033639,-3.7873758,True,https://www.idealista.com/obra-nueva/107143702/,"Magnífica vivienda de 121 m² construidos, ideal para disfrutar de un estilo de vida confortable y moderno.  Esta espectacular propiedad cuenta con un amplio dormitorio que incluye su propio baño completo y un vestidor, ofreciendo privacidad y comodidad. Además, el dormitorio tiene acceso directo a un encantador jardín, perfecto para disfrutar de momentos al aire libre. La vivienda también destaca por su luminoso salón con un gran ventanal que da al jardín privado de 68 m2 y una estupenda cocina, complementados con un despacho que brinda un espacio ideal para trabajar o estudiar. El porche de 25 m² es perfecto para relajarse o compartir gratos momentos disfrutando de tu jardín. La climatización se realiza a través de un sistema de suelo radiante y refrescante, utilizando aerotermia individual. Esto no solo garantiza un gran confort en todas las estaciones, sino que también contribuye a un bajo consumo energético, haciendo de esta vivienda una opción sostenible. La urbanización cuenta con pista de pádel, sala comunitaria y piscina salina. Esta vivienda pertenece a la urbanización Monteturia que se entregará en Noviembre 2025. En el precio esta incluido, una plaza de garaje y un trastero, así como el IVA. La vivienda viene totalmente equipada con cocina, luminarias led, y armarios vestidos.",False,newdevelopment,True,6509.0,True,False,False,False,[],False,False,787600.0,€,flat,,"Prado de Somosaguas, Pozuelo de Alarcón","Piso en José Ribera, 4",bj,True,Prado de Somosaguas,True,798600.0,11000.0,1.0,True,True,False
108794569,https://img4.idealista.com/blur/480_360_mq/0/id.pro.es.image.master/27/40/c3/1355974626.webp,b83905d0-cdd7-4e72-9fb5-00a7f15ab6fe,52,665000.0,penthouse,sale,67.0,2,2,calle de la Sombrerería,Madrid,Madrid,Centro,es,40.4073897,-3.7002202,False,https://www.idealista.com/inmueble/108794569/,"Descubre este espectacular ático en el vibrante barrio de Lavapiés, en pleno corazón de Madrid. Con una superficie de 67 m² y recientemente reformado, esta vivienda combina estilo, funcionalidad y una ubicación inmejorable. El piso cuenta con dos dormitorios y dos baños completos, ideales tanto para vivir en familia como para compartir. La cocina, completamente equipada, está lista para disfrutar al máximo de tu pasión por la cocina. El salón se abre a una encantadora terraza privada, perfecta para desayunar al sol, organizar cenas al aire libre o simplemente relajarte con vistas despejadas y un ambiente tranquilo. Entre sus comodidades se incluyen aire acondicionado con bomba de calor y frío, calefacción central, balcón, y un trastero que aporta espacio extra de almacenamiento. El edificio dispone de ascensor, servicio de portería y acceso cómodo a todas las plantas, lo que aporta practicidad y seguridad en tu día a día. Ubicado en una de las zonas más auténticas y culturales de Madrid, rodeado de teatros, restaurantes, comercios y excelentes conexiones de transporte, este ático es una oportunidad única para vivir con calidad, comodidad y estilo en el centro de la ciudad. ¡No dejes pasar esta oportunidad! Contáctanos y agenda tu visita hoy mismo.",True,good,False,9925.0,True,True,False,False,[],False,False,665000.0,€,flat,penthouse,"Lavapiés-Embajadores, Madrid",Ático en calle de la Sombrerería,1,True,Lavapiés-Embajadores,True,,,,,,
108746263,https://img4.idealista.com/blur/480_360_mq/0/id.pro.es.image.master/8c/14/fa/1353936586.webp,4bcbe185-f502-4cc8-9769-2a7a8d6bf101,32,175000.0,flat,sale,60.0,1,1,paseo de los Pintores,Madrid,Daganzo de Arriba,,es,40.5451762,-3.458563,False,https://www.idealista.com/inmueble/108746263/,"Las fotografías se publicarán próximamente. ¿Buscas comodidad, luz y ubicación en un solo lugar? Este encantador piso de 55 m² te ofrece todo eso y más, en el corazón de Daganzo de Arriba, en plena plaza del pueblo, con todos los servicios al alcance de la mano y a solo 30 minutos de Madrid. La vivienda cuenta con: Un dormitorio, ideal para una pareja o una persona sola que valore el confort y la tranquilidad. Salón-comedor con acceso directo a una agradable terraza orientada al oeste, perfecta para disfrutar del sol de la tarde y las vistas despejadas. Cocina independiente, funcional y equipada.  Baño completo con buena ventilación. Además, incluye plaza de garaje en el mismo edificio, algo muy valioso en esta ubicación tan céntrica. Daganzo de Arriba es un pueblo lleno de encanto, rodeado de naturaleza y con una vida local activa. Vivir aquí significa disfrutar de la tranquilidad sin renunciar a los servicios: comercios, bares, supermercados, farmacia, centro médico y transporte. Y todo, literalmente, a la puerta de casa.  Este piso es una opción ideal tanto para vivir cómodamente, como para invertir en una zona cada vez más demandada por su cercanía a Madrid y su excelente calidad de vida. ¿Te imaginas viendo el atardecer desde tu terraza en plena plaza del pueblo? Llámanos y ven a verlo. ¡Te encantará!",True,good,False,2917.0,True,True,False,False,[],False,False,175000.0,€,flat,,Daganzo de Arriba,Piso en paseo de los Pintores,1,True,,True,,,,True,True,
107806323,https://img4.idealista.com/blur/480_360_mq/0/id.pro.es.image.master/4a/e8/ef/1324317018.webp,W-02Z1CT,34,1170000.0,penthouse,sale,115.0,3,2,calle del Alcalde Sainz de Baranda,Madrid,Madrid,Retiro,es,40.4159673,-3.6704003,False,https://www.idealista.com/inmueble/107806323/,"Ático con ampliable terraza al sur en Retiro Magnífico y espacioso ático de más de 115 m² habitables, con terraza ampliable, 3 dormitorios y 2 baños. Muchas opciones de decoración y redistribución para tener un coqueto ático moderno, abierto y con bastante luz natural durante todo el día. Cuenta con un diseño funcional y un pasillo distribuidor que separa la zona de noche con la zona social sin perder ni amplitud ni elegancia. Su bonita terraza cuenta con un acceso acristalado que procura bastante luminosidad a su doble salón-comedor con techos de 3 metros creando así un ambiente cálido y acogedor.  El dormitorio principal cuenta con bonitos armarios empotrados y un exclusivo baño en suite de obra. El segundo tiene también armarios empotrados y un espacio escritorio.  Hay espacio para sacar una tercera habitación grande ya que dispone de más de 60m2 orientados al sur entre la terraza, el salón, el comedor y la cocina. La terraza con vistas despejadas al sur de Madrid puede ser ampliada fácilmente. La cocina reformada y de marca, optimizada con armarios empotrados, fusiona estilo y practicidad y tiene suficiente espacio para independizarla del salón.  El edificio cuenta con ascensor y servicio de portería, un portal renovado garantizando comodidad y seguridad. En definitiva, una verdadera oportunidad única en la zona disponible por este precio. Pregúntanos más, no cobramos honorarios al comprador. El barrio de Ibiza en el distrito de Retiro es un barrio residencial, con todas las comodidades de tenerlo todo a un paso, y sobre todo agradable para vivir, con una situación privilegiada muy cerca de la zona comercial de Goya, la Plaza Felipe II, la Puerta de Alcalá y el Museo del Prado. El barrio alterna edificios residenciales con agradables zonas verdes. Cuenta también con una amplia dotación de comercios, restaurantes, cafeterías, lo que convierte a la zona en una de las más animadas de la capital, supermercados, colegios, instalaciones deportivas y centros de salud, así como el Hospital Universitario Gregorio Marañón. Las comunicaciones y medios de transporte son excelentes, tanto por líneas de Metro como autobuses. Es una de las zonas de Madrid mejor comunicadas al disponer de varias estaciones de metro como las de Ibiza, Retiro y Sainz de Baranda y así misma salida directa a la M-30.",True,good,False,10174.0,True,False,True,False,[],False,False,1170000.0,€,flat,penthouse,"Ibiza, Madrid",Ático en calle del Alcalde Sainz de Baranda,8,True,Ibiza,True,,,,,,
108848541,https://img4.idealista.com/blur/480_360_mq/0/id.pro.es.image.master/0a/0c/5a/1356892687.webp,3c3737ce-3f07-49bb-8d29-7669e679590f,22,420000.0,flat,sale,45.0,2,1,calle de Jorge Juan,Madrid,Madrid,Barrio de Salamanca,es,40.4246621,-3.6742231,False,https://www.idealista.com/inmueble/108848541/,"Descubre este encantador piso reformado en el corazón de Goya, Salamanca, Madrid. Con 45 m² bien aprovechados, esta propiedad ofrece un espacio acogedor y moderno.  Cuenta con dos dormitorios luminosos, un baño, cocina moderna totalmente equipada, el piso se vende amueblado con un gusto exquisito, ideal para parejas o pequeñas familias que buscan comodidad en una ubicación privilegiada.  La reciente reforma aporta un toque contemporáneo, asegurando que cada rincón esté listo para disfrutar.  Situado en una zona vibrante, con acceso a tiendas, restaurantes y transporte público, este piso es una oportunidad única para vivir en uno de los barrios más deseados de Madrid.  No dejes pasar esta oportunidad de tener un hogar en un entorno urbano y lleno de vida. ¡Ven a verlo y enamórate de tu nuevo espacio en Goya!",False,good,False,9333.0,False,False,False,False,[],False,False,420000.0,€,flat,,"Goya, Madrid",Piso en calle de Jorge Juan,bj,False,Goya,False,430000.0,10000.0,2.0,,,
108284444,https://img4.idealista.com/blur/480_360_mq/0/id.pro.es.image.master/5d/88/d3/1339513047.webp,475-C,91,2800000.0,chalet,sale,855.0,6,8,calle del Naranjo de Bulnes,Madrid,Ciudalcampo,,es,40.6278988,-3.5946639,False,https://www.idealista.com/inmueble/108284444/,"ABETO COCHES &CASAS - Vivienda completamente reformada a capricho y con inmejorable ubicación. Muy cercana al control de seguridad a la entrada de la urbanización y con vistas al campo de golf de Ciudalcampo. Muy luminosa gracias a su orientación sur que aporta mucha luz natural a toda la casa. Con amplios espacios en concepto abierto, climatización por suelo radiante y refrescante por aerotermia con placas solares Con magnífica parcela de 3622m2 completamente llana y ajardinada. Con zona de fire pit, cenador exterior, piscina privada de orientación sur, y zona de barbacoa. En planta principal de concepto abierto, dispone de un amplio salón comedor dividido en varios ambientes con salida directa al porche, gran cocina abierta con barra central y zona office, cuarto de lavandería, despacho, sala de estar con salida directa a la zona barbacoa, aseo de cortesía, habitación de servicio con su baño en suite, y dormitorio principal de gran tamaño con su vestidor privado y baño en suite, desde el dormitorio principal tenemos salida directa al jardín. En planta superior cuenta con cuatro amplios dormitorios todos ellos con su vestidor privado baño en suite y salida a una terraza privada, en esta misma planta tenemos un aseo de cortesía, y sala de estar con acceso directo a una amplia terraza con preciosas vistas al jardín. Con zona de aparcamiento privado exterior y zona de aparcamiento cerrado. ABETO COCHES & CASAS - VEN A VERNOS A NUESTRA OFICINA EN EL CENTRO COMERCIAL DE SANTO DOMINGO -  ref: 475-C.",True,good,False,3275.0,True,False,False,False,[],False,False,2800000.0,€,chalet,independantHouse,Ciudalcampo,Casa independiente en calle del Naranjo de Bulnes,,,,,,,,True,True,
108656491,https://img4.idealista.com/blur/480_360_mq/0/id.pro.es.image.master/dd/c2/b8/1353047874.webp,95c817a9-8ad3-4bee-9afc-b7fb1e2b8256,113,2800000.0,chalet,sale,951.0,7,10,avenida Gutiérrez Mellado,Madrid,Villaviciosa de Odón,Castillo - Campodón,es,40.3515795,-3.8958281,False,https://www.idealista.com/inmueble/108656491/,"En una de las zonas más codiciadas de Villaviciosa de Odón, se alza este imponente chalet independiente, una vivienda que aúna elegancia, confort y una calidad de construcción excepcional. Más de 900 metros cuadrados distribuidos en tres plantas que ofrecen amplitud, funcionalidad y un estilo atemporal que nunca pasa de moda. Desde el primer momento, esta casa transmite la sensación de hogar. Cada rincón ha sido pensado para el disfrute diario: siete dormitorios amplios y luminosos, diez baños diseñados con mimo y materiales nobles, y espacios comunes que invitan tanto al encuentro como al descanso. El salón principal, con vistas al jardín, se convierte en el corazón de la casa, mientras que la cocina, moderna y equipada con todo lo necesario, es perfecta para la vida familiar. El confort es protagonista gracias a un sistema de climatización por aerotermia con suelo radiante y refrescante independiente por estancia, lo que garantiza una temperatura ideal durante todo el año. Y para los momentos de relax, la piscina climatizada y el jardín privado, amplio y muy cuidado, ofrecen un oasis de tranquilidad y disfrute en cualquier estación. La parcela, de más de 1.300 m², proporciona privacidad sin renunciar a la cercanía con todo lo necesario. A solo unos minutos se encuentra la Universidad Europea, lo que convierte esta zona en un entorno dinámico y bien conectado, ideal para familias que buscan combinar la paz de una zona residencial con servicios de calidad y buena comunicación con Madrid. Esta casa no es solo un lugar para vivir, es una invitación a disfrutar de una vida cómoda, tranquila y rodeada de detalles que marcan la diferencia. Solo hace falta visitarla para sentir que es el sitio perfecto para empezar una nueva etapa.",True,good,False,2944.0,True,True,False,False,[],False,False,2800000.0,€,chalet,independantHouse,"Castillo - Campodón, Villaviciosa de Odón",Casa independiente en avenida Gutiérrez Mellado,,,,,,,,True,True,
108013318,https://img4.idealista.com/blur/480_360_mq/0/id.pro.es.image.master/88/80/57/1331269252.webp,,54,1075000.0,chalet,sale,366.0,5,4,avenida de la Armada Española,Madrid,Boadilla del Monte,Cortijo Sur,es,40.4275303,-3.9204422,False,https://www.idealista.com/inmueble/108013318/,"AGENCIA INMOBILIARIA HOGARES BOADILLA DEL MONTE pone a su disposición magnífico chalet adosado con piscina en una de las urbanizaciones más exclusivas de Boadilla del Monte. Una vivienda espectacular, pensada para disfrutar en familia, con espacios amplios, mucha luz natural y todas las comodidades que puedas imaginar. La planta principal te recibe con un elegante hall que da paso a una habitación en planta, amplia y luminosa, ideal como dormitorio de invitados, despacho o zona de juegos, con acceso directo al jardín delantero. En esta misma planta encontramos un baño completo con plato de ducha, una cocina espaciosa con zona de office y gran capacidad de almacenaje, con doble acceso desde el hall y desde el salón, lo que la hace especialmente cómoda tanto para el día a día como para recibir visitas. El salón comedor es simplemente impresionante: amplio, luminoso y con una gran pared de ventanales que conectan con el jardín trasero, donde podrás disfrutar de una piscina privada rodeada de zonas verdes. En la planta superior se encuentran tres habitaciones secundarias, todas con armarios empotrados de pared completa, vestidos y muy espaciosos. Una de ellas cuenta con baño en suite y acceso a una terraza. La habitación principal es un verdadero refugio: dispone de baño completo en suite, zona de vestidor y otra terraza privada que aporta aún más luz y tranquilidad. En el sótano, la vivienda ofrece una gran sala polivalente, actualmente utilizada como zona de cine y estar, perfecta para momentos de ocio o como espacio de trabajo. También en esta planta se ubica la zona de lavandería con almacenaje y un práctico patio inglés que aporta luz natural al espacio. Desde aquí se accede directamente al garaje, con capacidad para tres coches y preinstalación para punto de carga eléctrica. El confort está garantizado gracias al suelo radiante en todas las plantas, un avanzado sistema de domótica y un sistema de geotermia que proporciona alta eficiencia energética. Todo ello en una ubicación privilegiada, muy cerca del centro de Boadilla, de los colegios St. Michael’s y Mirabal Infantil, así como del club deportivo Parque Boadilla. La urbanización, compuesta por más de 300 viviendas, ofrece un entorno tranquilo y familiar, con seguridad 24h, cámaras de vigilancia y acceso controlado. Su doble orientación permite una gran entrada de luz durante todo el día. Además, cuenta con un completo centro social que incluye restaurante, gimnasio, peluquería, zona de estudio, baños, pista de running y amplias zonas comunes, además de plazas de estacionamiento para invitados. Una vivienda exclusiva, lista para entrar a vivir, en una de las zonas más deseadas de Boadilla del Monte.",False,good,False,2937.0,True,False,False,False,[],False,False,1075000.0,€,chalet,terracedHouse,"Cortijo Sur, Boadilla del Monte",Chalet adosado en avenida de la Armada Española,,,,,,,,True,True,
108901174,https://img4.idealista.com/blur/480_360_mq/0/id.pro.es.image.master/8e/6f/66/1358381885.webp,2787,3,2650000.0,penthouse,sale,265.0,3,4,calle de García de Paredes,Madrid,Madrid,Chamberí,es,40.436684,-3.6992631,False,https://www.idealista.com/inmueble/108901174/,"Descubre este espectacular ático a reformar ubicado en una de las zonas más elegantes y codiciadas de Madrid: el barrio de Almagro. Se trata de una pieza única, ideal para quienes buscan una propiedad con carácter, luz, espacios exteriores y una base arquitectónica inmejorable para una reforma de lujo. � Características principales: Ático en finca señorial: edificio representativo, con fachada clásica y portal de gran presencia, perfectamente conservado. Techos altísimos que aportan una sensación de amplitud, elegancia y estilo inigualables. Varias terrazas privadas que rodean parte de la vivienda, con múltiples orientaciones: ideales para crear zonas de estar, jardines urbanos o espacios chill-out. Muy luminoso: gracias a su altura, múltiples ventanas y orientación privilegiada, la luz natural inunda todas las estancias durante todo el día. Distribución versátil y grandes posibilidades de reforma: planta con múltiples opciones para rediseñar una vivienda a medida, con espacios abiertos, cocina integrada o zonas independientes. Superficie generosa, ideal para diseñar una vivienda de alto nivel con varias habitaciones en suite, despacho, salón con salida directa a terraza, etc. Finca tranquila y bien mantenida, con pocos vecinos y ambiente residencial. � Ubicación excepcional – Barrio de Almagro Situado en una de las zonas más emblemáticas de la capital, Almagro es sinónimo de distinción, arquitectura histórica y exclusividad. Rodeado de embajadas, galerías de arte, boutiques de diseño, colegios internacionales y restaurantes de alta gama, ofrece una calidad de vida inmejorable, con excelente conexión al resto de la ciudad.",False,renew,False,10000.0,False,False,False,False,[],False,False,2650000.0,€,flat,penthouse,"Almagro, Madrid",Ático en calle de García de Paredes,6,True,Almagro,False,,,,,,
108798206,https://img4.idealista.com/blur/480_360_mq/0/id.pro.es.image.master/e0/1b/23/1355445775.webp,W-030RKJ,22,670000.0,flat,sale,57.0,2,1,calle del General Díaz Porlier,Madrid,Madrid,Barrio de Salamanca,es,40.4280447,-3.6748592,False,https://www.idealista.com/inmueble/108798206/,"Piso en el Barrio de Lista con garaje. Engel & Völkers presenta este piso en el corazón del barrio de Lista.  Es una primera planta alta exterior a tan solo unos pasos de la prestigiosa Plaza del Marqués de Salamanca.  Consta de una habitación con balcón, amplio salón, baño y cocina independiente. Anteriormente a la última reforma que se le hizo la propiedad disponía de 2 habitaciones y por ello la versatilidad que ofrece a la hora de realizar una reforma. La plaza de garaje se ubica en la misma finca en la que destaca el elevador de montacoches que da acceso a la plaza. La finca dispone también de ascensor. Esta vivienda está ubicada en el barrio de Lista, por lo que forma parte del distrito de Salamanca. Es una zona residencial cosmopolita de alto standing, muy próxima a la famosa Milla de Oro de Madrid. Tiene un amplio abanico de servicios de gran calidad: boutiques de lujo (calle de Serrano, calle de José Ortega y Gasset), decoración, antigüedades, centros fitness-wellness, exclusivos salones de belleza, excelentes restaurantes de cocina española e internacional, mercados y supermercados. El barrio dispone de múltiples y reconocidos servicios de salud y educativos, tanto públicos como privados.  La zona despliega una amplia oferta de ocio; sirvan como ejemplos el Museo Arqueológico Nacional, la Biblioteca Nacional, el Museo Lázaro Galdiano, el Nuevo Teatro Alcalá, el WiZink Center, galerías de arte… El distrito dispone además de espléndidos espacios verdes (parque de El Retiro, parque Quinta de la Fuente del Berro…). Lista cuenta con cinco estaciones de cinco líneas de metro, y con paradas de autobús de veintiséis líneas urbanas y cinco periurbanas, garantizando una conectividad inmejorable con toda la ciudad de Madrid y su área metropolitana, aeropuerto internacional de Barajas incluido. Es una zona fácilmente accesible en coche por la autopista M-30.",True,renew,False,11754.0,True,False,True,False,[],False,False,670000.0,€,flat,,"Lista, Madrid",Piso en calle del General Díaz Porlier,1,True,Lista,True,,,,True,True,
