propertyCode,thumbnail,externalReference,numPhotos,price,propertyType,operation,size,exterior,rooms,bathrooms,address,province,municipality,district,country,neighborhood,latitude,longitude,showAddress,url,description,hasVideo,status,newDevelopment,hasLift,priceByArea,hasPlan,has3DTour,has360,hasStaging,notes,topNewDevelopment,topPlus,priceInfo.price.amount,priceInfo.price.currencySuffix,priceInfo.price.priceDropInfo.formerPrice,priceInfo.price.priceDropInfo.priceDropValue,priceInfo.price.priceDropInfo.priceDropPercentage,detailedType.typology,suggestedTexts.subtitle,suggestedTexts.title,floor,newDevelopmentFinished,parkingSpace.hasParkingSpace,parkingSpace.isParkingSpaceIncludedInPrice,detailedType.subTypology,parkingSpace.parkingSpacePrice
108813392,https://img4.idealista.com/blur/480_360_mq/0/id.pro.es.image.master/c9/ed/89/1355873277.webp,2218,24,189999.0,flat,sale,60.0,True,3,1,calle de Carracedo,Madrid,Madrid,Latina,es,Campamento,40.3959019,-3.7740484,False,https://www.idealista.com/inmueble/108813392/,"Merino vende piso a reformar en una cuarta planta, ubicado en una tranquila finca de la zona de Colonia Jardín. Disfruta de la cercanía al metro (Línea 10) y la proximidad a la Casa de Campo, el mayor pulmón verde de Madrid.  Características de la vivienda: - 3 habitaciones. - Salón luminoso con acceso a terraza cerrada con posibilidad de integrarla al salón.  - Cocina independiente con ventana.  - Cuarto de baño completo con ventana.  - Todas las estancias son exteriores.  - Orientación sur-oeste con ventanales que aportan estupenda luminosidad.   Ubicación privilegiada: - A 5 minutos a pie de la Línea 10 de Metro. - Excelente acceso a la Casa de Campo. - Zona consolidada con todos los servicios a mano: supermercados, colegios, centro de salud, zonas verdes. - Excelente comunicación por transporte público y carretera (acceso rápido a M-30 y A-5 soterrada). Ideal para: - Familias que buscan un hogar tranquilo y bien comunicado. - Inversores que buscan una oportunidad de negocio en una zona demandada. ¡No pierdas la oportunidad de vivir en una de las zonas más demandadas del suroeste de Madrid! Contacta con nosotros para obtener más información y programar una visita.                                                 TRABAJAMOS PARA USTED.",True,good,False,False,3167.0,True,False,False,False,[],False,False,189999.0,€,199000.0,9001.0,5.0,flat,"Campamento, Madrid",Piso en calle de Carracedo,,,,,,
108591961,https://img4.idealista.com/blur/480_360_mq/0/id.pro.es.image.master/52/c0/95/1276310713.webp,Argia_P3.2D,3,218000.0,flat,sale,86.0,True,2,2,avenida del Ferrocarril s/n,Madrid,Arganda,Centro,es,,40.3043178,-3.4484145,True,https://www.idealista.com/obra-nueva/108591961/,"Residencial Ciudad Futura- Edificio Argia Próximo inicio de construcción. Descubre Edificio Argia, la nueva promoción que desarrolla Inmoglaciar en Arganda, seguros de que les va a encantar. Este es el momento que muchos estaban esperando, una oportunidad única para adquirir una vivienda en una ubicación privilegiada. Edificio Argia no es solo un lugar donde vivir, es un hogar pensado para ofrecerte el máximo confort y calidad de vida. Aquí encontrarás: Viviendas modernas de 2 dormitorios con terraza, acabados de primera calidad, diseñadas para aprovechar al máximo la luz natural y con espacios atractivos y funcionales. Zonas comunes exclusivas que incluyen piscina con zona con solárium y sala comunitaria, para disfrutar del tiempo libre sin salir de casa. Ubicación inmejorable, en la avenida del Ferrocarril, con fácil acceso a servicios, transporte público de Metro y red de autobuses urbanos e interurbanos, y todo lo que necesitas para tu día a día. Sabemos que encontrar el hogar perfecto puede ser un desafío, pero en Edificio Argia, hemos pensado en cada detalle para que tú solo tengas que disfrutar.  Contacta con nosotros para ser de los primeros en recibir toda la información y asegurarte de que no se te escape esta oportunidad única.    No esperes más y da el primer paso hacia tu nuevo hogar en Edificio Argia.",False,newdevelopment,True,True,2535.0,True,False,False,False,[],False,False,218000.0,€,,,,flat,"Centro, Arganda",Piso en avenida del Ferrocarril s/n,2,False,True,True,,
108710786,https://img4.idealista.com/blur/480_360_mq/0/id.pro.es.image.master/8f/fa/af/1352842089.webp,JESUITAS,21,279000.0,flat,sale,60.0,True,2,1,paseo de los Jesuitas,Madrid,Madrid,Latina,es,Puerta del Ángel,40.4068826,-3.7350035,False,https://www.idealista.com/inmueble/108710786/,"“VIVIENDA XXI” VENDE EN EXCLUSIVA: REFORMA COMPLETA-TERRAZA-AACC-LUMINOSO-ARMARIOS EMPOTRADOS Inmueble muy luminoso con amplias estancias de 60m2 distribuidos en 2 dormitorios, salón, cocina y baño, además cuenta con una terraza de aproximadamente 3m2. La reforma incluye: Instalación de fontanería completamente nueva. -Suelo laminado de resistencia AC5 de 12mm. -Ventanas de climalit con rotura de puente térmico y marco de aluminio. -Instalación eléctrica nueva (cuadro eléctrico según normativa) -Calefacción eléctrica de bajo consumo de la marca CREATE, funciona con WIFI, se puede controlar a distancia desde el teléfono móvil (activar, desactivar, controlar climatización,... ) -Cocina completamente equipada. -Armarios empotrados totalmente vestidos. -Bombas de calor/frío. -Termo eléctrico. -Baño alicatado con plato de ducha. -Puertas interiores lacadas en blanco. -Paredes en liso… Ubicado en el barrio de moda de Madrid, rodeado de zonas verdes como Casa de Campo, Madrid Río, Parque de Caramuel, Parque de la Cuña Verde,.. . Dispone de todo tipo de comercios a su alrededor, desde grandes superficies comerciales como el Mercado de Tirso de Molina, Mercado del Paseo de los Jesuitas, Día, Carrefour, … hasta pequeños comercios a pie de calle como fruterías, carnicerías, panaderías, lavanderías,.. . Se encuentra a muy pocos minutos de la boca de metro de Alto de Extremadura y dispone de infinidad de líneas de autobús a su alrededor. Acceso andando al centro de la capital fantástico e inmejorable comunicación con M-30, A-5, A-6,.. . ¡Ven a visitarlo sin compromiso!",False,good,False,False,4650.0,True,False,False,False,[],False,False,279000.0,€,289000.0,10000.0,3.0,flat,"Puerta del Ángel, Madrid",Piso en paseo de los Jesuitas,2,,,,,
108164294,https://img4.idealista.com/blur/480_360_mq/0/id.pro.es.image.master/b2/23/c3/1335773025.webp,16547-2025,1,142000.0,flat,sale,59.0,True,3,1,calle de Madrid s/n,Madrid,Fuenlabrada,Centro,es,,40.2807755,-3.796937,True,https://www.idealista.com/inmueble/108164294/,"PISO OCUPADO POR PERSONA SIN JUSTO TÍTULOESTE INMUEBLE DEBIDO A SU ESTADO OCUPACIONAL NO ADMITE VISITASIDEAL PARA INVERSORESLA LOCALIZACIÓN DEL INMUEBLE ES APROXIMADAVivienda de 55 m², según Catastro, y 4 m² de elementos comunes a la venta en el municipio de Fuenlabrada, Madrid. La vivienda está distribuida en salón-comedor, tres dormitorios, cocina, cuarto de baño, dos terrazas y recibidor. (La distribución de la vivienda es orientativa y no ha podido ser comprobada). Es una 3ª Planta en un bloque residencial con ascensor. Muy bien comunicado por carretera (M-506) y transporte público. A menos de cinco minutos andando de la parada de autobús de la calle Extremadura y cerca de la estación de tren de Fuenlabrada Central. Próximo a todo tipo de servicios e infraestructuras como centros educativos (I. E. S. Joaquín Araújo), comercios, supermercados, farmacias, zonas verdes (Parque del Olivar)... SIN COMISIÓN.",False,good,False,True,2407.0,False,False,False,False,[],False,False,142000.0,€,153000.0,11000.0,7.0,flat,"Centro, Fuenlabrada",Piso en calle de Madrid s/n,3,,,,,
106603601,https://img4.idealista.com/blur/480_360_mq/0/id.pro.es.image.master/fe/d8/f1/1288402971.webp,425230-ES,17,1300000.0,penthouse,sale,150.0,True,3,2,Barrio Goya,Madrid,Madrid,Barrio de Salamanca,es,Goya,40.4247356,-3.6682785,False,https://www.idealista.com/inmueble/106603601/,"UNICA Inmobiliaria ofrece ático en la zona de Goya, a escasos minutos del Parque del Retiro y ubicado en una zona tranquila de una de las calles más solicitadas del privilegiado barrio de Salamanca.  Se trata de una vivienda de 145 m², con 20 m² de terraza. La vivienda se encuentra en muy buenas condiciones, con una reforma de hace 10 años, pero con muchas posibilidades de modernizar.  Los 150 m² están distribuidos en un salón con cocina incorporada, dos dormitorios dobles, un dormitorio sencillo, dos baños completos y un aseo de cortesía. Magnífica ubicación en el emblemático barrio de Salamanca, zona que conserva intacto el aire aristocrático que podemos contemplar en sus grandes aceras, elegantes edificios y construcciones históricas y a un paso de las tiendas más exclusivas y prestigiosas. La tranquilidad, la magnífica arquitectura y la variedad de servicios convierten esta zona en una de las más selectas y prestigiosas de la capital. En Única Inmobiliaria aglutinamos más de veinte años de experiencia en el sector del lujo. Contamos con una amplia trayectoria que avala nuestra gestión trabajando alrededor de las zonas más exclusivas de Madrid: Barrio de Salamanca, Recoletos, Almagro, Chamartín, Retiro, Justicia….",False,good,False,True,8667.0,False,False,False,False,[],False,False,1300000.0,€,,,,flat,"Goya, Madrid",Ático,6,,,,penthouse,
107525741,https://img4.idealista.com/blur/480_360_mq/0/id.pro.es.image.master/be/71/56/1315594056.webp,CM-426527-A,18,1100000.0,flat,sale,192.0,False,3,2,Barrio Vallehermoso,Madrid,Madrid,Chamberí,es,Vallehermoso,40.4419623,-3.7140324,False,https://www.idealista.com/inmueble/107525741/,"ÚNICA INMOBILIARIA presenta espectacular inmueble en una de las mejores zonas de Vallehermoso, este amplio piso de 192m2 ofrece una distribución cómoda y funcional, con grandes posibilidades de reforma para adaptar los espacios a tu gusto. Al acceder a la vivienda, un amplio hall de entrada da paso a la cocina y al gran salón-comedor un espacio luminoso con acceso directo a una terraza ideal para disfrutar del aire libre. La cocina, de generosas dimensiones, cuenta con salida a una segunda terraza, lo que aporta aún más luminosidad y ventilación. La zona de descanso está compuesta por tres dormitorios dobles, todos con armarios empotrados, y dos baños completos. Además, la vivienda incluye un trastero, ofreciendo espacio extra de almacenamiento. El edificio dispone de ascensor y fácil acceso para personas con movilidad reducida. Entorno privilegiado: en el corazón de Vallehermoso, rodeado de restaurantes, colegios y centros culturales, y a pocos minutos de los parques de Santander y Virgen Blanca, perfectos para pasear y disfrutar de la naturaleza. Una excelente oportunidad para quienes buscan una vivienda amplia, bien ubicada y con un gran potencial de personalización. En Única Inmobiliaria aglutinamos más de veinte años de experiencia en el sector del lujo. Contamos con una amplia trayectoria que avala nuestra gestión trabajando alrededor de las zonas más exclusivas de Madrid: Barrio de Salamanca, Recoletos, Almagro, Chamartín, Retiro, Justicia….",False,renew,False,True,5729.0,False,False,False,False,[],False,False,1100000.0,€,,,,flat,"Vallehermoso, Madrid",Piso,2,,,,,
107665588,https://img4.idealista.com/blur/480_360_mq/0/id.pro.es.image.master/6b/82/59/1319179531.webp,CM-426048-JM,37,1995000.0,flat,sale,250.0,True,4,4,Barrio Arapiles,Madrid,Madrid,Chamberí,es,Arapiles,40.4315464,-3.7063028,False,https://www.idealista.com/inmueble/107665588/,"ÚNICA INMOBILIARIA les presenta vivienda ubicada totalmente reformada en la mejor zona del distrito de Chamberí, entre los barrios de Justicia, Arapiles y Trafalgar, cercano a Bilbao, San Bernardo y Quevedo. Este piso destaca por tener más de 250 m² de superficie total. Cuenta con 3 habitaciones dobles, todas en suite y una habitación individual también con su baño en suite; ofrece un aseo para mayor comodidad.  En su entrada dispone de un recibidor, dando paso a un salón comedor que a su vez se distribuye en dos ambientes completamente exteriores, equipado con aire acondicionado y calefacción central.  La cocina se encuentra equipada con electrodomésticos de alta gama, este piso reformado con calidades y diseño de lujo cuenta con detalles como armarios empotrados, terraza, zona de lavandería y suelos de madera. Situado en una zona tranquila, con orientación suroeste, este inmueble también destaca por su luminosidad y vistas exteriores. ¡Una oportunidad única en una de las mejores zonas de Madrid! En Única Inmobiliaria aglutinamos más de veinte años de experiencia en el sector del lujo. Contamos con una amplia trayectoria que avala nuestra gestión trabajando alrededor de las zonas más exclusivas de Madrid: Barrio de Salamanca, Recoletos, Almagro, Chamartín, Retiro, Justicia….",False,good,False,True,7980.0,False,False,False,False,[],False,False,1995000.0,€,,,,flat,"Arapiles, Madrid",Piso,5,,,,,
100638604,https://img4.idealista.com/blur/480_360_mq/0/id.pro.es.image.master/e0/15/9e/1233459221.webp,04071,51,475000.0,chalet,sale,168.0,,3,3,Zona Los Lagos,Madrid,Moralzarzal,Zona Los Lagos,es,,40.6680491,-3.9712445,False,https://www.idealista.com/inmueble/100638604/,"Tu refugio de ensueño en Moralzarzal te espera ¿Imaginas un lugar donde la tranquilidad te envuelve, donde la naturaleza te abraza y donde la calidez de un hogar te acoge? Deja de soñar y descubre esta propiedad única en Moralzarzal, un oasis de paz y confort que te conquistará desde el primer momento. Más que una casa, un hogar Con sus 168 metros cuadrados construidos y una parcela de 150 m, esta vivienda te ofrece todo el espacio que necesitas para crear tu propio refugio. Sus tres habitaciones te invitan a soñar y descansar, mientras que sus dos salones se convierten en el escenario perfecto para compartir momentos inolvidables con tus seres queridos. Posibilidad de una habitación mas en la planta baja. Un espacio lleno de luz y vida Dos amplias terrazas te permiten disfrutar del aire libre y de las increíbles vistas que te rodean. Inunda cada rincón de tu hogar con la luz natural que entra por sus grandes ventanales y siente cómo la calidez te invade en cada espacio. Tres baños para tu mayor comodidad y practicidad, porque cada miembro de la familia merece su propio espacio. Dispone de una amplia zona ajardinada y garaje cerrado.  Un pedacito de paraíso en Moralzarzal COMUNICACIÓN Y SERVICIOS: Esta propiedad se ubica en un enclave privilegiado, en una zona de chalets, próximo a los límites del pueblo y conectado con la naturaleza, pero a escasos metros del centro de Moralzarzal, con todo lo que implica en cuanto a servicios, tiendas, supermercados y oferta de hostelería. Se encuentra muy bien comunicada junto a la carretera M-608, lo que facilita el acceso tanto en vehículo particular, como en autobús, cuya parada está a menos de 5 minutos andando de la vivienda. En los alrededores además hay diferentes parques infantiles y zonas verdes y uno de los mejores colegios de la comunidad de Madrid según prestigiosos medios como la revista Forbes, que es el colegio Fontenebro International School, el cual se encuentra a tan sólo 2 minutos andando. Y todo esto a un precio insuperable. No es solo una casa, es un estilo de vida ¿A qué esperas para hacer de este sueño una realidad? No pierdas la oportunidad de convertir esta propiedad en tu nuevo hogar. Contacta con nosotros y concertaremos una visita para que puedas descubrir todo el potencial que esta vivienda tiene para ofrecerte. “El precio de venta no incluye los gastos de Notaría, Registro e Impuestos”.",False,good,False,,2827.0,True,False,False,False,[],False,False,475000.0,€,,,,chalet,"Zona Los Lagos, Moralzarzal",Chalet adosado,,,True,True,terracedHouse,
108698267,https://img4.idealista.com/blur/480_360_mq/0/id.pro.es.image.master/87/b2/3b/1253373682.webp,,32,300000.0,flat,sale,74.0,True,2,1,"calle Boyacá, 5",Madrid,Madrid,Hortaleza,es,Pinar del Rey,40.4722606,-3.6376284,True,https://www.idealista.com/inmueble/108698267/,"Para entrar a vivir!  ENTRADA INMEDIATA. TOTALMENTE EQUIPADO, Toallas, Sábanas y todos Menaje y Electrodomésticos Bienvenidos a nuestro acogedor apartamento de dos dormitorios, idealmente ubicado en el encantador barrio de Hortaleza. Este espacio es perfecto para parejas, familias pequeñas o grupos de amigos que buscan una estancia cómoda y conveniente en Madrid. Cada uno de los dos dormitorios está equipado con una cama doble, ofreciendo un refugio tranquilo y cómodo para descansar después de un día explorando la ciudad. El baño, moderno y funcional, cuenta con un plato de ducha. La disposición del baño asegura fácil acceso desde cualquier parte del apartamento, haciendo que tu estancia sea aún más cómoda y relajante. El salón es un espacio luminoso y versátil, diseñado para el máximo confort. Equipado con un sofá cama, es perfecto para acomodar huéspedes adicionales. Además, la sala cuenta con una TV de pantalla plana, creando un espacio ideal para relajarse y disfrutar de una noche de películas o simplemente descansar después de un día ajetreado. Los grandes ventanales del salón permiten la entrada de abundante luz natural, creando un ambiente acogedor y agradable. La cocina americana, recién reformada, está totalmente equipada con modernos electrodomésticos y utensilios de cocina, permitiéndote preparar tus comidas favoritas durante tu estancia. La entrada independiente del apartamento ofrece una mayor privacidad y comodidad, permitiéndote entrar y salir a tu conveniencia. Ubicado en el tranquilo y bien comunicado barrio de Hortaleza, tendrás fácil acceso a tiendas locales, restaurantes y transporte público, lo que te permitirá explorar Madrid con facilidad. Barrio El barrio de Hortaleza, ubicado en el distrito del mismo nombre, es una zona residencial en Madrid que combina áreas verdes, servicios modernos y una variedad de opciones de ocio y cultura. La Calle Boyacá 5 se encuentra en una ubicación conveniente dentro de este barrio. A continuación, te describo el entorno del barrio de Hortaleza cerca de la Calle Boyacá 5, destacando las áreas culturales, de ocio y restaurantes cercanos. Áreas Culturales: 1. Centro Cultural Carril del Conde: - Descripción: Este centro cultural ofrece una variedad de actividades culturales, talleres, exposiciones y eventos. Es un punto de encuentro para los residentes interesados en la cultura y las artes. - Distancia: Aproximadamente a 15 minutos a pie desde Calle Boyacá 5. 2. Biblioteca Municipal Huerta de la Salud: - Descripción: Una biblioteca pública con una amplia colección de libros y materiales multimedia, además de actividades de animación a la lectura y talleres culturales. - Distancia: Aproximadamente a 10 minutos a pie. 3. Centro Cultural Hortaleza: - Descripción: Ofrece una variedad de programas culturales, incluyendo teatro, música y exposiciones. Es un lugar clave para la vida cultural del barrio. - Distancia: Aproximadamente a 20 minutos a pie o 10 minutos en coche. Áreas de Ocio: 1. Parque Clara Eugenia: - Descripción: Un amplio parque con zonas verdes, áreas de juegos infantiles y senderos para caminar y correr. Es un lugar ideal para relajarse y disfrutar del aire libre. - Distancia: Aproximadamente a 10 minutos a pie. 2. Parque Huerta de la Salud: - Descripción: Otro espacio verde cercano que ofrece áreas para pasear, hacer ejercicio y disfrutar de la naturaleza. - Distancia: Aproximadamente a 15 minutos a pie. 3. Centro Deportivo Municipal Hortaleza: - Descripción: Ofrece instalaciones deportivas para natación, fútbol, baloncesto y más. Es ideal para los residentes que desean mantenerse activos. - Distancia: Aproximadamente a 10 minutos en coche o 20 minutos a pie.",True,good,False,True,4054.0,True,False,False,False,[],False,False,300000.0,€,,,,flat,"Pinar del Rey, Madrid","Piso en calle Boyacá, 5",bj,,,,,
108890117,https://img4.idealista.com/blur/480_360_mq/0/id.pro.es.image.master/e5/65/9d/1358058263.webp,,19,279000.0,flat,sale,75.0,True,3,1,calle de Avefría,Madrid,Madrid,Carabanchel,es,Puerta Bonita,40.3845715,-3.7323195,False,https://www.idealista.com/inmueble/108890117/,"FOTOS 100% REALES ¡CRUZITY OFRECE EN EXCLUSIVA, EXCELENTE PISO PARA ENTRAR A VIVIR en una de las zonas mejor consolidadas de Madrid! ¡CON PATIO DE 19M2! Se trata de una vivienda compuesta por salón, cocina con acceso al patio, 3 dormitorios y cuarto de baño. La zona, además, dispone de los siguientes servicios: -Estación de Metro Abrantes (Línea 11) (8 minutos andando). -Camino Viejo de Leganés (3 minutos andando). -Polideportivo Ernesto Cotorruelo (6 minutos en coche). -Acceso a A-42 (8 minutos en coche). -Estación Plaza Elíptica (Autobuses, Metro línea 11 y 6) (7 minutos en coche). Con total cercanía de supermercados, colegios e institutos, zonas de ocio, restaurantes y bares, centros de salud, transporte público y mucho más.",False,good,False,False,3720.0,True,False,False,False,[],False,False,279000.0,€,,,,flat,"Puerta Bonita, Madrid",Piso en calle de Avefría,1,,,,,
108048587,https://img4.idealista.com/blur/480_360_mq/0/id.pro.es.image.master/ec/d2/a1/1332289114.webp,2 3ºC,8,329988.0,flat,sale,121.0,True,4,2,Barrio Los Berrocales,Madrid,Madrid,Vicálvaro,es,Los Berrocales,40.3714999,-3.5755211,False,https://www.idealista.com/obra-nueva/108048587/,"Nuevos proyectos de vivienda protegida en los Berrocales. ¡Ha llegado tu momento! Grupo Ibosa presenta dos nuevos proyectos de viviendas de protección pública de precio limitado, VPPL. En uno de los nuevos desarrollos urbanísticos con mayor proyección ubicado en el sureste de Madrid, en los berrocales. (etapa iii). Calidad, diseño y confort residencial Pegasus ofrece viviendas de 2, 3 ys 4 dormitorios con plazas de garaje y trastero incluido en el precio. Viviendas con un precio asequible, funcionales y muy bien distribuidas, optimizando cada metro cuadrado para ofrecerte el máximo confort y comodidad. Para tus momentos de ocio, podrás disfrutar sin salir de casa de unas estupendas zonas comunes con piscina y zonas verdes para disfrutar con la familia y amigos. Sostenibilidad La sostenibilidad, calidad y diseño son los elementos principales en estas viviendas en la que se ha tenido muy en cuenta el cuidado por el medio ambiente y el ahorro energético. Los berrocales opta por un modelo de ciudad sostenible, ecológico, con zonas verdes, amplias avenidas y zonas peatonales que mejoran la calidad del medioambiental. Un nuevo desarrollo urbanístico que se adapta perfectamente a un estilo de vida tranquilo y que además se encuentra a un paso de Madrid central para los que no quieran perder el vínculo con la gran ciudad. Ubicación tiene una ubicación estratégica al este de Madrid, muy cerca de Ensanche de Vallecas y el c. C. La Gavia destacando la gran conectividad a las redes de transporte público dada su cercanía al metro y paradas de autobuses. Delimita al sur por la a3, al este por la m-50, al oeste por la m-45 y por el norte la línea 9 de metro. ¡Ha llegado tu momento, apúntate! Observaciones: estos proyectos. Se gestiona en régimen de cooperativa. Residencial Pegasus. Coop. Mad., ya está constituida. Durante el desarrollo del proyecto, la dirección facultativa se reserva el derecho de efectuar modificaciones que viniesen motivadas por exigencias de orden técnico o jurídico por parte de las administraciones competentes, así como aquellas que pudieran suponer cambios del proyecto o en la memoria de calidades que en ningún caso supondrán minoración de las calidades previstas.   Las imágenes mostradas pertenecen al anteproyecto teniendo carácter orientativo y no contractual. Los precios aquí indicados serán actualizados con el incremento de IPC anual hasta que se obtenga la calificación provisional. Importante señalar que, los precios que aparecen tienen pendiente de aplicar el IPC 2025. La cuantía que represente aplicar el incremento del IPC se llevará a la cantidad pendiente de pago en la entrega de llaves.",False,newdevelopment,True,True,2727.0,True,False,False,False,[],False,False,329988.0,€,,,,flat,"Los Berrocales, Madrid",Piso,3,False,True,True,,
107472761,https://img4.idealista.com/blur/480_360_mq/0/id.pro.es.image.master/1c/7f/35/1347494569.webp,08453,36,1598000.0,chalet,sale,400.0,,4,5,Barrio Zona Estación,Madrid,Pozuelo de Alarcón,Zona Estación,es,Zona Estación,40.4534103,-3.8017409,False,https://www.idealista.com/inmueble/107472761/,"La inmobiliaria internacional CPM gestiona este estupendo chalet recientemente acabado, de obra nueva, a estrenar, de 400 m2, 4 habitaciones, piscina, jardín y terraza, próximo a la estación de Pozuelo, que se distribuye de la siguiente manera: Planta entrada: Dispone de un porche y zona de aparcamiento. Hall de entrada con un armario gabanero. Una gran cocina, con office, equipada con electrodomésticos de alta gama. Un amplio salón comedor, con grandes ventanales, que dan acceso a la terraza, el jardín y la piscina. 1 aseo de cortesía. Primera planta: 3 amplias habitaciones con armarios empotrados; todas en suite, con su baño completo incorporado y vestidor. Planta solarium: Terraza solada, con barandilla, tomas de luz y agua. Se pueden personalizar e incluir un jacuzzi de última generación, una pérgola retráctil, tomas de TV y fibra óptica.  Planta semisótano: Una gran sala de ocio. Dormitorio para uso de servicio, incluyendo un baño completo adicional. Cuarto lavadero. La vivienda dispone de suelo de parquet de madera natural, vídeo portero, ventanas con climalit, puerta blindada, sistema de aerotermia con instalación completa de suelo radiante y refrigerante en todas las estancias habitables de la vivienda. Además la casa cuenta con paneles solares para maximizar la eficiencia energética. El inmueble cuenta con espacio de aparcamiento en la puerta de casa y con un amplio trastero. El chalet se entregará completamente terminado en junio. Sobre la ubicación del chalet, es inmejorable, ya que se encuentra próximo a la estación de Pozuelo. El Acceso a la A-6 Y M-40 es muy rápido. Alrededor del chalet se encuentran varios centros comerciales (Zielo), colegios, (Colegio Retamar, Liceo Sorolla) guarderías, parques (Club Los Cerezos, Parque Alcalde José Martín Crespo-Díaz, Parque Brujula).",True,good,False,,3995.0,True,False,False,False,[],False,False,1598000.0,€,,,,chalet,"Zona Estación, Pozuelo de Alarcón",Chalet pareado,,,True,True,semidetachedHouse,
84894948,https://img4.idealista.com/blur/480_360_mq/0/id.pro.es.image.master/8a/08/e2/1321941134.webp,1 centro dcha,18,1325000.0,flat,sale,149.0,True,3,2,"calle de García de Paredes, 64",Madrid,Madrid,Chamberí,es,Almagro,40.4364034,-3.6956944,True,https://www.idealista.com/inmueble/84894948/,"Vivienda recién reformada en el barrio de Almagro. Ha estado ALQUILADA HASTA EL 31/05/2025 con una rentabilidad superior al 4% a través de nuestra operadora Darya Living. Darya Homes pone a la venta esta espectacular vivienda de 149 m², completamente reformada con materiales de alta gama, en una de las ubicaciones más codiciadas de Madrid. Con una distribución luminosa y funcional, la propiedad cuenta con tres amplios dormitorios, incluyendo una suite principal, y dos baños modernos diseñados con acabados de primera calidad. La zona de día destaca por un espacioso salón-comedor, ideal para reuniones, y una cocina de diseño totalmente equipada con electrodomésticos de última generación. Ubicada en un elegante edificio con ascensor, esta vivienda combina el encanto del barrio clásico con el confort de una reforma actual. A un paso de las mejores zonas comerciales, restaurantes y con excelentes conexiones de transporte. Gastos: IBI anual: 925 € Cuota mensual de la Comunidad de Propietarios: 184,79 € Una oportunidad única para inversores o para quienes buscan una vivienda exclusiva en Madrid.",False,good,False,True,8893.0,True,False,False,False,[],False,False,1325000.0,€,,,,flat,"Almagro, Madrid","Piso en calle de García de Paredes, 64",1,,,,,
107012871,https://img4.idealista.com/blur/480_360_mq/0/id.pro.es.image.master/83/a2/d1/1313829729.webp,06879,67,1400000.0,chalet,sale,590.0,,6,5,El Bosque,Madrid,Villaviciosa de Odón,El Bosque,es,,40.3745853,-3.9290394,False,https://www.idealista.com/inmueble/107012871/,"NO COBRAMOS HONORARIOS AL COMPRADOR EN ESTA OPERACIÓN Precioso chalet de arquitectura moderna y espectacular diseño reformado en 2011 cuenta con 584m2 útiles y 2047m2 de parcela en Urbanización El Bosque. Distribuido en dos casas, la principal de 513m2 con cinco dormitorios, dos de ellos con baño en suite con plato de ducha y bañera de hidromasaje y grandes ventanales orientación Sur. Amplio salón comedor con chimenea de 67m2, tres baños completos y aseo, cocina equipada, porche y gran terraza en dormitorio principal, buhardilla con terraza exterior muy soleada. Garaje de 95m2 para 4-5 vehículos, trastero, jardín, piscina con barbacoa y cocina cerrada. Calefacción por gasoil y aire acondicionado. Grandes ventanas de doble aislamiento Climalit oscilobatientes. La segunda casa de 71m2 consta de salón, cocina, dormitorio y baño. ESTA PROPIEDAD ES ESPECIAL PORQUE Tiene una luz única en una excelente ubicación en orientación Sur, disfruta de una gran luminosidad todo el día y amplios ventanales en todas sus estancias. Con una parcela de más de 2000m2 con césped natural y grandes árboles, y árboles frutales. Cuenta con una segunda casa totalmente autosuficiente ideal como casa de invitados, servicio, oficina, almacén, negocio, gimnasio, etc, también con grandes ventanas y muy luminosa. La calle termina en la propiedad por lo que es muy tranquilo y sin tráfico. Suelos de parquet y cerámicos. Ventanas de aluminio climalit con persianas. La terraza solarium de 38m2 tiene acceso desde la buhardilla y puede ser cerrada y acondicionada como otra estancia, también tiene acceso independiente desde el exterior de la casa. En el jardín encontramos una sala-cocina completa de 12m2 con barbacoa para dar servicio a la piscina. El garaje incorpora dos puertas que permiten separar el mismo en dos estancias independientes. Puertas automáticas de acceso a la finca y al garaje. ENTORNO Rodeado de parques, dehesas, zonas verdes, campo de golf.  DISTRIBUCIÓN En la entrada de la planta baja encontramos recibidor de 11m2, salón comedor con chimenea de 67m2 con grandes ventanales y muy luminoso, con acceso al jardín, baño completo y aseo, cocina equipada de 14m2 con despensa de 6m2. Dormitorio de 40m2 con acceso directo al jardín. Escalera con acceso a la primera planta, donde encontramos recibidor y 4 dormitorios, muy luminosos con amplios ventanales, el principal de 32m2 con baño completo de 9,5m2 en suite y gran terraza de 25m2 orientación Sur. Gran dormitorio de invitados de 22m2 con baño en suite completo de 12m2 y terraza. Un tercer dormitorio de 14m2, y un cuatro dormitorio-sala de 9,5m2, en este encontramos una escalera de acceso a la buhardilla. Ventanas de aluminio de doble aislamiento climalit en todas las habitaciones. En la planta superior se encuentra la buhardilla de 31m2 dividida en dos estancias con ventanas velux con revestimiento de madera en el techo y acceso a terraza exterior solarium de 38m2. En la planta sótano se encuentra el trastero y almacén de 26m2. Garaje de 95m2. Carpintería interior de madera. EXTERIOR Orientación Sur de fachada principal, salón y dormitorios. Tejado de pizarra. ES IMPORTANTE SABER Muy bien ubicado en calle sin tráfico pero cerca de la salida de la urbanización. Aire acondicionado. Urbanización con vigilancia 24h COMERCIO Y SERVICIOS: Supermercados, Veterinarios, Centros de salud, Farmacia, Guarderías, Salones de belleza. Espacios para el deporte, Real Club de Golf Lomas-Bosque. Centro Deportivo TENPLE, restaurantes, cafeterías, gimnasios, polideportivos, transportes. Hospital de Majadahonda a 12 minutos. Rápida salida a Autovía M-501 en 4 minutos. COLEGIOS Y UNIVERSIDADES: Universidad Europea de Madrid, Agora Madrid International School, IES Calatalifa, Yugo Madrid Coliseo Europea - Residencia de Estudiantes. HOSPITALES: Centro de especialidades Villaviciosa de Odón Hospital Clínico Veterinario TRANSPORTE Líneas de autobuses.",False,good,False,,2373.0,True,False,False,False,[],False,False,1400000.0,€,,,,chalet,"El Bosque, Villaviciosa de Odón",Casa independiente,,,True,True,independantHouse,
101193360,https://img4.idealista.com/blur/480_360_mq/0/id.pro.es.image.master/41/ea/b9/1113969820.webp,2510,30,2100000.0,flat,sale,195.0,True,3,4,Barrio Recoletos,Madrid,Madrid,Barrio de Salamanca,es,Recoletos,40.4269061,-3.6825331,False,https://www.idealista.com/inmueble/101193360/,"Álvora Capital Properties, consultora inmobiliaria de alta calidad en la gestión de activos prime en Madrid, les presenta esta magnífica oportunidad de entrar a vivir en una de las mejores calles de Madrid, en plena Milla de Oro.  Se encuentra en el lujoso barrio de Recoletos en el distrito de Salamanca. Uno de los ejes principales del ocio y la cultura de la ciudad y referente principal de la moda y la restauración, este barrio consta de todo lo necesario para vivir la vida de Madrid con todo lujo de comodidades y servicios. La vivienda cuenta con 190m2 construido de vivienda, 2 plazas de garaje de acceso directo (no incluidas en el precio) y un gran trastero Se trata de un piso en tercera planta, tranquilo, luminoso y bien aislado, recién reformado con las mejores detalles, cualidades y marcas. Destaca por sus amplios espacios, la ausencia de pasillos, su reforma de 2021 en estilo nórdico y calidad de sus acabados. La propiedad cuenta con una enorme entrada de luz natural durante todo el día, a través de los ventanales que ocupan todo el salón y comedor hasta el dormitorio principal. La vivienda se distribuye en entrada principal, que sirve de distribuidor a las zonas de la cocina y al salón- comedor, separadas por modernas puertas acristaladas de hierro y de madera, respectivamente. Consta de un aseo elegante. Salón comedor de gran tamaño y luminosidad por sus grandes ventanales y altos techos. Moderna cocina con península. No solo tiene un diseño único, de manos de Gunni & Trentino, sino que cuenta con mucha capacidad de almacenaje y los mejores electrodomésticos del mercado (Gaggenau, Neff y Miele). Da acceso a un lavadero con tendedero interior y acceso a cuerdas de tender. La cocina alberga una segunda entrada a la vivienda que, como la principal, posee puerta acorazada de seguridad, revestida de roble lacado en blanco. La zona de noche se compone de tres dormitorios en suite, dos de ellos dobles y con vestidor. Todos los dormitorios presentan armarios de madera lacada en blanco empotrados, totalmente vestidos, de gran capacidad de almacenaje y diseño ligero. Tanto los tres baños completos como el aseo de cortesía presentan muebles, inodoros y revestimientos de primeras marcas (Living Ceramics, Roca, Kyria, Cristina Bossini y Bathco). Asimismo, la vivienda consta en la azotea de un trastero de 23 m2, luminoso y totalmente amueblado, así como de DOS PLAZAS DE GARAJE para vehículos de gran tamaño en el mismo inmueble, algo excepcional en esta zona de Madrid. El inmueble tiene portero y servicio de conserjería 24 horas los siete días de la semana, recogida de basuras y sala de entrenamiento personal. La calefacción y el agua caliente son centrales, pero en el salón y en las habitaciones hay sistema de aire frío y caliente individualizados, mediante conductos y rejillas de impulsión. El barrio de Salamanca es una de las zonas residenciales y comerciales más apreciadas de Madrid, y con mayor nivel de vida de toda Europa. El barrio toma su nombre de José de Salamanca y Mayol, el Marqués de Salamanca, que promovió y dirigió su construcción a mediados del siglo XIX, llevada a cabo durante el reinado de Isabel II. Se forjó para las clases aristocráticas y burguesas, con grandes avenidas en distribución regular en forma de damero con calles perpendiculares, en torno a las que se articulan tiendas y comercios de lujo, y grandiosos palacetes, en uno de los cuales vivió el escritor sevillano Gustavo Adolfo Bécquer. En la actualidad, hablamos de una zona dinámica y segura, de grandes aceras, con una interesante vida, gracias a que es el epicentro de las tiendas lujo de la capital, conocida también por la “Milla de Oro”, donde tienen su sede las firmas más prestigiosas del mundo. También concentra un elevado número de Embajadas en edificios decimonónicos con gran valor arquitectónico.",False,good,False,True,10769.0,True,False,False,False,[],False,False,2100000.0,€,,,,flat,"Recoletos, Madrid",Piso,3,,True,False,,95000.0
104282015,https://img4.idealista.com/blur/480_360_mq/0/id.pro.es.image.master/4e/bd/a7/1215405984.webp,,6,1850000.0,chalet,sale,563.0,,4,4,calle Cruz del Sur s/n,Madrid,Majadahonda,Los Satélites - Roza Martín,es,,40.4562449,-3.8996622,True,https://www.idealista.com/obra-nueva/104282015/,"PLANTA SÓTANO Cuenta con vestíbulo escalera, garaje, ascensor / sala multiusos: aprox. 162 m2 con luz y ventilación natural. PLANTA BAJA Vestíbulo: será impactante y de superficie generosa. Será el centro neurálgico de la casa. Su corazón. A partir de él se generan todos los espacios. La escalera se tratará como un elemento escultórico. Salón comedor: es la pieza más importante de la casa. Tendrá dos ambientes y mucha luz. Domina las vistas del jardín y del exterior. Recibirá luz de sur y de este. La cocina se tratará como otra parte más del salón. Escalera: será esbelta y tratada como un elemento escultórico que articula todas las plantas. Aseo de cortesía: tener fácil acceso y zona de guardarropa PORCHES PLANTA BAJA Porche jardín: generoso en dimensiones. Porche acceso: tiene la función de albergar garaje y comunicarlo con entradas principal y de servicio cubiertas. Piscina: será de recreo de 9 x 3 m. Cocina: amplios ventanales, salida directa al jardín y comunicación directa con comedor y también con área de servicio, corazón de actividad social. Frente de columnas e isla gigante para cocinar y comer. Despensa: cerca de cocina. PLANTA ALTA dormitorio principal: amplio aprox 25 m 2, buenas vistas y soleado. Vestidor con más de 10 m l Luz natural cenital. 2 baños (él-ella) completos con luz natural y gran bañera con vistas a jardín superior. Terraza–jardín con vistas. Suite 2: será tipo suite, con vestidor y baño con ducha, inodoro y lavabo, todo con luz natural. Amplios ventanales. Suite 3: será amplio con buen armario y baño completo con luz natural. Amplios ventanales con vistas a amplia terraza jardín y exterior. Suite 4: será amplio con buen armario y baño completo con luz natural. Amplios ventanales con vistas a amplia terraza, jardín y exterior. Armario ropa limpia y distribuidor de acceso cómodo y con vistas y luz natural.",False,newdevelopment,True,,3286.0,True,False,False,False,[],False,False,1850000.0,€,,,,chalet,"Los Satélites - Roza Martín, Majadahonda",Casa independiente en calle Cruz del Sur s/n,,False,True,True,independantHouse,
108220921,https://img4.idealista.com/blur/480_360_mq/0/id.pro.es.image.master/9b/40/f4/1337525769.webp,W-02ZL5R,9,2250000.0,chalet,sale,530.0,,5,4,Los Satélites - Roza Martín,Madrid,Majadahonda,Los Satélites - Roza Martín,es,,40.4499753,-3.9116921,False,https://www.idealista.com/inmueble/108220921/,"Promoción Obra Nueva en inmejorable parcela. ¡LA MEJOR PARCELA DE SATÉLITES!  ENGEL&VÖLKERS comercializa en exclusiva esta promoción de vivienda unifamiliar de espectacular diseño. Sobre una parcela en inmejorable ubicación, lindando con zona verde y la Urb. Bonanza, presenta las mejores vistas a la sierra, atardeceres de ensueño y una gran privacidad. Constará de un cómodo programa desarrollado en dos plantas sobre rasante con enorme porche y preciosa piscina infinity, además de una planta en semisótano. Espacios diáfanos y amplios, dotados de acabados e instalaciones de calidades top, que junto a una eficiencia energética, la convertirán en un hogar de altísimo confort donde disfrutar de una privilegiada calidad de vida. *Licencia y permisos concedidos, se puede iniciar obras inmediatamente con previsión de entrega en los 16 meses posteriores. **Posibilidad de adquirir parcela+proyecto+licencias por 1.200.000€ Los Satélites es una urbanización que, junto a Roza-Martín, conforman la zona de expansión más nueva de Majadahonda, ambas desarrolladas a lo largo de la M-503 en su salida hacia Villanueva del Pardillo. Se compone de viviendas unifamiliares pareadas e independientes en parcelas de 500 a 1.000 m2, todas ellas de diseño vanguardista y altas calidades. En la actualidad hay unas 300 viviendas que se han ido ocupando paulatinamente desde el 2019, otras muchas con obras en curso, y resto de parcelas libres o con proyectos en marcha. Cuenta con acceso vigilado, seguridad 24 horas, grandes espacios naturales, instalación deportiva con pistas de padel y canchas multideporte, vistas de 360º a la sierra y comunicaciones directas con las principales vías rápidas (M-50, M-40). Dispone de la linea 654 de bus. El futuro equipamiento dentro de la propia colonia, contará con una manzana comercial, otra destinada a servicios sanitarios, un centro de la tercera edad y un colegio. En las inmediaciones podemos encontrar ya prestigiosos colegios y universidades internacionales y bilingües, varios supermercados, gasolinera y, a escasos 8 minutos en coche, se ubican varios centros comerciales y de ocio, restaurantes, instalaciones deportivas, campos de golf y el Hospital Universitario Puerta de Hierro. Se completa con los equipamientos y servicios del centro urbano y del resto del municipio, reconocido como uno de los que mejor calidad de vida y posibilidades de revalorización ofrece en la Comunidad de Madrid. *Consulte nuestro servicio personalizado de asesoramiento financiero EV-Finance.",False,good,False,,4245.0,True,False,False,False,[],False,False,2250000.0,€,,,,chalet,"Los Satélites - Roza Martín, Majadahonda",Casa independiente,,,True,True,independantHouse,
108493219,https://img4.idealista.com/blur/480_360_mq/0/id.pro.es.image.master/21/dd/1a/1202568643.webp,P5 8A,7,907000.0,penthouse,sale,166.0,True,2,2,avenida Juan Antonio Samaranch s/n,Madrid,Madrid,Hortaleza,es,Valdebebas - Valdefuentes,40.4869929,-3.6140145,True,https://www.idealista.com/obra-nueva/108493219/,"2 plazas de garaje. El Jardín de Valdebebas. Una promoción de vivienda libre situada en el Valdebebas Entrenúcleos, una ubicación privilegiada y en constante evolución que experimentado un importante crecimiento en los últimos años gracias a su excelente comunicación con el centro de la ciudad. Un proyecto diseñado con los mayores estándares de calidad y bienestar y cuya arquitectura está llamada a ser protagonista en Valdebebas. Una promoción única que aguarda 91 magníficas viviendas exteriores, de dos y tres dormitorios con terraza, que buscan el beneficio máximo de la luz natural y que están pensadas para ser vividas y disfrutadas con la mayor comodidad. Características básicas: La promoción contará con viviendas únicas de 2 y 3 dormitorios, que componen un proyecto icónico donde estilo y comodidad conviven en un entorno de más de 2.000 m². de zonas verdes y diferentes espacios de ocio formando un complejo residencial con todas las comodidades. Una construcción de diseño contemporáneo para la que Amenabar ha contado con la experiencia y el saber hacer del prestigioso estudio F&G Arquitectos, encargados del proyecto arquitectónico. Se trata de un edificio de viviendas diseñado buscando una mayor eficiencia para un bajo consumo energético que favorece el uso racional de la energía, cuidando al mismo tiempo el medio ambiente, la calidad y el confort climático dentro de la vivienda. Zonas comunes: El Jardín de Valdebebas cuenta con una selección de las mejores estancias comunitarias y servicios, creados como espacios únicos que ofrecen experiencias centradas en el bienestar y disfrute de la comunidad: chill out, piscina y solarium, sala fitness, zona social, calistenia y z ona exterior de juegos infantiles. La urbanización cuenta con una cuidada vegetación y una gran variedad de vegetación arbustiva Cada día valoramos más contar con posibilidades de esparcimiento y ocio al aire libre sin salir de nuestro hogar. Las zonas comunes se han diseñado en dos zonas únicas, donde se podrá disfrutar del entorno natural y todo tipo de actividades.  .",False,newdevelopment,True,True,5464.0,True,False,False,False,[],False,False,907000.0,€,,,,flat,"Valdebebas - Valdefuentes, Madrid",Ático en avenida Juan Antonio Samaranch s/n,8,False,True,True,penthouse,
107894659,https://img4.idealista.com/blur/480_360_mq/0/id.pro.es.image.master/37/ee/36/1327570526.webp,5620,69,695000.0,chalet,sale,397.0,,6,3,calle XVIII,Madrid,Las Rozas de Madrid,Las Matas- Peñascales,es,Las Matas- Peñascales,40.5632605,-3.8959142,False,https://www.idealista.com/inmueble/107894659/,"Las Rozas, Las Matas-Peñascales, Chalet independiente en tres alturas, 397m2 de vivienda, parcela 800m2, 6 dormitorios (con posibilidad de añadir dos más en zona buhardilla), 3 baños completos, jardín con piscina, porche, terraza-cenador. Vivienda muy luminosa. PLANTA DE ENTRADA: Encontramos el distribuidor de entrada, 1 dormitorio de 9,5m2, baño completo con ventana exterior y plato de ducha, salón - comedor de 30m2 con chimenea y dos accesos (desde el distribuidor y desde la cocina), la cocina mide 15m2 está amueblada y tiene office, cuenta con salida a un  segundo salón o sala para múltiples usos de 22m2 con salida al gran porche techado con acceso al jardín, dicho porche es muy amplio con zona para mesas con sillas como también tumbonas y sombrillas. En el jardín encontramos la piscina privada recientemente reformada a nuevo, gran zona de estar  para tomar sol y una zona techada para coches, la parcela tiene variedad de plantas y árboles, fachada de ladrillo macizo. PRIMERA PLANTA: 5 dormitorios (tres de ellos dobles), dos baños completos. Medidas de los dormitorios (el dormitorio principal tiene 28m2 con zona vestidor de 8m2), dormitorios secundarios 14m2, 9m2, 8m2 y 8m2. Todos muy luminosos. PLANTA BUHARDILLA: Zona de estar 25m2 con acceso a terraza exterior con vistas hacia el jardín y la piscina. Además cuenta con dos cuartos abuhardillados de 10m2 y 7m2, ambos con ventana hacia el exterior. La parcela es llana con vistas abiertas y silenciosa, la calefacción es individual de gas natural, orientación este - oeste, suelos de parquet y tarima. La ubicación es  excelente, está a muy pocos metros de la carretera A-6 con salida a la M-50, estación de tren Las Matas a cinco minutos en coche, autobuses hacia Madrid. Mabelan (Inmomabelan).",True,good,False,,1751.0,True,False,False,False,[],False,False,695000.0,€,745000.0,50000.0,7.0,chalet,"Las Matas- Peñascales, Las Rozas de Madrid",Casa independiente en calle Xviii,,,True,True,independantHouse,
108540904,https://img4.idealista.com/blur/480_360_mq/0/id.pro.es.image.master/c4/20/12/1347946486.webp,W-02X2JE,30,795000.0,chalet,sale,442.0,,7,4,La Canaleja,Madrid,Galapagar,La Canaleja,es,,40.5687592,-4.0093122,False,https://www.idealista.com/inmueble/108540904/,"Independiente en La Canaleja - Galapagar ¡Descubre tu nuevo hogar en Galapagar! Esta impresionante casa/chalet independiente, construida en 1972, ofrece una combinación perfecta de solidez y encanto. Con una superficie total de 442 m² y ubicada en una parcela de 2.269 m², esta propiedad garantiza privacidad y seguridad en una zona tranquila. La sólida construcción cerrada con piedra y los techos de madera añaden un toque rústico y acogedor. Al entrar, te recibirá un amplio salón con chimenea, ideal para reuniones familiares. La cocina espaciosa tiene acceso directo al jardín, donde podrás disfrutar de una barbacoa exterior y una piscina de cloración salina. Además, la terraza que rodea toda la casa ofrece vistas espectaculares y es perfecta para momentos de relajación. La casa cuenta con siete dormitorios, incluyendo una habitación en suite con baño privado y aire acondicionado, y tres baños adicionales, uno de ellos con bañera. Las placas solares instaladas en la planta baja son un añadido ecológico que reduce el consumo energético. El salón-comedor a dos alturas es un espacio versátil que se adapta a tus necesidades, mientras que el sistema de aire acondicionado en varias estancias y la calefacción por gas natural garantizan el confort durante todo el año. Los armarios empotrados ofrecen un almacenamiento práctico y ordenado. Esta propiedad es ideal para familias que buscan modernidad, espacio y una ubicación privilegiada en Galapagar. No pierdas la oportunidad de convertir esta casa en tu hogar. ¡Ven a visitarla y enamórate! La localidad de Galapagar está situada a 39 Km del norte de Madrid, en un entorno serrano que tradicionalmente ha sido lugar de veraneo y actualmente como localidad de primera residencia. Se encuentra muy próximo a lugares de gran interés turísticos y culturales, como El Escorial, Segovia, La Granja de San Ildefonso y Ávila; todos ellos a menos de 30 minutos. Desde el punto de vista natural, El Parque Natural del Rio Guadarrama, Parque Natural de Hoyo Manzanares, El Pardo, La Pedriza, Sierra de Guadarrama y Navacerrada. Galapagar y Torrelodones ofrecen todos los servicios necesarios: hospitales, centros comerciales, casino, centro cultural, comercio, instalaciones deportivas, restauración y religiosos.",False,good,False,,1799.0,False,False,False,False,[],False,False,795000.0,€,,,,chalet,"La Canaleja, Galapagar",Casa independiente,,,,,independantHouse,
104166831,https://img4.idealista.com/blur/480_360_mq/0/id.pro.es.image.master/df/a3/d7/1211826320.webp,66347,85,2600000.0,flat,sale,215.0,True,4,4,Barrio Almagro,Madrid,Madrid,Chamberí,es,Almagro,40.4345192,-3.6996018,False,https://www.idealista.com/inmueble/104166831/,"Álvora Capital Properties, consultora inmobiliaria de alta calidad en la gestión de activos prime en Madrid, promociona esta extraordinaria vivienda, muy exterior con elegante reforma en una finca clásica del Barrio de Chamberí. Se ubica en la quinta planta exterior, con una excelente distribución en esquina, con vistas panorámicas desde sus seis balcones, sino que también le sumerge en la historia y la tradición arquitectónica de Madrid. En su interior, encontrará un diseño exclusivo y meticulosamente planificado para obtener una verdadera joya arquitectónica. Cuatro dormitorios exquisitamente decorados proporcionan un espacio sereno para el descanso. Un imponente salón comedor con cuatro balcones orientados a la calle, con bonitas vistas. Aseo de cortesía. La cocina se entrega totalmente equipada y cuenta con un área de lavado independiente. Dos dormitorios están en suite y los otros dos dormitorios, comparten un baño. Cada rincón está diseñado con atención al detalle, desde los acabados de alta gama hasta los espacios amplios y luminosos, que permiten que la luz natural bañe cada habitación. El barrio de Almagro es considerado uno de los más elegantes de Madrid. Pertenece al distrito de Chamberí, es actualmente junto con otros barrios como Justicia o Recoletos, una de las zonas residenciales más demandadas. En este barrio destaca el denominado Triángulo de Oro, comprendido por las calles Génova, Almagro y Castellana. En el barrio de Almagro, destacan los numerosos palacetes, embajadas, galerías de arte y centros culturales conforman este elegante eje de la capital. Zona muy acogedora y tranquila donde se encuentran algunos de los establecimientos hosteleros más conocidos de Madrid. La zona dispone de una gran oferta educativa, con colegios concertados y privados. Además, es un área con mucho encanto para ir de compras destacando la proximidad al eje de Fuencarral y a la calle Serrano.  Hablar del Triángulo de Oro de Almagro (Castellana-Génova-Almagro) es hablar de exclusividad, prestigio y seguridad.  Álvora Capital Properties con más de 20 años de experiencia cuenta con un grupo de profesionales altamente cualificados con una amplia vocación de servicio, dedicados a asesorar a nuestros clientes en la gestión de inmuebles situados en las mejores zonas de Madrid. Visite nuestra web corporativa contamos con un gran porcentaje de inmuebles no publicados en los portales inmobiliarios.",False,good,False,True,12093.0,True,False,False,False,[],False,False,2600000.0,€,,,,flat,"Almagro, Madrid",Piso,5,,,,,
108878502,https://img4.idealista.com/blur/480_360_mq/0/id.pro.es.image.master/c9/1b/6f/1357729586.webp,VENTA DE VIIVIENDA CON REFORMA DE DISEÑO,51,549000.0,flat,sale,70.0,True,1,2,ronda de Segovia,Madrid,Madrid,Arganzuela,es,Imperial,40.4075633,-3.7155794,False,https://www.idealista.com/inmueble/108878502/,"activa casa vende vivienda de diseño único: luminosidad, silenciosa y con estilo Descubre este espacio único, perfectamente diseñado para combinar funcionalidad y estética. La vivienda cuenta con un salón que integra a una cocina moderna y una zona de comedor, ideal para disfrutar de momentos de convivencia o relajación. Y aseo. El dormitorio abierto es un verdadero refugio, con una bañera de diseño acristalada que añade un toque contemporáneo y un vestidor integrado que maximiza el espacio y el orden. La vivienda sorprende por su luminosidad y tranquilidad, creando un ambiente acogedor y relajado. Las paredes de ladrillo visto y las vigas de hormigón aportan un carácter único y un estilo industrial chic que enamora. ¡Perfecta para quienes buscan un hogar con personalidad y diseño! . La ubicación es inmejorable: a pocos pasos del Centro de Salud, Biblioteca Municipal y Polideportivo, así como de zonas verdes como el parque de la Cornisa y el parque Madrid-Río. Si buscas vida urbana con ambiente castizo, es una buena ubicación. La comunicación es excelente, cercana a la estación de metro Puerta de Toledo y varias líneas de autobuses disponibles. Además, el acceso a las principales vías de comunicación (M-30, A5, A42) es inmediato. ¡No pierdas la oportunidad de vivir en este maravilloso piso que combina confort, estilo y ubicación!  LLAMANOS PARA MAS INFORMACIÓN. NOTA: Para viviendas en venta, el precio de venta anunciado no incluye IMPUESTO DE TRASMISIONES PATRIMONIALES, NI GASTOS DE NOTARÍA Y REGISTRO. No se incluyen los muebles que aparecen en las fotografías. Este anuncio puede contener errores, se muestra a título informativo y comercial de la información recibida y no tiene responsabilidad contractual.",True,good,False,True,7843.0,True,False,False,False,[],False,False,549000.0,€,,,,flat,"Imperial, Madrid",Piso en ronda de Segovia,2,,,,,
108884977,https://img4.idealista.com/blur/480_360_mq/0/id.pro.es.image.master/46/bf/4e/1357913279.webp,,33,299000.0,flat,sale,133.0,True,4,2,ronda de la Pescadería,Madrid,Alcalá de Henares,Venecia - Nueva Alcalá,es,,40.4773805,-3.3641395,False,https://www.idealista.com/inmueble/108884977/,"Descubre este espacioso y luminoso piso de 110 m² útiles, ubicado en Alcalá de Henares (Madrid) se trata de un piso en tercera planta de un edificio de seis alturas con ascensor. Su distribución destaca por la amplitud de cada estancia, ofreciendo un salón acogedor con acceso a una terraza perfecta para disfrutar de la luz natural gracias a su orientación suroeste. La cocina, también de gran tamaño, cuenta con una práctica terraza adicional que aporta aún más espacio y funcionalidad. La vivienda dispone de cuatro habitaciones amplias, ideales para adaptarlas a diferentes necesidades, ya sea como dormitorios, despacho o zona de ocio. Además, cuenta con un baño completo y un aseo que aportan comodidad extra para la vida diaria. La calefacción de gas natural y el aire acondicionado en el salón garantizan confort en cualquier época del año. El piso requiere ciertas actualizaciones, lo que brinda una excelente oportunidad para reformarlo a tu gusto y diseñar el hogar que siempre has imaginado. Situado en una zona céntrica y bien conectada de Alcalá de Henares, la vivienda cuenta con todos los servicios esenciales a pocos minutos, como supermercados, colegios, centros de salud y transporte público, facilitando tanto la vida diaria como los desplazamientos. Las imágenes 1, 14, 20 y 28 son infografías de como podría quedar la vivienda con otra decoración.",False,renew,False,True,2248.0,True,False,False,False,[],False,False,299000.0,€,,,,flat,"Venecia - Nueva Alcalá, Alcalá de Henares",Piso en ronda de la Pescadería,3,,True,False,,30000.0
108828195,https://img4.idealista.com/blur/480_360_mq/0/id.pro.es.image.master/0e/76/da/1356312290.webp,,45,375000.0,chalet,sale,171.0,,4,2,calle Redondillo 8 s/n,Madrid,Moralzarzal,Zona Los Lagos,es,,40.6733914,-3.9698148,True,https://www.idealista.com/inmueble/108828195/,"POSIBILIDAD DE FINANCIACION AL 100% DE SU PRÉSTAMO HIPOTECARIO. La agencia inmobiliaria en Moralzarzal - Tecnocasa Estudio Moralzarzal SLU te ofrece en una tranquila urbanización semi privada, con piscina comunitaria, pistas deportivas (fútbol, baloncesto, tenis) y amplias zonas verdes con parque infantil y mesas de ping pong, este encantador chalet pareado de esquina, lleno de luz, amplitud y posibilidades. La vivienda, distribuida en tres cómodas plantas, cuenta con un garaje amplio, trastero, bodega y cuarto de calderas en la planta baja. La calefacción es de gasoil, con caldera y depósito de 700lts y radiadores en cada una de las estancias de la casa. Se accede al chalet por unas escaleras que llevan a una terraza exterior recibidor, ideal para disfrutar de las vistas abiertas a la sierra. Al entrar, nos recibe un salón amplio y luminoso, con chimenea y un práctico hueco de almacenaje bajo la escalera. Desde aquí, un pasillo conduce a un baño completo con ventana y bañera, y a la cocina, de distribución rectangular y buen tamaño, la cual, a su vez, conecta con el patio trasero, una zona amplia con sombra multifunción: con espacio para barbacoa, mesa, sillas, tendedero… Un rincón perfecto para relajarse o compartir con amigos y familia. En la planta alta, un distribuidor da paso a cuatro dormitorios, tres de ellos con armarios empotrados. Amplios, luminosos y con muy buena orientación. En el mismo distribuidor, se encuentra el segundo baño de la vivienda, de buen tamaño, completo y con bañera. La casa ha recibido algunas mejoras como la calefacción, la bodega y detalles en la cocina, pero conserva su estado original en gran parte, muy bien mantenida y con un enorme potencial para actualizarla y transformarla en la casa de tus sueños. Su ubicación es ideal: a un paso de la carretera de Moralzarzal, con conexión directa hacia Villalba y la A6, y muy cerca de supermercados, colegios, farmacias, bares y restaurantes, en una zona tranquila que combina comodidad y paz, lejos del bullicio pero cerca de todo lo necesario. Si buscas una vivienda espaciosa, bien ubicada y con infinitas posibilidades para adaptarla a tu gusto, esta es tu oportunidad.",True,renew,False,,2193.0,True,False,False,False,[],False,False,375000.0,€,,,,chalet,"Zona Los Lagos, Moralzarzal",Chalet pareado en calle Redondillo 8 s/n,,,True,True,semidetachedHouse,
108591905,https://img4.idealista.com/blur/480_360_mq/0/id.pro.es.image.master/52/c0/95/1276310713.webp,Argia_P1.1A,3,211000.0,flat,sale,82.0,True,2,2,avenida del Ferrocarril s/n,Madrid,Arganda,Centro,es,,40.3043178,-3.4484145,True,https://www.idealista.com/obra-nueva/108591905/,"Residencial Ciudad Futura- Edificio Argia Próximo inicio de construcción. Descubre Edificio Argia, la nueva promoción que desarrolla Inmoglaciar en Arganda, seguros de que les va a encantar. Este es el momento que muchos estaban esperando, una oportunidad única para adquirir una vivienda en una ubicación privilegiada. Edificio Argia no es solo un lugar donde vivir, es un hogar pensado para ofrecerte el máximo confort y calidad de vida. Aquí encontrarás: Viviendas modernas de 2 dormitorios con terraza, acabados de primera calidad, diseñadas para aprovechar al máximo la luz natural y con espacios atractivos y funcionales. Zonas comunes exclusivas que incluyen piscina con zona con solárium y sala comunitaria, para disfrutar del tiempo libre sin salir de casa. Ubicación inmejorable, en la avenida del Ferrocarril, con fácil acceso a servicios, transporte público de Metro y red de autobuses urbanos e interurbanos, y todo lo que necesitas para tu día a día. Sabemos que encontrar el hogar perfecto puede ser un desafío, pero en Edificio Argia, hemos pensado en cada detalle para que tú solo tengas que disfrutar.  Contacta con nosotros para ser de los primeros en recibir toda la información y asegurarte de que no se te escape esta oportunidad única.    No esperes más y da el primer paso hacia tu nuevo hogar en Edificio Argia.",False,newdevelopment,True,True,2573.0,True,False,False,False,[],False,False,211000.0,€,,,,flat,"Centro, Arganda",Piso en avenida del Ferrocarril s/n,1,False,True,True,,
104564764,https://img4.idealista.com/blur/480_360_mq/0/id.pro.es.image.master/ce/c2/13/1224554459.webp,44181,55,2995000.0,flat,sale,254.0,True,3,3,Barrio Goya,Madrid,Madrid,Barrio de Salamanca,es,Goya,40.4225645,-3.6789346,False,https://www.idealista.com/inmueble/104564764/,"Álvora Capital Properties, consultora inmobiliaria de alta calidad en la gestión de activos prime en Madrid, les ofrece en venta esta moderna y lujosa vivienda en esquina, totalmente exterior, con vistas al Parque del Retiro, en una ubicación excepcional. El edificio en el que se enclava, esta maravillosa propiedad, cuenta con unos servicios exclusivos como piscina interior climatizada de agua salada, gimnasio, spa con sauna finlandesa y baño turco. Disfruta de tecnología domótica con parking robotizado y acceso directo desde la propia finca, vigilancia 24 horas y cámaras de seguridad.  Se ubica en la 3ª planta con doble orientación sur-oeste, proporcionando gran luminosidad en todas las estancias de esta lujosa vivienda. Además, disfruta de una excelente distribución con amplio hall con un aseo de cortesía y armario gabanero con acceso al área de recibo con un salón en dos ambientes, los cuales gozan de un gran ventanal con bonitas vistas al Parque del Retiro. Pegado al salón y con acceso desde el hall, se ubica la cocina, que actualmente se encuentra totalmente independiente, con la posibilidad de hacer una espectacular cocina integrada. Se entrega con todos los electrodomésticos de primeras marcas. Cuenta además de un área de lavandería. La zona de descanso se desarrolla en tres generosos dormitorios y dos baños. El dormitorio principal es en suite muy amplio y con numerosos armarios y un amplio vestidor. Los otros dos dormitorios comparten un baño. La vivienda cuanta con un amplio trastero, una plaza de garaje robotizada, incluida en el precio y una segunda plaza no incluida, con precio a convenir. La zonas comunes son excepcionales con seguridad las 24 horas en una de las mejores zona de Madrid. Definitivamente, una vivienda de lujo con las más altas prestaciones para que el día a día, sea más confortable y agradable. El barrio de Salamanca es una de las zonas residenciales y comerciales más apreciadas de Madrid, y con mayor nivel de vida de toda Europa. El barrio toma su nombre de José de Salamanca y Mayol, el Marqués de Salamanca, que promovió y dirigió su construcción a mediados del siglo XIX, llevada a cabo durante el reinado de Isabel II. Se forjó para las clases aristocráticas y burguesas, con grandes avenidas en distribución regular en forma de damero con calles perpendiculares, en torno a las que se articulan tiendas y comercios de lujo, y grandiosos palacetes, en uno de los cuales vivió el escritor sevillano Gustavo Adolfo Bécquer. En la actualidad, hablamos de una zona dinámica y segura, de grandes aceras, con una interesante vida, gracias a que es el epicentro de las tiendas lujo de la capital, conocida también por la “Milla de Oro”, donde tienen su sede las firmas más prestigiosas del mundo. También concentra un elevado número de Embajadas en edificios decimonónicos con gran valor arquitectónico. Y encontramos los establecimientos de hostelería más cosmopolitas de la capital, como el famoso “Platea Madrid” que es el centro de ocio gastronómico más grande de Europa. La cercanía al Parque del Retiro, le proporciona la etiqueta, de ser unos de los mejores barrios para vivir de Madrid. Álvora Capital Properties con más de 20 años de experiencia cuenta con un grupo de profesionales altamente cualificados con una amplia vocación de servicio, dedicados a asesorar a nuestros clientes en la gestión de inmuebles situados en las mejores zonas de Madrid. Visite nuestra web corporativa contamos con un gran porcentaje de inmuebles no publicados en los portales inmobiliarios.",False,good,False,True,11791.0,True,False,False,False,[],False,False,2995000.0,€,,,,flat,"Goya, Madrid",Piso,3,,True,True,,
108552865,https://img4.idealista.com/blur/480_360_mq/0/id.pro.es.image.master/4f/ed/f6/1348258887.webp,CH-426737-B,31,1500000.0,penthouse,sale,148.0,True,4,2,Barrio Nueva España,Madrid,Madrid,Chamartín,es,Nueva España,40.459922,-3.6754957,False,https://www.idealista.com/inmueble/108552865/,"ÚNICA Inmobiliaria presenta este magnífico ático, una auténtica joya para quienes buscan calidad de vida, luz natural y una terraza privada en el corazón de Chamartín. Este inmueble destaca por su excelente ubicación, su distribución funcional y sus agradables espacios exteriores. Situado en una finca elegante y contemporánea con ascensor, portero físico y acceso adaptado a personas con movilidad reducida, este ático ofrece 148 m² Y está diseñado para disfrutar de la comodidad y el estilo en una de las zonas más deseadas de Madrid. Principales características: 148 m² construidos Amplia terraza privada con doble ambiente: zona chill-out y comedor exterior / jardín urbano 4 dormitorios, uno de ellos en suite 2 baños completos comedor amplio, Salón muy luminoso con acceso directo a la terraza Cocina independiente, totalmente equipada, con ventilación natural Hall de entrada elegante y funcional Orientación este en salón y terraza, y oeste en los dormitorios: luz natural garantizada todo el día Ubicación inmejorable: En plena calle Príncipe de Vergara, en el consolidado y prestigioso barrio de Chamartín. Rodeado de todos los servicios: supermercados, colegios, zonas verdes, transporte público (metro y autobuses), comercio de proximidad y una amplia oferta gastronómica. Un entorno que combina la tranquilidad residencial con la vitalidad urbana. Esta es tu oportunidad de adquirir un ático con terraza en una de las zonas más codiciadas de Madrid. Contáctanos en ÚNICA Inmobiliaria para más información o para concertar una visita. Estaremos encantados de asesorarte. Más de 20 años de experiencia en el sector inmobiliario de lujo en Madrid, trabajando en zonas como Barrio de Salamanca, Recoletos, Almagro, Chamartín, Retiro, Justicia…. En Única Inmobiliaria aglutinamos más de veinte años de experiencia en el sector del lujo. Contamos con una amplia trayectoria que avala nuestra gestión trabajando alrededor de las zonas más exclusivas de Madrid: Barrio de Salamanca, Recoletos, Almagro, Chamartín, Retiro, Justicia….",False,good,False,True,10135.0,False,False,False,False,[],False,False,1500000.0,€,,,,flat,"Nueva España, Madrid",Ático,7,,,,penthouse,
108883827,https://img4.idealista.com/blur/480_360_mq/0/id.pro.es.image.master/94/82/eb/1357880011.webp,,24,329900.0,flat,sale,48.0,True,1,1,calle de Cartagena,Madrid,Madrid,Barrio de Salamanca,es,Guindalera,40.4376514,-3.6687131,False,https://www.idealista.com/inmueble/108883827/,"PARA VISITAS DIRECTAS LLAME O ESCRIBA AL  Agencia inmobiliaria de MADRID zona VENTAS - GUINDALERA - Oficina Tecnocasa: EN VENTA: Piso en calle Cartagena. Situado en la cuarta planta del edificio y con 48m2, consta de amplio salón comedor con dos balcones a la calle principal. Cocina independiente con pared corredera que permite integrarla o separarla del salón según se desee. Baño con plato de ducha y dormitorio doble con ventana a patio de luces.   Finca sin ascensor. Rodeado de zonas verdes, a 200 metros del intercambiador de Avenida de América (líneas 5, 6, 7 y 9) a 100 metros del metro de Cartagena (línea 7) y a 500 metros de la plaza de Diego de León. Innumerables líneas de autobús. Zona consolidada con todos los servicios que cualquier persona pueda necesitar; supermercados, colegios, médicos, polideportivos, biblioteca etc, y con fácil acceso a la m30, m40 y A2. OPORTUNIDAD, MEJOR VER.",False,good,False,False,6873.0,True,False,False,False,[],False,False,329900.0,€,,,,flat,"Guindalera, Madrid",Piso en calle de Cartagena,4,,,,,
108299579,https://img4.idealista.com/blur/480_360_mq/0/id.pro.es.image.master/00/98/6f/1340000768.webp,TGG-2200241,21,199800.0,flat,sale,100.0,False,3,2,calle Infante Don Luis,Madrid,Alcalá de Henares,Reyes Católicos,es,,40.4715938,-3.3744003,False,https://www.idealista.com/inmueble/108299579/,"TGG Inmobiliaria presenta en exclusiva este magnífico noveno piso en Alcalá de Henares, disponible ahora para su compra. Cuenta con terraza cubierta, calefacción central y vistas a la montaña y a la Sierra de Madrid. Esta vivienda combina confort y funcionalidad en una ubicación tranquila y bien comunicada, junto a un agradable parque ideal para disfrutar de paseos y espacios al aire libre. Situada en una novena planta con ascensor, dispone de tres habitaciones, un baño completo y un aseo, distribuidos de forma práctica. El salón-comedor es amplio y acogedor, mientras que la cocina es independiente y completamente equipada, perfecta para el día a día. La terraza cubierta ofrece un espacio versátil para relajarse, teletrabajar o aprovechar como rincón privado, con vistas a la montaña y la Sierra de Madrid. La propiedad cuenta con agua caliente y calefacción central, garantizando confort durante todo el año. Está ubicada cerca de colegios, centro sanitario, supermercados y paradas de autobús, facilitando el acceso a todos los servicios sin necesidad de vehículo. Una oportunidad única para vivir en altura, con vistas agradables y todas las comodidades en una de las zonas más demandadas de Alcalá de Henares. Para más información o para concertar una visita, no dudes en contactarnos. SI ESTÁ PENSANDO EN VENDER O ALQUILAR UNA PROPIEDAD, CUENTE CON LA INMOBILIARIA MEJOR VALORADA DE NUESTRA ZONA: TGG INMOBILIARIA. Los datos de este anuncio son meramente informativos, no vinculantes ni contractuales, y pueden ser susceptibles de contener errores. Se informa al cliente que los gastos de notaría, tasación, registro, gestoría, impuesto de transmisiones, gastos financieros, gastos de gestión u honorarios de intermediación de la agencia, y/o cualquier otro gasto inherente a la compraventa, no están incluidos en el precio publicado y corresponden a la parte compradora.",True,good,False,True,1998.0,True,False,False,False,[],False,False,199800.0,€,218800.0,19000.0,9.0,flat,"Reyes Católicos, Alcalá de Henares",Piso en calle Infante Don Luis,10,,,,,
107077700,https://img4.idealista.com/blur/480_360_mq/0/id.pro.es.image.master/8d/c0/ff/1310719862.webp,e75.loperueda,36,899000.0,flat,sale,103.0,True,3,3,"calle de Lope de Rueda, 46",Madrid,Madrid,Retiro,es,Ibiza,40.4192744,-3.6778423,True,https://www.idealista.com/inmueble/107077700/,"piso bajo, exterior, reformado a estrenar muy luminoso, finca del año 1940, con servicio de portería física, distribuido en 3 dormitorios, dos de ellos en suite, 3 baños completos, patio interior, 3 ventanas dobles a la calle, armarios empotradas, armarios empotrados y un vestidor, gran altura de techos 3,20m de alto, cocina incorporada al salón con isla, aire acondicionado frio y calor, calefacción individual de gas, esquina calle menorca, a un minuto del parque del retiro, se vende completamente equipado.",True,good,False,False,8728.0,True,False,False,False,[],False,False,899000.0,€,,,,flat,"Ibiza, Madrid","Piso en calle de Lope de Rueda, 46",bj,,,,,
107730462,https://img4.idealista.com/blur/480_360_mq/0/id.pro.es.image.master/e2/93/b5/1321119719.webp,CM-426566,18,820000.0,flat,sale,83.0,True,3,2,Barrio Vallehermoso,Madrid,Madrid,Chamberí,es,Vallehermoso,40.4395713,-3.7106474,False,https://www.idealista.com/inmueble/107730462/,"ÚNICA INMOBILIARIA ofrece este maravilloso inmueble exterior con mucha luz natural, que garantiza un ambiente cálido y luminoso en todo momento, con una superficie de 83 m², distribuidos en 3 amplios dormitorios, ideales para adaptarse a tus necesidades y 2 baños completos que ofrecen comodidad y privacidad. En una inmejorable ubicación tranquila y bien conectada de la zona de Vallehermoso, muy cerca de colegios, comercios y transporte público (líneas de metro y autobuses). La vivienda se encuentra actualmente alquilada hasta Junio de 2025 con una renta de 2.400€ mensuales. Este hogar ofrece la combinación perfecta entre comodidad, funcionalidad y ubicación. Es ideal tanto para familias como para quienes buscan un espacio amplio y moderno en un entorno residencial y con una excelente conexión al centro de la ciudad. ¡Ven a conocerlo y haz de este piso tu nuevo hogar! En Única Inmobiliaria aglutinamos más de veinte años de experiencia en el sector del lujo. Contamos con una amplia trayectoria que avala nuestra gestión trabajando alrededor de las zonas más exclusivas de Madrid: Barrio de Salamanca, Recoletos, Almagro, Chamartín, Retiro, Justicia….",False,good,False,True,9880.0,False,False,False,False,[],False,False,820000.0,€,,,,flat,"Vallehermoso, Madrid",Piso,3,,,,,
106611927,https://img4.idealista.com/blur/480_360_mq/0/id.pro.es.image.master/3e/3e/80/1288699289.webp,426211-P,22,1240000.0,flat,sale,100.0,True,2,2,Barrio Lista,Madrid,Madrid,Barrio de Salamanca,es,Lista,40.4328299,-3.6772252,False,https://www.idealista.com/inmueble/106611927/,"UNICA Inmobiliaria les presenta magnifica vivienda exterior reformada recientemente, situada en elegante de los años 60.  100 m² distribuidos en salón - comedor exterior, compuesto por dos ventanales amplios, que aportan mucha luminosidad, uno de ellos tiene salida directa a la terraza; cocina de diseño, abierta al salón con una isla en un lateral, se entrega completamente amueblada, con todos los electrodomésticos de alta gama.  Área de descanso compuesta por dos dormitorios, el principal doble y en suite, y dos de baños.  Dispone de plaza de garaje en el PAR de Maldonado. En cuanto a calidades destacamos los cerramientos de aluminio con doble acristalamiento, puertas lacadas en blanco de gran tamaño, suelo de tarima flotante en forma de espiga.  Calefacción es central con contadores individuales, aire acondicionado instalado. Finca con fácil acceso para personas con movilidad reducida y portero físico en finca. Lista es uno de los barrios que compone el castizo distrito de Salamanca, el cual tiene sus orígenes en el siglo XIX con el reinado de Isabel II. Fue el Marqués de Salamanca quien pidió la construcción de este entramado con el fin de que fuese la residencia de la aristocracia y la burguesía de Madrid. Además de dar fantásticos paseos por sus calles, el barrio de Salamanca tiene una amplia oferta de museos, entre ellos destaca el Museo Arqueológico Nacional, Museo Lázaro Galdiano, La Fundación Juan Marcha o el Palacio de los Deportes. En Única Inmobiliaria aglutinamos más de veinte años de experiencia en el sector del lujo. Contamos con una amplia trayectoria que avala nuestra gestión trabajando alrededor de las zonas más exclusivas de Madrid: Barrio de Salamanca, Recoletos, Almagro, Chamartín, Retiro, Justicia….",False,good,False,True,12400.0,False,False,False,False,[],False,False,1240000.0,€,,,,flat,"Lista, Madrid",Piso,4,,,,,
108352240,https://img4.idealista.com/blur/480_360_mq/0/id.pro.es.image.master/02/9b/4a/1341549799.webp,DS-P77738B,21,1240000.0,flat,sale,102.0,True,3,3,Barrio Ibiza,Madrid,Madrid,Retiro,es,Ibiza,40.4189491,-3.6731054,False,https://www.idealista.com/inmueble/108352240/,"DIZA Consultores les presenta esta exclusiva vivienda en Ibiza, junto al Parque del Retiro. En la primera planta de un edificio construido a mediados del siglo XX, se encuentra esta luminosa propiedad de 102 metros cuadrados. La vivienda, se ha reformado recientemente empleando materiales de alta gama y se encuentra completamente a estrenar. La zona social se caracteriza por su amplitud y luminosidad, ya que tiene ventanas grandes. De concepto abierto, se trata de un espacio diáfano con salón, comedor y cocina integrados. Esta está equipada con electrodomésticos integrados e incluye vinoteca. La zona de descanso cuenta con tres dormitorios y tres baños completos, dos de ellos en suite. El dormitorio principal destaca por su baño con grifería empotrada en oro cepillado y su vestidor con armarios de cristal fumé. Todos los dormitorios disponen de armarios empotrados de suelo a techo, totalmente terminados. La vivienda ofrece acabados de alta gama: suelos de tarima roble, techos de 3 metros con molduras, iluminación LED indirecta, carpintería alemana con rotura de puente térmico, persianas eléctricas, sistema de sonido integrado, tomas de red y climatización por conductos frío/calor con wifi. Además, cuenta con calefacción central y zona independiente para lavadora y secadora. El edificio dispone de ascensor, servicio de portería residente y acceso adaptado para personas con movilidad reducida. Situada a pocos pasos del Parque del Retiro, esta vivienda combina la elegancia de lo clásico con las comodidades más actuales, en una de las zonas más demandadas y con mejor calidad de vida de Madrid. Estaremos encantados de atenderle. DIZA Consultores Inmobiliarios Inmobiliaria de lujo en Madrid especializada en comprar, vender y alquilar pisos en las zonas premium de Madrid: Barrio de Salamanca, Almagro, Chamartín, Retiro, Pozuelo, Aravaca, Boadilla. Convertimos Sueños en Hogares.",False,good,False,True,12157.0,False,False,False,False,[],False,False,1240000.0,€,,,,flat,"Ibiza, Madrid",Piso,1,,,,,
108239437,https://img4.idealista.com/blur/480_360_mq/0/id.pro.es.image.master/88/58/fd/1338115096.webp,ONM2505002,8,348500.0,flat,sale,74.0,True,2,1,Centro Urbano,Madrid,San Sebastián de los Reyes,Centro Urbano,es,,40.5446523,-3.6306184,False,https://www.idealista.com/obra-nueva/108239437/,"En la emblemática calle Santa Teresa de Jesús, en pleno corazón de San Sebastián de los Reyes, se desarrolla esta exclusiva promoción de obra nueva compuesta por solo 5 viviendas de 2 y 3 dormitorios, con precios desde 348.500 €. Un proyecto residencial singular que combina una arquitectura contemporánea con distribuciones funcionales, espacios amplios y luminosos, y una cuidada selección de materiales de calidades medias-altas que garantizan confort, eficiencia y una imagen elegante y actual. Las viviendas están equipadas con sistemas de aerotermia para climatización y agua caliente sanitaria, instalación de domótica para control inteligente del hogar, y ventanas de aluminio con rotura de puente térmico, cristal acústico con doble lámina y control solar bajo emisivo, lo que asegura un excelente aislamiento térmico y acústico. Además, todas las unidades incluyen en el precio un trastero. La promoción incluye una atractiva planta baja con un amplio jardín privado, ideal para quienes buscan un plus de espacio exterior en un entorno urbano. Ubicada en una de las zonas más consolidadas y demandadas del municipio, la promoción se beneficia de una excelente conectividad con Madrid, tanto por transporte público como por carretera, y de un entorno con todos los servicios: centros educativos, comercios, zonas verdes, centros deportivos y oferta de ocio. Una oportunidad única de adquirir una vivienda nueva y eficiente en una ubicación estratégica, pensada tanto para familias como para perfiles inversores que valoran la calidad, la tranquilidad y el potencial de revalorización. ¿Te imaginas vivir aquí?",False,newdevelopment,True,True,4709.0,True,False,False,False,[],False,False,348500.0,€,,,,flat,"Centro Urbano, San Sebastián de los Reyes",Piso,2,False,,,,
108193663,https://img4.idealista.com/blur/480_360_mq/0/id.pro.es.image.master/76/10/5a/1336698995.webp,W-02Z9RH,7,1342000.0,chalet,sale,420.0,,6,4,Navalquejigo - Los Arroyos,Madrid,El Escorial,Navalquejigo - Los Arroyos,es,,40.5991772,-4.0578459,False,https://www.idealista.com/inmueble/108193663/,"Chalet individual de construcción sostenible Vivienda cuidadosamente diseñada, que ofrece espacios amplios y luminosos con acabados y materiales de primera calidad. El acceso a la vivienda se abre frente a la Calle Principal de la Urbanización Los Arroyos con un amplio vestíbulo de entrada que da paso a un salón-comedor diáfano con cocina abierta y abre huecos al sur, con una gran terraza abierta hacia la piscina, el jardín posterior y el embalse de Valmayor. Desde este gran salón-comedor se accede a la zona de dormitorios, con dos amplios dormitorios y un baño en planta baja, con escalera de acceso a segunda planta. En ésta planta se proyectan otros dos grandes dormitorios con baño común y armarios en el pasillo distribuidor, junto a un dormitorio principal en suite con vestidor y baño incorporado. Junto a la cocina accedemos a una segunda cocina de preparación, una despensa, un cuarto de lavado y plancha, y un aseo que da servicio a la planta baja. También se puede acceder a un dormitorio de invitados o de servicio, con baño propio, y al pasillo que da acceso al garaje cerrado, para tres coches. La piscina de nado de dimensión semi-olímpica de 25 m de largo está equipada con un sistema de ultrafiltración con perlita. El proyecto se ha diseñado con los más altos estándares de eficiencia energética para hacer de la vivienda un espacio totalmente sostenible que garantice el ahorro energético. Los Arroyos, ubicado en la Sierra de Madrid, ofrece un entorno idílico donde la tranquilidad y la naturaleza se fusionan con la comodidad y las oportunidades de la vida moderna. Con parques naturales cercanos y una abundancia de senderos para caminar, correr y montar en bicicleta, los amantes del aire libre encontrarán en esta zona el lugar perfecto. Además la zona tiene excelentes conexiones de transporte, incluyendo un acceso rápido a la autopista, conectando con Madrid directamente. Con una amplia gama de servicios y comodidades para satisfacer las necesidades diarias de sus residentes, incluyendo supermercados, colegios de calidad, centros de salud, restaurantes y áreas de recreación.",False,good,False,,3195.0,True,False,False,False,[],False,False,1342000.0,€,,,,chalet,"Navalquejigo - Los Arroyos, El Escorial",Casa independiente,,,True,True,independantHouse,
108614416,https://img4.idealista.com/blur/480_360_mq/0/id.pro.es.image.master/83/55/f8/1349987528.webp,5588,34,750000.0,flat,sale,122.0,True,2,2,avenida de Europa,Madrid,Pozuelo de Alarcón,Zona Avenida Europa,es,Zona Avenida Europa,40.4367112,-3.7964893,False,https://www.idealista.com/inmueble/108614416/,"Estupendo piso de 122 m² construidos en segunda planta, muy luminoso y ubicado en una de las urbanizaciones más exclusivas de Avenida de Europa, Pozuelo de Alarcón. La vivienda dispone de 2 dormitorios, siendo el principal en suite, y 2 baños completos. Cuenta con un amplio salón-comedor con acceso directo a una gran terraza, ideal para relajarse o disfrutar en compañía. La cocina independiente está totalmente equipada con electrodomésticos y tiene salida a una terraza-lavadero independiente. Situado en una urbanización privada con vigilancia 24 horas, conserje y sistema de cámaras de seguridad, garantiza tranquilidad y protección. Las zonas comunes son inmejorables: amplios jardines, piscina para adultos e infantil, pista de pádel y vestuarios. Plaza de garaje incluída en el precio. Ubicación privilegiada, en plena Avenida de Europa, con excelente conexión, rodeado de servicios, comercios y colegios. Contáctanos para más información o para agendar tu visita.",True,good,False,True,6148.0,True,True,False,False,[],False,False,750000.0,€,,,,flat,"Zona Avenida Europa, Pozuelo de Alarcón",Piso en avenida de Europa,2,,True,True,,
108622379,https://img4.idealista.com/blur/480_360_mq/0/id.pro.es.image.master/18/0c/58/1350224527.webp,0096-01130,53,995000.0,penthouse,sale,175.0,True,3,3,calle de María de las Mercedes de Borbón,Madrid,Madrid,Hortaleza,es,Valdebebas - Valdefuentes,40.494385,-3.619228,False,https://www.idealista.com/inmueble/108622379/,"Código de llamada: 105  En venta espectacular ático-duplex en Valdebebas, en urbanización privada, junto al Parque Forestal Felipe VI. La vivienda, muy luminosa, totalmente exterior, dispone de 139 m2 construidos más una gran terraza de 36 m2. Su orientación Este recibe un magnífico sol de mañana. Distribución: En planta de acceso nos encontramos con un espacioso salón comedor, cocina con despensa y tendedero, baño y la mencionada terraza mitad cubierta y mitad con pérgola de lona extensible. En la planta superior cuenta con 3 dormitorios, el principal con baño en suite y dos dormitorios que comparten un baño adicional. Esta distribución, permite que pueda haber reuniones de familia y amigos a horas en que los pequeños de la casa estén durmiendo plácidamente gracias a la independencia de los dormitorios. Cuenta con numerosos armarios empotrados, suelos de parquet, ventanas de climalit con mosquiteras en los dormitorios, calefacción central con termostato en la propia vivienda, aire acondicionado con bomba de calor (máquina individual para cada planta). La vivienda dispone de un trastero (7 m2) anejo y dos plazas de garaje juntas (27,7 m2 c/u), no incluidas en el precio de la vivienda, valoradas en 25.000 euros cada una. Respecto a la urbanización dispone de unas amplias zonas comunes con jardines, zona de juegos infantiles, piscina, pista de pádel y amplio gimnasio (con máquinas recien renovadas y zona de pesas) y conserje que aporta seguridad y la comodidad de la recogida de paquetería cuando los propietarios están ausentes. Está situada en una de las mejores zonas de Valdebebas, con acceso directo al Parque Forestal Felipe VI frente a la puerta de la urbanización y está cerca también del Parque de la Centralidad. Cuenta con comercio en los alrededores, restaurantes, gimnasios, campos de fútbol y baloncesto, un rocódromo y numerosos supermercados (Silva Colmado, Casa Elías, Mercadona, Carrefour, Supercor, BM y Ahorramás). Transporte: Con vehículo propio tiene dos salidas por Sanchinarro o directamente por M11 / IFEMA, por ambas se accede en seguida a la M-40 / M-30 y la Plaza Castilla en 15'. Con transporte público: parada del cercanías Valdebebas en la que estas en 20 minutos en nuevos ministerios y en 25 en Cibeles. Autobús a Mar de Cristal y a Plaza Castilla además del bus rápido que va por Sanchinarro, las Tablas hasta el hospital Ramón y Cajal. Y ya está aprobada la ampliación de línea 11 de metro hasta la T4 con parada muy cercana. Respecto al aeropuerto se tardan 7 minutos en coche hasta la T4 y 10 minutos al resto de terminales. Dotaciones sanitarias: Se está construyendo actualmente el Centro de Salud Público que estará disponible a mediados de 2026.  Por otra parte está el Hospital Sanitas (BLUA sanitas) que es el primer hospital digital de España y tienes centros médicos de Sanitas, HM Hospitales y Quirón  Dotaciones educativas: Escuela infantil municipal muy cercana y multitud de guarderías, además de un colegio público, también cernano  y un colegio concertado (GSD Valdebebas). En definitiva se trata de un hogar ideal para la familia, por su luz, amplitud y características, además del equipamiento de su urbanización. También por la zona donde se encuentra, muy agradable para vivir y de un enorme potencial por la gran dotación que ya dispone y por los proyectos futuros que se van a acometer, como Valdebebas Shopping que ya está comenzando a construirse y va a ser el centro comercial más grande de Madrid con 280 establecimientos, el futuro circuito de Fórmula 1, la Ciudad de la Justicia y recientemente se ha aprobado la construcción del Madrid Innovation District.",True,good,False,True,5686.0,True,True,False,False,[],False,False,995000.0,€,1075000.0,80000.0,7.0,flat,"Valdebebas - Valdefuentes, Madrid",Ático en calle de María de las Mercedes de Borbón,9,,True,False,penthouse,25000.0
108405071,https://img4.idealista.com/blur/480_360_mq/0/id.pro.es.image.master/61/97/0a/1343553610.webp,W-0307SG,59,1280000.0,chalet,sale,420.0,,6,4,Valdelagua,Madrid,Valdelagua,,es,,40.6480639,-3.6008275,False,https://www.idealista.com/inmueble/108405071/,"Espectacular casa totalmente reformada en Valdelagua Engel& Völkers les presenta EN EXCLUSIVA está casa ubicada en una de las zonas más selectas de Madrid, en la Urbanización Valdelagua  Esta bonita y funcional vivienda, diseñada para una vida tranquila y confortable, cuenta con una excelente orientación sur, techos altos y una gran luminosidad en todas sus estancias. Completamente reformada con materiales de alta calidad. Con una superficie construida de 420 m², se distribuye en dos plantas: una planta baja de 218 m² y una elegante planta superior abuhardillada de gran altura y mucha luz, con parcela plana de 2.024 m². En la planta baja se encuentra una amplia cocina independiente, un salón-comedor de 50 m² con acceso directo a un espectacular porche acristalado, un aseo de cortesía y una práctica zona de lavandería. Esta planta acoge también la zona de descanso, compuesta por un dormitorio principal con baño en suite, tres dormitorios adicionales y un segundo baño completo. Armarios empotrados de madera de haya. La planta superior ofrece un gran salón abuhardillado, muy luminoso, y una sala anexa que alberga un amplio gimnasio, sauna y baño completo. Toda esta planta dispone de armarios empotrados ofreciendo gran capacidad de almacenaje. El jardín es amplio y está cuidadosamente diseñado. En su vertiente sur encontramos una extensa pradera con arbolado consolidado, una terraza exterior con pérgola y una agradable zona de barbacoa. En la zona norte, el jardín se convierte en un pequeño oasis con huerto y árboles frutales y espectacular piscina de 12x3 metros, perfecta para nadar y disfrutar gran parte del año. Está equipada con una cubierta motorizada de aluminio y policarbonato, y un sistema de filtración avanzado mediante ionización de cobre-plata y lámparas UV, sin cloro. En cuanto a sostenibilidad y eficiencia energética, dispone de paneles solares con una potencia de 10 kW, agua caliente sanitaria y climatización por aerotermia, con suelo radiante y refrescante. Además, cuenta con seis unidades de aire acondicionado con bomba de calor, tres en cada planta. El garaje independiente tiene capacidad para dos vehículos con un cargador para coche eléctrico de 7 kW. La finca también incluye una caseta de jardinería de 15 m² con descalcificador de agua. Valdelagua es una urbanización ubicada en el km 30 de la carretera de Burgos, al lado de Ciudalcampo. Es la única urbanización totalmente privada (junto a La Finca), por lo que está restringido el acceso únicamente a los propietarios de la misma. Tiene una zona de club social con piscina comunitaria, pistas de pádel y tenis de uso gratuito, columpios y zonas verdes donde se desarrollan muchas actividades. Cuenta además, con iglesia que oficia misa cada domingo. Valdelagua está rodeada de múltiples zonas comerciales con bancos, supermercados, farmacias, centro médico tanto de la seguridad social como privado, diferentes zonas de restauración… y además, muy cerca, cuenta con colegios públicos, concertados y privados de gran prestigio. Hay diferentes conexiones de autobuses constantemente, tanto con Madrid como con Alcobendas o San Sebastián de los Reyes.",True,good,False,,3048.0,False,False,True,False,[],False,False,1280000.0,€,,,,chalet,Valdelagua,Casa independiente,,,True,True,independantHouse,
107730731,https://img4.idealista.com/blur/480_360_mq/0/id.pro.es.image.master/ce/35/3b/1321128492.webp,CM-426399,20,620000.0,flat,sale,68.0,True,2,2,Barrio Argüelles,Madrid,Madrid,Moncloa,es,Argüelles,40.4212714,-3.7180171,False,https://www.idealista.com/inmueble/107730731/,"UNICA INMOBILIARIA ofrece encantador apartamento ubicado en el histórico barrio de Argüelles, que combina el encanto clásico de la zona con todas las comodidades modernas. La vivienda consta de un acogedor salón-comedor con balcón y gran Luminosidad natural, 2 dormitorios confortables, 2 baños completos (uno en suite), Cocina amplia y totalmente equipada, excelente distribución y acabados de calidad. Además cuenta con calefacción central y aire acondicionado proporcionando mayor confort durante todo el año, la finca dispone de ascensor para mayor comodidad. Ubicación histórica privilegiada en edificio clásico a solo 10 minutos de Plaza España con excelentes comunicaciones, Cerca de zonas PRIME, Próximo a comercios y restaurantes con Fácil acceso al transporte público Una oportunidad única para vivir en una de las zonas con más historia de Madrid, combinando la tranquilidad residencial con la cercanía al centro de la ciudad. En Única Inmobiliaria aglutinamos más de veinte años de experiencia en el sector del lujo. Contamos con una amplia trayectoria que avala nuestra gestión trabajando alrededor de las zonas más exclusivas de Madrid: Barrio de Salamanca, Recoletos, Almagro, Chamartín, Retiro, Justicia….",False,good,False,True,9118.0,False,False,False,False,[],False,False,620000.0,€,,,,flat,"Argüelles, Madrid",Piso,1,,,,,
107878667,https://img4.idealista.com/blur/480_360_mq/0/id.pro.es.image.master/b0/e9/be/1327044331.webp,7938107,38,500000.0,chalet,sale,2000.0,,12,2,Colmenar de Oreja,Madrid,Colmenar de Oreja,,es,,40.0589332,-3.5077772,False,https://www.idealista.com/inmueble/107878667/,"REF: 7938107 Ideal para alojamiento turístico, eventos y escapadas rurales – A 45 km de Madrid y 9 km de Aranjuez Inmo Olaya presenta esta espectacular finca rústica compuesta por dos casas independientes, ubicada en una zona de gran atractivo turístico, rodeada de naturaleza y perfectamente acondicionada para explotación como alojamiento rural o complejo turístico vacacional. Características Generales del Inmueble Parcela Total: 2.000 m², totalmente vallada y rodeada de pinos, nogales y zonas verdes. Construcción Total: Casa principal: 220 m² Casa secundaria: 120 m² Total habitaciones: 12 dobles + 1 individual Capacidad total: 25 plazas Distribución y Equipamiento 2 piscinas privadas 2 zonas de barbacoa con merenderos Amplios jardines Parking privado para hasta 24 coches Gran salón-comedor con chimenea y TV Cocina amplia y totalmente equipada 2 baños completos: uno con bañera y otro con ducha extragrande Ubicación Estratégica 9 km del Real Sitio de Aranjuez 45 km de Madrid capital 40 km de Toledo 25 km del Parque Warner (San Martín de la Vega) Zona con excelente accesibilidad, perfecta para escapadas de fin de semana, turismo familiar o eventos privados. Estado y Potencial Restaurado íntegramente en enero de 2003 En muy buen estado de conservación Ideal para explotación turística rural, alojamientos vacacionales o eventos (bodas, reuniones, retiros). Contacta con Inmo Olaya para más información, condiciones de venta o para organizar una visita. ¡Una finca con encanto y gran proyección turística a un paso de Madrid!",False,good,False,,250.0,False,False,False,False,[],False,False,500000.0,€,,,,chalet,Colmenar de Oreja,Casa independiente,,,True,True,independantHouse,
106892217,https://img4.idealista.com/blur/480_360_mq/0/id.pro.es.image.master/0e/4b/de/1358444662.webp,312072,51,7150000.0,chalet,sale,1270.0,,7,6,Barrio Zona Estación,Madrid,Pozuelo de Alarcón,Zona Estación,es,Zona Estación,40.4463278,-3.8009396,False,https://www.idealista.com/inmueble/106892217/,"Propiedad especial, recóndita, destinada a personas que buscan la tranquilidad y el disfrute que aporta la privacidad y la naturaleza.  Respira un sugerente aire colonial que se refleja en la construcción, el diseño e incluso en los muebles, muchos de ellos de origen africano. Esta casa única se sitúa en el centro de un maravilloso bosque de pinos y encinas, en el enclave natural del Monte del Pilar, antiguo coto de caza de Felipe II, en una parcela de más de 11.000 metros dentro de la Finca de La Escorzonera a tan solo 10 minutos de Madrid. Este lugar secreto y seguro está preservado por un servicio continuo de seguridad. La construcción de 1.270 metros está planteada en dos alturas presidida por una singular cubierta de teja negra portuguesa. Originariamente fue concebida como dos viviendas prácticamente gemelas, que pueden mantener su independencia o comunicarse fácilmente según las necesidades. La planta principal nos acoge con un hall de techos de 6 metros de alto, abuhardillados, revestidos, como el resto de la casa, con vigas vistas de madera de pino traída de un aserradero ruso. Esta altura impresionante de la mayoría de los espacios y el calor de la madera nos adentra en un espacio de aires coloniales y campestres. La espectacular entrada da acceso por un lado al salón comedor, con dos alturas de techo, suelo de mármol en un caso y de piedra caliza en el otro, presidido por una gran chimenea. Ambos miran hacia el exterior a través de un magnífico porche acristalado con varios ambientes, en un caso, y, en el otro, a través de un delicioso porche abierto que nos trae memorias africanas. Ambos porches se abren al extenso jardín donde encontramos dos piscinas, una al pie de la casa, la otra más alejada, con diferentes ambientes para disfrutar con los amigos y la familia. En la cercanía a la casa también encontramos una sauna y una pista de paddle. La planta baja cuenta también con dos acogedoras cocinas con. zona de office que miran al jardín, dos aseos de cortesía, zona de servicio y lavandería, despacho y cuatro dormitorios con baños en suite y vestidor, dos de ellas con un polivalente y amplio altillo que se ha utilizado como zona de estar, dormitorio o despacho.  La segunda planta lo ocupa únicamente una impresionante suite principal en dos alturas, con chimenea, techos altos, despacho, terraza orientada al bosque, vestidor y un gran baño con vistas al pinar delantero. Una de ellas cuenta también con un altillo de uso polivalente. Y, por último, la planta sótano. Está destinada a almacenaje, cuartos de maquinaria y al garaje para cuatro coches. Además cuenta con otra zona de aparcamiento exterior en el jardín delantero de la finca. La propiedad construida en 1996, impecablemente mantenida, está equipada con suelo radiante de agua caliente, aire acondicionado por split o conductos según las zonas, placas solares, ventanas velux en las zonas abuhardilladas y grandes ventanas panorámicas que se asoman al entorno natural. Este recinto privado no está aislado sino que se encuentra muy próximo a centros comerciales, de ocio, además de estar magníficamente comunicado con Madrid.",True,good,False,,5630.0,False,False,False,False,[],False,False,7150000.0,€,,,,chalet,"Zona Estación, Pozuelo de Alarcón",Casa independiente,,,True,True,independantHouse,
108597510,https://img4.idealista.com/blur/480_360_mq/0/id.pro.es.image.master/73/be/9d/1349538484.webp,6ac7558b-30af-4086-acdf-d41e5ec4d015,9,325000.0,flat,sale,95.0,True,3,2,"calle de López de Hoyos, 74",Madrid,Madrid,Chamartín,es,Prosperidad,40.4419268,-3.6771795,True,https://www.idealista.com/inmueble/108597510/,"� OPORTUNIDAD DE INVERSIÓN EN CALLE LÓPEZ DE HOYOS 74, MADRID – VENTA DEL 40% PROINDIVISO ¿Buscas invertir en una propiedad con excelente ubicación en Madrid? Presentamos una oportunidad única en uno de los barrios más consolidados y demandados de la capital. Se vende el 40% de un proindiviso, en nuda propiedad, el uso exclusivo está adjudicado por auto judicial a una menor de edad y a la madre que la acompaña. No se puede visitar. Es un amplio piso de 95 m² construidos, ubicado en la céntrica Calle López de Hoyos, a pocos pasos del intercambiador de Avenida de América. � Distribución: 3 habitaciones amplias y luminosas  2 baños Salón exterior muy luminoso Cocina independiente � Características del inmueble: Edificio con ascensor Exterior, con vistas despejadas y buena luz natural Aire acondicionado Armarios empotrados Calefacción central Garaje incluido Trastero Acceso adaptado para personas con movilidad reducida � Ubicación privilegiada: Situado en el distrito de Chamartín, esta zona cuenta con todos los servicios: Transporte público: A escasos metros de las estaciones de metro Cruz del Rayo, Prosperidad y múltiples líneas de autobús. Rápido acceso a la M-30 y A-2. Comercios: Supermercados, farmacias, tiendas de barrio, y centros comerciales como el Corte Inglés de Serrano. Colegios y centros educativos, tanto públicos como privados Centros de salud y hospitales cercanos Gran oferta de restaurantes, cafeterías y vida cultural � Ideal para inversores que buscan diversificar en activos inmobiliarios. Con alto potencial de revalorización en una de las mejores zonas.",False,good,False,True,3421.0,False,False,False,False,[],False,False,325000.0,€,,,,flat,"Prosperidad, Madrid","Piso en calle de López de Hoyos, 74",4,,True,True,,
102975993,https://img4.idealista.com/blur/480_360_mq/0/id.pro.es.image.master/ab/65/87/1175095959.webp,ch-425498-JL,50,2750000.0,flat,sale,450.0,True,5,5,Barrio El Viso,Madrid,Madrid,Chamartín,es,El Viso,40.450257,-3.6892272,False,https://www.idealista.com/inmueble/102975993/,"ÚNICA Inmobiliaria Chamartín ofrece esta extraordinaria vivienda de lujo en el corazón de Madrid, en un estupendo edificio con ubicación privilegiada, con todos los servicios y dotaciones a un paso. Se trata de una vivienda totalmente exterior, con buenas vistas y una luz espectacular gracias a sus grandes ventanales, que en la actualidad cuenta con una amplia sala de recibo; varios salones y comedor en distintos ambientes. Cocina con entrada independiente, office, lavadero, despensa, dormitorio de servicio y baño. En la zona de descanso dispone de un enorme dormitorio principal con baño y una amplia zona de vestidor con gran capacidad de almacenamiento Los otros tres dormitorios también en suite con sus cuartos de baño completos. Dispone de un cuarto trastero y le corresponde una plaza de garaje en el propio edificio. También cuenta de manera opcional de una plaza de garaje en PAR muy cercano.  El Viso representa un exclusivo oasis residencial sobre el asfalto de la capital y cuya arteria principal es la calle Serrano. El prestigioso barrio nació de la mano del arquitecto Rafael Bergamín en los años 30 del siglo pasado con vocación social y de segundas residencias. Terrenos que se encontraban en las afueras de la ciudad y sobre los que se experimentó un estilo diferente de construcción. Varios urbanistas de la época que estudiaron en Alemania importaron de este país el nuevo concepto de arquitectura racionalista y de ahí que muchas casas de El Viso imiten a pequeños palacetes. En Única Inmobiliaria aglutinamos más de veinte años de experiencia en el sector del lujo. Contamos con una amplia trayectoria que avala nuestra gestión trabajando alrededor de las zonas más exclusivas de Madrid: Barrio de Salamanca, Recoletos, Almagro, Chamartín, Retiro, Justicia….",False,good,False,True,6111.0,False,False,False,False,[],False,False,2750000.0,€,,,,flat,"El Viso, Madrid",Piso,4,,,,,
108048560,https://img4.idealista.com/blur/480_360_mq/0/id.pro.es.image.master/36/e7/a9/1332289228.webp,3 1ºA,8,255195.0,flat,sale,86.0,True,2,2,Barrio Los Berrocales,Madrid,Madrid,Vicálvaro,es,Los Berrocales,40.3697685,-3.5755421,False,https://www.idealista.com/obra-nueva/108048560/,"Nuevos proyectos de vivienda protegida en los Berrocales. ¡Ha llegado tu momento! Grupo Ibosa presenta dos nuevos proyectos de viviendas de protección pública de precio limitado, VPPL. En uno de los nuevos desarrollos urbanísticos con mayor proyección ubicado en el sureste de Madrid, en los berrocales. (etapa iii). Calidad, diseño y confort residencial Pegasus ofrece viviendas de 2, 3 ys 4 dormitorios con plazas de garaje y trastero incluido en el precio. Viviendas con un precio asequible, funcionales y muy bien distribuidas, optimizando cada metro cuadrado para ofrecerte el máximo confort y comodidad. Para tus momentos de ocio, podrás disfrutar sin salir de casa de unas estupendas zonas comunes con piscina y zonas verdes para disfrutar con la familia y amigos. Sostenibilidad La sostenibilidad, calidad y diseño son los elementos principales en estas viviendas en la que se ha tenido muy en cuenta el cuidado por el medio ambiente y el ahorro energético. Los berrocales opta por un modelo de ciudad sostenible, ecológico, con zonas verdes, amplias avenidas y zonas peatonales que mejoran la calidad del medioambiental. Un nuevo desarrollo urbanístico que se adapta perfectamente a un estilo de vida tranquilo y que además se encuentra a un paso de Madrid central para los que no quieran perder el vínculo con la gran ciudad. Ubicación tiene una ubicación estratégica al este de Madrid, muy cerca de Ensanche de Vallecas y el c. C. La Gavia destacando la gran conectividad a las redes de transporte público dada su cercanía al metro y paradas de autobuses. Delimita al sur por la a3, al este por la m-50, al oeste por la m-45 y por el norte la línea 9 de metro. ¡Ha llegado tu momento, apúntate! Observaciones: estos proyectos. Se gestiona en régimen de cooperativa. Residencial Pegasus. Coop. Mad., ya está constituida. Durante el desarrollo del proyecto, la dirección facultativa se reserva el derecho de efectuar modificaciones que viniesen motivadas por exigencias de orden técnico o jurídico por parte de las administraciones competentes, así como aquellas que pudieran suponer cambios del proyecto o en la memoria de calidades que en ningún caso supondrán minoración de las calidades previstas.   Las imágenes mostradas pertenecen al anteproyecto teniendo carácter orientativo y no contractual. Los precios aquí indicados serán actualizados con el incremento de IPC anual hasta que se obtenga la calificación provisional. Importante señalar que, los precios que aparecen tienen pendiente de aplicar el IPC 2025. La cuantía que represente aplicar el incremento del IPC se llevará a la cantidad pendiente de pago en la entrega de llaves.",False,newdevelopment,True,True,2967.0,True,False,False,False,[],False,False,255195.0,€,,,,flat,"Los Berrocales, Madrid",Piso,1,False,True,True,,
108680292,https://img4.idealista.com/blur/480_360_mq/0/id.pro.es.image.master/9f/59/65/1359142682.webp,LIRE-05596,38,175000.0,flat,sale,72.0,True,2,2,"calle de los Cacereños, 41",Madrid,Madrid,Villaverde,es,Villaverde Alto,40.3441746,-3.7144763,True,https://www.idealista.com/inmueble/108680292/,"¡ SIN COMISION DE AGENCIA! FONDGEST Asesores Inmobiliarios S. L. pone EN VENTA este luminoso piso vacío de 2 Dormitorios y dos baños en planta baja a reformar. Se vende a cuerpo cierto, al día de impuestos, cargas y tributos y con fiscalidad de ITP del 6% al ser segunda transmisión. Ubicado en zona residencial, rodeado de parques, colegios, comercios, y todos los servicios necesarios. Solicite visita sin compromiso y le informaremos de más detalles y condiciones económicas.",True,renew,False,True,2431.0,True,False,False,False,[],False,False,175000.0,€,,,,flat,"Villaverde Alto, Madrid","Piso en calle de los Cacereños, 41",bj,,,,,
87663479,https://img4.idealista.com/blur/480_360_mq/0/id.pro.es.image.master/9e/b2/a7/1316526427.webp,W-02FNP2,52,1990000.0,chalet,sale,784.0,,5,5,Ciudalcampo,Madrid,Ciudalcampo,,es,,40.6163987,-3.6255204,False,https://www.idealista.com/inmueble/87663479/,"Lujo en estado puro para amantes de la naturaleza Casa de ensueño, diseñada por J Martorell, Oriol Bohigas y D.Mackay. Integrada en perfecta armonía con el jardín con el mismo carácter que se respira en el parque natural, las especies vegetales, algunas autóctonas y otras importadas armonizaran con el entorno de la sierra, con un marcado acento agreste fácil de mantener, con notas de color durante todo el año.  La vivienda abraza al jardín no sólo mediante su disposición en planta, se ha intentado potenciar la integración del mismo al interior de la vivienda a través de sus fachadas, con el fin de disfrutar al máximo de la naturaleza y sus vistas. Cuenta con huerto, un bonito estanque en la zona baja de la parcela y diversas zonas de plantación integradas unas con otras de manera natural. Desde el exterior, una pasarela suspendida conduce hasta la puerta de la vivienda. El diseño de la casa permite diferenciar dos piezas alargadas formando un ángulo de 90º y unidas por una esquina. Ala N/S, se encuentran la cocina, el aseo y los 4 dormitorios en suite, ascensor de comunicación entre todos los niveles y la escalera. La estructura de esta pieza es tradicional. Ala E/O, de planta rectangular y un nivel de altura sobrevolando la parcela. Aquí están el comedor y los salones con una chimenea suspendida estilo Gyrofocus de Dominique Imbert y una enorme terraza entre ambos salones con impresionantes vistas a la sierra, forjado tipo Deck y cubierta curva de zinc.  Planta baja: zona de aguas (piscina interior, jacuzzi circular, baño turco y aseo), un dormitorio en suite con baño incorporado, una sala de usos varios. Seguridad: cámaras, barreras de infrarrojos en ventanas y puertas. La casa cuenta con la más avanzada tecnología, domótica, suelo radiante, aspiración centralizada, ascensor, ventanas eléctricas, persianas motorizadas de seguridad, las ventanas del salón están calefactadas para impedir que se empañen, iluminación led, equipo de sonido integrado y centralizado de la prestigiosa marca Bang&Olufsen, alarma volumétrica. En definitiva una casa de capricho integrada en un bello jardín donde poder fundirse con la naturaleza y disfrutar de paz y tranquilidad a escasos minutos de Madrid. La urbanización de Ciudalcampo es una de las mejores zonas residenciales de Madrid. Excepcional emplazamiento dentro del Parque Regional de la Cuenca Alta del Manzanares, ubicada en los municipios de San Sebastián de los Reyes y Colmenar Viejo. Entorno privilegiado y con impresionantes vistas a la sierra norte de Madrid. Espacio que mantiene el equilibrio entre el desarrollo urbanístico y la conservación del medio natural. Cómodo y rápido acceso en el Km 28 de la N-1. Próxima al aeropuerto de Madrid Barajas, IFEMA y a parque empresarial con múltiples empresas multinacionales, y a tan solo 10 minutos de uno de los mejores hospitales de la zona Norte el Hospital Infanta Sofía. Excepcionales dotaciones y servicios dentro de la propia urbanización: Colegio internacional SEK, Club deportivo RACE (Golf, Paddle, Tenis, Piscina, Gimnasio, Hípica, Fútbol), Servicio regular de autobuses a Madrid e interno dentro de la propia urbanización, Oficina de correos y Centro Comercial Santo Domingo, con farmacia, supermercado, frutería, carnicería, pescadería, estanco, restauración, etc. Dispone de un sistema de cámaras y vallado perimetral. Servicio de seguridad 24 horas con patrullas de vigilancia y control de barrera a la entrada. Cuenta además con 6,5Km de circuito físico para la práctica de deporte al aire libre y 41km de viales con tráfico limitado a la propia urbanización, ideales para los amantes de paseos en plena naturaleza.",False,good,False,,2538.0,False,True,False,False,[],False,False,1990000.0,€,,,,chalet,Ciudalcampo,Casa independiente,,,True,True,independantHouse,
107008328,https://img4.idealista.com/blur/480_360_mq/0/id.pro.es.image.master/06/72/79/1300244815.webp,DS-P77602C,19,3100000.0,flat,sale,215.0,True,4,5,Barrio Trafalgar,Madrid,Madrid,Chamberí,es,Trafalgar,40.4294582,-3.6969839,False,https://www.idealista.com/inmueble/107008328/,"DIZA Consultores presenta esta preciosa vivienda en edificio representativo en la mejor zona de Trafalgar. En un edificio de principios del siglo XX, encontramos este piso de 215 metros cuadrados, con único vecino por planta. La zona protagonista de la vivienda es su amplio salón, comedor, con tres espacios diferenciados con tres balcones por los que entra mucha luz. Junto al comedor, se encuentra la cocina, amplia con isla y dormitorio de servicio con baño y entrada independiente. La zona de descanso se compone de tres dormitorios dobles, todos cuarto de baño en suite, el principal con vestidor siendo exterior a la calle. Además en la zona social hay está el aseo de visitas. La finca cuenta con portero físico y ascensor de reja bonito. La vivienda ahora mismo se encuentra para reforma total y se puede comprar reformado con las calidades empleadas en los render con la constructora de la propiedad. El barrio de Trafalgar perteneciente al distrito Chamberí, se trata de una de las zonas más lujosas y con mejor calidad de vida de Europa. Gracias a la amplia oferta gastronómica, cultural y comercial, se trata de una formidable zona donde vivir e invertir. Estaremos encantados de atenderle. DIZA Consultores Inmobiliarios Inmobiliaria de lujo en Madrid especializada en comprar, vender y alquilar pisos en las zonas premium de Madrid: Barrio de Salamanca, Almagro, Chamartín, Retiro, Pozuelo, Aravaca, Boadilla.",False,good,False,False,14419.0,False,False,False,False,[],False,False,3100000.0,€,,,,flat,"Trafalgar, Madrid",Piso,2,,,,,
108709245,https://img4.idealista.com/blur/480_360_mq/0/id.pro.es.image.master/19/5d/bc/1352798469.webp,,31,499900.0,flat,sale,114.0,False,4,2,"ronda de Segovia, 17",Madrid,Madrid,Centro,es,Palacio,40.4116756,-3.7176007,True,https://www.idealista.com/inmueble/108709245/,"Te presentamos una oportunidad inigualable para vivir o invertir en el verdadero corazón de Madrid, una zona que no para de crecer y embellecerse. Este piso te sitúa a menos de 10 minutos andando del Madrid Río, un pulmón verde que ha transformado la ciudad y se ha convertido en uno de sus puntos neurálgicos más deseados. El interior de la propiedad, aunque actualmente diseñado para maximizar la rentabilidad con alquiler por habitaciones, ofrece una versatilidad excepcional. Imagina las posibilidades: puedes mantener su distribución actual si buscas una inversión de alta rentabilidad, o bien transformarlo con una reforma personalizada para crear tu vivienda ideal, adaptada completamente a tus gustos y necesidades. Pero es la ubicación lo que realmente eleva esta propiedad a otro nivel. Te encontrarás en una zona inmejorable, repleta de espacios verdes y con un ambiente que aúna lo familiar y lo tranquilo con una vibrante oferta de ocio y servicios: •Madrid Río: Un amplio parque ribereño que te invita a disfrutar de extensas zonas verdes, rutas para bici y patinaje, y una deliciosa oferta gastronómica junto al Manzanares. •Puentes emblemáticos: Explora la Pasarela de Arganzuela, el Puente de Segovia y la Puerta de Toledo, escenarios perfectos para paseos con encanto y vistas inolvidables. •Cultura y ocio a tu alcance: Muy cerca del innovador Matadero Madrid y del Parque Enrique Tierno Galván, con su planetario, zonas deportivas y auditorio al aire libre. •Servicios completos: Tendrás todo a mano: colegios, centros de salud, grandes supermercados y de barrio, farmacias, comisaría, y completas zonas deportivas con pistas de pádel y gimnasios. •Movilidad excelente: Disfruta de un rápido acceso a la zona del Metro Puerta de Toledo (Línea 5), paradas de bus (41, 31, 36, 50, 65) y una ágil incorporación a las principales vías como la M40, M30, A2, A5, A42, R3, M500. •Oferta gastronómica viva: Desde bares tradicionales hasta modernos restaurantes y locales con encanto junto al río, perfectos para cualquier momento del día. •Mercado tradicional: Sumérgete en el auténtico ambiente local del Mercado de Santa María de la Cabeza, con más de 50 puestos y un supermercado recién remodelado, listo para tu día a día. No solo estás comprando un piso; estás adquiriendo un estilo de vida en una de las zonas con mayor proyección y encanto de Madrid.",True,good,False,True,4385.0,True,False,False,False,[],False,False,499900.0,€,519000.0,19100.0,4.0,flat,"Palacio, Madrid","Piso en ronda de Segovia, 17",ss,,,,,
108461068,https://img4.idealista.com/blur/480_360_mq/0/id.pro.es.image.master/a2/4e/e2/1349134831.webp,V8,14,1155000.0,chalet,sale,198.0,,3,2,"calle Cerro de la Curia, 1",Madrid,Las Rozas de Madrid,Rozas Centro,es,El Caño- Maracaibo,40.49644,-3.87685,True,https://www.idealista.com/obra-nueva/108461068/,"Hacienda Las Rozas es un exclusivo proyecto compuesto de 12 chalets pareados localizado en una de las zonas más privilegiadas de Las Rozas, Madrid. Cada vivienda cuenta con jardín, piscina privada, luminosas y amplias estancias para disfrutarlas con la familia y amigos.",False,,True,,5833.0,True,False,False,False,[],False,False,1155000.0,€,,,,chalet,"El Caño- Maracaibo, Las Rozas de Madrid","Chalet pareado en calle Cerro de la Curia, 1",,False,True,True,semidetachedHouse,
106184682,https://img4.idealista.com/blur/480_360_mq/0/id.pro.es.image.master/34/4c/c5/1336250048.webp,W-02WJDH,31,500000.0,chalet,sale,163.0,,3,2,Centro,Madrid,El Escorial,Centro,es,,40.5873599,-4.131622,False,https://www.idealista.com/inmueble/106184682/,"Amplio adosado en El Escorial ¡Descubre tu nuevo hogar en El Escorial! Este encantador chalet adosado, construido en 1983, se encuentra en una zona tranquila y a solo unos minutos de la estación de tren, lo que lo convierte en la opción perfecta para quienes desean disfrutar de la paz del entorno natural sin renunciar a la conexión rápida con Madrid. Con 163 m² construidos sobre una parcela de 154 m², esta vivienda se distribuye en tres plantas que ofrecen espacios amplios y funcionales. En la planta baja, encontrarás un amplio garaje y una habitación multifuncional ideal para adaptarla a tus necesidades, además de acceso directo a un acogedor jardín con trastero exterior. La primera planta cuenta con un luminoso salón-comedor con chimenea perfecto para disfrutar de momentos en familia, una acogedora terraza, una cocina independiente y un aseo. En la segunda planta, se ubican tres dormitorios de buen tamaño, siendo el principal un verdadero refugio con baño en suite. La vivienda tiene instalado aire acondicionado. Este luminoso chalet es una excelente oportunidad para aquellos que buscan un hogar cómodo y bien ubicado, rodeado de naturaleza y con todos los servicios a tu alcance. ¡No dejes pasar la oportunidad de vivir en El Escorial y disfrutar de todas las comodidades que este maravilloso chalet adosado tiene para ofrecerte! ¡Contáctanos para más información! El Escorial, situado en el corazón de la Sierra de Guadarrama, es uno de los municipios con mayor interés turístico y cultural de la región. A solo 50 kilómetros de Madrid, se asienta en la ladera del Monte Abantos. Su principal atractivo es el Monasterio y Real Sitio de San Lorenzo de El Escorial, declarado Patrimonio de la Humanidad por la UNESCO en 1984. Este acogedor chalet se encuentra junto al casco urbano, en una zona tranquila y arbolada, con excelente infraestructura: colegios, comercios, hospital, universidad, teatro, sala de exposiciones y restaurantes. Cuenta con estación de tren y autobuses, con amplias conexiones a Madrid y localidades cercanas, todo a 5-15 minutos a pie en este encantador pueblo.",True,renew,False,,3067.0,False,False,True,False,[],False,False,500000.0,€,,,,chalet,"Centro, El Escorial",Chalet adosado,,,True,True,terracedHouse,
