propertyCode,thumbnail,externalReference,numPhotos,floor,price,propertyType,operation,size,exterior,rooms,bathrooms,address,province,municipality,district,country,neighborhood,latitude,longitude,showAddress,url,description,hasVideo,status,newDevelopment,hasLift,priceByArea,hasPlan,has3DTour,has360,hasStaging,notes,topNewDevelopment,topPlus,priceInfo.price.amount,priceInfo.price.currencySuffix,priceInfo.price.priceDropInfo.formerPrice,priceInfo.price.priceDropInfo.priceDropValue,priceInfo.price.priceDropInfo.priceDropPercentage,detailedType.typology,detailedType.subTypology,suggestedTexts.subtitle,suggestedTexts.title,highlight.groupDescription,parkingSpace.hasParkingSpace,parkingSpace.isParkingSpaceIncludedInPrice,parkingSpace.parkingSpacePrice
108324155,https://img4.idealista.com/blur/480_360_mq/0/id.pro.es.image.master/ca/0a/25/1344500754.webp,AG210112,41,4,850000.0,penthouse,sale,106.0,True,2,1,calle de las Aguas,Madrid,Madrid,Centro,es,Palacio,40.4108364,-3.7112152,False,https://www.idealista.com/inmueble/108324155/,"**Exclusivo ático en el emblemático barrio de Palacio, Madrid**  Descubre este magnífico ático de 98m2 en uno de los enclaves más históricos y codiciados de Madrid. Este elegante inmueble cuenta con 2 dormitorios, 2 baños, una cocina completamente equipada y un salón independiente bañado por luz natural gracias a su orientación este. Su diseño exterior y su impecable estado de conservación lo convierten en un refugio perfecto para quienes buscan un hogar sofisticado y listo para entrar a vivir.  La finca, construida en 1940, es un ejemplo de arquitectura clásica madrileña y ha sido cuidadosamente mantenida para preservar su encanto original. Dispone de ascensor, calefacción individual de gas natural y aire acondicionado, proporcionando el máximo confort durante todo el año. El suelo de parquet y los acabados de alta calidad refuerzan la sensación de lujo y calidez.  Ubicado en pleno distrito Centro, a pocos pasos de lugares icónicos como el Palacio Real, la Plaza Mayor y la Catedral de la Almudena. Además, la zona ofrece una amplia oferta gastronómica, con tabernas tradicionales y restaurantes de alta cocina, así como teatros, galerías de arte y boutiques exclusivas.  El barrio también cuenta con una excelente conectividad. A menos de 500 metros se encuentran las estaciones de metro de Ópera (líneas 2, 5 y R) y La Latina (línea 5), además de varias líneas de autobús como la 31, 50 y 65. Para quienes prefieren el tren de cercanías, la estación de Príncipe Pío está a solo 1,5 kilómetros. A nivel educativo, el prestigioso Colegio San Ildefonso está a menos de 2 kilómetros, y en cuanto a compras, el Centro Comercial Príncipe Pío ofrece una amplia variedad de tiendas y servicios.  Desde 1983, en GILMAR nos hemos dedicado a ayudar a nuestros clientes a encontrar la casa de sus sueños, ofreciendo un servicio integral y personalizado. Somos referentes en el sector inmobiliario gracias a nuestra experiencia, profesionalidad y compromiso.  Para más información sobre este exclusivo ático, no dudes en contactar con nuestro equipo de la oficina de Centro. Estamos situados en Plaza de Herradores, 4, y puedes llamarnos al ** ** o escribirnos a ****. Por favor, facilita la referencia **210112** para que podamos atenderte de manera más eficiente. ¡Tu nuevo hogar te espera!",True,good,False,True,8019.0,True,True,False,True,[],False,True,850000.0,€,895000.0,45000.0,5.0,flat,penthouse,"Palacio, Madrid",Ático en calle de las Aguas,Top+,,,
108361180,https://img4.idealista.com/blur/480_360_mq/0/id.pro.es.image.master/e3/4a/fa/1345338293.webp,W-02XK3O,48,3,760000.0,flat,sale,140.0,True,5,1,calle de Esparteros,Madrid,Madrid,Centro,es,Sol,40.4144463,-3.7040817,False,https://www.idealista.com/inmueble/108361180/,"Amplio piso en el centro de Madrid Engel&Völkers presenta esta vivienda interior, ubicada en pleno corazón del centro de Madrid, a pocos metros de la Plaza Mayor, del mercado de San Miguel y de la Puerta del Sol. El inmueble tiene 140 m2 construidos, está en una tercera planta de una finca típica de la zona, con un amplio portal y unas escaleras comunes de carpintería de madera, dispone de ascensor y de conserje. La vivienda dispone de un hall distribuidor, un salón comedor y cocina. La zona íntima está compuesta de 5 dormitorios y un baño completo. La calefacción y aire acondicionado es por Split frío y calor. Este piso al ser interior goza de una agradable tranquilidad, la mayoría de los muros son tabiques lo que da la posibilidad de adaptarlo a tus requerimientos de distribución y espacio. Una excelente ocasión de compra para aquellos que desean vivir en el pleno Centro de Madrid o para personas que desean invertir en un inmueble con alta rentabilidad con alquiler a corta y larga estancia. La propiedad se encuentra en el barrio de Sol, situada en el centro neurálgico del centro histórico de Madrid, junto a la Plaza Mayor y Puerta de Sol. Cuenta con una ubicación inmejorable, donde se puede disfrutar de todo tipo de oferta de ocio como teatros, bares, restaurantes, oferta comercial y tiendas. A escasos minutos se encuentra el mercado de San Miguel con su amplia oferta gastronómica, el Teatro Real, el majestuoso Palacio Real y la Galería Canalejas con el Hotel Four Seasons. Muy cercana a la vivienda se encuentra la estación de metro de Sol, Tirso de Molina y Ópera, donde se encuentran varias líneas de metro así como el tren de Cercanías. También numerosas líneas de autobuses tienen parada en los alrededores de la vivienda.",True,good,False,True,5429.0,True,True,False,True,[],False,True,760000.0,€,799000.0,39000.0,5.0,flat,,"Sol, Madrid",Piso en calle de Esparteros,Top+,,,
108538807,https://img4.idealista.com/blur/480_360_mq/0/id.pro.es.image.master/1c/3b/40/1349637123.webp,W-0307EA,30,4,850000.0,flat,sale,106.0,True,2,1,calle de las Aguas,Madrid,Madrid,Centro,es,Palacio,40.4095753,-3.7122422,False,https://www.idealista.com/inmueble/108538807/,"Coqueta y luminosa propiedad con terraza en La Latina Engel & Völkers presenta esta luminosa y coqueta propiedad en el corazón del popular barrio de La Latina. Se trata de una propiedad exterior practicamente en su totalidad y se encuentra en la quarta planta con acsesor de una finca clásica de Madrid de los Austrias.  La vivienda cuenta con una superficie construida total aproximada de 90m² y 16m² de terraza, distribuida en torno a recibidor y salón amplio, a todo ello se le suma a la terraza que está perfectamente integrada. El dormitorio principal tiene un balcón que da a la calle y con puertas francesas que dan a la terraza. Este tipo de propiedad única y deseada ofrece importantes y diversas oportunidades para entrar a vivir, actualizar o hacer una reforma integral. El plano y la estructura de la propiedad invitan a su personalización según necesidades del cliente. Propiedades de este tipo no vienen al mercado con frecuencia así que póngase en contacto con nosotros ahora para una visita. La propiedad se encuentra en una de la zona de Palacio con innumerables calles, plazas, monumentos, y edificios que han dejado huella en la historia de Madrid. A escasos minutos te encontrarás el Palacio Real, Plaza de los Carros y Plaza de la Paja.  La demanda del distrito está en auge ya que la conservación de la ciudad junto con su historia se mantienen y a su vez se actualiza para las necesidades y lujos de hoy en día. La zona destaca por la gran cantidad de restaurantes, cafeterías, mesones, comercios, hostales y la gran variación cosmopolita. Las comunicaciones son excelentes, ya sea a través del M30, Metro, bus o Renfe.",True,good,False,True,8019.0,True,True,False,True,[],False,True,850000.0,€,895000.0,45000.0,5.0,flat,,"Palacio, Madrid",Piso en calle de las Aguas,Top+,,,
108816285,https://img4.idealista.com/blur/480_360_mq/0/id.pro.es.image.master/a7/b1/9e/1356236609.webp,VG-212295,32,bj,1250000.0,flat,sale,166.0,True,3,3,paseo de los Parques,Madrid,La Moraleja,Encinar de los Reyes,es,,40.5111465,-3.6527442,False,https://www.idealista.com/inmueble/108816285/,"Gilmar Consulting Inmobiliario, ofrece en exclusiva, luminoso y espacioso piso de tres dormitorios y amplia terraza con gran jardín en una de las mejores urbanizaciones de El Encinar de los Reyes. Tiene una ubicación inigualable a pasos de La Plaza de la Moraleja y del Centro Comercial El Encinar. Se encuentra dentro de una urbanización privada, con los mejores servicios como piscina exterior para adultos y niños, pádel, zonas comunes de paseo y seguridad física 24h con estricto control de acceso. Iniciando su recorrido, nos da la bienvenida un luminoso salón-comedor con acceso a la terraza exterior y a un jardín de 136 metros. Cuenta con cocina independiente, con mobiliario y electrodomésticos; así como tendedero techado con área de lavandería. En el área de descanso, se distribuyen dos fantásticos dormitorios con armarios empotrados y dos baños completos; el de la habitación principal en suite.  El piso cuenta con un apartamento independiente con acceso desde la cocina. Consta de un dormitorio con baño en suite, gran trastero y acceso a las dos plazas de garaje. La Moraleja, compuesta por La Moraleja, El Soto y El Encinar de los Reyes, es el área residencial de lujo por excelencia de Madrid y la más conocida de España, situada en la zona Norte de Madrid. Según algunas publicaciones de prestigio, es la mejor urbanización del mundo, teniendo en cuenta sus cualidades.  Está situada a 15 minutos del centro de Madrid y a 10 minutos de la Terminal Internacional 4 del Aeropuerto Adolfo Suárez.  La Moraleja cuenta con el mayor número de colegios privados nacionales e internacionales de toda España (entre otros el International College Spain, King’s College, San Patricio, Runnymede, Los Sauces, Brains, Santa Helena, Saint George, Highlands, Aldovea, Liceo Europeo, etc…) Acoge además uno de los dos campus que la Universidad Europea de Madrid tiene en la Comunidad de Madrid.  La zona tiene gran cercanía al Parque Forestal de Valdebebas, el segundo más grande de Madrid), varios centros comerciales, supermercados, hospitales, centros médicos, dos campos de golf de 18 hoyos, club de tenis, club de pádel, y una de las ofertas gastronómicas más atractivas de Madrid.  Hay que destacar La Plaza de la Moraleja, donde se encuentran los principales y más prestigiosos restaurantes de Madrid (A’Kangas, Áurea, La Máquina, La Penela, El Barril, Sushi 99, Peppe Fusco) Cafeterías (Café Pino, Panod), farmacias, panaderías, bancos etc… Es un área que goza de gran seguridad gracias al sistema de alarmas que está conectado con la Entidad de Conservación de La Moraleja y las garitas de seguridad ubicadas en las diferentes entradas de acceso a la zona. ¡Vivir en la Moraleja significa calidad, exclusividad y comodidad en un entorno inigualable!",True,good,False,True,7530.0,True,True,False,True,[],False,True,1250000.0,€,,,,flat,,"Encinar de los Reyes, La Moraleja",Piso en paseo de los Parques,Top+,True,True,
107999491,https://img4.idealista.com/blur/480_360_mq/0/id.pro.es.image.master/60/75/61/1352741728.webp,PV9078I,49,bj,2250000.0,flat,sale,188.0,True,4,4,avenida de Luis García Cereceda,Madrid,Pozuelo de Alarcón,Zona Prado de Somosaguas - La Finca,es,La Finca,40.406757,-3.7982987,False,https://www.idealista.com/inmueble/107999491/,"Exclusivo bajo con jardín de esquina, con piscina privada, en la exclusiva urbanización de La Finca LGC3. La vivienda está orientada al sur por lo que goza de una maravillosa luz. Vistas al recién inaugurado campo de golf de 18 hoyos, cuenta con 339 m² construidos, de los cuales 188 m² son de vivienda, y 137 m² de terraza y piscina privada. Disfruta de un jardín privado de 147 m² con acceso a las zonas comunes, y un agradable porche. En un enclave único, en una de las urbanizaciones más seguras de Europa, con un sistema férreo de seguridad, cerrada y vigilada 24 horas. En magnífica ubicación por su cercanía al centro comercial Grand Café de La Finca, y de colegios internacionales como el Colegio Británico o el Americano. Bien comunicada por transporte público y con fácil acceso con carreteras principales.  Distribución: · Amplio hall de recibo, baño completo y armario gabanero. · Salón comedor. · Cocina oficce con isla central semi-integrada a través de unas puertas correderas con cuarterones diseñada específicamente para esta vivienda. Ambas estancias tienen salida al porche y al jardín. · En la zona de dormitorios encontramos un amplio frente de armarios para ropa blanca y almacenaje. · Dormitorio con baño en suitte. · Dormitorio con baño en suitte. · Dormitorio principal con baño en suitte y vestidor. · Zona de lavado plancha independiente. · Dormitorio de servicio. Dos plazas de garaje y trastero. Puedes ver más inmuebles en nuestra página web. A La Finca se la conoce como la urbanización más segura de toda Europa. Es muy demandada, además, por su privacidad y el cuidado exquisito de sus zonas comunes. Como rasgo de estilo, posee maravillosos lagos y jardines, así como una arquitectura perfectamente estudiada y uniforme, que podemos ver en sus pisos, adosados, pareados y chalets independientes. Situada en el término municipal de Pozuelo de Alarcón, La Finca se halla muy bien comunicada por la M-40 y la carretera de Castilla. Tiene también varias líneas de autobuses, metro ligero y tren de cercanías.  Cuenta con un club deportivo, restaurantes y un centro comercial que cubre todas las necesidades de sus residentes. En sus inmediaciones encontramos algunos de los mejores colegios de Madrid y se halla a tan solo 5 minutos de Pozuelo.",True,good,False,True,11968.0,True,True,False,True,[],False,True,2250000.0,€,,,,flat,,"La Finca, Pozuelo de Alarcón",Piso en avenida de Luis García Cereceda,Top+,True,True,
106702840,https://img4.idealista.com/blur/480_360_mq/0/id.pro.es.image.master/2d/e6/4f/1297219632.webp,PV8891I,51,2,1335000.0,flat,sale,157.0,True,3,3,calle del Carril de los Caleros,Madrid,Madrid,Moncloa,es,Aravaca,40.4602576,-3.7968684,False,https://www.idealista.com/inmueble/106702840/,"Impecable piso de 157 m² con terraza de 130 m² en venta en urbanización cerrada con piscina. En buenísima ubicación por cercanía a zona comercial y de ocio, servicios y bien comunicada por transporte público y principales carreteras. Distribución: · Amplio hall de recibo. · Aseo de visitas. · Armario gabanero. · Cocina office con tendedero y salida a terraza. · Salón comedor con salida a terraza. · Dos dormitorios. · Baño completo. · Dormitorio principal con vestidor y baño completo. Puedes ver más inmuebles en nuestra página web. Entre el Monte del Pardo y la Casa de Campo, y a tan solo 9 kilómetros del centro de Madrid, Aravaca es un lugar privilegiado: ofrece todo lo que un ciudadano necesita en una gran urbe, y además está perfectamente comunicada con la capital gracias a la autopista A-6, la M-500, la M-503 (carretera de Castilla), M-30 y M-40. Cuenta con múltiples instalaciones deportivas, tiendas, restaurantes, academias, institutos, así como con los colegios más prestigiosos de Madrid. Es un área con mucho encanto donde sus 23.000 habitantes disfrutan de las ventajas de vivir en una gran ciudad, y a su vez de la tranquilidad de estar en un pueblo donde pasear, ir de compras caminando, e incluso ir en bici hasta el centro de Madrid o Ciudad Universitaria a través de la Casa de Campo.",True,good,False,True,8503.0,True,True,False,True,[],False,True,1335000.0,€,,,,flat,,"Aravaca, Madrid",Piso en calle del Carril de los Caleros,Top+,True,True,
106349275,https://img4.idealista.com/blur/480_360_mq/0/id.pro.es.image.master/a3/c1/5a/1281719993.webp,PV8839I,66,,2975000.0,chalet,sale,818.0,,6,6,calle Transversal 1,Madrid,Pozuelo de Alarcón,Urbanizaciones,es,Montealina,40.4227208,-3.8426658,False,https://www.idealista.com/inmueble/106349275/,"Fantástico chalet independiente de 818 m² en fantástica parcela de esquina de 3.603 m² diseñada con grandes espacios comunicados y abiertos al jardín. Con fantástica parcela con piscina, zona de barbacoa, horno de piedra y bonito jardín consolidado.  Distribución: PLANTA PRINCIPAL: - Hall de entrada. - Despacho con salida al jardín. - Amplio salón con salida al jardín  - Comedor con salida al jardín. - Cocina de gran tamaño, totalmente reformada, con zona de office. - Zona de lavado. - Apartamento de servicio con baño y acceso independiente. - Aseo de invitados. - Armario ropero. PRIMERA PLANTA: - Dormitorio principal en suite de gran tamaño con baño y vestidor. - Dormitorio con baño en suite. - Dos amplias habitaciones dobles de buen tamaño. - Baño completo. - Dormitorio con baño con suite. PLANTA BAJA:  - Salón con billar. - Despensa. - Zona de maquinas. - Trastero. - Bodega. - Garaje con capacidad para tres coches. Puedes ver más inmuebles en nuestra página web. Urbanización de lujo muy consolidada, de acceso cerrado y vigilancia las 24 horas. Pertenece al municipio de Pozuelo de Alarcón y ofrece un maravilloso paisaje donde se encuentra el bosque protegido de Boadilla del Monte.  Conectada por la M-40 y la M-500, tiene transporte público, y un fácil acceso a la zona comercial de Pozuelo. Como rasgo distintivo, todas las viviendas son chalets independientes en muy buenas parcelas de gran privacidad.",True,good,False,,3637.0,True,True,False,True,[],False,True,2975000.0,€,,,,chalet,independantHouse,"Montealina, Pozuelo de Alarcón",Casa independiente en calle Transversal 1,Top+,True,True,
106010517,https://img4.idealista.com/blur/480_360_mq/0/id.pro.es.image.master/4e/70/35/1351929883.webp,PV8838I,46,,3950000.0,chalet,sale,1900.0,,7,10,calle Línea,Madrid,Pozuelo de Alarcón,Zona Pueblo,es,Zona Pueblo,40.4462524,-3.8173481,False,https://www.idealista.com/inmueble/106010517/,"Chalet independiente de 1.900 m² con parcela de 5.900 m² en Pozuelo. Distribución: PLANTA BAJA: - Hall de acceso, dos aseos de cortesía. - Distribuidor central con piscina interior climatizada con fuente y jacuzi. - Salón con bar inglés. - Comedor. - Cocina y zonas de servicio (dormitorio con baño y zona de plancha). - Cuatro dormitorios tipo suite, con vestidor completo y baño integrado en la disposición de la habitación, con bañera y ducha independiente.  - Zona de gimnasio, comunicada con la habitación principal, con vestuarios, duchas, sauna, baño turco y sala de aparatos. PLANTA PRIMERA:  - Un dormitorio tipo suite, con vestidor completo y baño integrado en la disposición de la habitación, con bañera y ducha independiente, con terraza privada y estancias diáfanas de biblioteca y zona de pintura.  - Aseo de cortesía.  - Doble altura en sobre hall y salón, iluminados por cúpula cenital.  - Terrazas accesibles (preparadas para posibles ampliaciones, tanto estructuralmente como con preinstalación de todo tipo de instalaciones (agua, luz, telefonía, etc)). PLANTA SÓTANO: - Sala polivalente con barra de bar, bolera profesional y galería de tiro con arco (preparado como bunker, con todas las acometidas).  - Dormitorio de servicio y baño completo. - Taller de reparaciones y laboratorio fotográfico y cuartos varios de instalaciones. PLANTA TÉCNICA:  - Bajo la totalidad de la planta baja, cámara practicable de entre uno y dos metros de altura donde se alojan las instalaciones generales incluidas las de la piscina interior, hasta un total de 800 m². Todas las plantas están comunicadas entre si por escalera y ascensor. Aparcamiento cubierto en planta baja, junto a la entrada con capacidad para ocho vehículos. Jardín arbolado, con piscina, terraza exterior, barbacoa y caseta para perros.  Puedes ver más inmuebles en nuestra página web. Este importante municipio de Madrid ocupa una extensión de 42 km2 y tiene una población de aproximadamente 84.000 habitantes. Como referencia geográfica, se encuentra a 11 kilómetros del centro de la capital y linda con Aravaca. Además de varias líneas de autobuses y de metro ligero, cuenta con dos estaciones de cercanías: una en Pozuelo y otra en El Barrial, junto al Corte Inglés. Sin olvidar sus tres grandes ejes: la A-6, la M-500 y la M-40.  De entres sus muchas urbanizaciones, destacamos La Finca, Somosaguas o Álamos de Bularas. Según su carácter urbanístico, en algunas se han construido pisos cerca de las zonas comerciales, y en otras, adosados y chalets independientes.  Asimismo, cuenta con colegios muy conocidos, algunos de ellos bilingües, lo que hace de esta población una zona muy demandada por ejecutivos destinados en Madrid. En sus inmediaciones se encuentra el Campus Universitario de Somosaguas, donde se cursan varias carreras de la Universidad Complutense.  Estamos ante una zona muy tranquila, de gran seguridad y con unos servicios acordes a la gran ciudad que es hoy día. De hecho, desde hace ya unos años tiene teatro y su propio conservatorio.",True,good,False,,2079.0,True,True,False,True,[],False,True,3950000.0,€,,,,chalet,independantHouse,"Zona Pueblo, Pozuelo de Alarcón",Casa independiente en calle Línea,Top+,True,True,
108212506,https://img4.idealista.com/blur/480_360_mq/0/id.pro.es.image.master/d7/21/4d/1337699789.webp,LO-209361,34,,1795000.0,chalet,sale,260.0,,3,3,calle del Padre Arrupe,Madrid,La Moraleja,Encinar de los Reyes,es,,40.5027596,-3.6371706,False,https://www.idealista.com/inmueble/108212506/,"Gilmar Moraleja Consulting te invita descubrir EN EXCLUSIVA esta espectacular casa pareada en una urbanización cerrada con seguridad 24 horas, ubicada en la exclusiva zona de El Encinar de los Reyes. Con un diseño funcional y acogedor, esta propiedad de 260 m² construidos se distribuye en dos plantas que ofrecen un ambiente perfecto para disfrutar en familia. En la planta baja, te recibe un hall de entrada que da paso a un amplio salón comedor, ideal para momentos inolvidables. La cocina, equipada con zona de office y acceso directo al jardín, es perfecta para los amantes de la gastronomía. Además, cuenta con un baño completo que añade comodidad a este nivel.  Subiendo a la planta primera, encontrarás dos generosos dormitorios secundarios, que pueden unirse para crear un espacio aún más amplio. La habitación principal destaca por su tamaño y cuenta con un baño en suite que garantiza privacidad y confort. Un baño secundario compartido completa esta planta. La propiedad también incluye plaza de garaje para dos vehículos y un gran trastero, ofreciendo soluciones de almacenamiento adicionales y instalación de fotovoltaica individual en cubierta con posibilidad de instalar acumuladores. Los servicios de la urbanización son excepcionales: disfruta de dos piscinas (adultos y niños), pistas de pádel y tenis, un parque infantil y amplias zonas ajardinadas donde los más pequeños pueden jugar y explorar. Esta casa está lista para convertirse en tu nuevo hogar. No pierdas la oportunidad de vivir en un entorno seguro y tranquilo, rodeado de naturaleza y comodidades. ¡Ven a visitarla y enamórate! La Moraleja es el área residencial de lujo por excelencia de Madrid y la más conocida de España. Se sitúa en la zona Norte de la capital y está compuesta por La Moraleja, El Soto de la Moraleja y El Encinar de los Reyes. Según algunas publicaciones de prestigio mundial, La Moraleja es la mejor urbanización del mundo, teniendo en cuenta sus cualidades: situada a 10 minutos del centro de Madrid y a 5 minutos de la Terminal Internacional 4 del Aeropuerto Adolfo Suárez Barajas, en el término municipal de Alcobendas. Tiene una extensión de 950 hectáreas, con 1.050 viviendas independientes sobre parcelas de 1.500, 2.500 y 10.000 m2 y con 400 chalets adosados en nueve urbanizaciones diferentes. La Moraleja cuenta con el mayor número de colegios privados nacionales e internacionales de toda España, entre otros, el International College, King’s College, San Patricio, Runymede, Los Sauces, Brains, Saint George, Highlands, Aldovea, Liceo Europeo…. Acoge además uno de los dos campus que la Universidad Europea de Madrid tiene en la Comunidad de Madrid. Cuenta asimismo con varios centros comerciales y médicos, dos campos de golf de 18 hoyos, club de tenis, club de paddle, y una de las ofertas gastronómicas más atractivas de Madrid. Hay que destacar La Plaza de la Moraleja, donde se encuentran los principales y más prestigiosos restaurantes de Madrid (A’Kangas, La Máquina, Aurea, La Penela, Sushi99), cafeterías como Pino, Embassy o farmacia y bancos. La Moraleja es un área que goza de gran seguridad gracias al sistema de alarmas que está conectado con la Entidad de Conservación de La Moraleja y las garitas de seguridad ubicadas en las diferentes entradas de acceso a la zona. Vivir en la Moraleja significa calidad, exclusividad y comodidad en un entorno inigualable y con los mejores servicios.",True,good,False,,6904.0,True,True,False,True,[],False,True,1795000.0,€,,,,chalet,semidetachedHouse,"Encinar de los Reyes, La Moraleja",Chalet pareado en calle del Padre Arrupe,Top+,True,True,
104306965,https://img4.idealista.com/blur/480_360_mq/0/id.pro.es.image.master/aa/c2/63/1217034679.webp,JM195047 ,53,,15000000.0,chalet,sale,1700.0,,8,11,paseo de la Marquesa Viuda de Aldama,Madrid,La Moraleja,La Moraleja urbanización,es,,40.5144704,-3.634451,False,https://www.idealista.com/inmueble/104306965/,"GILMAR MORALEJA tiene el honor de presentar esta maravillosa villa provenzal en La Moraleja. Trasladarse a la Provenza francesa sin salir de Madrid es posible, gracias a esta espectacular propiedad de 10.000 m2 situada en La Moraleja.    Este chalet independiente de estilo provenzal es un verdadero paraíso de lujo y elegancia, con una superficie construida de 1.700 m2 distribuidos en dos plantas y un sótano. Al adentrarse en esta impresionante vivienda, se puede apreciar la calidad y la atención al detalle en cada rincón. Los materiales utilizados, como la piedra, la madera y el metal, crean una atmósfera lujosa y sofisticada.  El magnífico hall de entrada de 62 m2 da la bienvenida a los visitantes, mientras que el espacioso salón de 70 m2, con grandes ventanales y una imponente chimenea, se convierte en el corazón de la casa.  El comedor de 40 m2, conectado directamente con el salón, es perfecto para celebrar grandes banquetes.  Además, la propiedad cuenta con un fabuloso salón biblioteca, con majestuosas columnas de piedra, chimenea y vigas de madera vista, que lo convierten en uno de los espacios más especiales de la casa. En la planta principal también se encuentra la cocina, de estilo provenzal y completamente equipada, con despensa y zona de lavandería.  El dormitorio principal, con 21 m2, cuenta con vestidor, baño en suite y unas vistas impresionantes al jardín. En la primera planta se encuentran cinco amplias habitaciones, todas ellas con baño en suite y algunas con acceso a una terraza.  Además, hay un cuarto de estar que ofrece un espacio adicional para relajarse y disfrutar de momentos de tranquilidad. El exterior de la vivienda cuenta con un bonito porche y un jardín de una hectárea, cuidado con esmero y en perfecta armonía con la fachada de la casa. El jardín cuenta con un magnífico arbolado y una vegetación exuberante, así como una preciosa fuente. Los residentes podrán disfrutar del aire libre y de momentos de relax en este entorno idílico.   La propiedad cuenta con una piscina cubierta climatizada, perfecta para disfrutar durante todo el año en edificación individual dentro de la parcela de 10.000 m2. La Moraleja es una de las zonas más exclusivas de Madrid, conocida por sus amplias y lujosas propiedades. Este barrio residencial ofrece una gran calidad de vida, con amplias zonas verdes, seguridad privada y una gran oferta de servicios y actividades.  Además, cuenta con excelentes conexiones de transporte, con varias líneas de autobús cercanas y la estación de metro más cercana a menos de 10 kilómetros. En cuanto a la oferta educativa, La Moraleja cuenta con varios colegios de prestigio a menos de 10 kilómetros, como el International College of Spain (ICS), Colegio San Patricio, King´s College, el Liceo Europeo de Madrid y otros 10 colegios mas de altísimo prestigio.  Para ir de compras, los residentes encontrarán el Corte Inglés y el Centro Comercial Moraleja Green a pocos minutos en coche. Gilmar es una reconocida compañía inmobiliaria con más de 35 años de experiencia en el sector.  Desde 1983, Gilmar ha ayudado a sus clientes a encontrar la casa de sus sueños, ofreciendo un servicio personalizado y profesional. Si desea más información sobre esta propiedad, no dude en ponerse en contacto con nuestro equipo en la oficina de La Moraleja, ubicada en Plaza de la Moraleja, s/n. Puede llamar al o enviar un correo electrónico.  Recuerde facilitarnos la referencia MOV02961 para obtener más detalles sobre este increíble chalet en La Moraleja.",True,good,False,,8824.0,True,True,False,True,[],False,True,15000000.0,€,,,,chalet,independantHouse,"La Moraleja urbanización, La Moraleja",Casa independiente en paseo de la Marquesa Viuda de Aldama,Top+,True,True,
106006394,https://img4.idealista.com/blur/480_360_mq/0/id.pro.es.image.master/37/68/65/1272948906.webp,VG-198000,62,3,1850000.0,flat,sale,312.0,True,4,6,calle de Luis Martinez Feduchi,Madrid,La Moraleja,Encinar de los Reyes,es,,40.5001316,-3.638256,False,https://www.idealista.com/inmueble/106006394/,"Gilmar Consulting Inmobiliario ofrece, espectacular piso totalmente actualizado de 312 metros, en una de las mejores urbanizaciones de El Encinar de los Reyes. Al acceder a esta exclusiva vivienda, destaca la majestuosidad de su salón- comedor, con acceso a una maravillosa terraza con vistas despejadas. Cuenta con cocina independiente, con mobiliario y electrodomésticos de primera calidad, moderna y actual; amplio office con vistas; así como tendedero techado con área de lavandería. Un aseo de cortesía completa esta estancia; así como múltiples armarios en los halls.  En el área de descanso, se distribuyen tres (en origen cuatro) fantásticos dormitorios en suite; el principal con dos baños (para él y ella), así como una preciosa terraza con vistas. Adicionalmente hay una habitación que puede funcionar de servicio o como despacho. Esta espléndida y única propiedad dispone de tres plazas de garaje, un trastero, gimnasio y una preciosa piscina. La Moraleja, compuesta por La Moraleja, El Soto y El Encinar de los Reyes, es el área residencial de lujo por excelencia de Madrid y la más conocida de España, situada en la zona Norte de Madrid. Según algunas publicaciones de prestigio mundial, es la mejor urbanización del mundo, teniendo en cuenta sus cualidades. Está situada a 15 minutos del centro y a 5 minutos de la terminal Internacional 4 del Aeropuerto Adolfo Suárez. en el término municipal de Alcobendas. La Moraleja cuenta con el mayor número de colegios privados nacionales e internacionales de toda España (entre otros el International College Spain, King’s College, San Patricio, Runnymede, Los Sauces, Brains, Santa Helena, Saint George, Highlands, Aldovea, Liceo Europeo, etc…). Acoge además uno de los dos campus que la Universidad Europea de Madrid tiene en la Comunidad de Madrid. Cuenta asimismo con varios centros comerciales y médicos, dos campos de golf de 18 hoyos, club de tenis, club de pádel, y una de las ofertas gastronómicas más atractivas de Madrid. Hay que destacar La Plaza de la Moraleja, donde se encuentran los principales y más prestigiosos restaurantes de Madrid (A’Kangas, La Máquina, Áurea, La Penela, Mati´s Bar, Sushi 99) Cafeterías (Pino), Embassy, farmacia, bancos etc… Es un área que goza de gran seguridad gracias al sistema de alarmas que está conectado con la Entidad de Conservación de La Moraleja y las garitas de seguridad ubicadas en las diferentes entradas de acceso a la zona. Vivir en la Moraleja significa calidad, exclusividad y comodidad en un entorno inigualable y con los mejores servicios.",True,good,False,True,5929.0,True,True,False,True,[],False,True,1850000.0,€,,,,flat,,"Encinar de los Reyes, La Moraleja",Piso en calle de Luis Martinez Feduchi,Top+,True,True,
105036254,https://img4.idealista.com/blur/480_360_mq/0/id.pro.es.image.master/58/39/8c/1302328500.webp,GH196907,48,2,1495000.0,flat,sale,164.0,True,3,3,calle de Noblejas,Madrid,Madrid,Centro,es,Palacio,40.4153152,-3.7138457,False,https://www.idealista.com/inmueble/105036254/,"¡Exclusivo Piso en Venta en el Corazón de Madrid! Este impresionante piso de 164 m² combina elegancia, confort y una ubicación inmejorable, ideal para quienes buscan vivir en una vivienda de alta calidad y con historia. Además, ha sido completamente reformado y está listo para estrenar, con acabados y mobiliario totalmente nuevos que garantizan calidad, funcionalidad y un estilo impecable. Alojado en un magnífico edificio en el corazón de Madrid, construido en 1834 y con casi dos siglos de historia, este inmueble aporta un carácter y un valor patrimonial únicos a la propiedad. El apartamento ha sido reformado con las más altas calidades, asegurando durabilidad y un acabado personalizado perfecto. La reforma incluye detalles de lujo como persianas eléctricas que ofrecen ventajas como mayor comodidad, seguridad, eficiencia energética y un valor estético y funcional añadido. El luminoso salón, corazón de la vivienda, cuenta con tres encantadores balcones que permiten la entrada de abundante luz natural y ofrecen vistas privilegiadas de la zona. La cocina abierta con península, equipada con electrodomésticos de última generación y acabados de alta calidad, es perfecta para los amantes de la gastronomía y las reuniones con amigos y familiares. El piso dispone de tres habitaciones espaciosas, incluyendo una habitación principal con baño en suite, creando un oasis privado para descansar y relajarse. Las otras dos habitaciones son versátiles, ideales para dormitorios adicionales, una oficina en casa o espacios para invitados. Todas ellas comparten un baño completo moderno y funcional, además de un aseo de cortesía elegante y práctico para mayor comodidad. El confort está garantizado con suelo de piedra de Campaspero, que ofrece excelentes ventajas para su uso en suelos radiantes: buena conductividad térmica, capacidad de retención de calor, durabilidad, estética atractiva y facilidad de mantenimiento. La calefacción por suelo radiante y el aire acondicionado por conductos aseguran una temperatura agradable durante todo el año. Las puertas interiores en altura, hechas a medida, aportan un ambiente amplio y lujoso, mejoran la circulación del aire y la accesibilidad, además de potenciar la estética del espacio. Las luces dimables permiten crear ambientes personalizados, contribuyendo a la sostenibilidad ambiental y al bienestar del hogar. El inmueble también cuenta con una chimenea que aporta calidez, confort y un toque de elegancia, transformando cualquier espacio en un lugar más acogedor y funcional. Vive en una ubicación exclusiva, con fácil acceso a sitios históricos, parques, tiendas y restaurantes. Además, la finca está exenta de pagar IBI por ser un edificio protegido, lo que representa un ahorro significativo en gastos anuales. ¡No pierdas la oportunidad de vivir en uno de los barrios más emblemáticos de Madrid!",True,good,False,True,9116.0,True,True,False,True,[],False,True,1495000.0,€,,,,flat,,"Palacio, Madrid",Piso en calle de Noblejas,Top+,,,
108046286,https://img4.idealista.com/blur/480_360_mq/0/id.pro.es.image.master/79/1d/ca/1332214225.webp,SG207844,32,2,970000.0,flat,sale,169.0,True,3,2,calle de Vallehermoso,Madrid,Madrid,Chamberí,es,Arapiles,40.4388426,-3.7073215,False,https://www.idealista.com/inmueble/108046286/,"En el prestigioso barrio de Vallehermoso, dentro del distrito de Chamberí, se encuentra un piso excepcional que redefine el concepto de vida urbana. Con una superficie de 169 m², esta vivienda en altura ofrece un ambiente de luminosidad y confort inigualable, gracias a su orientación suroeste que garantiza la entrada de luz natural durante todo el día. El inmueble cuenta con tres amplios dormitorios y dos baños, ideales para familias que buscan espacio y comodidad. El salón independiente proporciona un área de estar perfecta para el descanso y el entretenimiento, mientras que la cocina equipada es un espacio funcional para los amantes de la gastronomía. El piso está diseñado para el máximo confort, con calefacción central con contador individual y aire acondicionado, asegurando una temperatura ideal durante todo el año. Además, dispone de una plaza de garaje, un lujo que pocos pueden ofrecer en esta zona. La seguridad y el servicio son prioritarios, con un portero conserje que garantiza tranquilidad a los residentes. Ubicado en un edificio con ascensor, el estado de conservación del inmueble es para entrar a vivir o reformar. El piso también incluye un tendedero, lo que añade funcionalidad al día a día. Plaza de garaje no incluida en el precio a tan solo seis minutos andando de la vivienda, 39.000€. Vallehermoso es una zona que combina a la perfección la tranquilidad residencial con la vibrante vida urbana. A menos de 10 kilómetros, se encuentra el Colegio Santa María del Pilar, reconocido por su excelencia académica. Para las compras y el ocio, el Centro Comercial Moda Shopping es una opción cercana y completa. En cuanto a transporte público, las líneas de metro más cercanas son Islas Filipinas (Línea 7) y Moncloa (Líneas 3 y 6), y las líneas de autobuses que pasan por la zona incluyen el 16 y el 61, entre otras, facilitando el acceso a cualquier punto de la ciudad. Desde 1983, GILMAR se ha dedicado a ayudar a sus clientes a encontrar la casa de sus sueños, ofreciendo un servicio personalizado y de calidad. Con una trayectoria impecable, GILMAR se ha consolidado como líder en el sector inmobiliario, combinando experiencia y dedicación para satisfacer las necesidades de cada cliente. Para más información sobre este inmueble, por favor, contacta con nuestro equipo de Chamberí - Argüelles en C/ Carranza, 20, llamando al o escribiendo a. No olvides mencionar la referencia 207844 para que podamos asistirte de manera más eficiente.",True,renew,False,True,5740.0,True,True,False,True,[],False,True,970000.0,€,995000.0,25000.0,3.0,flat,,"Arapiles, Madrid",Piso en calle de Vallehermoso,Top+,True,False,39000.0
106751275,https://img4.idealista.com/blur/480_360_mq/0/id.pro.es.image.master/57/2a/4b/1319043313.webp,PV8826I,82,,9000000.0,chalet,sale,1674.0,,9,10,calle Eibar,Madrid,Madrid,Moncloa,es,El Plantío,40.469054,-3.8103585,False,https://www.idealista.com/inmueble/106751275/,"Impresionante independiente de 1.600 m² sobre una parcela de 2.890 m² ubicado en un exclusivo recinto privado con vistas al Monte de El Pardo en La Florida. Si hay una ubicación privilegiada para vivir en un entorno natural sin igual y a la vez estar a menos de 10 minutos del centro es la prestigiosa urbanización de La Florida, una de las urbanizaciones más exclusivas de Madrid presidida por el Monte de El Pardo.  Esta exclusiva vivienda se encuentra a su vez situada en un recinto privado para un selecto número de vecinos permitiendo disfrutar de su privilegiada ubicación con un extra de seguridad y privacidad. La vivienda, de arquitectura contemporánea y diseño minimalista cuenta con más de 1.600 m² construidos de los que aproximadamente 1.200 m² son útiles de vivienda y que permiten disfrutar de amplios espacios para compartir, 6 dormitorios principales, varias salas de estar, despacho, gimnasio, estancias de servicio, piscina interior climatizada con sistema de nado a contracorriente, jacuzzi, garaje con capacidad para 8 coches, piscina exterior y pista de pádel entre otros, pensados con esmero para el bienestar y comodidad de sus propietarios. En cuanto a su diseño interior, destacamos su amplitud de espacios que fluyen de manera armoniosa, creando un ambiente acogedor y elegante. Los grandes ventanales presentes en toda la vivienda permiten que la luz natural inunde cada rincón de la casa y generan una íntima conexión entre interior y exterior. Mención especial en esta vivienda merecen las vistas panorámicas al Monte de El Pardo y al skyline de Madrid que se pueden disfrutar tanto desde el jardín como de sus magníficas terrazas pensadas para crear distintos ambientes según la ocasión. En cuanto a las calidades, esta propiedad ha sido construida con las mejores materiales, en su exterior destacamos su elegante fachada en piedra caliza natural, madera de iroko e impresionantes ventanales, mientras que en el interior nos cautivan sus excelentes materiales, con suelos de mármol, techos a triple altura en las estancias de recibo, ascensor, carpinterías exteriores blindadas, iluminación por foseados y una escultórica escalera que preside la zona de recibo acorde con la espectacularidad de la construcción. Además, su diseño eficiente y sostenible con sistema de calefacción por suelo radiante con instalación de placas solares que no solo reducen el impacto ambiental, sino que también optimizan el consumo energético. En resumen, esta casa de diseño moderno en la urbanización La Florida es el lugar perfecto para quienes buscan un hogar que combine exclusividad, elegancia y sostenibilidad, todo a un paso de la vibrante vida de Madrid.  Distribución: PLANTA PRINCIPAL: · Espectacular hall de entrada con techos a triple altura. · Salón principal de más de 100 m² con salida al porche y vistas a la piscina. · Gran comedor con techo a triple altura. · Cocina de gran tamaño con vistas al jardín. · Sala de estar de diario con salida al jardín. · Despacho de gran tamaño. · Dormitorio de invitados con baño en suite. · Aseo de cortesía. · Ascensor. PLANTA ALTA: · Dormitorio principal de casi 100 m² con gran vestidor, baño en suite y salida a terraza de más de 80 m². · Cinco dormitorios dobles, todos con vestidor y baño en suite. · Family room. · Sala de planchado y apoyo. ÁTICO: · Sala de billar. · Sala de estar o biblioteca, con impresionantes vistas y salida a una gran terraza chill out de 245m2 con vistas abiertas al monte de El Pardo, el Palacio de la Zarzuela y al Skyline de Madrid, pensada incluso para la realización de un evento al atardecer disfrutando entre amigos de las maravillosas vistas. · Aseo de cortesía. PLANTA BAJA: · Zona de spa con piscina climatizada y sistema de nado contra corriente, sauna, gimnasio y vestidores. · Gran sala de estar con salida directa al jardín y equipada con cocina para la celebración de eventos. · Apartamento de s.",True,good,False,,5376.0,True,True,False,True,[],False,True,9000000.0,€,,,,chalet,independantHouse,"El Plantío, Madrid",Casa independiente en calle Eibar,Top+,True,True,
106653497,https://img4.idealista.com/blur/480_360_mq/0/id.pro.es.image.master/97/96/45/1289987958.webp,CDC1917,51,,1595000.0,chalet,sale,500.0,,7,7,calle Volga,Madrid,Ciudalcampo,,es,,40.626482,-3.6055694,False,https://www.idealista.com/inmueble/106653497/,"HOUSE AND HOUSE VENDE.- Espectacular vivienda con parcela plana dando al golf, preciosas vistas y muchísima intimidad. La vivienda esta distribuida en dos plantas más buhardilla, en perfecto estado de conservación, construida con muy buenas calidades y una distribución perfecta para una vida en familia. Cuenta con espacios muy amplios y mucha luz. Se distribuye: PLANTA PRINCIPAL: Amplio hall de entrada a doble altura, aseo de visitas, gran salón con diferentes ambientes, chimenea y salida al precioso porche, jardín y piscina, comedor independiente anexo al salón y a su vez comunicado con la amplia cocina con zona de office. Segundo salón o cuarto de estar al cual accedemos desde el hall y a su vez comunicado con el salón. Junto a la cocina tenemos el dormitorio de servicio con su baño en suite y garaje para dos coches. PLANTA PRIMERA: Tenemos cuatro amplios dormitorios y tres baños completos. El dormitorio principal con su baño en suite y zona de vestidor, tiene espectaculares vistas al campo de golf. Otro de los dormitorios también tiene el baño en suite y los otros dos comparten el tercer baño de esta planta. BUHARDILLA: Tenemos un gran espacio diáfano de unos 100m2 con buena altura de techo y un baño completo. ideal como cuarto de juegos, gimnasio, despacho etc.  Precioso jardín totalmente consolidado con piscina. HOUSE AND HOUSE.- EMPRESA ESPECIALIZADA EN LAS URBANIZACIONES DE SANTO DOMINGO, CIUDALCAMPO, FUENTE DEL FRESNO Y VALDEALGUA DESDE HACE MÁS DE 16 AÑOS. La vivienda está ubicada dentro de una urbanización, situada en el kilometro 28 de la N-I, dispone de seguridad privada las 24h del día, como servicios comunes dentro de la urbanización cabe destacar: El club social del RACE, con un campo de golf de 18 hoyos, hípica, piscina, tenis, padel, futbol, gimnasio etc... Además de dos edificios sociales uno de adultos y uno de niños, con zona de ocio, piscina de bolas y unos grandes jardines con columpios y mesas de picnic ideales para celebrar fiestas infantiles. Colegio privado bilingüe SEK, en la urbanización de enfrente (Santo Domingo) hay un colegio público bilingüe con primaria y secundaria y a 5 min por la vía de servicio en dirección Madrid se encuentra también el Trinity College colegio concertado bilingüe. La urbanización tiene una línea de autobús que van a Plaza de Castilla y hacen paradas intermedias en el metro de San Sebastián de los Reyes, junto al Hospital Publico Infanta Sofía. Ciudalcampo dispone además de una línea de minibuses internos que recorren toda la urbanización. A 10 min, encontramos el Hospital público de la Seguridad Social Infanta Sofía, construido recientemente y con todas las especialidades.",True,good,False,,3190.0,True,True,False,True,[],False,True,1595000.0,€,,,,chalet,independantHouse,Ciudalcampo,Casa independiente en calle Volga,Top+,True,True,
102132662,https://img4.idealista.com/blur/480_360_mq/0/id.pro.es.image.master/7a/66/50/1340394237.webp,CDC1844,83,,2800000.0,chalet,sale,643.0,,6,8,Naranjo de Bulnes,Madrid,Ciudalcampo,,es,,40.6302632,-3.5933338,False,https://www.idealista.com/inmueble/102132662/,"HOUSE AND HOUSE VENDE EN LA EXCLUSIVA URBANIZACION DE CIUDALCAMPO. -  Espectacular chalet en primera linea de golf, al lado de la entrada, totalmente reformado en 2023 con materiales de primera calidad, sistema de AEROTERMIA frio/calor, aire acondicionado, placas solares, piscina totalmente nueva climatizada. En la primera planta tenemos un salón dividido en una zona de estar y un salón de TV, una cocina muy amplia totalmente abierta, comedor independiente, Family room, despacho, aseo de cortesía, dormitorio de servicio con cuarto de baño, lavandería y en esta misma planta tenemos el dormitorio principal en suite con vestidor y baño incorporado. Salida al porche y jardín. En la planta de arriba tenemos cuatro dormitorios en suite todos ellos con vestidor y baño incorporado, un salón, aseo de cortesía y una amplia terraza con grandes vistas. En la planta sótano tiene un trastero y el cuarto de instalaciones. La parcela mide 3800 m2 lindado con el golf, el jardín tiene diferentes ambientes para disfrutar en las diferentes horas del día, así como piscinas y zona de barbacoa. La vivienda está ubicada dentro de una urbanización, situada en el kilometro 28 de la N-I, dispone de seguridad privada las 24h del día, como servicios comunes dentro de la urbanización cabe destacar: El club social del RACE, con un campo de golf de 18 hoyos, hípica, piscina, tenis, padel, futbol, gimnasio etc.. . Además de dos edificios sociales uno de adultos y uno de niños, con zona de ocio, piscina de bolas y unos grandes jardines con columpios y mesas de picnic ideales para celebrar fiestas infantiles. Colegio privado bilingüe SEK, en la urbanización de enfrente (Santo Domingo) hay un colegio público bilingüe con primaria y secundaria y a 5 min por la vía de servicio en dirección Madrid se encuentra también el Trinity College colegio concertado bilingüe. La urbanización tiene una línea de autobús que van a Plaza de Castilla y hacen paradas intermedias en el metro de San Sebastián de los Reyes, junto al Hospital Publico Infanta Sofía. Ciudalcampo dispone además de una línea de minibuses internos que recorren toda la urbanización.",True,good,False,,4355.0,True,True,False,True,[],False,True,2800000.0,€,,,,chalet,independantHouse,Ciudalcampo,Casa independiente en Naranjo de Bulnes,Top+,True,True,
102043012,https://img4.idealista.com/blur/480_360_mq/0/id.pro.es.image.master/1f/c1/f3/1142966342.webp,VP22545,47,bj,1650000.0,flat,sale,181.0,True,2,2,calle de Triana,Madrid,Madrid,Chamartín,es,Nueva España,40.4615205,-3.6780267,False,https://www.idealista.com/inmueble/102043012/,"AMBASSADOR pone a la venta este espectacular bajo con jardín, ubicado en una calle tranquila cercana al Paseo de la Habana.  Es una vivienda totalmente exterior con una reforma de interiorismo impecable y cuidada hasta el último detalle, tanto en domótica como en sus materiales y acabados de lujo.  Tiene muchísima luz, privacidad y vistas despejadas hacia el jardín dando la sensación de estar en un chalet.    El hall de entrada nos conduce al amplio salón comedor, mas una zona de despacho, todo ello con un gran ventanal de lado a lado de la pared con vistas despejadas al jardín de la urbanización.  La cocina está abierta al salón, pero se puede independizar con una puerta corredera, se encuentra perfectamente equipada con electrodomésticos de alta gama, zona office y con salida al jardín.  Desde un distribuidor accedemos al maravilloso dormitorio principal con su impresionante baño en suite y un estupendo vestidor. También hay otro dormitorio de invitados y otro gran baño exterior con ventana.  El jardín hace esquina tiene mucho encanto, privacidad y se puede acceder desde la calle.  La vivienda dispone de una plaza de garaje y un trastero.",True,good,False,True,9116.0,True,True,False,True,[],False,True,1650000.0,€,,,,flat,,"Nueva España, Madrid",Piso en calle de Triana,Top+,True,True,
107410669,https://img4.idealista.com/blur/480_360_mq/0/id.pro.es.image.master/86/90/82/701443838.webp,ST1927,41,,1095000.0,chalet,sale,300.0,,5,3,callejón DEL MOLAR,Madrid,Santo Domingo,,es,,40.6428651,-3.576306,False,https://www.idealista.com/inmueble/107410669/,"HOUSE AND HOUSE VENDE EN EXCLUSIVA fantástica y cómoda vivienda en Santo Domingo. En una sóla planta y en zona tranquila de la urbanización. Se distribuye: PLANTA PRINCIPAL: Hall de entrada, amplio salón con chimenea y espectaculares vistas a la sierra, zona de comedor con acceso a amplia terraza con bajada a piscina y acceso a cocina con zona de office y zona de lavandería. Desde la cocina también se accede a terraza. Dormitorio de servicio con baño completo. Desde el hall y hacia la derecha empieza la zona de dormitorios en el que encontramos: 3 dormitorios que comparten un baño completo, uno de ellos también se le puede dar uso de zona de estar o de juegos ya que tiene chimenea y bajada al jardín, y el principal con baño en suite. Aire acondicionado y calefacción de gasóleo. En la planta baja esta el garaje para dos coches. Jardín y zona de piscina. La vivienda está ubicada dentro de una urbanización, situada en el kilometro 28 de la N-I, con seguridad privada las 24 horas los 365 días del año. Además está controlada con cámaras perimetrales de video-vigilancia. Dispone de una zona comercial que cuenta con todo tipo de servicios; supermercado, farmacia (abierta los 365días del año), zona de restauración, tiendas de regalos, banco, gimnasio, oficina de correos, veterinario, peluquería. Junto a la zona comercial, se encuentra el centro de Salud, con botiquín y asistencia las 24 horas del día. Tiene un Club Social, totalmente reformado, con campo de entrenamiento de Golf, piscina, escuela de Tenis, zona de ocio para niños y adultos. Junto a la Iglesia, hay un colegio-público bilingüe, con primaria y secundaria. En la urbanización de enfrente (Ciudalcampo) está el Colegio privado bilingüe SEK, y a 5 min por la vía de servicio en dirección Madrid se encuentra también el Trinity College colegio concertado bilingüe, ambos colegios con oferta hasta el bachillerato. La urbanización dispone de un autobús privado que recorre la urbanización y con parada final en Plaza de Castilla y paradas intermedias en Alcobendas y San Sebastián de los Reyes.  A 10 min, encontramos el Hospital público de la Seguridad Social Infanta Sofía, construido recientemente y con todas las especialidades.",True,good,False,,3650.0,True,True,False,True,[],False,True,1095000.0,€,,,,chalet,independantHouse,Santo Domingo,Casa independiente en callejón Del Molar,Top+,True,True,
103323973,https://img4.idealista.com/blur/480_360_mq/0/id.pro.es.image.master/bb/22/1a/1289072587.webp,CDC1855,58,,1395000.0,chalet,sale,602.0,,6,5,calle del Oso,Madrid,Ciudalcampo,,es,,40.6172406,-3.6128195,False,https://www.idealista.com/inmueble/103323973/,"HOUSE AND HOUSE VENDE. - Fantástica vivienda en la exclusiva urbanización de Ciudalcampo. Con parcela de 2.800m2 con bonitas vistas y muy buena ubicación. La vivienda tiene una muy buena construcción con materiales de primera calidad y una perfecta distribución. Calefacción por Suelo radiante. Se distribuye:  PLANTA PRINCIPAL: Hall de entrada a doble altura, gran salón con diferentes ambientes, mucha luz a través de grandes ventanales, comunicado a través de puertas correderas con un amplio comedor, todo ello con salida directa al porche, jardín y piscina. Cocina muy amplia con zona de office, despensa y salida directa también al jardín y zona de piscina. Habitación de servicio con baño completo. Aseo de invitados. PLANTA PRIMERA: Tenemos 5 amplios dormitorios y tres baños completos. El dormitorio principal tiene un gran baño en suite y su amplio vestidor. Los otros cuatro dormitorios comparten los otros dos baños.  PLANTA BAJA: Garaje amplio para 3 coches, varias zonas de almacenaje, un baño completo, y cuarto de juegos y/o gimnasio o sala multiusos, cuarto de instalaciones. Precioso jardín totalmente consolidado con piscina. MEJOR VER. La vivienda está ubicada dentro de una urbanización, situada en el kilometro 28 de la N-I, dispone de seguridad privada las 24h del día, como servicios comunes dentro de la urbanización cabe destacar: El club social del RACE, con un campo de golf de 18 hoyos, hípica, piscina, tenis, padel, futbol, gimnasio etc.. . Además de dos edificios sociales uno de adultos y uno de niños, con zona de ocio, piscina de bolas y unos grandes jardines con columpios y mesas de picnic ideales para celebrar fiestas infantiles. Colegio privado bilingüe SEK, en la urbanización de enfrente (Santo Domingo) hay un colegio público bilingüe con primaria y secundaria y a 5 min por la vía de servicio en dirección Madrid se encuentra también el Trinity College colegio concertado bilingüe. La urbanización tiene una línea de autobús que van a Plaza de Castilla y hacen paradas intermedias en el metro de San Sebastián de los Reyes, junto al Hospital Publico Infanta Sofía. Ciudalcampo dispone además de una línea de minibuses internos que recorren toda la urbanización. A 10 min, encontramos el Hospital público de la Seguridad Social Infanta Sofía, construido recientemente y con todas las especialidades.",True,good,False,,2317.0,True,True,False,True,[],False,True,1395000.0,€,,,,chalet,independantHouse,Ciudalcampo,Casa independiente en calle del Oso,Top+,True,True,
107869944,https://img4.idealista.com/blur/480_360_mq/0/id.pro.es.image.master/97/08/86/1326771555.webp,ST1934,44,,1390000.0,chalet,sale,697.0,,6,6,calle de Algete,Madrid,Santo Domingo,,es,,40.6407035,-3.5724348,False,https://www.idealista.com/inmueble/107869944/,"HOUSE AND HOUSE VENDE.- En la EXCLUSIVA urbanización de Santo Domingo, fantástica vivienda con espectaculares vistas y una gran calidad constructiva de base. Parcela muy practica con jardín consolidado, piscina infantil y de adultos muy privada. Todos los espacios de la vivienda son amplios, se distribuye: PLANTA PRINCIPAL: Amplio hall de entrada, sala de estar/despacho y/o dormitorio, aseo de visitas, amplio salón comedor con diferentes ambientes, chimenea, salida directa al jardín a través de amplio ventanal, porche acristalado, cocina muy amplia con zona de office y salida directa también al jardín. PLANTA PRIMERA: Cuatro amplios dormitorios con baño en suite, zona de estar y zona de vestidor. PLANTA BAJA: Dormitorio de servicio con baño en suite, otra habitación que puede ser despacho/lavandería, zona de almacenaje. Bajando otro tramo de escaleras encontramos un gran espacio diáfano perfecto como cuarto de juegos o gimnasio. Garaje cerrado para dos coches y cuarto de instalaciones. La vivienda tiene muchas posibilidades y estupenda base. En el jardín tenemos la piscina, zona de barbacoa y un amplio porche. HOUSE AND HOUSE.- EMPRESA ESPECIALIZADA EN LAS URBANIZACIONES DE SANTO DOMINGO, CIUDALCAMPO, FUENTE DEL FRESNO Y VALDEALGUA DESDE HACE MÁS DE 16 AÑOS. La vivienda está ubicada dentro de una urbanización, situada en el kilometro 28 de la N-I, con seguridad privada las 24 horas los 365 días del año. Además está controlada con cámaras perimetrales de video-vigilancia. Dispone de una zona comercial que cuenta con todo tipo de servicios; supermercado, farmacia (abierta los 365días del año), zona de restauración, tiendas de regalos, banco, gimnasio, oficina de correos, veterinario, peluquería. Junto a la zona comercial, se encuentra el centro de Salud, con botiquín y asistencia las 24 horas del día. Tiene un Club Social, totalmente reformado, con campo de entrenamiento de Golf, piscina, escuela de Tenis, zona de ocio para niños y adultos. Junto a la Iglesia, hay un colegio-público bilingüe, con primaria y secundaria. En la urbanización de enfrente (Ciudalcampo) está el Colegio privado bilingüe SEK, y a 5 min por la vía de servicio en dirección Madrid se encuentra también el Trinity College colegio concertado bilingüe, ambos colegios con oferta hasta el bachillerato. La urbanización dispone de un autobús privado que recorre la urbanización y con parada final en Plaza de Castilla y paradas intermedias en Alcobendas y San Sebastián de los Reyes.  A 10 min, encontramos el Hospital público de la Seguridad Social Infanta Sofía, construido recientemente y con todas las especialidades.",True,good,False,,1994.0,True,True,False,True,[],False,True,1390000.0,€,,,,chalet,independantHouse,Santo Domingo,Casa independiente en calle de Algete,Top+,True,True,
108520015,https://img4.idealista.com/blur/480_360_mq/0/id.pro.es.image.master/72/cb/48/1347343644.webp,14484,33,1,1250000.0,flat,sale,207.0,True,3,2,calle de la Azalea,Madrid,La Moraleja,El Soto de la Moraleja,es,,40.5247927,-3.6475822,False,https://www.idealista.com/inmueble/108520015/,"""Algunas de las imágenes incluidas en este anuncio son representaciones orientativas del posible aspecto de ciertas estancias y no reflejan el estado actual del inmueble. "" Suma inmobiliaria ofrece piso de 207 m2 con tres habitaciones en el soto de la moraleja. La vivienda esta situada en urbanización con seguridad 24h, zonas comunes, precioso jardín, pista de tenis y piscina. Muy bien ubicado, cerca de zona comercial, restaurantes, farmacia y bancos.  La distribución de la casa es la siguiente; entrada directa al gran salón con chimenea, super luminoso y amplio. Con acceso a una impresionante cocina, que aunque hay que reformar, tiene un tamaño buenísimo y es rectangular, con lo cual es super versátil si se quiere sacar de ahí un cuarto de servicio o un office.   En la zona de habitaciones hay un hall distribuidor, con tres habitaciones y dos baños completos. La habitación principal con el baño en suite. Además la casa tiene una plaza de garaje y un trastero.  La calefacción central y el aire acondicionado por splits Las ventanas son climalit y loa suelos de tarima. Disponemos de una amplia cartera de inmuebles “off market” no publicados en Idealista. Para solicitar información visite nuestra web pinchando en el enlace de abajo o contacte con nuestras oficinas.",True,good,False,True,6039.0,True,True,False,True,[],False,True,1250000.0,€,,,,flat,,"El Soto de la Moraleja, La Moraleja",Piso en calle de la Azalea,Top+,True,True,
106226728,https://img4.idealista.com/blur/480_360_mq/0/id.pro.es.image.master/a3/9f/29/1276481779.webp,ST1909,36,,1295000.0,chalet,sale,553.0,,5,3,calle Alta,Madrid,Santo Domingo,,es,,40.6420876,-3.5754077,False,https://www.idealista.com/inmueble/106226728/,"HOUSE AND HOUSE VENDE.- EN EXCLUSIVA fantástica vivienda con parcela de 1.625m2 y vida en una sola planta, aunque cuenta con dos. Una ubicación inmejorable, en esquina, zona super tranquila. Cuenta con espacios muy amplios, mucha luz y toda la vivienda orientada al jardín.  Se Distribuye: PLANTA PRINCIPAL: Hall recibidor, salón comedor con tres ambientes, chimenea y salida al porche y jardín a través de grandes ventanales, cocina muy amplia con zona de office y despensa y lavandería. Tres amplias habitaciones con dos baños completos. La principal con gran frente de armarios y su baño en suite.  PLANTA BAJA: Gran segundo salón o cuarto de juegos con salida directa al jardín, dos habitaciones completas que comparten un baño, zona de almacenaje y garaje cerrado para dos coches. En el jardín tenemos un bonito porche cerrado ( de uso en invierno y verano) junto a la piscina. Piscina con gran playa de césped totalmente plana. Zona de barbacoa garaje en pérgola para otros tres coches y zona abierta de juegos y/o más aparcamiento. En definitiva una casa muy bien pensada, fácil de vivir y mantener, ideal para cualquier tipo de familia.  HOUSE AND HOUSE.- EMPRESA ESPECIALIZADA EN LAS URBANIZACIONES DE SANTO DOMINGO, CIUDALCAMPO, FUENTE DEL FRESNO Y VALDEALGUA DESDE HACE MÁS DE 16 AÑOS. La vivienda está ubicada dentro de una urbanización, situada en el kilometro 28 de la N-I, con seguridad privada las 24 horas los 365 días del año. Además está controlada con cámaras perimetrales de video-vigilancia. Dispone de una zona comercial que cuenta con todo tipo de servicios; supermercado, farmacia (abierta los 365días del año), zona de restauración, tiendas de regalos, banco, gimnasio, oficina de correos, veterinario, peluquería. Junto a la zona comercial, se encuentra el centro de Salud, con botiquín y asistencia las 24 horas del día. Tiene un Club Social, totalmente reformado, con campo de entrenamiento de Golf, piscina, escuela de Tenis, zona de ocio para niños y adultos. Junto a la Iglesia, hay un colegio-público bilingüe, con primaria y secundaria. En la urbanización de enfrente (Ciudalcampo) está el Colegio privado bilingüe SEK, y a 5 min por la vía de servicio en dirección Madrid se encuentra también el Trinity College colegio concertado bilingüe, ambos colegios con oferta hasta el bachillerato. La urbanización dispone de un autobús privado que recorre la urbanización y con parada final en Plaza de Castilla y paradas intermedias en Alcobendas y San Sebastián de los Reyes.  A 10 min, encontramos el Hospital público de la Seguridad Social Infanta Sofía, construido recientemente y con todas las especialidades.",True,good,False,,2342.0,True,True,False,True,[],False,True,1295000.0,€,,,,chalet,independantHouse,Santo Domingo,Casa independiente en calle Alta,Top+,True,True,
108721036,https://img4.idealista.com/blur/480_360_mq/0/id.pro.es.image.master/38/9c/7a/1355035430.webp,W-030PKU,33,5,770000.0,flat,sale,134.0,True,4,2,calle de Valderribas,Madrid,Madrid,Retiro,es,Pacífico,40.404987,-3.6732097,False,https://www.idealista.com/inmueble/108721036/,"Piso exterior en Pacífico, con terraza Engel & Völkers presenta este fantástico piso exterior ubicado en Pacífico, cerca del Parque del Retiro. Con 134 m2 construidos, la propiedad ofrece un gran potencial de reforma, permitiéndote crear el hogar de tus sueños. Ubicado en una 5ª planta, el inmueble cuenta con un amplio salón-comedor, ideal para reuniones familiares o momentos de relajación, y un recibidor que conecta los espacios de manera armoniosa.  La cocina independiente con área de comedor destaca por su funcionalidad y acceso a una zona de lavado que puede convertirse en una terraza privada. Tiene 4 dormitorios, el principal con terraza privada, aporta luminosidad y un espacio exclusivo para relajarse al aire libre. Los dos secundarios son amplios y versátiles, mientras que el cuarto, situado en la zona de servicio, incluye baño en suite y acceso independiente para mayor privacidad.  Todas las habitaciones tienen armarios empotrados, optimizando el espacio disponible. Además, dispone de un segundo baño completo que da servicio al resto de las habitaciones. El piso cuenta con calefacción central, aire acondicionado en salón y habitación principal, se encuentra en un edificio en excelentes condiciones, con hall reformado, dos ascensores, acceso adaptado para personas con movilidad reducida y portería los siete días de la semana. Esta propiedad ofrece un amplio espacio y múltiples posibilidades para adaptarla a tu estilo de vida, situada en una de las zonas más privilegiadas de la ciudad. La propiedad está estratégicamente ubicada en el barrio de Pacífico, combinando la tranquilidad residencial con una vibrante actividad comercial. Se encuentra a pocos minutos del Parque de El Retiro, un lugar clave para el ocio y la relajación gracias a sus amplias zonas verdes. Su proximidad a la estación de Atocha y a la Plaza Mariano de Cavia con múltiples paradas de autobús y metro garantiza una conectividad excepcional en transporte público. La zona ofrece una amplia variedad de opciones gastronómicas, servicios médicos, comercios locales y franquicias reconocidas. También cuenta con acceso a colegios públicos y concertados, lo que aumenta aún más el atractivo del barrio. Sin duda, Pacífico ha experimentado un auge en popularidad en los últimos años. Su alta calidad de vida, junto con una excelente conectividad, lo convierten en una ubicación muy deseable gracias a su accesibilidad, infraestructura moderna y carácter dinámico.",True,good,False,True,5746.0,True,True,False,True,[],False,True,770000.0,€,,,,flat,,"Pacífico, Madrid",Piso en calle de Valderribas,Top+,,,
108635798,https://img4.idealista.com/blur/480_360_mq/0/id.pro.es.image.master/fc/71/a1/1351485287.webp,JDJ211717,29,2,1249000.0,flat,sale,108.0,True,2,3,calle de Santa Engracia,Madrid,Madrid,Chamberí,es,Trafalgar,40.4339476,-3.6989106,False,https://www.idealista.com/inmueble/108635798/,"En el corazón del prestigioso barrio de Trafalgar, dentro del emblemático distrito de Chamberí, se encuentra esta joya inmobiliaria: un piso exclusivo de 108 m² que combina elegancia, diseño y una ubicación privilegiada. Este inmueble, ubicado en un edificio clásico, destaca por su luminosidad, gracias a su orientación este y a sus tres balcones que ofrecen vistas directas a la calle. Es el lugar perfecto para quienes buscan disfrutar de la vida urbana con estilo y comodidad. La vivienda dispone de un diseño impecable que incluye dos amplios dormitorios, ambos con baño en suite, además de un aseo de cortesía, ideal para visitas. La zona social es simplemente espectacular, con un salón independiente que se presenta como el espacio perfecto para reuniones o momentos de relajación. La cocina, totalmente equipada, está pensada para satisfacer las necesidades de los más exigentes, combinando funcionalidad y estética. Entre sus características adicionales destacan el aire acondicionado frío-calor, calefacción individual para un confort óptimo durante todo el año, armarios empotrados que maximizan el espacio de almacenamiento y un ascensor que facilita el acceso. El estado de conservación es excelente, lo que permite entrar a vivir sin necesidad de realizar reformas.  Trafalgar: Un barrio con carácter y encanto Trafalgar es uno de los barrios más codiciados de Madrid, conocido por su vibrante vida cultural, gastronómica y comercial. Su localización estratégica lo convierte en un lugar ideal para quienes buscan una calidad de vida excepcional. A pocos pasos del inmueble se encuentra el Mercado de Chamberí, un lugar emblemático para los amantes de la gastronomía. Además, la zona cuenta con una amplia oferta de cafeterías, restaurantes y boutiques exclusivas. En cuanto a la comunicación, el barrio está excelentemente conectado. Las estaciones de metro más cercanas son Bilbao (líneas 1 y 4) y Quevedo (línea 2), mientras que las líneas de autobús 3, 37 y 149 aseguran una conexión rápida con el resto de la ciudad. Si prefieres viajar en tren, la estación de cercanías Nuevos Ministerios está a pocos minutos en transporte público. Para las familias, el prestigioso Colegio Nuestra Señora del Pilar se encuentra a menos de 10 kilómetros, ofreciendo una educación de alta calidad. El ocio y las compras también tienen su espacio en esta ubicación privilegiada. El centro comercial ABC Serrano, con su amplia gama de tiendas y restaurantes, está a un corto trayecto. Y si buscas un lugar para desconectar, el Parque de Santander y las instalaciones deportivas del Canal de Isabel II están a pocos minutos, ideales para actividades al aire libre.  Sobre GILMAR Desde 1983, GILMAR ha sido un referente en el sector inmobiliario, ayudando a miles de clientes a encontrar la casa de sus sueños. Con un equipo experto y un servicio personalizado, ofrecemos soluciones a medida para la compra, venta o alquiler de inmuebles. Nuestro compromiso es tu satisfacción, y trabajamos cada día para superar tus expectativas. Si deseas más información sobre este exclusivo inmueble, contacta con nuestro equipo en la oficina de Chamberí-Argüelles, ubicada en C/ Carranza, 20. Llámanos al o escríbenos a, indicando la referencia 211717. ¡Estaremos encantados de atenderte!",True,good,False,True,11565.0,True,True,False,False,[],False,True,1249000.0,€,,,,flat,,"Trafalgar, Madrid",Piso en calle de Santa Engracia,Top+,,,
107346813,https://img4.idealista.com/blur/480_360_mq/0/id.pro.es.image.master/92/1b/25/1310243316.webp,,149,,9000000.0,chalet,sale,1674.0,,9,10,calle Eibar s/n,Madrid,Madrid,Moncloa,es,El Plantío,40.4710567,-3.8119848,True,https://www.idealista.com/inmueble/107346813/,"La Florida, increíbles VISTAS a EL PARDO. Dentro de calle PRIVADA con garita de seguridad. Gran proyecto de arquitectura con las 1º calidades del mercado.  28 placas solares SPA Paddle Suelo radiante Ascensor Fachada de piedra caliza Madera de Iroco Gran altura de techos La propiedad está distribuida de la siguiente manera: Planta de acceso: Gran hall con gran altura de techos. Gran salón en 2 ambientes con chimenea y salida al jardín. Comedor con doble altura de techos y salida al jardín. Cocina perfectamente equipada, con comedor de diario. Despacho de gran tamaño. 1 Dormitorio de invitados con vestidor y baño completo Aseo de cortesía. El jardín está en esta planta y tiene buenas vistas 1º Planta: Dormitorio principal con gran vestidor, baño completo y salida a una terraza de 80m2 5 dormitorios para cama de matrimonio + mesa de estudio, cada uno con su vestidor y baño completo. Cuarto de estar Cuarto de plancha ó trabajos. Roof Top: En esta planta nos encontramos 2 grandes salas con salida a la terraza de 245m2 desde donde se tienen unas impresionantes vistas Sótano: SPA, con piscina climatizada y nado a contracorriente Sauna GYM Vestuario Salida al jardín Cocina Gran sala de estar Apartamento de servicio con 2 dormitorios cocina y baño. Vivienda de 2º línea con el monte de El Pardo, pero al estar en una cota más alta que la de 1º línea, goza de una vistas muy buenas; vivienda construida en el 2012.",True,good,False,,5376.0,True,True,False,True,[],False,True,9000000.0,€,,,,chalet,independantHouse,"El Plantío, Madrid",Casa independiente en calle Eibar s/n,Top+,True,True,
104923994,https://img4.idealista.com/blur/480_360_mq/0/id.pro.es.image.master/b7/81/45/1293749895.webp,403-C,70,,1395000.0,chalet,sale,601.0,,6,5,"calle del Oso, 399 -405",Madrid,Ciudalcampo,,es,,40.616055,-3.6135476,True,https://www.idealista.com/inmueble/104923994/,"ABETO COCHES Y CASAS - Magnífica vivienda ubicada en una zona muy tranquila de la urbanización Ciudalcampo y con preciosas vistas. Goza de gran tranquilidad y privacidad. Con bonita parcela completamente ajardinada y piscina privada de orientación sur que le aporta mucha luz natural a toda la casa. Vivienda con climatización por suelo radiante. En planta principal dispone de un amplio hall de entrada, salón comedor de gran tamaño que se abre al bonito porche del jardín de orientación sur, cocina office que también cuenta con salida al porche, aseo de cortesía, sala de estar y dormitorio de servicio con baño. En planta superior cuenta con un total de cinco dormitorios, de los cuales el dormitorio principal de gran tamaño con su baño en suite, y otros cuatro dormitorios que comparten dos baños. En planta baja tenemos el garaje privado para tres coches, trastero, sala de juegos, gimnasio ABETO COCHES Y CASAS - VEN A VERNOS A NUESTRA OFICINA EN EL CENTRO COMERCIAL SANTO DOMINGO -  ref: 403-C.",True,good,False,,2321.0,True,True,False,True,[],False,True,1395000.0,€,,,,chalet,independantHouse,Ciudalcampo,"Casa independiente en calle del Oso, 399 -405",Top+,True,True,
108698077,https://img4.idealista.com/blur/480_360_mq/0/id.pro.es.image.master/b6/d8/1b/1352473742.webp,,46,3,4800000.0,flat,sale,291.0,True,4,5,calle de Antonio Maura,Madrid,Madrid,Retiro,es,Jerónimos,40.4173053,-3.6886096,False,https://www.idealista.com/inmueble/108698077/,"Jerónimos: A ESTRENAR, con TERRAZA y PLAZA de GARAJE, en edificio representativo de la zona.  Reformado con calidades premium, este piso con grandes estancias está distribuido de la siguiente manera: Buena zona de recibo Cocina con isla y electrodomésticos MIELE. Comedor Aseo de cortesia. Salón en 3 ambientes Terraza con salón exterior 3 dormitorios para cama de matrimonio, en suite, cada uno con su baño completo. Adicionalmente hay otro dormitorio para cama individual con baño completo, que puede ser de servicio ó de invitados. En Jaime Valcarce Consulting Inmobiliario comercializamos esta propiedad en EXCLUSIVA.",True,good,False,True,16495.0,True,True,False,True,[],False,True,4800000.0,€,,,,flat,,"Jerónimos, Madrid",Piso en calle de Antonio Maura,Top+,True,True,
106906461,https://img4.idealista.com/blur/480_360_mq/0/id.pro.es.image.master/7a/03/6c/1301469754.webp,426406,32,2,1520000.0,flat,sale,141.0,True,3,3,Barrio Goya,Madrid,Madrid,Barrio de Salamanca,es,Goya,40.4238857,-3.6717847,False,https://www.idealista.com/inmueble/106906461/,"UNICA INMOBILIARIA les presenta esta espectacular vivienda situada en una tranquila zona del barrio de Goya, a estrenar y con los muebles incluidos para que la puedas disfrutar desde el primer día. Vivienda, exterior, donde podrás disfrutar de una increíble luz todo el día. Orientación este.  El inmueble de 141 m², está distribuido en salón con cocina incorporada, tres dormitorios con baño en suite, aseo de cortesía y zona de lavado.  Según accedemos a la vivienda nos encontramos con un amplio salón comedor y dos terrazas, con posibilidad de poner unas mesitas para pasar un rato agradable al aire libre. La zona de estar cuenta con un aseo de cortesía. En la cocina, de diseño y totalmente equipada podemos disfrutar de una decoración elegante y acogedora, perfectamente integrada con el comedor y salón. La zona de descanso cuenta con 3 amplios dormitorios en suite, cada uno de ellos con terraza. Aire acondicionado por conductos y calefacción central, son algunas de las ventajas de las que disfrutar en esta vivienda.  Rodeada de todas las comodidades que presenta el barrio de Salamanca donde residir o invertir es siempre garantía de éxito y comodidad.  En Única Inmobiliaria aglutinamos más de veinte años de experiencia en el sector del lujo. Contamos con una amplia trayectoria que avala nuestra gestión trabajando alrededor de las zonas más exclusivas de Madrid: Barrio de Salamanca, Recoletos, Almagro, Chamartín, Retiro, Justicia….",True,good,False,True,10780.0,True,True,False,True,[],False,True,1520000.0,€,1595000.0,75000.0,5.0,flat,,"Goya, Madrid",Piso,Top+,,,
108448960,https://img4.idealista.com/blur/480_360_mq/0/id.pro.es.image.master/8a/e7/66/1348400139.webp,192-C,87,,1690000.0,chalet,sale,802.0,,8,7,paseo del Embajador,Madrid,Ciudalcampo,,es,,40.614611,-3.6086492,False,https://www.idealista.com/inmueble/108448960/,"ABETO COCHES & CASAS - Estupendo chalet con magnifica ubicación, muy cercano a la entrada de la urbanización. Vivienda de gran tamaño con amplia parcela completamente ajardinada de orientación Sur.  Cuenta con piscina privada, porches y gran terraza. Junto a la piscina tiene una caseta con aseo y ducha. Zona de barbacoa techada. Garaje cubierto para 3-4 vehículos. Para entrar a vivir.  En la planta principal dispone de una amplia cocina con isla central y zona de office, sala de lavandería, habitación de servicio junto a aseo independiente con baño turco, sala para Home Cinema, comedor independiente, aseo de cortesía y salón con salida directa al porche y la piscina. En la primera planta cuenta con tres amplios dormitorios: dormitorio principal con acceso a terraza y vistas al jardín, con su vestidor y baño en suite incluyendo jacuzzi. Un segundo dormitorio con baño en suite. En esta misma planta una sala de estar ideal como sala de juegos, con acceso a la terraza exterior de orientación sur. En la planta superior, cuatro dormitorios más con dos cuartos de baño completos, y una pequeña buhardilla para almacenamiento. Dispone de aire acondicionado en todas las estancias ABETO COCHES & CASAS - VEN A VERNOS A NUESTRA OFICINA EN EL CENTRO COMERCIAL SANTO DOMINGO.  ref: 192-C.",True,good,False,,2107.0,True,True,False,True,[],False,True,1690000.0,€,,,,chalet,independantHouse,Ciudalcampo,Casa independiente en paseo del Embajador,Top+,True,True,
108708032,https://img4.idealista.com/blur/480_360_mq/0/id.pro.es.image.master/54/a6/cb/1352765251.webp,484-C,61,,1180000.0,chalet,sale,518.0,,5,4,paseo del Rebeco,Madrid,Ciudalcampo,,es,,40.6168362,-3.6171909,False,https://www.idealista.com/inmueble/108708032/,"ABETO COCHES Y CASAS - OPORTUNIDAD - Estupenda vivienda para reformar. Con muchas posibilidades, amplios espacios y cómoda distribución. Bonita parcela con mucha privacidad y amplias vistas. Garaje privado, cuarto de herramientas, piscina privada y grandes árboles que aportan mucha privacidad y sombra natural al jardín. En planta principal dispone de un bonito hall de entrada a doble altura, gran salón en concepto abierto con techo a doble altura y salida directa al porche del jardín, comedor independiente, cocina office de gran tamaño y con entrada independiente, aseo de cortesía, cuarto de lavandería, habitación de invitados con su baño en suite, y garaje privado. En planta alta dispone de una gran zona de estar con muchas posibilidades y mucha luz natural, tres grandes dormitorios que comparten un baño, y dormitorio principal con su zona de vestidor y baño. NO DEJE PASAR ESTA OPORTUNIDAD ÚNICA PARA REFORMAR  ABETO COCHES Y CASAS - VEN A VERNOS A NUESTRA OFICINA EN EL CENTRO COMERCIAL SANTO DOMINGO-  ref: 484-C.",True,good,False,,2278.0,True,True,False,True,[],False,True,1180000.0,€,,,,chalet,independantHouse,Ciudalcampo,Casa independiente en paseo del Rebeco,Top+,True,True,
107795847,https://img4.idealista.com/blur/480_360_mq/0/id.pro.es.image.master/74/e2/65/1351248887.webp,f8342b76-a6b1-4d31-97ea-c4464e6aca93,51,4,1200000.0,penthouse,sale,218.0,True,3,3,calle de Dulce Chacón,Madrid,Madrid,Hortaleza,es,Virgen del Cortijo - Manoteras,40.4867938,-3.6702268,False,https://www.idealista.com/inmueble/107795847/,"Ático tríplex de lujo con piscina privada HUSPY presenta este exclusivo ático tríplex de 218 m², diseñado para ofrecer el máximo confort, lujo y funcionalidad. Su distribución en tres plantas permite disfrutar de amplios espacios, terrazas y una espectacular piscina privada con vistas panorámicas. En la planta principal, un elegante hall distribuidor da acceso a un luminoso salón-comedor con salida a una de las terrazas, creando un ambiente acogedor y funcional. La cocina, completamente equipada, cuenta con una zona de lavandería independiente. Además, dispone de un aseo de cortesía para mayor comodidad. La planta inferior alberga tres amplios y luminosos dormitorios, acompañados de dos baños completos, uno de ellos en suite. Esta distribución garantiza privacidad y confort para toda la familia. En la planta superior, la joya de la vivienda: una magnífica terraza con piscina privada de generosas dimensiones y vistas espectaculares. Un espacio perfecto para relajarse y disfrutar de momentos inolvidables. Este hogar cuenta con acabados de alta gama, suelos de madera, aire acondicionado central y calefacción a gas por suelo radiante, asegurando bienestar durante todo el año. El edificio ofrece servicios exclusivos como conserjería 24 horas, gimnasio, piscina comunitaria y un jardín impecablemente cuidado. Además, la vivienda incluye dos amplias plazas de garaje con acceso directo y un trastero, proporcionando máxima comodidad a sus residentes. Ubicación privilegiada Este ático se encuentra en la Isla de Chamartín, una de las zonas más codiciadas de Madrid. Su excelente conectividad permite un acceso rápido a la A1 y la M30, además de estar a pocos metros de la estación Fuente de la Mora, facilitando la conexión con puntos estratégicos de la ciudad. Una oportunidad única para vivir en un entorno exclusivo con todas las comodidades de la vida moderna. ¡Ven a verlo y déjate sorprender!",True,good,False,True,5505.0,True,True,False,True,[],False,True,1200000.0,€,1250000.0,50000.0,4.0,flat,penthouse,"Virgen del Cortijo - Manoteras, Madrid",Ático en calle de Dulce Chacón,Top+,True,True,
108315992,https://img4.idealista.com/blur/480_360_mq/0/id.pro.es.image.master/cf/47/6d/1340466200.webp,W-02ZXYW,36,8,940000.0,flat,sale,116.0,True,3,2,calle del Poeta Joan Maragall,Madrid,Madrid,Tetuán,es,Cuzco-Castillejos,40.4622691,-3.69301,False,https://www.idealista.com/inmueble/108315992/,"Preciosa vivienda reformada Engel & Völkers presenta en venta esta extraordinaria vivienda ubicada en una de las zonas más exclusivas de Madrid, con fácil acceso a las principales vías de comunicación. Se trata de un piso de 116 m², sometido a una reforma de diseño, que cuenta con tres dormitorios, actualmente uno de ellos es utilizado como vestidor, dos baños y terraza. La reforma integral realizada recientemente ha incluido un aislamiento completo en suelo, techo y paredes interiores y exteriores, empleando materiales y marcas de primera calidad. La orientación este permite que todos los espacios se inunden de luz natural. La vivienda dispone de carpintería lacada en blanco, puertas de madera, persianas motorizadas, baños de alto diseño y armarios empotrados completamente vestidos. La distribución se ha organizado en tres amplios espacios: el dormitorio principal, con baño en suite y gran vestidor; un espacio diáfano que integra la cocina abierta, el comedor y el salón; y un segundo dormitorio con baño completo. La cocina americana, de diseño moderno y minimalista, destaca por su perfecta integración con el salón. Se han utilizado materiales de primera calidad tanto en los muebles como en los electrodomésticos, incluyendo una encimera de granito negro y marcas de alta gama como Neff, Liebherr y Bosch. La isla, muy completa, incorpora una práctica zona de comedor y una campana extractora de techo Pando que neutraliza los olores de manera eficiente. La zona del dormitorio principal, completamente independiente, cuenta con baño en suite y vestidor. El baño principal dispone de lavabo de diseño, ducha y una gran bañera semi integrada en el dormitorio. Todos los elementos del baño son de última generación, destacando el inodoro japonés. El segundo dormitorio, equipado con armario empotrado, dispone de un baño completo. Finalmente, la vivienda cuenta con una terraza de aproximadamente 8 m², ideal para disfrutar de momentos inolvidables. La orientación este inunda de luz tanto el salón como el dormitorio principal, creando espacios muy agradables. La reforma ha cuidado numerosos detalles y calidades que convierten esta vivienda en el hogar ideal, entre los que se destacan una minuciosa iluminación que resalta cada estancia, puerta acorazada, suelos de madera natural, azulejos de Porcelanosa, sanitarios Roca, ventanas de PVC con doble acristalamiento (3+3/18/4), persianas motorizadas con domótica y mosquiteras integradas en la estructura, enchufes marca Simon con cargador USB, y toldo motorizado, entre otros. Asimismo, la vivienda cuenta con calefacción central y aire acondicionado por conductos. Se encuentra en un portal señorial con acceso para minusválidos, portero y conserje de fin de semana. El precio incluye una plaza de garaje en un edificio cercano. La propiedad se ubica en el popular barrio de Castillejos, dentro del Distrito de Tetuán, al noroeste de la capital.  Tetuán ofrece una amplia gama de servicios desde grandes almacenes, comercios, farmacias, colegios, iglesias, gimnasios, hoteles, hasta zonas deportivas y una selección muy amplia de bares y restaurantes.  El distrito es especialmente conocido por su centro de negocios AZCA y el Corte Inglés en la calle Raimundo Fernández Villaverde.  En cuanto a las comunicaciones, Castillejos tiene una excelente cobertura de transporte. Esto se debe a la cercanía de este a la estación de Nuevos Ministerios y del intercambiador de Plaza de Castilla. El acceso al centro de la ciudad y a las principales salidas (M-30, A-1) es rápido, ya sea por el Paseo de La Castellana o Plaza Castilla.",True,good,False,True,8103.0,True,True,False,False,[],False,True,940000.0,€,995000.0,55000.0,6.0,flat,,"Cuzco-Castillejos, Madrid",Piso en calle del Poeta Joan Maragall,Top+,True,True,
106674813,https://img4.idealista.com/blur/480_360_mq/0/id.pro.es.image.master/77/57/4e/1310957878.webp,W-02X9MB,48,,1295000.0,chalet,sale,392.0,,5,5,calle Manuel Gascón,Madrid,Madrid,Hortaleza,es,Pinar del Rey,40.467587,-3.6525258,False,https://www.idealista.com/inmueble/106674813/,"Majestuoso Chalet de Lujo en Hortaleza: Un Hogar de Ensueño Engel & Völkers presenta este exclusivo chalet de cuatro plantas, diseñado para ofrecer el máximo confort, amplitud y elegancia en un entorno incomparable. Desde el sótano hasta la buhardilla, cada rincón ha sido pensado para brindarte una experiencia de vida excepcional. En el sótano, dispones de un garaje cubierto con capacidad para varios vehículos, garantizando seguridad y espacio. Además, cuenta con un acogedor minibar con chimenea, perfecto para reuniones sociales, dos habitaciones multifuncionales que se adaptan a cualquier necesidad, un amplio trastero y un aseo para mayor comodidad. La primera planta es el centro social del hogar, con un espacioso salón lleno de luz, equipado con aire acondicionado y una chimenea que aporta calidez. Este espacio se abre hacia un gran patio ideal para disfrutar al aire libre. La cocina, conectada a una terraza privada, invita a momentos familiares inolvidables. También hay una habitación que puede funcionar como dormitorio, oficina o sala de estar. En la segunda planta, el dormitorio principal destaca como un verdadero refugio, con baño en suite, jacuzzi y vestidor. Además, hay dos habitaciones adicionales que comparten un baño completo. La tercera planta añade versatilidad con una habitación extra, un baño completo y una luminosa buhardilla, perfecta para usar como despacho, gimnasio o área de entretenimiento personal. Todas las estancias cuentan con aire acondicionado, y la calefacción individual por gas natural asegura confort en invierno. Las ventanas climalit oscilobatientes proporcionan un excelente aislamiento y eficiencia energética. Los acabados de alta calidad, como suelos de roble, baños en microcemento y piedra natural, y carpintería de madera, garantizan lujo y funcionalidad, además de armarios empotrados en cada habitación para un almacenamiento óptimo. Este chalet lo tiene todo: amplitud, lujo y confort en un entorno exclusivo. No dejes pasar la oportunidad de vivir en un espacio donde cada detalle ha sido diseñado para ofrecerte un estilo de vida extraordinario. Agenda tu visita y comienza a disfrutar del hogar que siempre has soñado. Pinar del Rey es un barrio que forma parte del distrito de Hortaleza, en uno de los enclaves más revalorizado de Madrid para quienes quieren disfrutar de la tranquilidad de los barrios periféricos a solo dos paradas de la estación de metro de Nuevos Ministerios. Cuenta con todos los servicios que ofrece una gran ciudad y su cercanía al metro y a diversas líneas de autobús garantizan un rápido acceso a cualquier punto de la capital. La incorporación a las autovías M30, M40, M11 y A2 es inmediata. La proximidad al Aeropuerto Internacional Adolfo Suárez Madrid Barajas y a la Estación de Chamartín es un valor añadido. Los mejores centros educativos nacionales e internacionales, además de públicos y privados como el Colegio Arturo Soria, Liceo Francés, Centro Bilingüe Concertado, entre otros, se encuentran ubicados en la zona. La cobertura hospitalaria está garantizada gracias a varios centros sanitarios como Vithas, la Clínica Universitaria Navarra y el Hospital Ramón y Cajal, entre otros. En cuanto a las áreas verdes en las que practicar deporte, destaca el parque Juan Carlos I y, para sus compras, Mercadona, el Centro Comercial Arturo Soria Plaza y El Palacio de Hielo. Todos los valores añadidos están desde 90 metros a 3 kilómetros de radio aproximados.",True,good,False,,3304.0,True,True,False,True,[],False,True,1295000.0,€,1350000.0,55000.0,4.0,chalet,independantHouse,"Pinar del Rey, Madrid",Casa independiente en calle Manuel Gascón,Top+,True,True,
107720088,https://img4.idealista.com/blur/480_360_mq/0/id.pro.es.image.master/72/36/ed/1320801623.webp,DS-P22732,32,5,1990000.0,flat,sale,148.0,True,3,3,calle del Príncipe de Vergara,Madrid,Madrid,Barrio de Salamanca,es,Castellana,40.4341302,-3.6792455,False,https://www.idealista.com/inmueble/107720088/,"DIZA consultores presenta vivienda reformada que destaca por su diseño elegante, su amplitud y la gran cantidad de luz natural que recibe. Su distribución ha sido cuidadosamente diseñada para ofrecer el máximo confort y funcionalidad. Al acceder a la vivienda, nos encontramos con un espacio diáfano y acogedor que integra la zona social. La cocina, completamente equipada y con una moderna península, se fusiona con el comedor y el salón, creando un ambiente perfecto para el día a día y para el entretenimiento. Además, en la entrada se dispone un aseo de cortesía y un área independiente de lavandería. En la zona de descanso, la propiedad cuenta con tres dormitorios, dos dormitorios que comparten un baño y una espectacular suite principal con vestidor y baño privado. Cabe destacar que toda la vivienda es exterior, salvo uno de los dormitorios, que da a un patio interior. Los acabados de alta calidad incluyen suelos de madera de roble, cocina a medida y baños de Porcelanosa, complementados por una cuidada decoración que aporta calidez y sofisticación a cada rincón. Ubicada en un edificio representativo de los años cuarenta con servicio de portería, esta vivienda se encuentra en un entorno privilegiado que combina la elegancia de sus calles con una variada oferta de servicios premium: exclusivas boutiques, restaurantes de alta gastronomía y prestigiosas galerías de arte. Además, dispone de excelentes conexiones de transporte público, cercanía a espacios verdes y todos los servicios esenciales para disfrutar de una calidad de vida excepcional. Convertimos Sueños en Hogares.",True,good,False,True,13446.0,True,True,False,True,[],False,True,1990000.0,€,,,,flat,,"Castellana, Madrid",Piso en calle del Príncipe de Vergara,Top+,,,
107127381,https://img4.idealista.com/blur/480_360_mq/0/id.pro.es.image.master/20/e4/b3/1305026112.webp,CA205628,34,,1450000.0,chalet,sale,416.0,,6,4,calle Islas Cíes,Madrid,Pozuelo de Alarcón,Zona Pueblo,es,Zona Pueblo,40.4396378,-3.8180612,False,https://www.idealista.com/inmueble/107127381/,"Este chalet independiente con encanto se encuentra en una de las mejores y más tranquilas zonas de Pozuelo de Alarcón, a tan solo 5 minutos a pie de Pozuelo Pueblo. Con una superficie de 416 m2 distribuidos en 4 plantas, esta propiedad ofrece amplitud y comodidad en cada uno de sus espacios. El chalet cuenta con 6 dormitorios y 4 baños, lo que lo convierte en una opción ideal para familias numerosas o aquellos que buscan espacio adicional para invitados o para trabajar desde casa. Además, dispone de 2 salones y una cocina independiente, brindando diferentes áreas para el entretenimiento y la convivencia familiar. La orientación Este de la propiedad asegura una excelente entrada de luz natural durante gran parte del día, creando un ambiente cálido y acogedor en cada rincón. Además, el chalet cuenta con una piscina privada y un jardín independiente, perfecto para disfrutar del aire libre y organizar actividades al aire libre. En cuanto a la ubicación, este chalet se encuentra en un barrio residencial de Pozuelo de Alarcón, conocido por su tranquilidad y seguridad. Además, cuenta con una amplia oferta de servicios cercanos, como colegios, centros comerciales y zonas deportivas. Entre los colegios cercanos se encuentra el prestigioso colegio ""Colegio San Luis de los Franceses"", a menos de 10 kilómetros del inmueble. En cuanto a centros comerciales, el ""Centro Comercial Zielo"" se encuentra a poca distancia en coche.  En cuanto a las conexiones de transporte, este chalet se encuentra cerca varias paradas de autobuses. En cuanto a las líneas de cercanías, la estación más cercana es Pozuelo, que conecta con varias zonas de la Comunidad de Madrid. Por último, las líneas de autobuses más cercanas a la geolocalización del inmueble son la línea 656 y la línea 657. En resumen, este chalet independiente con encanto en Pozuelo de Alarcón ofrece una oportunidad única para disfrutar de una vida tranquila y cómoda en uno de los mejores barrios de la zona. Con amplios espacios interiores y un jardín con piscina, esta propiedad es perfecta para aquellos que buscan un hogar espacioso y con todas las comodidades. Gilmar es una compañía especializada en el sector inmobiliario, con más de 35 años de experiencia ayudando a sus clientes a encontrar la casa de sus sueños. Nuestro equipo en la oficina de Pozuelo está listo para brindarte toda la información que necesites sobre este inmueble. Si estás interesado en obtener más detalles o visitar la propiedad, por favor, facilita la referencia 205628 al contactarnos. Equipo Gilmar Pozuelo Avda. de Europa 14 Teléfono:  Email:.",True,renew,False,,3486.0,True,True,False,True,[],False,True,1450000.0,€,,,,chalet,independantHouse,"Zona Pueblo, Pozuelo de Alarcón",Casa independiente en calle Islas Cíes,Top+,True,True,
108282763,https://img4.idealista.com/blur/480_360_mq/0/id.pro.es.image.master/3c/50/05/1339456486.webp,W-0300LC,20,1,540000.0,flat,sale,78.0,True,1,1,Barrio San Pascual,Madrid,Madrid,Ciudad Lineal,es,San Pascual,40.4470841,-3.6461169,False,https://www.idealista.com/inmueble/108282763/,"Moderno piso con piscina en Arturo Soria Descubre esta exclusiva vivienda de un dormitorio ubicada en una finca moderna, en pleno corazón del Barrio de la Concepción, junto a Arturo Soria. Ideal tanto para parejas, profesionales o como inversión con alta rentabilidad. Características principales: Un dormitorio amplio con armario empotrado, un baño completo moderno, cocina abierta integrada al salón-comedor, en un espacio diáfano y funcional, garaje y trastero incluidos en el precio, calefacción individual y aire acondicionado y excelente orientación y luz natural Zonas comunes que marcan la diferencia:  Piscina comunitaria perfecta para relajarte en verano y finca representativa con ascensor y zonas comunes cuidadas. ¡Sin comisión al comprador! Ubicación privilegiada: a pocos minutos del metro Barrio de la Concepción (Línea 7), con acceso rápido a M-30 y A-2. Zona tranquila, rodeada de comercios, servicios, colegios y zonas verdes. Arturo Soria es sinónimo de calidad de vida, y este piso reúne todo para disfrutarla.",True,good,False,True,6923.0,True,True,False,True,[],False,True,540000.0,€,555000.0,15000.0,3.0,flat,,"San Pascual, Madrid",Piso,Top+,True,True,
108467062,https://img4.idealista.com/blur/480_360_mq/0/id.pro.es.image.master/9e/63/12/1346872144.webp,LO-210345,32,,2390000.0,chalet,sale,328.0,,5,4,CL SAN ENRIQUE DE OSSO,Madrid,La Moraleja,Encinar de los Reyes,es,,40.5044529,-3.6377175,False,https://www.idealista.com/inmueble/108467062/,"Gilmar Moraleja Consulting te invita a descubrir este espectacular chalet pareado se encuentra en una de las urbanizaciones más exclusivas de la zona, ofreciendo la combinación perfecta de lujo, comodidad y seguridad. Con 328 m² construidos, esta propiedad cuenta con cuatro plantas que se distribuyen de manera funcional y elegante.  Al entrar, te recibe un amplio hall que da paso a un gran salón con diferentes ambientes, ideal para disfrutar con familia y amigos. La cocina, equipada con zona de office, es perfecta para los amantes de la gastronomía. Desde el salón, accedes directamente a un impresionante jardín privado con piscina, donde podrás relajarte y disfrutar del buen tiempo.  En la primera planta, la zona de descanso incluye dos dormitorios secundarios que comparten un baño, además de una habitación principal con baño en suite y acceso a una terraza privada. La buhardilla ofrece un espacio adicional con habitación y baño, perfecto para visitas o como oficina.  El sótano incluye una habitación de servicio, un patio inglés, una zona de lavandería y un garaje para dos vehículos. La casa está equipada con aire acondicionado y calefacción por suelo radiante, garantizando confort en todas las estaciones del año. La urbanización cuenta con amplias áreas verdes, piscina comunitaria y vigilancia 24 horas, brindando un entorno seguro y tranquilo. Ubicada a solo 10 minutos del centro de Madrid y a 5 minutos del Aeropuerto Adolfo Suárez Barajas, esta propiedad ofrece una calidad de vida inigualable. Además, vivir en La Moraleja significa tener acceso a los mejores colegios privados, centros comerciales y opciones gastronómicas de la zona. No pierdas la oportunidad de vivir en este exclusivo chalet que combina calidad, confort y un entorno privilegiado. ¡Contáctanos para más información y ven a descubrir tu nuevo hogar!",True,good,False,,7287.0,True,True,False,False,[],False,True,2390000.0,€,,,,chalet,semidetachedHouse,"Encinar de los Reyes, La Moraleja",Chalet pareado en Cl San Enrique De Osso,Top+,True,True,
107873687,https://img4.idealista.com/blur/480_360_mq/0/id.pro.es.image.master/4e/a7/0b/1332142954.webp,AG208318,30,1,2850000.0,flat,sale,280.0,True,3,4,calle de Goya,Madrid,Madrid,Barrio de Salamanca,es,Goya,40.4260987,-3.6789559,False,https://www.idealista.com/inmueble/107873687/,"Exclusiva vivienda en el prestigioso Barrio de Salamanca, en la emblemática Calle de Goya. Con una superficie de 280 m², la zona principal dispone de un amplio y luminoso salón-comedor de 90m2 orientado al sur, mas terraza privada de 15m2 aprox. La zona de descanso cuenta con tres master suite, con vestidores de gran tamaño. La cocina, de 33m2 mas área de office y zona de lavandería independiente. Uno de las master suite, es un apartamento con entrada independiente, aproximadamente de 40m2.  Esta espectacular propiedad ha sido rehabilitada con materiales y acabados de lujo.  Ubicada en una finca señorial, la vivienda dispone de servicio de portero físico.",True,good,False,True,10179.0,True,True,False,False,[],False,True,2850000.0,€,,,,flat,,"Goya, Madrid",Piso en calle de Goya,Top+,,,
106202610,https://img4.idealista.com/blur/480_360_mq/0/id.pro.es.image.master/06/b7/94/1340319798.webp,V7090I,27,,1580000.0,chalet,sale,250.0,,4,4,calle Julio Caro Baroja,Madrid,La Moraleja,Encinar de los Reyes,es,,40.505325,-3.6451952,False,https://www.idealista.com/inmueble/106202610/,"Venta. Adosado. El Encinar. Promora ofrece este chalet adosado de aproximadamente 250 m² con jardín privado de 60 m², ubicado en una urbanización cerrada en El Encinar de los Reyes. La urbanización cuenta con seguridad 24 horas, dos piscinas, dos pistas de pádel, una pista de tenis, sala de reuniones y parque infantil. 4 dormitorios. La vivienda se encuentra en un estado impecable, su distribución se articula en dos plantas más sótano. La planta de entrada ofrece el hall, aseo de visitas, cocina y salón comedor de 37m2 con salida al porche y jardín. En la primera planta albergan los dormitorios para la familia 3 dormitorios con 2 baños. El principal con baño incorporado en suite. En el sótano encontramos una sala de juegos, un dormitorio con baño para el servicio y garaje para un coche.  Aire acondicionado.  Calefacción de gas natural.  Ubicada en una urbanización con servicios completos y zonas comunes diseñadas para el disfrute de los residentes. Contacta con nosotros para más información o para concertar una visitas.  El Encinar es una lujosa urbanización a 11.8 kilómetros de Madrid. Limita al norte con La Moraleja y tiene su origen en la base aérea de Torrejón de Ardoz, aquí fue donde los militares norteamericanos y sus familias vivieron durante 34 años en un contexto netamente americano. Sin embargo, en 1992 pasó a manos españolas y es entonces cuando se empieza a concebir tal como la conocemos hoy.  En El Encinar encontramos viviendas de varias tipologías diferentes: pisos, áticos, pisos bajos con jardín, pareados, adosados y casas individuales, en su mayoría dentro de recintos cerrados, vigilados y con agradables zonas comunes que incluyen jardines, piscinas y dotaciones deportivas. El concepto resulta muy similar al Soto, aunque sus construcciones son mucho más recientes.  Como dato demográfico, decir que está habitado mayoritariamente por familias jóvenes con hijos y como apunte administrativo, señalar que una parte de El Encinar pertenece al término municipal de Alcobendas (código postal 28109) y otra al término municipal de Hortaleza (código postal 28055). Puedes ver más inmuebles en nuestra página web.",True,good,False,,6320.0,True,True,False,False,[],False,True,1580000.0,€,,,,chalet,terracedHouse,"Encinar de los Reyes, La Moraleja",Chalet adosado en calle Julio Caro Baroja,Top+,True,True,
107918238,https://img4.idealista.com/blur/480_360_mq/0/id.pro.es.image.master/67/da/a3/1329023759.webp,AR208265,32,5,940000.0,flat,sale,141.0,True,4,2,paseo de las Acacias,Madrid,Madrid,Arganzuela,es,Acacias,40.4008737,-3.7149955,False,https://www.idealista.com/inmueble/107918238/,"Descubre esta impresionante vivienda en altura situada en el exclusivo barrio de Acacias, en el distrito de Arganzuela, Madrid. Este piso de lujo, con vistas a Madrid Río, se encuentra en una excelente finca con portero, ofreciendo una experiencia de vida sofisticada y cómoda. La propiedad, construida en 1986, cuenta con una superficie total de 141 metros cuadrados y está distribuida en cuatro amplios dormitorios, dos baños completos y un salón independiente que invita a disfrutar de momentos de relax y convivencia. La luminosidad y el sol que baña cada rincón de la vivienda son características destacables, gracias a su orientación y sus grandes ventanales. La cocina, equipada con los mejores electrodomésticos, se convierte en el lugar ideal para preparar deliciosos platos y compartir momentos únicos. Además, la vivienda dispone de aire acondicionado, calefacción y armarios empotrados, garantizando el máximo confort durante todo el año. Uno de los puntos fuertes de esta propiedad es su terraza de 8 metros cuadrados, perfecta para disfrutar de las vistas y del aire libre sin salir de casa. La vivienda incluye una plaza de garaje en el precio y ofrece la posibilidad de adquirir otra plaza adicional, lo que resulta muy conveniente en una zona tan céntrica. El barrio de Acacias es conocido por su ambiente tranquilo y sus múltiples servicios. A menos de 10 minutos se encuentra el prestigioso Colegio Tomas Bretón, ideal para las familias que buscan educación de calidad para sus hijos. En cuanto a centros comerciales, el Centro Comercial Plaza Río 2 está a pocos minutos, ofreciendo una amplia variedad de tiendas, restaurantes y entretenimiento. La ubicación de la vivienda es privilegiada, con excelente conectividad mediante transporte público. Las líneas de metro más cercanas son la 5 y la 3, con estaciones en Acacias y Embajadores, respectivamente. Además, las líneas de cercanías C5 y C10 también están a corta distancia, facilitando el acceso a otras zonas de Madrid y alrededores. Las líneas de autobuses que operan en la zona incluyen la 34, 36 y 41, entre otras, proporcionando alternativas de movilidad eficientes y cómodas. El distrito de Arganzuela, donde se encuentra el barrio de Acacias, es conocido por su diversidad cultural y su oferta de ocio. Con numerosos parques, espacios verdes y monumentos históricos, es un lugar ideal para vivir y disfrutar de todo lo que Madrid tiene para ofrecer. Desde 1983, GILMAR ha estado ayudando a sus clientes a encontrar la casa de sus sueños, ofreciendo un servicio profesional y personalizado en cada operación. Con una sólida trayectoria y un equipo de expertos en el sector inmobiliario, GILMAR se ha consolidado como una de las empresas líderes en el mercado. Si deseas más información sobre este magnífico inmueble, no dudes en contactar con nuestro equipo en la oficina de Embajadores, ubicada en C/ Embajadores, 80. Puedes llamarnos al teléfono o enviarnos un correo electrónico a. Por favor, facilita la referencia 208265 para que podamos atenderte de manera más eficiente. ¡Te esperamos!",True,good,False,True,6667.0,True,True,False,False,[],False,True,940000.0,€,,,,flat,,"Acacias, Madrid",Piso en paseo de las Acacias,Top+,True,True,
107107951,https://img4.idealista.com/blur/480_360_mq/0/id.pro.es.image.master/90/4d/60/1342275228.webp,V7156I,42,,4500000.0,chalet,sale,480.0,,5,5,camino Viejo,Madrid,La Moraleja,La Moraleja urbanización,es,,40.5175116,-3.6081666,False,https://www.idealista.com/inmueble/107107951/,"Venta. Adosado. La Moraleja. Promora ofrece EN EXCLUSIVA espectacular adosado en INTERGOLF que destaca por su sofisticado interiorismo gracias a una reforma integral del año 2013. Casi 500 metros cuadrados construidos con jardín de 200 metros cuadrados y completísimas zonas comunes. Ubicada en la exclusiva urbanización Intergolf, lindando con el campo de golf, esta magnífica casa ofrece un entorno privilegiado con seguridad 24 horas, pistas de pádel y tenis, amplias zonas ajardinadas y piscina comunitaria con cafetería en verano. La vivienda, reformada íntegramente en 2013, cuenta con una distribución funcional y espacios amplios: - Planta principal: Despacho, gran sala de estar de 50 m², salón y comedor independientes en un solo ambiente con la cocina. Además, dispone de dormitorio de servicio con baño, zona de lavandería, aseo de cortesía y amplio trastero. - Primera planta: Cuatro dormitorios y tres baños. La suite principal destaca por sus preciosas vistas, vestidor y baño espacioso. - Última planta: Espacio diáfano abuhardillado, ideal como zona de juegos, despacho o sala de estar adicional. Jardín privado con acceso directo a las exclusivas zonas comunes. Probablemente La Moraleja sea la urbanización residencial de lujo más conocida de España. Los muchos personajes famosos que la han elegido como residencia habitual son responsables de su importante presencia mediática. Situada al norte de Madrid, en el término municipal de Alcobendas, tiene una extensión de 950 hectáreas. Cuenta con 1050 viviendas independientes sobre parcelas de 1.500, 2.500 y 10.000 m2 y con 400 adosados en 9 urbanizaciones diferentes. Tanto su estratégica ubicación -a un paso del centro de la capital (12km) y a escasos kilómetros del aeropuerto de Barajas (5km)- como sus férreas medidas de seguridad y sus muchas opciones de escolarización privada, ocio, deporte y salud, han convertido La Moraleja en un referente residencial en nuestro país.  Junto a las urbanizaciones de El Soto y El Encinar, conforman un núcleo geográfico de similares características demográficas. Su código postal es el 28109. Es aquí, en la plaza de La Moraleja (junto a la farmacia), donde Promora atiende a los clientes que quieren acceder a las viviendas de la zona norte de Madrid. Puedes ver más inmuebles en nuestra página web.",True,good,False,,9375.0,True,True,False,False,[],False,True,4500000.0,€,,,,chalet,terracedHouse,"La Moraleja urbanización, La Moraleja",Chalet adosado en camino Viejo,Top+,True,True,
105521069,https://img4.idealista.com/blur/480_360_mq/0/id.pro.es.image.master/2b/4b/ff/1335231495.webp,W-02TIZD,34,2,1495000.0,flat,sale,164.0,True,3,3,calle de Noblejas,Madrid,Madrid,Centro,es,Palacio,40.4167224,-3.7109739,False,https://www.idealista.com/inmueble/105521069/,"Exclusiva propiedad en el corazón del Madrid de los Austrias Engel & Völkers presenta esta exclusiva propiedad situada en el corazón del Madrid de los Austrias. A su excelente ubicación, en un edificio clásico de 1.834 con fachada de sillería íntegramente restaurado en 1.989, se suman el confort y la elegancia de su reforma integral de acabados de alta calidad.  Traspasando el umbral nos encontramos con la espaciosa zona pública, dividida en cuatro ambientes diferenciados. En primer término, nos encontramos con la cocina abierta. De un blanco inmaculado en su mobiliario, el contraste lo aporta la elegante encimera en porcelánico con vetas en tonos negros. Está completamente equipada con electrodomésticos de última generación y cuenta con una práctica península y numeroso espacio de almacenaje. Frente a ella, se abren las zonas destinadas a comedor y salón, iluminados naturalmente por los tres grandes balcones. El área se completa con la zona al abrigo de una chimenea, perfecta para albergar una biblioteca, además de un aseo de invitados. A partir de este punto arranca el distribuidor que nos lleva a la zona privada. Esta zona de noche está compuesta por tres espaciosos dormitorios que se abren a un soleado patio de luces, lo que les aporta una gran tranquilidad. Todos ellos están dotados de cómodos armarios empotrados, y el principal, incluye con un amplio baño en suite. Un segundo baño, es el encargado de dar servicio a los otros dos dormitorios. La propiedad cuenta con suelo radiante, que garantiza una perfecta conductividad térmica, gran capacidad de retención de calor y durabilidad, ofreciendo a la vez una estética atractiva y facilidad de mantenimiento. Además de aire acondicionado por conductos, persianas eléctricas, luces regulables en intensidad o puertas en altura que aportan gran amplitud, entre otras comodidades.   Una propiedad en suma, tremendamente atractiva tanto para inversores, como para quienes quieran vivir en pleno casco histórico de Madrid, en un entorno tranquilo, a escasos minutos andando de algunos principales centros de interés de la capital, y próximo a zonas verdes de vistas despejadas. La propiedad se encuentra en el caso histórico del Barrio de los Austrias, muy próxima a la Catedral de la Almudena y el Palacio Real de Madrid, y a vías emblemáticas de la ciudad como la calle Mayor o la calle Bailén. Una área de Madrid que cuenta con agradables espacios verdes de vistas despejadas, que la dotan de gran calidad para vivir. Su excelente ubicación dispone de varias líneas de autobuses, de metro en las cercanías y de numerosas paradas de taxi. El barrio cuenta con una variada dotación comercial, en la que predominan los establecimientos tradicionales de todo tipo y también otros de más reciente factura, y en la que no falta la importante dotación hotelera, con establecimientos de lujo y otros más modestos. La oferta gastronómica y de ocio es igualmente amplia, con locales tradicionales y otros de perfil más internacional. Trás un agradable paseo, nos encontramos con algunas de las principales opciones culturales de la ciudad, cómo los mencionados, la Catedral de la Almudena y el Palacio Real, a los que se unen la Plaza de la Villa, la Plaza Mayor o la Plaza de Oriente. En definitiva, una ubicación imbatible para disfrutar del Madrid histórico.",True,good,False,True,9116.0,True,True,False,True,[],False,True,1495000.0,€,,,,flat,,"Palacio, Madrid",Piso en calle de Noblejas,Top+,,,
96292622,https://img4.idealista.com/blur/480_360_mq/0/id.pro.es.image.master/5e/8e/72/1269167405.webp,PV8032I,26,,2500000.0,chalet,sale,761.0,,11,10,calle del Valle de Toranzo,Madrid,Madrid,Moncloa,es,Valdemarín,40.4690291,-3.7959122,False,https://www.idealista.com/inmueble/96292622/,"Excelente propiedad en ubicación inmejorable en Valdemarín. La propiedad consta de 3 viviendas en una fabulosa parcela llana y despejada, alejada de ruidos en Valdemarín. 3 viviendas unifamiliares con un total 761 m² en parcela de 2.517 m². Normativa 8.1. a  La 1º vivienda se distribuye en salón independiente, cocina, 5 habitaciones y 5 cuartos de baño.  La 2º vivienda cuenta con salón independiente, cocina, 3 habitaciones y 3 cuartos de baño. La 3º vivienda dispone de salón independiente, cocina, 2 habitaciones y 2 cuartos de baño. Puedes ver más inmuebles en nuestra página web. En los últimos años se ha transformado en una de las zonas residenciales más solicitadas de Madrid. Sus 4.000 habitantes la han escogido por su cercanía a la capital, por sus maravillosos chalets independientes y sus urbanizaciones familiares con grandes zonas comunes, y por su un entorno único junto al Monte del Pardo y el hipódromo. Perfectamente comunicado, y con el pueblo de Aravaca a 10 minutos a pie, tiene acceso inmediato a la M-40, a la A-6 y a la carretera de Castilla. Sin dejar de nombrar sus centros comerciales de lujo, colegios de gran prestigio y clubes deportivos. Es aquí, en Valdemarín (C/Blanca de Castilla nº 11), donde Promora atiende a los clientes interesados en la zona noroeste de Madrid.",True,good,False,,3285.0,True,True,False,True,[],False,True,2500000.0,€,,,,chalet,independantHouse,"Valdemarín, Madrid",Casa independiente en calle del Valle de Toranzo,Top+,,,
103291475,https://img4.idealista.com/blur/480_360_mq/0/id.pro.es.image.master/52/d6/01/1316909576.webp,W-02MV09,34,,3950000.0,chalet,sale,2034.0,,7,10,calle Línea,Madrid,Pozuelo de Alarcón,Zona Pueblo,es,Zona Pueblo,40.4478074,-3.818754,False,https://www.idealista.com/inmueble/103291475/,"Exclusivo chalet unifamiliar en Bularas. Singular vivienda unifamiliar en la exclusiva urbanización ""Álamos de Bularas"" en Pozuelo de Alarcón, que destaca por su amplia parcela de 5.900m2, su excelente ubicación dentro de la urbanización y su cómoda distribución en tres plantas con ascensor. En planta principal, dispone de hall de entrada y dos aseos de cortesía, distribuidor central con piscina interior climatizada, salón, comedor, cocina y zona de servicio (dormitorio con cuarto de baño y zona de plancha y lavandería), cuatro amplios dormitorios todos ellos con vestidor y baño en suite y zona de gimnasio, comunicada con la habitación principal, con vestuarios, duchas, sauna, y baño turco. En la primera planta, se encuentra otro dormitorio con vestidor y baño en suite, que dispone de terraza privada, y otras estancias diáfanas de biblioteca y despacho. Esta planta dispone además de aseo de cortesía y terrazas accesibles (preparadas para posibles ampliaciones, tanto estructuralmente como con preinstalación de todo tipo de instalaciones (agua, luz, telefónica, etc.) Y por último en planta sótano, nos encontramos con una sala polivalente con barra de bar, bolera profesional y galería de tiro con arco (preparado con bunker, con todas las acometidas), un dormitorio de servicio y baño completo y taller de reparaciones, laboratorio fotográfico y cuarto de instalaciones. Esta magnífica propiedad dispone además de parking exterior cubierto para ocho vehículos y de un gran jardín arbolado, piscina exterior, barbacoa, horno de piedra y cenador. La urbanización dentro de la cuál se encuentra ubicada esta magnífica propiedad, cuenta con vigilancia 24h y dos accesos vigilados, con garita de seguridad. Uno de ellos en Avenida del Monte y el otro al final de la Avenida Bularas, justo enlazando con Avenida Bellas Artes, por lo que su situación dentro de Pozuelo es excelente, ya que se encuentra también a escasos minutos de Camino de las Huertas, otro de las arterías principales del municipio. Está excelente situación dentro de Pozuelo, permite aunar el vivir en un chalet unifamiliar, con gran jardín, sin perder la practicidad de tenerlo todo a mano, tanto a pie como por carretera, ya sea mediante transporte público, ya que dispone de parada de autobús a escasos metros de la salida de la urbanización, o en coche. La zona cuenta además con algunos de los mejores colegios, Escolapios, Liceo Sorolla y Kensington, además de numerosas zonas verdes, deportivas, culturales y de ocio.",True,good,False,,1942.0,True,True,False,True,[],False,True,3950000.0,€,,,,chalet,independantHouse,"Zona Pueblo, Pozuelo de Alarcón",Casa independiente en calle Línea,Top+,True,True,
108336058,https://img4.idealista.com/blur/480_360_mq/0/id.pro.es.image.master/8f/36/86/1341072699.webp,W-03047G,40,4,760000.0,penthouse,sale,95.0,True,2,2,calle de Luis Mitjans,Madrid,Madrid,Retiro,es,Adelfas,40.4010996,-3.6710619,False,https://www.idealista.com/inmueble/108336058/,"Exclusivo ático con piscina y terraza en Retiro Bienvenido a un exclusivo ático en el corazón de Madrid, donde el lujo y la comodidad se encuentran en perfecta armonía. Con una superficie total de 95 metros cuadrados, este elegante hogar ofrece un espacio habitable de 73 metros cuadrados, cuidadosamente diseñado para brindar una experiencia de vida sofisticada. Construido en el año 2000 y mantenido en excelentes condiciones, este apartamento cuenta con dos amplios dormitorios y dos baños, lo que lo convierte en el refugio ideal para quienes buscan un estilo de vida urbano de alta gama. Al entrar, se revela un ambiente acogedor y contemporáneo, realzado por suelos de laminado y una distribución que maximiza la luz natural. El salón, amplio y bien iluminado, se abre a una terraza de 35 metros cuadrados que ofrece vistas abiertas y verdes, creando un oasis de tranquilidad en medio de la vibrante ciudad. La cocina está equipada con electrodomésticos y armarios empotrados, diseñados para satisfacer las necesidades de los más exigentes. Entre las características que distinguen a esta propiedad se encuentran su piscina privada, perfecta para relajarse y disfrutar del sol madrileño, y un ático completo que añade un toque de exclusividad. Además, el apartamento cuenta con un balcón orientado al oeste, ideal para disfrutar de impresionantes atardeceres. El edificio ofrece servicio de conserje garantizando tranquilidad para sus residentes. Descubra la esencia del lujo urbano en este apartamento único que combina modernidad y confort en una ubicación privilegiada. Con su atención al detalle y su diseño impecable, esta propiedad es una oportunidad excepcional para quienes buscan un hogar que refleje estilo y sofisticación en una de las ciudades más vibrantes del mundo. Ubicada en el prestigioso barrio de Adelfas, en el distrito de Retiro de Madrid, la propiedad en Calle de Luis Mitjans, se encuentra en una de las zonas más codiciadas por compradores de alto nivel. Este enclave es conocido por su tranquilidad y exclusividad, ofreciendo una perfecta combinación de vida urbana sofisticada y espacios verdes. A tan solo 10 minutos a pie del icónico Parque del Retiro, los residentes pueden disfrutar de uno de los pulmones verdes más importantes de la ciudad, ideal para paseos relajantes o actividades al aire libre. La infraestructura de la zona es impecable, con excelentes conexiones de transporte. La estación de metro más cercana, Pacífico, se encuentra a solo 5 minutos a pie, brindando fácil acceso al resto de la ciudad. Además, la Estación de Atocha, el principal nudo ferroviario de Madrid, está a menos de 15 minutos en coche, facilitando viajes nacionales e internacionales. La oferta de ocio y cultura es amplia y variada, con museos de renombre como el Museo del Prado y el Museo Reina Sofía a escasa distancia. Además, la proximidad a la animada zona de Retiro ofrece una diversidad de restaurantes gourmet, boutiques exclusivas y cafés elegantes que enriquecen la experiencia de vida. Este rincón de Madrid se distingue por su equilibrio entre modernidad y tradición, ofreciendo a sus residentes un estilo de vida sofisticado y cosmopolita. Adquirir una propiedad aquí es no solo una inversión en lujo y confort, sino también en una calidad de vida inigualable.",True,good,False,True,8000.0,True,True,False,True,[],False,True,760000.0,€,,,,flat,penthouse,"Adelfas, Madrid",Ático en calle de Luis Mitjans,Top+,True,False,20000.0
106611139,https://img4.idealista.com/blur/480_360_mq/0/id.pro.es.image.master/4d/a9/bf/1288665721.webp,W-02XRG1,43,2,1335000.0,flat,sale,195.0,True,3,3,calle del Carril de los Caleros,Madrid,Madrid,Moncloa,es,Aravaca,40.4617305,-3.7966537,False,https://www.idealista.com/inmueble/106611139/,"Bonito piso con terraza en Aravaca Engel&Völkers presenta esta espectacular vivienda en segunda planta, con una impresionante terraza perimetral de más de 130 metros, uno de los mayores atractivos de la casa. Este generoso espacio exterior, que rodea la propiedad, le ofrece a los nuevos propietarios la posibilidad de personalizarla a su gusto. Con una distribución pensada para aprovechar al máximo cada metro cuadrado, la casa cuenta con 3 dormitorios: la habitación principal cuenta con un amplio vestidor y baño en suite, y dos habitaciones adicionales que comparten un espacioso baño familiar. Además, dispone de un aseo de cortesía. Al entrar, un gran hall abierto da acceso al resto de las estancias, sin apenas pasillos, lo que aporta amplitud y luminosidad. La cocina, con isla y zona de comedor integrada, es perfecta para recibir a familia y amigos. Además, cuenta con un área de tendedero y lavado, para mayor comodidad. En origen parte de la cocina albergaba el dormitorio y cuarto de baño de servicio. La terraza, que envuelve la vivienda, aporta una sensación de continuidad con el entorno natural. Desde el hall, el salón y el dormitorio principal, se accede a este espacio exterior único. Ubicada en la codiciada zona de Aravaca, a tan solo 10 minutos de Moncloa, esta casa se encuentra rodeada de todos los servicios esenciales: prestigiosos colegios, centros de salud, farmacias, supermercados y una variada oferta gastronómica, convirtiéndola en una de las zonas más deseadas de Madrid. La urbanización se sitúa en una tranquila calle rodeada de parques, ideal para disfrutar de la calma y el bienestar, sin renunciar a la proximidad de la ciudad. No deje pasar la oportunidad de visitar esta propiedad. En una zona con tan poca oferta de viviendas listas para entrar a vivir, esta es una ocasión única para convertirse en propietario de una vivienda exclusiva.",True,good,False,True,6846.0,True,True,False,True,[],False,True,1335000.0,€,,,,flat,,"Aravaca, Madrid",Piso en calle del Carril de los Caleros,Top+,True,True,
107145320,https://img4.idealista.com/blur/480_360_mq/0/id.pro.es.image.master/f5/f6/c8/1305961494.webp,VP22608,43,2,7900000.0,flat,sale,473.0,True,4,4,calle de José Ortega y Gasset,Madrid,Madrid,Barrio de Salamanca,es,Castellana,40.4319046,-3.6879101,False,https://www.idealista.com/inmueble/107145320/,"AMBASSADOR ofrece este piso vanguardista reformado en su totalidad con calidades de alta gama de 473 m2, situado en una de las calles más emblemáticas del barrio de Salamanca, José Ortega y Gasset, cerca de Castellana.  Entramos a la casa a través de un gran hall distribuidor. Todas las estancias principales - salón, dos comedores y zona de estar con chimenea - están separadas por puertas correderas.  Todas estas zonas son especialmente agradable por su luminosidad con orientación sur y sus 5 balcones a la calle.  Tiene tres amplos dormitorios en suite el principal con un gran vestidor y balcón.  Cocina, entrada de servicio, dormitorio de servicio, cuarto de lavado. Aseo de visitas y un gabanero muy amplio.  Calefacción central.  Conserje.  Trastero.  Posibilidad de garaje.",True,good,False,True,16702.0,True,True,False,True,[],False,True,7900000.0,€,,,,flat,,"Castellana, Madrid",Piso en calle de José Ortega y Gasset,Top+,True,True,
107456787,https://img4.idealista.com/blur/480_360_mq/0/id.pro.es.image.master/e7/4e/35/1343275018.webp,VP22616,25,5,3000000.0,flat,sale,191.0,True,2,3,calle de Serrano,Madrid,Madrid,Barrio de Salamanca,es,Castellana,40.4334706,-3.685917,False,https://www.idealista.com/inmueble/107456787/,"AMBASSADOR ofrece, en pleno corazón del barrio de Salamanca, una vivienda que goza de una privilegiada situación.  La fachada de configuración tradicional madrileña, con acabado de revoco y bellos elementos de cerrajería en especial los del chaflán contrasta con la de la ampliación del edificio resuelta con cerámica terracota en fachada ventilada.  En definitiva, este edificio de 1900 y reformado en 2008 brinda un concepto diferente de vivienda que cubre las necesidades más exigentes. Cuida cada detalle de manera impoluta, refleja estilo en cada una de las estancias y ofrece una gran luminosidad en el interior.  Las calidades de esta gran obra son de primerísimo nivel y diseño, carpintería exterior con doble acristalamiente y persianas robotizadas, carpintería interior de puertas lacadas, suelos de tarima con aislamento acústico, baños en mármol Travertino Romano, cocinas en granito con muebles de la marca Nuzzi y electrodomésticos de alta gama de la firma Neff, griferías de la marca Grohe, mecanismos eléctricos marca Niessen Olas, climatización frio-calor e instalación de domótica y alarma de seguridad  con control de 6 funciones.  En conclusión, un espacio privilegiado para un público muy exclusivo.",True,good,False,True,15707.0,True,True,False,True,[],False,True,3000000.0,€,,,,flat,,"Castellana, Madrid",Piso en calle de Serrano,Top+,True,True,
88932630,https://img4.idealista.com/blur/480_360_mq/0/id.pro.es.image.master/ed/81/03/1349957614.webp,MOV03014,39,,1795000.0,chalet,sale,358.0,,5,6,calle de la Azalea,Madrid,La Moraleja,El Soto de la Moraleja,es,,40.5284114,-3.6412025,False,https://www.idealista.com/inmueble/88932630/,"Exclusivo chalet pareado en esquina en el corazón del Soto de La Moraleja. Presentamos este magnífico chalet pareado de más de 350 m² construidos con 100 m² de jardín privado, ubicado en una de las calles más representativas del Soto de La Moraleja. La propiedad forma parte de una urbanización privada con piscina comunitaria y amplias zonas verdes, ofreciendo un entorno seguro, tranquilo y muy familiar. Su excelente ubicación permite acceder fácilmente a colegios internacionales, comercios, restaurantes y transporte público, convirtiéndolo en una opción ideal tanto para familias como para quienes buscan calidad de vida sin renunciar a la comodidad. Distribuido en dos plantas más un semisótano, este chalet destaca por su amplitud, luminosidad y privacidad. La planta baja cuenta con un elegante hall de entrada que da paso a un espacioso salón-comedor con chimenea y techos altos, articulado en tres ambientes conectados pero diferenciados gracias a una bonita escalera central. Desde aquí se accede al porche cubierto y al jardín, que a su vez tiene acceso directo a la piscina comunitaria. La cocina, de generosas dimensiones, es muy luminosa y funcional, y en esta planta también se encuentra un aseo de cortesía, el dormitorio de servicio con baño y el acceso directo al jardín privado de esquina. En la primera planta se encuentran tres dormitorios, incluyendo el dormitorio principal con baño en suite y un amplio vestidor, así como otros dos baños completos. El semisótano alberga un acogedor salón con chimenea y cocina abierta, un dormitorio adicional, un baño completo, garaje con capacidad para dos vehículos y dos trasteros, proporcionando espacio adicional y múltiples posibilidades de uso. DE SALAS. Ref. MOV03014 DISTRIBUCIÓN PLANTA BAJA - Amplio hall, salón (21 m2) comedor y sala de estar (28 m2) - Aseo de invitados - Cocina (20 m2) - 1 Dormitorio de servicio y baño - Porche (14 m2) y jardín privado de esquina (100 m2) PRIMERA PLANTA - 3 Dormitorios (Dormitorio principal con baño en suite y amplio vestidor) - 2 Baños SEMISÓTANO - Salón con chimenea y cocina abierta al salón (36 m2) - 1 Dormitorio - 1 Baño - Garaje (2 plazas 35 m2) y 2 trasteros - Calefacción de gasóleo y aire acondicionado por conductos URBANIZACIÓN - Piscina y zonas verdes.",True,renew,False,,5014.0,True,True,False,False,[],False,True,1795000.0,€,,,,chalet,semidetachedHouse,"El Soto de la Moraleja, La Moraleja",Chalet pareado en calle de la Azalea,Top+,True,True,
108505570,https://img4.idealista.com/blur/480_360_mq/0/id.pro.es.image.master/97/92/52/1346904840.webp,W-02XQXM,28,8,2050000.0,penthouse,sale,158.0,True,3,2,calle de Manuel González Longoria,Madrid,Madrid,Chamberí,es,Trafalgar,40.427288,-3.6960365,False,https://www.idealista.com/inmueble/108505570/,"Magnífico ático con garaje junto a Alonso Martínez Engel & Völkers les ofrece este magnífico ático con terraza y amplia plaza de garaje en finca, ubicado a escasos metros de la Plaza de Alonso Martínez, donde se juntan tres de los barrios más prestigiosos de Madrid; Almagro, Justicia y Trafalgar. Este elegante espacio, con una superficie de 158 metros cuadrados construidos, está para actualizar y actualmente su distribución es bastante moderna. Construido en 1991 y mantenido en condiciones óptimas, ofrece tres amplias habitaciones y dos baños, diseñados para el confort y la elegancia. Esta propiedad se distingue por su amplia terraza de aproximadamente 20 metros cuadrados, abierta al salón comedor y por la luz natural y vistas abiertas en todas las estancias. La finca en perfecto estado con la ITE/IEE favorable, dispone de portero y amplia plaza de garaje en finca de 60 metros cuadrados catastrales incluida en el precio. Es un magnífico producto tanto como hogar familiar como para inversión, dada la gran rentabilidad de la zona en alquiler. La propiedad está situada en la zona de Trafalgar más cercana a los prestigiosos barrios de Almagro y Justicia, a pocos metros de la popular plaza de Alonso Martínez. Zona en la que hoy podemos disfrutar de bellos edificios singulares de finales del siglo XIX y principios del XX, creados por arquitectos de renombre como Eduardo Reynals, Joaquín Saldaña, Antonio Palacios, Martínez Zapata, característicos de la alta Burguesía y la aristocracia que vivió aquí en otros tiempos. El edificio está en perfecto estado y las vistas son despejadas a los edificios clásicos más bellos de Trafalgar. La amplia red de transporte público, el rápido acceso a la autovía A6 y a la Castellana y todos los servicios de la zona, completan el valor de esta propiedad haciéndola irresistible. Este prestigioso barrio cuenta con todo tipo de tiendas de proximidad y mercado de abastos, así como una buena dotación de otros servicios, tanto educativos públicos, privados y concertados, así como centros sanitarios y hospitalarios, espacios culturales, museos, teatros, entre otros, sin olvidar la magnífica oferta gastronómica a través de los innumerables restaurantes y bares de moda de Madrid establecidos en sus calles.",True,good,False,True,12975.0,True,True,False,True,[],False,True,2050000.0,€,,,,flat,penthouse,"Trafalgar, Madrid",Ático en calle de Manuel González Longoria,Top+,True,True,
