propertyCode,thumbnail,externalReference,numPhotos,floor,price,propertyType,operation,size,exterior,rooms,bathrooms,address,province,municipality,district,country,neighborhood,latitude,longitude,showAddress,url,description,hasVideo,status,newDevelopment,hasLift,priceByArea,hasPlan,has3DTour,has360,hasStaging,notes,topNewDevelopment,topPlus,priceInfo.price.amount,priceInfo.price.currencySuffix,detailedType.typology,suggestedTexts.subtitle,suggestedTexts.title,highlight.groupDescription,parkingSpace.hasParkingSpace,parkingSpace.isParkingSpaceIncludedInPrice,newDevelopmentFinished,detailedType.subTypology,priceInfo.price.priceDropInfo.formerPrice,priceInfo.price.priceDropInfo.priceDropValue,priceInfo.price.priceDropInfo.priceDropPercentage
108515352,https://img4.idealista.com/blur/480_360_mq/0/id.pro.es.image.master/eb/76/af/1347544573.webp,AA0080,62,1,890000.0,flat,sale,127.0,True,2,3,"calle de San Bartolomé, 13",Madrid,Madrid,Centro,es,Chueca-Justicia,40.4219391,-3.698629,True,https://www.idealista.com/inmueble/108515352/,"¡VIVE EL AUTENTICO MADRID EN EL CORAZON DE CHUECA¡ ¿Sueñas con despertar en el epicentro de la vida madrileña, rodeado de historia, cultura y el ambiente más vibrante de la ciudad? Este es tu momento. Te presentamos una joya en una de las calles más castizas y emblemáticas de Madrid: la calle San Bartolomé, en el inconfundible barrio de Chueca. Chueca no es solo un barrio, es un estilo de vida. Un crisol de tendencias donde la tradición se fusiona con la vanguardia. Sus calles peatonales invitan a pasear y descubrir sus coquetos cafés, sus innovadoras galerías de arte, tiendas de diseño y una oferta gastronómica que deleitará todos tus sentidos. Aquí cada día es una aventura, cada rincón una sorpresa. Desde sus plazas llenas de vida hasta sus rincones más bohemios, Chueca es el lugar donde quieres estar. Un hogar de ensueño donde el lujo se encuentra con la historia Imagina cruzar el umbral de este espectacular piso reformado y sentir cómo el encanto del Madrid antiguo se fusiona con las más altas calidades y un diseño exquisito. Sus techos altos y la luz que inunda cada estancia crean una sensación de amplitud y bienestar inigualable. La vivienda se distribuye de manera inteligente para ofrecer el máximo confort y funcionalidad: La cocina y el salón están inteligentemente separados por una hermosa isla, creando un espacio diáfano pero con zonas bien definidas. La cocina cuenta con muchísimo almacenamiento y electrodomésticos integrables, que se adaptan perfectamente al diseño del salón. Este diseño es muy acogedor, ideal para seguir conversando con familiares y amigos mientras preparas tus platos favoritos. El salón, reformado con materiales de alta calidad, es un espacio elegante y acogedor, perfecto para relajarse o recibir a tus invitados. Desde aquí, sus dos encantadores balconcitos te invitan a asomarte y sentir el pulso de la calle San Bartolomé, disfrutando de una luz natural excepcional durante todo el día. Completa la zona de día un práctico aseo. La zona de noche ofrece la máxima privacidad con dos habitaciones, cada una con su propia suite y armario empotrado. La suite principal es un auténtico oasis: además de su espacioso baño en suite y un práctico vestidor, cuenta con una zona de despacho adicional integrada en la misma habitación, ideal para teletrabajar o disfrutar de un espacio de lectura tranquilo. Cada detalle ha sido cuidadosamente seleccionado para ofrecer una experiencia de vida única: desde los acabados de primera hasta la perfecta distribución que maximiza cada metro cuadrado. Este piso no es solo una vivienda; es un refugio de diseño y confort en el corazón de la ciudad. ¡No dejes escapar esta oportunidad única! Un piso con estas características, en una ubicación tan privilegiada y con un diseño tan cuidado, no estará mucho tiempo en el mercado. Es la oportunidad que estabas esperando para invertir en calidad de vida y en un valor seguro en Madrid. ¿Estás listo para empezar a vivir la vida que siempre soñaste? ¡Contacta con nosotros hoy mismo para concertar una visita! Te aseguramos que te enamorarás al instante.",False,good,False,False,7008.0,True,False,True,False,[],False,False,890000.0,€,flat,"Chueca-Justicia, Madrid","Piso en calle de San Bartolomé, 13",Top,,,,,,,
108905416,https://img4.idealista.com/blur/480_360_mq/0/id.pro.es.image.master/dd/22/c1/1358506144.webp,VM2507083,45,7,3700000.0,flat,sale,415.0,True,5,5,Barrio Goya,Madrid,Madrid,Barrio de Salamanca,es,Goya,40.4265417,-3.6744844,False,https://www.idealista.com/inmueble/108905416/,"VIVIENDA DE CINCO HABITACIONES EN BARRIO DE SALAMANCA Ubicada en una séptima planta de una distinguida finca regia típica del barrio de Salamanca y junto a El Corte Inglés de Goya y la Plaza Felipe II, a pocos minutos caminando del Parque del Retiro y Recoletos, encontramos esta impresionante vivienda exterior de 415m2 según catastro con vistas despejadas a unas de las calles más emblemáticas del barrio de Salamanca. Nada más entrar nos encontramos con un amplio recibidor, que nos abre paso a un gran salón dividido en diferentes ambientes con zona de estar, zona comedor y despacho con una preciosa biblioteca y un aseo de cortesía. Las diferentes áreas cuentan con una magnifica luz natural gracias a sus grandes ventanales. Encontramos una espectacular cocina con office, vinoteca y electrodomésticos de alta gama. Desde la cocina se accede al área de servicio, que cuenta con habitación de servicio, baño, zona de lavado y de plancha. Además, dispone de zona de estar que serviría como comedor de diario. Desde el pasillo se accede a la zona de descanso con cuatro habitaciones, de ellas la master cuenta con baño en suite y un magnífico vestidor. En total, cinco habitaciones y cinco baños. A destacar la amplitud de sus espacios y la maravillosa luz natural que dispone la vivienda gracias a grandes ventanales y a la distribución totalmente exterior. El piso cuenta con derecho de plaza de garaje con acceso directo en finca, y posibilidad de adquirir otra en finca aledaña. la vivienda cuenta con trastero. . La zona de Goya, dentro del exclusivo Barrio de Salamanca, es uno de los enclaves más privilegiados de la capital. Su excelente ubicación, cercano al emblemático Parque del Retiro y a pocos metros de la Milla de Oro, y la ventaja poder disfrutar a pie de los mejores restaurantes, comercios, zonas de ocio, colegios, hospitales, zonas verdes y todos los servicios necesarios, le convierten en una de las zonas más prestigiosas y demandadas de Madrid, tanto como zona de vivienda habitual como también para obtener una alta rentabilidad en una compra de inversión. A destacar las ventajas de esta zona por su red de conexiones a través de numerosas líneas de transporte público y fácil acceso a la M30. ¿Te imaginas vivir aquí?  Contacte con nosotros para ver más inmuebles similares.",True,good,False,True,8916.0,False,False,False,False,[],False,False,3700000.0,€,flat,"Goya, Madrid",Piso,Top,True,True,,,,,
107906268,https://img4.idealista.com/blur/480_360_mq/0/id.pro.es.image.master/45/d9/8c/1331313135.webp,,40,9,1075000.0,flat,sale,160.0,True,5,3,calle de Arturo Soria,Madrid,Madrid,Ciudad Lineal,es,Costillares,40.4798509,-3.667944,False,https://www.idealista.com/inmueble/107906268/,"Presentamos exclusivo piso, con cinco dormitorios, tres baños y dos plazas de garaje, moderno, muy luminoso, completamente exterior, en una de las mejores zonas de Madrid,  la zona norte. -  La vivienda se ubica, màs en concreto, en Pinar de Chamartìn, zona muy residencial, pero con todos los servicios a su alcance: restauraciòn, financieros, escolares, sanitarios, comerciales, ocio  etc. - Y con una gran red de infraestructuras, tanto, viales, como de transporte pùblico: metro, bus, tren. -El piso està situado en un recinto vigilado las 24h, con piscina, gimnasio, sala comunitaria, padel, squash, sauna y con zonas ajardinadas. - Con una superficie de 160 m2, distruibuidos primero, en un denominado "" Concepto abierto o Open Concept "", que integra el salòn, comedor y cocina, teniendo una amplitud, versatilidad, y conexiòn visual entre las zonas, promoviendo la interacciòn social. - Cinco dormitorios y tres baños, uno de ellos en suite. - Zona independiente de lavado, secado y almacenamiento.  Calefaccion y agua caliente, individual, por gas natural. A/A por conductos. -   Armarios empotrados en todas las habitaciones.  Anexo a la vivienda dos plazas de garaje y trastero. -. El edificio dispone de generadores para los ascensores, en caso, de fallo eléctrico. -.",False,good,False,True,6719.0,True,False,True,False,[],False,False,1075000.0,€,flat,"Costillares, Madrid",Piso en calle de Arturo Soria,Top,True,True,,,,,
108349294,https://img4.idealista.com/blur/480_360_mq/0/id.pro.es.image.master/a3/0a/7b/1341452545.webp,9908/VI-3 -B,24,3,813000.0,duplex,sale,168.0,True,4,3," Oro, 3",Madrid,Pozuelo de Alarcón,Somosaguas,es,Somosaguas,40.4296639,-3.7858338,True,https://www.idealista.com/obra-nueva/108349294/,"¡Última vivienda!  OBRAS INICIADAS iKasaClass Alcea te abre las puertas de tu nuevo hogar. Sus flores, como pequeñas sonrisas, te invitan a hacer de tu nuevo hogar un lugar acogedor, donde los pequeños detalles cobran vida.  Ubicado en Somosaguas, dentro del municipio de Pozuelo de Alarcón, a tan solo 10 minutos de la ciudad de Madrid.  Somosaguas es el destino ideal para aquellos que buscan un hogar donde puedan disfrutar de la paz y la comodidad sin renunciar al acceso a todo lo que tiene la ciudad para ofrecer.  Gracias a su proximidad a Húmera cuenta con los principales servicios básicos a pocos metros, además la principal zona comercial y de ocio de Pozuelo de Alarcón, la Avenida de Europa, y servicios hospitalarios, deportivos y educativos se encuentran a pocos minutos de la promoción.  Este singular proyecto está formado por 29 viviendas únicas de 1 a 4 dormitorios, con plaza de garaje y trastero. Se desarrollará en régimen de cooperativa.  Las viviendas más pequeñas, las de 1 y 2 dormitorios, han sido diseñadas con la premisa de crear hogares acogedores y amplios, con una distribución cuidada que aprovecha todos los espacios y saca el mejor partido de ellos.  Mientras que, en las viviendas más amplias, con 3 dormitorios y dúplex 3 y 4 dormitorios, se prioriza la amplitud de los espacios y la separación entre las zonas de día y de noche para garantizar una mayor privacidad. Cada una de viviendas ha sido diseñada con atención a cada detalle, ofreciendo un equilibrio perfecto entre funcionalidad y lujo, adaptándose a tus necesidades y estilo de vida.  La sostenibilidad es una pieza clave de este proyecto. Las viviendas incluyen un sistema de climatización por aerotermia con suelo radiante y refrescante, para que disfrutes del máximo confort en la climatización de tu vivienda, reduciendo el consumo energético. iKasaClass Alcea, dispone de zonas comunes en las que crear recuerdos: piscina en la cubierta, en la que podrás disfrutar de maravillosas vistas de la naturaleza que te rodea, zona chill out en la que relajarte mientras respiras el aire más puro y gimnasio para despejarte después de un duro día de trabajo. Vive plenamente, disfruta del momento y encuentra paz en la naturaleza en iKasaClass Alcea, ¿quieres conocerlo?  ¿Quieres conocer más detalles? Ponte en contacto con nosotros y te informaremos encantados. Para acudir a la oficina comercial será necesario concertar una cita previa a través del teléfono de contacto o el formulario que encontrará en nuestra web.",False,newdevelopment,True,True,4839.0,True,False,False,False,[],False,False,813000.0,€,flat,"Somosaguas, Pozuelo de Alarcón","Dúplex en  Oro, 3",Top,True,True,False,duplex,,,
108531143,https://img4.idealista.com/blur/480_360_mq/0/id.pro.es.image.master/8a/69/ef/1347852997.webp,P1 4D,19,4,359900.0,flat,sale,91.0,True,2,2,"avenida Provisional Ahijones Berrocales Cuatro, 85",Madrid,Madrid,Vicálvaro,es,Los Berrocales,40.3681514,-3.5753827,True,https://www.idealista.com/obra-nueva/108531143/,"Pisos de 2, 3 y 4 dormitorios con plaza de garaje y trastero incluido. Tu nueva vida empieza aquí: pisos de obra nueva en Madrid con todo lo que necesitas  Si estás buscando una vivienda nueva en Madrid que combine confort, eficiencia energética, diseño y una excelente ubicación, Residencial Ipanema es la oportunidad perfecta. Ubicado en Los Berrocales, uno de los desarrollos urbanísticos más prometedores de la capital, este exclusivo proyecto ofrece 58 pisos de obra nueva de 2, 3 y 4 dormitorios, pensados para ofrecer calidad de vida, eficiencia y bienestar en cada detalle. Sé de los primeros en elegir tu nuevo hogar en una de las zonas con mayor proyección de Madrid y disfruta de un entorno diseñado para el presente y preparado para el futuro.  Viviendas con calificación energética A  Todas las viviendas cuentan con Calificación Energética A, una garantía de eficiencia, ahorro energético y compromiso con el medio ambiente. Incorporan un sistema de aerotermia con apoyo de paneles fotovoltaicos, así como suelo radiante y refrescante, lo que proporciona una temperatura confortable durante todo el año, sin necesidad de sistemas de calefacción o refrigeración tradicionales.  Este tipo de climatización, además de ser respetuosa con el entorno, permite un mayor control del consumo energético y una reducción notable en los gastos mensuales, mejorando el confort de forma eficiente.  Personaliza tu hogar: elige tu hogar a tu gusto  Uno de los grandes valores añadidos de Residencial Ipanema es que puedes adaptar tu casa a tu estilo. Gracias al programa de libre elección de calidades, podrás seleccionar entre diferentes acabados en suelos, pintura y cocina. Así, tu hogar no solo será funcional y moderno, sino también reflejo de tu personalidad y gustos.  Además, las viviendas incluyen cocinas completamente amuebladas y equipadas con electrodomésticos, preparadas para que puedas empezar a vivir desde el primer día sin preocuparte por reformas o instalaciones.  Zonas comunes para disfrutar al máximo  Disfruta de zonas comunes con piscina con sistema de depuración salina, gimnasio, zona de coworking, zona de juegos infantiles, taquillas electrónicas y biciparking.  Los Berrocales: una ubicación con futuro y grandes conexiones  Los Berrocales es un desarrollo urbanístico, cercano al Ensanche de Vallecas y bien comunicado con accesos a la M-45, M-50, Autovía A.-3 y prolongación de la Gran Avenida del Sureste, permitiendo así aprovechar los servicios de un barrio consolidado, como centro de salud, residencia de mayores, escuelas infantiles, colegios, institutos, etc.  Tu futuro hogar está en Residencial Ipanema  Residencial Ipanema se ubica en la Etapa III del sector Berrocales. Esta zona ha sido planificada para ofrecer una combinación equilibrada de viviendas modernas, espacios verdes, servicios, centros educativos y zonas comerciales.  Visítanos y da el primer paso hacia tu nuevo hogar  Nuestro equipo comercial está disponible para asesorarte y ayudarte a elegir la vivienda que mejor se adapta a tus necesidades.  Te esperamos en nuestra oficina de ventas al lado de la Junta de Compensación de Los Berrocales, Madrid, donde podrás descubrir todo lo que ofrece Residencial Ipanema, una promoción pensada para mejorar tu vida.  *Las imágenes publicadas y la distribución del mobiliario son orientativas y no tienen carácter contractual. *La jardinería, el mobiliario urbano y el amueblamiento son ficticios y solo es válido a efectos decorativos. *Las superficies, los materiales y detalles arquitectónicos son aproximadas y pueden sufrir variaciones por necesidades técnicas.",False,newdevelopment,True,True,3955.0,True,False,False,False,[],False,False,359900.0,€,flat,"Los Berrocales, Madrid","Piso en avenida Provisional Ahijones Berrocales Cuatro, 85",Top,True,True,False,,,,
108025788,https://img4.idealista.com/blur/480_360_mq/0/id.pro.es.image.master/16/ce/96/1331559295.webp,1619,40,3,780000.0,flat,sale,97.0,True,3,1,calle de Alberto Aguilera,Madrid,Madrid,Centro,es,Malasaña-Universidad,40.4278641,-3.7101028,False,https://www.idealista.com/inmueble/108025788/,"Se vende magnifico piso en la misma calle alberto aguilera, junto a la glorieta de san bernardo, una de las zonas con mayor demanda de la capital por sus excelentes comunicaciones y su oferta de ocio, cultura y servicios.   piso exterior con dos balcones a la calle alberto aguilera. Con amplio salón, comedor independiente, sala de estar, dos dormitorios (uno de ellos con armario empotrado), cuarto de baño completo y cocina independiente. Además cuenta con un trastero abuhardillado de 22 m independiente de la casa con dos ventanas velux.   techos de más de tres metros de altura, ventanas de madera con cristal climalit, calefacción individual de gas natural, aire acondicionado, chimenea, suelos de tarima y pintura lisa.   finca completamente rehabilitada con fachada clásica. Escalera de madera y mármol y ascensor.   mejor ver.",False,good,False,True,8041.0,True,False,True,False,[],False,False,780000.0,€,flat,"Malasaña-Universidad, Madrid",Piso en calle de Alberto Aguilera,Top,,,,,,,
108560671,https://img4.idealista.com/blur/480_360_mq/0/id.pro.es.image.master/d6/89/8f/1339313337.webp,P1 1A,19,1,417900.0,flat,sale,124.0,True,3,2,"avenida Provisional Ahijones Berrocales Cuatro, 85",Madrid,Madrid,Vicálvaro,es,Los Berrocales,40.3681514,-3.5753827,True,https://www.idealista.com/obra-nueva/108560671/,"Pisos de 2, 3 y 4 dormitorios con plaza de garaje y trastero incluido. Tu nueva vida empieza aquí: pisos de obra nueva en Madrid con todo lo que necesitas  Si estás buscando una vivienda nueva en Madrid que combine confort, eficiencia energética, diseño y una excelente ubicación, Residencial Ipanema es la oportunidad perfecta. Ubicado en Los Berrocales, uno de los desarrollos urbanísticos más prometedores de la capital, este exclusivo proyecto ofrece 58 pisos de obra nueva de 2, 3 y 4 dormitorios, pensados para ofrecer calidad de vida, eficiencia y bienestar en cada detalle. Sé de los primeros en elegir tu nuevo hogar en una de las zonas con mayor proyección de Madrid y disfruta de un entorno diseñado para el presente y preparado para el futuro.  Viviendas con calificación energética A  Todas las viviendas cuentan con Calificación Energética A, una garantía de eficiencia, ahorro energético y compromiso con el medio ambiente. Incorporan un sistema de aerotermia con apoyo de paneles fotovoltaicos, así como suelo radiante y refrescante, lo que proporciona una temperatura confortable durante todo el año, sin necesidad de sistemas de calefacción o refrigeración tradicionales.  Este tipo de climatización, además de ser respetuosa con el entorno, permite un mayor control del consumo energético y una reducción notable en los gastos mensuales, mejorando el confort de forma eficiente.  Personaliza tu hogar: elige tu hogar a tu gusto  Uno de los grandes valores añadidos de Residencial Ipanema es que puedes adaptar tu casa a tu estilo. Gracias al programa de libre elección de calidades, podrás seleccionar entre diferentes acabados en suelos, pintura y cocina. Así, tu hogar no solo será funcional y moderno, sino también reflejo de tu personalidad y gustos.  Además, las viviendas incluyen cocinas completamente amuebladas y equipadas con electrodomésticos, preparadas para que puedas empezar a vivir desde el primer día sin preocuparte por reformas o instalaciones.  Zonas comunes para disfrutar al máximo  Disfruta de zonas comunes con piscina con sistema de depuración salina, gimnasio, zona de coworking, zona de juegos infantiles, taquillas electrónicas y biciparking.  Los Berrocales: una ubicación con futuro y grandes conexiones  Los Berrocales es un desarrollo urbanístico, cercano al Ensanche de Vallecas y bien comunicado con accesos a la M-45, M-50, Autovía A.-3 y prolongación de la Gran Avenida del Sureste, permitiendo así aprovechar los servicios de un barrio consolidado, como centro de salud, residencia de mayores, escuelas infantiles, colegios, institutos, etc.  Tu futuro hogar está en Residencial Ipanema  Residencial Ipanema se ubica en la Etapa III del sector Berrocales. Esta zona ha sido planificada para ofrecer una combinación equilibrada de viviendas modernas, espacios verdes, servicios, centros educativos y zonas comerciales.  Visítanos y da el primer paso hacia tu nuevo hogar  Nuestro equipo comercial está disponible para asesorarte y ayudarte a elegir la vivienda que mejor se adapta a tus necesidades.  Te esperamos en nuestra oficina de ventas al lado de la Junta de Compensación de Los Berrocales, Madrid, donde podrás descubrir todo lo que ofrece Residencial Ipanema, una promoción pensada para mejorar tu vida.  *Las imágenes publicadas y la distribución del mobiliario son orientativas y no tienen carácter contractual. *La jardinería, el mobiliario urbano y el amueblamiento son ficticios y solo es válido a efectos decorativos. *Las superficies, los materiales y detalles arquitectónicos son aproximadas y pueden sufrir variaciones por necesidades técnicas.",False,newdevelopment,True,True,3370.0,True,False,False,False,[],False,False,417900.0,€,flat,"Los Berrocales, Madrid","Piso en avenida Provisional Ahijones Berrocales Cuatro, 85",Top,True,True,False,,,,
107836658,https://img4.idealista.com/blur/480_360_mq/0/id.pro.es.image.master/a5/fa/68/1325812119.webp,,20,bj,149000.0,studio,sale,22.0,False,0,1,calle del Salitre,Madrid,Madrid,Centro,es,Lavapiés-Embajadores,40.410966,-3.698989,False,https://www.idealista.com/inmueble/107836658/,"La Casa Agency Lavapiés gestiona un piso en venta en la calle Salitre del multicultural barrio de Lavapiés – Embajadores en Madrid centro. El inmueble se encuentra en un edificio del año 1988 y muy cerca de la calle Santa Isabel, una de las arterias principales del barrio y, sin duda, de las más protagonistas. Se distribuye en las siguientes estancias: - Salón-dormitorio - Cocina independiente - Cuarto de baño completo. La vivienda se encuentra en buen estado y se le ha realizado en el año 2025 un tratamiento contra las humedades que ofrece una garantía de 2 años. Este inmueble es una buena opción para adquirir tu primera vivienda o para hacer una pequeña inversión. Cabe destacar que el barrio de Lavapiés – Embajadores cuenta con una gran variedad de servicios sociales, de salud, educativos, financieros, gastronómicos, culturales y de ocio. Así como comerciales, con 2 mercados municipales, varios supermercados de las principales franquicias y múltiples comercios locales de proximidad con una gran variedad de productos. Además, este piso en venta en la calle Salitre está situado en una zona con una excelente comunicación. Ya que muy cerca se encuentran varias estaciones de Metro de Madrid y de Cercanías Renfe. Asimismo, circulan por la misma varias líneas de autobuses de la EMT. Y existen varios aparcamientos en las proximidades, tanto públicos como para residentes. También dispone de acceso fácil y cómodo a las principales vías de salida y entrada a Madrid. ¡Contáctanos: aprovecha esta oportunidad!",True,good,False,False,6773.0,False,False,True,False,[],False,False,149000.0,€,flat,"Lavapiés-Embajadores, Madrid",Estudio en calle del Salitre,Top,,,,studio,,,
104414133,https://img4.idealista.com/blur/480_360_mq/0/id.pro.es.image.master/54/8b/d7/1294549863.webp,,58,,2500000.0,chalet,sale,630.0,,8,6,calle de los Narcisos,Madrid,Madrid,Chamartín,es,Bernabéu-Hispanoamérica,40.4551853,-3.6675132,False,https://www.idealista.com/inmueble/104414133/,"Batuecas Real Estate tiene el placer de presentar esta magnífica vivienda en venta para reformar, con una superficie de 556 m², situada en la calle Narcisos. Este inmueble, ideal para reformar, se encuentra en la exclusiva zona de Bernabéu-Hispanoamérica, una de las áreas residenciales más lujosas y codiciadas de la capital de Madrid. Con un acceso fácil a la M-30 y una ubicación estratégica entre las Avenidas de Ramón y Cajal, Príncipe de Vergara y la calle Costa Rica, esta propiedad ofrece la combinación perfecta de conveniencia y prestigio en un entorno urbano en el centro. La parcela que alberga este encantador chalet de 4 plantas abarca 556m2 útiles y está distribuida de la siguiente manera: Planta baja: Actualmente dispone de un almacén sótano. Planta 0: Consta de tres dormitorios, un espacioso salón-comedor, cocina y dos baños. Además, ofrece acceso a un amplio patio jardín, donde poder disfrutar del aire libre, instalar una piscina o zona ajardinada.  Planta 1: Presenta una distribución similar a la planta baja, con tres dormitorios, dos baños, cocina y un amplio salón-comedor. Planta 2: Aquí se encuentra el estudio, compuesto por dos amplios espacios y un baño, con acceso a una extensa terraza. Cada planta del inmueble está individualizada.  Como inversión, la división horizontal del inmueble puede resultar altamente rentable. Esta propiedad, actualmente con una única referencia catastral, requiere reformas, y desde Batuecas estamos trabajando en más propuestas, consultas y estudios de viabilidad urbanística.  Hemos adjuntado alguno de ellos; - Plano de estado actual del edificio.. . - Propuesta de reforma en vivienda unifamiliar. Algunas infografías y fotografías presentadas no reflejan la realidad actual, sino que representan propuestas de reforma del espacio. Disfruta de varias posibilidades: el comprador puede diseñar la vivienda a su medida o recibirla con la reforma propuesta y un nuevo diseño de distribución llave en mano. Estas sugerencias buscan optimizar el uso de las plantas y mejorar la iluminación del sótano mediante la incorporación de un patio inglés. ¿Por qué elegir Batuecas Real Estate? Batuecas Real Estate es una empresa comprometida con la transparencia en el sector inmobiliario. Está formado por un equipo de profesionales expertos en inversión y máxima rentabilidad inmobiliaria. Cada propiedad es única y exclusiva, por lo que se gestiona de manera personalizada y con un enfoque específico..",True,renew,False,,3968.0,True,False,True,False,[],False,False,2500000.0,€,chalet,"Bernabéu-Hispanoamérica, Madrid",Chalet pareado en calle de los Narcisos,Top,True,True,,semidetachedHouse,,,
108354024,https://img4.idealista.com/blur/480_360_mq/0/id.pro.es.image.master/b3/99/c7/1339514965.webp,P1 bajo C,19,bj,516900.0,flat,sale,127.0,True,4,2,"avenida Provisional Ahijones Berrocales Cuatro, 85",Madrid,Madrid,Vicálvaro,es,Los Berrocales,40.3681514,-3.5753827,True,https://www.idealista.com/obra-nueva/108354024/,"Pisos de 2, 3 y 4 dormitorios con plaza de garaje y trastero incluido. Tu nueva vida empieza aquí: pisos de obra nueva en Madrid con todo lo que necesitas  Si estás buscando una vivienda nueva en Madrid que combine confort, eficiencia energética, diseño y una excelente ubicación, Residencial Ipanema es la oportunidad perfecta. Ubicado en Los Berrocales, uno de los desarrollos urbanísticos más prometedores de la capital, este exclusivo proyecto ofrece 58 pisos de obra nueva de 2, 3 y 4 dormitorios, pensados para ofrecer calidad de vida, eficiencia y bienestar en cada detalle. Sé de los primeros en elegir tu nuevo hogar en una de las zonas con mayor proyección de Madrid y disfruta de un entorno diseñado para el presente y preparado para el futuro.  Viviendas con calificación energética A  Todas las viviendas cuentan con Calificación Energética A, una garantía de eficiencia, ahorro energético y compromiso con el medio ambiente. Incorporan un sistema de aerotermia con apoyo de paneles fotovoltaicos, así como suelo radiante y refrescante, lo que proporciona una temperatura confortable durante todo el año, sin necesidad de sistemas de calefacción o refrigeración tradicionales.  Este tipo de climatización, además de ser respetuosa con el entorno, permite un mayor control del consumo energético y una reducción notable en los gastos mensuales, mejorando el confort de forma eficiente.  Personaliza tu hogar: elige tu hogar a tu gusto  Uno de los grandes valores añadidos de Residencial Ipanema es que puedes adaptar tu casa a tu estilo. Gracias al programa de libre elección de calidades, podrás seleccionar entre diferentes acabados en suelos, pintura y cocina. Así, tu hogar no solo será funcional y moderno, sino también reflejo de tu personalidad y gustos.  Además, las viviendas incluyen cocinas completamente amuebladas y equipadas con electrodomésticos, preparadas para que puedas empezar a vivir desde el primer día sin preocuparte por reformas o instalaciones.  Zonas comunes para disfrutar al máximo  Disfruta de zonas comunes con piscina con sistema de depuración salina, gimnasio, zona de coworking, zona de juegos infantiles, taquillas electrónicas y biciparking.  Los Berrocales: una ubicación con futuro y grandes conexiones  Los Berrocales es un desarrollo urbanístico, cercano al Ensanche de Vallecas y bien comunicado con accesos a la M-45, M-50, Autovía A.-3 y prolongación de la Gran Avenida del Sureste, permitiendo así aprovechar los servicios de un barrio consolidado, como centro de salud, residencia de mayores, escuelas infantiles, colegios, institutos, etc.  Tu futuro hogar está en Residencial Ipanema  Residencial Ipanema se ubica en la Etapa III del sector Berrocales. Esta zona ha sido planificada para ofrecer una combinación equilibrada de viviendas modernas, espacios verdes, servicios, centros educativos y zonas comerciales.  Visítanos y da el primer paso hacia tu nuevo hogar  Nuestro equipo comercial está disponible para asesorarte y ayudarte a elegir la vivienda que mejor se adapta a tus necesidades.  Te esperamos en nuestra oficina de ventas al lado de la Junta de Compensación de Los Berrocales, Madrid, donde podrás descubrir todo lo que ofrece Residencial Ipanema, una promoción pensada para mejorar tu vida.  *Las imágenes publicadas y la distribución del mobiliario son orientativas y no tienen carácter contractual. *La jardinería, el mobiliario urbano y el amueblamiento son ficticios y solo es válido a efectos decorativos. *Las superficies, los materiales y detalles arquitectónicos son aproximadas y pueden sufrir variaciones por necesidades técnicas.",False,newdevelopment,True,True,4070.0,True,False,False,False,[],False,False,516900.0,€,flat,"Los Berrocales, Madrid","Piso en avenida Provisional Ahijones Berrocales Cuatro, 85",Top,True,True,False,,,,
88932162,https://img4.idealista.com/blur/480_360_mq/0/id.pro.es.image.master/b6/42/c4/760809238.webp,,34,,1190000.0,chalet,sale,335.0,,5,5,Maria Benitez,Madrid,Pozuelo de Alarcón,Zona norte,es,Zona norte,40.4503769,-3.8042411,False,https://www.idealista.com/inmueble/88932162/,"DOMUS VENDI presenta, sin comisión al comprador, un MAGNIFICO CHALET ADOSADO en urbanización privada. En la planta baja dispone de gran salón-comedor con chimenea que da a estupendo jardín, cocina con office y terraza, aseo de cortesía. La primera planta contiene los dormitorios: tres estupendas suites con cuartos de baño y armarios empotrados, una de ellas con un bonita terraza. La segunda planta alberga una estupenda habitación en suite con vestidor y dos terrazas, una de ellas contiene la maquinaria de los A/C.  La planta sótano cuenta con una sala multiusos con salida al jardín, habitación de servicio, cuarto de baño, despensa, cuarto de calderas y plazas de garaje externa. Situado en urbanización privada con piscina, muy buena comunicación, cerca de Renfe.",False,good,False,,3552.0,True,False,True,False,[],False,False,1190000.0,€,chalet,"Zona norte, Pozuelo de Alarcón",Chalet adosado en Maria Benitez,Top,True,True,,terracedHouse,,,
108891585,https://img4.idealista.com/blur/480_360_mq/0/id.pro.es.image.master/f2/21/fd/1358110616.webp,5A,14,5,3600000.0,duplex,sale,290.0,True,3,4,"calle Padilla, 66",Madrid,Madrid,Barrio de Salamanca,es,Lista,40.4309112,-3.6745024,True,https://www.idealista.com/obra-nueva/108891585/,"Forma parte de Be Grand Distrito Salamanca, un exclusivo residencial de obra nueva en un edificio clásico de los años 30 rehabilitado integralmente. La vivienda cuenta con 3 dormitorios, 4 baños, cocina equipada, 2 plazas de garaje, trastero y una terraza privada con jacuzzi. Destaca por su doble altura en el salón y el dormitorio principal, y por su gran luminosidad. El edificio ofrece zonas comunes con piscina y gimnasio, ideales para disfrutar de un estilo de vida sofisticado en una de las zonas más exclusivas de Madrid.",False,newdevelopment,True,True,12414.0,True,False,False,False,[],False,False,3600000.0,€,flat,"Lista, Madrid","Dúplex en calle Padilla, 66",Top,True,True,False,duplex,,,
107009572,https://img4.idealista.com/blur/480_360_mq/0/id.pro.es.image.master/c2/fe/18/1322325221.webp,,19,1,379000.0,flat,sale,112.0,True,3,2,calle Uruguay,Madrid,Getafe,El Bercial,es,,40.3236352,-3.7407301,False,https://www.idealista.com/inmueble/107009572/,"¡Descubre tu nuevo hogar en El Bercial, Getafe! Este espectacular piso de 112 m² construidos te ofrece todo lo que necesitas para vivir cómodamente. Con 85 m² útiles, la vivienda cuenta con 3 amplios dormitorios y 2 baños, perfectos para familias o quienes buscan espacio adicional. Disfruta de la comodidad de los armarios empotrados y un trastero para almacenamiento extra. Construido en 2007, este piso de segunda mano se encuentra en excelente estado y está listo para entrar a vivir. Ubicado en la planta 1 de un edificio con ascensor, este piso orientado al este garantiza luz natural durante todo el día. La calefacción por gas natural y el aire acondicionado aseguran tu confort en cualquier estación del año. Además, incluye una plaza de garaje y trastero en el precio, eliminando preocupaciones de aparcamiento y espacio.  La ubicación es inmejorable: a un paso del Centro Comercial del Bercial y rodeado de todos los servicios necesarios como colegios, tiendas y supermercados. Y lo mejor de todo, ¡sin comisión de venta al comprador! No dejes pasar esta oportunidad única de vivir en una zona privilegiada con excelentes calidades. ¡Ven a visitarlo y enamórate!",False,good,False,True,3384.0,True,False,True,False,[],False,False,379000.0,€,flat,"El Bercial, Getafe",Piso en calle Uruguay,Top,True,True,,,,,
108797235,https://img4.idealista.com/blur/480_360_mq/0/id.pro.es.image.master/de/e5/67/1352016352.webp,1 C,17,1,850000.0,flat,sale,102.0,True,2,2,"José Silva, 17",Madrid,Madrid,Ciudad Lineal,es,San Juan Bautista,40.4541006,-3.6590158,True,https://www.idealista.com/obra-nueva/108797235/,"TU NUEVO HOGAR CON 2.646€ AL MES. TERRAZA CON ORIENTACIÓN SUR Y RELAJANTES VISTAS A LA PISCINA. Estrena tu casa después del verano y prepara tu terraza para unas deliciosas noches de otoño, disfrutando un vino o leyendo un libro.  Te invitamos a conocer esta vivienda y sorprenderte con la luz que entra sin disimulo iluminando todas las estancias a través de sus grandes ventanales y dando calidez en todos los rincones. En José Silva 17 tienes amplias áreas comunes para la relajación y el disfrute entre el azul del cielo, la transparencia del agua y los verdes jardines, para vivir cualquier día como un día extraordinario. ¡La ubicación de José Silva 17 es insuperable! Cuenta con una innumerable oferta de colegios tanto privados como concertados, está a 10 minutos, andando cerca del Polideportivo San Juan Bautista que tiene pistas de tenis y piscina, muy cerca un campo de Fútbol 11, diferentes clínicas y el Hospital Nuestra Señora de América, también Iglesias y el Parque Feliz Rodríguez de la Fuente a 7 minutos. Las más importantes cadenas de supermercados están a menos de 5 minutos en coche. En relación con la conectividad, José Silva está a 4 minutos andando, de la estación de metro Avenida de La Paz y en el entorno inmediato tiene líneas de autobús que lo conectan con todas las diferentes zonas de la ciudad. Igualmente, cuenta con importantes arterias viales a poca distancia que permiten llegar a cualquier punto de Madrid con facilidad y rapidez, así como salir de Madrid, con mucha facilidad. Y si lo que quieres es una interesante oferta de ocio y restauración, José Silva 17 está a 10 minutos en coche del recién estrenado Estadio Santiago Bernabéu, lo que lo sitúa muy cerca de la amplia oferta que, cada vez con más fuerza y variedad, se posiciona en su entorno. Un proyecto del prestigioso estudio OLALQUIAGA ARQUITECTOS. Y una promoción de ORINOQUIA PROMOCIONES. Toda la experiencia y trayectoria de GRAN ROQUE PROMOCIONES, en una nueva marca. Hemos ejecutado más de 25 proyectos inmobiliarios en Madrid y todas nuestras promociones se han convertido en referentes del mercado inmobiliario. ENTREGA DE LLAVES PREVISTA PARA OCTUBRE DE 2025.",True,,True,True,8333.0,True,False,False,False,[],False,False,850000.0,€,flat,"San Juan Bautista, Madrid","Piso en José Silva, 17",Top,True,True,False,,,,
106143454,https://img4.idealista.com/blur/480_360_mq/0/id.pro.es.image.master/2b/c6/d8/1273812434.webp,,56,11,3700000.0,duplex,sale,311.0,True,3,4,via Gran Vía,Madrid,Madrid,Centro,es,Malasaña-Universidad,40.4239785,-3.7100557,False,https://www.idealista.com/inmueble/106143454/,"¡Descubre el lujo en las alturas de Madrid con este espectacular ático-dúplex! Ubicado en el corazón de la ciudad, ofrece impresionantes vistas que te dejarán sin aliento. Distribuido en dos plantas, cuenta con un amplio salón-comedor adornado con elegantes balcones, una moderna cocina con terraza y un aseo de cortesía. El dormitorio principal es un oasis de confort con baño en suite y balcones privados. En la planta terraza, encontrarás dos dormitorios adicionales, ambos con baño en suite, y una cocina adicional ideal para disfrutar de las maravillosas vistas a la Sierra de Madrid, el Palacio Real y la Gran Vía. Este exclusivo inmueble también incluye dos plazas de garaje con acceso directo, y zonas comunes que cuentan con piscina, gimnasio y una terraza-solárium para relajarte. La seguridad está garantizada con portero 24 horas. Además, dispone de aire acondicionado y calefacción por suelo radiante para tu máximo confort. Con 311 m² construidos, este dúplex es perfecto para quienes buscan un hogar elegante y bien comunicado, gracias a su fácil acceso a metro, autobuses y cercanías. ¡No pierdas la oportunidad de vivir en el epicentro del lujo madrileño! Contacta con nuestros comerciales para más información o visitas.",False,good,False,True,11897.0,True,False,True,False,[],False,False,3700000.0,€,flat,"Malasaña-Universidad, Madrid",Dúplex en via Gran Vía,Top,True,True,,duplex,,,
107827828,https://img4.idealista.com/blur/480_360_mq/0/id.pro.es.image.master/ec/1f/a3/1325244856.webp,V11638.2,18,2,699500.0,flat,sale,146.0,True,3,2,Casco Antiguo,Madrid,Majadahonda,Casco Antiguo,es,,40.4682883,-3.8741466,False,https://www.idealista.com/inmueble/107827828/,"MAJADAHONDA, ZONA LOS ALCALDES. MAGNÍFICO PISO. Descubre este espectacular piso en venta en la codiciada zona de Los Alcaldes, Majadahonda. Con una generosa superficie de 146 m², este hogar ofrece un amplio recibidor que da paso a un luminoso salón independiente de 33 m², ideal para disfrutar de momentos inolvidables con familia y amigos. Desde aquí, accede a una encantadora terraza exterior, perfecta para relajarte al aire libre. La cocina, completamente amueblada y con una práctica despensa, cuenta con un office que incluye una acogedora zona de comedor. Este piso cuenta con 3 dormitorios, todos equipados con armarios empotrados, y un dormitorio principal en suite que incorpora un baño completo para mayor comodidad. Además, hay un segundo baño completo adicional. Disfruta de las excelentes zonas comunes que incluyen jardines, piscina y pista de tenis, todo ello rodeado de estupendas vistas. La propiedad también incluye una plaza de garaje en el precio, con opción a una segunda plaza. Con suelos de parquet, calefacción individual de gas natural y aire acondicionado en el salón y el dormitorio principal, este piso combina confort y estilo. Ubicado cerca de supermercados como Mercadona y Ahorramás, así como del centro médico privado Averroes y colegios como el IES José Saramago, este piso es ideal para familias que buscan calidad de vida. ¡No pierdas la oportunidad de visitarlo!",False,good,False,True,4791.0,True,False,True,False,[],False,False,699500.0,€,flat,"Casco Antiguo, Majadahonda",Piso,Top,True,True,,,720000.0,20500.0,3.0
106257066,https://img4.idealista.com/blur/480_360_mq/0/id.pro.es.image.master/64/7e/0c/1305545263.webp,VIS-364,78,,1190000.0,chalet,sale,360.0,,4,3,Santo Domingo,Madrid,Santo Domingo,,es,,40.6271043,-3.575453,False,https://www.idealista.com/inmueble/106257066/,"VISTA HOMES presenta un espectacular CHALET INDEPENDIENTE en la exclusiva Urbanización Santo Domingo.  Esta impresionante vivienda cuenta con 360 m² construidos en una amplia parcela de 1756 m². PLANTA BAJA: Al ingresar, nos recibe un amplio recibidor que conecta con un luminoso salón comedor, donde los techos altos y los amplios ventanales crean un ambiente acogedor y lleno de luz natural. Este espacio cuenta con una chimenea que añade un toque cálido y elegante. La planta baja también alberga una espaciosa cocina abierta al salón, ideal para disfrutar de momentos en familia, dos cómodos dormitorios, cuarto de baño alicatado con mármol natural y un garaje cubierto que actualmente se utiliza como lavadero y área de almacenamiento. PRIMERA PLANTA: En esta planta se encuentra el dormitorio principal, que incluye un vestidor y un cuarto de baño privado. Además, hay un acogedor salón destinado a biblioteca y un dormitorio más. Todas las estancias tienen acceso a una espectacular terraza de 130 m², perfecta para disfrutar de las vistas. La casa está equipada con calefacción individual por gas natural, con caldera recientemente instalada, chimenea empotrada en el salón y aire acondicionado en los dormitorios de la primera planta, asegurando un confort óptimo durante todo el año. La parcela se distribuye en tres alturas, siendo la parte donde se ubica la vivienda la más elevada, lo que proporciona vistas impresionantes sin sacrificar la privacidad. En la segunda altura, encontrarás una amplia piscina, un salón de verano con zona de bodega, aseo y porche cubierto, ideal para disfrutar de barbacoas y momentos al aire libre. La entrada de la parcela cuenta con espacio para seis vehículos, y todos los exteriores están ajardinados con árboles consolidados que aportan belleza y sombra. Ciudad Santo Domingo es una urbanización situada al noreste de Madrid, a la que se accede directamente desde la A1, en la salida del Km 28. Fue fundada en 1976 por un conjunto de ingenieros de caminos con una indudable visión técnica y de futuro, que le ha permitido convertirse en el actual conjunto residencial, muy apreciado y consolidado. Santo Domingo cuenta con su propio equipo de seguridad 24/7 y vigilancia perimetral, así como con la presencia de una patrulla policía municipal de proximidad. En su zona comercial, sin salir de la urbanización, los vecinos encuentran múltiples servicios: supermercado, frutería, pescadería, banco, clínica veterinaria, consultorio de seguros médicos, oficina de correos y centro médico de atención primaria de la Seguridad Social, entre otros, así como una amplia oferta de hostelería. ¿HABLAMOS? Nosotros te ayudamos en todo el proceso de compra. ¡Llámanos o déjanos tu teléfono! En VISTAHOMES. ES disponemos de viviendas en venta privada no publicadas en Idealista. ¡CONÉCTATE A LA WEB!",True,good,False,,3306.0,True,False,True,True,[],False,False,1190000.0,€,chalet,Santo Domingo,Casa independiente,Top,True,True,,independantHouse,,,
106893158,https://img4.idealista.com/blur/480_360_mq/0/id.pro.es.image.master/39/be/d7/1296938576.webp,9-303,41,3,1723150.0,duplex,sale,190.0,True,2,3,"calle Javier Ferrero, 1",Madrid,Madrid,Chamartín,es,Ciudad Jardín,40.4482864,-3.6713983,True,https://www.idealista.com/obra-nueva/106893158/,"Caledonian Javier Ferrero es un nuevo y ambicioso proyecto en el centro de Madrid resultado de la colaboración de CALEDONIAN con el prestigioso arquitecto brasileño Marcio Kogan y su Studio MK27 Se trata de un proyecto innovador y contemporáneo, ubicado en la calle Javier Ferrero, que reconvertirá la zona actualmente industrial en una zona residencial con gran potencial de desarrollo. Como en la gran mayoría de proyectos de CALEDONIAN, los exteriores tendrán una gran importancia en la concepción del proyecto, así como las soluciones tecnológicas e infraestructurales para hacer más fácil la vida a sus propietarios. A esta máxima se sumará la última tecnología para facilitar la vida a sus propietarios, tales como huella dactilar para acceder a la casa, láminas inteligentes autorregulables para controlar mejor la entrada de luz, calefacción mediante suelo radiante y refrigeración mediante techo frío, control monitorizado de todas las luces, enchufes y otros equipamientos electrónicos de la casa. Además, el proyecto se realizará siguiendo las directrices de diseño del estándar Passivhaus mediante distribuciones inteligentes, prácticas y eficientes. La instalación de calefacción, refrigeración y agua caliente son además centralizadas para todo el edificio con la combinación de sistemas más eficientes y ecológicos del mercado: Sistema de bomba de calor con geotermia y Sistema fotovoltaico de generación de energía. El conjunto residencial se compone de tres edificios diferenciados por la fachada con ventanales de suelo a techo y ventanales con madera y aluminio. Se ubica en un recinto cerrado y vigilado 24 h con servicios de valor. La exclusiva urbanización ofrece diferentes tipologías de vivienda, de 1 a 4 dormitorios y para cada tipología diferentes opciones de tamaños. Incluye la comercialización de bajos en una y dos alturas con jardín, así como áticos con terraza. No faltarán tampoco las zonas comunes, especialmente equipadas con espacios dignos de las mejores urbanizaciones del extrarradio de la ciudad tales como gimnasio acristalado totalmente equipado, zonas verdes firmadas por Isabel Duprat, una de las mejores paisajistas del mundo con piscina exterior de 25m lineales, SPA dotado de sauna, piscina interior, hammam, caldarium, jacuzzi, sala de relajación con chimenea, sala de masajes, piscina de agua helada, circuito de duchas de sensaciones etc. Garaje y trastero incluidos en el precio.",False,newdevelopment,True,True,9069.0,True,False,False,False,[],False,False,1723150.0,€,flat,"Ciudad Jardín, Madrid","Dúplex en calle Javier Ferrero, 1",Top,True,True,False,duplex,,,
104903093,https://img4.idealista.com/blur/480_360_mq/0/id.pro.es.image.master/b8/13/26/1237811472.webp,P2 1ºB,21,1,409000.0,flat,sale,99.0,True,3,2,"calle Provisional Berrocales Ochenta y Uno, 10",Madrid,Madrid,Vicálvaro,es,Los Berrocales,40.3723506,-3.5826795,True,https://www.idealista.com/obra-nueva/104903093/,"Obras iniciadas. En DOMUS hay viviendas disponibles de 1, 2 y 3 dormitorios en diferentes alturas, pero en este momento solo están a la venta las viviendas detalladas. Célere Domus está ubicado en el nuevo desarrollo urbanístico de los Berrocales, situado en el sureste de Madrid, entre Ensanche de Vallecas y Santa Eugenia. Esta promoción de obra nueva, es un conjunto residencial formado por 74 viviendas de 1, 2 y 3 dormitorios distribuidas en altura, bajos y áticos, repartidas en tres portales. Todas las viviendas cuentan con terraza, trastero y una o dos plazas de garaje. La urbanización contiene también un local comercial. La fecha de entrega está prevista para el último trimestre del 2026. El proyecto cuenta con una agradable piscina para adultos y otra para niños, zona de aseos, estancia para bicicletas, sala social-gourmet y zona exterior de calistenia en la última planta. Además, la promoción ha incluido una zona ajardinada y de juegos para niños, donde pueden disfrutar en un entorno protegido. Y como siempre pensamos en la seguridad, la urbanización es completamente privada, cerrada con control de accesos y conserjería. En Vía Célere apostamos por innovar e implantar sistemas cada vez más eficientes, consiguiendo edificios más sostenibles y comprometidos con el medio ambiente. El residencial Célere Domus dispone de calificación energética A, lo que supone un ahorro estimado del 83% disminuyendo las emisiones de CO2 y una reducción significativa de la demanda energética del complejo (refrigeración y agua caliente sanitaria). Célere Domus es un conjunto residencial equipado para cubrir todas tus necesidades en un espacio cómodo para ti y los tuyos, creando un lugar idóneo donde vivir con tu familia. *Las imágenes de la promoción son orientativas y no definitivas. ** Las viviendas anteriormente identificadas y sus condiciones económicas y comerciales están sujetas a disponibilidad y a variaciones por motivos administrativos o comerciales. Consulte con la oficina de ventas.",False,newdevelopment,True,True,4131.0,True,False,False,False,[],False,False,409000.0,€,flat,"Los Berrocales, Madrid","Piso en calle Provisional Berrocales Ochenta y Uno, 10",Top,True,True,False,,,,
107329086,https://img4.idealista.com/blur/480_360_mq/0/id.pro.es.image.master/56/1c/55/1309731873.webp,,26,1,2350000.0,flat,sale,201.0,True,4,4,"Avenida de Luis García Cereceda, 9",Madrid,Pozuelo de Alarcón,Zona Prado de Somosaguas - La Finca,es,La Finca,40.4056432,-3.7981778,True,https://www.idealista.com/obra-nueva/107329086/,"•PRIMERA PLANTA 4 DORMITORIOS SUPERFICIES 201 m2 +53 m2 de terrazas PRECIO: 2.350. 000 € Vivienda de 4 dormitorios ubicada en la planta primera.  Cuenta con el disfrute exclusivo de las terrazas situadas en fachada norte y sur, perfectas para estar en cualquier estación del año. ZONA DE DÍA Y DE NOCHE: Se accede a la vivienda a través del recibidor, en donde encontramos un aseo de cortesía y un cuarto de ropa, que a su vez, se comunica con el tendedero. Damos paso a un amplio salón-comedor orientado a sur, con salida a la terraza, en donde también se encuentra la cocina abierta al comedor. La zona de noche se compone por cuatro dormitorios, a los cuales se accede a través del distribuidor. El dormitorio principal, con terraza privada, cuenta con vestidor y un cómodo cuarto de baño con ducha, doble lavabo. Los dos dormitorios individuales comparten baño en suite. El otro dormitorio secundario cuenta con baño privado. Todos disponen de terraza en norte. La vivienda cuenta con 3 plazas de garaje y trastero.",False,newdevelopment,True,True,11692.0,True,False,False,False,[],False,False,2350000.0,€,flat,"La Finca, Pozuelo de Alarcón","Piso en Avenida de Luis García Cereceda, 9",Top,True,True,False,,,,
105623286,https://img4.idealista.com/blur/480_360_mq/0/id.pro.es.image.master/3e/b8/cb/1258026121.webp,a01Jy00000XTivWIAT,57,,870000.0,chalet,sale,329.0,,5,3,"Francisco Pizarro, 8",Madrid,Boadilla del Monte,Valenoso,es,,40.4154463,-3.9105277,True,https://www.idealista.com/obra-nueva/105623286/,"OBRA TERMIANDA- LLAVE EN MANO - FINANCIADA POR BBVA - FORMA DE PAGO FLEXIBLE Las Fuentes de Valenoso, es una promoción de 52 viviendas unifamiliares de 5 dormitorios, en una urbanización cerrada con conserjería y vigilancia con circuito cerrado de televisión, que comparten unas zonas comunes espectaculares, libres de coches, con amplias zonas ajardinadas, entre las que destacan sus dos piscinas desbordantes de cloración salina y su gran pradera solárium, pista de pádel con paredes de vidrio e iluminación, gimnasio equipado, sala polivalente con Gastro Bar, zona de juegos infantiles y múltiples zonas de esparcimiento y paseo. Todas las viviendas disponen de dos plazas de garaje en parking subterráneo que están conectadas con el interior de las viviendas. La parcela se sitúa en un alto, y desde ella se domina el paisaje circundante. En la promoción, las viviendas se disponen alrededor de las zonas comunes, volcando los salones hacía los jardines privativos que se orientan todos hacia el exterior para garantizar en todo lo posible su privacidad. Las viviendas disponibles son de 5 dormitorios y se desarrollan en tres plantas (baja, primera y sótano. Son distribuciones con amplias estancias pensadas para la vida familiar. La planta sótano, dispone de una versátil sala de gran tamaño que se encuentra conectada a un amplio patio inglés-terraza de más de 18 m2 que la inunda de luz. A través de esta planta, la vivienda se conecta con sus dos plazas de aparcamiento en garaje subterráneo. La planta baja da acceso al jardín privativo y a las zonas comunes del conjunto. En ella se ubican la cocina con office, el salón-comedor de más de 36 m2 con vistas al jardín de la vivienda, un baño y un despacho-dormitorio. En la planta primera se ubican los cuatro dormitorios, con un amplio dormitorio principal en suite, con gran superficie de armarios, y tres dormitorios dobles con otro baño completo. Las viviendas se han proyectado para obtener una Calificación Energética A. Para conseguirlo, se han reforzado los aislamientos térmicos mediante mejora considerable de la envolvente de las viviendas con incremento de aislantes en fachada y cubierta, carpinterías exteriores con rotura de puente térmico y mejoras de sus vidrios. La promoción, tiene contratados controles de Calidad con empresas independientes en proyectos y ejecución de las obras y de calidad. Mientras lo permita el ritmo de ejecución de las obras, se admitirán mejoras propuestas en paquetes de personalización con coste, en los acabados de la vivienda, tales como color de pintura, solado general de la vivienda, solados y alicatados de baños y cocina, mamparas de ducha, sustitución de bañera por ducha, etc. Las obras se encuentran muy avanzadas, estando prevista su finalización para el último trimestre de este año 2024. La promoción está financiada por la entidad bancaria BBVA; las cantidades entregadas a cuenta se encuentran garantizadas mediante contrato de seguro de caución suscrito con la entidad aseguradora. Si lo desea, puede ampliar su información solicitando una visita a nuestras oficinas centrales en Madrid, de la calle Alcalá, 96, 5º-D, frente a El Corte Inglés de Goya.",False,newdevelopment,True,,2644.0,True,False,False,False,[],False,False,870000.0,€,chalet,"Valenoso, Boadilla del Monte","Chalet adosado en Francisco Pizarro, 8",Top,True,True,False,terracedHouse,,,
107489312,https://img4.idealista.com/blur/480_360_mq/0/id.pro.es.image.master/43/ef/82/1239463508.webp,P1 4ºB,21,4,417900.0,flat,sale,87.0,True,2,2,"calle Provisional Berrocales Ochenta y Uno, 10",Madrid,Madrid,Vicálvaro,es,Los Berrocales,40.3723506,-3.5826795,True,https://www.idealista.com/obra-nueva/107489312/,"Obras iniciadas. En DOMUS hay viviendas disponibles de 1, 2 y 3 dormitorios en diferentes alturas, pero en este momento solo están a la venta las viviendas detalladas. Célere Domus está ubicado en el nuevo desarrollo urbanístico de los Berrocales, situado en el sureste de Madrid, entre Ensanche de Vallecas y Santa Eugenia. Esta promoción de obra nueva, es un conjunto residencial formado por 74 viviendas de 1, 2 y 3 dormitorios distribuidas en altura, bajos y áticos, repartidas en tres portales. Todas las viviendas cuentan con terraza, trastero y una o dos plazas de garaje. La urbanización contiene también un local comercial. La fecha de entrega está prevista para el último trimestre del 2026. El proyecto cuenta con una agradable piscina para adultos y otra para niños, zona de aseos, estancia para bicicletas, sala social-gourmet y zona exterior de calistenia en la última planta. Además, la promoción ha incluido una zona ajardinada y de juegos para niños, donde pueden disfrutar en un entorno protegido. Y como siempre pensamos en la seguridad, la urbanización es completamente privada, cerrada con control de accesos y conserjería. En Vía Célere apostamos por innovar e implantar sistemas cada vez más eficientes, consiguiendo edificios más sostenibles y comprometidos con el medio ambiente. El residencial Célere Domus dispone de calificación energética A, lo que supone un ahorro estimado del 83% disminuyendo las emisiones de CO2 y una reducción significativa de la demanda energética del complejo (refrigeración y agua caliente sanitaria). Célere Domus es un conjunto residencial equipado para cubrir todas tus necesidades en un espacio cómodo para ti y los tuyos, creando un lugar idóneo donde vivir con tu familia. *Las imágenes de la promoción son orientativas y no definitivas. ** Las viviendas anteriormente identificadas y sus condiciones económicas y comerciales están sujetas a disponibilidad y a variaciones por motivos administrativos o comerciales. Consulte con la oficina de ventas.",False,,True,True,4803.0,True,False,False,False,[],False,False,417900.0,€,flat,"Los Berrocales, Madrid","Piso en calle Provisional Berrocales Ochenta y Uno, 10",Top,True,True,False,,,,
108579024,https://img4.idealista.com/blur/480_360_mq/0/id.pro.es.image.master/ba/3b/44/1348999006.webp,,32,bj,1245000.0,duplex,sale,100.0,True,2,3,"calle Javier Ferrero, 1",Madrid,Madrid,Chamartín,es,Ciudad Jardín,40.4482865,-3.6713984,True,https://www.idealista.com/obra-nueva/108579024/,"Caledonian Javier Ferrero es un nuevo y ambicioso proyecto en el centro de Madrid resultado de la colaboración de CALEDONIAN con el prestigioso arquitecto brasileño Marcio Kogan y su Studio MK27 Se trata de un proyecto innovador y contemporáneo, ubicado en la calle Javier Ferrero, que reconvertirá la zona actualmente industrial en una zona residencial con gran potencial de desarrollo. Como en la gran mayoría de proyectos de CALEDONIAN, los exteriores tendrán una gran importancia en la concepción del proyecto, así como las soluciones tecnológicas e infraestructurales para hacer más fácil la vida a sus propietarios. A esta máxima se sumará la última tecnología para facilitar la vida a sus propietarios, tales como huella dactilar para acceder a la casa, láminas inteligentes autorregulables para controlar mejor la entrada de luz, calefacción mediante suelo radiante y refrigeración mediante techo frío, control monitorizado de todas las luces, enchufes y otros equipamientos electrónicos de la casa. Además, el proyecto se realizará siguiendo las directrices de diseño del estándar Passivhaus mediante distribuciones inteligentes, prácticas y eficientes. La instalación de calefacción, refrigeración y agua caliente son además centralizadas para todo el edificio con la combinación de sistemas más eficientes y ecológicos del mercado: Sistema de bomba de calor con geotermia y Sistema fotovoltaico de generación de energía. El conjunto residencial se compone de tres edificios diferenciados por la fachada con ventanales de suelo a techo y ventanales con madera y aluminio. Se ubica en un recinto cerrado y vigilado 24 h con servicios de valor. La exclusiva urbanización ofrece diferentes tipologías de vivienda, de 1 a 4 dormitorios y para cada tipología diferentes opciones de tamaños. Incluye la comercialización de bajos en una y dos alturas con jardín, así como áticos con terraza. No faltarán tampoco las zonas comunes, especialmente equipadas con espacios dignos de las mejores urbanizaciones del extrarradio de la ciudad tales como gimnasio acristalado totalmente equipado, zonas verdes firmadas por Isabel Duprat, una de las mejores paisajistas del mundo con piscina exterior de 25m lineales, SPA dotado de sauna, piscina interior, hammam, caldarium, jacuzzi, sala de relajación con chimenea, sala de masajes, piscina de agua helada, circuito de duchas de sensaciones etc. Garaje y trastero incluidos en el precio.",False,,True,True,12450.0,True,False,False,False,[],False,False,1245000.0,€,flat,"Ciudad Jardín, Madrid","Dúplex en calle Javier Ferrero, 1",Top,True,True,False,duplex,,,
105623261,https://img4.idealista.com/blur/480_360_mq/0/id.pro.es.image.master/9c/33/cb/1258026107.webp,a01Jy00000XTivWIAT,59,,950000.0,chalet,sale,340.0,,5,3,"Francisco Pizarro, 8",Madrid,Boadilla del Monte,Valenoso,es,,40.4154463,-3.9105277,True,https://www.idealista.com/obra-nueva/105623261/,"FINAL DE OBRA en 2024 - FINANCIADA POR BBVA - FORMA DE PAGO FLEXIBLE Las Fuentes de Valenoso, es una promoción de 52 viviendas unifamiliares de 5 dormitorios, en una urbanización cerrada con conserjería y vigilancia con circuito cerrado de televisión, que comparten unas zonas comunes espectaculares, libres de coches, con amplias zonas ajardinadas, entre las que destacan sus dos piscinas desbordantes de cloración salina y su gran pradera solárium, pista de pádel con paredes de vidrio e iluminación, gimnasio equipado, sala polivalente con Gastro Bar, zona de juegos infantiles y múltiples zonas de esparcimiento y paseo. Todas las viviendas disponen de dos plazas de garaje en parking subterráneo que están conectadas con el interior de las viviendas. La parcela se sitúa en un alto, y desde ella se domina el paisaje circundante. En la promoción, las viviendas se disponen alrededor de las zonas comunes, volcando los salones hacía los jardines privativos que se orientan todos hacia el exterior para garantizar en todo lo posible su privacidad. Las viviendas disponibles son de 5 dormitorios y se desarrollan en tres plantas (baja, primera y sótano. Son distribuciones con amplias estancias pensadas para la vida familiar. La planta sótano, dispone de una versátil sala de gran tamaño que se encuentra conectada a un amplio patio inglés-terraza de más de 18 m2 que la inunda de luz. A través de esta planta, la vivienda se conecta con sus dos plazas de aparcamiento en garaje subterráneo. La planta baja da acceso al jardín privativo y a las zonas comunes del conjunto. En ella se ubican la cocina con office, el salón-comedor de más de 36 m2 con vistas al jardín de la vivienda, un baño y un despacho-dormitorio. En la planta primera se ubican los cuatro dormitorios, con un amplio dormitorio principal en suite, con gran superficie de armarios, y tres dormitorios dobles con otro baño completo. Las viviendas se han proyectado para obtener una Calificación Energética A. Para conseguirlo, se han reforzado los aislamientos térmicos mediante mejora considerable de la envolvente de las viviendas con incremento de aislantes en fachada y cubierta, carpinterías exteriores con rotura de puente térmico y mejoras de sus vidrios. La promoción, tiene contratados controles de Calidad con empresas independientes en proyectos y ejecución de las obras y de calidad. Mientras lo permita el ritmo de ejecución de las obras, se admitirán mejoras propuestas en paquetes de personalización con coste, en los acabados de la vivienda, tales como color de pintura, solado general de la vivienda, solados y alicatados de baños y cocina, mamparas de ducha, sustitución de bañera por ducha, etc. Las obras se encuentran muy avanzadas, estando prevista su finalización para el último trimestre de este año 2024. La promoción está financiada por la entidad bancaria BBVA; las cantidades entregadas a cuenta se encuentran garantizadas mediante contrato de seguro de caución suscrito con la entidad aseguradora. Si lo desea, puede ampliar su información solicitando una visita a nuestras oficinas centrales en Madrid, de la calle Alcalá, 96, 5º-D, frente a El Corte Inglés de Goya.",False,newdevelopment,True,,2794.0,True,False,False,False,[],False,False,950000.0,€,chalet,"Valenoso, Boadilla del Monte","Chalet adosado en Francisco Pizarro, 8",Top,True,True,False,terracedHouse,,,
105623153,https://img4.idealista.com/blur/480_360_mq/0/id.pro.es.image.master/9c/33/cb/1258026107.webp,a01Jy00000XTivWIAT,57,,860000.0,chalet,sale,329.0,,5,3,"Francisco Pizarro, 8",Madrid,Boadilla del Monte,Valenoso,es,,40.4154463,-3.9105277,True,https://www.idealista.com/obra-nueva/105623153/,"OBRA TERMINADA- LLAVE EN MANO - FINANCIADA POR BBVA - FORMA DE PAGO FLEXIBLE Las Fuentes de Valenoso, es una promoción de 52 viviendas unifamiliares de 5 dormitorios, en una urbanización cerrada con conserjería y vigilancia con circuito cerrado de televisión, que comparten unas zonas comunes espectaculares, libres de coches, con amplias zonas ajardinadas, entre las que destacan sus dos piscinas desbordantes de cloración salina y su gran pradera solárium, pista de pádel con paredes de vidrio e iluminación, gimnasio equipado, sala polivalente con Gastro Bar, zona de juegos infantiles y múltiples zonas de esparcimiento y paseo. Todas las viviendas disponen de dos plazas de garaje en parking subterráneo que están conectadas con el interior de las viviendas. La parcela se sitúa en un alto, y desde ella se domina el paisaje circundante. En la promoción, las viviendas se disponen alrededor de las zonas comunes, volcando los salones hacía los jardines privativos que se orientan todos hacia el exterior para garantizar en todo lo posible su privacidad. Las viviendas disponibles son de 5 dormitorios y se desarrollan en tres plantas (baja, primera y sótano. Son distribuciones con amplias estancias pensadas para la vida familiar. La planta sótano, dispone de una versátil sala de gran tamaño que se encuentra conectada a un amplio patio inglés-terraza de más de 18 m2 que la inunda de luz. A través de esta planta, la vivienda se conecta con sus dos plazas de aparcamiento en garaje subterráneo. La planta baja da acceso al jardín privativo y a las zonas comunes del conjunto. En ella se ubican la cocina con office, el salón-comedor de más de 36 m2 con vistas al jardín de la vivienda, un baño y un despacho-dormitorio. En la planta primera se ubican los cuatro dormitorios, con un amplio dormitorio principal en suite, con gran superficie de armarios, y tres dormitorios dobles con otro baño completo. Las viviendas se han proyectado para obtener una Calificación Energética A. Para conseguirlo, se han reforzado los aislamientos térmicos mediante mejora considerable de la envolvente de las viviendas con incremento de aislantes en fachada y cubierta, carpinterías exteriores con rotura de puente térmico y mejoras de sus vidrios. La promoción, tiene contratados controles de Calidad con empresas independientes en proyectos y ejecución de las obras y de calidad. Mientras lo permita el ritmo de ejecución de las obras, se admitirán mejoras propuestas en paquetes de personalización con coste, en los acabados de la vivienda, tales como color de pintura, solado general de la vivienda, solados y alicatados de baños y cocina, mamparas de ducha, sustitución de bañera por ducha, etc. Las obras se encuentran muy avanzadas, estando prevista su finalización para el último trimestre de este año 2024. La promoción está financiada por la entidad bancaria BBVA; las cantidades entregadas a cuenta se encuentran garantizadas mediante contrato de seguro de caución suscrito con la entidad aseguradora. Si lo desea, puede ampliar su información solicitando una visita a nuestras oficinas centrales en Madrid, de la calle Alcalá, 96, 5º-D, frente a El Corte Inglés de Goya.",False,newdevelopment,True,,2614.0,True,False,False,False,[],False,False,860000.0,€,chalet,"Valenoso, Boadilla del Monte","Chalet adosado en Francisco Pizarro, 8",Top,True,True,False,terracedHouse,,,
108083387,https://img4.idealista.com/blur/480_360_mq/0/id.pro.es.image.master/59/6a/4b/1334615414.webp,RP1332025137239,54,4,539000.0,flat,sale,61.0,True,2,2,calle de San Marcos,Madrid,Madrid,Centro,es,Chueca-Justicia,40.4232852,-3.7000683,False,https://www.idealista.com/inmueble/108083387/,"Redpiso Justicia Chueca les ofrece en exclusiva una vivienda de dos dormitorios a estrenar en el corazón de Chueca – Diseño de autor, luz natural y elegancia sin igual Ubicada en la emblemática calle San Marcos, esta residencia excepcional combina estilo, confort y ubicación privilegiada. A escasos metros de la Plaza de Chueca y la Plaza de Pedro Zerolo, se encuentra en el epicentro del barrio más cosmopolita de Madrid, rodeada de exquisitas propuestas gastronómicas, boutiques de diseño y una conectividad inmejorable. Una vivienda única de autor Cada rincón de esta propiedad ha sido diseñado con mimo y precisión artesanal. Desde los suelos de cemento pulido a mano hasta los muebles hechos a medida, la estética Japandi marca la pauta: una armoniosa fusión entre la calidez nórdica y la sobriedad oriental, donde los materiales nobles y las líneas puras crean una atmósfera serena. El salón es el alma de la vivienda y alberga una pieza escultórica exclusiva: un banco-chimenea de hormigón realizado a mano, una obra de arte funcional que aporta carácter y sofisticación. Luminosidad y armonía en cada espacio Cada estancia ha sido concebida para aprovechar la luz natural al máximo, incluyendo baños y lavadero. Ventanas estratégicamente ubicadas garantizan una atmósfera diáfana y una ventilación óptima. Distribución sofisticada y funcional Espacioso salón-comedor con cocina integrada, diseñado para disfrutar de la vida moderna. Dormitorio principal en suite, donde la tranquilidad y el diseño se fusionan. Segundo dormitorio, ideal como estudio o habitación de invitados. Lavadero independiente para mayor comodidad. Baño de cortesía con acabados exquisitos. Diseño y materiales seleccionados con maestría Cada detalle ha sido cuidadosamente elegido para ofrecer una estética atemporal y refinada: Suelos continuos de cemento pulido artesanal, que aportan carácter y sofisticación. Armarios y mobiliario a medida, con acabados naturales para realzar la calidez del hogar. Iluminación en mármol travertino, un toque de exclusividad. Encimeras DEKTON y griferías IMEX, sinónimo de calidad y vanguardia. Innovación y tecnología para una vida cómoda La vivienda incorpora domótica de última generación, permitiendo la gestión remota de climatización frío-calor y caldera eléctrica mediante WiFi, así como iluminación regulable en las principales estancias. Además, dispone de un termo Ariston y aire acondicionado frío/calor, ambos con cone.",True,good,False,False,8836.0,True,False,True,False,[],False,False,539000.0,€,flat,"Chueca-Justicia, Madrid",Piso en calle de San Marcos,Top,,,,,560000.0,21000.0,4.0
107329048,https://img4.idealista.com/blur/480_360_mq/0/id.pro.es.image.master/e8/cd/aa/1309728136.webp,,28,1,1375000.0,flat,sale,126.0,True,2,3,"Avenida de Luis García Cereceda, 9",Madrid,Pozuelo de Alarcón,Zona Prado de Somosaguas - La Finca,es,La Finca,40.4056432,-3.7981778,True,https://www.idealista.com/obra-nueva/107329048/,"•PRIMERA PLANTA 2 DORMITORIOS SUPERFICIES 126 m2 +52 m2 de terrazas PRECIO: 1.375. 000 € Vivienda de 2 dormitorios en planta primera. Cuenta con el disfrute exclusivo de las terrazas situadas en fachada norte y sur, perfectas para estar en cualquier estación del año. ZONA DE DÍA Y DE NOCHE: Se accede a la vivienda a través del recibidor, dando paso a un amplio salón, con salida a la terraza sur. El comedor, con salida a la terraza norte, se comunica con la cocina, la cual cuenta con una isla y zona de tendedero. Damos paso a los dormitorios a través del distribuidor, donde encontramos un aseo de cortesía. El dormitorio principal, cuenta con un cómodo cuarto de baño con ducha, doble lavabo. El dormitorio secundario también cuenta con cuarto de baño en suite. La vivienda cuenta con 2 plazas de garaje y trastero.",False,newdevelopment,True,True,10913.0,True,False,False,False,[],False,False,1375000.0,€,flat,"La Finca, Pozuelo de Alarcón","Piso en Avenida de Luis García Cereceda, 9",Top,True,True,False,,,,
97914515,https://img4.idealista.com/blur/480_360_mq/0/id.pro.es.image.master/2b/da/84/1214529464.webp,9-302,22,3,1589380.0,duplex,sale,168.0,True,2,3,"calle Javier Ferrero, 1",Madrid,Madrid,Chamartín,es,Ciudad Jardín,40.448242,-3.671371,True,https://www.idealista.com/obra-nueva/97914515/,"¡Descubre el dúplex de tus sueños en la exclusiva calle Javier Ferrero! Este impresionante inmueble combina diseño innovador con tecnología avanzada para ofrecerte una experiencia de vida inigualable. Ubicado en una zona residencial en pleno auge, este dúplex destaca por sus exteriores cuidadosamente diseñados y soluciones tecnológicas que facilitan tu día a día, como el acceso mediante huella dactilar y láminas inteligentes autorregulables. Construido bajo el estándar Passivhaus, este dúplex garantiza eficiencia energética y confort en cada rincón. Con 168 m² construidos y 142 m² útiles, cuenta con dos dormitorios amplios y tres baños modernos. La distribución es inteligente y funcional, optimizando cada espacio para tu comodidad. Además, disfrutarás de calefacción, refrigeración y agua caliente centralizadas con sistemas ecológicos. El conjunto residencial ofrece zonas comunes excepcionales: piscina exterior, gimnasio, lobby principal y un spa de ensueño con piscina interior climatizada, sauna y mucho más. Tu seguridad está garantizada en este recinto cerrado y vigilado las 24 horas. El precio incluye dos plazas de garaje y un trastero, asegurando que todo lo que necesitas está al alcance de tu mano. ¡No pierdas la oportunidad de vivir en un lugar donde el lujo y la sostenibilidad se encuentran! *Fotos no vinculantes al piso.",False,,True,True,9461.0,True,False,False,False,[],False,False,1589380.0,€,flat,"Ciudad Jardín, Madrid","Dúplex en calle Javier Ferrero, 1",Top,True,True,False,duplex,,,
104245743,https://img4.idealista.com/blur/480_360_mq/0/id.pro.es.image.master/26/af/26/1304668868.webp,151,26,,13000000.0,chalet,sale,1761.0,,5,7,"paseo de Los Lagos, 1",Madrid,Pozuelo de Alarcón,Zona Prado de Somosaguas - La Finca,es,La Finca,40.4122262,-3.8199634,True,https://www.idealista.com/obra-nueva/104245743/,"Descubre las primeras viviendas con certificación BREEAM “Very Good” en LAFINCA, ofreciendo una construcción sostenible que promueve el ahorro y la salud de sus residentes. Ubicadas en la prestigiosa urbanización Los Lagos, reconocida por su diseño, exclusividad, seguridad y privacidad, estas viviendas se encuentran en parcelas de más de 3000 m², diseñadas por el prestigioso equipo de arquitectura de LAFINCA. La iluminación y el paisajismo son elementos destacados en todas las áreas de la vivienda, complementados por el uso de materiales tecnológicos como el Krión, que permiten la creación de formas únicas, terrazas en todas las estancias y pérgolas que brindan un confort excepcional. La fachada ventilada con acabados porcelánicos en gran formato añade un toque de elegancia. Al ingresar, un patio central da la bienvenida, organizando los espacios comunes y privados. La vivienda se desarrolla en tres plantas conectadas por escaleras y ascensor, ofreciendo espacios versátiles y flexibles para adaptarse a diversas necesidades. El salón comedor, con orientación sur, se extiende a través de varias estancias, fusionando perfectamente el interior con el exterior gracias a las grandes aperturas de vidrio. La piscina exterior desbordante, con el mismo acabado que el porche y atemperamiento del agua, completa el oasis de tranquilidad. En la planta superior, el patio divide la suite principal de los dormitorios secundarios, todos ellos en suite, con vestidor, baño y terraza. La suite principal cuenta con una terraza de uso exclusivo, un dormitorio orientado al sur, baño doble y dos vestidores independientes. El garaje ofrece seis plazas de aparcamiento, junto con una zona diáfana en el sótano que permite múltiples configuraciones. Los materiales porcelánicos de gran formato, la grifería termostática en los baños y la carpintería de aluminio Schuco con vidrios bajo emisivos cool lite xtream garantizan calidad y confort en cada detalle. La climatización eficiente mediante geotermia, con aportes de techo radiante refrescante en varias estancias, asegura un ambiente agradable durante todo el año. Además, la instalación de cargadores de vehículo eléctrico en el garaje y la domótica para controlar la iluminación, persianas, estores, climatización y portero eléctrico desde cualquier lugar de la vivienda ofrecen una experiencia de vida confortable. Red wifi en toda la vivienda para mayor conectividad.",False,,True,,7382.0,True,False,False,False,[],False,False,13000000.0,€,chalet,"La Finca, Pozuelo de Alarcón","Casa independiente en paseo de Los Lagos, 1",Top,True,True,False,independantHouse,,,
104245763,https://img4.idealista.com/blur/480_360_mq/0/id.pro.es.image.master/6a/f2/0e/1304666765.webp,150,27,,13000000.0,chalet,sale,1761.0,,5,7,"paseo de Los Lagos, 1",Madrid,Pozuelo de Alarcón,Zona Prado de Somosaguas - La Finca,es,La Finca,40.4122262,-3.8199634,True,https://www.idealista.com/obra-nueva/104245763/,"Descubre las primeras viviendas con certificación BREEAM “Very Good” en LAFINCA, ofreciendo una construcción sostenible que promueve el ahorro y la salud de sus residentes. Ubicadas en la prestigiosa urbanización Los Lagos, reconocida por su diseño, exclusividad, seguridad y privacidad, estas viviendas se encuentran en parcelas de más de 3000 m², diseñadas por el prestigioso equipo de arquitectura de LAFINCA. La iluminación y el paisajismo son elementos destacados en todas las áreas de la vivienda, complementados por el uso de materiales tecnológicos como el Krión, que permiten la creación de formas únicas, terrazas en todas las estancias y pérgolas que brindan un confort excepcional. La fachada ventilada con acabados porcelánicos en gran formato añade un toque de elegancia. Al ingresar, un patio central da la bienvenida, organizando los espacios comunes y privados. La vivienda se desarrolla en tres plantas conectadas por escaleras y ascensor, ofreciendo espacios versátiles y flexibles para adaptarse a diversas necesidades. El salón comedor, con orientación sur, se extiende a través de varias estancias, fusionando perfectamente el interior con el exterior gracias a las grandes aperturas de vidrio. La piscina exterior desbordante, con el mismo acabado que el porche y atemperamiento del agua, completa el oasis de tranquilidad. En la planta superior, el patio divide la suite principal de los dormitorios secundarios, todos ellos en suite, con vestidor, baño y terraza. La suite principal cuenta con una terraza de uso exclusivo, un dormitorio orientado al sur, baño doble y dos vestidores independientes. El garaje ofrece seis plazas de aparcamiento, junto con una zona diáfana en el sótano que permite múltiples configuraciones. Los materiales porcelánicos de gran formato, la grifería termostática en los baños y la carpintería de aluminio Schuco con vidrios bajo emisivos cool lite xtream garantizan calidad y confort en cada detalle. La climatización eficiente mediante geotermia, con aportes de techo radiante refrescante en varias estancias, asegura un ambiente agradable durante todo el año. Además, la instalación de cargadores de vehículo eléctrico en el garaje y la domótica para controlar la iluminación, persianas, estores, climatización y portero eléctrico desde cualquier lugar de la vivienda ofrecen una experiencia de vida confortable. Red wifi en toda la vivienda para mayor conectividad.",False,,True,,7382.0,True,False,False,False,[],False,False,13000000.0,€,chalet,"La Finca, Pozuelo de Alarcón","Casa independiente en paseo de Los Lagos, 1",Top,True,True,False,independantHouse,,,
108152275,https://img4.idealista.com/blur/480_360_mq/0/id.pro.es.image.master/40/4a/80/1343522770.webp,701,56,6,2580000.0,flat,sale,130.0,True,2,3,calle de Claudio Coello,Madrid,Madrid,Barrio de Salamanca,es,Recoletos,40.4269925,-3.6850493,False,https://www.idealista.com/inmueble/108152275/,"Nik Inversión y Gestión, ofrece en venta este ESPECTACULAR piso exterior completamente reformado de LUJO y amueblado con vistas a la prestigiosa calle de Claudio Coello, en el distrito de Salamanca. La vivienda consta de 120 metros y se distribuye en un amplio salón comedor que cuenta con una gran vinoteca y mueble bar, con gran ventanal que da paso a la maravillosa terraza completamente amueblada con unas vistas exteriores espectaculares, cocina americana muy amplia con materiales de primera calidad y encimera de exclusivo diseño italiano, 2 dormitorios dobles con armarios empotrados que incluyen iluminación interna para más comodidad y dos baños completos; uno de ellos en suite con plato de ducha enrasado, el otro, completo con bañera, ambos diseñados con materiales de primera calidad pensados en su durabilidad y resistencia, entrada recibidor con amplios armarios de madera de diseño curvo y un aseo de invitados que cuenta con zona de lavandería. La climatización se basa en suelo radiante - refrescante mediante sistema de Aerotermia y con posibilidad de control por estancias independientes o bien,  en toda la vivienda por igual. Sistema de domótica en toda la vivienda; persianas, iluminación temperatura del hogar, electrodomésticos. La finca se encuentra en perfecto estado de conservación con ITE FAVORABLE 2021, consta de portero fisico de lunes a domingo, con unos gastos de comunidad de 155€ mensuales. El piso actualmente se encuentra libre y disponible para visitas. No pierda la oportunidad de visitar este increíble piso actualmente reformado integralmente, se encuentra a estrenar. Con todos los servicios necesarios a pie de calle, supermercados, transporte, comercios, hospitales, etc. Para una información, más detallada y/o visitas no dude en contactar con Nik Inversión y Gestión. Estaremos encantados de atenderle y asesorarle en todo lo necesario.",True,good,False,True,19846.0,True,False,True,False,[],False,False,2580000.0,€,flat,"Recoletos, Madrid",Piso en calle de Claudio Coello,Top,,,,,,,
107900506,https://img4.idealista.com/blur/480_360_mq/0/id.pro.es.image.master/32/67/c0/1311838520.webp,799-CR-08-Parcela 08,36,,865000.0,chalet,sale,397.0,,4,4,"avenida Víctimas del Terrorismo, 16",Madrid,Boadilla del Monte,Valenoso,es,,40.416791,-3.9135478,True,https://www.idealista.com/obra-nueva/107900506/,"¡VEN A VISITARNOS EN NUESTRO CHALET PILOTO! PONTE EN CONTACTO CON NOSOTROS PARA RESERVAR TU CITA. OBRA NUEVA ENTREGA INMEDIATA. Boadilla Class es la nueva propuesta residencial de Asentis en el municipio de Boadilla del Monte. 114 chalets, pensados por y para ti. Diseñados con precisión y dedicación para poder satisfacer y cubrir las necesidades de toda la familia. Ubicados en tres parcelas diferenciadas, Asentis pone a su alcance una amplia oferta de tipologías y soluciones de chalets de 5 dormitorios, configurados en tres plantas para que el espacio sea el protagonista de vuestra nueva casa. Para completar esta experiencia en la que el espacio es el verdadero articulador cada vivienda, todos los chalets de la promoción cuentan con amplias zonas exteriores privadas con superficies abarcan desde los 73 m2 a 370 m2, en las que poder disfrutar sin riesgos y a lo grande de la familia y los amigos. Calidad y distinción en cada acabado, donde la PIEDRA NATURAL es la auténtica protagonista de la fachada, ordenando y configurando el diseño exterior de los chalets, donde los últimos avances en energías limpias proporcionan el máximo confort climático mediante un sistema de SUELO RADIENTE Y REFRESCANTE, ubicado bajo un SOLADO PORCELÁNICO efecto madera de PORCELANOSA. Así mismo este sistema de suelo radiante y refrescante irá acompañado de una preinstalación de climatización compuesta por una RED DE CONDUCTOS y rejillas ubicados en el falso techo de la vivienda que darán servicio al salón-comedor así como a los dormitorios tanto de planta baja como de planta primera. De este modo, la eficiencia energética y la minimización de la huella de carbono han inspirado todas nuestras soluciones constructivas. Déjate sorprender por unas zonas comunes (gimnasio, juegos infantiles, pádel, piscina y zonas verdes) diseñadas en cada detalle para que tanto los mayores como los más pequeños puedan disfrutar en un espacio seguro de múltiples actividades. Tu nueva casa te está esperando en la mejor zona de Boadilla del Monte, ven a descubrirla.",False,newdevelopment,True,,2179.0,True,False,False,False,[],False,False,865000.0,€,chalet,"Valenoso, Boadilla del Monte","Chalet adosado en avenida Víctimas del Terrorismo, 16",Top,True,True,False,terracedHouse,,,
107980903,https://img4.idealista.com/blur/480_360_mq/0/id.pro.es.image.master/91/21/cb/1330127462.webp,F2260,24,3,478500.0,flat,sale,119.0,True,3,2,"de la Ilusión, 52",Madrid,Madrid,Vicálvaro,es,El Cañaveral,40.4053859,-3.5539684,True,https://www.idealista.com/obra-nueva/107980903/,"Edificio Tabit IV cuenta con 89 viviendas de 2 y 3 dormitorios, todas con terrazas, bajos con jardín y espléndidos áticos. Todas las tipologías disponen, además, de trastero y plaza de garaje, con preinstalación eléctrica para carga de vehículos. Un complejo con unas zonas comunes espectaculares: bonitos jardines, piscina, área infantil, una zona social polivalente dotada de gimnasio para desarrollar una vida saludable, y gastroteca, donde promover los encuentros.  Los interiores de cada hogar se han cuidado al detalle, con un diseño inteligente de los espacios, y con la incorporación de las calidades constructivas y decorativas más exigentes: doble placa de yeso laminado, armarios vestidos con acabado textil, cuartos de baño alicatados por completo, cocinas equipadas con muebles altos y bajos, placa de inducción, campana extractora, horno y microondas.  Hogares eficientes, dotados de ventanales de gran tamaño para aprovechar al máximo la luz natural. Hogares comprometidos con el medio ambiente que, mirando al futuro y la sostenibilidad, incorporan la aerotermia en la climatización por suelo radiante y refrescante, proporcionando un ahorro máximo y un confort óptimo Situado en una ubicación excepcional, en la zona este de Madrid capital, en El Cañaveral, a tan solo 15 minutos de Atocha. Edificio Tabit IV ofrece un entorno que dispone de una gran variedad de supermercados, centros educativos, sanitarios y deportivos, además de una creciente oferta gastronómica y comercial, también cuenta con amplias zonas verdes como el Parque Central y el Bosque Metropolitano. Dispone de excelentes conexiones con varias líneas de autobuses, cercanías y acceso directo a la M-45 y R-3. ¡Contacta con nosotros y descubre los detalles de tu nuevo hogar!",False,newdevelopment,True,True,4021.0,True,False,False,False,[],False,False,478500.0,€,flat,"El Cañaveral, Madrid","Piso en de la Ilusión, 52",Top,True,True,False,,,,
107980791,https://img4.idealista.com/blur/480_360_mq/0/id.pro.es.image.master/4e/6e/9c/1330122075.webp,F2260,24,1,478500.0,flat,sale,119.0,True,3,2,"de la Ilusión, 52",Madrid,Madrid,Vicálvaro,es,El Cañaveral,40.4053859,-3.5539684,True,https://www.idealista.com/obra-nueva/107980791/,"Edificio Tabit IV cuenta con 89 viviendas de 2 y 3 dormitorios, todas con terrazas, bajos con jardín y espléndidos áticos. Todas las tipologías disponen, además, de trastero y plaza de garaje, con preinstalación eléctrica para carga de vehículos. Un complejo con unas zonas comunes espectaculares: bonitos jardines, piscina, área infantil, una zona social polivalente dotada de gimnasio para desarrollar una vida saludable, y gastroteca, donde promover los encuentros.  Los interiores de cada hogar se han cuidado al detalle, con un diseño inteligente de los espacios, y con la incorporación de las calidades constructivas y decorativas más exigentes: doble placa de yeso laminado, armarios vestidos con acabado textil, cuartos de baño alicatados por completo, cocinas equipadas con muebles altos y bajos, placa de inducción, campana extractora, horno y microondas.  Hogares eficientes, dotados de ventanales de gran tamaño para aprovechar al máximo la luz natural. Hogares comprometidos con el medio ambiente que, mirando al futuro y la sostenibilidad, incorporan la aerotermia en la climatización por suelo radiante y refrescante, proporcionando un ahorro máximo y un confort óptimo Situado en una ubicación excepcional, en la zona este de Madrid capital, en El Cañaveral, a tan solo 15 minutos de Atocha. Edificio Tabit IV ofrece un entorno que dispone de una gran variedad de supermercados, centros educativos, sanitarios y deportivos, además de una creciente oferta gastronómica y comercial, también cuenta con amplias zonas verdes como el Parque Central y el Bosque Metropolitano. Dispone de excelentes conexiones con varias líneas de autobuses, cercanías y acceso directo a la M-45 y R-3. ¡Contacta con nosotros y descubre los detalles de tu nuevo hogar!",False,newdevelopment,True,True,4021.0,True,False,False,False,[],False,False,478500.0,€,flat,"El Cañaveral, Madrid","Piso en de la Ilusión, 52",Top,True,True,False,,,,
107557120,https://img4.idealista.com/blur/480_360_mq/0/id.pro.es.image.master/00/6b/56/1316080060.webp,,24,6,3600000.0,flat,sale,292.0,True,4,5,calle de Miguel Ángel,Madrid,Madrid,Chamberí,es,Almagro,40.4343686,-3.6911323,False,https://www.idealista.com/inmueble/107557120/,"ABSTENERSE AGENCIAS. En el corazón vibrante de Almagro, en la emblemática calle Miguel Ángel, se alza una residencia que destaca entre la multitud ofreciendo un refugio sereno y luminoso en medio del bullicio de la ciudad. Madrid, una ciudad para aquellos que buscan un hogar lleno de cultura, diversidad y vitalidad. Madrid cautiva con su mezcla única de historia, arte, gastronomía, vida social y calidad de vida. Vivir en Almagro es sumergirse en la esencia de Madrid, un lugar donde la historia y la modernidad se mezclan para crear un ambiente auténtico. Sus calles y edificios guardan historias antiguas que nos transportan a tiempos pasados llenos de encuentros y de relatos. Pero Almagro no solo es pasado, también es presente vibrante y futuro prometedor. Sus cafés bulliciosos y sus restaurantes de sabores exquisitos nos recuerdan que aquí la vida late con intensidad. Su ubicación privilegiada te permite estar conectado a la vida más actual de la ciudad. La vivienda cuenta con 292 m² y una terraza de 15 m², distribuidos en un amplio salón, comedor y cocina, 3 dormitorios en suite, un cuarto de baño de invitados y dormitorio de servicio completo con zona de lavandería. Una vivienda versátil que te permite personalizar cada una de las estancias, para construir el espacio que siempre has deseado. Zonas amplias, rodeadas de ventanas que inundan cada rincón de luz natural, con unas vistas preciosas hacia la calle Miguel Ángel. Miguel Ángel 1 destaca por sus excepcionales y lujosas calidades, ofreciendo un estándar superior en cada detalle.",False,good,False,True,12329.0,True,False,True,False,[],False,False,3600000.0,€,flat,"Almagro, Madrid",Piso en calle de Miguel Ángel,Top,,,,,,,
108914428,https://img4.idealista.com/blur/480_360_mq/0/id.pro.es.image.master/34/88/67/1358791908.webp,V2344MA,34,2,7200000.0,flat,sale,344.0,True,3,3,Barrio Jerónimos,Madrid,Madrid,Retiro,es,Jerónimos,40.4179977,-3.6914286,False,https://www.idealista.com/inmueble/108914428/,"Excepcional propiedad de 344 m² en Los Jerónimos, con 5 balcones con orientación sur.  Totalmente a estrenar con un estilo elegante y contemporáneo del prestigioso arquitecto Federico Rio. Increíble zona social compuesta por salón y comedor para 8 comensales, con 4 ventanas a la calle que inundan de luz toda la vivienda. Además, cuenta con una magnífica cocina independiente, con zona de servicio y lavandería. La zona de noche incluye, además de un TV-room o salita de familia, tres suites; la principal, exterior y con vestidor. Dos suites adicionales completan esta vivienda de ensueño en el codiciado barrio de Los Jerónimos. Conserje en la finca y trastero bajocubierta son el colofón de este sueño en la capital. Los Jerónimos es un barrio del distrito madrileño de Retiro. En él se encuentran el Parque del Retiro y la iglesia de los Jerónimos, de donde proviene su nombre. Se creó a partir de 1865, sobre terrenos que pertenecieron al desaparecido Palacio del Buen Retiro y que fueron vendidos al Estado por parte de la reina Isabel II), para ser urbanizados. Forma parte del denominado Paisaje de la Luz junto al Paseo del Prado, declarado Patrimonio de la Humanidad el 25 de julio de 2021. Se trata de uno de los barrios más elegantes y aristocráticos de Madrid y sus viviendas alcanzan los precios más altos por metro cuadrado de la capital. Entre sus edificios más emblemáticos destacan el Museo del Prado, la iglesia de San Jerónimo el Real, la Real Academia Española, el Ayuntamiento de Madrid, el Hotel Ritz, el Palacio de la Bolsa de Madrid, el Cuartel General de la Armada y el Museo Nacional de Artes Decorativas. En el barrio de Los Jerónimos, además del Parque del Retiro, se ubica desde el siglo XVIII y frente a la fachada sur del Museo del Prado, el Real Jardín Botánico.",False,good,False,True,20930.0,True,False,False,False,[],False,False,7200000.0,€,flat,"Jerónimos, Madrid",Piso,Top,True,True,,,,,
107359680,https://img4.idealista.com/blur/480_360_mq/0/id.pro.es.image.master/d7/73/7b/1310619772.webp,bo.v.001h,34,,950000.0,chalet,sale,361.0,,4,3,Valdepastores - Las Encinas,Madrid,Boadilla del Monte,Valdepastores - Las Encinas,es,,40.4256224,-3.8903751,False,https://www.idealista.com/inmueble/107359680/,"Realizza, vende este fantástico chalet pareado en urbanización cerrada con seguridad 24h, con seguridad y privacidad que hace de este complejo una de las mas exclusivas urbanizaciones de la zona, con sistema de video vigilancia y control de accesos. Nada más entrar a la vivienda nos encontramos con el hall de entrada, a mano derecha hay una zona de despacho con mucha luz y una ventana al jardín exterior, a mano izquierda tenemos la cocina con luz natural, seguidamente se encuentra el aseo de visitas, y el salón con un fantástico tamaño para un comedor y una zona de tv con chimenea, desde el salón se accede al porche cerrado, para desfrutarlo en épocas de verano y al jardín el más grande la urbanización y goza de una fantástica piscina, zona de barbacoa y una pérgola para las comidas o cenas en verano que la hacen única. En la primera planta hay cuatro dormitorios y un baño, en la planta segunda nos encontramos con una bajo cubierta que se puede utilizar como zana de juegos y una pequeña terraza. En la planta sótano, nos encontramos con un garaje para dos coches, un zona de ocio co una barra y una lavandería.",True,renew,False,,2632.0,False,False,False,False,[],False,False,950000.0,€,chalet,"Valdepastores - Las Encinas, Boadilla del Monte",Chalet pareado,Top,True,True,,semidetachedHouse,,,
107900498,https://img4.idealista.com/blur/480_360_mq/0/id.pro.es.image.master/22/e3/0e/1311838370.webp,799-CR-18-Parcela 18,36,,795000.0,chalet,sale,234.0,,4,4,"avenida Víctimas del Terrorismo, 16",Madrid,Boadilla del Monte,Valenoso,es,,40.416791,-3.9135478,True,https://www.idealista.com/obra-nueva/107900498/,"¡VEN A VISITARNOS EN NUESTRO CHALET PILOTO! PONTE EN CONTACTO CON NOSOTROS PARA RESERVAR TU CITA. OBRA NUEVA ENTREGA INMEDIATA. Boadilla Class es la nueva propuesta residencial de Asentis en el municipio de Boadilla del Monte. 114 chalets, pensados por y para ti. Diseñados con precisión y dedicación para poder satisfacer y cubrir las necesidades de toda la familia. Ubicados en tres parcelas diferenciadas, Asentis pone a su alcance una amplia oferta de tipologías y soluciones de chalets de 5 dormitorios, configurados en tres plantas para que el espacio sea el protagonista de vuestra nueva casa. Para completar esta experiencia en la que el espacio es el verdadero articulador cada vivienda, todos los chalets de la promoción cuentan con amplias zonas exteriores privadas con superficies abarcan desde los 73 m2 a 370 m2, en las que poder disfrutar sin riesgos y a lo grande de la familia y los amigos. Calidad y distinción en cada acabado, donde la PIEDRA NATURAL es la auténtica protagonista de la fachada, ordenando y configurando el diseño exterior de los chalets, donde los últimos avances en energías limpias proporcionan el máximo confort climático mediante un sistema de SUELO RADIENTE Y REFRESCANTE, ubicado bajo un SOLADO PORCELÁNICO efecto madera de PORCELANOSA. Así mismo este sistema de suelo radiante y refrescante irá acompañado de una preinstalación de climatización compuesta por una RED DE CONDUCTOS y rejillas ubicados en el falso techo de la vivienda que darán servicio al salón-comedor así como a los dormitorios tanto de planta baja como de planta primera. De este modo, la eficiencia energética y la minimización de la huella de carbono han inspirado todas nuestras soluciones constructivas. Déjate sorprender por unas zonas comunes (gimnasio, juegos infantiles, pádel, piscina y zonas verdes) diseñadas en cada detalle para que tanto los mayores como los más pequeños puedan disfrutar en un espacio seguro de múltiples actividades. Tu nueva casa te está esperando en la mejor zona de Boadilla del Monte, ven a descubrirla.",False,newdevelopment,True,,3397.0,True,False,False,False,[],False,False,795000.0,€,chalet,"Valenoso, Boadilla del Monte","Chalet adosado en avenida Víctimas del Terrorismo, 16",Top,True,True,False,terracedHouse,,,
107980926,https://img4.idealista.com/blur/480_360_mq/0/id.pro.es.image.master/df/96/22/1330124615.webp,F2260,24,2,466300.0,flat,sale,119.0,True,3,2,"de la Ilusión, 52",Madrid,Madrid,Vicálvaro,es,El Cañaveral,40.4053859,-3.5539684,True,https://www.idealista.com/obra-nueva/107980926/,"Edificio Tabit IV cuenta con 89 viviendas de 2 y 3 dormitorios, todas con terrazas, bajos con jardín y espléndidos áticos. Todas las tipologías disponen, además, de trastero y plaza de garaje, con preinstalación eléctrica para carga de vehículos. Un complejo con unas zonas comunes espectaculares: bonitos jardines, piscina, área infantil, una zona social polivalente dotada de gimnasio para desarrollar una vida saludable, y gastroteca, donde promover los encuentros.  Los interiores de cada hogar se han cuidado al detalle, con un diseño inteligente de los espacios, y con la incorporación de las calidades constructivas y decorativas más exigentes: doble placa de yeso laminado, armarios vestidos con acabado textil, cuartos de baño alicatados por completo, cocinas equipadas con muebles altos y bajos, placa de inducción, campana extractora, horno y microondas.  Hogares eficientes, dotados de ventanales de gran tamaño para aprovechar al máximo la luz natural. Hogares comprometidos con el medio ambiente que, mirando al futuro y la sostenibilidad, incorporan la aerotermia en la climatización por suelo radiante y refrescante, proporcionando un ahorro máximo y un confort óptimo Situado en una ubicación excepcional, en la zona este de Madrid capital, en El Cañaveral, a tan solo 15 minutos de Atocha. Edificio Tabit IV ofrece un entorno que dispone de una gran variedad de supermercados, centros educativos, sanitarios y deportivos, además de una creciente oferta gastronómica y comercial, también cuenta con amplias zonas verdes como el Parque Central y el Bosque Metropolitano. Dispone de excelentes conexiones con varias líneas de autobuses, cercanías y acceso directo a la M-45 y R-3. ¡Contacta con nosotros y descubre los detalles de tu nuevo hogar!",False,newdevelopment,True,True,3918.0,True,False,False,False,[],False,False,466300.0,€,flat,"El Cañaveral, Madrid","Piso en de la Ilusión, 52",Top,True,True,False,,,,
108304652,https://img4.idealista.com/blur/480_360_mq/0/id.pro.es.image.master/cb/12/c1/1340123004.webp,THH3359,33,bj,555000.0,duplex,sale,127.0,True,1,2,calle del Doctor Espina,Madrid,Madrid,Carabanchel,es,Opañel,40.3889919,-3.7283147,False,https://www.idealista.com/inmueble/108304652/,"Este piso tiene mucha historia, ya que eran las antiguas cristalerías Oporto. El propietario actual, cuando era niño, se pasaba horas jugando aquí con sus amigos. Es increíble los pasados que pueden tener los pisos, todo lo que esconden. En este caso, una historia llena de cariño, tradición y familiaridad.   Este piso duplex tipo loft tiene 127m² construidos (54m² en planta superior y 64m² en planta inferior). Cuenta con un dormitorio doble con vestidor, dos baños completos, amplio salón-comedor, cocina abierta con isla equipada (y encimeras Dekton), despensa y una sala de lectura y/o despacho. El piso tiene preinstalación para aire acondicionado, persianas eléctricas y domotizadas, calefacción por gas natural y grandes ventanales oscilobatiente con vidrio triple. Está orientado al este/oeste, cuenta con suelo de microcemento y carpintería de hierro y escalera hecha a mano y tiene puerta de seguridad, así como dos entradas independientes. Se reformó en 2020. La finca es de 1965.   Ref: THH3359.",True,good,False,True,4370.0,True,False,True,False,[],False,False,555000.0,€,flat,"Opañel, Madrid",Dúplex en calle del Doctor Espina,Top,,,,duplex,,,
106405491,https://img4.idealista.com/blur/480_360_mq/0/id.pro.es.image.master/fe/46/12/1335343362.webp,M000461,30,5,3290000.0,flat,sale,195.0,True,3,4,calle de Don Ramón de la Cruz,Madrid,Madrid,Barrio de Salamanca,es,Recoletos,40.4271168,-3.6812639,False,https://www.idealista.com/inmueble/106405491/,"Moro Real Estate presenta en la exclusiva zona de Recoletos, en pleno corazón del Barrio de Salamanca, calle Don Ramón de la Cruz, este piso de 200 m² situado en una cuarta planta destaca por su elegancia, amplitud y luminosidad. Completamente reformado con materiales de alta calidad, esta propiedad es la opción ideal para quienes buscan un estilo de vida exclusivo en una de las áreas más prestigiosas de la capital. La distribución incluye un amplio y luminoso salón que se conecta con un gran comedor y una moderna cocina integrada, creando un espacio perfecto para la vida en familia o para recibir invitados. Cuarto de lavandería. La vivienda cuenta con tres habitaciones, cada una con su baño en suite, proporcionando privacidad y confort, además de un aseo de cortesía para visitas. Existe la posibilidad de plaza de garaje en el mismo edificio, una ventaja inigualable en esta zona tan demandada. Una oportunidad única de vivir en un entorno exclusivo, con todas las comodidades modernas, en una de las zonas más emblemáticas de Madrid. Moro Real Estate es una boutique inmobiliaria especializada en vivienda de lujo en zonas prime. Ofrecemos un servicio exclusivo donde prima la confidencialidad y el trato personalizado. Te acompañaremos en la búsqueda de tu vivienda soñada.",True,good,False,True,16872.0,True,False,True,False,[],False,False,3290000.0,€,flat,"Recoletos, Madrid",Piso en calle de Don Ramón de la Cruz,Top,True,True,,,,,
105503320,https://img4.idealista.com/blur/480_360_mq/0/id.pro.es.image.master/4d/36/fd/1334612731.webp,1001,45,1,1260000.0,flat,sale,149.0,True,3,2,Calle del Desengaño,Madrid,Madrid,Centro,es,Malasaña-Universidad,40.4218816,-3.704661,False,https://www.idealista.com/inmueble/105503320/,"20punto20 Realty Boutique presenta esta exclusiva propiedad en el corazón de Chueca! Descubre esta impresionante vivienda de 150m2 ubicada en un encantador edificio histórico de 1900 en el vibrante barrio de Chueca. Recientemente reformada con acabados de alta gama, esta propiedad destaca por su elegancia y modernidad, sin perder el encanto del pasado. Características destacadas: Espacios Luminosos: Disfruta de una increíble luminosidad gracias a sus cinco balcones que dan a la calle, proporcionando una atmósfera única y llena de personalidad. Amplia Distribución: La vivienda cuenta con 3 habitaciones, incluyendo una suite principal con baño privado. Las otras dos habitaciones comparten un baño completos, asegurando comodidad y privacidad para todos los residentes. Reforma de Alta Calidad: La reciente reforma ha dotado a la propiedad de materiales y acabados de primera calidad, creando un hogar sofisticado y funcional. Exención de IBI: Al encontrarse en un edificio histórico, esta propiedad está exenta de pagar el Impuesto sobre Bienes Inmuebles (IBI), ofreciendo un ahorro significativo. Existe la posibilidad de comprarla amueblada tal y como se muestra en las fotos.  Ubicada en una de las zonas más deseadas de Madrid, esta propiedad es perfecta para aquellos que buscan vivir en el centro de la ciudad con todas las comodidades modernas. La vida urbana se combina con la tranquilidad de un hogar lleno de luz y estilo. ¡No pierdas la oportunidad de visitar esta joya única en Chueca!",False,good,False,True,8456.0,True,False,True,False,[],False,False,1260000.0,€,flat,"Malasaña-Universidad, Madrid",Piso en Calle del Desengaño,Top,,,,,,,
108901394,https://img4.idealista.com/blur/480_360_mq/0/id.pro.es.image.master/3d/dd/89/1358389730.webp,VM2507081,5,5,670000.0,flat,sale,55.0,False,1,1,Barrio Chueca-Justicia,Madrid,Madrid,Centro,es,Chueca-Justicia,40.4273967,-3.6999057,False,https://www.idealista.com/inmueble/108901394/,"EXCLUSIVA VIVIENDA A ESTRENAR EN PLENO BARRIO DE JUSTICIA Presentamos esta magnífica propiedad reformada integralmente, ubicada en una de las zonas más codiciadas de Madrid: la calle Sagasta, en el corazón del barrio de Justicia. Se trata de una quinta planta interior, pero muy luminosa gracias a su ubicación en la última planta del edificio y a sus ventanas que ofrecen encantadoras vistas despejadas a los tejados de las históricas fincas de la zona. La vivienda, de diseño contemporáneo y materiales de alta calidad, se distribuye en un acogedor salón-comedor con cocina integrada, un dormitorio principal con un amplio vestidor (con posibilidad de crear un segundo ambiente independiente), y un baño completo. Además, incluye un trastero de 6 m² en la planta superior (sexta), que se podría conectar directamente al piso, aportando aún más funcionalidad y valor a la propiedad. Situada en una finca señorial de 1910, con ascensor y servicio de portería física, esta propiedad combina el encanto clásico de los edificios históricos madrileños con las comodidades del diseño moderno. La ubicación no puede ser más privilegiada: el barrio de Justicia es sinónimo de exclusividad, estilo de vida cosmopolita y alta demanda tanto para residencia habitual como para inversión. Rodeado de boutiques de autor, galerías de arte, restaurantes de moda y perfectamente comunicado, este piso representa una oportunidad única en una de las zonas más vibrantes y sofisticadas de la capital. Ideal tanto para vivir como para invertir, en uno de los enclaves con mayor proyección y rentabilidad de Madrid. ¿Te imaginas vivir aquí?  Contacte con nosotros para ver más inmuebles similares.",False,good,False,True,12182.0,True,False,False,False,[],False,False,670000.0,€,flat,"Chueca-Justicia, Madrid",Piso,Top,,,,,,,
107995867,https://img4.idealista.com/blur/480_360_mq/0/id.pro.es.image.master/db/61/15/1330589709.webp,100091073,16,1,872100.0,flat,sale,125.0,,2,2,"calle de Mesena, 80",Madrid,Madrid,Hortaleza,es,Pinar del Rey,40.4660328,-3.6628069,True,https://www.idealista.com/obra-nueva/107995867/,"¡En construcción! “Obra nueva en Madrid, Mesena 80” Mesena 80 es un proyecto de viviendas premium en una de las zonas más privilegiadas de Madrid, muy próximo a Arturo Soria. Consta de 96 magníficas viviendas de 1,2, 3 y 4 dormitorios distribuidas en dos edificios de vanguardia y cuidado diseño. Situada en un entorno urbano consolidado y con una inmejorable situación dada su cercanía a centros escolares, asistenciales y comerciales. Está dotada de excelentes servicios comunes como piscina exterior, piscina interior climatizada, gimnasio, salón social, zona de juegos infantiles y zonas de descanso rodeado de zonas verdes en un entorno privado totalmente cerrado. Son edificios de 7 plantas con impresionantes áticos con terraza y magníficas vistas. Adaptadas a las nuevas necesidades que exige el mercado actual, las viviendas contarán con grandes terrazas, plazas de garaje y trastero. Los salones cuentan con grandes ventanales para crear ambientes agradables y luminosos y generosas terrazas para disfrutar de unas vistas despejadas. Los cuidados interiores se mezclan con la vanguardia y el diseño de sus zonas comunes.  Las viviendas diseñadas por el arquitecto Carlos Lamela utilizan elegantes materiales, en consonancia con su moderno estilo. Aúnan un óptimo mantenimiento y durabilidad con altas prestaciones de confort térmico y acústico: máxima calificación de eficiencia energética Nivel A, certificado BREEAM, suelo radiante refrescante, excelentes aislamientos termo-acústicos, doble orientación, recuperador de calor, geotermia, cocinas y armarios totalmente equipados ¡Y mucho más!",True,,True,True,6977.0,True,False,False,False,[],False,False,872100.0,€,flat,"Pinar del Rey, Madrid","Piso en calle de Mesena, 80",Top,True,True,False,,,,
106842892,https://img4.idealista.com/blur/480_360_mq/0/id.pro.es.image.master/6f/6f/68/1295943051.webp,,78,,1390000.0,chalet,sale,697.0,,6,6,calle de Algete,Madrid,Santo Domingo,,es,,40.6370461,-3.5753932,False,https://www.idealista.com/inmueble/106842892/,"Excepcional Chalet, con muy buena distribución y espléndidas vistas a la sierra. Las piscinas se ubican en una zona independiente de la parcela.  Vivienda unifamiliar aislada, de tres plantas, una planta semisótano destinada a garaje, instalaciones y servicio, una planta baja destinada a vivienda con hall, despacho y aseo, salón comedor, cocina con despensa y sala de estar, y una planta primera destinada a vivienda con dos salas de estar, cinco dormitorios y cuatro cuartos de baño y cuatro terrazas cubiertas y cerradas.  Cada una de las plantas se divide en dos entresuelos conectados por un tramo de escaleras. Existen además seis porches cubiertos, uno en planta semisótano en el patio de acceso, y cinco en planta baja.  La superficie construida total de la vivienda es de 659,22 m2, distribuidos de la siguiente manera: 213,87 m2 en planta semisótano, de los cuales 15,56 m2 corresponden al porche del patio de acceso; 238,93 m2, en planta baja, de los cuales 74,09 m2 corresponden a los porches y 206,42 m2 en planta primera.  La parcela también cuenta con dos piscinas con una superficie aproximada de 71 y 12 m2 respectivamente. Dispone de barbacoa.  Podemos enviarle los planos y los detalles de las superficies de cada planta.  Ciudad Santo Domingo es una urbanización situada al noreste de Madrid, a la que se accede directamente desde la carrera nacional N1, en la salida del Km28. Fue fundada en 1976 por un conjunto de ingenieros de caminos -de ahí su nombre- con una indudable visión técnica y de futuro, que le ha permitido convertirse en el actual conjunto residencial, muy apreciado y consolidado, y que, actualmente, integran un millar de chalets. Ciudad Santo Domingo cuenta con su propio equipo de seguridad 24/7 y vigilancia perimetral, así como con la presencia de una patrulla policía municipal de proximidad. Mediante un sistema de pozos, regulados informáticamente con energía fotovoltaica, Santo Domingo, dispone de red propia de abastecimiento y distribución de agua, junto con su ciclo completo de depuración (EDAR). El suministro se complementa con una segunda red de agua del Canal CYII. La urbanización está dotada de un punto limpio y de un sistema de recogida de poda, ambos de titularidad Municipal. La Comunidad mantiene un botiquín de primeros auxilios abierto todas las tardes y noches del año. En su zona comercial, sin salir de la urbanización, los vecinos de Ciudad Santo Domingo encuentran múltiples servicios: supermercado, frutería, pescadería, banco, librería, estanco, tiendas de complementos, peluquerías, taller mecánico, agencias inmobiliarias, clínica veterinaria, consultorio de seguros médicos, oficina de correos, centro médico de atención primaria de la Seguridad Social, entre otros, así como una amplia oferta de hostelería. La parroquia de Santo Domingo de la Calzada dota de servicios religiosos con su iglesia dentro de la urbanización. El ayuntamiento de Algete dispone igualmente de una oficina de atención al vecino en la propia urbanización. El conjunto residencial se complementa con varios parques y encinares de gran extensión; y para los más jóvenes: un parque infantil y deportivo y un skate park. Club de tenis con campo de entrenamiento de golf, club social….  Muy buena oferta educativa, incluido bachillerato. Autobús privado con destino a Plaza de Castilla, Alcobendas y San Sebastián de los Reyes. El moderno Hospital Infanta Sofía se encuentra a 15 minutos en coche.  Estamos a su disposición para enseñarle la finca. Rogamos contacten por mail.",False,renew,False,,1994.0,True,False,True,False,[],False,False,1390000.0,€,chalet,Santo Domingo,Casa independiente en calle de Algete,Top,True,True,,independantHouse,,,
108592921,https://img4.idealista.com/blur/480_360_mq/0/id.pro.es.image.master/3b/a9/0c/1349397438.webp,V08143.3,29,,899500.0,chalet,sale,350.0,,6,4,Barrio El Burgo,Madrid,Las Rozas de Madrid,El Burgo,es,El Burgo,40.4905625,-3.8792296,False,https://www.idealista.com/inmueble/108592921/,"LAS ROZAS, BURGO. GRAN CHALET ADOSADO con 350 m² construidos, 6 dormitorios, salón de mas de 45 m2 con chimenea, cocina con office, 3 cuartos de baño + aseo, zona de servicio, garaje para varios coches y jardín privado de 40 m². En una de las mejores urbanizaciones de Las Rozas con amplios y cuidados jardines, salones sociales, gimnasio, sauna, grandes piscinas, 2 pistas de Paddle y gran variedad de servicios al lado.",False,good,False,,2570.0,True,False,True,False,[],False,False,899500.0,€,chalet,"El Burgo, Las Rozas de Madrid",Chalet adosado,Top,True,True,,terracedHouse,915000.0,15500.0,2.0
108358058,https://img4.idealista.com/blur/480_360_mq/0/id.pro.es.image.master/7d/52/c7/1341716549.webp,1057,84,2,1680000.0,penthouse,sale,312.0,True,5,4,calle del Carril de los Caleros,Madrid,Madrid,Moncloa,es,Aravaca,40.4604388,-3.7967722,False,https://www.idealista.com/inmueble/108358058/,"20Punto20 Realty Boutique  Pone a la venta en EXCLUSIVA este espectacular Ático Dúplex de diseño en una de las mejores urbanizaciones de Aravaca.   La vivienda presenta una superficie construida de 312 m², incluyendo zonas comunes, y una superficie útil de 200 m². Más una terraza en la planta ático de 106 m2. La planta baja se distribuye en cinco dormitorios, cuatro cuartos de baño completos, salón-comedor, cocina equipada y una terraza de 18,7 m².   En la planta ático se encuentra la impresionante terraza que ha sido diseñada y reformada íntegramente.   Tiene 106 m2, consta de tres ambientes diferenciados y una segunda cocina de 10m2 que da servicio a esta zona de la vivienda. Tiene unas vistas espectaculares.   El dormitorio principal dispone de vestidor y cuarto de baño en suite. La vivienda cuenta con tres dormitorios adicionales y dos cuartos de baño completos. La cocina está totalmente equipada y la zona de servicio está compuesta por un dormitorio con cuarto de baño en suite. La urbanización dispone de una amplia gama de instalaciones de lujo: piscina tipo lago, pista de pádel, gimnasio, campo de golf de lanzamiento, zona deportiva con campo de fútbol sala, cancha de baloncesto/pista de patinaje, parque infantil y sala común. Todo ello con la tranquilidad que proporciona la vigilancia 24 horas. El inmueble incluye dos plazas de garaje y un trastero en el precio. La vivienda cuenta con domótica, aire acondicionado por conductos y calefacción individual por suelo radiante.",False,good,False,True,5385.0,True,False,True,False,[],False,False,1680000.0,€,flat,"Aravaca, Madrid",Ático en calle del Carril de los Caleros,Top,True,True,,penthouse,,,
108348550,https://img4.idealista.com/blur/480_360_mq/0/id.pro.es.image.master/85/05/36/1341428021.webp,VI-1-BJ-D,23,bj,1367000.0,flat,sale,130.0,True,3,2,"avenida de Europa, 19",Madrid,Pozuelo de Alarcón,Zona Avenida Europa,es,Zona Avenida Europa,40.441855,-3.7883879,True,https://www.idealista.com/obra-nueva/108348550/,"TU NUEVO HOGAR EN POZUELO DE ALARCÓN. Te esperamos en la Avenida de Europa 24.  Bienvenido a ARGIS North Park, una exclusiva promoción de OBRA NUEVA en Pozuelo de Alarcón que redefine el concepto de hogar. Viviendas diseñadas para un estilo de vida único que ofrecen el equilibrio perfecto entre confort, calidad y serenidad en este residencial exclusivo.  Ubicado en un entorno privilegiado, ARGIS North Park te invita a descubrir viviendas de 2, 3 y 4 dormitorios con amplias terrazas, jardines privados y acogedores áticos que te conectan con el exterior en un ambiente tranquilo y privado. Cada detalle ha sido pensado para crear un espacio que inspire calma y armonía, lejos del ruido y el estrés.  Disfruta de momentos de desconexión en la exclusiva piscina exterior, un auténtico oasis de tranquilidad. Mantén tu rutina saludable en el gimnasio completamente equipado o crea recuerdos inolvidables en la gastroteca, ideal para compartir con amigos y familiares en un ambiente acogedor. Todo ello en un residencial concebido para ofrecer privacidad, comodidad y una vida en armonía con el entorno.  La sostenibilidad es parte esencial de ARGIS North Park. Equipado con avanzados sistemas de aerotermia, este residencial no solo garantiza un bajo consumo energético, sino que también respeta y cuida el medio ambiente. Aquí, confort y sostenibilidad se encuentran en perfecta sintonía.  Situado en plena Avenida de Europa, ARGIS North Park combina accesibilidad y tranquilidad. Una ubicación privilegiada que ofrece excelentes conexiones al centro de Madrid y la comodidad de tener a escasos metros de tu hogar tiendas, servicios, espacios verdes junto a bulevares arbolados o el Centro Comercial Zielo, que convierten a esta promoción en la elección perfecta para quienes buscan vivir en una de las mejores zonas de Pozuelo de Alarcón.  ARGIS North Park no es solo un hogar, es un refugio exclusivo donde la serenidad, la privacidad y la comodidad se unen para ofrecer una experiencia inigualable. Tu futuro oasis para desconectar.  Ven a visitarnos a nuestro punto de venta oficial situado en la Avenida de Europa 24 o llama para concertar una cita con nuestro equipo de atención al cliente.",False,,True,True,10515.0,True,False,False,False,[],False,False,1367000.0,€,flat,"Zona Avenida Europa, Pozuelo de Alarcón","Piso en avenida de Europa, 19",Top,True,True,False,,,,
107828315,https://img4.idealista.com/blur/480_360_mq/0/id.pro.es.image.master/bb/28/cd/1325535409.webp,FRP-4507,41,3,949000.0,flat,sale,132.0,True,2,2,calle Mayor,Madrid,Madrid,Centro,es,Palacio,40.4137725,-3.712025,False,https://www.idealista.com/inmueble/107828315/,"CON TODO EL SABOR DE MADRID.   PRÁCTICAMENTE A ESTRENAR, COQUETA VIVIENDA EN TERCERA PLANTA DE DOS DORMITORIOS DOBLES Y DOS AMPLIOS CUARTOS DE BAÑO. Exquisito piso exterior en la exclusiva zona de Palacio, una de las zonas mas emblemáticas de Madrid. Finca representativa y rehabilitada exenta de IBI. SI TIENE ASCENSOR. El PISO Piso exterior completamente reformado con orientación sur-este de dos dormitorios, despacho, vestidor y dos baños, uno en suite. De origen tres dormitorios. El salón-comedor con mas de cuarenta metros se convierte en el corazón de la vivienda.  La cocina con todos los electrodomésticos (Nevera, lavavajillas, extractor decorativo, horno y microondas). Espacioso cuarto en office oculto para lavadora, secadora y aperos. Agua caliente por gas natural, calefacción individual, aire acondicionado por conducto en todas las estancias.   Dispone de dos amplios dormitorios, uno en suite con amplio vestidor y despacho en estudio biblioteca, el otro doble con gran armario empotrado. Ventanas con rotura de puente térmico y acústico climalit. Suelos de madera maciza. Altas calidades.  Conserje en finca representativa completamente rehabilitada. Exenta de IBI. Gastos de comunidad: 240€ LA ZONA   La Calle Mayor de Madrid es una de las vías más emblemáticas y apasionantes de la ciudad, cargada de historia, anécdotas y tradición. Animado punto de encuentro tanto para madrileños como para turistas, es una de las arterias principales de la ciudad desde su fundación. Su historia se remonta al Madrid medieval, cuando la ciudad aún era una pequeña urbe amurallada. Durante siglos, fue la vía que conectaba el centro político y religioso, el Alcázar Real y la Iglesia de Santa María, con las salidas a la ciudad y el campo. Se extiende desde la Puerta del Sol hasta el Parque del Emir Mohamed I, donde empieza la Cuesta de la Vega, formando parte del casco antiguo de la ciudad y en su recorrido se encuentran algunos de los monumentos más importantes del centro histórico.  A lo largo de sus 500 metros, es posible descubrir palacios, iglesias, edificios modernistas y rincones que maravillan y cuentan la historia de Madrid, desde sus orígenes medievales hasta su modernización en el siglo XX.  Este es el sitio en que se encuentra este piso alto con orientación sur este. Finca rehabilitada. Consta de Salón comedor. Dos dormitorios dobles, y dos baños uno de ellos en suite. Estudio biblioteca. Cocina independiente totalmente equipada y pequeño office. Estar en Madrid, vivir Madrid.",False,good,False,True,7189.0,True,False,True,False,[],False,False,949000.0,€,flat,"Palacio, Madrid",Piso en calle Mayor,Top,,,,,,,
104863547,https://img4.idealista.com/blur/480_360_mq/0/id.pro.es.image.master/ca/47/c1/1309832594.webp,5ºB,30,5,3300000.0,penthouse,sale,287.0,True,4,4,"calle Padilla, 66",Madrid,Madrid,Barrio de Salamanca,es,Lista,40.4309256,-3.6744854,True,https://www.idealista.com/obra-nueva/104863547/,"Ubicada en Be Grand Distrito Salamanca, un residencial de obra nueva en un elegante edificio rehabilitado de los años 30. La propiedad ofrece 4 dormitorios, 4 baños, cocina equipada, 2 plazas de garaje, trastero y una terraza privada con jacuzzi. Dispone de doble altura en el salón, comedor y cocina, así como una excepcional luminosidad en todos sus espacios. El edificio cuenta con zonas comunes de alto nivel: piscina y gimnasio, para disfrutar de confort y exclusividad en pleno corazón de Madrid.",True,newdevelopment,True,True,11498.0,True,False,False,False,[],False,False,3300000.0,€,flat,"Lista, Madrid","Ático en calle Padilla, 66",Top,True,True,False,penthouse,,,
