propertyCode,thumbnail,externalReference,numPhotos,floor,price,propertyType,operation,size,exterior,rooms,bathrooms,address,province,municipality,district,country,neighborhood,latitude,longitude,showAddress,url,description,hasVideo,status,newDevelopment,hasLift,priceByArea,hasPlan,has3DTour,has360,hasStaging,notes,topNewDevelopment,topPlus,priceInfo.price.amount,priceInfo.price.currencySuffix,detailedType.typology,suggestedTexts.subtitle,suggestedTexts.title,newDevelopmentFinished,detailedType.subTypology,parkingSpace.hasParkingSpace,parkingSpace.isParkingSpaceIncludedInPrice,priceInfo.price.priceDropInfo.formerPrice,priceInfo.price.priceDropInfo.priceDropValue,priceInfo.price.priceDropInfo.priceDropPercentage,parkingSpace.parkingSpacePrice
106444349,https://img4.idealista.com/blur/480_360_mq/0/id.pro.es.image.master/26/58/6e/1315158160.webp,06657,30,2,1479000.0,flat,sale,136.0,True,3,3,calle de Hermosilla,Madrid,Madrid,Barrio de Salamanca,es,Goya,40.4254713,-3.6761291,False,https://www.idealista.com/inmueble/106444349/,"Este luminoso y espacioso piso exterior está ubicado en la segunda planta de un edificio con ascensor en pleno corazón de Salamanca. Actualmente en obras, la vivienda se presenta como una excelente oportunidad para personalizar cada rincón a tu gusto. La propiedad cuenta con tres amplias habitaciones y tres baños, asegurando el confort y la privacidad de todos los miembros de la familia. La cocina está totalmente equipada y amueblada, lista para inspirar a cualquier chef aficionado. Disfruta de las vistas desde el balcón, perfectos para momentos de tranquilidad al aire libre. Con una ubicación inmejorable en el prestigioso barrio de Salamanca, estarás rodeado de tiendas exclusivas, restaurantes de alta cocina y todos los servicios necesarios para una vida cómoda y sofisticada. No dejes pasar esta oportunidad única de vivir en una de las zonas más codiciadas de Madrid.",False,good,False,True,10875.0,True,False,False,False,[],False,False,1479000.0,€,flat,"Goya, Madrid",Piso en calle de Hermosilla,,,,,,,,
106830324,https://img4.idealista.com/blur/480_360_mq/0/id.pro.es.image.master/61/98/f7/1264270303.webp,29 Tipo A,13,,296000.0,chalet,sale,129.0,,3,3,avenida De Los Rosales s/n,Madrid,Torrelaguna,,es,,40.8271222,-3.5428692,True,https://www.idealista.com/obra-nueva/106830324/,"El proyecto Nortelaguna presenta 31 chalets unifamiliares de obra nueva pareados y adosados con dos tipologías, ambas de 3 dormitorios. Las viviendas cuentan con diversas orientaciones y están situadas en parcelas que varían entre los 320 m² y 350 m².  Esta promoción se ofrece, con precio cerrado y en promoción directa, como la mejor opción de obra nueva en Torrelaguna, al no tener que asumir ningún riesgo el comprador de las viviendas.  Ubicada en la Sierra Norte de Madrid, este municipio posee centros de salud, colegios, oferta comercial y excelente gastronomía. Su patrimonio arquitectónico medieval le ha valido la distinción de Monumento Histórico Artístico Nacional.  La calidad de vida se respira en el proyecto de Nortelaguna, donde el valor de su localización se combina con su diseño, concebido para el máximo aprovechamiento funcional y el mejor confort. Las viviendas disponen de unos 120 m2 construidos interiores más terrazas y porches, distribuidos según tipologías; dormitorio en planta baja y dos en planta primera, o los tres dormitorios en planta primera. La cocina abierta al salón-comedor establece continuidad con el porche para acceder con facilidad a los jardines de 170 m2 hasta 212 m2, según parcela, para disfrutar al aire libre con amigos y familia momentos inolvidables.   En este proyecto con buenas calidades destaca de manera especial la climatización con aerotermia por suelo radiante-refrescante. Con este sistema se logra en Nortelaguna mayor eficiencia energética y confort térmico en el interior de las viviendas, lo que permitirá un significativo ahorro en las facturas de calefacción y refrigeración, reduciendo al mismo tiempo las emisiones de CO₂ y el impacto ambiental.    Localización: El proyecto Nortelaguna se encuentra en el municipio de Torrelaguna en la Sierra Norte de Madrid, a 60 km del centro de Madrid por la A-1, a 48 km de la ciudad de Guadalajara, a 32 km de Buitrago de Lozoya y a 28 km de Guadalix. Aunado a sus buenas comunicaciones en coche, Torrelaguna posee líneas de buses suburbanos hacia diversos puntos de la ciudad que le comunican con Metro Madrid.  La ubicación del proyecto Nortelaguna permite acceder con facilidad al variado entorno natural de la Sierra, tanto para disfrutar de paisajes como para la práctica de múltiples deportes en cualquier época del año (senderismo, ciclismo o piragüismo, entre otros), sin renunciar a la vida práctica de tener a un paso de casa opciones de servicios, en un lugar tranquilo e histórico que incluso aún conserva calles empedradas.",False,,True,,2295.0,True,False,False,False,[],False,False,296000.0,€,chalet,Torrelaguna,Chalet adosado en avenida De Los Rosales s/n,False,terracedHouse,,,,,,
107625826,https://img4.idealista.com/blur/480_360_mq/0/id.pro.es.image.master/8f/87/0f/1267155861.webp,2D PLANTA PRIMERA,11,1,335000.0,flat,sale,82.0,True,2,2,paseo de la Convivencia s/n,Madrid,Torrejón de Ardoz,Sureste,es,,40.4512184,-3.4522824,True,https://www.idealista.com/obra-nueva/107625826/,"Le presentamos Aires de Torrejón, un proyecto diseñado con los mayores estándares de calidad y bienestar y cuya arquitectura está llamada a ser protagonista en Torrejón de Ardoz. Una promoción única que aguarda 14 magníficas viviendas exteriores, de dos dormitorios con terraza, que buscan el beneficio máximo de la luz natural y que están pensadas para ser vividas y disfrutadas con la mayor comodidad.  El proyecto explora y persigue la máxima conexión del edificio con la belleza exterior del cuidado paisajismo. La ubicación se convierte en el destino predilecto de muchas familias que buscan vivir en una zona tranquila con unas conexiones únicas y rodeada de grandes parques. Aires de Torrejón cuenta con 14 viviendas de 2 dormitorios, que crean una sensación de armonía con el exterior contando con amplias terrazas. La elegante volumetría con la que ha sido diseñado busca al máximo el aprovechamiento de la iluminación natural, mediante amplios ventanales creando la máxima conexión con el exterior. El Aires de Torrejón con una selección de las mejores estancias comunitarias y servicios, creados como espacios únicos que ofrecen experiencias centradas en el bienestar y disfrute de la comunidad: un cenador y chill out, una zona de descanso equipada con sofás con vistas a las zonas verdes, hará que cada minuto compartido con amigos o familia, sea un recuerdo imborrable. Se trata de un edificio de viviendas diseñado buscando una mayor eficiencia para un bajo consumo energético que favorece el uso racional de la energía, cuidando al mismo tiempo el medio ambiente, la calidad y el confort climático dentro de la vivienda. La vivienda contará con la máxima calificación energética: calificación A tanto en consumo como en emisiones. Deseamos que disfrute del máximo bienestar, por lo que le ofrecemos viviendas de primera calidad: una construcción de diseño contemporáneo para la que Amenabar ha contado con la experiencia y el saber hacer del prestigioso estudio F&G Arquitectos, encargado del proyecto arquitectónico.  Ofrecemos además un servicio de personalización mediante el cual el equipo de arquitectos de Amenabar le asesorará en todo lo que necesite para adaptar la vivienda a sus preferencias, dentro de las opciones ofrecidas en el programa propio. La entrega de las viviendas está prevista para finales del 2026. Adicionalmente contamos con otra promoción en Torrejón de Ardón, Jardines de Torrejón un proyecto diseñado con los mayores estándares de calidad y bienestar y cuya arquitectura está llamada a ser protagonista en Torrejón. Una promoción única que aguarda 122 magníficas viviendas exteriores, de dos y tres dormitorios con terraza, que buscan el beneficio máximo de la luz natural y que están pensadas para ser vividas y disfrutadas con la mayor comodidad.  Le invitamos a visitar la página web de la promoción donde podrá encontrar tanto los planos de las viviendas disponibles (2 y 3 dormitorios) como imágenes de la promoción. Así mismo, si desea ampliar la información puede reservar una cita, tanto presencial como por videollamada, en el apartado ""Reserve su cita"" en la web o el siguiente enlace o contactándonos en el teléfono.",False,,True,True,4085.0,True,False,False,False,[],False,False,335000.0,€,flat,"Sureste, Torrejón de Ardoz",Piso en paseo de la Convivencia s/n,False,,True,True,,,,
108656213,https://img4.idealista.com/blur/480_360_mq/0/id.pro.es.image.master/63/57/49/1357573581.webp,9635001311,43,1,1400000.0,flat,sale,236.0,True,4,2,"avenida de América, 37",Madrid,Madrid,Chamartín,es,Prosperidad,40.4398635,-3.6719725,True,https://www.idealista.com/inmueble/108656213/,"¡EXCLUSIVO PISO DE 236m2 EN EL EMBLEMÁTICO EDIFICIO TORRES BLANCAS, con 4 dormitorios y 2 baños completos. ORIGINAL PISCINA EN LA AZOTEA CON VISTAS ESPECTACULARES DE MADRID. VIGILANCIA Y PORTERÍA 24H! Os presentamos esta EXCELENTE oportunidad de invertir en una PROPIEDAD SINGULAR, con un precioso e inigualable diseño. El edificio de TORRES BLANCAS, una obra arquitectónica de estudio en universidades, fue diseñado por el prestigioso arquitecto Francisco Javier Sáenz de Oiza y ganó el premio de la Excelencia Europea en 1974.  Se trata de un edificio en el que confluyen el LUJO Y LA SINGULARIDAD, que cuenta con una bonita y original PISCINA, UBICADADA EN LA AZOTEA, la planta 22, desde donde se puede disfrutar de una panorámica 360 grados de Madrid, las VISTAS MÁS ESPECTACULARES de la capital. Dispone, además, de zonas ajardinadas y portero físico durante las 24 horas del día. La propiedad puede ser usada como una preciosa y confortable vivienda o puede acoger una amplia oficina, ya que es uno de los pocos inmuebles en el edificio que dispone de los permisos para uso mercantil.  DISTRIBUCIÓN: El inmueble está compuesto por: -Hall de entrada de 18m2 -Distribuidor de 14m2. -Dos amplios salones de 30m2 y 27m2. Los cuales actualmente son independientes mediante cristalera. Estos espacios se podrían unir, convirtiéndose en un espacio único. -Cocina independiente de 20m2. -4 dormitorios con armarios empotrados de 30m2, 9m2, 11m2 y 7m2. -2 baños completos de 8m2 y 3m2. CALIDADES: -Suelos de parquet. -Baños de gresite. -Carpintería de madera tanto interior como exterior. -Aire acondicionado con bomba de calor. -Calefacción central con contador independiente. GASTOS: -IBI: 1.171 € anual. -Comunidad: 400 € mensuales. Características destacadas: •236 m² construidos distribuidos en estancias amplias y de gran originalidad arquitectónica. •4 dormitorios, con posibilidad de ampliar a 5.  •Salón comedor muy espacioso y luminoso, con acceso a un precioso ventanal de cristal con forma circular. Amplio dormitorio principal con un ventanal con vistas al jardín. Singular y bonita piscina en la azotea con espectaculares vistas de Madrid. -Control videovigilancia y porteria 24h. El edificio se encuentra situado en una zona que cuenta con todos los servicios, colegios, supermercados, parada de metro, autobuses y fácil acceso en coche a la M30 y M40.",True,good,False,True,5932.0,True,False,True,False,[],False,False,1400000.0,€,flat,"Prosperidad, Madrid","Piso en avenida de América, 37",,,True,True,,,,
108149355,https://img4.idealista.com/blur/480_360_mq/0/id.pro.es.image.master/51/e7/5f/1273826733.webp,1ºA,6,1,420000.0,flat,sale,108.0,True,3,2,"calle SANTA CLARA, 10",Madrid,San Lorenzo de El Escorial,Abantos - Carmelitas,es,,40.5954752,-4.1421639,True,https://www.idealista.com/obra-nueva/108149355/,"""Los Jardines de San Lorenzo"" es un nuevo proyecto residencial en un espacio natural privilegiado de la Sierra de Guadarrama.  La promoción contempla la edificación de 8 viviendas con trastero, piscina y 9 plazas de aparcamiento, en régimen de vivienda libre.  Está organizada en un edificio independiente, bajos de cota alta con jardín, primeros en planta y segundos en dúplex en planta y bajo cubierta. Viviendas La tipología de las viviendas son de 3 dormitorios en la totalidad de sus diferentes unidades. Las viviendas contarán con: • Plazas de aparcamiento y trastero, incluidos en el precio • Jardín y piscina comunitarios • Ascensor en todos los niveles • Climatización frío y calor, con sistema de aerotermia y suelo refrescante • Cocinas amuebladas y equipadas con electrodomésticos (horno, microondas, campana,  placa de inducción, lavadora-secadora, lavavajillas y frigorífico) • Carpintería exterior con doble acristalamiento y rotura de puente térmico • Carpintería de interior con puertas macizas y armarios • Acabados interiores de primera calidad Sagelliv con más de 25 años de experiencia, es fiel a su filosofía de trabajo: “Con dedicación, creando hogares” Ponemos a su disposición nuestro equipo de trabajo en nuestras oficinas, siempre con cita previa: • Plaza de la Villa, 14 - 1º Loeches – Madrid. • C/Quiterio López, 5 – 1º D El Escorial – Madrid.",False,newdevelopment,True,True,3889.0,True,False,False,False,[],False,False,420000.0,€,flat,"Abantos - Carmelitas, San Lorenzo de El Escorial","Piso en calle Santa Clara, 10",False,,True,True,,,,
108764655,https://img4.idealista.com/blur/480_360_mq/0/id.pro.es.image.master/4f/db/27/1354464440.webp,H-NA9,26,3,425000.0,flat,sale,47.0,False,2,1,calle de Núñez de Arce,Madrid,Madrid,Centro,es,Huertas-Cortes,40.4162093,-3.7019383,False,https://www.idealista.com/inmueble/108764655/,"ALMANOVA EVOLUCIÓN INMOBILIARIA “Nuestra alma renació para evolucionar el concepto de la gestión inmobiliaria a un modelo más eficiente"". Adecuando los precios a cada momento de mercado. Evolucionamos el barrio desde el año 2004, junto a ti! Ofrecemos en esta ocasión: Piso recién reformado de 1 dormitorio principal, con armario empotrado, una segunda estancia que actualmente se utiliza de despacho con zona de descanso en altillo, salón, cocina semiindependiente y baño. Ambas estancias con ventana a patio. El salón es muy luminoso y cuenta con amplios ventanales con vistas a patio. Reformado recientemente con paredes lisas, suelos de cementos pulido y ventanas de climalit. Techos altos (3.20m) y bomba de aire acondicionado Finca del siglo XIX en proceso de rehabilitación. Trabajos del tejado y de la pocería terminados. Instalación del ascensor aprobada en la Junta de Comunidad de vecinos y propuesta al Ayuntamiento. A 2 min de La Puerta del Sol y a 100m de la Plaza de Santa Ana. En el Barrio de Las Letras, que cuenta en sus alrededores con espacios ajardinados como El Paseo del Prado y el Real Jardín Botánico, tiene tráfico reducido a residentes, convirtiendo así la zona en un pulmón para la ciudad, con un aire más limpio y menos ruidoso en un entorno más acogedor. Rodeado por las principales atracciones turísticas, como el Museo del Prado, Caixa Forum, El Museo Nacional Thyssen-Bornemisza y en Museo Reina Sofía, entre los más concurridos. Sin olvidarnos de la estación Puerta de Atocha, desde la que podrás desplazarte en un par de horas a cualquier punta de España. Cumplimos 20 años en el barrio prestando un servicio sincero y eficaz a nuestros vecinos. Contamos con 2 oficinas a su disposición en las principales columnas vertebrales del barrio, Calle Atocha 28, ""la esquina"" (enfrente de la Parroquia de San Sebastián) y Calle Huertas 57, llegando al Paseo Del Prado. ¿QUIERES SABER CUÁNTO VALE TU INMUEBLE? NUESTRO PRINCIPAL VALOR ES LA CLARIDAD CON FUNDAMENTO. Solicita tu valoración profesional y gratuita. Vende ahora, no pierdas el momento! Somos la evolución inmobiliaria! Trabajamos precio justo, no nos equivocamos. Nuestro trabajo no es publicar inmuebles sino venderlos y en menos de 60 días. Comprueba nuestra eficacia, demostrable! Desde el año 2004 junto a ti! Confíe en los que más tiempo llevan en el barrio"".",False,good,False,True,9043.0,True,False,True,False,[],False,False,425000.0,€,flat,"Huertas-Cortes, Madrid",Piso en calle de Núñez de Arce,,,,,450000.0,25000.0,6.0,
108234365,https://img4.idealista.com/blur/480_360_mq/0/id.pro.es.image.master/97/69/8d/1337941562.webp,,38,3,799000.0,flat,sale,140.0,False,5,1,calle de Esparteros,Madrid,Madrid,Centro,es,Sol,40.4176365,-3.7046628,False,https://www.idealista.com/inmueble/108234365/,"SOL - CENTRO - Calle Esparteros  Al acceder a la vivienda, nos encontramos con un hall de acceso, que luego tiene una puerta que nos lleva a la primera habitación, así como además da paso a lo que sería el salón de la vivienda. Luego tenemos acceso, al pasillo distribuidor en forma de “L”, en donde contiguamente se encuentra la cocina, muy amplia, y con gran capacidad de almacenaje. Para después dar paso al cuarto de baño, que solo hay uno, que está dotado con plato de ducha, además de una pequeña ventana. Si continuamos por el inmueble, ya nos encontramos con las cuatro habitaciones restantes. Estas últimas, se encuentran equipadas con sus respectivas camas, así como de otro tipo de mobiliario.  Nos encontramos ante un inmueble interior, pero que tiene luz natural, con buena distribución espacial, y que se encuentra para entrar a vivir, posee materiales de alta calidad, y además está perfectamente ubicado, en una de las arterias históricas y representativas del centro de Madrid. Se encuentra rodeado de lugares icónicos de la ciudad como sería la Puerta del Sol, Plaza de Santa Cruz, Plaza de la Provincia y la inconfundible Plaza Mayor. No pierdas la oportunidad, ante todo de vivir en una finca representativa, con el valor añadido de ser una edificación patrimonial que data del año 1890, posee ascensor y en buen estado de conservación. Cuenta con portero físico. Posee buena comunicación con el transporte público, como es el caso con Sol metro: L1, L2, L3 y Cercanías Renfe. * Impuesto de compra venta, gestoría, notaría y registro de la propiedad no incluidos. ** Los datos aquí expuestos son meramente informativos, y no constituyen relación contractual. Para más información, deberá contactar con Ginmo.",False,renew,False,True,5707.0,True,False,False,False,[],False,False,799000.0,€,flat,"Sol, Madrid",Piso en calle de Esparteros,,,,,,,,
108091658,https://img4.idealista.com/blur/480_360_mq/0/id.pro.es.image.master/dc/e5/98/1333553042.webp,MAD59181,8,2,910000.0,flat,sale,117.0,True,2,2, Allendesalazar,Madrid,Madrid,Ciudad Lineal,es,Colina,40.4584426,-3.6627294,False,https://www.idealista.com/obra-nueva/108091658/,"Excelente vivienda de obra nueva de 2 dormitorios con 16 m² de terraza en venta en Arturo Soria. Lucas Fox presenta Allendesalazar, una exclusiva promoción de obra nueva en una de las zonas residenciales más codiciadas de Madrid, Arturo Soria. Este excepcional proyecto ofrece 17 viviendas únicas, entre pisos, bajos con jardín y áticos, que destacan por su diseño vanguardista, espacios luminosos y la posibilidad de personalizar los interiores al gusto del propietario. Las viviendas, que disponen de superficies interiores que van desde los 66 m² hasta los 298 m², se completan con generosos espacios exteriores de hasta 157 m². Cada propiedad ha sido concebida para proporcionar el máximo confort, bienestar y eficiencia, ofreciendo distribuciones funcionales, abundante luz natural y acabados de primera calidad. Esta unidad en concreto se sitúa en la segunda planta del portal A y dispone de 84 m² construidos interiores, complementados por una agradable terraza privada de 16 m². La vivienda presenta una distribución equilibrada y funcional, con dos dormitorios y dos baños, además de una luminosa zona de día con salón-comedor y cocina abierta totalmente equipada, conectados entre sí para ofrecer un espacio amplio, confortable y lleno de luz natural. Allendesalazar se integra en un residencial privado de diseño contemporáneo que ofrece magníficas zonas comunes: dos piscinas exteriores con solárium y zonas ajardinadas, un gimnasio totalmente equipado, garaje subterráneo y trasteros privados. Todo ello pensado para disfrutar de un estilo de vida exclusivo y relajado, sin renunciar a las ventajas de vivir en el corazón de Madrid. Ubicado estratégicamente en la calle Allendesalazar, en el prestigioso barrio de Arturo Soria, el complejo goza de excelentes conexiones gracias a su proximidad a la M-30 y a vías principales como la calle Costa Rica. La zona ofrece una amplia variedad de servicios de ocio, restauración, educación, salud y comercios, además de numerosos parques y espacios verdes que aportan calidad de vida y tranquilidad. Allendesalazar representa una oportunidad única de adquirir una vivienda exclusiva en Madrid, donde el diseño, la calidad y la funcionalidad se combinan para ofrecer un estilo de vida distinguido, en un entorno residencial cuidadosamente diseñado para el bienestar y la comodidad de sus residentes. El precio de la vivienda incluye plaza de aparcamiento y trastero. Póngase en contacto con nosotros para obtener más información o concertar una visita privada.",False,newdevelopment,True,True,7778.0,True,False,False,False,[],False,False,910000.0,€,flat,"Colina, Madrid",Piso en  Allendesalazar,False,,True,True,,,,
108009866,https://img4.idealista.com/blur/480_360_mq/0/id.pro.es.image.master/06/d3/3c/1331060184.webp,W-02ZRIF,23,3,388000.0,studio,sale,42.0,True,0,1,Barrio Prosperidad,Madrid,Madrid,Chamartín,es,Prosperidad,40.4427423,-3.669669,False,https://www.idealista.com/inmueble/108009866/,"Acogedor estudio en Prosperidad Engel & Völkers presenta este acogedor estudio de 42 m² situado en una tercera planta con ascensor, en el barrio de Prosperidad, Madrid. La vivienda, aunque interior, es muy luminosa gracias a su orientación y vistas despejadas al patio del edificio. El espacio está distribuido de manera funcional con una cocina integrada totalmente equipada con electrodomésticos, un cuarto de baño completo y una zona diáfana que combina salón y dormitorio. Además, cuenta con aire acondicionado, ideal para mantener una temperatura agradable durante todo el año. Ubicado en una finca tranquila con ascensor, en una zona con todos los servicios a mano y excelente comunicación por transporte público. Es un producto ideal para inversores por su alta rentabilidad. La propiedad se ubica en el barrio residencial de Prosperidad, colindante con Ciudad Jardín y el Viso dentro del Distrito de Chamartín, al noreste de la capital. Es un barrio consolidado y muy solicitado, tanto por jóvenes como mayores, parejas con o sin hijos, pues en la zona encontramos toda la gama de servicios para la vida diaria como comercios, farmacias, mercados, colegios, residencias de mayores, iglesias, hospitales y una amplia oferta gastronómica.  Los residentes tienen garantizada la comodidad con la estación de metro de Alfonso XIII de la línea 4 y los autobuses Nº 9, 40, 43 y 72, que conectan con el resto del sistema de transporte público, entre otros con el Nº 200 directo a Barajas, y las líneas de Metro del Intercambiador de Avenida de América.  También cuenta con fácil y rápido acceso a la red vial a través de la M-30 y A-2. Otros puntos de interés y edificios emblemáticos son Torres Blancas, el Hotel Puerta América Madrid, y la nueva sede de IBM, en Prosperidad, así como el Auditorio Nacional de Música, el Parque de Berlín, y el Santiago Bernabéu en Chamartín.",False,good,False,True,9238.0,False,False,False,False,[],False,False,388000.0,€,flat,"Prosperidad, Madrid",Estudio,,studio,,,,,,
108116412,https://img4.idealista.com/blur/480_360_mq/0/id.pro.es.image.master/d4/7f/50/1334328857.webp,MAD59192,8,3,1590000.0,penthouse,sale,226.0,True,3,2, Allendesalazar,Madrid,Madrid,Ciudad Lineal,es,Colina,40.4580478,-3.6623514,False,https://www.idealista.com/obra-nueva/108116412/,"Excelente ático de obra nueva de 3 dormitorios con 88 m² de terraza en venta en Arturo Soria Lucas Fox presenta Allendesalazar, una exclusiva promoción de obra nueva en una de las zonas residenciales más codiciadas de Madrid, Arturo Soria. Este excepcional proyecto ofrece 17 viviendas únicas, entre pisos, bajos con jardín y áticos, que destacan por su diseño vanguardista, espacios luminosos y la posibilidad de personalizar los interiores al gusto del propietario. Las viviendas, que disponen de superficies interiores que van desde los 66 m² hasta los 298 m², se completan con generosos espacios exteriores de hasta 157 m². Cada propiedad ha sido concebida para proporcionar el máximo confort, bienestar y eficiencia, ofreciendo distribuciones funcionales, abundante luz natural y acabados de primera calidad. Esta unidad en concreto se sitúa en la tercera y última planta del portal B y dispone de 107 m² construidos interiores, complementados por una agradable terraza privada de 88 m². La vivienda presenta una distribución equilibrada y funcional, con tres dormitorios y dos baños, además de una luminosa zona de día con salón-comedor y cocina abierta totalmente equipada, conectados entre sí para ofrecer un espacio amplio, confortable y lleno de luz natural. Allendesalazar se integra en un residencial privado de diseño contemporáneo que ofrece magníficas zonas comunes: dos piscinas exteriores con solárium y zonas ajardinadas, un gimnasio totalmente equipado, garaje subterráneo y trasteros privados. Todo ello pensado para disfrutar de un estilo de vida exclusivo y relajado, sin renunciar a las ventajas de vivir en el corazón de Madrid. Ubicado estratégicamente en la calle Allendesalazar, en el prestigioso barrio de Arturo Soria, el complejo goza de excelentes conexiones gracias a su proximidad a la M-30 y a vías principales como la calle Costa Rica. La zona ofrece una amplia variedad de servicios de ocio, restauración, educación, salud y comercios, además de numerosos parques y espacios verdes que aportan calidad de vida y tranquilidad. Allendesalazar representa una oportunidad única de adquirir una vivienda exclusiva en Madrid, donde el diseño, la calidad y la funcionalidad se combinan para ofrecer un estilo de vida distinguido, en un entorno residencial cuidadosamente diseñado para el bienestar y la comodidad de sus residentes. El precio de la vivienda incluye plaza de aparcamiento y trastero. Póngase en contacto con nosotros para obtener más información o concertar una visita privada.",False,newdevelopment,True,True,7035.0,True,False,False,False,[],False,False,1590000.0,€,flat,"Colina, Madrid",Ático en  Allendesalazar,False,penthouse,True,True,,,,
108911953,https://img4.idealista.com/blur/480_360_mq/0/id.pro.es.image.master/01/f0/fe/1358720217.webp,,15,bj,290000.0,flat,sale,88.0,True,3,2,El Olivar - La Magdalena,Madrid,Colmenar Viejo,El Olivar - La Magdalena,es,,40.6578372,-3.762645,False,https://www.idealista.com/inmueble/108911953/,"Agencia inmobiliaria de COLMENAR VIEJO | zona COLMENAR VIEJO | Oficina Tecnocasa vende piso reformado en planta baja. La vivienda cuenta con amplio salón, cocina, 3 habitaciones con Armario empotrado, 2 cuartos de baño completos y una pequeña terraza La vivienda está ubicada en pleno centro de Colmenar Viejo. Todos los servicios necesarios están a pocos minutos andando. A tan solo 5 minutos en coche de la estación de Renfe de Colmenar Viejo, 20 minutos de Madrid. Si necesitas comprar con préstamo hipotecario, contamos con departamento FINANCIERO con posibilidad de financiación hasta el 100%. CONSULTE SIN COMPROMISO. Si necesitas vender un inmueble, ponemos a su disposición la VALORACION GRATUITA del inmueble en la que le explicaremos todas las fases de la 'compra y venta' para su mayor tranquilidad y seguridad a la hora de llevar a cabo el cambio de vivienda. Contamos con 2 oficinas en Colmenar Viejo, 350 en la Comunidad de Madrid y más de 870 oficinas en el territorio nacional.",False,good,False,False,3295.0,False,False,False,False,[],False,False,290000.0,€,flat,"El Olivar - La Magdalena, Colmenar Viejo",Piso,,,,,,,,
108049095,https://img4.idealista.com/blur/480_360_mq/0/id.pro.es.image.master/d2/d0/22/1332298626.webp,ONM2504004,19,,525000.0,chalet,sale,246.0,,3,3,El Soto - Coveta,Madrid,Móstoles,El Soto - Coveta,es,,40.3257329,-3.8804822,False,https://www.idealista.com/obra-nueva/108049095/,"Descrubre un nuevo tipo de viviendas de vanguardia no sólo por su diseño totalmente personalizable, sino también por sus sistemas de producción y ahorro energético. Te presentamos el Residencial ATLANTIS ubicado en Móstoles (Madrid), en las calles Benito Pérez Galdós, María Moliner y Camino de Carrasquillas. Compuesto por 27 viviendas GEOSOLARES PERSONALIZABLES, todas ellas superan los 246 m2 construidos y están situadas en parcelas que oscilan desde los 155m2 hasta los 295m2. El interior de la vivienda es personalizable por completo según tus gustos y necesidades. Elige el número de habitaciones, ubicación de la cocina, si quieres garaje para tres coches o más sótano con cuarto de juegos, suelos, puertas, alicatados, pintura, sanitarios, griferías… También tu decoración, porque en el mismo precio incluye el asesoramiento de un interiorista. ¡Tu nueva Casa Geosolar será única y la más ahorradora! ¿Te imaginas vivir aquí?",False,newdevelopment,True,,2134.0,True,False,False,False,[],False,False,525000.0,€,chalet,"El Soto - Coveta, Móstoles",Chalet adosado,False,terracedHouse,True,True,,,,
108911305,https://img4.idealista.com/blur/480_360_mq/0/id.pro.es.image.master/23/c6/8d/1358694137.webp,,11,1,255000.0,flat,sale,70.0,True,2,1,Centro,Madrid,Colmenar Viejo,Centro,es,,40.6588775,-3.7675826,False,https://www.idealista.com/inmueble/108911305/,"Agencia inmobiliaria de COLMENAR VIEJO | zona COLMENAR VIEJO | Oficina Tecnocasa vende piso en primera planta sin ascensor. ¡ESTRENA VIVIENDA! La vivienda acaba de ser REFORMADA con calidades PREMIUM (incluyendo fontanería, electricidad, ventanas.. . ). Se distribuye en salón con cocina americana, cuarto de baño, dos dormitorios, uno de ellos con vestidor y un despacho. Además cuenta con un balcón exterior y un amplio patio, la vivienda es muy luminosa. Lista para entrar a vivir. La vivienda está ubicada en pleno centro de Colmenar Viejo. Todos los servicios necesarios están a pocos minutos andando. A tan solo 5 minutos en coche de la estación de Renfe de Colmenar Viejo, 20 minutos de Madrid. Si necesitas comprar con préstamo hipotecario, contamos con departamento FINANCIERO con posibilidad de financiación hasta el 100%. CONSULTE SIN COMPROMISO. Si necesitas vender un inmueble, ponemos a su disposición la VALORACION GRATUITA del inmueble en la que le explicaremos todas las fases de la ""compra y venta"" para su mayor tranquilidad y seguridad a la hora de llevar a cabo el cambio de vivienda. Contamos con 2 oficinas en Colmenar Viejo, 350 en la Comunidad de Madrid y más de 870 oficinas en el territorio nacional.",False,good,False,False,3643.0,False,False,False,False,[],False,False,255000.0,€,flat,"Centro, Colmenar Viejo",Piso,,,,,,,,
106500594,https://img4.idealista.com/blur/480_360_mq/0/id.pro.es.image.master/f3/61/76/1345742170.webp,06701,19,2,1909000.0,flat,sale,220.0,True,3,3,calle de Padilla,Madrid,Madrid,Barrio de Salamanca,es,Lista,40.4304453,-3.6748172,False,https://www.idealista.com/inmueble/106500594/,"Nos complace presentar esta espectacular vivienda premium, totalmente reformada y lista para estrenar, ubicada en Padilla, en el prestigioso barrio de Lista, Madrid. Este piso combina elegancia y modernidad, ofreciendo una experiencia de vida inigualable. La propiedad cuenta con tres amplias habitaciones y tres baños, con acabados de alta calidad. La cocina, completamente equipada, se entrega amueblada con electrodomésticos de alta gama y diseño contemporáneo. Además, dispone de un espacioso salón y un cuarto de lavado independiente, brindando comodidad y funcionalidad. El barrio de Lista es uno de los más exclusivos de Madrid, conocido por su sofisticación y cercanía a lugares emblemáticos como el Parque de El Retiro, el Museo Lázaro Galdiano y la famosa Calle Serrano, con sus boutiques de lujo y restaurantes de renombre. Vivir en esta zona te permite disfrutar de una amplia oferta cultural y de ocio, en un entorno distinguido y vibrante. Esta propiedad no solo es una vivienda de lujo, sino también una inversión segura en una de las áreas más codiciadas de la capital.",False,good,False,True,8677.0,True,False,False,False,[],False,False,1909000.0,€,flat,"Lista, Madrid",Piso en calle de Padilla,,,,,,,,
108532632,https://img4.idealista.com/blur/480_360_mq/0/id.pro.es.image.master/b0/ed/3b/1341633504.webp,VT3.8 ,10,6,272200.0,flat,sale,113.0,True,3,2,Parcela A4-C3 s/n,Madrid,Madrid,Villa de Vallecas,es,Valdecarros,40.3444375,-3.6116875,True,https://www.idealista.com/obra-nueva/108532632/,"SIRIO Valdecarros – Tu nuevo hogar en el futuro de Madrid  95 viviendas VPPL en régimen de cooperativa, con garaje y trastero incluidos, en uno de los desarrollos urbanísticos más ambiciosos e innovadores de Madrid: Valdecarros. Promovido por SIRIO DESARROLLOS DEL ESTE I S. COOP. MAD. , en la parcela A4-C3.  Un barrio en crecimiento con futuro verde  Valdecarros será uno de los pulmones verdes de Madrid, con más de 700 hectáreas dedicadas a zonas verdes —¡el equivalente a casi 500 campos de fútbol y 6 veces el Parque del Retiro! y más de 125 km de carril bici. Contará con todos los servicios necesarios para vivir cómodamente: colegios, guarderías, centros de salud, hospitales, instalaciones deportivas, grandes parques y zonas comerciales como La Gavia.  Conectividad y movilidad sin complicaciones  Ubicado entre las autovías M-31 y M-45, Valdecarros ofrece acceso rápido a la M-50, A-3 y excelentes conexiones mediante transporte público: autobuses de tránsito rápido al centro de Madrid, Atocha y el aeropuerto.  Espacios comunes y sostenibilidad  El residencial está diseñado para ofrecer calidad de vida, con zonas comunes que incluyen:  Jardines Área infantil Sala gourmet comunitaria Piscina  Además, todas las viviendas están proyectadas con altas prestaciones energéticas, con calificación mínima B y posibilidad de alcanzar calificación A.",False,newdevelopment,True,True,2409.0,True,False,False,False,[],False,False,272200.0,€,flat,"Valdecarros, Madrid",Piso en Parcela A4-c3 s/n,False,,True,True,,,,
106144119,https://img4.idealista.com/blur/480_360_mq/0/id.pro.es.image.master/51/e7/5f/1273826733.webp,Bj A,6,bj,445000.0,flat,sale,106.0,True,3,2,"calle SANTA CLARA, 10",Madrid,San Lorenzo de El Escorial,Abantos - Carmelitas,es,,40.5954752,-4.1421639,True,https://www.idealista.com/obra-nueva/106144119/,"""Los Jardines de San Lorenzo"" es un nuevo proyecto residencial en un espacio natural privilegiado de la Sierra de Guadarrama.  La promoción contempla la edificación de 8 viviendas con trastero, piscina y 9 plazas de aparcamiento, en régimen de vivienda libre.  Está organizada en un edificio independiente, bajos de cota alta con jardín, primeros en planta y segundos en dúplex en planta y bajo cubierta. Viviendas La tipología de las viviendas son de 3 dormitorios en la totalidad de sus diferentes unidades. Las viviendas contarán con: • Plazas de aparcamiento y trastero, incluidos en el precio • Jardín y piscina comunitarios • Ascensor en todos los niveles • Climatización frío y calor, con sistema de aerotermia y suelo refrescante • Cocinas amuebladas y equipadas con electrodomésticos (horno, microondas, campana,  placa de inducción, lavadora-secadora, lavavajillas y frigorífico) • Carpintería exterior con doble acristalamiento y rotura de puente térmico • Carpintería de interior con puertas macizas y armarios • Acabados interiores de primera calidad Sagelliv con más de 25 años de experiencia, es fiel a su filosofía de trabajo: “Con dedicación, creando hogares” Ponemos a su disposición nuestro equipo de trabajo en nuestras oficinas, siempre con cita previa: • Plaza de la Villa, 14 - 1º Loeches – Madrid. • C/Quiterio López, 5 – 1º D El Escorial – Madrid.",False,newdevelopment,True,True,4198.0,True,False,False,False,[],False,False,445000.0,€,flat,"Abantos - Carmelitas, San Lorenzo de El Escorial","Piso en calle Santa Clara, 10",False,,True,True,,,,
106830311,https://img4.idealista.com/blur/480_360_mq/0/id.pro.es.image.master/05/83/e0/1264270251.webp,30 Tipo A,13,,297000.0,chalet,sale,129.0,,3,3,avenida De Los Rosales s/n,Madrid,Torrelaguna,,es,,40.8271222,-3.5428692,True,https://www.idealista.com/obra-nueva/106830311/,"El proyecto Nortelaguna presenta 31 chalets unifamiliares de obra nueva pareados y adosados con dos tipologías, ambas de 3 dormitorios. Las viviendas cuentan con diversas orientaciones y están situadas en parcelas que varían entre los 320 m² y 350 m².  Esta promoción se ofrece, con precio cerrado y en promoción directa, como la mejor opción de obra nueva en Torrelaguna, al no tener que asumir ningún riesgo el comprador de las viviendas.  Ubicada en la Sierra Norte de Madrid, este municipio posee centros de salud, colegios, oferta comercial y excelente gastronomía. Su patrimonio arquitectónico medieval le ha valido la distinción de Monumento Histórico Artístico Nacional.  La calidad de vida se respira en el proyecto de Nortelaguna, donde el valor de su localización se combina con su diseño, concebido para el máximo aprovechamiento funcional y el mejor confort. Las viviendas disponen de unos 120 m2 construidos interiores más terrazas y porches, distribuidos según tipologías; dormitorio en planta baja y dos en planta primera, o los tres dormitorios en planta primera. La cocina abierta al salón-comedor establece continuidad con el porche para acceder con facilidad a los jardines de 170 m2 hasta 212 m2, según parcela, para disfrutar al aire libre con amigos y familia momentos inolvidables.   En este proyecto con buenas calidades destaca de manera especial la climatización con aerotermia por suelo radiante-refrescante. Con este sistema se logra en Nortelaguna mayor eficiencia energética y confort térmico en el interior de las viviendas, lo que permitirá un significativo ahorro en las facturas de calefacción y refrigeración, reduciendo al mismo tiempo las emisiones de CO₂ y el impacto ambiental.    Localización: El proyecto Nortelaguna se encuentra en el municipio de Torrelaguna en la Sierra Norte de Madrid, a 60 km del centro de Madrid por la A-1, a 48 km de la ciudad de Guadalajara, a 32 km de Buitrago de Lozoya y a 28 km de Guadalix. Aunado a sus buenas comunicaciones en coche, Torrelaguna posee líneas de buses suburbanos hacia diversos puntos de la ciudad que le comunican con Metro Madrid.  La ubicación del proyecto Nortelaguna permite acceder con facilidad al variado entorno natural de la Sierra, tanto para disfrutar de paisajes como para la práctica de múltiples deportes en cualquier época del año (senderismo, ciclismo o piragüismo, entre otros), sin renunciar a la vida práctica de tener a un paso de casa opciones de servicios, en un lugar tranquilo e histórico que incluso aún conserva calles empedradas.",False,,True,,2302.0,True,False,False,False,[],False,False,297000.0,€,chalet,Torrelaguna,Chalet adosado en avenida De Los Rosales s/n,False,terracedHouse,,,,,,
108579879,https://img4.idealista.com/blur/480_360_mq/0/id.pro.es.image.master/b5/09/5d/1349145153.webp,BNJJ2,13,,1598000.0,chalet,sale,400.0,,5,4,"calle Nalón, 4",Madrid,Pozuelo de Alarcón,Zona Estación,es,Zona Estación,40.453493,-3.8007433,True,https://www.idealista.com/inmueble/108579879/,"Belton Real Estate presenta chalet pareado con una superficie construida de 400 metros cuadrados, una propiedad excepcionalmente luminosa y diseñada para ofrecer vistas panorámicas y una óptima orientación. Ubicado en la zona de Pozuelo de Alarcón, este chalet forma parte de un conjunto de dos viviendas que, aunque unidas por la espalda, están ingeniosamente orientadas en sentido contrario. Esta característica de diseño asegura total independencia visual entre los propietarios, separados por un único muro colindante con doble insonorización, garantizando así la máxima privacidad y tranquilidad.  La distribución de esta vivienda se extiende a lo largo de tres amplias plantas. La primera planta cuenta con cinco habitaciones, de las cuales cuatro disponen de su propio baño en suite.  La planta sótano es un espacio versátil y luminoso gracias a la luz natural, y está climatizada de serie, ofreciendo la posibilidad de ser compartimentado para adaptarse a cualquier necesidad.  La planta cero alberga un amplio y luminoso salón-comedor, y una cocina de diseño moderno, completamente equipada. Además, la vivienda ofrece una espectacular terraza en la cubierta de cien metros cuadrados, con tomas de luz y agua, y la posibilidad de una futura ampliación. Dispone de una generosa parcela privativa de 390 metros cuadrados, que incluye una piscina y un jardín bellamente diseñado, además de balcón, trastero, y la plaza de garaje está incluida en el precio. Esta vivienda integra un innovador sistema de climatización por aerotermia que proporciona calefacción y refrigeración en la planta cero, la primera planta y la planta sótano sin coste adicional, asegurando un ambiente confortable y un considerable ahorro energético durante todo el año. Cuatro paneles solares instalados en la sobrecubierta complementan este sistema, elevando la eficiencia energética de la vivienda al máximo nivel. Situado en Pozuelo de Alarcón, este chalet goza de una ubicación privilegiada. Cuenta con una amplia red de transporte público y la dinámica zona de desarrollo de la Avenida de Italia, lo que asegura una excelente conectividad y acceso a servicios. En sus inmediaciones, se encuentran colegios de prestigio y una completa infraestructura sanitaria.",False,good,False,,3995.0,True,False,False,False,[],False,False,1598000.0,€,chalet,"Zona Estación, Pozuelo de Alarcón","Chalet pareado en calle Nalón, 4",,semidetachedHouse,True,True,,,,
105048778,https://img4.idealista.com/blur/480_360_mq/0/id.pro.es.image.master/e6/6a/94/1240102278.webp,,8,,648500.0,chalet,sale,205.0,,4,3,calle Amadis de Gaula s/n,Madrid,Getafe,Los Molinos,es,,40.3210562,-3.7008244,True,https://www.idealista.com/obra-nueva/105048778/,"Bienvenido a “IMPULSA LOS MOLINOS” Ultimas viviendas Disponibles. Un exclusivo desarrollo residencial de 14 viviendas unifamiliares, diseñadas con amplios espacios abiertos y funcionales interiores, situado en el Barrio de Los Molinos en Getafe. Ubicación Preferente y Servicios Descubre tu próximo hogar en la exclusiva promoción ubicada en las intersecciones de las calles Amadis de Gaula y Pedro de Urdemales, en el barrio de los Molinos en Getafe. Este barrio ofrece todos los servicios necesarios, incluyendo tiendas, restaurante, colegios etc.… Además, cuenta con excelente conexiones de transporte, incluyendo la carretera A-42 y la M-45. En cuanto a transporte público, dispone de varias opciones: la estación de Cercanías El Casar, Metro Sur y líneas de autobuses que facilitan el acceso al centro de Madrid. Y otras áreas metropolitanas. Próximamente, la línea 3 de metro de Madrid llegará a la zona de los Molinos por el Casar. Descripción: Este innovador proyecto ofrece un conjunto de 14 viviendas unifamiliares de diseño avanzado, cada una distribuida en sótano, planta baja y planta primera, rematadas con una práctica cubierta plana accesible, ideal para instalaciones diversas. Cada vivienda tiene desde 205 m2 de superficie construida y se caracteriza por su funcionalidad y estilo. Las viviendas disponen de espacios abiertos y luminosos: Existe la posibilidad de personalizar entre diferentes opciones de distribución, con la opción de poder elegir su vivienda en 3 o 4 dormitorios, en tener una cocina abierta integrada en el salón o que sea independiente, con diversas opciones de de acabados y materiales de alta calidad. Disfruta del aire libre en tu propia terraza y jardín trasero, con la opción de añadir una piscina para crear un oasis personal. Todas las viviendas cuentan con sótano, accesible mediante rampa, ofreciendo un espacio amplio para dos vehículos y almacenaje adicional. Queremos Destacar que todas las viviendas están equipadas con un sistema de aerotermia de alta eficiencia para calefacción, refrigeración y agua caliente sanitaria, y suelo radiante y refrescante para garantizar tu confort en cualquier estación. Enfocadas en la sostenibilidad y la eficiencia, estas viviendas cuentan con la máxima calificación energética A, asegurando un bajo consumo y una reducción significativa en la emisión de CO2, lo que se traduce en ahorros considerables en costos de energía y un impacto ambiental mínimo. No dejes pasar la oportunidad de vivir en un entorno diseñado para el bienestar y la modernidad. Solicite cita previa.",True,newdevelopment,True,,3163.0,True,False,False,False,[],False,False,648500.0,€,chalet,"Los Molinos, Getafe",Chalet adosado en calle Amadis de Gaula s/n,False,terracedHouse,True,True,,,,
108540806,https://img4.idealista.com/blur/480_360_mq/0/id.pro.es.image.master/e4/dd/bb/1347942206.webp,W-030HWV,20,3,470000.0,flat,sale,61.0,True,1,1,Barrio Sol,Madrid,Madrid,Centro,es,Sol,40.4170728,-3.7037267,False,https://www.idealista.com/inmueble/108540806/,"Precioso apartamento reformado en el centro de la Capital Engel & Volkers tiene el placer de comercializar este exclusivo apartamento ubicado en el vibrante corazón de Madrid. Con una superficie total de 61 metros cuadrados, esta joya arquitectónica combina el encanto histórico de su construcción original en 1928 con las comodidades modernas tras su reciente restauración en 2023. Ideal para quienes buscan una vida sofisticada en una de las ciudades más cosmopolitas del mundo. Al entrar, te recibirán espacios meticulosamente diseñados que emanan calidez y estilo. La distribución abierta maximiza los 55 metros cuadrados de área habitable, ofreciendo un ambiente acogedor y luminoso gracias a sus grandes ventanales. La cocina- americana amueblada, con electrodomesticos de ultima generacion, es un testimonio del equilibrio perfecto entre funcionalidad y diseño. El suelo de cerámica italiana añade un toque de elegancia clásica a cada rincón. La zona de descanso la compone un dormitorio con cama doble y su baño en suite Ademas cuenta con un cuarto de lavadero  Este apartamento se distingue por su integración de tecnología moderna y diseño clásico. Equipado con una bomba de calor, garantiza un confort óptimo durante todo el año. Además, el edificio cuenta con un ascensor que facilita el acceso, reflejando un compromiso con la comodidad y la accesibilidad. Cada detalle ha sido cuidadosamente considerado para ofrecer una experiencia de vida sin igual. Fantástica ubicación en zona centro, Sol es el corazón de Madrid y la Puerta del Sol la más famosa de toda la capital, esta propiedad de lujo ofrece una experiencia de vida inigualable en una de las ciudades más vibrantes de Europa.  El barrio cuenta con una variada dotación, tanto a nivel comercial, con grandes almacenes, como la recién y lujosa inaugurada Galería Canalejas y tiendas de las principales marcas nacionales e internacionales, así como con una amplia oferta hotelera de lujo, como el hotel Four Season, Marriott, rodeado de numerosas líneas de autobuses, estaciones de la red de metro y taxi. La oferta gastronómica y de ocio es igualmente amplia, con locales y restaurantes nacionales e internacionales. Trás un agradable paseo, nos encontramos con algunas de las principales opciones culturales de la ciudad, como el Teatro Real, el Museo del Prado, el Thyssen-Bornemisza. En definitiva un lujo peatonal para disfrutar de lo mejor de Madrid.",False,good,False,True,7705.0,False,False,False,False,[],False,False,470000.0,€,flat,"Sol, Madrid",Piso,,,,,,,,
108799258,https://img4.idealista.com/blur/480_360_mq/0/id.pro.es.image.master/95/ac/2a/1355483835.webp,W-0303Y1,26,1,854000.0,flat,sale,117.0,True,2,2,Barrio Colina,Madrid,Madrid,Ciudad Lineal,es,Colina,40.4617724,-3.6625909,False,https://www.idealista.com/inmueble/108799258/,"Oportunidad en Arturo Soria: Encantador piso para reformar en Colina. Engel & Völkers tiene el placer de presentar en exclusiva esta vivienda exterior de ciento diecisiete metros construidos. Ofrece una oportunidad única para transformar un espacio clásico en un refugio moderno.  Destaca por las grandes posibilidades de reforma y redistribución, ya que se pueden hacer hasta tres habitaciones. Actualmente cuenta con dos habitaciones, dos baños, cocina independiente y gran salón con salida a una impresionante terraza de sesenta metros cuadrados, ideal para disfrutar de momentos al aire libre mientras se contempla la vista abierta y verde que rodea la propiedad. Entre las características de esta propiedad, comentar que cuenta con armarios empotrados y servicios de conserjería que aseguran comodidad y seguridad las 24 horas. Además de un garaje subterráneo privado que añade un nivel adicional de exclusividad y conveniencia, permitiendo un acceso fácil y seguro al hogar. El barrio de Colina, en Arturo Soria, se encuentra en el distrito de Ciudad Lineal en Madrid. Es una zona tranquila y con bastantes áreas verdes, bien comunicada por transporte público (autobús y metro, con paradas como Avenida de la Paz y Arturo Soria) y con fácil acceso en coche a la M-30 y a la M-40.  Cuenta con servicios como hospitales (Hospital Universitario Vithas Arturo Soria, Hospital Universitario HM Nuevo Belén... ) culturales y colegios (Santísimo Sacramento, Ramón y Cajal) Mencionar que el prestigioso Liceo Francés se encuentra a pocos minutos andando. Es una zona recomendada por su tranquilidad y gran oferta gastrónomica.",False,renew,False,False,7299.0,False,False,False,False,[],False,False,854000.0,€,flat,"Colina, Madrid",Piso,,,True,True,,,,
108239461,https://img4.idealista.com/blur/480_360_mq/0/id.pro.es.image.master/5b/78/7a/1338116374.webp,VENTA-COMA,21,2,329000.0,flat,sale,58.0,False,1,1,travesía Comadre,Madrid,Madrid,Centro,es,Lavapiés-Embajadores,40.4097553,-3.7024966,False,https://www.idealista.com/inmueble/108239461/,"Si buscas un hogar cómodo y bien ubicado este acogedor piso es perfecto para ti. Ubicado en una espectacular zona con ascensor en la finca, ofrece un ambiente tranquilo y funcional, ideal para profesionales, expatriados o estudiantes que necesiten un espacio práctico y bien comunicado. Al ser interior, garantiza mayor tranquilidad y privacidad, proporcionando un refugio acogedor en plena ciudad. Su distribución está pensada para aprovechar al máximo cada rincón, creando un ambiente cálido y confortable. ¡Contáctanos para más información y visitas! ANGELA.",False,good,False,True,5672.0,True,False,True,False,[],False,False,329000.0,€,flat,"Lavapiés-Embajadores, Madrid",Piso en travesía Comadre,,,,,339000.0,10000.0,3.0,
108282764,https://img4.idealista.com/blur/480_360_mq/0/id.pro.es.image.master/1c/21/a7/1339456941.webp,MAD59188,8,1,1219000.0,flat,sale,169.0,True,3,2, Allendesalazar,Madrid,Madrid,Ciudad Lineal,es,Colina,40.4604546,-3.6634152,False,https://www.idealista.com/obra-nueva/108282764/,"Lucas Fox presenta Allendesalazar, una exclusiva promoción de obra nueva en una de las zonas residenciales más codiciadas de Madrid, Arturo Soria. Este excepcional proyecto ofrece 17 viviendas únicas, entre pisos, bajos con jardín y áticos, que destacan por su diseño vanguardista, espacios luminosos y la posibilidad de personalizar los interiores al gusto del propietario. Las viviendas, que disponen de superficies interiores que van desde los 66 m² hasta los 298 m², se completan con generosos espacios exteriores de hasta 157 m². Cada propiedad ha sido concebida para proporcionar el máximo confort, bienestar y eficiencia, ofreciendo distribuciones funcionales, abundante luz natural y acabados de primera calidad. Esta unidad en concreto se sitúa en la primera planta del portal B y dispone de 107 m² construidos interiores, complementados por una agradable terraza privada de 36 m². La vivienda presenta una distribución equilibrada y funcional, con tres dormitorios y dos baños, además de una luminosa zona de día con salón-comedor y cocina abierta totalmente equipada, conectados entre sí para ofrecer un espacio amplio, confortable y lleno de luz natural. Allendesalazar se integra en un residencial privado de diseño contemporáneo que ofrece magníficas zonas comunes: dos piscinas exteriores con solárium y zonas ajardinadas, un gimnasio totalmente equipado, garaje subterráneo y trasteros privados. Todo ello pensado para disfrutar de un estilo de vida exclusivo y relajado, sin renunciar a las ventajas de vivir en el corazón de Madrid. Ubicado estratégicamente en la calle Allendesalazar, en el prestigioso barrio de Arturo Soria, el complejo goza de excelentes conexiones gracias a su proximidad a la M-30 y a vías principales como la calle Costa Rica. La zona ofrece una amplia variedad de servicios de ocio, restauración, educación, salud y comercios, además de numerosos parques y espacios verdes que aportan calidad de vida y tranquilidad. Allendesalazar representa una oportunidad única de adquirir una vivienda exclusiva en Madrid, donde el diseño, la calidad y la funcionalidad se combinan para ofrecer un estilo de vida distinguido, en un entorno residencial cuidadosamente diseñado para el bienestar y la comodidad de sus residentes. El precio de la vivienda incluye plaza de aparcamiento y trastero. Póngase en contacto con nosotros para obtener más información o concertar una visita privada.",False,newdevelopment,True,True,7213.0,True,False,False,False,[],False,False,1219000.0,€,flat,"Colina, Madrid",Piso en  Allendesalazar,False,,True,True,,,,
108737907,https://img4.idealista.com/blur/480_360_mq/0/id.pro.es.image.master/a7/50/e9/1353680459.webp,W-02ZOVD,32,bj,1350000.0,flat,sale,132.0,True,4,3,Barrio Valdemarín,Madrid,Madrid,Moncloa,es,Valdemarín,40.4651159,-3.7825679,False,https://www.idealista.com/inmueble/108737907/,"Exclusivo bajo con jardín en Valdemarín. Engel & Völkers presenta este maravilloso bajo ubicado en prestigiosa zona de Valdemarín, que se distingue por su elegante y consolidado jardín privado de 167 m², exquisitamente diseñado para ofrecer un entorno de máxima tranquilidad y privacidad. Esta propiedad, situada en una ubicación inmejorable cerca de todos los servicios esenciales, combina lujo, comodidad y naturaleza. Esta propiedad cuenta con una superficie construida de 132 m² aproximadamente. Tiene un programa de tres amplios dormitorios más servicio, donde dos de ellos comparten un baño y el dormitorio principal goza de un baño en suite. Además, dispone de un tercer baño completo de cortesía proporcionando un espacio íntimo y exclusivo. El salón comedor con acceso directo a la terraza ofrece vistas del jardín, creando un ambiente perfecto para relajarse y disfrutar del aire libre en cualquier época del año. La cocina está completamente reformada y equipada con electrodomésticos de última generación. El jardín, con su vegetación muy cuidada, es un refugio de paz y belleza natural, ideal para momentos de descanso y disfrute en familia. La propiedad también cuenta con una plaza de garaje y un amplio trastero, ofreciendo soluciones prácticas de almacenamiento y comodidad. Ubicado en una de las zonas más exclusivas de Madrid, este bajo se beneficia de la proximidad a colegios, hospitales, centros comerciales y restaurantes de alta calidad, garantizando una calidad de vida excepcional y un entorno seguro y tranquilo. No pierda la oportunidad de vivir en este exclusivo bajo con un espectacular jardín privado a 10 minutos del centro. Valdemarín, barrio de Madrid que comprende el margen norte del barrio El Plantío, situado en el distrito de Moncloa-Aravaca. Está formado en su mayoría por chalets unifamiliares y viviendas de reciente creación en los márgenes de la A-6 y rodeado de monte. Las urbanizaciones de lujo situadas entre la carretera de A Coruña y el Monte de El Pardo, cuentan en su mayoría con seguridad de 24h y disfrutan de una cercanía y acceso cómodo desde la A-6. Todo un lujo natural a disfrutar con privacidad y seguridad a tan sólo 11km de Madrid. La zona residencial de Valdemarín es de las más exclusivas de Madrid donde las familias gozan de un confort extraordinario, disfrutando de excelentes comunicaciones, proximidad a Madrid y disponen de un entorno tranquilo, gozando de la naturaleza y tranquilidad en todos sus alrededores.",True,good,False,True,10227.0,False,False,True,False,[],False,False,1350000.0,€,flat,"Valdemarín, Madrid",Piso,,,True,True,,,,
105236067,https://img4.idealista.com/blur/480_360_mq/0/id.pro.es.image.master/fa/ea/a2/1345977237.webp,TIPO A,13,,1425000.0,chalet,sale,320.0,,6,6,Hermanos San Román s/n,Madrid,Pozuelo de Alarcón,Zona norte,es,Zona norte,40.4497489,-3.8072152,True,https://www.idealista.com/obra-nueva/105236067/,"“ALTOS DEL PARQUE” es una promoción de 11 exclusivos chalets adosados, con parcela privada, y urbanización con jardín y piscina. Viviendas con grandes posibilidades. ESPACIOS PERSONALIZABLES para adaptarse a las necesidades de cada familia. En el corazón de Pozuelo, con vistas al Parque Alcalde José Martín Crespo-Díaz, y junto a la Plaza de la Constitución y al Parque Prados de Torrejón, “ALTOS DEL PARQUE” se encuentra en un entorno privilegiado, con gran oferta de servicios, centros educativos, comerciales y de ocio. Una zona consolidada y bien comunicada con los principales ejes de la ciudad. Las viviendas, de hasta 6 dormitorios, cuentan con amplios espacios distribuidos en cuatro plantas. En planta baja está el salón, comedor, cocina, aseo de cortesía, y zonas exteriores de la vivienda con porche delantero y amplia terraza trasera con salida a los jardines de la urbanización. Primera planta de dormitorios con baño ensuite y armarios empotrados. Ático con sala de estar, o dormitorio con baño, y salida a gran terraza. Y en el sótano, zona de bodega con grandes ventanales, ampliamente iluminada a través de patio inglés, con sala de estar personalizable, y acceso directo al aparcamiento comunitario. “ALTOS DEL PARQUE” está concebida como una urbanización de viviendas que combinan el diseño moderno de una construcción con excelentes materiales, con el confort de unos espacios estudiados y concebidos para disfrutar de todas las comodidades que ofrecen. Entrega segundo semestre 2026.",False,,True,,4453.0,True,False,False,False,[],False,False,1425000.0,€,chalet,"Zona norte, Pozuelo de Alarcón",Chalet adosado en Hermanos San Román s/n,False,terracedHouse,True,True,,,,
107726835,https://img4.idealista.com/blur/480_360_mq/0/id.pro.es.image.master/e8/cf/20/1321003258.webp,456-C,24,,1570000.0,chalet,sale,425.0,,5,6,Santo Domingo,Madrid,Santo Domingo,,es,,40.6214081,-3.5780313,False,https://www.idealista.com/inmueble/107726835/,"ABETO COCHES Y CASAS -Magnífica vivienda con inmejorable ubicación, muy cercana al control de seguridad y a pocos minutos andando del centro comercial Santo Domingo. Bonita parcela completamente ajardinada, amplio porche con zona barbacoa, cenador y piscina privada de orientación sur. Magnífica vivienda de altas calidades, con fachada exterior en mármol travertino, suelos de madera y cristales emplomados. En planta principal dispone de un amplio salón comedor a dos alturas con salida directa al jardín, gran cocina con zona office y salida al porche del jardín, aseo de cortesía y sala de estar. En planta superior tenemos el dormitorio principal con chimenea, su vestidor privado y baño en suite, un dormitorio más con su baño en suite, y otros dos dormitorios que comparten un baño.  En planta baja cuenta con la zona de servicio o de invitados con salón, dormitorio y baño, cuarto de lavandería, gran sala de juegos, bodega, baño, y garaje privado con acceso directo a la vivienda. en el exterior dispone de otro garaje cubierto. ABETO COCHES Y CASAS - VEN A VERNOS A NUESTRA OFICINA EN EL CENTRO COMERCIAL SANTO DOMINGO -  ref: 456-C.",True,good,False,,3694.0,False,False,False,False,[],False,False,1570000.0,€,chalet,Santo Domingo,Casa independiente,,independantHouse,True,True,,,,
107767216,https://img4.idealista.com/blur/480_360_mq/0/id.pro.es.image.master/d9/30/ef/1329490219.webp,,19,1,309900.0,flat,sale,95.0,True,3,2,"avenida de las Castañeras, 22",Madrid,Arroyomolinos,Zona el Caño,es,,40.2720623,-3.9243568,True,https://www.idealista.com/inmueble/107767216/,"Agencia inmobiliaria en Arroyomolinos INMOBILIARIA TECNOCASA NUEVO ARROYOMOLINOS VENDE ESPECTACULAR PISO EN UNA DE LAS MEJORES ZONAS DE ARROYOMOLINOS. ¡Descubre tu nuevo hogar en Arroyomolinos! Este encantador piso de 95 m² es perfecto para disfrutar de la vida en familia. Con 3 amplios dormitorios y 2 baños, cada rincón está diseñado para ofrecer comodidad y funcionalidad. La cocina está completamente equipada, lista para que prepares deliciosas comidas. Además, cuenta con una acogedora terraza y un balcón donde podrás relajarte al aire libre. La ubicación es inmejorable, rodeado de todos los servicios que necesitas, desde supermercados hasta colegios, y a un paso de hermosas zonas verdes ideales para pasear o disfrutar de un día en familia. El edificio cuenta con ascensor y la plaza de garaje está incluida en el precio, lo que añade un extra de comodidad a tu día a día. Este piso de segunda mano se encuentra en buen estado. No dejes pasar la oportunidad de vivir en un lugar que combina confort, ubicación y calidad de vida. ¡Ven a verlo y enamórate de tu nuevo hogar!",False,good,False,False,3262.0,True,False,False,False,[],False,False,309900.0,€,flat,"Zona el Caño, Arroyomolinos","Piso en avenida de las Castañeras, 22",,,True,True,,,,
108630384,https://img4.idealista.com/blur/480_360_mq/0/id.pro.es.image.master/76/51/9b/1350452683.webp,W-030G5B,31,5,595000.0,flat,sale,92.0,True,1,1,Barrio Sol,Madrid,Madrid,Centro,es,Sol,40.4137478,-3.7044656,False,https://www.idealista.com/inmueble/108630384/,"Exclusivo atico abuhardillado de diseño Engel & Volkers tiene el placer de comercializar este exclusivo apartamento en el corazón de Madrid, en la famosa y vibrante zona de Sol, una joya arquitectónica construida en 1881 que ofrece una experiencia de vida única. Con una superficie total de 92 metros cuadrados, este elegante hogar en una quinta planta abuhardillado combina historia y modernidad, ideal para quienes buscan lo mejor de la vida urbana. Al entrar, el alargado, luminoso y cálido pasillo nos transporta a un espacio de vida de 86 metros cuadrados que junto con sus techos abuhardillados nos inundan de luz natural  El moderno salón comedor, con su cocina americana integrada ha sabido combinar lo moderno con lo histórico conservando sus vigas de madera originales que junto con sus ventanas de velux nos inunda de luz desde primeras horas del dia La zona de descanso compuesta por un amplio dormitorio independiente con sus gran cama doble, y unido a el como continuacion del salon otro espacio con otra gran cama doble nos transportan a ese merecido descanso  El cuarto de baño amplio, con una gran ducha y con bañera de época nos invita a ver las estrellas a la luz de las velas  El apartamento ha sido totalmente reformado, se entrega amueblado y listo para entrar a vivir  Descubra el encanto de vivir en un edificio histórico que ofrece todas las comodidades modernas que busca.  El inmueble con conserje refleja un estilo de vida de alto nivel Fantástica ubicación en zona centro, Sol es el corazón de Madrid y la Puerta del Sol la más famosa de toda la capital, el barrio cuenta con una variada dotación, tanto a nivel comercial, con grandes almacenes, como la recién y lujosa inaugurada Galería Canalejas y tiendas de las principales marcas nacionales e internacionales, así como con una amplia oferta hotelera de lujo, como el hotel Four Season, Marriott, rodeado de numerosas líneas de autobuses, estaciones de la red de metro y taxi. La oferta gastronómica y de ocio es igualmente amplia, con locales y restaurantes nacionales e internacionales.  Trás un agradable paseo, nos encontramos con algunas de las principales opciones culturales de la ciudad, como el Teatro Real, el Museo del Prado, el Thyssen-Bornemisza. En definitiva un lujo peatonal para disfrutar de lo mejor de Madrid .",False,good,False,True,6467.0,False,False,False,False,[],False,False,595000.0,€,flat,"Sol, Madrid",Piso,,,,,,,,
108532622,https://img4.idealista.com/blur/480_360_mq/0/id.pro.es.image.master/30/90/07/1341633600.webp,VT3.12,10,6,285800.0,flat,sale,115.0,True,3,2,Parcela A4-C3 s/n,Madrid,Madrid,Villa de Vallecas,es,Valdecarros,40.3444375,-3.6116875,True,https://www.idealista.com/obra-nueva/108532622/,"SIRIO Valdecarros – Tu nuevo hogar en el futuro de Madrid  95 viviendas VPPL en régimen de cooperativa, con garaje y trastero incluidos, en uno de los desarrollos urbanísticos más ambiciosos e innovadores de Madrid: Valdecarros. Promovido por SIRIO DESARROLLOS DEL ESTE I S. COOP. MAD. , en la parcela A4-C3.  Un barrio en crecimiento con futuro verde  Valdecarros será uno de los pulmones verdes de Madrid, con más de 700 hectáreas dedicadas a zonas verdes —¡el equivalente a casi 500 campos de fútbol y 6 veces el Parque del Retiro! y más de 125 km de carril bici. Contará con todos los servicios necesarios para vivir cómodamente: colegios, guarderías, centros de salud, hospitales, instalaciones deportivas, grandes parques y zonas comerciales como La Gavia.  Conectividad y movilidad sin complicaciones  Ubicado entre las autovías M-31 y M-45, Valdecarros ofrece acceso rápido a la M-50, A-3 y excelentes conexiones mediante transporte público: autobuses de tránsito rápido al centro de Madrid, Atocha y el aeropuerto.  Espacios comunes y sostenibilidad  El residencial está diseñado para ofrecer calidad de vida, con zonas comunes que incluyen:  Jardines Área infantil Sala gourmet comunitaria Piscina  Además, todas las viviendas están proyectadas con altas prestaciones energéticas, con calificación mínima B y posibilidad de alcanzar calificación A.",False,newdevelopment,True,True,2485.0,True,False,False,False,[],False,False,285800.0,€,flat,"Valdecarros, Madrid",Piso en Parcela A4-c3 s/n,False,,True,True,,,,
108602621,https://img4.idealista.com/blur/480_360_mq/0/id.pro.es.image.master/1b/65/45/1349695424.webp,DS-P66037B,15,5,1690000.0,flat,sale,145.0,True,3,2,calle de Maldonado,Madrid,Madrid,Barrio de Salamanca,es,Lista,40.435165,-3.6785716,False,https://www.idealista.com/inmueble/108602621/,"DIZA Consultores presenta esta exclusiva vivienda en Lista. Ubicado en la quinta planta de un edificio, en esquina, se encuentra este este apartamento de 145 metros cuadrados destaca por su luminosidad y estilo. El amplio salón-comedor dividido en dos ambientes, es muy espacioso y luminoso gracias a su orientación y disposición casi todo exterior, dando una sensación de amplitud y armonía en toda la estancias. En la zona de descanso, se encuentran tres dormitorios, siendo dos de ellos exteriores con orientación este, lo que hace que sean muy luminosos desde primera hora de la mañana y cuentan con tamaño suficiente para cama doble. El principal cuenta también con baño en suite. la cocina, completamente independiente, goza de un espacio muy amplio y de una ventilación natural excepcional. La ubicación del inmueble es excepcional, ya que se encuentra en el Barrio de Salamanca, se trata de una de las zonas más lujosas y con mejor calidad de vida de Europa. Gracias a la amplia oferta gastronómica, cultural y comercial, se trata de una formidable zona donde vivir e invertir. Inmobiliaria de lujo en Madrid especializada en comprar, vender y alquilar pisos en las zonas premium de Madrid: Barrio de Salamanca, Almagro, Chamartín, Retiro, Pozuelo, Aravaca, Boadilla. Convertimos Sueños en Hogares. DIZA Consultores Inmobiliarios.",False,good,False,True,11655.0,False,False,False,False,[],False,False,1690000.0,€,flat,"Lista, Madrid",Piso en calle de Maldonado,,,,,,,,
108532609,https://img4.idealista.com/blur/480_360_mq/0/id.pro.es.image.master/df/a4/0d/1341633646.webp,VT3.19,10,3,286100.0,flat,sale,115.0,True,3,2,Parcela A4-C3 s/n,Madrid,Madrid,Villa de Vallecas,es,Valdecarros,40.3444375,-3.6116875,True,https://www.idealista.com/obra-nueva/108532609/,"SIRIO Valdecarros – Tu nuevo hogar en el futuro de Madrid  95 viviendas VPPL en régimen de cooperativa, con garaje y trastero incluidos, en uno de los desarrollos urbanísticos más ambiciosos e innovadores de Madrid: Valdecarros. Promovido por SIRIO DESARROLLOS DEL ESTE I S. COOP. MAD. , en la parcela A4-C3.  Un barrio en crecimiento con futuro verde  Valdecarros será uno de los pulmones verdes de Madrid, con más de 700 hectáreas dedicadas a zonas verdes —¡el equivalente a casi 500 campos de fútbol y 6 veces el Parque del Retiro! y más de 125 km de carril bici. Contará con todos los servicios necesarios para vivir cómodamente: colegios, guarderías, centros de salud, hospitales, instalaciones deportivas, grandes parques y zonas comerciales como La Gavia.  Conectividad y movilidad sin complicaciones  Ubicado entre las autovías M-31 y M-45, Valdecarros ofrece acceso rápido a la M-50, A-3 y excelentes conexiones mediante transporte público: autobuses de tránsito rápido al centro de Madrid, Atocha y el aeropuerto.  Espacios comunes y sostenibilidad  El residencial está diseñado para ofrecer calidad de vida, con zonas comunes que incluyen:  Jardines Área infantil Sala gourmet comunitaria Piscina  Además, todas las viviendas están proyectadas con altas prestaciones energéticas, con calificación mínima B y posibilidad de alcanzar calificación A.",False,newdevelopment,True,True,2488.0,True,False,False,False,[],False,False,286100.0,€,flat,"Valdecarros, Madrid",Piso en Parcela A4-c3 s/n,False,,True,True,,,,
108494791,https://img4.idealista.com/blur/480_360_mq/0/id.pro.es.image.master/7e/fc/dc/1346591645.webp,2 4º A,5,4,517700.0,flat,sale,97.0,True,2,2,"calle Francisco Largo Caballero, 26",Madrid,Alcobendas,Norte,es,,40.5537554,-3.650864,True,https://www.idealista.com/obra-nueva/108494791/,"Desde GILMAR presentamos un proyecto inmobiliario residencial muy interesante, LC26 ALCOBENDAS Se trata de un edificio construido en el año 2000 en la calle Francisco Largo Caballero, 26 de la ciudad de Alcobendas, en la zona de Valdelasfuentes donde, a pocos metros de la promoción, se encuentra la ciudad deportiva más grande de la zona norte de Madrid, con varios campos de futbol, piscinas, polideportivo, pistas de tenis, pistas multiusos, gimnasio, muy cercano a la estación de cercanías de Renfe Valdelasfuentes y a la estación de metro de Manuel de Falla, lo que hace de su localización la mejor carta de presentación de este proyecto. El conjunto inmobiliario consta de 64 viviendas de 2 y 3 dormitorios, cada una con su trastero anejo, y plaza de garaje incluida en el precio. Las viviendas se distribuyen en 4 portales, con 16 viviendas en cada uno, a razón de 4 viviendas por cada planta, de la primera a la cuarta.  Se está haciendo una profunda rehabilitación en los elementos comunes e instalaciones generales del edificio que incluye, entre otras cosas, una gran actualización en la zona de acceso, portales y descansillos con una imagen más atractiva y actual. De cara a ofrecer unas viviendas muy comerciales a un precio realmente interesante se ha diseñado este proyecto inmobiliario en el que las viviendas se venden en su estado actual, que requiere una reforma interior de las mismas en lo correspondiente a las calidades y acabados.  Para garantizar una mayor economía y un orden en la ejecución de las reformas, reduciendo las molestias al mínimo durante el desarrollo de éstas a los futuros propietarios, se ha considerado indispensable que el futuro comprador contrate la reforma interior de su vivienda con la misma empresa constructora que está ejecutando las obras de las zonas comunes, todo ello sobre un proyecto, presupuesto y plazo de ejecución cerrados y definidos, y con un precio muy ajustado.  Tanto las ventas de las viviendas como la reforma de éstas se van a ir realizando por fases, coincidiendo con cada uno de los portales, de esta forma se pueden realizar los trabajos con más eficacia y se reducen las molestias y plazos de ejecución. Disponemos de piso piloto ya terminado y amueblado para ver como se entregarán las viviendas. Tenemos un acuerdo de financiación con Caixabank. LC26 Alcobendas es una perfecta opción para adquirir una vivienda tanto para uso propio como inversión, ya que existe una gran demanda de este tipo de viviendas en alquiler en esta zona.",False,newdevelopment,True,True,5337.0,False,False,False,False,[],False,False,517700.0,€,flat,"Norte, Alcobendas","Piso en calle Francisco Largo Caballero, 26",False,,True,True,,,,
108116120,https://img4.idealista.com/blur/480_360_mq/0/id.pro.es.image.master/56/8d/6b/1334319934.webp,MAD59184,8,3,1630000.0,penthouse,sale,251.0,True,3,3, Allendesalazar,Madrid,Madrid,Ciudad Lineal,es,Colina,40.4602254,-3.6649659,False,https://www.idealista.com/obra-nueva/108116120/,"Excelente ático de obra nueva de 3 dormitorios con 99 m² de terraza en venta en Arturo Soria Lucas Fox presenta Allendesalazar, una exclusiva promoción de obra nueva en una de las zonas residenciales más codiciadas de Madrid, Arturo Soria. Este excepcional proyecto ofrece 17 viviendas únicas, entre pisos, bajos con jardín y áticos, que destacan por su diseño vanguardista, espacios luminosos y la posibilidad de personalizar los interiores al gusto del propietario. Las viviendas, que disponen de superficies interiores que van desde los 66 m² hasta los 298 m², se completan con generosos espacios exteriores de hasta 157 m². Cada propiedad ha sido concebida para proporcionar el máximo confort, bienestar y eficiencia, ofreciendo distribuciones funcionales, abundante luz natural y acabados de primera calidad. Esta unidad en concreto se sitúa en la tercera y última planta del portal A y dispone de 120 m² construidos interiores, complementados por una agradable terraza privada de 99 m². La vivienda presenta una distribución equilibrada y funcional, con tres dormitorios y tres baños, además de una luminosa zona de día con salón-comedor y cocina abierta totalmente equipada, conectados entre sí para ofrecer un espacio amplio, confortable y lleno de luz natural. Allendesalazar se integra en un residencial privado de diseño contemporáneo que ofrece magníficas zonas comunes: dos piscinas exteriores con solárium y zonas ajardinadas, un gimnasio totalmente equipado, garaje subterráneo y trasteros privados. Todo ello pensado para disfrutar de un estilo de vida exclusivo y relajado, sin renunciar a las ventajas de vivir en el corazón de Madrid. Ubicado estratégicamente en la calle Allendesalazar, en el prestigioso barrio de Arturo Soria, el complejo goza de excelentes conexiones gracias a su proximidad a la M-30 y a vías principales como la calle Costa Rica. La zona ofrece una amplia variedad de servicios de ocio, restauración, educación, salud y comercios, además de numerosos parques y espacios verdes que aportan calidad de vida y tranquilidad. Allendesalazar representa una oportunidad única de adquirir una vivienda exclusiva en Madrid, donde el diseño, la calidad y la funcionalidad se combinan para ofrecer un estilo de vida distinguido, en un entorno residencial cuidadosamente diseñado para el bienestar y la comodidad de sus residentes. El precio de la vivienda incluye plaza de aparcamiento y trastero. Póngase en contacto con nosotros para obtener más información o concertar una visita privada.",False,newdevelopment,True,True,6494.0,True,False,False,False,[],False,False,1630000.0,€,flat,"Colina, Madrid",Ático en  Allendesalazar,False,penthouse,True,True,,,,
108912523,https://img4.idealista.com/blur/480_360_mq/0/id.pro.es.image.master/80/ab/22/1358734250.webp,1121,35,1,215000.0,flat,sale,82.0,True,3,1,Sureste,Madrid,Torrejón de Ardoz,Sureste,es,,40.4515238,-3.4694724,False,https://www.idealista.com/inmueble/108912523/,"3 dormitorios con terraza acristalada y disponibilidad inmediata ¿Buscas un piso listo para entrar a vivir en una zona bien comunicada y con todos los servicios a mano? Esta vivienda te ofrece lo que necesitas: comodidad, espacio y funcionalidad en un entorno consolidado, ideal tanto para familias como para quienes valoran tenerlo todo cerca. La vivienda cuenta con tres dormitorios de muy buen tamaño, todos con armarios empotrados vestidos, que facilitan el orden desde el primer día. El salón tiene acceso a una terraza acristalada, perfecta para aprovecharla todo el año como rincón de lectura, zona de plantas o espacio de relax. La cocina está amueblada y con electrodomésticos.  Dispone de calefacción individual por gas natural, y la caldera se instaló nueva hace dos años. Las ventanas son de aluminio. El edificio cuenta con ascensor, y está ubicado en una zona con excelente comunicación mediante transporte público y acceso rápido a las principales vías de entrada y salida de la ciudad. está ubicado en una comunidad tranquila, con buen ambiente vecinal. Además, tienes cerca colegios, supermercados, zonas verdes y todo tipo de comercios y servicios. No dejes pasar esta oportunidad. ¡Llámanos y ven a visitarlo!",False,good,False,True,2622.0,False,False,False,False,[],False,False,215000.0,€,flat,"Sureste, Torrejón de Ardoz",Piso,,,,,,,,
108049150,https://img4.idealista.com/blur/480_360_mq/0/id.pro.es.image.master/ca/32/3f/1332298625.webp,ONM2504004,19,,525000.0,chalet,sale,246.0,,3,4,El Soto - Coveta,Madrid,Móstoles,El Soto - Coveta,es,,40.3230063,-3.879262,False,https://www.idealista.com/obra-nueva/108049150/,"Descrubre un nuevo tipo de viviendas de vanguardia no sólo por su diseño totalmente personalizable, sino también por sus sistemas de producción y ahorro energético. Te presentamos el Residencial ATLANTIS ubicado en Móstoles (Madrid), en las calles Benito Pérez Galdós, María Moliner y Camino de Carrasquillas. Compuesto por 27 viviendas GEOSOLARES PERSONALIZABLES, todas ellas superan los 246 m2 construidos y están situadas en parcelas que oscilan desde los 155m2 hasta los 295m2. El interior de la vivienda es personalizable por completo según tus gustos y necesidades. Elige el número de habitaciones, ubicación de la cocina, si quieres garaje para tres coches o más sótano con cuarto de juegos, suelos, puertas, alicatados, pintura, sanitarios, griferías… También tu decoración, porque en el mismo precio incluye el asesoramiento de un interiorista. ¡Tu nueva Casa Geosolar será única y la más ahorradora! ¿Te imaginas vivir aquí?",False,newdevelopment,True,,2134.0,True,False,False,False,[],False,False,525000.0,€,chalet,"El Soto - Coveta, Móstoles",Chalet adosado,False,terracedHouse,True,True,,,,
107974939,https://img4.idealista.com/blur/480_360_mq/0/id.pro.es.image.master/a1/a0/43/1329934153.webp,W-028QIK,25,2,415000.0,flat,sale,57.0,True,1,1,Barrio Sol,Madrid,Madrid,Centro,es,Sol,40.4197556,-3.698584,False,https://www.idealista.com/inmueble/107974939/,"Atractivo apartamento en el centro de Madrid Engel & Völkers tiene el placer de comercializar esta magnifica y luminosa propiedad en el corazón de la capital. El inmueble se encuentra ubicado en la segunda planta de un edificio provisto de ascensor. La vivienda, con sus 57 metros cuadrados, presenta un diseño moderno y funcional, optimizando cada espacio con mobiliario hecho a medida, caracterizado por su calidad y buen gusto. La altura de los techos, de 3,00 metros, contribuye a generar una mayor sensación de amplitud. El apartamento consta de una cocina compacta, equipada con placa vitrocerámica, horno, nevera y lavadora El salón ofrece un ambiente confortable, complementado con un armario de pared a pared, revestido de espejos, que proporciona amplio espacio de almacenamiento y realza la sensación de amplitud. El dormitorio, grande, espacioso y luminoso, cuenta con un cabecero de cama revestido en cristal oscuro con iluminación LED retroiluminada, se completa este espacio con un balcón exterior con vistas agradables a una tranquila calle  El baño completo, de diseño, revestido y decorado con materiales de primera calidad. El apartamento se entrega amueblado y decorado con una decoración de diseño, disfrutando de abundante luz natural y un agradable iluminación ambiental mediante tecnología LED. La calefacción es eléctrica. Esta propiedad representa una excelente oportunidad tanto para residir en el centro de Madrid como para inversión con alta rentabilidad. Exclusividad, lujo y distinción para disfrutar de lo mejor de la capital Fantástica ubicación en zona centro, Sol es el corazón de Madrid y la Puerta del Sol la más famosa de toda la capital, el barrio cuenta con una variada dotación, tanto a nivel comercial, con grandes almacenes, como la lujosa inaugurada Galería Canalejas y tiendas de las principales marcas nacionales e internacionales, así como con una amplia oferta hotelera de lujo, como el hotel Four Season, Marriott, rodeado de numerosas líneas de autobuses, estaciones de la red de metro y taxi. La oferta gastronómica y de ocio es igualmente amplia, con locales y restaurantes nacionales e internacionales. Trás un agradable paseo, nos encontramos con algunas de las principales opciones culturales de la ciudad, como el Teatro Real, el Museo del Prado, el Thyssen-Bornemisza. En definitiva un lujo peatonal para disfrutar de lo mejor de Madrid.",False,good,False,True,7281.0,False,False,False,False,[],False,False,415000.0,€,flat,"Sol, Madrid",Piso,,,,,,,,
107944003,https://img4.idealista.com/blur/480_360_mq/0/id.pro.es.image.master/70/83/05/1329058253.webp,W-02ZOSL,24,,1202220.0,flat,sale,122.0,True,2,2,Barrio Huertas-Cortes,Madrid,Madrid,Centro,es,Huertas-Cortes,40.4109427,-3.6953621,False,https://www.idealista.com/inmueble/107944003/,"Luminosa vivienda a estrenar en edificio clásico rehabilitado Engel & Völkers presenta esta preciosa vivienda a estrenar en un edificio clásico totalmente rehabilitado. La vivienda de 122m2 construidos con una zona espectacular formada por un bonito espacio de zonas ajardinadas, además de un área de piscina climatizada, spa y gimnasio. Las obras han comenzado ya y está prevista la entrega a partir de enero de 2026. La vivienda consta de un salón, comedor y cocina, que se funden en un amplio y acogedor espacio para compartir con familiares y amigos. Cuenta además con dos dormitorios y dos baños, para ofrecer el máximo confort y privacidad. La vivienda cuenta con acabados de madera cálida en pasillos, con tonos neutros y cuidada iluminación y decoración en todas las estancias. Ubicado en el barrio de Cortes, su nombre oficial se debe a que dentro de este barrio se encuentra el Congreso de los Diputados, cámara baja de las Cortes Generales de España. El sobrenombre, más popular entre la población, se debe a las ""Huertas del Prado"" que se encontraban en el siglo XVII en el actual Paseo del Prado, que forma parte del Patrimonio Mundial de la UNESCO y que también dan nombre a la principal calle del barrio: la calle de las Huertas, muy próxima a la Plaza Neptuno y a la plaza Platería Martínez. La situación de la vivienda es excelente, no sólo por estar en el centro de Madrid, junto a los grandes museos, sino porque está dentro del circuito con más oferta gastronómica y de servicios de la ciudad. Una de las zonas de visita obligada a Madrid para disfrutar el ambiente que ofrece la ciudad. En la zona se ubican los museos del Prado y Thyssen-Bornemisza y en sus inmediaciones se halla el Centro de Arte Reina Sofía, promocionados turísticamente bajo la denominación de Paseo o Triángulo del Arte. Está rodeado de zonas verdes como el Jardín Botánico, y muy próximo al parque del Retiro, lo que lo hace perfecto para quienes quieren vivir en el centro de Madrid pero sin dejar de lado el contacto con la naturaleza. También se encuentra en el nuevo área del lujo del Centro Canalejas, Four Seasons y JW Marriott. Es el barrio simbólico donde se funde tradición y vanguardia, el foco cultural de la ciudad El nivel de infraestructuras y servicios en la zona es excelente. Está muy bien comunicada por transporte público. Posee una amplia dotación de pequeños locales de moda: restaurantes, bares, cafés, librerías, tiendas, galerías de arte y talleres coworking. También colegios, cines, teatros y salas de espectáculos se pueden encontrar por la zona.",False,good,False,True,9854.0,False,False,False,False,[],False,False,1202220.0,€,flat,"Huertas-Cortes, Madrid",Piso,,,,,,,,
106144092,https://img4.idealista.com/blur/480_360_mq/0/id.pro.es.image.master/51/e7/5f/1273826733.webp,1ºB,6,1,415000.0,flat,sale,103.0,True,3,2,"calle SANTA CLARA, 10",Madrid,San Lorenzo de El Escorial,Abantos - Carmelitas,es,,40.5954752,-4.1421639,True,https://www.idealista.com/obra-nueva/106144092/,"""Los Jardines de San Lorenzo"" es un nuevo proyecto residencial en un espacio natural privilegiado de la Sierra de Guadarrama.  La promoción contempla la edificación de 8 viviendas con trastero, piscina y 9 plazas de aparcamiento, en régimen de vivienda libre.  Está organizada en un edificio independiente, bajos de cota alta con jardín, primeros en planta y segundos en dúplex en planta y bajo cubierta. Viviendas La tipología de las viviendas son de 3 dormitorios en la totalidad de sus diferentes unidades. Las viviendas contarán con: • Plazas de aparcamiento y trastero, incluidos en el precio • Jardín y piscina comunitarios • Ascensor en todos los niveles • Climatización frío y calor, con sistema de aerotermia y suelo refrescante • Cocinas amuebladas y equipadas con electrodomésticos (horno, microondas, campana,  placa de inducción, lavadora-secadora, lavavajillas y frigorífico) • Carpintería exterior con doble acristalamiento y rotura de puente térmico • Carpintería de interior con puertas macizas y armarios • Acabados interiores de primera calidad Sagelliv con más de 25 años de experiencia, es fiel a su filosofía de trabajo: “Con dedicación, creando hogares” Ponemos a su disposición nuestro equipo de trabajo en nuestras oficinas, siempre con cita previa: • Plaza de la Villa, 14 - 1º Loeches – Madrid. • C/Quiterio López, 5 – 1º D El Escorial – Madrid.",False,newdevelopment,True,True,4029.0,True,False,False,False,[],False,False,415000.0,€,flat,"Abantos - Carmelitas, San Lorenzo de El Escorial","Piso en calle Santa Clara, 10",False,,True,True,,,,
105061568,https://img4.idealista.com/blur/480_360_mq/0/id.pro.es.image.master/91/da/77/1287859171.webp,,7,,307439.0,flat,sale,77.0,True,2,2,Cerro Del Baile s/n,Madrid,San Sebastián de los Reyes,Dehesa Vieja-Puente Cultural,es,,40.5629539,-3.6180861,True,https://www.idealista.com/obra-nueva/105061568/,"Quizá estés pensando en el momento de independizarte, tener en un futuro próximo tu propia casa cerca de tu familia y amigos, quizás estés pensando en el momento en que tus hijos se independicen y puedan hacerlo cerca de ti, o estes pensando en que tu familia crece y necesitas una casa más grande… pues bien, tal vez ha llegado el momento y encuentres esa casa para ti o los tuyos en Niceurban Cerro del Baile.   Nice Urban Cerro del Baile” es un proyecto de 91 viviendas de VPPL (Vivienda de Precio Limitado) en régimen de cooperativa, en el futuro barrio de Cerro del Baile en San Sebastián de los Reyes. Un proyecto de diseño vanguardista, con amplias ventanas donde la luz cada mañana ilumina todas las estancias dándole vida a los espacios y donde disfrutar de veladas con familia y amigos en sus terrazas y jardines, donde escribir tantas historias diferentes…  ** NOTA: El precio desde para la tipología de 2D y 3D incluye dos plazas de garaje y trastero.",True,newdevelopment,True,True,3993.0,True,False,False,False,[],False,False,307439.0,€,flat,"Dehesa Vieja-Puente Cultural, San Sebastián de los Reyes",Piso en Cerro Del Baile s/n,False,,True,True,,,,
106144191,https://img4.idealista.com/blur/480_360_mq/0/id.pro.es.image.master/51/e7/5f/1273826733.webp,2ºD,6,2,433000.0,duplex,sale,111.0,True,3,3,"calle SANTA CLARA, 10",Madrid,San Lorenzo de El Escorial,Abantos - Carmelitas,es,,40.5954752,-4.1421639,True,https://www.idealista.com/obra-nueva/106144191/,"""Los Jardines de San Lorenzo"" es un nuevo proyecto residencial en un espacio natural privilegiado de la Sierra de Guadarrama.  La promoción contempla la edificación de 8 viviendas con trastero, piscina y 9 plazas de aparcamiento, en régimen de vivienda libre.  Está organizada en un edificio independiente, bajos de cota alta con jardín, primeros en planta y segundos en dúplex en planta y bajo cubierta. Viviendas La tipología de las viviendas son de 3 dormitorios en la totalidad de sus diferentes unidades. Las viviendas contarán con: • Plazas de aparcamiento y trastero, incluidos en el precio • Jardín y piscina comunitarios • Ascensor en todos los niveles • Climatización frío y calor, con sistema de aerotermia y suelo refrescante • Cocinas amuebladas y equipadas con electrodomésticos (horno, microondas, campana,  placa de inducción, lavadora-secadora, lavavajillas y frigorífico) • Carpintería exterior con doble acristalamiento y rotura de puente térmico • Carpintería de interior con puertas macizas y armarios • Acabados interiores de primera calidad Sagelliv con más de 25 años de experiencia, es fiel a su filosofía de trabajo: “Con dedicación, creando hogares” Ponemos a su disposición nuestro equipo de trabajo en nuestras oficinas, siempre con cita previa: • Plaza de la Villa, 14 - 1º Loeches – Madrid. • C/Quiterio López, 5 – 1º D El Escorial – Madrid.",False,newdevelopment,True,True,3901.0,True,False,False,False,[],False,False,433000.0,€,flat,"Abantos - Carmelitas, San Lorenzo de El Escorial","Dúplex en calle Santa Clara, 10",False,duplex,True,True,,,,
108692705,https://img4.idealista.com/blur/480_360_mq/0/id.pro.es.image.master/08/2e/8a/1357793069.webp,07725,50,bj,728000.0,flat,sale,242.0,True,3,3,Viñas Viejas,Madrid,Boadilla del Monte,Viñas Viejas,es,,40.4126645,-3.8962971,False,https://www.idealista.com/inmueble/108692705/,"Ubicado en una fantástica urbanización cerrada que ofrece múltiples servicios diseñados para el disfrute de toda la familia en un entorno muy cuidado y agradable. DISTRIBUCIÓN:  La vivienda se distribuye en dos cómodas plantas: *En la planta principal: recibidor con armario de cortesía. Cocina totalmente equipada con electrodomésticos y mobiliario, en tonos suaves, de gran capacidad de almacenaje. Conectada con una práctica zona de lavado acristalada y con acceso directo al jardín privado de 128 m2. Acogedor jardín de esquina, parcialmente solado y con un pequeño parterre de césped artificial que aporta un toque verde y decorativo. Se ha ampliado la zona pavimentada para disfrutar de un porche más amplio, perfecto para reuniones al aire libre. Cuenta además con una elegante pérgola con techo de policarbonato, de gran durabilidad y resistencia, y una caseta como espacio de almacenaje.  En esta misma planta se encuentran dos dormitorios, ambos con armarios empotrados y gran luminosidad gracias a su orientación este y sus amplios ventanales. Dos baños; uno con bañera integrado en el dormitorio principal y el otro con plato de ducha.  Amplio y luminoso salón con grandes ventanales que permiten disfrutar de agradables vistas al jardín privado, aportando una sensación de continuidad entre el interior y el exterior. *Bajamos a la planta sótano; ideal si necesitas un espacio privado ya que dispone de puerta de seguridad. Esta planta ha sido reformada para convertirla en un espacio completamente habitable. Dispone de calefacción y aire acondicionado por conducción interna. Cuenta con un amplio salón, un baño con plato de ducha y un encantador patio inglés de 15 m 2 con grandes ventanas tipo velux accionables con mando a distancia. Gracias a su diseño, ofrece abundante luz natural y un alto nivel de privacidad, lo que la convierte en una zona ideal para disfrutar con comodidad y tranquilidad. Se incluyen dos plazas de garaje de 12,50 m2 y 18 m2 cada una.  La vivienda se ubica en una de las urbanizaciones más exclusivas de Viñas Viejas, destacada por sus amplios espacios comunes y zonas de ocio. Dispone de dos piscinas de verano —una infantil y otra para adultos—, piscina climatizada para el invierno, gimnasio, pista polivalente, pista de pádel y cuidados jardines que invitan al disfrute y la tranquilidad durante todo el año. COMERCIO Y SERVICIOS: Comercio local, Supermercados, Hipermercados, Veterinarios, Centros de salud, Guarderías, Salones de belleza. Espacios para el deporte. Próximo a gran variedad de locales de restauración en el Sector B. COLEGIOS Y UNIVERSIDADES: C.E.U, Alfonso X El Sabio, Universidad Europea, Campus Somosaguas. Eurocolegio Casvi, Virgen de Europa, Mirabal, José Bergamin, Hélade. SOBRE BOADILLA DEL MONTE:  La localidad cuenta con más de 800 ha de espacios protegidos, con bosques de encinas y pinos: ideal para actividades al aire libre como senderismo, ciclismo o paseos familiares. Combina un entorno natural excepcional, servicios de alta calidad, seguridad, buen nivel educativo y sanitario, junto a una excelente conectividad y un tejido residencial pujante. Es ideal para familias, profesionales y quienes buscan bienestar cerca de Madrid sin renunciar a tranquilidad ni a un entorno verde. *Fotos de salón comedor, dormitorios, terraza y sótano tienen decoración virtual hecha con IA* *El precio de venta no incluye los gastos de Notaría, Registro e impuestos*.",False,good,False,True,3008.0,True,False,False,False,[],False,False,728000.0,€,flat,"Viñas Viejas, Boadilla del Monte",Piso,,,True,True,,,,
107625794,https://img4.idealista.com/blur/480_360_mq/0/id.pro.es.image.master/0d/a0/cf/1267156013.webp,2D PLANTA PRIMERA,11,1,325000.0,flat,sale,77.0,True,2,2,paseo de la Convivencia s/n,Madrid,Torrejón de Ardoz,Sureste,es,,40.4512184,-3.4522824,True,https://www.idealista.com/obra-nueva/107625794/,"Le presentamos Aires de Torrejón, un proyecto diseñado con los mayores estándares de calidad y bienestar y cuya arquitectura está llamada a ser protagonista en Torrejón de Ardoz. Una promoción única que aguarda 14 magníficas viviendas exteriores, de dos dormitorios con terraza, que buscan el beneficio máximo de la luz natural y que están pensadas para ser vividas y disfrutadas con la mayor comodidad.  El proyecto explora y persigue la máxima conexión del edificio con la belleza exterior del cuidado paisajismo. La ubicación se convierte en el destino predilecto de muchas familias que buscan vivir en una zona tranquila con unas conexiones únicas y rodeada de grandes parques. Aires de Torrejón cuenta con 14 viviendas de 2 dormitorios, que crean una sensación de armonía con el exterior contando con amplias terrazas. La elegante volumetría con la que ha sido diseñado busca al máximo el aprovechamiento de la iluminación natural, mediante amplios ventanales creando la máxima conexión con el exterior. El Aires de Torrejón con una selección de las mejores estancias comunitarias y servicios, creados como espacios únicos que ofrecen experiencias centradas en el bienestar y disfrute de la comunidad: un cenador y chill out, una zona de descanso equipada con sofás con vistas a las zonas verdes, hará que cada minuto compartido con amigos o familia, sea un recuerdo imborrable. Se trata de un edificio de viviendas diseñado buscando una mayor eficiencia para un bajo consumo energético que favorece el uso racional de la energía, cuidando al mismo tiempo el medio ambiente, la calidad y el confort climático dentro de la vivienda. La vivienda contará con la máxima calificación energética: calificación A tanto en consumo como en emisiones. Deseamos que disfrute del máximo bienestar, por lo que le ofrecemos viviendas de primera calidad: una construcción de diseño contemporáneo para la que Amenabar ha contado con la experiencia y el saber hacer del prestigioso estudio F&G Arquitectos, encargado del proyecto arquitectónico.  Ofrecemos además un servicio de personalización mediante el cual el equipo de arquitectos de Amenabar le asesorará en todo lo que necesite para adaptar la vivienda a sus preferencias, dentro de las opciones ofrecidas en el programa propio. La entrega de las viviendas está prevista para finales del 2026. Adicionalmente contamos con otra promoción en Torrejón de Ardón, Jardines de Torrejón un proyecto diseñado con los mayores estándares de calidad y bienestar y cuya arquitectura está llamada a ser protagonista en Torrejón. Una promoción única que aguarda 122 magníficas viviendas exteriores, de dos y tres dormitorios con terraza, que buscan el beneficio máximo de la luz natural y que están pensadas para ser vividas y disfrutadas con la mayor comodidad.  Le invitamos a visitar la página web de la promoción donde podrá encontrar tanto los planos de las viviendas disponibles (2 y 3 dormitorios) como imágenes de la promoción. Así mismo, si desea ampliar la información puede reservar una cita, tanto presencial como por videollamada, en el apartado ""Reserve su cita"" en la web o el siguiente enlace o contactándonos en el teléfono.",False,,True,True,4221.0,True,False,False,False,[],False,False,325000.0,€,flat,"Sureste, Torrejón de Ardoz",Piso en paseo de la Convivencia s/n,False,,True,True,,,,
101931700,https://img4.idealista.com/blur/480_360_mq/0/id.pro.es.image.master/ed/6e/bb/1350229392.webp,,9,,229000.0,flat,sale,61.0,,1,1,"calle Hermanos Álvarez Quintero, 22",Madrid,Getafe,La Alhóndiga,es,,40.3100733,-3.7396604,True,https://www.idealista.com/obra-nueva/101931700/,"Conjunto de vivienda y plaza de garaje a la venta en un edificio en construcción situado en Getafe, en Madrid. Fabulosa vivienda situada en la primera planta del edificio y distribuida en en un amplio salón-comedor con la cocina integrada, amueblada y equipada, 1 dormitorio con zona de vestidor y 1 baño. Gozará de muy buenas calidades constructivas y con acabados de calidad. La plaza de garaje estará ubicada en la planta sótano del edificio. La finca, que dispondrá de portero automático y ascensor adaptado para personas con movilidad reducida, se emplaza en una zona residencial equipada con todo tipo de servicios que facilitan tu día a día: centros educativos, el Hospital Universitario de Getafe, comercios de toda clase, supermercados, entidades bancarias, servicios de restauración, etc. Además, goza de muy buenas y rápidas comunicaciones tanto por carretera como por transporte público ya que el acceso a la carretera A-42 se encuentra a menos de 500 metros y la estación de Metro y Cercanías de Getafe Centro a menos de 650 metros. A menos de 15 minutos en coche del centro de Madrid. ¿A qué estás esperando? Llámanos y te informamos sin ningún compromiso.",False,,True,True,3754.0,True,False,False,False,[],False,False,229000.0,€,flat,"La Alhóndiga, Getafe","Piso en calle Hermanos Álvarez Quintero, 22",False,,,,,,,
105061571,https://img4.idealista.com/blur/480_360_mq/0/id.pro.es.image.master/27/19/35/1287859343.webp,,7,,370571.0,flat,sale,98.0,True,3,2,Cerro Del Baile s/n,Madrid,San Sebastián de los Reyes,Dehesa Vieja-Puente Cultural,es,,40.5629539,-3.6180861,True,https://www.idealista.com/obra-nueva/105061571/,"Quizá estés pensando en el momento de independizarte, tener en un futuro próximo tu propia casa cerca de tu familia y amigos, quizás estés pensando en el momento en que tus hijos se independicen y puedan hacerlo cerca de ti, o estes pensando en que tu familia crece y necesitas una casa más grande… pues bien, tal vez ha llegado el momento y encuentres esa casa para ti o los tuyos en Niceurban Cerro del Baile.   Nice Urban Cerro del Baile” es un proyecto de 91 viviendas de VPPL (Vivienda de Precio Limitado) en régimen de cooperativa, en el futuro barrio de Cerro del Baile en San Sebastián de los Reyes. Un proyecto de diseño vanguardista, con amplias ventanas donde la luz cada mañana ilumina todas las estancias dándole vida a los espacios y donde disfrutar de veladas con familia y amigos en sus terrazas y jardines, donde escribir tantas historias diferentes…  ** NOTA: El precio desde para la tipología de 2D y 3D incluye dos plazas de garaje y trastero.",True,newdevelopment,True,True,3781.0,True,False,False,False,[],False,False,370571.0,€,flat,"Dehesa Vieja-Puente Cultural, San Sebastián de los Reyes",Piso en Cerro Del Baile s/n,False,,True,True,,,,
107978638,https://img4.idealista.com/blur/480_360_mq/0/id.pro.es.image.master/57/d8/2f/1323107202.webp,ONM2502005-4,13,4,420000.0,studio,sale,44.0,True,0,1,Barrio Malasaña-Universidad,Madrid,Madrid,Centro,es,Malasaña-Universidad,40.4281919,-3.7051855,False,https://www.idealista.com/obra-nueva/107978638/,"Ubicado en el corazón de Malasaña, en la emblemática Calle Monteleón, este edificio representa una oportunidad única de inversión en una de las zonas más dinámicas y cotizadas de Madrid. Se trata de un proyecto de rehabilitación integral, el inmueble se transformará en un espacio moderno y funcional, manteniendo el encanto arquitectónico del barrio. Ideal para desarrollar residencial prime, apartamentos turísticos o coliving, el edificio ofrece una combinación perfecta de tradición y vanguardia. El proyecto consta de 9 estudios y 5 viviendas de 2 dormitorios con acceso directo a un parking robotizado de más de 40 plazas. Cada detalle sale a la luz tras una rehabilitación que tiene como premisa la optimización del diseño y la funcionalidad de cada uno de los 14 apartamentos del edificio. Si buscas un activo exclusivo con gran potencial en una de las áreas más vibrantes de Madrid, Monteleón, es la inversión ideal. Contáctanos para más información sobre esta oportunidad única.  El Barrio de Universidad (en su origen conocido como Barrio de Maravillas) es un barrio del distrito Centro con bastante ambiente alternativo y vida nocturna. Algunos entendidos han llegado a compararlo con el Camden Town de Londres o el Barrio Alto de Lisboa. Por su situación estratégica entre los barrios de Chueca y de Argüelles, sus calles focalizaron en gran parte los movimientos de la llamada Movida madrileña de los años 70 y años 80. Muy bien comunicado, es una buena opción para vivir tanto para estudiantes como para público más adulto y post universitarios.",False,newdevelopment,True,True,9545.0,True,False,False,False,[],False,False,420000.0,€,flat,"Malasaña-Universidad, Madrid",Estudio,False,studio,,,,,,
108891329,https://img4.idealista.com/blur/480_360_mq/0/id.pro.es.image.master/04/84/37/1358095481.webp,,28,3,995000.0,flat,sale,145.0,True,3,4,"calle del General Margallo, 31",Madrid,Madrid,Tetuán,es,Cuzco-Castillejos,40.4605772,-3.6950316,True,https://www.idealista.com/inmueble/108891329/,"¡FOTOS 100% REALES! Maravillosa vivienda con REFORMA INTEGRAL a estrenar en la que se ha renovado electricidad, fontanería, carpintería y distribución maximizando las posibilidades del espacio. Absolutamente todo nuevo para disfrutar o rentabilizar una vivienda nueva por muchos años. 145m2 distribuidos en 3 habitaciones amplias todas ellas con baño en suite y gran armario empotrado, el principal con vestidor, un aseo de cortesía, salón comedor con salida a la terraza y comunicado con cocina completamente equipada con electrodomésticos de primeras marcas integrados y con garantía. La vivienda dispone de mucho espacio de almacenaje y se entrega amueblada y decorada al detalle por prestigiosos interioristas, cuenta con aire acondicionado y calefacción en todas las estancias. La vivienda se encuentra en la tercera planta de un edificio bien cuidado, dispone de ascensor y portero fisico con posibilidad de adquirir una plaza de garaje en el mismo edificio. Zona completamente consolidada con todo tipo de servicios, comercio tradicional, supermercados, colegios, amplias zonas verdes etc. Muy bien comunicado con varias líneas de autobuses y metro. No dudes en contactarnos para ampliar información o solicitar una visita, no dejes que se te escape.",True,good,False,True,6862.0,True,False,False,False,[],False,False,995000.0,€,flat,"Cuzco-Castillejos, Madrid","Piso en calle del General Margallo, 31",,,True,False,,,,30000.0
108048776,https://img4.idealista.com/blur/480_360_mq/0/id.pro.es.image.master/89/7a/8c/1332298532.webp,ONM2504004,19,,525000.0,chalet,sale,248.0,,3,3,El Soto - Coveta,Madrid,Móstoles,El Soto - Coveta,es,,40.3250174,-3.8774152,False,https://www.idealista.com/obra-nueva/108048776/,"Descrubre un nuevo tipo de viviendas de vanguardia no sólo por su diseño totalmente personalizable, sino también por sus sistemas de producción y ahorro energético. Te presentamos el Residencial ATLANTIS ubicado en Móstoles (Madrid), en las calles Benito Pérez Galdós, María Moliner y Camino de Carrasquillas. Compuesto por 27 viviendas GEOSOLARES PERSONALIZABLES, todas ellas superan los 246 m2 construidos y están situadas en parcelas que oscilan desde los 155m2 hasta los 295m2. El interior de la vivienda es personalizable por completo según tus gustos y necesidades. Elige el número de habitaciones, ubicación de la cocina, si quieres garaje para tres coches o más sótano con cuarto de juegos, suelos, puertas, alicatados, pintura, sanitarios, griferías… También tu decoración, porque en el mismo precio incluye el asesoramiento de un interiorista. ¡Tu nueva Casa Geosolar será única y la más ahorradora! ¿Te imaginas vivir aquí?",False,newdevelopment,True,,2117.0,True,False,False,False,[],False,False,525000.0,€,chalet,"El Soto - Coveta, Móstoles",Chalet adosado,False,terracedHouse,True,True,,,,
106703948,https://img4.idealista.com/blur/480_360_mq/0/id.pro.es.image.master/f1/02/29/1291507320.webp,DS-P94012B,14,2,2955000.0,flat,sale,220.0,True,3,3,calle de Velázquez,Madrid,Madrid,Barrio de Salamanca,es,Castellana,40.4316729,-3.6823561,False,https://www.idealista.com/inmueble/106703948/,"DIZA Consultores les presenta piso familiar, en edificio representativo, en la calle Velázquez. En la segunda planta de un edificio de mediados del siglo XX por un arquitecto de reconocido prestigio, encontramos este piso de techos altos con 220 metros cuadrados, dando a un patio de manzana muy agradable. La vivienda tiene una configuración clásica con el recibidor distribuyendo las diferentes zonas. La zona social es muy amplia y luminosa con salón-comedor. El comedor está comunicado con la zona de cocina y tiene capacidad doce comensales. Los grandes ventanales de los salones, hacen de estas estancias un lugar luminoso dando sensación de gran amplitud. La zona de descanso se compone por tres dormitorios principales. El dormitorio principal es de gran tamaño y con la opción de dejar un baño en suite. La cocina es muy amplia, pudiendo crear un comedor de diario, zona de lavandería y entrada independiente. La finca cuenta con portero físico de lunes a domingo en horario de portería, calefacción central, plaza de garaje grande y trastero en el edificio. El barrio Salamanca se trata de una de las zonas más lujosas y con mejor calidad de vida de Europa. Gracias a la amplia oferta gastronómica, cultural y comercial, se trata de una formidable zona donde vivir e invertir. Estaremos encantados de atenderle. DIZA Consultores Inmobiliarios Inmobiliaria de lujo en Madrid especializada en comprar, vender y alquilar pisos en las zonas premium de Madrid: Barrio de Salamanca, Almagro, Chamartín, Retiro, Pozuelo, Aravaca, Boadilla. Convertimos Sueños en Hogares.",False,good,False,False,13432.0,False,False,False,False,[],False,False,2955000.0,€,flat,"Castellana, Madrid",Piso en calle de Velázquez,,,,,,,,
108075985,https://img4.idealista.com/blur/480_360_mq/0/id.pro.es.image.master/28/e6/57/1333075504.webp,30042025,52,,399000.0,chalet,sale,182.0,,5,2,calle del Sauce,Madrid,Gargantilla del Lozoya,,es,,40.9566687,-3.7111318,False,https://www.idealista.com/inmueble/108075985/,"BREM GLOBAL INMOBILIARIA PRESENTA CHALET INDEPENDIENTE CON VISTAS en Gargantilla de Lozoya de un estilo singular. Con una superficie de 182 m² y construido sobre una parcela totalmente plana de 2450 m², en una urbanización de este municipio.  Se accede a la casa a través de un gran porche acristalado como recibidor, salón comedor con chimenea de obra y cassette, la cocina con salida a la parcela, salita de estar, dos habitaciones dobles con armario empotrado, baño con bañera. A la planta de arriba se accede por una escalera de madera y cuenta con una sala principal muy agradable, dos habitaciones dobles, una de ellas con un altillo, un despacho y un baño con bañera. Hay otro nivel más, donde tenemos una biblioteca y un rincón de lectura.  La casa construida en 1976. Ocupa tres parcelas catastrales, con una superficie sobre rasante de 244 m². Las carpinterías exteriores, planta baja aluminio lacado en blanco, doble acristalamiento, climalit, con barrotillo. Mallorquinas de hierro macizo en todas las ventanas. La planta alta madera con barrotillo y los porches acristalados, la carpintería interior madera maciza con cristaleras en salón con doble puerta y pasillo. La calefacción de gasoil, con radiadores de gran formato, se ubica en el garaje la caldera y el depósito de gasoil. Uso para aperos y por último, una casita de madera.  La parcela totalmente vallada, con 44 y 70 de fachada y 41 m de fondo. Dispone de un pozo para el riego, está adornada con algún fresno, alguno de ellos ejemplares de gran tamaño y otras especies, en parte adoquinada y encintada y ajardinada. Las vistas y el entorno natural y tranquilidad lo convierten en un lugar privilegiado para el descanso.  En el apartado urbanístico, hay dos parcelas que tras la segregación que se podrían edificar dos casas haciendo una ocupación del treinta por ciento de la superficie del suelo, con 926 y 751 m². Dos plantas residenciales y además uso terciario. Si deseas conocer una propiedad única, con unas características urbanísticas muy interesantes, todo ello combinado con un entorno natural único…¡ LLAMANOS!",True,good,False,,2192.0,True,False,True,True,[],False,False,399000.0,€,chalet,Gargantilla del Lozoya,Casa independiente en calle del Sauce,,independantHouse,True,True,,,,
105027765,https://img4.idealista.com/blur/480_360_mq/0/id.pro.es.image.master/d2/bf/25/1239611452.webp,105027765,34,,130000.0,chalet,sale,130.0,,5,1,avenida de Madrid,Madrid,Buitrago del Lozoya,,es,,40.9909011,-3.6369324,False,https://www.idealista.com/inmueble/105027765/,"¡ ATENCIÓN INVERSORES! BREM GLOBAL INMOBILIARIA Presenta: Casa de pueblo en Buitrago del Lozoya pueblo situado a 75 km de Madrid en la Sierra Norte, muy cerca de las estribaciones de Somosierra y a los pies de la Sierra de Guadarrama.   La parcela con 241 m² sobre la que se construyó una casa en el año 1965 de dos plantas y bajo cubierta de 130 m² con la robustez y muros anchos con las características de aquella época. Un amplio recibidor da paso a la casa en la planta baja que se compone de salón a la derecha y el comedor a la izquierda, cocina con chimenea con despensa, un servicio y una habitación doble en la planta baja. La planta alta amplio distribuidor cuatro habitaciones dobles y la subida al desván con vigas de madera. Una parcela disponible de 175 m² vallada en piedra seca. La casa admite hacer una reforma de actualización, calle en una parte del pueblo tranquila, muy bien comunicada con el transporte público y muy cerca del Rio Lozoya en uno de los municipios con más historia de la Comunidad de Madrid. Ideal si uno desea montar una casa rural en la zona para aprovechar la demanda sostenida de la zona a nivel turístico. Tanto si deseas invertir como si deseas disfrutar de una vivienda en unos de los municipios más demandados de la Comunidad de Madrid, no lo dudes…. ¡ VEN A VISTARNOS!",True,renew,False,,1000.0,True,False,False,True,[],False,False,130000.0,€,chalet,Buitrago del Lozoya,Casa independiente en avenida de Madrid,,independantHouse,,,,,,
