propertyCode,thumbnail,externalReference,numPhotos,floor,price,propertyType,operation,size,exterior,rooms,bathrooms,address,province,municipality,district,country,neighborhood,latitude,longitude,showAddress,url,description,hasVideo,status,newDevelopment,hasLift,priceByArea,hasPlan,has3DTour,has360,hasStaging,notes,topNewDevelopment,topPlus,priceInfo.price.amount,priceInfo.price.currencySuffix,detailedType.typology,suggestedTexts.subtitle,suggestedTexts.title,highlight.groupDescription,parkingSpace.hasParkingSpace,parkingSpace.isParkingSpaceIncludedInPrice,detailedType.subTypology,priceInfo.price.priceDropInfo.formerPrice,priceInfo.price.priceDropInfo.priceDropValue,priceInfo.price.priceDropInfo.priceDropPercentage
104773945,https://img4.idealista.com/blur/480_360_mq/0/id.pro.es.image.master/99/07/a7/1231193775.webp,VM2410038,51,1,3195000.0,flat,sale,277.0,True,5,5,calle de Núñez de Balboa,Madrid,Madrid,Barrio de Salamanca,es,Castellana,40.4281856,-3.6830225,False,https://www.idealista.com/inmueble/104773945/,"PISO MUY AMPLIO, YA SEGREGADO Y CON TERRAZAS EN PLENA MILLA DE ORO Presentamos esta magnífica propiedad de 277 m², a metros de Ortega y Gasset, y de la zona de tiendas más lujosas y exclusivas en Madrid. Se trata de dos pisos, independientes en Registro, que actualmente se encuentran unidos para constituir una vivienda de lujo, en muy buen estado, de cinco habitaciones, tres de ellas con baño en suite, cinco baños, un estupendo salón con terraza al frente y amplio comedor. Destacan los impecables suelos de mármol blanco. La suite principal con impresionante vestidor de 28 puertas, y con un agradable balcón al frente. Cuenta también con patio interior, como jardín de invierno. Ambos pisos cuentan con terrazas (una al frente exterior y otra más amplia hacia soleado patio de manzana).   Cuenta con cocina independiente, dependencia de servicio, zona de lavandería y despensa. Dado que se trata de dos propiedades tanto en Registro como en Catastro, está ya segregada y se puede dividir fácilmente para obtener nuevamente los dos pisos originales de 160 m² y 117 m². Es una única oportunidad, tanto para quien desea un amplio piso como vivienda en una de las zonas más exclusivas y cotizadas de Madrid, así como por su potencial de inversión al poder obtener, sin necesidad de trámite alguno, dos viviendas independientes, ambas luminosas y de amplias dimensiones. ¿Te imaginas vivir aquí?  Contacte con nosotros para ver más inmuebles similares.",True,good,False,True,11534.0,False,False,False,False,[],False,False,3195000.0,€,flat,"Castellana, Madrid",Piso en calle de Núñez de Balboa,Top,,,,,,
106981189,https://img4.idealista.com/blur/480_360_mq/0/id.pro.es.image.master/ef/02/ec/1299417997.webp,W-02Y5EQ,31,,2695000.0,chalet,sale,500.0,,4,4,Barrio Zona Pueblo,Madrid,Pozuelo de Alarcón,Zona Pueblo,es,Zona Pueblo,40.4370878,-3.8226074,False,https://www.idealista.com/inmueble/106981189/,"Exclusivo unifamiliar en La Pinada - Pozuelo de Alarcón Engel & Völkers presenta éste espectacular chalet independiente construido enteramente en hormigón armado, donde la luz, la amplitud, los espacios abiertos y la naturaleza, son los grandes protagonistas. En su construcción se han empleado materiales de gran calidad, y se han tenido muy en cuenta la orientación, la eficiencia energética, así como el confort y la practicidad. Sus propietarios han conseguido aunar en esta propiedad, un lugar donde vivir y también donde trabajar. Se distribuye en tres cómodas plantas. La planta principal, dispone de salón, comedor, una gran cocina, despacho o dormitorio de invitados, y un cuarto de baño completo con ducha. Un tabique móvil permite convertir esta estancia de la casa, en un dormitorio en suite, para invitados. La planta superior, dispone de tres fantásticos dormitorios con dos cuartos de baño. El dormitorio principal dispone de vestidor y baño en suite. En esta planta encontramos también una fantástica terraza cerrada con sistema lumon, acondicionada como salón en la planta superior. Por último, la planta sótano, que al igual que la planta principal, es circular, y que dispone de entrada directa, independiente desde la calle, sirve en estos momentos para albergar un enorme estudio, dedicado al arte, la pintura y la escultura. Un gran espacio ideal para cualquier tipo de profesional. La vivienda dispone de piscina climatizada y una magnífica zona chill-out, donde relajarse y disfrutar del aire libre. Garaje exterior para tres vehículos, sin necesidad de maniobrar, altos techos y suelo radiante frio/calor. Pozuelo de Alarcón, por su calidad de vida, y sobre todo por la proximidad con el centro de Madrid, se ha convertido en uno de los núcleos poblacionales más importante de la zona noroeste de la comunidad de Madrid. A la excelente ubicación geográfica, hay que sumar la gran cantidad de vías de conexión con otros municipios y las salidas directas a la M-40 y M-50, como a la M-503. Vivir en este enclave, junto a amplias extensiones de zonas verdes, es una ventaja exclusiva y resulta ideal para los amantes de la naturaleza y los espacios abiertos. Zona muy atractiva para familias de poder adquisitivo alto, que busquen una primera residencia de alto nivel. Las infraestructuras cercanas son excelentes, gozando de gran número de servicios en la zona. La oferta de zonas residenciales es muy amplia, lo que permite decidir entre grandes posibilidades dentro de su área. Pozuelo de Alarcón nos presenta las zonas de Avenida de Europa, Zona Pueblo, Urbanizaciones, La Finca, Somosaguas, Prado de Somosaguas, etc. Centros comerciales como El Zielo es un referente en el núcleo de Pozuelo, así como toda el área comercial dentro de la Avenida de Europa. En la zona, además, hay una oferta amplia y diversa de colegios, hospitales, clínicas, zonas de ocio... En definitiva, vivir en Pozuelo es sinónimo de calidad de vida, comodidad y bienestar.",False,good,False,,5390.0,False,False,False,True,[],False,False,2695000.0,€,chalet,"Zona Pueblo, Pozuelo de Alarcón",Casa independiente,Top,True,True,independantHouse,,,
108033366,https://img4.idealista.com/blur/480_360_mq/0/id.pro.es.image.master/3c/18/cb/1331801178.webp,his230JP,20,4,1600000.0,flat,sale,200.0,True,4,3,Barrio Bernabéu-Hispanoamérica,Madrid,Madrid,Chamartín,es,Bernabéu-Hispanoamérica,40.4539844,-3.6793241,False,https://www.idealista.com/inmueble/108033366/,"Olisson Club presenta este magnífico piso totalmente exterior, vistas despejadas, con terraza y garaje en una ubicación privilegiada dentro de El Viso. La vivienda actualmente está en buen estado, y cuenta con la siguiente distribución. Accedemos a la misma por hall recibidor con armario gabanero, desde el que llegamos al amplio y luminoso salón comedor. La orientación sur y este del salón, así como la salida a la agradable terraza, dan a la estancia una luz espectacular a todas las horas del día. Además cuenta con vistas despejadas y únicas sobre El Viso. Ya en la zona de noche nos encontramos con 3 dormitorios con armarios empotrados. El principal cuenta con cuarto de baño completo en suite, y los otros dos comparten un segundo cuarto de baño completo.  Al final del pasillo llegamos a la amplia cocina totalmente equipada y amueblada, que cuenta con un cómodo tendedero, puerta de servicio y una habitación con su propio cuarto de baño para el personal de servicio.  La finca es accesible, está en muy buen estado, cuenta con conserje, así como derecho a uso de una plaza de garaje en el mismo edificio.  La casa cuenta con aire acondicionado por splits y calefacción central individualizada. La ubicación es excelente ya que tenemos a muy poca distancia todos los servicios como son colegios, supermercados, centros médicos, recintos deportivos, muy próximo a zonas verdes como el Parque de Berlín, y una gran oferta de los mejores bares y restaurantes de la zona. La comunicación es muy buena ya que tenemos numerosas líneas de autobús y metro a muy poca distancia, así como rápido acceso a las principales arterias de la ciudad como son las calles de Serrano, Príncipe de Vergara, Paseo de la Castellana y la m-30. [IW].",True,good,False,True,8000.0,True,False,False,False,[],False,False,1600000.0,€,flat,"Bernabéu-Hispanoamérica, Madrid",Piso,Top,True,True,,,,
108885207,https://img4.idealista.com/blur/480_360_mq/0/id.pro.es.image.master/ce/57/a1/1357919135.webp,arg163RSP,21,bj,950000.0,flat,sale,104.0,False,3,3,Barrio Argüelles,Madrid,Madrid,Moncloa,es,Argüelles,40.4319247,-3.7226295,False,https://www.idealista.com/inmueble/108885207/,"Olisson presenta esta magnífica propiedad reformada en el corazón de Argüelles, un enclave que combina la tranquilidad residencial con la vibrante vida urbana, ofreciendo un estilo de vida inigualable. Ubicado en una finca construida en 1950, este inmueble ha sabido conservar la elegancia arquitectónica de mediados del siglo XX, fusionándola a la perfección con comodidades modernas. La vivienda con una superficie de 104 m2 construidos, situada en una planta baja, cuenta con tres amplios dormitorios con armarios empotrados y tres baños completos. La vivienda ha sido diseñada pensando en la funcionalidad y el confort. Su cocina semi-integrada, amueblada y totalmente equipada, ofrece un espacio moderno y práctico, ideal tanto para el día a día familiar como para recibir invitados. Uno de los mayores atractivos es su terraza privada, un oasis urbano perfecto para disfrutar del aire libre, complementada con un trastero que aporta un valioso espacio de almacenamiento adicional. En cuanto a diseño, toda la carpintería ha sido realizada a medida, aprovechando al máximo los espacios. Las calidades en revestimientos y suelos son porcelánicos de primera calidad y dureza superior. Los suelos en los dormitorios son gres porcelánico de la firma Balau. Además, la propiedad cuenta con aire acondicionado por conductos y calefacción central. Además la finca cuenta con servicio de portería y es accesible para personas con movilidad reducida. Argüelles, enclavado en el distrito de Moncloa-Aravaca, es un barrio que encapsula la esencia vibrante de Madrid: historia, cultura, vida universitaria y una calidad de vida excepcional. Las zonas residenciales, particularmente en calles como Benito Gutiérrez, ofrecen propiedades con un encanto distintivo y un acceso privilegiado a parques, áreas comerciales y una red de transporte eficiente, garantizando tanto el bienestar de los residentes como una atractiva rentabilidad para los inversores. La existencia de límites urbanos tan definidos y reconocibles, como el paseo de Moret, la Calle Princesa, el Paseo del Pintor Rosales/Ferraz y la Plaza de España, sugiere que Argüelles no es simplemente un área difusa, sino un distrito con una identidad fuerte y cohesiva.  Argüelles se distingue por una infraestructura de servicios completa y de alta calidad. [IW].",True,good,False,True,9135.0,False,False,False,False,[],False,False,950000.0,€,flat,"Argüelles, Madrid",Piso,Top,,,,,,
108840839,https://img4.idealista.com/blur/480_360_mq/0/id.pro.es.image.master/70/e9/b3/1356668547.webp,VM2507069,54,8,2250000.0,flat,sale,195.0,True,3,3,calle de Alberto Aguilera,Madrid,Madrid,Centro,es,Malasaña-Universidad,40.4292831,-3.7107913,False,https://www.idealista.com/inmueble/108840839/,"PISO REFORMADO LUMININOSO Y EXCLUSIVO DE TRES DORMITORIOS EN CONDE DUQUE Espectacular Piso Reformado en Conde Duque  Presentamos este exclusivo y luminoso piso ubicado en un emblemático edificio de Alberto Aguilera, diseñado por el arquitecto Gutiérrez Soto, en la octava planta. La propiedad ha sido recientemente reformada con materiales de altísima calidad, ofreciendo una vivienda moderna y sofisticada en una de las mejores zonas de Madrid, Conde Duque. Con una superficie de 195 m² de vivienda más 7 m² de trastero, este piso exterior destaca por su amplitud, luminosidad y vistas espectaculares a la Sierra de Madrid y al Palacio de Oriente. Se distribuye en tres dormitorios de generosas dimensiones, dos de ellos con baño en suite, proporcionando total privacidad y confort. Un baño completo adicional para el resto de la vivienda. Cocina independiente de diseño, equipada con electrodomésticos de alta gama Neff (los más altos de la marca) y mobiliario de Santos, un espacio de ensueño que se integra al salón mediante una elegante cristalera. Lavandería anexa a la cocina para mayor comodidad. El salón es amplio y cuenta con ventanales de gran tamaño, permitiendo disfrutar de unas vistas inigualables y aportando una gran luminosidad a todo el ambiente. Características adicionales: Puerta principal y de servicio con acceso a ascensor y montacargas. Portero que reside en la finca, lo que aporta seguridad y comodidad. Aire acondicionado y calefacción central con consumo individual. La finca cuenta con un trastero adicional de 7 m². El inmueble se encuentra en una ubicación inmejorable, con fácil acceso a todas las comodidades del barrio de Conde Duque, incluyendo centros culturales, restaurantes, tiendas y una excelente conexión al transporte público. Una oportunidad única para adquirir una propiedad con historia y elegancia, totalmente reformada y lista para entrar a vivir. ¿Te imaginas vivir aquí?  Contacte con nosotros para ver más inmuebles similares.",True,good,False,True,11538.0,False,False,False,False,[],False,False,2250000.0,€,flat,"Malasaña-Universidad, Madrid",Piso en calle de Alberto Aguilera,Top,,,,,,
107305923,https://img4.idealista.com/blur/480_360_mq/0/id.pro.es.image.master/7b/3f/5f/1309027744.webp,2430,32,1,540000.0,flat,sale,78.0,True,1,1,calle del Marqués de Portugalete,Madrid,Madrid,Ciudad Lineal,es,San Pascual,40.4463728,-3.6450852,False,https://www.idealista.com/inmueble/107305923/,"QUARTIERS Expertos Inmobiliarios. Agents Immobiliers Français. Real Estate Services. Quartiers presenta este fantástico piso en Arturo Soria, ubicado en una urbanización con piscina. La vivienda cuenta con estupendas calidades de construcción, y el precio de venta incluye 1 plaza de garaje y trastero.  SUPERFICIES: 78 m2 según certificado catastral, que se distribuyen de la siguiente manera: - 46 m2 de vivienda - 4 m2 de almacén  - 28 m2 de elementos comunes. DISTRIBUCIÓN: PLANTA PRINCIPAL: Hall de entrada, salón comedor con grandes ventanales, cocina completamente equipada con electrodomésticos, dormitorio y baño.  1 plaza de garaje y trastero.  ZONAS COMUNES: Piscina con vestuarios y aseos, zonas verdes. Edificio con ascensor.  CALIDADES: Calefacción de gas natural por suelo radiante, aire acondicionado por conductos. Suelos de tarima, paredes lisas, carpintería interior lacada en blanco. Cocina con electrodomésticos. Placas solares.  *** Las superficies del inmueble son mediciones totales obtenidas de la Dirección General del Catastro. Quartiers no se hace responsable de los posibles errores o discrepancias de mediciones que puedan existir entre los distintos Registros Públicos.",True,good,False,True,6923.0,False,False,False,False,[],False,False,540000.0,€,flat,"San Pascual, Madrid",Piso en calle del Marqués de Portugalete,Top,True,True,,555000.0,15000.0,3.0
108357509,https://img4.idealista.com/blur/480_360_mq/0/id.pro.es.image.master/95/7a/c3/1341699779.webp,VM2506003,13,1,1269000.0,flat,sale,146.0,True,3,3,calle del Barco,Madrid,Madrid,Centro,es,Malasaña-Universidad,40.4243548,-3.7029926,False,https://www.idealista.com/inmueble/108357509/,"PISO REFORMADO A ESTRENAR CON BALCONES EN CALLE BARCO Disfrute de un barrio vibrante, siempre a la vanguardia, en una vivienda reformada a estrenar, exterior y luminosa. Una finca de 1900, con ascensor y calefacción central para una experiencia actual. Una zona de día con cocina abierta al salón (se puede independizar si se desea), y una de noche con tres dormitorios dobles, dos de ellos con baño en suite. Un interiorismo cuidado, proyecto del estudio Arctempus, con piezas cuidadosamente elegidas, para crear ambientes acogedores y prácticos. ¿Te imaginas vivir aquí?  Contacte con nosotros para ver más inmuebles similares.",False,good,False,True,8692.0,True,False,False,False,[],False,False,1269000.0,€,flat,"Malasaña-Universidad, Madrid",Piso en calle del Barco,Top,,,,,,
106743824,https://img4.idealista.com/blur/480_360_mq/0/id.pro.es.image.master/31/db/79/1299865741.webp,JL203379,32,1,1995000.0,flat,sale,319.0,True,5,2,Barrio Sol,Madrid,Madrid,Centro,es,Sol,40.4162764,-3.7004977,False,https://www.idealista.com/inmueble/106743824/,"Esta magnífica propiedad se encuentra ubicada en la puerta del sol, con 10 balcones en esquinazo, en el distrito Centro de Madrid. Se trata de un impresionante piso de 319 metros cuadrados de construcción, con una distribución amplia y luminosa que ofrece un ambiente de lujo y comodidad. Construido en 1880, este piso cuenta con 4 dormitorios, todos ellos principales, y 2 baños completos. Cada espacio ha sido cuidadosamente diseñado y decorado con materiales de alta calidad y acabados elegantes. Los suelos de tarima aportan calidez y estilo a todas las estancias, y la luminosidad que entra por las numerosas ventanas crea una atmósfera acogedora y relajante. El edificio cuenta con ascensor, lo que facilita el acceso a la vivienda, y dispone de conserje para garantizar la seguridad y el bienestar de los residentes. Además, la propiedad cuenta con puerta blindada, aire acondicionado y calefacción, para asegurar el máximo confort en todas las estaciones del año. La ubicación de este inmueble es inmejorable. En las cercanías se encuentran varios colegios de prestigio, como el Colegio San Ildefonso y el Colegio Nuestra Señora del Pilar. Además, el centro comercial El Corte Inglés de Preciados se encuentra a pocos minutos a pie, ofreciendo una amplia variedad de tiendas, restaurantes y servicios. En cuanto a las conexiones de transporte, las estaciones de metro más cercanas son Sol y Callao, que ofrecen acceso rápido y cómodo a todas las zonas de la ciudad. También hay varias líneas de cercanías y autobuses que pasan por la zona, proporcionando una excelente comunicación con el resto de la ciudad. El barrio de Sol es conocido por su ambiente vibrante y su rica historia. Rodeado de edificios históricos, plazas emblemáticas y calles peatonales llenas de tiendas y restaurantes, este barrio ofrece una gran variedad de opciones de ocio y entretenimiento. Además, su ubicación en el corazón de Madrid permite disfrutar de todos los servicios y comodidades que ofrece la ciudad. En resumen, este lujoso piso en el barrio de Sol es una oportunidad única para aquellos que buscan una vivienda de lujo en una ubicación privilegiada. No pierdas la oportunidad de vivir en una de las zonas más exclusivas de Madrid. GILMAR es una reconocida compañía inmobiliaria con más de 35 años de experiencia en el mercado. Desde 1983, hemos estado ayudando a nuestros clientes a encontrar la casa de sus sueños, brindando un servicio personalizado y profesional. Nuestro equipo de expertos en el sector inmobiliario está comprometido en ofrecer un servicio de calidad y satisfacer las necesidades de nuestros clientes. Si deseas obtener más información sobre esta propiedad, por favor, no dudes en contactarnos y facilitarnos la referencia del inmueble (203379). Estaremos encantados de ayudarte en todo lo que necesites. Puedes encontrarnos en nuestra oficina en la Plaza de Herradores, 4 o llamarnos al También puedes contactarnos a través del correo electrónico.",False,good,False,True,6254.0,False,False,False,False,[],False,False,1995000.0,€,flat,"Sol, Madrid",Piso,Top,,,,2100000.0,105000.0,5.0
107293540,https://img4.idealista.com/blur/480_360_mq/0/id.pro.es.image.master/ec/00/23/1308690290.webp,VM2502022,18,6,2359000.0,flat,sale,207.0,True,3,4,calle de Fernán González,Madrid,Madrid,Barrio de Salamanca,es,Goya,40.4205647,-3.6756217,False,https://www.idealista.com/inmueble/107293540/,"PISO EXTERIOR CON TERRAZA Y PARKING EN GOYA Estrene una vivienda elegante y acogedora en Fernán González, junto a la zona comercial de Goya. Una sexta planta exterior distribuida en 3 dormitorios y 3 baños en suite, la máster con terraza, un aseo de cortesía, lavadero independiente, cocina completamente equipada y salón comedor con amplios ventanales y una terraza adicional. La finca dispone de portero y el precio incluye una plaza de parking. ¿Te imaginas vivir aquí?  Contacte con nosotros para ver más inmuebles similares.",False,good,False,True,11396.0,False,False,False,False,[],False,False,2359000.0,€,flat,"Goya, Madrid",Piso en calle de Fernán González,Top,True,True,,,,
108285501,https://img4.idealista.com/blur/480_360_mq/0/id.pro.es.image.master/74/d5/f5/1339543819.webp,VM2505097,16,2,1279000.0,flat,sale,124.0,False,3,3,calle de Ibiza,Madrid,Madrid,Retiro,es,Ibiza,40.4178112,-3.6727044,False,https://www.idealista.com/inmueble/108285501/,"PISO REFORMADO A ESTRENAR EN IBIZA Disfrute de vivir junto al Retiro, rodeado de todos los servicios y comercio de proximidad perfectos para el día a día. Una segunda planta interior muy luminosa, a patio de manzana, con orientación sur en la zona de día. Tres dormitorios dobles, dos con baño en suite, cocina abierta al salón pero con posibilidad de independizarla, y un tercer baño completo que da servicio a la zona de día. Completamente amueblada, con interiorismo de Arctempus, y equipada hasta el último detalle. Perfecta para vivir o invertir, por su proximidad al parque y a Hospitales como el Gregorio Marañón, Infantil Niño Jesús o Beata María Ana. ¿Te imaginas vivir aquí?  Contacte con nosotros para ver más inmuebles similares.",False,good,False,True,10315.0,True,False,False,False,[],False,False,1279000.0,€,flat,"Ibiza, Madrid",Piso en calle de Ibiza,Top,,,,,,
107986698,https://img4.idealista.com/blur/480_360_mq/0/id.pro.es.image.master/04/d5/c8/1330445145.webp,PV8405I,41,,2670000.0,chalet,sale,900.0,,5,6,Bonanza,Madrid,Boadilla del Monte,Bonanza,es,,40.4534961,-3.8975171,False,https://www.idealista.com/inmueble/107986698/,"Fabuloso independiente de lujo con 900m2 y parcela de más de 1.700m2, que destaca por su sofisticado diseño, concebido para vivir en una planta de más de 700 m², con 4 dormitorios en planta, todos con salida al jardín; piscina infinity y una segunda planta destinada al ocio de 250 m² con gimnasio, family room o cine y estancias de servicio. Se trata de una vivienda independiente, diseñada pensando en la proporcionar la máxima privacidad y comodidad a la vivienda, se dispone en torno a sofisticados cubos que se integran con un paisajismo mediterráneo- Vivienda altamente eficiente con instalación de paneles fotovoltaicos ocultos en la cubierta, sistema de calefacción por aerotermia con suelo radiante y todo tipo de comodidades. La edificación se ha realizado mediante diversos sistemas constructivos entre los que destacan la fachada, conformada por paneles prefabricados de hormigón blanco y Carpintería metálica y muro cortina con una altura libre de más de 7m de altura. Materiales nobles en su interior que nos abrazan de una manera cálida y sofisticada.  Distribución: PLANTA PRINCIPAL: Zona de día: · Hall de entrada con puerta pivotante de gran formato. · Gran salón-comedor en tres ambientes con vistas al jardín. · Patio interior acristalado que llena de luz la vivienda. · Aseo de cortesía. · Gran cocina con zona de office, gran despensa y salida a un porche con zona de barbacoa. · Lavandería de gran tamaño.  Zona de noche: · Dos Dormitorio doble con baño en suite y generosos armarios, con vistas al jardín lateral · Sala de estar insonorizada que puede acomodarse como dormitorio adicional por su gran tamaño, con vistas al jardín lateral. · Dormitorio principal con gran vestidores, baño doble completo con bañera y ducha con vistas al jardín principal. PLANTA BAJA (con acceso independiente): · Sala abierta polivalente que puede usarse como despacho, sala de gimnasia... · Dormitorio de invitados de gran tamaño con baño en suite y abundante luz gracias al patio interior. · Sala de ocio insonorizada preparada como sala de cine con bar. · Sala multiusos con luz natural de patio inglés con más de 100m2. EXTERIOR: · Fantástico jardín con cuidado paisajismo, con zona de barbacoa al aire libre, cuidado porche con techos de madera y vistas a una gran piscina 17 metros de largo con caída tipo infinity y vistas a un tranquilo parque. · Garaje exterior techado con acceso directo a la vivienda con capacidad para 3-4 coches. · Trastero de más de 100 m². Situada en una de las zonas con mayor auge en el noroeste, en la urbanización Bonanza, Boadilla del Monte, a escasos 20 minutos de Madrid y con excelente comunicación con la M40, A6, M503 y M50. Rodeada de colegios internaciones como el Saint Michael School, Mirabal, Trinity Colleage., muy próxima a los mejores hospitales y servicios y centros comerciales. Puedes ver más inmuebles en nuestra página web. Monte de Las Encinas, Las Lomas, Bonanza, Valdecabañas, Valdepastores, Pino Centinela… Las urbanizaciones de Boadilla del Monte están muy valoradas y en ellas se ha construido chalets independientes. En su gran mayoría, disponen de vigilancia 24 horas, clubes sociales, colegios y centros de salud. Y todas están bien comunicadas por la antigua carretera de Majadahonda, M-40 y M-50.",True,good,False,,2967.0,False,False,False,False,[],False,False,2670000.0,€,chalet,"Bonanza, Boadilla del Monte",Casa independiente,Top,True,True,independantHouse,,,
107892801,https://img4.idealista.com/blur/480_360_mq/0/id.pro.es.image.master/6b/8a/c9/1327515661.webp,2452,47,,1725000.0,chalet,sale,308.0,,4,4,calle Enrique Lafuente Ferrari,Madrid,La Moraleja,Encinar de los Reyes,es,,40.5069002,-3.6429021,False,https://www.idealista.com/inmueble/107892801/,"QUARTIERS Expertos Inmobiliarios. Agents Inmobiliers Français. Real Estate Services. Quartiers presenta este estupendo chalet adosado en el Encinar de los Reyes, en una representativa urbanización que destaca tanto por su ubicación como por las estupendas zonas comunes que pone a disposición de sus residentes. El complejo, además de muy buenas medidas de seguridad, cuenta con instalaciones deportivas con pistas de tenis y pádel, zonas verdes y piscinas. Este chalet, que es muy luminoso gracias a su orientación este, cuenta con espacios muy amplios y una buena zona exterior, con un estupendo jardín privado.  DISTRIBUCION: PLANTA PRINCIPAL: Hall de entrada, aseo de invitados, amplio salón comedor con salida al porche y al jardín, cocina equipada con electrodomésticos y office. PLANTA PRIMERA: 3 dormitorios y 2 baños, el principal en suite. PLANTA BAJA: Dormitorio de servicio con baño, zona de lavandería, garaje amplio (2 plazas grandes).  ATICO: Zona diáfana con multitud de posibilidades (zona de estar, dormitorio adicional).  CALIDADES: Calefacción Gas Natural y A/A, paredes lisas, puertas lacadas en blanco. Suelos de mármol y tarima. ZONAS COMUNITARIAS: Zonas verdes, piscinas, zona infantil, club social, pista de tenis, pádel. Conserje, seguridad 24 horas.",True,renew,False,,5601.0,True,False,False,False,[],False,False,1725000.0,€,chalet,"Encinar de los Reyes, La Moraleja",Chalet adosado en calle Enrique Lafuente Ferrari,Top,True,True,terracedHouse,,,
107295094,https://img4.idealista.com/blur/480_360_mq/0/id.pro.es.image.master/0f/39/69/1308727064.webp,VM2502024,17,4,1433250.0,flat,sale,133.0,False,2,2,calle del General Oráa,Madrid,Madrid,Barrio de Salamanca,es,Lista,40.4367344,-3.6781679,False,https://www.idealista.com/inmueble/107295094/,"PISO REFORMADO A ESTRENAR EN CASTELLANA Junto al IE y las principales Embajadas en la capital, puede estrenar una acogedora vivienda interior a un cuidado patio de manzana, reformada y amueblada a estrenar, completamente equipada. Distribuida en dos cómodos dormitorios dobles, unos de ellos con baño en suite, cocina integrada y salón comedor. Dispone de trastero y la finca cuenta con portería a diario. ¿Te imaginas vivir aquí?  Contacte con nosotros para ver más inmuebles similares.",False,good,False,True,10776.0,False,False,False,False,[],False,False,1433250.0,€,flat,"Lista, Madrid",Piso en calle del General Oráa,Top,,,,,,
108598865,https://img4.idealista.com/blur/480_360_mq/0/id.pro.es.image.master/03/fa/f0/1349583030.webp,his229JP,23,5,1100000.0,penthouse,sale,125.0,True,3,2,Barrio Bernabéu-Hispanoamérica,Madrid,Madrid,Chamartín,es,Bernabéu-Hispanoamérica,40.453217,-3.6807351,False,https://www.idealista.com/inmueble/108598865/,"Olisson Club presenta este magnífico ático totalmente exterior, vistas despejadas garaje en una ubicación privilegiada dentro de El Viso. La vivienda se encuentra en buen estado y ofrece una distribución funcional y luminosa. Su orientación sur proporciona una luz espectacular durante todo el día, además de vistas despejadas y exclusivas sobre El Viso. Al acceder, encontramos un dormitorio con un baño exterior, un cuarto de plancha y una cocina totalmente equipada. Al final del pasillo, se abre un amplio salón que integra una zona de comedor con mesa y otra de estar con sillones y mesa baja. Desde aquí, se accede al dormitorio principal, que dispone de un baño completo en suite. La finca es accesible, está en muy buen estado, cuenta con portero, así como derecho a aparcamiento en la rampa del garaje.  La casa cuenta con aire acondicionado por splits y calefacción central individualizada. La ubicación es excelente ya que tenemos a muy poca distancia todos los servicios como son colegios, supermercados, centros médicos, recintos deportivos, muy próximo a zonas verdes como el Parque de Berlín, y una gran oferta de los mejores bares y restaurantes de la zona. La comunicación es muy buena ya que tenemos numerosas líneas de autobús y metro a muy poca distancia, así como rápido acceso a las principales arterias de la ciudad como son las calles de Serrano, Príncipe de Vergara, Paseo de la Castellana y la M-30. [IW].",True,good,False,True,8800.0,True,False,False,False,[],False,False,1100000.0,€,flat,"Bernabéu-Hispanoamérica, Madrid",Ático,Top,,,penthouse,,,
107625917,https://img4.idealista.com/blur/480_360_mq/0/id.pro.es.image.master/d4/34/74/1318006554.webp,his226RE,28,,1850000.0,chalet,sale,300.0,,4,3,Barrio Bernabéu-Hispanoamérica,Madrid,Madrid,Chamartín,es,Bernabéu-Hispanoamérica,40.4556021,-3.6659408,False,https://www.idealista.com/inmueble/107625917/,"Olisson Club presenta este bonito chalet pareado en el exclusivo barrio de Chamartín, en una tranquila calle que ofrece un oasis de confort en pleno Madrid. Con una superficie total de más de 300 m², esta vivienda se distribuye en tres plantas, destacando por su amplitud, su luminosidad y sus materiales de alta calidad. La planta baja acoge varios espacios de salón, un baño de cortesía y una cocina independiente, todo ello bajo un imponente techo de 3,6 metros de altura que otorga una sensación de amplitud inigualable. En la primera planta, se encuentran tres dormitorios con armarios empotrados y un baño completo. La planta superior alberga una impresionante suite principal de 50 m² con baño privado y terraza con vistas al jardín. El exterior de la vivienda ofrece dos jardines, uno delantero y otro trasero, donde se integra una piscina cubierta con suelo radiante, adaptable como trastero u otro espacio según las necesidades del propietario. Junto a ella, un baño completo se suma a las comodidades de la casa. La vivienda dispone también de garaje privado con capacidad para uno o dos vehículos, dependiendo de la configuración elegida. La construcción se ha realizado con materiales de alta calidad, con muros de gran espesor que garantizan un excelente aislamiento térmico y acústico. El tejado cuenta con paneles solares fotovoltaicos, con preinstalación para un sistema de aerotermia, lo que la convierte en una casa eficiente y preparada para el futuro. Su ubicación es inmejorable, con acceso rápido a las principales vías de la ciudad, transporte público cercano y una amplia oferta de comercios, restaurantes y zonas verdes a pocos minutos. Un entorno residencial seguro y tranquilo, donde disfrutar de la comodidad y el lujo sin renunciar a la conexión con el centro de Madrid. [IW].",True,renew,False,,6167.0,True,False,False,False,[],False,False,1850000.0,€,chalet,"Bernabéu-Hispanoamérica, Madrid",Chalet pareado,Top,True,True,semidetachedHouse,,,
107781371,https://img4.idealista.com/blur/480_360_mq/0/id.pro.es.image.master/71/42/80/1323842405.webp,PV8876I,51,,2450000.0,chalet,sale,482.0,,5,5,Parque Boadilla,Madrid,Boadilla del Monte,Parque Boadilla,es,,40.4344748,-3.9164919,False,https://www.idealista.com/inmueble/107781371/,"Fabulosa vivienda moderna de estilo nórdico de 482 m² con parcela de más de 2.500 m² en Parque de Boadilla. Esta exclusiva vivienda presenta una fachada moderna y acogedora, con un acabado en blanco y panelados de efecto palillería en grafito que se integran perfectamente con el entorno. Sus amplias ventanas permiten la entrada de luz natural, creando un ambiente cálido y luminoso. La reforma reciente ha revitalizado cada rincón, combinando elementos contemporáneos con el aire original de la vivienda que le aportan carácter y elegancia. Destacamos su cómoda distribución, con una gran planta principal para la vida de día, una planta de noche destinada al descanso con todas las habitaciones en suite y una planta baja que cuenta con una sala polivalente y gimnasio con salida a un patio que conecta a su vez con el jardín. Al entrar, te recibirá un espacio abierto y fluido, donde la cocina y la sala de estar se conectan armoniosamente, ideal para disfrutar de momentos en familia o con amigos. Los materiales de alta calidad y los acabados meticulosos destacan en cada detalle, desde los suelos en un cálido porcelánico con efecto madera hasta los azulejos del baño. El jardín, un verdadero oasis, está diseñado para ser un refugio de paz. Con una cuidadosa selección de plantas y flores, ofrece un espacio verde donde relajarse y disfrutar del aire libre. Un gran porche invita a disfrutar de comidas al aire libre, con zona de comedor y una zona chill, mientras que un rincón con cómodas tumbonas es perfecto para leer un libro bajo el sol. La piscina es otra de las joyas de este jardín, con un moderno diseño que ofrece una zona de nado y una zona de niños o playa para el disfrute de toda la familia, con una pérgola bioclimática junto a la misma ofrece rincones de sol y sombra para alargar los días de sol al aire libre. En resumen, esta casa no solo destaca por su estética exterior y la calidad de su reforma, sino también por su jardín encantador, creando un hogar ideal para vivir y disfrutar. Distribución: PLANTA PRINCIPAL: · Hall de entrada. · Salón comedor de gran tamaño, muy luminoso con varios ambientes entre los que destacamos su acogedor estar con zona de chimenea y salida directa al porche. · Amplia y moderna cocina con isla central y mesa volada para generar un espacio de diario en la cocina y compartir en torno a la misma. Gran capacidad de almacenamiento. Electrodomésticos panelados y salida directa al jardín. · Dormitorio principal amplio o de invitados con zona de vestidor y baño en suite. · Aseo de cortesía. PLANTA ALTA: · Dormitorio principal con baño en suite y vestidor. · Dos dormitorios dobles, uno con terraza. Ambos con baño en suite. PLANTA BAJA (con luz natural y salida al jardín): · Dormitorio o sala de estar. · Gimnasio con salida a un agradable patio que comunica con el jardín. · Lavandería. · Baño completo. Garaje en superficie con cargador eléctrico y capacidad para 3 coches. Aparcamiento adicional para 4 vehículos. Puedes ver más inmuebles en nuestra página web. Monte de Las Encinas, Las Lomas, Bonanza, Valdecabañas, Valdepastores, Pino Centinela… Las urbanizaciones de Boadilla del Monte están muy valoradas y en ellas se ha construido chalets independientes. En su gran mayoría, disponen de vigilancia 24 horas, clubes sociales, colegios y centros de salud. Y todas están bien comunicadas por la antigua carretera de Majadahonda, M-40 y M-50.",True,good,False,,5083.0,False,False,False,False,[],False,False,2450000.0,€,chalet,"Parque Boadilla, Boadilla del Monte",Casa independiente,Top,True,True,independantHouse,,,
108173445,https://img4.idealista.com/blur/480_360_mq/0/id.pro.es.image.master/c4/1c/c8/1336057407.webp,VM2505051,39,7,1150000.0,penthouse,sale,142.0,True,2,2,calle de Juan Bravo,Madrid,Madrid,Barrio de Salamanca,es,Lista,40.4328725,-3.6754632,False,https://www.idealista.com/inmueble/108173445/,"ATICO CON TERRAZA, GIMNASIO Y PISCINA EN LISTA Se trata un novedoso y moderno apartamento ubicado en un edificio de nueva construcción en el barrio de Lista. Es un espacio abierto con salón, comedor y cocina dotada de todos los electrodomésticos. El sistema de puertas correderas hace que las estancias puedan independizarse dependiendo de las necesidades y donde los espacios pueden dividirse a capricho. Gran capacidad de almacenaje en toda la vivienda donde hay 3 camas disponibles, dos individuales y una doble abatibles. La vivienda tiene dos cuartos de baño completos con ducha y además dispone de zona de tendedero. La planta de vivienda ocupa unos 70 mtrs. útiles.   En la planta superior se encuentra una fabulosa terraza de 69 mtrs de uso privativo a la que se accede desde la zona de cocina comedor, en el interior de la vivienda, siendo una amplia zona de estar y con vista panorámica de la ciudad. La calefacción es de suelo radiante además de sistema de aire acondicionado frío/calor. La finca dispone de portero automático, piscina exterior y gimnasio. Posibilidad de adquirir plaza de aparcamiento. Además, dispone de un trastero.  Es una oportunidad única de adquirir una vivienda muy especial en la zona más cotizada de Barrio de Salamanca. ¿Te imaginas vivir aquí?  Contacte con nosotros para ver más inmuebles similares.",False,good,False,True,8099.0,False,False,False,False,[],False,False,1150000.0,€,flat,"Lista, Madrid",Ático en calle de Juan Bravo,Top,,,penthouse,,,
100261431,https://img4.idealista.com/blur/480_360_mq/0/id.pro.es.image.master/39/b8/79/1301029573.webp,CG205038,45,,2990000.0,chalet,sale,700.0,,6,6,paseo del Embajador,Madrid,Ciudalcampo,,es,,40.6167443,-3.5984077,False,https://www.idealista.com/inmueble/100261431/,"GILMAR Zona Norte presenta una extraordinaria villa situada en una ubicación excepcional en Ciudalcampo. El chalet de 700 m2 de líneas modernas incorpora lo último en diseño y tiene una calidad constructiva excepcional. La villa, domotizada, dispone de ventanas suelo techo y está inundada de luz natural en todas y cada una de sus estancias. La casa se asienta en un terreno de casi 4.000 m2 para disfrutar del exterior en diferentes zonas, unas enfocadas a reuniones con amigos y otras concebidas para un uso más individual.  El acceso a la vivienda tiene lugar desde una puerta pívot que nos sumerge en un espectacular recibidor con una escalera volada que nos da paso al salón comedor con chimenea y doble altura y zona de bar abierto a una excepcional cocina de diseño con electrodomésticos panelados de alta gama y mobiliario funcional. A través de una puerta que pasa desapercibida en la cocina se accede a la zona de servicio compuesta por el cuarto de lavandería, despensa, escalera de acceso al garaje y la habitación de servicio con baño en suite. En esta misma planta se ubican también un despacho, el aseo de cortesía y un dormitorio de invitados con baño en suite.  La planta superior acoge la zona privada de la villa con cuatro dormitorios con tres cuartos de baño y un amplio salón de estar para la familia. El dormitorio principal tiene vestidor, chimenea y baño en suite. En la planta baja se sitúa el garaje para cuatro coches, una preciosa bodega (con una claraboya que la hace visible desde la cocina), un espacioso trastero y una habitación multiusos, idónea para instalar un gimnasio o un cine en casa. La climatización es mediante aerotermia mediante suelo radiante y refrescante. En el exterior de la casa se disfruta del jardín junto a la piscina de cloración salina y del cenador con barbacoa y una pool house con chimenea. La urbanización de Ciudalcampo está considerada como una de las mejores zonas residenciales de Madrid, situada junto al Parque Regional de la Cuenca Alta del Manzanares, en los municipios de San Sebastián de los Reyes y Colmenar Viejo, en un entorno privilegiado, con impresionantes vistas a la sierra norte de Madrid con rápido acceso en el Km 28 de la N-1 y muy próxima al aeropuerto de Madrid Barajas, IFEMA y a parques empresariales con múltiples empresas multinacionales. Dispone de excepcionales dotaciones y servicios dentro de la propia urbanización: Colegio internacional SEK, Club deportivo RACE (Golf, Pádel, Tenis, Piscina, Gimnasio, Hípica, Fútbol), Servicio regular de autobuses a Madrid e interno dentro de la propia urbanización, Oficina de correos y Centro Comercial Santo Domingo. Además de 6,5Km de circuito físico para la práctica de deporte al aire libre y 41km de viales con tráfico limitado a la propia urbanización, ideales para los amantes de paseos en plena naturaleza. Cuenta, además, con un sistema de cámaras y vallado perimetral con servicio de seguridad 24 horas, patrullas de vigilancia y control de barrera a la entrada. En Gilmar trabajamos para ofrecer a nuestros clientes las mejores propiedades, con equipos expertos en cada zona para satisfacer cubrir sus necesidades, con todas las excelencias y cuidando al máximo todos los detalles.",False,good,False,,4271.0,False,False,False,False,[],False,False,2990000.0,€,chalet,Ciudalcampo,Casa independiente en paseo del Embajador,Top,True,True,independantHouse,,,
108854077,https://img4.idealista.com/blur/480_360_mq/0/id.pro.es.image.master/63/5d/38/1357061874.webp,VM2507073,25,5,695000.0,flat,sale,71.0,False,2,2,calle de Ibiza,Madrid,Madrid,Retiro,es,Ibiza,40.4195662,-3.6754944,False,https://www.idealista.com/inmueble/108854077/,"PISO REFORMADO Y LUMINOSO EN IBIZA A escasos metros del Parque del Retiro, rodeado de restaurantes, comercios, colegios, hospitales, transportes públicos y todo tipo de servicio, APROPERTIES ofrece a la venta esta maravillosa y preciosa vivienda en una quinta planta interior con muchísima luz y a 5 minutos caminando del Retiro. La vivienda ha sido íntegramente reformada y cuenta con 67m² según catastro más una terraza de 3 m2 que ha sido incorporada. Se compone la zona de noche de 2 dormitorios dobles, uno con baño en suite, y otro cuarto de baño completo. La zona de día muy luminosa, la integra un salón comedor con cocina integrada totalmente equipada con electrodomésticos de alta gama. Dispone de un armario gabanero y otro armario de almacenamiento para utensilios de limpieza. Tiene calefacción central, así como aire acondicionado por conducto. Se ubica en una muy buena finca construida en 1968, cuidadas zoans comunes, con ascensor y servicio de portería. Nos encontramos con una magnífica oportunidad tanto como inversión por su alta rentabilidad, como para vivienda habitual en uno de los enclaves más demandados de Madrid por su cercanía al parque del Retiro.   El barrio de Ibiza destaca por su ambiente vibrante y exclusivo. Se caracteriza por sus calles arboladas, bulevares, proximidad al Parque del Retiro o la Milla de Oro de Madrid. Además, cuenta con una amplia oferta de restaurantes, bares y terrazas donde disfrutar de la gastronomía local. En la zona encontrará colegios, comercios y centros de salud, así como el hospital Gregorio Marañón. Lo que hace que la zona sea un lugar ideal para residir. Muy bien conectado con transporte público, cuenta con varias líneas de autobús, las líneas de metro 2 y 9, con las estaciones de Ibiza y Príncipe de Vergara o la estación de cercanías más próxima de Recoletos. ¿Te imaginas vivir aquí?  Contacte con nosotros para ver más inmuebles similares.",False,good,False,True,9789.0,False,False,False,False,[],False,False,695000.0,€,flat,"Ibiza, Madrid",Piso en calle de Ibiza,Top,True,True,,,,
108320705,https://img4.idealista.com/blur/480_360_mq/0/id.pro.es.image.master/0b/53/6a/1344479954.webp,c9ca8cbe-ec0e-4e4c-a9e3-880ae90c6059,38,4,895000.0,penthouse,sale,108.0,True,2,1,calle de las Aguas,Madrid,Madrid,Centro,es,Palacio,40.4109291,-3.7109206,False,https://www.idealista.com/inmueble/108320705/,"Huspy no cobra comisiones al comprador. Ofrecemos soluciones hipotecarias. Te presentamos este encantador piso tipo ático situado en el vibrante Barrio de La Latina. Con una superficie de 108 m², esta vivienda ofrece un espacio acogedor y lleno de personalidad, ideal para quienes buscan confort y estilo en pleno centro de la ciudad. El inmueble cuenta con dos dormitorios y un baño, presentándose en buen estado y listo para entrar a vivir. La luz natural inunda cada rincón, realzando la sensación de amplitud y calidez. Su distribución abierta permite adaptar el espacio a tus gustos y necesidades, creando un auténtico oasis urbano. Además, la historia del edificio aporta un toque de misterio y encanto, haciendo de esta propiedad un hogar verdaderamente único. Ubicación – Barrio de La Latina, Madrid Situado en una de las zonas con más carácter de Madrid, este piso te sitúa a pasos de algunos de los mejores restaurantes, tiendas, bares y espacios culturales de la capital. La Latina es conocida por su ambiente animado, su arquitectura tradicional y su excelente conexión con el resto de la ciudad. Vivir aquí es disfrutar de una experiencia urbana auténtica, con todo lo que necesitas al alcance de la mano.",True,good,False,True,8287.0,False,False,False,False,[],False,False,895000.0,€,flat,"Palacio, Madrid",Ático en calle de las Aguas,Top,,,penthouse,,,
107150334,https://img4.idealista.com/blur/480_360_mq/0/id.pro.es.image.master/35/78/d8/1305528241.webp,6377fc3d-1298-4cc7-bc8c-0ce7aea53739,43,1,1175000.0,flat,sale,169.0,True,3,2,calle de San Bernardo,Madrid,Madrid,Centro,es,Malasaña-Universidad,40.4224492,-3.7063718,False,https://www.idealista.com/inmueble/107150334/,"Descubre este piso único en el corazón de Madrid, ubicado en la emblemática esquina de C. de San Bernardo con Gran Vía. Con una superficie de 169 m², esta propiedad recientemente reformada combina diseño contemporáneo y un toque clásico. Dispone instalación por conductos de aire acondicionado con bomba de calor marca Daikin. Suelos de parqué, carpintería interior con puertas lacadas en blanco, armarios empotrados y vestidos con luz interior. También cuenta con calefacción central y termo eléctrico para el agua caliente.  El piso cuenta con tres dormitorios amplios, ideales para acomodar a toda la familia, y dos baños modernos que ofrecen comodidad y funcionalidad.  La reforma ha integrado detalles de diseño que aportan luminosidad y una atmósfera acogedora. La vivienda se entrega amueblada tal y como se ve en el reportaje fotográfico.  La cocina podría entregarse equipada o dejarse sin amueblar. Disfruta del aire acondicionado canalizado, que garantiza el confort en cualquier época del año, y de la excelente distribución que maximiza cada metro cuadrado del espacio.  Gracias a las ventanas con vistas a Gran Vía, podrás contemplar la vibrante vida de esta icónica avenida desde la tranquilidad de tu hogar. No pierdas esta oportunidad de adquirir una vivienda que combina elegancia, ubicación inmejorable y todas las comodidades modernas.  Haciendo esquina con Gran Vía, se encuentra en el corazón del distrito Centro de Madrid, en el barrio Universidad (Malasaña). Esta ubicación privilegiada te sitúa a pasos de los teatros, tiendas, restaurantes y bares más emblemáticos de la capital. La Gran Vía, conocida como la arteria cultural y de ocio de la ciudad, ofrece una mezcla perfecta de historia y modernidad. Además, estarás perfectamente conectado con el resto de la ciudad mediante el transporte público, gracias a las estaciones de metro y autobús cercanas. Vive la experiencia del Madrid más auténtico y dinámico desde una localización que lo tiene todo. ¡Ven a visitarlo y descubre tu nuevo hogar en pleno centro de Madrid!",True,good,False,True,6953.0,False,False,False,False,[],False,False,1175000.0,€,flat,"Malasaña-Universidad, Madrid",Piso en calle de San Bernardo,Top,,,,,,
108003731,https://img4.idealista.com/blur/480_360_mq/0/id.pro.es.image.master/3c/50/63/1341574501.webp,3f932aa8-c8bc-4082-9c6d-0f9cf9b69873,46,,1545000.0,chalet,sale,545.0,,4,3,paseo del Embajador,Madrid,Ciudalcampo,,es,,40.6141381,-3.6094617,False,https://www.idealista.com/inmueble/108003731/,"El chalet ideal para tu familia, crea momentos inolvidables con tus familiares y amigos en un chalet majestuoso que te representa con lujo, confort y tranquilidad, la mejor zona, además a solo 30 minutos del centro de Madrid. Escríbeme para cita previa Ahora. Ciudalcampo, San Sebastián de los Reyes, Madrid. Con 545 m² de espacio habitable, esta propiedad en buen estado ofrece cuatro amplios dormitorios y tres baños bien equipados. Disfruta de la comodidad del aire acondicionado y un jardín privado que invita a relajarse. La casa cuenta con una terraza ideal para cenas al aire libre y un balcón con vistas despejadas. La cocina está completamente equipada, lista para tus creaciones culinarias. Además, incluye armarios empotrados y un garaje para mayor comodidad. Entre sus amenidades destacan el acceso para silla de ruedas, una piscina refrescante, y una zona de barbacoa perfecta para reuniones. El sistema de calefacción a gas garantiza un ambiente acogedor en invierno. También dispone de un trastero y aparcamiento compartido. Una oportunidad excepcional para vivir en una zona tranquila y bien conectada. ¡No dejes pasar esta oportunidad! En términos de servicios, Ciudalcampo está equipada con colegios de prestigio como el SEK International School, además de contar con pequeños comercios, restaurantes y zonas comunes para sus residentes. Su excelente ubicación, a pocos minutos de la A-1, permite un rápido acceso a Madrid y al aeropuerto Adolfo Suárez Madrid-Barajas, además de estar cerca de San Sebastián de los Reyes y Alcobendas, que ofrecen una amplia variedad de servicios adicionales. Vivir en Ciudalcampo significa disfrutar de un entorno seguro, rodeado de naturaleza y con todas las comodidades de una urbanización de alto nivel, ideal para familias y personas que valoran la privacidad y la exclusividad en su hogar.",True,good,False,,2835.0,False,True,False,False,[],False,False,1545000.0,€,chalet,Ciudalcampo,Casa independiente en paseo del Embajador,Top,True,True,independantHouse,,,
108639638,https://img4.idealista.com/blur/480_360_mq/0/id.pro.es.image.master/51/7b/24/1350731136.webp,CM-426776,19,3,649000.0,flat,sale,84.0,False,2,1,Barrio Malasaña-Universidad,Madrid,Madrid,Centro,es,Malasaña-Universidad,40.4230445,-3.7028969,False,https://www.idealista.com/inmueble/108639638/,"UNICA INMOBILIARIA Ofrece vivir a tan solo unos pasos de la emblemática Gran Vía, en una vivienda que combina tranquilidad, luminosidad y una ubicación inmejorable. Este piso, ubicado en una cuidada finca de los años 80 con dos ascensores y portero físico, te ofrece una oportunidad única de disfrutar lo mejor de Madrid sin renunciar al confort. Luz y amplitud que enamoran Cada rincón del piso ha sido diseñado para aprovechar al máximo la luz natural. Sus dos dormitorios dobles son cálidos, silenciosos y perfectos tanto para descansar como para estudiar o teletrabajar. El salón-comedor, con suelos de parquet impecables, se convierte en el espacio ideal para reuniones, relax y momentos especiales. Cocina independiente y funcional Práctica, luminosa y con todo lo necesario para quienes valoran la eficiencia sin sacrificar el estilo. Confort durante todo el año La calefacción y el agua caliente centralizadas garantizan bienestar en cada estación. ¿Por qué es una inversión inteligente? -Ubicación premium: a pasos de universidades, centros culturales, zonas de ocio y con excelentes conexiones de transporte -Alta demanda de alquiler: ideal para estudiantes, profesionales y turistas Finca cuidada, comunidad tranquila, Listo para entrar a vivir o generar rentabilidad desde el primer día Haz de esta vivienda tu refugio en el centro de todo, o convierte su potencial en una inversión sólida y segura. No dejes pasar la oportunidad de vivir –o invertir– en una de las zonas más codiciadas de Madrid. ¡Contáctanos y descúbrelo en persona! En Única Inmobiliaria aglutinamos más de veinte años de experiencia en el sector del lujo. Contamos con una amplia trayectoria que avala nuestra gestión trabajando alrededor de las zonas más exclusivas de Madrid: Barrio de Salamanca, Recoletos, Almagro, Chamartín, Retiro, Justicia.",False,good,False,True,7726.0,False,False,False,False,[],False,False,649000.0,€,flat,"Malasaña-Universidad, Madrid",Piso,Top,,,,675000.0,26000.0,4.0
108307603,https://img4.idealista.com/blur/480_360_mq/0/id.pro.es.image.master/30/1b/fe/1340217905.webp,BFO-V1390,14,1,169000.0,flat,sale,46.0,True,2,1,calle Guacamayo,Madrid,Madrid,Carabanchel,es,Vista Alegre,40.3889742,-3.7389818,False,https://www.idealista.com/inmueble/108307603/,"CONTACTAR CON EXTENSIÓN Nº2 Piso en venta junto al Metro de Vista Alegre – Inversión con rentabilidad garantizada Fantástica oportunidad de inversión en Carabanchel, ubicado a pocos pasos del Metro Vista Alegre (Línea 5), en una zona bien comunicada y con todos los servicios a mano: supermercados, colegios, centros de salud y zonas comerciales. La vivienda se encuentra en una primera planta sin ascensor, en un edificio del año 1945 con la Inspección Técnica de Edificios (ITE) favorable, lo que garantiza el buen estado estructural del inmueble. Cuenta con aproximadamente 50 m² construidos, distribuidos de forma cómoda y funcional: Distribución de la vivienda: Salón comedor con cocina integrada, que se abre a una agradable terraza exterior. 2 habitaciones, una doble y una simple. Cuarto de baño completo. Buen estado general, vivienda para entrar a vivir. Características destacadas: Buena orientación y ventilación natural. Edificio con pocos vecinos, entorno tranquilo. Actualmente alquilado, con un contrato vigente hasta el 1 de octubre de 2027, lo que ofrece una rentabilidad neta del 4,4%, ideal para inversores que buscan ingresos estables desde el primer día. Una propiedad con alta demanda de alquiler, bien ubicada y con rentabilidad asegurada. ¡No dejes pasar esta oportunidad de inversión en Madrid capital! Contáctanos para más información.  (Este anuncio no es vinculante, puede contener errores, se muestra a título informativo y no contractual. )  Oferta sujeta a condiciones de compra. Consulte los términos y condiciones aplicables.",True,renew,False,False,3674.0,True,True,False,False,[],False,False,169000.0,€,flat,"Vista Alegre, Madrid",Piso en calle Guacamayo,Top,,,,,,
107140192,https://img4.idealista.com/blur/480_360_mq/0/id.pro.es.image.master/97/41/a5/1325644358.webp,W-02Y5KE,51,,1780000.0,chalet,sale,428.0,,6,5,Barrio Monteclaro,Madrid,Pozuelo de Alarcón,Urbanizaciones,es,Monteclaro,40.4459057,-3.8487356,False,https://www.idealista.com/inmueble/107140192/,"Encantadora vivienda unifamiliar en Monteclaro Ubicada en la prestigiosa urbanización de Monteclaro, esta encantadora vivienda de dos plantas ofrece un entorno privilegiado, rodeado de naturaleza y con excelentes servicios de ocio y privacidad. Al entrar a la vivienda nos encontramos con un espacioso hall de doble altura que aporta una gran sensación de amplitud. Desde aquí, accedemos a un luminoso salón con chimenea, ideal para crear un ambiente cálido y acogedor y que está conectado directamente a un elegante comedor. Ambos con amplios ventanales con vistas a la parte delantera del jardín y a su encantador porche delantero. Esta estancia nos da paso a una cocina recientemente reformada, equipada con una moderna isla central que se abre al jardín, ofreciendo un espacio perfecto para el día a día con unas vistas inmejorables. En esta planta tenemos una acogedora y práctico sala de estar con las mismas vistas, aseo de cortesía y dos dormitorios que comparten un baño completo brindando comodidad y privacidad. La planta se completa con una zona de servicio independiente que dispone de un dormitorio, un baño una sala que se puede emplear como despensa o almacén y otra sala multiusos. En la planta superior la vivienda dispone de dos luminosas habitaciones que comparten un encantador y reformado cuarto de baño y la amplia suite principal donde han creado un espacio único. Dispone de un encantador salón con un despacho, doble vestidor y baño completo. El exterior es uno de los grandes atractivos de la vivienda, con un jardín consolidado, repleto de árboles cuidadosamente seleccionados y una hermosa piscina para disfrutar de los meses de verano. Encontramos también un precioso porche, con toldos automatizados y una gran zona de barbacoa que dispone además de dos hornos de obra para asados. Esta vivienda de 428m2 y parcela de 1651m2, dispone de calefacción por radiadores y aire acondicionado por splits. Está ubicada en una urbanización cerrada con seguridad privada y dispone de grandes atractivos como un club social propio, zonas deportivas y parques infantiles y muy cerca de colegios de prestigio y centros comerciales. La Urbanización Monteclaro es una prestigiosa zona residencial situada en Pozuelo de Alarcón en la zona noroeste de Madrid. Se ha consolidado como un enclave exclusivo que ofrece a sus residentes una alta calidad de vida en un entorno seguro y bien comunicado. Servicios y comodidades: La urbanización cuenta con vigilancia 24 horas. Dispone de un club social para los residentes que incluye piscinas, pistas de tenis y pádel, zonas infantiles y de juegos y un restaurante. Se encuentra en una magnífica ubicación con acceso directo a importantes vías de comunicación, facilitando la conexión con Madrid y municipios cercanos. Además, está muy bien comunicada mediante un gran número de líneas de autobús. Monteclaro se caracteriza por sus amplias parcelas y zonas verdes ofreciendo un ambiente tranquilo y familiar. Las viviendas, son principalmente chalets independientes que disponen de jardín privado. Ofrece un concepto urbanístico donde exclusividad, confort y seguridad alcanzan cotas altas. Un esmerado servicio de mantenimiento de la urbanización y de las extensas zonas verdes en las que se integran las viviendas, ofrecen un entorno en el que vivir día a día se convierte en una experiencia únca.",False,good,False,,4159.0,False,False,False,False,[],False,False,1780000.0,€,chalet,"Monteclaro, Pozuelo de Alarcón",Casa independiente,Top,True,True,independantHouse,1810000.0,30000.0,2.0
107473372,https://img4.idealista.com/blur/480_360_mq/0/id.pro.es.image.master/be/42/12/1313834675.webp,DS-P33070,38,5,975000.0,flat,sale,158.0,True,4,3,calle de Pedro Rico,Madrid,Madrid,Fuencarral,es,La Paz,40.4856393,-3.694924,False,https://www.idealista.com/inmueble/107473372/,"DIZA Consultores presenta vivienda característica en una sofisticada urbanización privada de lujo, que ofrece piscina para adultos y niños, así como vigilancia las 24 horas, ubicada en una de las más selectas zonas del norte de Madrid, con excepcionales acabados y calidades. La vivienda, completamente exterior, se caracteriza por su abundante luz natural y tranquilidad, gracias a su entorno vegetal y su orientación sur-este. Se sitúa a solo cinco minutos a caminando de las emblemáticas Cinco Torres. Además, la propiedad ofrece estancias amplias y bien distribuidas, compuesta por cuatro dormitorios, de los cuales dos son en suite, tres cuartos de baño y una cocina con office.  La vivienda cuenta con una amplia plaza de garaje con capacidad para dos coches ( uno de ellos pequeño). Además la urbanización dispone de 2 saunas, además de las zonas ajardinadas y sus piscinas. Ubicada en la codiciada zona residencial de Fuencarral - La Paz - Parque Norte. La ubicación se distingue por ser una zona urbana y muy tranquila, donde predominan las urbanizaciones cerradas que ofrecen diversos amenities. Es, además, un entorno ideal para familias con niños. La localidad está rodeada de abundante vegetación, incluyendo los jardines de las propias urbanizaciones, así como un magnífico y cuidado parque conocido como “Parque Norte”, además de varios parques y zonas verdes de distintos tamaños en los alrededores. La comunicación es excelente, con una amplia red de autobuses que conecta con el resto de la ciudad, así como acceso directo al intercambiador de Plaza Castilla y Moncloa. Las líneas 9 y 10 de Metro están a escasa distancia. Además, el acceso a la M-30, M-40, Carretera de Colmenar y la de Burgos, así como al Nudo de Manoteras y el Paseo de la Castellana, facilita la movilidad, convirtiendo esta zona en un lugar muy cómodo para vivir. Estaremos encantados de atenderle. Inmobiliaria de lujo en Madrid especializada en comprar, vender y alquilar pisos en las zonas premium de Madrid: Barrio de Salamanca, Almagro, Chamartín, Retiro, Pozuelo, Aravaca, Boadilla. Convertimos Sueños en Hogares.",True,good,False,True,6171.0,False,False,False,False,[],False,False,975000.0,€,flat,"La Paz, Madrid",Piso en calle de Pedro Rico,Top,True,True,,,,
104379241,https://img4.idealista.com/blur/480_360_mq/0/id.pro.es.image.master/8c/c8/eb/1218699424.webp,DS-P33010D,42,7,1350000.0,flat,sale,138.0,True,2,2,calle de Santa Engracia,Madrid,Madrid,Chamberí,es,Trafalgar,40.4354664,-3.7001673,False,https://www.idealista.com/inmueble/104379241/,"DIZA Consultores les presenta esta vivienda segregada con una reforma de lujo perfecto para alquilar. Se trata de una vivienda de 138m2 totales que ha sido dividida en dos propiedades exteriores con un dormitorio doble y un baño completo en ambos casos. Las cocinas se encuentran totalmente equipadas y abiertas a la zona del salón.  Tenemos una luz natural muy buena gracias a sus grandes ventanales.  Disponemos de calefacción central y aire acondicionado por conductos en todas las estancias. La finca cuenta con portero físico y ascensor. La ubicación es inmejorable, a un paso de la castellana. nmobiliaria de lujo en Madrid especializada en comprar, vender y alquilar pisos en las zonas premium de Madrid: Barrio de Salamanca, Almagro, Chamartín, Retiro, Pozuelo, Aravaca, Boadilla. Convertimos Sueños en Hogares.",True,good,False,True,9783.0,False,False,False,False,[],False,False,1350000.0,€,flat,"Trafalgar, Madrid",Piso en calle de Santa Engracia,Top,,,,,,
108632081,https://img4.idealista.com/blur/480_360_mq/0/id.pro.es.image.master/98/b7/8b/1350507215.webp,mor076JG,36,1,1480000.0,flat,sale,322.0,True,4,4,La Moraleja urbanización,Madrid,La Moraleja,La Moraleja urbanización,es,,40.5057531,-3.6087764,False,https://www.idealista.com/inmueble/108632081/,"Olisson Club pone a su disposición este magnífico piso a estrenar en una de las urbanizaciones más exclusivas de La Moraleja, con las mejores instalaciones y jardines. Los acabados y materiales son de alta calidad. La distribución diáfana es muy cómoda. Entramos en la vivienda y respiramos paz y amplitud. Su salón y cocina integrados, con agradable isla office son de lo más destacable de la propiedad. Se puede separar de forma sencilla con cristalera o puerta corredera si se requiere. La cocina está equipada con electrodomésticos de alta gama y pequeña vinoteca. Desde el salón y cocina accedemos cómodamente a una gran terraza con vistas a los jardines comunes. Cuenta con zona de lavado y planchado separada con ventilación natural. Completan la zona social un aseo de cortesía. La zona de descanso se compone por una habitación con baño en suite, dos habitaciones que comparten un baño y una suite principal con vestidor y baño en suite. Todas ellas comparten acceso a una agradable terraza. La vivienda cuenta con suelo radiante frío/calor y aire acondicionado. Cerramientos con gran aislamiento térmico y sonoro. La urbanización dispone de 4 piscinas descubiertas, un spa acristalado con sauna, un gimnasio acristalado con amplia zona para sesiones en grupo, kids club acristalado, sala de coworking acristalado, zona infantil, extensos y cuidados jardines y conserje 24h.  Dispone de ascensor, trastero y dos plazas de parking con instalación eléctrica, justo al lado del acceso para mayor comodidad. La zona es muy tranquila y ubicada cerca de colegios de prestigio tanto nacionales como internacionales, restaurantes de calidad, centros comerciales, parques, centros deportivos y a sólo quince minutos de Madrid y a diez del Aeropuerto Adolfo Suárez. Gran oportunidad de vivir en una urbanización de lujo en una zona privilegiada. [IW].",False,good,False,True,4596.0,True,False,False,False,[],False,False,1480000.0,€,flat,"La Moraleja urbanización, La Moraleja",Piso,Top,True,True,,,,
107072458,https://img4.idealista.com/blur/480_360_mq/0/id.pro.es.image.master/75/f6/04/1308418792.webp,da1d8103-48a1-4dc7-bafd-b3dc7f0373d6,41,,4200000.0,chalet,sale,700.0,,6,5,calle de Guecho,Madrid,Madrid,Moncloa,es,El Plantío,40.4746947,-3.8227322,False,https://www.idealista.com/inmueble/107072458/,"Exclusiva y singular vivienda lindando con El Pardo. Con una superficie de 700 m², esta casa tipo cottage destaca por su amplitud y distribución funcional, ideal para familias numerosas o quienes buscan espacios amplios y confortables.  Dispone de: 6 dormitorios amplios, perfectos para el descanso. 5 baños, diseñados para comodidad y funcionalidad. La propiedad se encuentra en una impresionante parcela de 3.100 m², que ofrece un entorno natural único y perfectamente cuidado. Incluye: Piscina privada, ideal para disfrutar del verano en la privacidad de tu hogar. Porche amplio, perfecto para reuniones familiares o momentos de relajación. Jardines extensos lindando con el monte de El Pardo, proporcionando un ambiente sereno y exclusivo. Esta vivienda combina confort y funcionalidad, ofreciendo todas las comodidades necesarias para una vida de lujo. Sus amplias estancias, luminosidad y el diseño cuidado hacen de esta casa un lugar único para vivir. Ubicada en una de las mejores calles de La Florida, Aravaca, esta espectacular vivienda se encuentra en una de las zonas más exclusivas y demandadas de Madrid. Su entorno tranquilo y seguro, junto al monte de El Pardo, garantiza privacidad y calidad de vida. Vivir en esta casa significa disfrutar de una ubicación privilegiada, rodeado de naturaleza, sin renunciar a la cercanía con Madrid. ¡Visítala y descubre cómo esta propiedad puede convertirse en el hogar de tus sueños!",True,good,False,,6000.0,False,False,False,False,[],False,False,4200000.0,€,chalet,"El Plantío, Madrid",Casa independiente en calle de Guecho,Top,True,True,independantHouse,,,
108489377,https://img4.idealista.com/blur/480_360_mq/0/id.pro.es.image.master/16/92/ca/1346426633.webp,ce4dce13-b9c9-49b5-82b0-ed43c20af9af,55,1,710000.0,flat,sale,108.0,True,3,1,calle del Príncipe de Vergara,Madrid,Madrid,Chamartín,es,Bernabéu-Hispanoamérica,40.4556196,-3.6768603,False,https://www.idealista.com/inmueble/108489377/,"Encantador piso en Hispanoamérica, Chamartín, Madrid. Con 108 m², ofrece un espacio cómodo y bien distribuido. Dispone de tres dormitorios amplios, un baño, y se encuentra en buen estado. La cocina y el salón están amueblados con buen gusto, listos para entrar a vivir. Cuenta con armarios empotrados que optimizan el almacenamiento y calefacción de gas para mayor confort en invierno.  El edificio tiene ascensor, servicio de portería y es accesible para sillas de ruedas, lo que garantiza comodidad e inclusión. Una excelente oportunidad en una de las zonas más deseadas de Madrid. Ubicado en un barrio tranquilo y bien comunicado, cercano a todos los servicios y comodidades urbanas, Chamartín es sinónimo de calidad de vida en Madrid.",True,good,False,True,6574.0,False,True,False,False,[],False,False,710000.0,€,flat,"Bernabéu-Hispanoamérica, Madrid",Piso en calle del Príncipe de Vergara,Top,,,,,,
108830713,https://img4.idealista.com/blur/480_360_mq/0/id.pro.es.image.master/dd/35/cc/1356774068.webp,VM2507067,26,1,675000.0,flat,sale,92.0,True,2,2,calle de Téllez,Madrid,Madrid,Retiro,es,Pacífico,40.4037761,-3.6831479,False,https://www.idealista.com/inmueble/108830713/,"LUMINOSO PISO REFORMADO CON PATIO PRIVATIVO EN URBANIZACIÓN CON PISCINA EN PACÍFICO En el barrio de Pacífico, una de las zonas más consolidadas y bien comunicadas de Madrid, se encuentra esta vivienda moderna y luminosa, situada en una cuidada urbanización con piscina. Reformada integralmente en 2016 (cableado y fontanería), ofrece un alto nivel de confort, eficiencia y tecnología, ideal para quienes buscan un hogar actual y funcional. Con una superficie de 92 m², la vivienda se distribuye en dos dormitorios, dos baños completos, un amplio salón y una cocina equipada con acceso directo a un patio de uso privativo, perfecto para disfrutar de momentos al aire libre con total privacidad. Los acabados son de excelente calidad: suelo de parqué en perfecto estado, recientemente acuchillado y barnizado con materiales de alta gama; ventanas climalit con doble acristalamiento y gas argón que aseguran un gran aislamiento térmico y acústico. Dispone además de aire acondicionado por conductos, calefacción individual a gas, persianas motorizadas y un sistema de domótica integral que permite gestionar la vivienda desde cualquier dispositivo. Una oportunidad única tanto para vivir como para invertir, en un entorno tranquilo, moderno y bien conectado, a pocos minutos del Parque del Retiro y rodeado de servicios, comercios y transporte público. ¿Te imaginas vivir aquí?  Contacte con nosotros para ver más inmuebles similares.",False,good,False,True,7337.0,False,False,False,False,[],False,False,675000.0,€,flat,"Pacífico, Madrid",Piso en calle de Téllez,Top,,,,,,
106892065,https://img4.idealista.com/blur/480_360_mq/0/id.pro.es.image.master/37/2a/04/1296901566.webp,DS-P66020,20,1,620000.0,flat,sale,68.0,True,2,2,calle de Ilustración,Madrid,Madrid,Moncloa,es,Argüelles,40.4205761,-3.7174646,False,https://www.idealista.com/inmueble/106892065/,"DIZA Consultores les presenta este encantador piso de 68 m² que combina comodidad y estilo en cada rincón.  Este luminoso apartamento cuenta con 2 acogedores dormitorios, con 2 baños completos, uno de ellos en suite. Su diseño funcional permite aprovechar al máximo cada espacio, brindando una atmósfera cálida y acogedora. La vivienda cuenta con un amplio salón-comedor con la cocina abierta totalmente amueblada y equipada con electrodomésticos de ultima generación.  No dejes pasar la oportunidad de visitarlo. Inmobiliaria de lujo en Madrid especializada en comprar, vender y alquilar pisos en las zonas premium de Madrid: Barrio de Salamanca, Almagro, Chamartín, Retiro, Pozuelo, Aravaca, Boadilla.. . Convertimos Sueños en Hogares.",False,good,False,True,9118.0,False,False,False,False,[],False,False,620000.0,€,flat,"Argüelles, Madrid",Piso en calle de Ilustración,Top,,,,,,
108104250,https://img4.idealista.com/blur/480_360_mq/0/id.pro.es.image.master/5b/f7/4a/1333944776.webp,2363ddbb-084d-4900-acca-b9ea162a9c04,18,4,329000.0,flat,sale,57.0,True,2,1,paseo de Santa María de la Cabeza,Madrid,Madrid,Arganzuela,es,Acacias,40.3990483,-3.7037252,False,https://www.idealista.com/inmueble/108104250/,"Descubre este encantador apartamento en Las Acacias, Arganzuela, Madrid. Con 57 m², esta vivienda en buen estado ofrece un espacio acogedor y funcional. En buen estado, reformado íntegramente en 2010. El tejado del edificio nuevo. La vistas son totalmente despejadas. Es exterior. Muy bien comunicado y rodeado de todos los servicios. Dispone de 2 dormitorios amplios y 1 baño, ideal para parejas o pequeñas familias. La cocina está completamente equipada, lista para tus mejores recetas, y los armarios empotrados proporcionan un almacenamiento eficiente. Disfruta del aire acondicionado durante los días calurosos de verano. Además, cuenta con un balcón privado, perfecto para relajarse al aire libre. Incluye un trastero para mayor comodidad.  El apartamento mantiene su atractivo y funcionalidad. No te pierdas esta oportunidad de vivir en una ubicación privilegiada de Madrid, con todo lo que necesitas al alcance. ¡Ven a visitarlo y enamórate de tu próximo hogar! El barrio de Las Acacias, situado en el distrito de Arganzuela, Madrid, es una zona residencial con sabor castizo que ha sabido adaptarse al ritmo moderno de la ciudad. Muy bien comunicado por metro y cercanías, y con fácil acceso a Madrid Río, es un enclave perfecto para quienes buscan vivir cerca del centro sin renunciar a la tranquilidad. Sus calles combinan edificaciones clásicas con nuevas promociones, y la zona ofrece una excelente oferta de comercios, colegios, servicios y zonas verdes. Además, su cercanía a puntos neurálgicos como el centro histórico o el Matadero Madrid lo convierten en una opción atractiva tanto para familias como para jóvenes profesionales.",True,good,False,False,5772.0,False,False,False,False,[],False,False,329000.0,€,flat,"Acacias, Madrid",Piso en paseo de Santa María de la Cabeza,Top,,,,,,
108718936,https://img4.idealista.com/blur/480_360_mq/0/id.pro.es.image.master/da/b3/2f/1353080964.webp,CM -426708-JM,28,5,1800000.0,penthouse,sale,140.0,True,2,2,Barrio Chueca-Justicia,Madrid,Madrid,Centro,es,Chueca-Justicia,40.4251638,-3.7012597,False,https://www.idealista.com/inmueble/108718936/,"ÚNICA Inmobiliaria pone a su disposición magnífico ático con dos terrazas en el prestigioso barrio madrileño de Justicia. La vivienda se encuentra para actualizar y su actual distribución permite múltiples posibilidades ya que además se encuentra en la última planta. Se ubica en una quinta y última planta y cuenta con 140 metros cuadrados que se distribuyen en dos habitaciones, dos baños, cocina independiente y una gran zona de salón y comedor. Dispone además de dos terrazas independientes con orientación oeste que se acceden desde el salón y desde uno de los dormitorios.  Destacar la increíble luz natural de toda la vivienda. Cuenta con aire acondicionado y calefacción individual. Con respecto a la finca, de los años 90, se encuentra en perfecto estado de conservación, dispone de la ITE favorable y cuenta con ascensor y portero físico. En el barrio de Justicia conviven el elegante bulevar de la Gran Vía y sus edificios neoclásicos y boutiques de lujo con las originales tiendas de la calle Hortaleza, los locales nocturnos de Fuencarral, y los bistrós de moda y bares de tapas en los alrededores de la plaza Santa Bárbara. Vecinos de todas las edades se reúnen en el Mercado de San Antón, en el barrio de moda del centro de la capital. En Única Inmobiliaria aglutinamos más de veinte años de experiencia en el sector del lujo. Contamos con una amplia trayectoria que avala nuestra gestión trabajando alrededor de las zonas más exclusivas de Madrid: Barrio de Salamanca, Recoletos, Almagro, Chamartín, Retiro, Justicia.",False,renew,False,True,12857.0,False,False,False,False,[],False,False,1800000.0,€,flat,"Chueca-Justicia, Madrid",Ático,Top,,,penthouse,2000000.0,200000.0,10.0
107077303,https://img4.idealista.com/blur/480_360_mq/0/id.pro.es.image.master/60/12/ee/1302270638.webp,b1488194-8f08-441d-9a9f-83aeba309f60,56,7,2450000.0,flat,sale,200.0,True,6,4,calle Alcalá,Madrid,Madrid,Barrio de Salamanca,es,Goya,40.4240799,-3.6734509,False,https://www.idealista.com/inmueble/107077303/,"Descubre este espacioso apartamento de 200 m², ideal para familias numerosas o para quienes necesitan espacio adicional. La propiedad incluye: 6 dormitorios, amplios y luminosos. 4 baños, diseñados para comodidad y funcionalidad. Cocina equipada, perfecta para satisfacer todas tus necesidades culinarias. Armarios empotrados que maximizan el almacenamiento. Calentador de gas, ideal para mantener el confort durante los meses más fríos. La vivienda se encuentra en buen estado, está completamente amueblada y lista para entrar a vivir. Conserje, que garantiza seguridad y atención personalizada. Ascensor y accesibilidad para sillas de ruedas, ofreciendo una experiencia de vida cómoda y sin barreras. Situado en el prestigioso barrio de Goya, en el distrito de Salamanca, uno de los más codiciados de Madrid. Este vecindario combina elegancia, servicios exclusivos y una amplia oferta cultural, comercial y gastronómica, con excelentes conexiones de transporte público que facilitan el acceso a toda la ciudad. Tu nuevo hogar en Madrid: Este apartamento es la combinación perfecta de espacio, confort y ubicación. ¡Contáctanos para una visita y descubre tu nuevo hogar!",True,good,False,True,12250.0,False,False,False,False,[],False,False,2450000.0,€,flat,"Goya, Madrid",Piso en calle Alcalá,Top,,,,,,
25588460,https://img4.idealista.com/blur/480_360_mq/0/id.pro.es.image.master/90/80/c0/1338402736.webp,PV5665I,11,,2400000.0,chalet,sale,372.0,,7,5,avenida de Montealina,Madrid,Pozuelo de Alarcón,Urbanizaciones,es,Montealina,40.4352242,-3.8456469,False,https://www.idealista.com/inmueble/25588460/,"En la prestigiosa urbanización Montealina se encuentra fantástico Chalet independiente de 372 m² distribuidos en dos amplias y cómodas plantas, construido sobre una bonita parcela de 2.562 m² con piscina en un entorno privilegiado, en urbanización cerrada con control de acceso y seguridad 24 horas, en un entorno privilegiado. Distribución: PLANTA PRINCIPAL: · Hall distribuidor. · Amplio Salón. · Comedor Independiente. · Dormitorio principal en suite con vestidor y baño. · Cocina con office. · Dormitorio de servicio.  · Baño. PLANTA ALTA: · Cinco dormitorios. · Dos baños. Puedes ver más inmuebles en nuestra página web. Urbanización de lujo muy consolidada, de acceso cerrado y vigilancia las 24 horas. Pertenece al municipio de Pozuelo de Alarcón y ofrece un maravilloso paisaje donde se encuentra el bosque protegido de Boadilla del Monte.  Conectada por la M-40 y la M-500, tiene transporte público, y un fácil acceso a la zona comercial de Pozuelo. Como rasgo distintivo, todas las viviendas son chalets independientes en muy buenas parcelas de gran privacidad.",False,good,False,,6452.0,False,False,False,False,[],False,False,2400000.0,€,chalet,"Montealina, Pozuelo de Alarcón",Casa independiente en avenida de Montealina,Top,True,True,independantHouse,,,
107352452,https://img4.idealista.com/blur/480_360_mq/0/id.pro.es.image.master/53/a5/01/1310420519.webp,,36,,549000.0,chalet,sale,110.0,,3,2,calle del Cañaveral,Madrid,Madrid,Tetuán,es,Ventilla-Almenara,40.4682706,-3.6949974,False,https://www.idealista.com/inmueble/107352452/,"En pleno barrio de Valdeacederas, a un paso de Plaza Castilla y la Avenida de Asturias, esta casa de tres plantas es una oportunidad única para quienes buscan un hogar amplio, versátil y con múltiples posibilidades de personalización. La planta baja cuenta con un gran espacio diáfano, ideal para ser utilizado como garaje privado, oficina o incluso como una vivienda independiente. Al encontrarse de origen, ofrece la libertad de adaptarlo completamente a tus necesidades, creando un espacio a medida. En la primera planta, la distribución es ideal para la vida diaria. Dispone de un salón-comedor amplio y luminoso, un aseo y una cocina funcional con acceso directo a un patio compartido, un desahogo perfecto para disfrutar del exterior sin salir de casa. La segunda planta alberga la zona de descanso, con tres dormitorios espaciosos y un cuarto de baño completo. Gracias a la ventilación cruzada y los grandes ventanales, la luz natural inunda cada estancia, aportando calidez y bienestar en todas las estaciones del año. Además, la casa dispone de calefacción por caldera, garantizando un ambiente confortable en invierno. Ubicación y Servicios Ubicada en una de las zonas más dinámicas y bien conectadas de Madrid, esta casa se encuentra a escasos metros de la Avenida de Asturias y Plaza Castilla, lo que significa acceso inmediato a metro, autobuses y principales vías de comunicación. El entorno combina a la perfección la tranquilidad residencial con una vibrante actividad comercial. A su alrededor, encontrarás tiendas, supermercados, colegios, centros médicos y restaurantes, facilitando un estilo de vida cómodo y práctico. Si buscas una vivienda con carácter, espacio y un sinfín de posibilidades, esta es tu oportunidad. Sky Real Estate te acompaña en cada paso del proceso.  ¡Contáctanos para visitarla!",True,good,False,,4991.0,True,False,True,True,[],False,False,549000.0,€,chalet,"Ventilla-Almenara, Madrid",Chalet pareado en calle del Cañaveral,Top,,,semidetachedHouse,,,
94060712,https://img4.idealista.com/blur/480_360_mq/0/id.pro.es.image.master/8f/ea/3e/1345549784.webp,,36,1,1350000.0,flat,sale,240.0,True,5,5,calle de Luis Martinez Feduchi,Madrid,La Moraleja,Encinar de los Reyes,es,,40.5020856,-3.6426973,False,https://www.idealista.com/inmueble/94060712/,"Moraleja Consulting Inmobiliario ofrece en VENTA Impresionante piso de grandes dimensiones. 5 amplios dormitorios y 4 baños y aseo de cortesía. Amplia terraza. Moderna cocina con tendedero lavadero y zona de servicio con baño incorporado. Salón comedor con terraza conectado por puertas correderas con la cocina y el Hall de entrada. Dormitorio principal en suite y vestidor. 1 dormitorio juvenil con baño incorporado y 2 dormitorios comparten baño. Aseo de cortesía. 2 plazas de garaje una de ellas muy amplia. Trastero. Estupendas zonas comunes con piscina y zonas ajardinadas. Edificio de reciente construcción. Impecable de linea moderna. Orientación Sur. Zonas comunitarias con piscinas  Padel Seguridad 24h Características  ▪ tarima flotante con acabado en madera barnizada, en vestíbulo, pasillo, salón y dormitorios. ▪ baño principal en mármol  ▪ cocina y baños con suelos de porcelánico de primera calidad. ▪ distribuidores de acceso a viviendas de mármol. ▪ terrazas en baldosas de gres para exteriores antideslizante. ▪ puerta de entrada de seguridad con bisagras antipalanca. ▪ puertas de paso de madera barnizada ó lacada con cierres y herrajes de primera calidad. ▪ Armarios de madera lacada vestidos interiormente con gradenes, entrepaños, paramentos forrados y barras de colgar. ▪ Ventanas de aluminio lacado blanco, con rotura de puente térmico, con cierres abatibles y correderos, persianas (salones y dormitorios) de aluminio térmico. Pintura ▪ cuartos de baño con aparatos sanitarios de porcelana vitrificada. ▪ bañera en baño principal o secundario y resto de baños con ducha. ▪ radiador toallero térmico en baño principal. ▪ calefacción y agua caliente sanitaria con producción individual por caldera de gas natural de combustión estanca en viviendas y radiadores de alumnio. ▪ aire acondicionado individual consistente en conductos, rejillas y circuitos entre vivienda y futuras condensadoras a situar en la cubierta del edificio. ▪ instalación de paneles de captación de energía solar para usos térmicos según vigente normativa.  Ascensores -vigilancia situada a la entrada con riguroso control de accesos.",False,good,False,True,5625.0,True,False,False,True,[],False,False,1350000.0,€,flat,"Encinar de los Reyes, La Moraleja",Piso en calle de Luis Martinez Feduchi,Top,True,True,,,,
108724017,https://img4.idealista.com/blur/480_360_mq/0/id.pro.es.image.master/9e/a5/bb/1353231498.webp,Venta-AticoAcacias,65,6,899000.0,penthouse,sale,160.0,True,2,2,paseo de los Olmos,Madrid,Madrid,Arganzuela,es,Acacias,40.4066651,-3.7123747,False,https://www.idealista.com/inmueble/108724017/,"SERVICHECK INMOBILIARIA comercializa exclusivo ático en Arganzuela Luminosidad, terraza y confort en el corazón de Madrid Mejor ver. Para más información, contáctanos por WhatsApp.  Horario de atención al cliente: -Lunes a viernes: -Mañanas: 09:30 a 14:00 h Tardes: 17:00 a 20:00 h Te invitamos a descubrir el inmueble con nuestra herramienta 3D disponible en el anuncio. Podrás recorrer cada espacio, tomar medidas, retirar los muebles virtualmente y examinar cada detalle de forma interactiva. Si deseas visitarlo en persona, contáctanos por WhatsApp y coordinaremos una cita, preguntar por Emiliano Correa 602_250_283 Descubra este espectacular ático en Acacias, Arganzuela, una de las zonas más vibrantes y cotizadas de la ciudad. Ubicado en la sexta planta de una urbanización de alto nivel, este hogar ofrece una combinación perfecta de amplitud, luz natural y comodidades premium, ideal para quienes buscan calidad de vida sin renunciar a la cercanía del centro de Madrid. Distribución y características Este ático se distingue por su magnífica terraza de 15 m², un espacio perfecto para disfrutar del aire libre, organizar reuniones o simplemente relajarse con vistas despejadas de la ciudad. Desde la terraza se accede a un amplio y luminoso salón, donde un gran ventanal permite la entrada de luz natural durante todo el día, creando un ambiente cálido y acogedor. A continuación, encontramos un elegante recibidor que conecta con el resto de la vivienda. La cocina independiente, de diseño moderno y excelentes calidades, ofrece un espacio funcional y amplio, ideal tanto para los amantes de la gastronomía como para el día a día en familia. La zona de descanso se distribuye a través del pasillo principal: Dormitorio principal con baño en suite y bañera, proporcionando un extra de privacidad y confort. Segundo dormitorio con armario empotrado, garantizando un excelente almacenamiento. Segundo baño completo, equipado con plato de ducha. Además, la propiedad incluye una plaza de garaje con capacidad para 3 coches y moto, un valor añadido en una zona de alta demanda de estacionamiento. Urbanización y zonas comunes Este exclusivo ático forma parte de una urbanización privada con servicio de conserjería 24 horas, garantizando seguridad y comodidad a sus residentes. Entre sus atractivos destacan: -Piscina comunitaria -Zonas ajardinadas y espacios verdes -Área infantil Ubicación y entorno Situado en el barrio de Acacias (Arganzuela), este ático goza de una ubicación estratégica con excelentes conexiones y una oferta inmejorable de servicios: Transporte público: A pocos minutos de las estaciones de metro Acacias (Línea 5) y Pirámides (Línea 5 y Cercanías Renfe), además de varias líneas de autobús que conectan con el centro y otros puntos de Madrid. Fácil acceso a la M-30 y A-42. Educación: Cercanía a colegios de prestigio como CEIP Tomás Bretón y Colegio Salesianos de Estrecho, además de guarderías de calidad. Ocio y cultura: A solo unos minutos de Madrid Río, una de las mayores áreas verdes de la ciudad, ideal para paseos y actividades al aire libre. También muy próximo a Matadero Madrid, un referente cultural, y al Centro Cultural Casa del Reloj. Comercios y servicios: Supermercados, farmacias, restaurantes y centros de salud a escasos metros, garantizando comodidad y calidad de vida. Una oportunidad única Este ático combina ubicación privilegiada, calidad y exclusividad, convirtiéndose en una opción ideal tanto para familias como para inversores. No pierda la oportunidad de vivir en una de las mejores zonas de Madrid, en un hogar que ofrece lujo, confort y tranquilidad. ¡Contáctenos para más información o para concertar una visita!",True,good,False,True,5619.0,True,False,True,True,[],False,False,899000.0,€,flat,"Acacias, Madrid",Ático en paseo de los Olmos,Top,True,True,penthouse,,,
108129934,https://img4.idealista.com/blur/480_360_mq/0/id.pro.es.image.master/fd/1a/37/1334753228.webp,VM2505029,8,bj,510000.0,flat,sale,118.0,True,2,2,calle de San Leopoldo,Madrid,Madrid,Tetuán,es,Ventilla-Almenara,40.4687826,-3.6923266,False,https://www.idealista.com/inmueble/108129934/,"LOFT DE DISEÑO CON TERRAZA EN ZONA ALMENARA En un bajo y situada muy cerca de la plaza Castilla y de las cuatro torres, se encuentra este gran loft con un diseño muy particular. Gran salón comedor con pared de ladrillo visto, cocina abierta con todos los electrodomésticos y menaje, así como gran cantidad de armarios. En el mismo salón un cuarto de baño con plato de ducha. Se accede al dormitorio con cama doble y baño en suite (de diseño). Gran armario empotrado. Tanto por el dormitorio como por el salón se accede a un acogedor patrio privado. Suelo de madera industrial en toda la vivienda. Aire acondicionado bomba frio/calor. Puerta acorazada. A 10 minutos andando de las cuatro torres. Supermercados muy cerca, así como estación de metro y la Plaza de Castilla. La vivienda actualmente está semi amueblada, pero con posibilidad de amueblarla totalmente. Ideal para estudiantes del IE. ¿Te imaginas vivir aquí?  Contacte con nosotros para ver más inmuebles similares.",True,good,False,False,4322.0,True,False,False,False,[],False,False,510000.0,€,flat,"Ventilla-Almenara, Madrid",Piso en calle de San Leopoldo,Top,,,,,,
106904377,https://img4.idealista.com/blur/480_360_mq/0/id.pro.es.image.master/2d/00/9d/1297273638.webp,BHHS-MAD-0511,12,5,1459000.0,flat,sale,97.0,True,2,2,Barrio Goya,Madrid,Madrid,Barrio de Salamanca,es,Goya,40.4245058,-3.680429,False,https://www.idealista.com/inmueble/106904377/,"Comercializamos la venta de esta espectacular vivienda de 97 metros cuadrados catastrales, reformado a estrenar y ubicado en la quinta planta de una finca representativa de 1.930 con fachada clásica y buen portal. Situada en la zona más cotizada del barrio de Salamanca-Goya en una de sus calles más representativas a escasos metros de la zona comercial de Goya y muy próxima al parque del Retiro.  Ubicado en una quinta planta y orientada al oeste, eta vivienda cuenta con grandes ventajas que la hacen una opción muy atractiva, no solo por su excelente ubicación y características sino por su marcado carácter exterior con techos altos. suelos de tarima maciza y la maravillosa luz que tiene toda la vivienda, Este extraordinario piso se encuentra distribuido en una zona de recibo compuesta por un hall de entrada, salón comedor con dos ambientes diferenciados, está dotado con un amplio balcón por el que recibe una fantástica luz natural ya que se encuentra orientado al oeste. Junto a la zona destinada a comedor y abierta a este se encuentra la cocina, completamente amueblada con mucha zona de almacenaje y equipada con electrodomésticos de primera marca. La vivienda cuenta con dos dormitorios que disponen de amplios armarios empotrados. El dormitorio principal es una suite exterior y tiene dos balcones, dispone de su baño y también de un vestidor. El otro dormitorio también es de gran tamaño con ventana a un tranquilo y soleado patio. Un baño completo da servicio a este dormitorio y sirve también como baño de cortesía. Hay que destacar la gran calidad de la reforma efectuada con los mejores materiales, aire acondicionado y calefacción por aerotermia, persianas motorizadas, domótica, suelo de tarima y todos los detalles cuidados al máximo. La finca cuenta con unas zonas comunes perfectamente conservadas. La vivienda se entrega amueblada y decorada por un prestigioso estudio de arquitectura de interiores.  Cabe destacar la generosa entrada de luz con la que cuenta este piso de lujo, no solo por su orientación oeste, también por la altura de sus techos que confiere a las estancias una gran amplitud. La vivienda está perfectamente comunicada por transporte público con toda la ciudad.",False,good,False,True,15041.0,True,False,False,False,[],False,False,1459000.0,€,flat,"Goya, Madrid",Piso,Top,,,,,,
107942425,https://img4.idealista.com/blur/480_360_mq/0/id.pro.es.image.master/5b/8d/89/1329007061.webp,fd7e544f-7a82-403b-ae0c-1c2912ca115d,21,bj,390000.0,flat,sale,76.0,True,2,2,calle de Matilde Landa,Madrid,Madrid,Tetuán,es,Ventilla-Almenara,40.4723277,-3.6941938,False,https://www.idealista.com/inmueble/107942425/,"Descubre estos dos apartamentos gemelos, acogedores, cada uno con 38 m2 en Almenara, Tetuán, Madrid. Con un diseño bien distribuido, ofrecen 1 dormitorio y baño, ideal para inversores que quieren sacar una buena rentabilidad. La propiedad está en buen estado y viene completamente amueblada, lista para entrar a vivir. La cocina equipada facilita la preparación de tus platos favoritos, mientras que el aire acondicionado y el calefactor eléctrico aseguran confort durante todo el año. Los armarios empotrados ofrecen un almacenamiento práctico. Además, las dos unidadeses accesible para sillas de ruedas, garantizando comodidad para todos. Situado en una ubicación estratégica, perfecto para poder disfrutar de la vida. Perfecto para inversionistas ya que actualmente está muy bien alquilado, rentabilidad asegurada. El barrio de Almenara, situado en el distrito de Tetuán, es una zona residencial que combina la vida tranquila de barrio con una ubicación estratégica en Madrid. Destaca por su ambiente acogedor, su variada oferta de servicios y su excelente conexión con el resto de la ciudad, siendo una opción atractiva para familias, jóvenes y profesionales. En Almenara, los residentes disfrutan de todo tipo de comodidades, como colegios, centros de salud, supermercados y comercios de proximidad. Además, la zona está bien servida por transporte público, con varias líneas de metro y autobuses que facilitan el acceso al centro de Madrid y otras áreas importantes. El barrio ofrece un equilibrio perfecto entre urbanismo y espacios verdes, gracias a su proximidad al parque Rodríguez Sahagún, un lugar ideal para pasear, practicar deporte o disfrutar del aire libre. Su mezcla de edificios residenciales modernos y tradicionales da al barrio un carácter único y atractivo.",False,good,False,False,5132.0,False,False,False,False,[],False,False,390000.0,€,flat,"Ventilla-Almenara, Madrid",Piso en calle de Matilde Landa,Top,,,,,,
107396902,https://img4.idealista.com/blur/480_360_mq/0/id.pro.es.image.master/c4/65/d5/1311677280.webp,BHHS-MAD-0599,12,4,759000.0,flat,sale,84.0,True,2,2,Barrio Malasaña-Universidad,Madrid,Madrid,Centro,es,Malasaña-Universidad,40.4216118,-3.7017961,False,https://www.idealista.com/inmueble/107396902/,"Ponemos a su disposición la venta de este exclusivo piso de 84 metros cuadrados catastrales, totalmente reformado a estrenar. Situado en una de las calles más representativas y emblemáticas del barrio Universidad, conocido como el Soho madrileño. Ubicado en la cuarta y última planta del edificio. La finca es representativa con ascensor. Esta vivienda tiene una fantástica ubicación en una de las zonas más exclusivas de Madrid. El barrio de Universidad nos ofrece magníficos edificios, iglesias y palacetes del siglo XVIII, además de estar junto a importantes embajadas, cedes políticas, universidades y colegios. La zona se encuentra perfectamente comunicada por transporte público con toda la ciudad. Todo ello hace de este inmueble una excelente oportunidad vivir o invertir. La vivienda tiene una distribución muy práctica, en donde encontramos una entrada con un bonito pasillo, que dirige a la zona de estar, compuesta por salón comedor con dos balcones a la calle. Con cocina americana, se entrega amueblada y equipada con electrodomésticos de gama alta y muebles hechos a medida. La zona de descanso la componen dos dormitorios, siendo uno en suite. Toda la vivienda cuenta con aire acondicionado por conducto y dispone de calefacción central. Esta propiedad se encuentra situada en una finca clásica, encontrándose en perfecto estado de conservación y con ITE favorable. Disponemos de varios inmuebles similares en esta zona que solo pueden estar anunciados en nuestra web por expreso deseo de sus propietarios. Si desean verlos pueden hacerlo pinchando en el enlace adicional ubicado al final del anuncio.",False,good,False,True,9036.0,True,False,False,False,[],False,False,759000.0,€,flat,"Malasaña-Universidad, Madrid",Piso,Top,,,,,,
108536549,https://img4.idealista.com/blur/480_360_mq/0/id.pro.es.image.master/1d/51/cb/1347810321.webp,,37,3,819900.0,flat,sale,138.0,False,3,2,paseo de la Chopera,Madrid,Alcobendas,Norte,es,,40.544656,-3.6541564,False,https://www.idealista.com/inmueble/108536549/,"HOGARES ALCOBENDAS VENDE EN EXCLUSIVA fantástico tercero en una de las mejores y más novedosas zonas del municipio, próximo a todo tipo de servicios, colegios, zonas verdes, parques infantiles, paradas de autobús, estación de Renfe, parada de metro, supermercados, etc. La VIVIENDA se distribuye de la siguiente manera: - Encontramos nada más entrar un hall recibidor muy espacioso con acceso directo al amplio salón muy bien iluminado por la terraza. - En la cocina contamos con un espacio destinado como comedor más dinámico y tendedero-office abierto a un patio interior para favorecer la ventilación. - Salón-comedor de gran tamaño con aire acondicionado y acceso a la terraza. - Terraza muy privada de gran tamaño con cerramiento de Lumon orientada al Norte e interior de la urbanizacion conviertiendola en un espacio perfecto para disfrutar. - Dos dormitorios secundarios espaciosos con armarios empotrados, muy luminosos y tranquilos. - Un baño complementario totalmente reformado para dar servicio a las habitaciones suplementarias y a los invitados. - Dormitorio principal con vestidor y baño en suite equipado de un plato de ducha. También encontramos acceso directo a la terraza y un fantástico vestidor. La URBANIZACIÓN contiene: - Piscina semi-olimpica con gran zona asombrillada con césped natural. - Parque de juegos infantil. - Dos pistas de Padel. - Conserje y vigilancia 24h. - Recogida de paquetería 24h. - La vivienda dispone de 1 PLAZAS DE GARAJE incluida en el precio. *Todas las ventanas de la vivienda son doble-climalit y con rotura de puente térmico y acústico. * NO PIERDAS LA OPORTUNIDAD, Y VEN A VER LA VIVIENDA SIN COMPROMISO. ¡FINANCIACIÓN 100%!",True,good,False,True,5941.0,True,False,False,False,[],False,False,819900.0,€,flat,"Norte, Alcobendas",Piso en paseo de la Chopera,Top,True,True,,,,
108821450,https://img4.idealista.com/blur/480_360_mq/0/id.pro.es.image.master/de/7e/06/1356122122.webp,,27,1,139000.0,flat,sale,66.0,True,3,1,"Alberche, 1",Madrid,Navalcarnero,Centro,es,,40.285599,-4.0166526,True,https://www.idealista.com/inmueble/108821450/,"Agencia inmobiliaria de Navalcarnero PISO EN ZONA LA ESTACION de 66 m2 segun catastro Compuesto por: Tres amplios dormitorios, un cuarto de baño completo, amplio salon con terraza y cocina. La vivienda necesita una actualizacion para entrar a vivir. El piso se encuentra enclavado en la zona de la estacion, estando proximo a zonas verdes y solo 5 minutos andando del centro. La zona de la estacion se encuentra excelentemente situada, con buen acceso tanto a la autovia como al centro del municipio. Navalcarnero cuenta con todos los servicios tales como farmacias, supermercados, excelentes colegios, zonas verdes, comercios, centro medico, asimismo, se encuentra a menos de 10 minutos en coche del hospital mas cercano. En el caso de que necesite financiación, disponemos de un departamento financiero que estará encantado de atenderle y facilitarle la mejor financiacion del mercado, con una cuota para esta vivienda desde 398 €(consultar condiciones).",False,renew,False,False,2106.0,True,False,False,False,[],False,False,139000.0,€,flat,"Centro, Navalcarnero","Piso en Alberche, 1",Top,,,,145000.0,6000.0,4.0
108491950,https://img4.idealista.com/blur/480_360_mq/0/id.pro.es.image.master/bc/28/f5/1346508189.webp,8bd8d9f1-4a68-4478-a8fe-5d1ad9e20a22,24,1,880000.0,flat,sale,84.0,False,3,2,calle de José Ortega y Gasset,Madrid,Madrid,Barrio de Salamanca,es,Lista,40.4283656,-3.6742344,False,https://www.idealista.com/inmueble/108491950/,"Descubre este elegante piso reformado, ubicado en el exclusivo barrio de Lista, en pleno distrito de Salamanca.  Con 84 m² perfectamente distribuidos, este hogar combina estilo, funcionalidad y confort en cada rincón. Cuenta con tres dormitorios, un baño y un aseo modernos. La cocina, totalmente equipada, está lista para inspirar tus mejores recetas. Disfruta de aire acondicionado en verano y calefacción eléctrica en invierno. Los cuartos tienen armarios empotrados que optimizan el espacio y el mobiliario. Ubicado en una finca clásica con un bellísimo portal con ascensor y portero físico, este piso combina el encanto de la arquitectura tradicional con las comodidades del presente. Todo esto, en una de las zonas más cotizadas de Madrid: rodeado de tiendas, restaurantes, servicios y una excelente conexión de transporte. ¡Contáctanos y ven a visitarlo!",False,good,False,True,10476.0,False,False,False,False,[],False,False,880000.0,€,flat,"Lista, Madrid",Piso en calle de José Ortega y Gasset,Top,,,,,,
108423547,https://img4.idealista.com/blur/480_360_mq/0/id.pro.es.image.master/0e/77/b2/1344456222.webp,OR_2174,35,1,265000.0,flat,sale,158.0,True,1,2,avenida M-40,Madrid,Alcorcón,Campodón - Ventorro del Cano,es,Campodón - Ventorro del Cano,40.3963594,-3.8355495,False,https://www.idealista.com/inmueble/108423547/,"Grupo EXTRA vende en exclusivo loft tipo Ático Tríplex con terraza de 26 m2, trastero y 2 plazas de garaje de acceso directo. Te presentamos este espectacular vivienda de 158 m² construidos, distribuido de forma inteligente y decorado con un estilo moderno industrial y muy tranquilo y acogedor. Ideal para quienes buscan espacio, luz natural y una ubicación inmejorable. La distribución es la siguiente: Planta baja: Aseo con zona de lavandería, cocina americana completamente equipada y un salón comedor con gran luminosidad, gracias a sus ventanales Climalit.  Primera planta: Dormitorio principal en suite con baño completo y armario empotrado. Segunda planta: Preciosa terraza, con vistas despejadas. Tiene incluidas en el precio dos plazas de garaje y un tratero. Servicio de consejería de lunes a Sábado. Detalles que marcan la diferencia. Situado junto a la M-40, M-50 y M-501, esta propiedad cuenta con conexiones rápidas con Pozuelo de Alarcón, Boadilla del Monte, Majadahonda y la Ciudad de la Imagen. A tan solo unos metros se encuentra el tren ligero, así como las estaciones de metro de Colonia Jardín y Campamento, lo que permite una comunicación excelente tanto en coche como en transporte público.",False,good,False,True,1677.0,True,False,True,False,[],False,False,265000.0,€,flat,"Campodón - Ventorro del Cano, Alcorcón",Piso en avenida M-40,Top,True,True,,,,
108271302,https://img4.idealista.com/blur/480_360_mq/0/id.pro.es.image.master/86/66/71/1339133754.webp,,43,4,148000.0,flat,sale,25.0,False,1,1,calle del Olivar,Madrid,Madrid,Centro,es,Lavapiés-Embajadores,40.4118066,-3.7014258,False,https://www.idealista.com/inmueble/108271302/,"¡Descubre este encantador piso interior en el vibrante barrio multicultural de Madrid!  La vivienda se encuentra ubicada en una finca construida en el año 1900, cuya comunidad la mantiene en perfecto estado de conservación, con los espacios comunes impecables y la ITE favorable de fecha 25 de enero del 2021. Con una superficie de 25m², este acogedor espacio cuenta con un salón que se integra a una práctica cocina americana, un dormitorio y un baño.  Aunque el inmueble requiere actualización, su potencial es innegable, ideal tanto para una persona que busque su primer hogar como para inversores que deseen percibir una estupenda rentabilidad bruta en torno al 4.5% garantizada hasta principios de noviembre de 2025 en una zona con alta demanda. La ubicación es inmejorable, con excelente comunicación gracias a las estaciones de metro cercanas: Lavapiés y Embajadores (L3), así como Tirso de Molina y Antón Martín (L1). Además, la estación de Cercanías Renfe Embajadores y múltiples líneas de autobuses están a solo unos pasos. En un agradable paseo de 8 minutos, se llega a La Latina (L5) y a 12 minutos de la emblemática Puerta del Sol. Este piso se encuentra en la cuarta y ultima planta del edificio, lo que garantiza comodidad en el acceso. Los armarios empotrados ofrecen espacio de almacenamiento, y aunque no cuenta con calefacción, la luz natural que inunda el hogar compensa cualquier carencia. No dejes pasar la oportunidad de invertir en una propiedad con tantas posibilidades en una de las zonas más dinámicas de Madrid.  ¡Contáctanos para más información!",True,renew,False,False,5920.0,True,False,False,False,[],False,False,148000.0,€,flat,"Lavapiés-Embajadores, Madrid",Piso en calle del Olivar,Top,,,,,,
108046845,https://img4.idealista.com/blur/480_360_mq/0/id.pro.es.image.master/27/00/a5/1332230618.webp,2657a34a-a43f-4ed2-a554-cc90bba72a5e,49,3,495000.0,penthouse,sale,111.0,True,2,2,calle Valentín Llaguno,Madrid,Madrid,Carabanchel,es,San Isidro,40.3905851,-3.7295846,False,https://www.idealista.com/inmueble/108046845/,"Presentamos una exclusiva propiedad de obra nueva situada en una de las zonas con mayor proyección de Madrid: Carabanchel. Esta vivienda destaca por su diseño moderno, eficiencia energética y una excelente distribución, ideal tanto para vivir como para invertir. La vivienda, ubicada en un edificio singular de reciente construcción (2024), cuenta con una superficie de 111 m² distribuidos en dos plantas. En la planta baja encontramos un amplio salón con cocina americana, una habitación, un baño completo y una magnífica terraza de 27,62 m². La planta superior abuhardillada alberga una segunda habitación y un segundo baño, ofreciendo privacidad y espacio adicional. Características destacadas de la propiedad: 2 habitaciones y 2 baños distribuidos en dos plantas -Terraza privada de 27,62 m² -Vivienda exterior y muy luminosa -Plaza de garaje y trastero incluidos -Carpintería exterior de aluminio lacado con rotura de puente térmico -Iluminación LED en toda la vivienda -Acceso adaptado para personas con movilidad reducida -Certificación energética A, garantizando eficiencia y ahorro Zonas comunes y extras: El edificio ha sido diseñado por el prestigioso arquitecto Joaquín Esperón Solís y está equipado con los últimos sistemas en aerotermia y aislamiento térmico, incluyendo fachada ventilada cerámica. La urbanización privada ofrece zonas ajardinadas, piscina de agua salinizada y espacios comunes pensados para disfrutar con bajo coste de mantenimiento. Ubicación: Situado en una calle tranquila de Valentín Llaguno, a muy poca distancia del metro de Oporto, esta zona combina tradición y modernidad. Carabanchel dispone de excelentes conexiones mediante varias líneas de metro y autobuses, además de una amplia gama de servicios como colegios, centros de salud, parques y zonas comerciales. La transformación urbana y la llegada de nuevos proyectos consolidan esta zona como una de las más prometedoras de Madrid. Una propiedad única que combina calidad, confort y rentabilidad futura. Ideal para quienes buscan una vivienda moderna en un entorno tranquilo y bien conectado.",False,good,False,True,4459.0,False,False,False,False,[],False,False,495000.0,€,flat,"San Isidro, Madrid",Ático en calle Valentín Llaguno,Top,True,True,penthouse,,,
108495202,https://img4.idealista.com/blur/480_360_mq/0/id.pro.es.image.master/35/ce/08/1347881245.webp,e5a125c8-e002-4792-ac75-1f76f6aabf24,40,,1590000.0,chalet,sale,412.0,,5,5,calle del Camino Ancho,Madrid,La Moraleja,La Moraleja urbanización,es,,40.5090927,-3.6083568,False,https://www.idealista.com/inmueble/108495202/,"Huspy ™pone a su disposición este fantástico chalet adosado construido en el 2021 que destaca por la amplitud de sus espacios, su moderna distribución, la gran luminosidad, los materiales y acabados con los que se hizo. Se distribuye en tres cómodas plantas. Entramos por un elegante patio inglés a la planta principal que nos ofrece: un amplio salón, comedor y cocina con electrodomésticos Neff de alta gama, isla para pasar momentos agradables en familia y con amigos. Todo ello arropa a un porche cubierto y a un jardín, con ventanales de suelo a techo para aportar gran luminosidad, con cerramientos de la marca Cortizo. Completan esta planta una habitación/despacho y un baño completo. En la primera planta disponemos de dos habitaciones para los niños con baño en suite y armarios empotrados, que son simétricas; y una máster suite con un baño de lujo con bañera, ducha y dos lavabos, un vestidor y una amplia terraza.  El sótano cuenta con una habitación de servicio/despacho, un baño, sala de lavandería, un gran salón con techos altos, un trastero y acceso directo al garaje, de 3 plazas. Es importante destacar que todo se ha cuidado con detalle. Los baños son Nk Porcelanosa, todos los techos de la casa son altos ofreciendo gran amplitud, la privacidad es elevada y la convivencia en la urbanización es muy buena. Cuenta con una piscina para los meses calurosos, una gimnasio de diseño con máquinas de calidad y un sistema de seguridad elevado, con conserje 24h además de cámaras y detectores perimetrales. La ubicación es excelente, en una zona tranquila de La Moraleja, cerca de colegios de prestigio nacionales e internacionales, restaurantes de calidad, centros deportivos, parques y centros comerciales, además de buena comunicación con Madrid y el Aeropuerto de Madrid Adolfo Suárez (a 15 y 10 minutos aproximadamente).",False,good,False,,3859.0,False,False,False,False,[],False,False,1590000.0,€,chalet,"La Moraleja urbanización, La Moraleja",Chalet adosado en calle del Camino Ancho,Top,True,True,terracedHouse,,,
