propertyCode,thumbnail,externalReference,numPhotos,floor,price,propertyType,operation,size,exterior,rooms,bathrooms,address,province,municipality,district,country,neighborhood,latitude,longitude,showAddress,url,description,hasVideo,status,newDevelopment,hasLift,priceByArea,hasPlan,has3DTour,has360,hasStaging,notes,topNewDevelopment,topPlus,priceInfo.price.amount,priceInfo.price.currencySuffix,detailedType.typology,suggestedTexts.subtitle,suggestedTexts.title,newDevelopmentFinished,detailedType.subTypology,parkingSpace.hasParkingSpace,parkingSpace.isParkingSpaceIncludedInPrice
108914200,https://img4.idealista.com/blur/480_360_mq/0/id.pro.es.image.master/db/e6/49/1358802114.webp,Villagarcía,36,7,375000.0,flat,sale,85.0,True,3,1,"calle de Villagarcía, 4",Madrid,Madrid,Latina,es,Lucero,40.4049986,-3.7541129,True,https://www.idealista.com/inmueble/108914200/,"Amplia vivienda con una espectacular LUZ NATURAL gracias a que todas las estancias son EXTERIORES y con vistas despejadas, ubicada en una planta alta de un edificio con ASCENSOR, muy cuidado y tranquilo.  La vivienda consta de 3 DORMITORIOS, un cuarto de baño reformado (con iluminación y ventilación natural), una amplísima COCINA INDEPENDIENTE con zona de OFFICE, y un SALÓN-COMEDOR que da acceso a la TERRAZA cerrada que destaca por la LUMINOSIDAD y SOL de la estancia.  La zona está en pleno proceso de expansión y mejora gracias a las obras de SOTERRAMIENTO de la A5, además de estar rodeada por todos los comercios y servicios necesarios en las inmediaciones. Y destaca por su cercanía a las maravillosas ZONAS VERDES de la CASA DE CAMPO.  Perfectamente comunicada por METRO (Estaciones de Casa de Campo y Batán a escasos minutos andando) y múltiples líneas de autobús.  CONDICIONES: Honorarios de agencia INCLUIDOS en el precio. Disponibilidad INMEDIATA. Disponemos de planos en alta resolución así como de opciones de reforma realizadas por nuestro estudio de arquitectura dentro de Somos M.  CONTACTO: Correo o whatsapp (Clara: 685_982_804).",False,renew,False,True,4412.0,True,False,False,False,[],False,False,375000.0,€,flat,"Lucero, Madrid","Piso en calle de Villagarcía, 4",,,,
108902564,https://img4.idealista.com/blur/480_360_mq/0/id.pro.es.image.master/b2/2d/c1/1358427096.webp,VT_4a,14,6,340000.0,penthouse,sale,169.0,True,3,2,"calle Libertad, 2",Madrid,Humanes de Madrid,,es,,40.25886,-3.81925,True,https://www.idealista.com/obra-nueva/108902564/,"Elegir Residencial Guadarrama es un acierto seguro. Aquí podrás encontrar la vivienda que mejor se adapta a tu estilo de vida. La promoción está formada por 60 viviendas de 2 y 3 dormitorios.  Todas las viviendas cuentan con amplias terrazas (desde 13 metros cuadrados hasta 74) o patios (desde 32 metros cuadrados hasta 129), suelo radiante-refrescante con aerotermia, calificación energética A, trastero, y una o dos plazas de garaje con preinstalación para la recarga de vehículo eléctrico. La variedad de tipologías y distribuciones están perfectamente estudiadas para que disfrutes de cada espacio al máximo y elijas la que más se adapte a tu ritmo de vida. La piscina, zonas ajardinadas y zona de juegos infantil convierten la experiencia de vivir aquí en algo único, ideal para la desconexión y el esparcimiento, impulsando un modo de vida familiar. La proximidad a la estación de Cercanías de la línea C5, a 5 minutos en coche o bicicleta y 15 andando, te conecta con el centro de Madrid (Atocha) en apenas 30 minutos, además dispones de autobuses interurbanos (líneas 4 97 y N807).  Esta nueva zona residencial cuenta con todos los servicios necesarios. Destacando la cercanía de: colegios, institutos, centro de salud, polideportivo, parques, supermercados… La calidad de vida es la mejor de las razones para vivir en este lugar. Ponte en contacto con nosotros para organizar una cita en nuestras oficinas y poder enseñarte nuestro proyecto con todo detalle. Por último, Prado Recomba Hogares dispone de un servicio exclusivo de asesoramiento para todos nuestros clientes que necesiten vender su vivienda. No dudes en ponerte en contacto con nosotros para poder ayudarte poniendo en valor nuestros más de veinte años de experiencia.",False,newdevelopment,True,True,2012.0,True,False,False,False,[],False,False,340000.0,€,flat,Humanes de Madrid,"Ático en calle Libertad, 2",False,penthouse,,
107252906,https://img4.idealista.com/blur/480_360_mq/0/id.pro.es.image.master/73/bd/da/1307483318.webp,TIPO 14  SEGUNDO DUPLEX ,31,2,413396.0,duplex,sale,79.0,True,1,2,"calle Cuesta, 5",Madrid,Majadahonda,Casco Antiguo,es,,40.4724797,-3.872327,True,https://www.idealista.com/obra-nueva/107252906/,"Últimas viviendas disponibles! VO Private Real Estate presenta en Majadahonda en exclusiva, este proyecto de lujo Residencial Cuesta Descubre tu nuevo hogar, en pleno corazón de Majadahonda rodeada de todo tipo de servicios. Promoción donde la elegancia, diseño y calidades la hacen única en todo el municipio. La armonía entre el diseño clásico y moderno cobra vida, consiguiendo el máximo confort en todos los detalles. Urbanización privada con amplias zonas verdes y piscina comunitaria. 19 viviendas de 1 y 2 dormitorios con terraza, una práctica distribución, creando amplios espacios de gran luminosidad y una cuidadosa selección de materiales de la más alta calidad. Cada vivienda ha sido pensada para ofrecer la máxima funcionalidad para tu comodidad. Con las últimas y más eficientes tecnologías de construcción, incluyendo aerotermia con suelo radiante-refrescante. Calificación Energética A + Plazas de garaje y trastero incluidas en el precio. Solicita tu cita previa y te esperamos en nuestra oficina para contarte todos los detalles y condiciones. Aprovecha y ven a reservar una de las últimas viviendas que nos quedan.",False,newdevelopment,True,True,5233.0,True,False,False,False,[],False,False,413396.0,€,flat,"Casco Antiguo, Majadahonda","Dúplex en calle Cuesta, 5",False,duplex,True,True
108913815,https://img4.idealista.com/blur/480_360_mq/0/id.pro.es.image.master/04/57/2a/1358774981.webp,PV-DS001,20,2,1495000.0,flat,sale,138.0,True,3,3,calle del Duque de Sesto,Madrid,Madrid,Barrio de Salamanca,es,Goya,40.4225209,-3.6738864,False,https://www.idealista.com/inmueble/108913815/,"LUJO, DISEÑO Y UBICACIÓN EN EL CORAZÓN DEL BARRIO DE SALAMANCA ¡Tu nuevo hogar te está esperando! ¿Te imaginas vivir en una de las zonas más exclusivas de Madrid, a un paso del Retiro, en un piso que lo tiene todo? ¡Deja de imaginar y ven a descubrirlo! 138 m² de puro estilo y confort ✔ 3 dormitorios (2 en suite) ✔ Espacioso salón con cocina semi integrada: ideal para compartir, disfrutar y vivir. ✔ Terraza al sur: sol, tranquilidad y vistas para enamorarte cada día. ✔ 2 baños completos + aseo de cortesía ✔ Armarios empotrados y acabados de calidad ✔ Accesible para todos, con ascensor y sin barreras Ubicación perfecta: en plena Milla de Oro, rodeado de tiendas de lujo, restaurantes de primer nivel y todos los servicios. A solo unos pasos del Parque del Retiro – tu nuevo pulmón verde. Todo en un estado impecable. Solo falta una cosa: Tú. ¡Contáctanos hoy y agenda tu visita! Este piso no es solo una vivienda, es un estilo de vida.",True,good,False,True,10833.0,True,False,False,False,[],False,False,1495000.0,€,flat,"Goya, Madrid",Piso en calle del Duque de Sesto,,,,
106369597,https://img4.idealista.com/blur/480_360_mq/0/id.pro.es.image.master/77/98/7a/1327288718.webp,,34,4,1325000.0,flat,sale,140.0,True,3,3,Barrio Ibiza,Madrid,Madrid,Retiro,es,Ibiza,40.4149652,-3.6779269,False,https://www.idealista.com/inmueble/106369597/,"¡SIN HONORARIOS DE AGENCIA! Vivienda de diseño recién reformada a pocos metros del parque del retiro, salón ubicada en la cuarta del edificio. La vivienda consta de 3 dormitorios dobles, 3 baños completos, dos de ellos en suite, salón comedor con terraza y cocina. Cocina completamente equipada con electrodomésticos de alta gama incluida una vinoteca. Trastero. Los baños tienen griferías empotradas para las duchas y caños altos para la lavabos. Todos los baños tienen almacenamiento en muebles bajo lavabos de distintas maderas naturales. La calefacción y agua caliente funciona con una caldera individual recién instalada. La climatización se realiza con conductos que llegan a cada estancia. Ventanas motorizadas con vidrios dobles tipo climalit, ideales para conservar la temperatura interior e insonorizar el ruido exterior. Las estancias principales tienen suelos de madera natural de roble y cerámicos en zonas húmedas. Se entrega totalmente a estrenar con calidades de primer orden y todo lujo de detalles. MOBILIARIO INCLUIDO Ubicada en el distrito de Ibiza del barrio del Retiro, y a poco metros caminando del barrio de Salamanca. Zona comercial y de buenos restaurantes, considerada ""la milla del oro del buen comer"". Dotada con los mejores servicios, colegios, hospitales, muy bien comunicado tanto mediante transporte público como privado y con fácil acceso a la M30.",False,good,False,True,9464.0,True,False,True,False,[],False,False,1325000.0,€,flat,"Ibiza, Madrid",Piso,,,,
105793358,https://img4.idealista.com/blur/480_360_mq/0/id.pro.es.image.master/6e/e3/5c/1302335571.webp,BRYH-1563,34,bj,420000.0,flat,sale,100.0,True,2,2,Barrio Pinar del Rey,Madrid,Madrid,Hortaleza,es,Pinar del Rey,40.4718103,-3.6422572,False,https://www.idealista.com/inmueble/105793358/,"BRYH-1563 LOFT REFORMADO A ESTRENAR EN PINAR DEL REY (MADRID). BE REAL · YES HOME comercializa la venta de este excepcional dúplex, con reforma a estrenar, en la Calle Paula de la Vega en el distrito de Hortaleza, Madrid. Perfectamente comunicado mediante líneas de autobuses hacia todos los destinos. Estación de metro más cercana, L4 Mar de Cristal (500m) y San Lorenzo (650m). Rodeado de todo tipo de comercios: fruterías, farmacias, droguerías, peluquerías y grandes centros comerciales: Gran Vía de Hortaleza, Centro Comercial Palacio de Hielo y supermercados Carrefour, Día, Mercadona y Aldi. Este loft se ubica en la planta baja de una finca construida en 1993, totalmente reacondicionada y en excelente estado de conservación. La vivienda cuenta con una superficie construida de 100 m2, de los cuales útiles son 95 m2. Reforma integral que incluye tuberías, cableado eléctrico, internet cableado en todas las estancias, suelo radiante, aerotermia y todo el aspecto estético, obra realizada con la mayor calidad en materiales y marcas del mercado.  La distribución del espacio es la siguiente:  · Planta baja 49,41m2 construidos: cómodo salón comedor, cocina tipo americana totalmente amueblada y equipada, un aseo y el cuarto de máquinas.  · Primera Planta 51,08 m2 construidos: habitación principal y un amplio ambiente que podrá utilizarse como segunda habitación o despacho. Esta planta cuenta con un cuarto de baño. Destacamos la amplitud, gracias a los techos de gran altura y la luminosidad debido a las grandes ventanas frontales con estores automáticos y persianas también automáticas en las habitaciones. La reforma realizada con excelentes acabados y cuenta con climatización en toda la vivienda por medio de suelo radiante controlado desde App en el móvil. La cocina está amueblada y equipada, posee campana extractora, se entrega sin Frigorífico ni Lavadora. El Loft se vende sin amueblar. Sin duda un lugar perfecto para disfrutar de una vida tranquila sin renunciar a estar en Madrid, cerca de todos los servicios. Excelente oportunidad como vivienda residencial habitual y/o inversión. Ideal para vivir en él o aprovechar su ubicación para rentabilizarlo mediante el arrendamiento. ¡No esperes más y contáctanos para obtener más información! Estamos a su disposición para cualquier consulta o visita que desee realizar. Descubra todo nuestro producto visitando nuestra web BEREAL.ES Cada propiedad tiene un comprador y un vendedor, ambos están en Be Real. BE REAL la inmobiliaria inteligente. Al fin una inmobiliaria con toda la tecnología y todo el servicio a su precio. Así de cómodo, así de fácil, así de Real.",True,good,False,False,4200.0,True,False,True,False,[],False,False,420000.0,€,flat,"Pinar del Rey, Madrid",Piso,,,,
107887934,https://img4.idealista.com/blur/480_360_mq/0/id.pro.es.image.master/cb/44/81/1241938399.webp,PR-C-760@TipoC2,29,2,320000.0,flat,sale,80.0,True,2,2,"José María Lozano Sáinz, 11",Madrid,Madrid,Villaverde,es,Los Ángeles,40.346688,-3.6947533,True,https://www.idealista.com/obra-nueva/107887934/,"1 plaza de garaje Forma de pago flexible atendiendo a tus necesidades Entrega de llaves: Entre febrero y abril 2027. Cielo de Villaverde cuenta con apartamentos y viviendas de 2 y 3 dormitorios, con terrazas y suelo radiante, y se caracteriza por contar con salas temáticas y más de 6.000m2 de zonas comunes exteriores, para disfrutar de una experiencia de relax, ocio y deporte dentro de un ambiente de seguridad y tranquilidad. También áticos a la venta.  Piscina, pista polideportiva, pádel, gimnasio, zonas de juegos infantiles, salas comunitarias y amplias zonas verdes sin salir de la urbanización. Las viviendas cuentan con dormitorios espaciosos y luminosos, bien orientadas con modernas calidades que dan forma a hogares de ensueño, bien comunicadas con transportes urbanos y lugares de ocio. En Cielo de Villaverde se han diseñado diversas tipologías de viviendas pensando en la comodidad. Todas las viviendas cuentan con excelentes distribuciones, trasteros y garajes, a un precio excelente. El proyecto se encuentra situado cerca del Centro Médico de Especialidades, y también de dos centros educativos, uno de ellos la Escuela Infantil El Sur y el otro la Escuela de Fútbol Villaverde. Alrededor se encuentran dos centros comerciales de ocio y zonas verdes como el Parque Dehesa Boyal; además de un supermercado Mercadona y el Palacio de congresos y exposiciones La Nave, centro de referencia tecnológica y cultural. Elige tu futuro hogar en la última fase del mejor proyecto. Además, ahora tienes la oportunidad de seleccionar las calidades y personalizar tu vivienda. Muy cerca de medios de transporte y zonas de naturaleza, ocio y deporte. A 20 min en metro de la Puerta del Sol y a 10 minutos de ATOCHA en tren. Ubicado cerca de espacios verdes como la Dehesa del Boyal y de un polideportivo de referencia como es el de Raúl Gonzalez; se encuentra a escasa distancia del metro y el cercanías.",True,newdevelopment,True,True,4000.0,True,False,False,False,[],False,False,320000.0,€,flat,"Los Ángeles, Madrid","Piso en José María Lozano Sáinz, 11",False,,True,True
108537260,https://img4.idealista.com/blur/480_360_mq/0/id.pro.es.image.master/31/be/bf/1347825071.webp,a01Jy00000jvuWeIAI,15,4,730500.0,flat,sale,106.0,False,2,2,"Fernández Caro, 7",Madrid,Madrid,Ciudad Lineal,es,Concepción,40.4424991,-3.6474042,True,https://www.idealista.com/obra-nueva/108537260/,"DESCUBRE EN MOSAIK, LA COMPOSICIÓN PERFECTA 22 VIVIENDAS EXCLUSIVAS DE OBRA NUEVA CON TERRAZA DE 1, 2 Y 3 DORMITORIOS (PLAZAS DE GARAJE Y LOCKERS INCLUIDOS EN EL PRECIO)   MOSAIK es un proyecto innovador y vanguardista, donde prima diseño y funcionalidad, que se ubica en la calle Fernández Caro, 7, a pocos metros de la calle Arturo Soria, una de las principales arterias de Madrid. El complejo residencial dispone de unos espacios comunes para hacer tu día a día más agradable: piscina, solárium panorámico, gimnasio y zona de coworking. Las viviendas están perfectamente orientadas, con amplios ventanales que garantizan una alta luminosidad, dotadas de una cuidada selección de materiales, y cocinas totalmente equipadas con elegante diseño y excelentes calidades. Además, cuentan con un innovador sistema de climatización por aerotermia y geotermia, suelo radiante y suelo refrescante, ventilación mecánica de doble flujo con intercambiador de calor, elementos que nos proporcionarán el máximo confort y eficiencia energética. MOSAIK te ofrece diseño y equipamiento con todos los servicios disponibles, en una de las mejores zonas de Madrid. Un residencial, enfocado a ofrecerte una alta calidad de vida para hacer tu día a día más cómodo y sencillo.  Para ampliar la información, puedes concertar una visita a nuestras oficinas centrales en la calle Alcalá 96, 5º-Dcha. frente a El Corte Inglés de Goya.",False,,True,True,6892.0,True,False,False,False,[],False,False,730500.0,€,flat,"Concepción, Madrid","Piso en Fernández Caro, 7",False,,True,True
107330409,https://img4.idealista.com/blur/480_360_mq/0/id.pro.es.image.master/1a/0e/6a/1309768678.webp,Vivienda 09,18,,1927000.0,chalet,sale,351.0,,3,3,"calle Astun, 30",Madrid,Madrid,Moncloa,es,Valdemarín,40.4660422,-3.7758358,True,https://www.idealista.com/obra-nueva/107330409/,"SUMMIT es una exclusiva urbanización de 20 chalets pareados con jardines y piscinas individuales que cuentan además con un increíble rooftop con vistas a la sierra y al skyline de Madrid.    Ubicado en pleno Valdemarín, en el distrito de Aravaca-Moncloa, uno de los barrios más cotizados de Madrid por su entorno natural a menos de 10 minutos del centro de la ciudad.   Summit te permitirá vivir en una urbanización cerrada con seguridad y zonas de ocio para compartir, con parcelas privadas de hasta 497 m², y viviendas construidas en 3 plantas más solárium, todas equipadas con ascensor, para una máxima comodidad. Las viviendas ofrecen la posibilidad de contar de 3 a 5 dormitorios con una distribución y un interiorismo personalizable.    Otro de los aspectos a destacar de esta promoción es que todas las viviendas cuentan con orientación sur, por lo que la luminosidad forma parte del sello de esta exclusiva promoción.   Viviendas pareadas que mantienen una máxima privacidad, logrando un aislamiento acústico superior ya que la única comunicación entre viviendas se realiza a través de la zona de escaleras y ascensor de cada vivienda, sin que lleguen a comunicar estancias principales, logrando así una sensación de gran independencia.   Mención especial merece su envidiable Rooftop, pensado para disfrutar de momentos de ocio y descanso con unas vistas despejadas a la sierra y al Skyline de Madrid.    Espacios amplios, modernos y conectados entre sí que comunican de manera impecable interior con exterior. En la planta principal los espacios fluyen entre cocina, salón y exterior, con salida directa desde todas las estancias al jardín.  La cocina, diseñada por la prestigiosa firma Gunni & Tentino, cuenta con gran isla central y se abre a la zona de comedor y salón para potenciar la sensación de espacio.  En esta planta contamos con una terraza de acceso directo desde la cocina, una zona de porche que comunica la zona de comedor y un gran porche principal con vistas al jardín y a la piscina por lo que toda la planta se integra de manera armoniosa con el exterior.   Diseño y elegancia van de la mano en este proyecto con una sofisticada presencia, con fachadas que juegan con grandes ventanales y unas elegantes celosías de lamas exteriores visten las viviendas y que controlan la incidencia solar, matizando la privacidad y la luz.   Calidades premium en todas las viviendas: cocinas de Gunni & Tentino, pavimentos porcelánicos en formato 1.2x1.2m, tarima de roble en la planta de noche, carpinterías de la máxima calidad, domótica de última generación. Las viviendas cuentan además con un diseño sostenible, con sistemas de calefacción por aerotermia con suelo radiante/ refrigerante además de contar con aire acondicionado de refuerzo.   Además, Grupo ABU ofrece la oportunidad de personalizar el interiorismo al gusto de cada cliente, creando un espacio que refleje su estilo y personalidad, de la mano del prestigioso estudio Coton et Bois.   Ubicación estratégica a menos de 10 minutos del centro de Madrid, Valdemarín cuenta con una amplia oferta de colegios internacionales como el colegio Estudio, The English Montesori, Mater Salvatoris o el Stela Maris; centros médicos como el hospital de la Zarzuela, Vithas Aravaca; centros de restauración y centros deportivos como el David Lloyd, Club de Campo o el Hipódromo de la Zarzuela.   Grupo Abu, cuenta con una una sólida trayectoria en el mundo del lujo, con más de 25 años en el sector, se ha especializado en la promoción de viviendas exclusivas en emplazamientos prime. Su compromiso con el diseño, la tecnología y la innovación son un sello latente en todas sus promociones. Cada proyecto es único y cada vivienda también gracias a su servicio de personal.",False,newdevelopment,True,,5490.0,True,False,False,False,[],False,False,1927000.0,€,chalet,"Valdemarín, Madrid","Chalet pareado en calle Astun, 30",False,semidetachedHouse,True,True
107330291,https://img4.idealista.com/blur/480_360_mq/0/id.pro.es.image.master/98/15/ba/1309768662.webp,Vivienda 02,18,,1947000.0,chalet,sale,352.0,,3,3,"calle Astun, 30",Madrid,Madrid,Moncloa,es,Valdemarín,40.4660422,-3.7758358,True,https://www.idealista.com/obra-nueva/107330291/,"SUMMIT es una exclusiva urbanización de 20 chalets pareados con jardines y piscinas individuales que cuentan además con un increíble rooftop con vistas a la sierra y al skyline de Madrid.    Ubicado en pleno Valdemarín, en el distrito de Aravaca-Moncloa, uno de los barrios más cotizados de Madrid por su entorno natural a menos de 10 minutos del centro de la ciudad.   Summit te permitirá vivir en una urbanización cerrada con seguridad y zonas de ocio para compartir, con parcelas privadas de hasta 497 m², y viviendas construidas en 3 plantas más solárium, todas equipadas con ascensor, para una máxima comodidad. Las viviendas ofrecen la posibilidad de contar de 3 a 5 dormitorios con una distribución y un interiorismo personalizable.    Otro de los aspectos a destacar de esta promoción es que todas las viviendas cuentan con orientación sur, por lo que la luminosidad forma parte del sello de esta exclusiva promoción.   Viviendas pareadas que mantienen una máxima privacidad, logrando un aislamiento acústico superior ya que la única comunicación entre viviendas se realiza a través de la zona de escaleras y ascensor de cada vivienda, sin que lleguen a comunicar estancias principales, logrando así una sensación de gran independencia.   Mención especial merece su envidiable Rooftop, pensado para disfrutar de momentos de ocio y descanso con unas vistas despejadas a la sierra y al Skyline de Madrid.    Espacios amplios, modernos y conectados entre sí que comunican de manera impecable interior con exterior. En la planta principal los espacios fluyen entre cocina, salón y exterior, con salida directa desde todas las estancias al jardín.  La cocina, diseñada por la prestigiosa firma Gunni & Tentino, cuenta con gran isla central y se abre a la zona de comedor y salón para potenciar la sensación de espacio.  En esta planta contamos con una terraza de acceso directo desde la cocina, una zona de porche que comunica la zona de comedor y un gran porche principal con vistas al jardín y a la piscina por lo que toda la planta se integra de manera armoniosa con el exterior.   Diseño y elegancia van de la mano en este proyecto con una sofisticada presencia, con fachadas que juegan con grandes ventanales y unas elegantes celosías de lamas exteriores visten las viviendas y que controlan la incidencia solar, matizando la privacidad y la luz.   Calidades premium en todas las viviendas: cocinas de Gunni & Tentino, pavimentos porcelánicos en formato 1.2x1.2m, tarima de roble en la planta de noche, carpinterías de la máxima calidad, domótica de última generación. Las viviendas cuentan además con un diseño sostenible, con sistemas de calefacción por aerotermia con suelo radiante/ refrigerante además de contar con aire acondicionado de refuerzo.   Además, Grupo ABU ofrece la oportunidad de personalizar el interiorismo al gusto de cada cliente, creando un espacio que refleje su estilo y personalidad, de la mano del prestigioso estudio Coton et Bois.   Ubicación estratégica a menos de 10 minutos del centro de Madrid, Valdemarín cuenta con una amplia oferta de colegios internacionales como el colegio Estudio, The English Montesori, Mater Salvatoris o el Stela Maris; centros médicos como el hospital de la Zarzuela, Vithas Aravaca; centros de restauración y centros deportivos como el David Lloyd, Club de Campo o el Hipódromo de la Zarzuela.   Grupo Abu, cuenta con una una sólida trayectoria en el mundo del lujo, con más de 25 años en el sector, se ha especializado en la promoción de viviendas exclusivas en emplazamientos prime. Su compromiso con el diseño, la tecnología y la innovación son un sello latente en todas sus promociones. Cada proyecto es único y cada vivienda también gracias a su servicio de personal.",False,newdevelopment,True,,5531.0,True,False,False,False,[],False,False,1947000.0,€,chalet,"Valdemarín, Madrid","Chalet pareado en calle Astun, 30",False,semidetachedHouse,True,True
108881325,https://img4.idealista.com/blur/480_360_mq/0/id.pro.es.image.master/cb/98/78/1357811935.webp,W-030RKV,30,6,720000.0,flat,sale,114.0,False,4,2,Barrio Pacífico,Madrid,Madrid,Retiro,es,Pacífico,40.4057353,-3.6785243,False,https://www.idealista.com/inmueble/108881325/,"Luminoso piso interior cerca del Retiro Engel & Völkers presenta en exclusiva esta interesante oportunidad de inversión o vivienda propia en una de las zonas más cotizadas de la ciudad. Se trata de un sexto piso interior (equivalente a una séptima altura real por la disposición del edificio), ubicado en una finca señorial con ascensor, portero físico y acceso adaptado para personas con movilidad reducida. Con una superficie construida de 114 m² (103 m² útiles), la vivienda requiere una reforma integral, lo que permite redistribuir los espacios a medida y adaptar el diseño a sus necesidades. Actualmente dispone de cuatro habitaciones, salón, cocina independiente, despensa y dos baños. Las posibilidades de reforma son amplias, incluyendo la creación de una zona de día espaciosa y moderna, además de uno o dos dormitorios principales, entre otras configuraciones. Gracias a su doble orientación (suroeste y noreste), el piso recibe una excelente entrada de luz natural durante todo el día, algo poco común en viviendas interiores. Esta luminosidad, junto a su altura y tranquilidad, lo convierte en un espacio ideal para quienes buscan confort y privacidad en pleno centro urbano. La calefacción es central, lo que garantiza una temperatura confortable durante los meses más fríos. Una propiedad con gran potencial, ideal tanto para familias como para inversores que busquen una vivienda con encanto en una ubicación privilegiada y con todas las comodidades de una finca cuidada y representativa. Hablar del barrio de Pacífico es hablar de ubicación privilegiada dentro de Madrid que pertenece al distrito del Retiro. Una zona residencial y familiar, que aúna historia, cultura y vida tranquila y que cuenta con todos los servicios y comodidades necesarios para disfrutar de una calidad de vida inmejorable. Instalaciones deportivas, zonas verdes, centros educativos de prestigio, y una efervescente oferta cultural y de ocio, junto con una inmejorable red de transporte y comunicaciones que lo conectan no solo con el resto de Madrid, sino con todo el país gracias a su proximidad a la estación de Atocha, resulta una elección ideal para vivir o invertir.",True,renew,False,True,6316.0,True,False,True,False,[],False,False,720000.0,€,flat,"Pacífico, Madrid",Piso,,,,
107651978,https://img4.idealista.com/blur/480_360_mq/0/id.pro.es.image.master/51/56/49/1345100959.webp,23176,19,12,239000.0,flat,sale,81.0,True,2,2,travesía de Felipe de Diego,Madrid,Madrid,Puente de Vallecas,es,Palomeras Bajas,40.3776907,-3.6596155,False,https://www.idealista.com/inmueble/107651978/,"Amplio y luminoso piso en una zona demandada con todos los servicios necesarios. La vivienda cuenta con 2 dormitorios, baño con plato de ducha, cocina independiente sin amueblar con una pequeña despensa y un gran salón comedor. Armarios empotrados. Planta 12 con ascensor. Muy bien comunicado con Renfe y autobuses. En pleno corazón de Vallecas y con todo tipo de facilidades en su entorno. Infórmate sin compromiso.",False,renew,False,True,2951.0,True,False,True,False,[],False,False,239000.0,€,flat,"Palomeras Bajas, Madrid",Piso en travesía de Felipe de Diego,,,,
108307508,https://img4.idealista.com/blur/480_360_mq/0/id.pro.es.image.master/b7/2a/77/1241938347.webp,PR-C-760@TipoB,29,6,366000.0,flat,sale,91.0,True,3,2,"José María Lozano Sáinz, 11",Madrid,Madrid,Villaverde,es,Los Ángeles,40.346688,-3.6947533,True,https://www.idealista.com/obra-nueva/108307508/,"2 plazas de garaje Forma de pago flexible atendiendo a tus necesidades Entrega de llaves: Entre febrero y abril 2027. Cielo de Villaverde cuenta con apartamentos y viviendas de 2 y 3 dormitorios, con terrazas y suelo radiante, y se caracteriza por contar con salas temáticas y más de 6.000m2 de zonas comunes exteriores, para disfrutar de una experiencia de relax, ocio y deporte dentro de un ambiente de seguridad y tranquilidad. También áticos a la venta.  Piscina, pista polideportiva, pádel, gimnasio, zonas de juegos infantiles, salas comunitarias y amplias zonas verdes sin salir de la urbanización. Las viviendas cuentan con dormitorios espaciosos y luminosos, bien orientadas con modernas calidades que dan forma a hogares de ensueño, bien comunicadas con transportes urbanos y lugares de ocio. En Cielo de Villaverde se han diseñado diversas tipologías de viviendas pensando en la comodidad. Todas las viviendas cuentan con excelentes distribuciones, trasteros y garajes, a un precio excelente. El proyecto se encuentra situado cerca del Centro Médico de Especialidades, y también de dos centros educativos, uno de ellos la Escuela Infantil El Sur y el otro la Escuela de Fútbol Villaverde. Alrededor se encuentran dos centros comerciales de ocio y zonas verdes como el Parque Dehesa Boyal; además de un supermercado Mercadona y el Palacio de congresos y exposiciones La Nave, centro de referencia tecnológica y cultural. Elige tu futuro hogar en la última fase del mejor proyecto. Además, ahora tienes la oportunidad de seleccionar las calidades y personalizar tu vivienda. Muy cerca de medios de transporte y zonas de naturaleza, ocio y deporte. A 20 min en metro de la Puerta del Sol y a 10 minutos de ATOCHA en tren. Ubicado cerca de espacios verdes como la Dehesa del Boyal y de un polideportivo de referencia como es el de Raúl Gonzalez; se encuentra a escasa distancia del metro y el cercanías.",True,newdevelopment,True,True,4022.0,True,False,False,False,[],False,False,366000.0,€,flat,"Los Ángeles, Madrid","Piso en José María Lozano Sáinz, 11",False,,True,True
102357381,https://img4.idealista.com/blur/480_360_mq/0/id.pro.es.image.master/0e/64/bf/1152995296.webp,8027,64,,675000.0,countryHouse,sale,1064.0,,14,3,Torrelaguna,Madrid,Torrelaguna,,es,,40.8279557,-3.5322558,False,https://www.idealista.com/inmueble/102357381/,"Caserón y casa de guardés con cuadras en solar de 2.151 m2 en el centro urbano de Torrelaguna. Se trata de un gran solar frente al polideportivo y pegado a la ermita con una casona del Siglo XVIII de grandes dimensiones con un bonito diseño y una casa de guardés con cuadras, garaje y pajares. La casona rectangular de gran altura en su interior, con un amplio pasillo y peculiar suelo que llama la atención por sus colores y piso de gran calidad; del cual se van distribuyendo a ambos lados del mismo las diferentes estancias, todas de gran tamaño y altura. Nada más entrar en planta principal tenemos a mano derecha zona de lavadero, trastero, despensa y cómoda escalera para subir a planta alta. A ambos lados del pasillo, como comentamos anteriormente, se distribuyen las diferentes estancias, todas muy amplias entre 14 y 24 m2, como despachos, salones, dormitorios, etc. Salón con salida al jardín, baño completo, aseo, amplia cocina con despensa y amplio salón comedor. Planta alta por cómoda escalera, amplio recibidor y pasillo distribuidor con tres grandes dormitorios, 5 habitaciones con cámaras trastero bajo cubierta. La casa guardés en planta baja con sala de estar, cocina con salida al jardín, pequeña bodega-trastero bajando unos escalones y en planta alta con tres habitaciones baño y buhardilla. Al lado de la casa están las cuadras, almacén y pajares. El total de m2 son 1064 (629 de vivienda, 372 de almacenes y 63 de varios). Zona ajardinada con cenador y hueco de piscina. La casona está catalogada con protección nivel 3. Ambas construcciones necesitan reformas y ambas tienen grandes posibilidades, tanto para negocio en el caso de la casona, como a nivel familiar con el resto de la construcción. Teniendo la ermita al lado, donde se celebran muchas bodas y comuniones, sería un buen lugar para eventos y además teniendo el estacionamiento del polideportivo al lado. También estaría la posibilidad de adquirir, junto con la finca, de una a cuatro parcelas más de 300 m2 cada una para usar como aparcamiento, terrazas interiores o como inversión para la construcción de unifamiliares. El precio de estas parcelas es aparte. Los gastos anuales de IBI son 832 de la vivienda y 27 del paso de acceso, más 34 entre basura y paso de carruaje. NO HAY GASTOS DE AGENCIA.",False,renew,False,,634.0,True,False,True,False,[],False,False,675000.0,€,countryHouse,Torrelaguna,Caserón,,caseron,True,True
108309507,https://img4.idealista.com/blur/480_360_mq/0/id.pro.es.image.master/b7/2a/77/1241938347.webp,PR-C-760@TipoA1º,29,1,376000.0,flat,sale,109.0,True,3,2,"José María Lozano Sáinz, 11",Madrid,Madrid,Villaverde,es,Los Ángeles,40.346688,-3.6947533,True,https://www.idealista.com/obra-nueva/108309507/,"1 plaza de garaje Forma de pago flexible atendiendo a tus necesidades Entrega de llaves: Entre febrero y abril 2027. Cielo de Villaverde cuenta con apartamentos y viviendas de 2 y 3 dormitorios, con terrazas y suelo radiante, y se caracteriza por contar con salas temáticas y más de 6.000m2 de zonas comunes exteriores, para disfrutar de una experiencia de relax, ocio y deporte dentro de un ambiente de seguridad y tranquilidad. También áticos a la venta.  Piscina, pista polideportiva, pádel, gimnasio, zonas de juegos infantiles, salas comunitarias y amplias zonas verdes sin salir de la urbanización. Las viviendas cuentan con dormitorios espaciosos y luminosos, bien orientadas con modernas calidades que dan forma a hogares de ensueño, bien comunicadas con transportes urbanos y lugares de ocio. En Cielo de Villaverde se han diseñado diversas tipologías de viviendas pensando en la comodidad. Todas las viviendas cuentan con excelentes distribuciones, trasteros y garajes, a un precio excelente. El proyecto se encuentra situado cerca del Centro Médico de Especialidades, y también de dos centros educativos, uno de ellos la Escuela Infantil El Sur y el otro la Escuela de Fútbol Villaverde. Alrededor se encuentran dos centros comerciales de ocio y zonas verdes como el Parque Dehesa Boyal; además de un supermercado Mercadona y el Palacio de congresos y exposiciones La Nave, centro de referencia tecnológica y cultural. Elige tu futuro hogar en la última fase del mejor proyecto. Además, ahora tienes la oportunidad de seleccionar las calidades y personalizar tu vivienda. Muy cerca de medios de transporte y zonas de naturaleza, ocio y deporte. A 20 min en metro de la Puerta del Sol y a 10 minutos de ATOCHA en tren. Ubicado cerca de espacios verdes como la Dehesa del Boyal y de un polideportivo de referencia como es el de Raúl Gonzalez; se encuentra a escasa distancia del metro y el cercanías.",True,newdevelopment,True,True,3450.0,True,False,False,False,[],False,False,376000.0,€,flat,"Los Ángeles, Madrid","Piso en José María Lozano Sáinz, 11",False,,True,True
108664781,https://img4.idealista.com/blur/480_360_mq/0/id.pro.es.image.master/c7/80/da/1184328901.webp,a0P9L000000Xkwn,19,1,469000.0,flat,sale,135.0,True,3,2,"calle Provisional Berrocales Ochenta y Dos, 1",Madrid,Madrid,Vicálvaro,es,Los Berrocales,40.3708499,-3.5841591,True,https://www.idealista.com/obra-nueva/108664781/,"Incluye dos plazas de garaje. Descubre Sinán, promoción de viviendas de 1 a 4 dormitorios con amplias terrazas, completo equipamiento y cuidadas zonas comunes en la mejor ubicación de Los Berrocales. La promoción contará con piscina, gimnasio, gastroteca, coworking, huertos urbanos en la azotea, solárium con zona chill out, además de una zona especifica destinada a calistenia. Sinán será un proyecto icónico en Berrocales ya que se encuentra en una de las pocas parcelas singulares que permiten edificar edificios en altura. El nuevo proyecto será un icono en el sector. Por el este la promoción linda con la continuación de la Avenida de la Gran Vía del Sureste (la “Castellana del Sureste”) que conecta directamente con el Ensanche de Vallecas y que enlazará con el resto de nuevos sectores a desarrollar en los próximos años.  Por el lado oeste Sinan se ubica junto al nuevo Parque lineal que sigue el arroyo de la Marañosa, un parque ajardinado y peatonal con mucha vegetación y libre de coches donde tú y tu familia podréis correr, montar en bici, etc.",False,newdevelopment,True,True,3474.0,True,False,False,False,[],False,False,469000.0,€,flat,"Los Berrocales, Madrid","Piso en calle Provisional Berrocales Ochenta y Dos, 1",False,,True,True
108800975,https://img4.idealista.com/blur/480_360_mq/0/id.pro.es.image.master/18/d9/6e/1240384553.webp,Esc 1 12ºA,20,12,415100.0,flat,sale,84.0,True,2,2,"avenida Provisional Ahijones Berrocales, 62",Madrid,Madrid,Vicálvaro,es,Los Berrocales,40.3757717,-3.5792752,True,https://www.idealista.com/obra-nueva/108800975/,"Vivienda de obra nueva en Berrocales, al sureste de Madrid, entre Ensanche de Vallecas y Santa Eugenia. Celere Bifaz es una promoción moderna e innovadora. Con una oferta de 87 viviendas distribuidas en uno, dos y tres dormitorios, Célere Bifaz promete ser el hogar de quienes buscan un estilo de vida moderno y exclusivo. Luminoso y espacioso, este piso te brinda la amplitud y la luz natural que necesitas para crear tu propio hogar. Cada rincón está pensado para tu comodidad, desde la cocina totalmente equipada hasta el salón con terraza, perfecto para relajarte o disfrutar con amigos y familiares. Célere Bifaz contará con una calificación energética doble A, garantizando eficiencia tanto en emisiones como en consumos. Disfruta de tu plaza de garaje y trastero para mayor comodidad. El proyecto cuenta con una agradable piscina para adultos y de niños, zona de aseos, zona de bicicletas. En la última planta, y para poder disfrutar de las vistas, cuenta con una sala social-gourmet y un gimnasio. Además, la promoción ha incluido una zona exterior de juegos para niños, donde puedan disfrutar jugando en un entorno protegido. Un entorno que te encantará: Naturaleza a tu alcance, rodeado de zonas verdes y un parque infantil, este es el lugar perfecto para disfrutar del aire libre y crear momentos inolvidables en familia. Ubicación ideal, situada a pocos minutos del centro de Madrid y perfectamente comunicado por transporte público y privado, podrás disfrutar de todas las comodidades de la ciudad sin renunciar a la tranquilidad. La integración de viviendas, zonas verdes, comercios y servicios públicos asegura que los residentes disfruten de una calidad de vida inigualable.  IVA no incluido.",False,,True,True,4942.0,True,False,False,False,[],False,False,415100.0,€,flat,"Los Berrocales, Madrid","Piso en avenida Provisional Ahijones Berrocales, 62",False,,True,True
108213073,https://img4.idealista.com/blur/480_360_mq/0/id.pro.es.image.master/09/51/6d/1337452528.webp,1,19,bj,459000.0,duplex,sale,194.0,True,3,3,"Calle París, 12",Madrid,Móstoles,Sur,es,,40.3155266,-3.8632648,True,https://www.idealista.com/obra-nueva/108213073/,"Imagina despertar cada mañana en tu nuevo hogar, donde la luz entra por la terraza, el aire es limpio, y el silencio solo se rompe con los sonidos de una urbanización viva, tranquila, pensada para disfrutar. ¡viviendas de Renta Libre en Régimen de Cooperativa! En Calle París 12, en Móstoles, nace un nuevo proyecto: una comunidad de 28 familias que, como tú, sueñan con un espacio propio, moderno, cómodo y lleno de futuro. Aquí encontrarás viviendas de 2 y 3 dormitorios con 2 baños, todas con terraza, pensadas para adaptarse a cada etapa de la vida. Tal vez prefieras un bajo dúplex con jardín, donde los niños puedan jugar o tú desconectar al final del día. O un ático dúplex con una gran terraza, perfecto para ver atardeceres, recibir amigos o simplemente disfrutar del cielo. Cada vivienda incluye su plaza de garaje y trastero, porque el confort también está en los detalles. La urbanización ofrece zonas comunes, piscina y espacios para compartir, donde los vecinos se convierten en amigos. Y todo con una calificación energética A y unas calidades excepcionales. Este no es solo un edificio. Es el comienzo de una nueva historia. La tuya. Una oportunidad que no se presenta todos los días. Una decisión que cambia tu vida. Calle París 12, Móstoles  ¿Y si el próximo capítulo empieza aquí?",True,newdevelopment,True,True,2366.0,True,False,False,False,[],False,False,459000.0,€,flat,"Sur, Móstoles","Dúplex en Calle París, 12",False,duplex,True,True
108307553,https://img4.idealista.com/blur/480_360_mq/0/id.pro.es.image.master/cb/44/81/1241938399.webp,PR-C-760@TipoA,29,3,380000.0,flat,sale,109.0,True,3,2,"José María Lozano Sáinz, 11",Madrid,Madrid,Villaverde,es,Los Ángeles,40.346688,-3.6947533,True,https://www.idealista.com/obra-nueva/108307553/,"2 plazas de garaje Forma de pago flexible atendiendo a tus necesidades Entrega de llaves: Entre febrero y abril 2027. Cielo de Villaverde cuenta con apartamentos y viviendas de 2 y 3 dormitorios, con terrazas y suelo radiante, y se caracteriza por contar con salas temáticas y más de 6.000m2 de zonas comunes exteriores, para disfrutar de una experiencia de relax, ocio y deporte dentro de un ambiente de seguridad y tranquilidad. También áticos a la venta.  Piscina, pista polideportiva, pádel, gimnasio, zonas de juegos infantiles, salas comunitarias y amplias zonas verdes sin salir de la urbanización. Las viviendas cuentan con dormitorios espaciosos y luminosos, bien orientadas con modernas calidades que dan forma a hogares de ensueño, bien comunicadas con transportes urbanos y lugares de ocio. En Cielo de Villaverde se han diseñado diversas tipologías de viviendas pensando en la comodidad. Todas las viviendas cuentan con excelentes distribuciones, trasteros y garajes, a un precio excelente. El proyecto se encuentra situado cerca del Centro Médico de Especialidades, y también de dos centros educativos, uno de ellos la Escuela Infantil El Sur y el otro la Escuela de Fútbol Villaverde. Alrededor se encuentran dos centros comerciales de ocio y zonas verdes como el Parque Dehesa Boyal; además de un supermercado Mercadona y el Palacio de congresos y exposiciones La Nave, centro de referencia tecnológica y cultural. Elige tu futuro hogar en la última fase del mejor proyecto. Además, ahora tienes la oportunidad de seleccionar las calidades y personalizar tu vivienda. Muy cerca de medios de transporte y zonas de naturaleza, ocio y deporte. A 20 min en metro de la Puerta del Sol y a 10 minutos de ATOCHA en tren. Ubicado cerca de espacios verdes como la Dehesa del Boyal y de un polideportivo de referencia como es el de Raúl Gonzalez; se encuentra a escasa distancia del metro y el cercanías.",True,newdevelopment,True,True,3486.0,True,False,False,False,[],False,False,380000.0,€,flat,"Los Ángeles, Madrid","Piso en José María Lozano Sáinz, 11",False,,True,True
108099778,https://img4.idealista.com/blur/480_360_mq/0/id.pro.es.image.master/05/7e/ef/1334527692.webp,4º C,58,4,822000.0,flat,sale,112.0,True,2,2,"calle Trujillos, 9",Madrid,Madrid,Centro,es,Sol,40.4189758,-3.7075175,True,https://www.idealista.com/obra-nueva/108099778/,"Piso a estrenar en el corazón de Madrid (las fotos son de la 4ª planta) Obra nueva, ubicado en un edificio señorial renovado y rehabilitado con ascensor, en el histórico Barrio Sol del Distrito Centro de Madrid. Características del piso: Dos dormitorios dobles, uno de ellos en suite, ambos con balcones a la calle. Dos baños modernos y funcionales. Salón con cocina americana, ideal para disfrutar de momentos en familia o con amigos. Sistema de climatización por conducto para tu confort durante todo el año. Armarios empotrados y acabados de excelente calidad. Ubicación inmejorable: Situado en el centro histórico de Madrid, con una gran oferta comercial, de restauración, ocio y cultura. A pocos pasos de Ópera y el Palacio Real. Una oportunidad única: Vive en una de las zonas más demandadas de Madrid y disfruta de un piso nuevo con todas las comodidades. ¡No pierdas esta oportunidad! Ponte en contacto con nosotros y coordina una visita.",True,newdevelopment,True,True,7339.0,True,False,False,False,[],False,False,822000.0,€,flat,"Sol, Madrid","Piso en calle Trujillos, 9",True,,,
108801003,https://img4.idealista.com/blur/480_360_mq/0/id.pro.es.image.master/d9/6d/54/1260479261.webp,Esc 2 1ºB,20,1,425700.0,flat,sale,100.0,True,2,2,"avenida Provisional Ahijones Berrocales, 62",Madrid,Madrid,Vicálvaro,es,Los Berrocales,40.3757717,-3.5792752,True,https://www.idealista.com/obra-nueva/108801003/,"Vivienda de obra nueva en Berrocales, al sureste de Madrid, entre Ensanche de Vallecas y Santa Eugenia. Célere Bifaz es una promoción moderna e innovadora. Con una oferta de 87 viviendas distribuidas en uno, dos y tres dormitorios, Célere Bifaz promete ser el hogar de quienes buscan un estilo de vida moderno y exclusivo. Luminoso y espacioso, este piso te brinda la amplitud y la luz natural que necesitas para crear tu propio hogar. Cada rincón está pensado para tu comodidad, desde la cocina totalmente equipada hasta el salón con terraza, perfecto para relajarte o disfrutar con amigos y familiares. Célere Bifaz contará con una calificación energética doble A, garantizando eficiencia tanto en emisiones como en consumos. Disfruta de tu plaza de garaje y trastero para mayor comodidad. El proyecto cuenta con una agradable piscina para adultos y de niños, zona de aseos, zona de bicicletas. En la última planta, y para poder disfrutar de las vistas, cuenta con una sala social-gourmet y un gimnasio. Además, la promoción ha incluido una zona exterior de juegos para niños, donde puedan disfrutar jugando en un entorno protegido. Un entorno que te encantará: Naturaleza a tu alcance, rodeado de zonas verdes y un parque infantil, este es el lugar perfecto para disfrutar del aire libre y crear momentos inolvidables en familia. Ubicación ideal, situada a pocos minutos del centro de Madrid y perfectamente comunicado por transporte público y privado, podrás disfrutar de todas las comodidades de la ciudad sin renunciar a la tranquilidad. La integración de viviendas, zonas verdes, comercios y servicios públicos asegura que los residentes disfruten de una calidad de vida inigualable.",False,newdevelopment,True,True,4257.0,True,False,False,False,[],False,False,425700.0,€,flat,"Los Berrocales, Madrid","Piso en avenida Provisional Ahijones Berrocales, 62",False,,True,True
107330393,https://img4.idealista.com/blur/480_360_mq/0/id.pro.es.image.master/50/db/e8/1309768597.webp,Vivienda 14,18,,1907000.0,chalet,sale,338.0,,3,3,"calle Astun, 30",Madrid,Madrid,Moncloa,es,Valdemarín,40.4660422,-3.7758358,True,https://www.idealista.com/obra-nueva/107330393/,"SUMMIT es una exclusiva urbanización de 20 chalets pareados con jardines y piscinas individuales que cuentan además con un increíble rooftop con vistas a la sierra y al skyline de Madrid.    Ubicado en pleno Valdemarín, en el distrito de Aravaca-Moncloa, uno de los barrios más cotizados de Madrid por su entorno natural a menos de 10 minutos del centro de la ciudad.   Summit te permitirá vivir en una urbanización cerrada con seguridad y zonas de ocio para compartir, con parcelas privadas de hasta 497 m², y viviendas construidas en 3 plantas más solárium, todas equipadas con ascensor, para una máxima comodidad. Las viviendas ofrecen la posibilidad de contar de 3 a 5 dormitorios con una distribución y un interiorismo personalizable.    Otro de los aspectos a destacar de esta promoción es que todas las viviendas cuentan con orientación sur, por lo que la luminosidad forma parte del sello de esta exclusiva promoción.   Viviendas pareadas que mantienen una máxima privacidad, logrando un aislamiento acústico superior ya que la única comunicación entre viviendas se realiza a través de la zona de escaleras y ascensor de cada vivienda, sin que lleguen a comunicar estancias principales, logrando así una sensación de gran independencia.   Mención especial merece su envidiable Rooftop, pensado para disfrutar de momentos de ocio y descanso con unas vistas despejadas a la sierra y al Skyline de Madrid.    Espacios amplios, modernos y conectados entre sí que comunican de manera impecable interior con exterior. En la planta principal los espacios fluyen entre cocina, salón y exterior, con salida directa desde todas las estancias al jardín.  La cocina, diseñada por la prestigiosa firma Gunni & Tentino, cuenta con gran isla central y se abre a la zona de comedor y salón para potenciar la sensación de espacio.  En esta planta contamos con una terraza de acceso directo desde la cocina, una zona de porche que comunica la zona de comedor y un gran porche principal con vistas al jardín y a la piscina por lo que toda la planta se integra de manera armoniosa con el exterior.   Diseño y elegancia van de la mano en este proyecto con una sofisticada presencia, con fachadas que juegan con grandes ventanales y unas elegantes celosías de lamas exteriores visten las viviendas y que controlan la incidencia solar, matizando la privacidad y la luz.   Calidades premium en todas las viviendas: cocinas de Gunni & Tentino, pavimentos porcelánicos en formato 1.2x1.2m, tarima de roble en la planta de noche, carpinterías de la máxima calidad, domótica de última generación. Las viviendas cuentan además con un diseño sostenible, con sistemas de calefacción por aerotermia con suelo radiante/ refrigerante además de contar con aire acondicionado de refuerzo.   Además, Grupo ABU ofrece la oportunidad de personalizar el interiorismo al gusto de cada cliente, creando un espacio que refleje su estilo y personalidad, de la mano del prestigioso estudio Coton et Bois.   Ubicación estratégica a menos de 10 minutos del centro de Madrid, Valdemarín cuenta con una amplia oferta de colegios internacionales como el colegio Estudio, The English Montesori, Mater Salvatoris o el Stela Maris; centros médicos como el hospital de la Zarzuela, Vithas Aravaca; centros de restauración y centros deportivos como el David Lloyd, Club de Campo o el Hipódromo de la Zarzuela.   Grupo Abu, cuenta con una una sólida trayectoria en el mundo del lujo, con más de 25 años en el sector, se ha especializado en la promoción de viviendas exclusivas en emplazamientos prime. Su compromiso con el diseño, la tecnología y la innovación son un sello latente en todas sus promociones. Cada proyecto es único y cada vivienda también gracias a su servicio de personal.",False,newdevelopment,True,,5642.0,True,False,False,False,[],False,False,1907000.0,€,chalet,"Valdemarín, Madrid","Chalet pareado en calle Astun, 30",False,semidetachedHouse,True,True
107395218,https://img4.idealista.com/blur/480_360_mq/0/id.pro.es.image.master/63/a0/31/1311635521.webp,,38,,479900.0,chalet,sale,200.0,,4,3,"avenida de las Flores, 20",Madrid,Arroyomolinos,Casco Antiguo - La Dehesa - Los Monteros,es,,40.2690661,-3.9145096,True,https://www.idealista.com/inmueble/107395218/,"Agencia inmobiliaria en Arroyomolinos INMOBILIARIA HOGARES ARROYOMOLINOS VENDE ESPECTACULAR CHALET PAREADO EN PROCESO DE DESCALIFICACION EN UNA DE LAS MEJORES ZONAS DE ARROYOMOLINOS.  Esta magnífica vivienda de tres plantas ha sido diseñada para ofrecer el máximo confort y funcionalidad, con estancias amplias, luminosas y bien distribuidas, perfectas para disfrutar en familia. Al entrar, un elegante hall da la bienvenida y conduce a un amplio y acogedor salón-comedor con chimenea, un espacio ideal para el descanso y la vida en familia. La cocina, funcional y bien equipada, ofrece gran capacidad de almacenamiento. En esta misma planta, dos amplios dormitorios con armarios empotrados garantizan comodidad y privacidad, además de un baño completo que da servicio a la planta. En la primera planta se encuentra el dormitorio principal, un verdadero refugio privado que dispone de vestidor, baño en suite y acceso directo a una terraza con vistas despejadas, ideal para disfrutar del aire libre en total privacidad. La planta sótano añade un valor excepcional a la vivienda. Además de contar con un garaje con capacidad para un vehículo, esta zona ha sido habilitada como vivienda independiente, perfecto para invitados o familiares. Dispone de una cocina abierta al salón-comedor, un dormitorio con armario empotrado y un baño completo con ventana. Desde aquí se accede directamente al jardín, el rincón perfecto para relajarse y disfrutar al máximo. El exterior de la vivienda es simplemente espectacular. Un precioso jardín rodea la casa, complementado con un acogedor porche de madera, una amplia piscina donde refrescarse en los días más cálidos y una zona de barbacoa ideal para reuniones con familiares y amigos. Ubicada en un entorno tranquilo y bien comunicado, esta casa ofrece todo lo que necesitas para vivir con comodidad y calidad de vida. ¡No dejes pasar esta oportunidad! Contacta con nosotros y ven a visitarla.",True,good,False,,2400.0,True,True,False,False,[],False,False,479900.0,€,chalet,"Casco Antiguo - La Dehesa - Los Monteros, Arroyomolinos","Chalet pareado en avenida de las Flores, 20",,semidetachedHouse,True,True
107973784,https://img4.idealista.com/blur/480_360_mq/0/id.pro.es.image.master/6d/e2/c1/1329892288.webp,MARIA TERESA SAEZ DE HEREDIA,10,4,245000.0,flat,sale,66.0,True,3,1,calle de María Teresa Sáenz de Heredia,Madrid,Madrid,Ciudad Lineal,es,Ventas,40.4250028,-3.6545729,False,https://www.idealista.com/inmueble/107973784/,"GARSIERRA. Piso distribuido en salón-comedor, cocina, 3 habitaciones, 1 baño completo. Ubicado en el centro urbano de la población. Dispone en su entorno de amplias zonas ajardinadas.",True,good,False,False,3712.0,True,False,False,False,[],False,False,245000.0,€,flat,"Ventas, Madrid",Piso en calle de María Teresa Sáenz de Heredia,,,,
108794861,https://img4.idealista.com/blur/480_360_mq/0/id.pro.es.image.master/03/a4/14/1355336537.webp,9091,17,,2300000.0,chalet,sale,482.0,,6,7,"calle Sopelana, 15",Madrid,Madrid,Moncloa,es,El Plantío,40.4689406,-3.8138517,True,https://www.idealista.com/obra-nueva/108794861/,"Insuperable urbanización de 7 viviendas independientes de obra nueva, en parcelas de 1.000 m² con superficies de hasta 650 m² construidos.  La Reserva de La Florida es una exclusiva promoción de viviendas independientes ubicadas en una urbanización cerrada con seguridad privada, con un diseño moderno, pensadas para el máximo confort ubicadas en una de las urbanizaciones más prestigiosas de Madrid.  Las viviendas cuentan con un diseño contemporáneo que redefine el concepto del lujo moderno, con diseños arquitectónicos que maximizan la luz natural y armonizan con el entorno natural. Cada detalle ha sido cuidadosamente diseñado para ofrecer un equilibrio perfecto entre elegancia, privacidad y confort.  Viviendas independientes, de hasta 6 dormitorios, con grandes jardines, piscina privada, porches de ensueño y garaje con capacidad para 3 coches con posibilidad de ampliación y dos plazas adicionales en superficie.  Impecable distribución, donde los espacios interiores han sido diseñados con una filosofía abierta, conectándose de manera fluida con el exterior a través de grandes ventanales que permiten además la entrada de luz creando una sensación de continuidad y amplitud.  Máximas calidades y diseño eficiente con la utilización de los últimos avances para lograr una vivienda sostenible con utilización de aerotermia y climatización por suelo radiante y refrigerante, carpinterías de máxima calidad y cuidados acabados que proporcionan confort y elegancia.  Las viviendas cuentan además con algunas opciones de personalización dentro de un abanico de opciones que ofrece la propia promotora para adaptarse a las necesidades y gustos de cada familia.  Ubicada en la exclusiva urbanización de La Florida, en un entorno natural ídiloco con el Monte de El Pardo de fondo, a menos de 10 minutos del centro de Madrid y con proximidad a los mejores colegios del noroeste como el The English Montesori, Mater Salvatoris, Stella Maris, Colegio Estudio o Internacional de Aravaca.  La Florida se ubica además rodeada de importantes centros deportivos y de ocio, como el Club David LLoyd, el Hipódromo de la Zarzuela o el Club de Campo.  DISTRIBUCIÓN:  PLANTA PRINCIPAL:  Gran Hall de entrada con armario gabanero y aseo de cortesía. Amplísimo salón comedor de más de 65m2 con salida directa al porche y vistas al jardín. Cocina de amplio tamaño con casi 30m2 con una propuesta muy completa realizada por la firma Santos sujeto a personalización para adaptase a las preferencias de cada familia. Amplio dormitorio con baño en suite y vistas al jardín que puede funcionar como dormitorio familiar, de invitados o despacho. PRIMERA PLANTA:  Dormitorio principal con gran vestidor y baño en suite con ducha y bañera exenta. Tres dormitorios dobles, todos de muy buen tamaño y con baño en suite, uno de ellos con salida a una agradable terraza. PLANTA BAJA:  Family room Dormitorio de servicio. Instalaciones y lavandería. Garaje con capacidad para 3 coches con posibilidad de ampliación. Dos plazas de aparcamiento adicionales en superficie.",False,newdevelopment,True,,4772.0,True,False,False,False,[],False,False,2300000.0,€,chalet,"El Plantío, Madrid","Casa independiente en calle Sopelana, 15",False,independantHouse,True,True
108144924,https://img4.idealista.com/blur/480_360_mq/0/id.pro.es.image.master/1d/34/60/1335196134.webp,L-ANOW9Y3,29,1,990000.0,flat,sale,155.0,True,3,2,Barrio Peñagrande,Madrid,Madrid,Fuencarral,es,Peñagrande,40.4721676,-3.7327772,False,https://www.idealista.com/inmueble/108144924/,"Situado en un primer piso, este elegante piso forma parte de una de las urbanizaciones más prestigiosas y completas de Puerta de Hierro. La vivienda cuenta con tres dormitorios, uno de ellos con baño en suite, y un amplio salón con acceso a una terraza privada, ideal para disfrutar del exterior con total privacidad. Incluye dos plazas de garaje y trastero. La urbanización es completamente cerrada y ofrece seguridad 24 horas, garantizando tranquilidad y privacidad. Entre sus exclusivas zonas comunes destacan: Piscina exterior y zona spa Gimnasio totalmente equipado Zona de recreo y jardines comunitarios Una propiedad que combina confort, diseño y servicios premium en una de las zonas más cotizadas de Madrid.",False,good,False,True,6387.0,True,False,True,False,[],False,False,990000.0,€,flat,"Peñagrande, Madrid",Piso,,,True,True
108924291,https://img4.idealista.com/blur/480_360_mq/0/id.pro.es.image.master/0a/19/d2/1359096599.webp,Vivienda Av.Espa&ntilde;a,18,3,200000.0,flat,sale,68.0,False,3,2,avenida España,Madrid,Getafe,Universidad,es,,40.3163131,-3.7182806,False,https://www.idealista.com/inmueble/108924291/,"Castizo Inmobiliaria vende esta vivienda en Getafe, en la Zona Juan de la Cierva, tercera planta, exterior, 68 metros divividos en 3 dormitorios, salón con acceso a una terraza pequeña/balcon, 2 baños completos con plato de ducha y cocina totalmente equipada. En muy buen estado de conservacion, cuenta con calefaccion de radiadores electricos, para entrar a vivir. Rodeada de todos los servicios necesarios, como transporte público, supermercados, centros educativos y zonas verdes. Ideal para quienes buscan una vivienda lista para entrar a vivir o una oportunidad de inversión rentable. **Para mas informacion llamar**. [IW].",False,good,False,False,2941.0,False,False,False,False,[],False,False,200000.0,€,flat,"Universidad, Getafe",Piso en avenida España,,,,
108794695,https://img4.idealista.com/blur/480_360_mq/0/id.pro.es.image.master/0a/bd/7d/1355336536.webp,9090,17,,2675000.0,chalet,sale,654.0,,6,6,"calle Sopelana, 15",Madrid,Madrid,Moncloa,es,El Plantío,40.4689406,-3.8138517,True,https://www.idealista.com/obra-nueva/108794695/,"Insuperable urbanización de 7 viviendas independientes de obra nueva, en parcelas de 1.000 m² con superficies de hasta 650 m² construidos.    La Reserva de La Florida es una exclusiva promoción de viviendas independientes ubicadas en una urbanización cerrada con seguridad privada, con un diseño moderno, pensadas para el máximo confort ubicadas en una de las urbanizaciones más prestigiosas de Madrid.  Las viviendas cuentan con un diseño contemporáneo que redefine el concepto del lujo moderno, con diseños arquitectónicos que maximizan la luz natural y armonizan con el entorno natural. Cada detalle ha sido cuidadosamente diseñado para ofrecer un equilibrio perfecto entre elegancia, privacidad y confort.  Viviendas independientes, de hasta 6 dormitorios, con grandes jardines, piscina privada, porches de ensueño y garaje con capacidad para 4 coches en interior y 2 plazas adicionales en superficie.  Impecable distribución, donde los espacios interiores han sido diseñados con una filosofía abierta, conectándose de manera fluida con el exterior a través de grandes ventanales que permiten además la entrada de luz creando una sensación de continuidad y amplitud.   Máximas calidades y diseño eficiente con la utilización de los últimos avances para lograr una vivienda sostenible con utilización de aerotermia y climatización por suelo radiante y refrigerante, carpinterías de máxima calidad y cuidados acabados que proporcionan confort y elegancia.  Las viviendas cuentan además con algunas opciones de personalización dentro de un abanico de opciones que ofrece la propia promotora para adaptarse a las necesidades y gustos de cada familia.   Ubicada en la exclusiva urbanización de La Florida, en un entorno natural ídiloco con el Monte de El Pardo de fondo, a menos de 10 minutos del centro de Madrid y con proximidad a los mejores colegios del noroeste como el The English Montesori, Mater Salvatoris, Stella Maris, Colegio Estudio o Internacional de Aravaca.  La Florida se ubica además rodeada de importantes centros deportivos y de ocio, como el Club David LLoyd, el Hipódromo de la Zarzuela o el Club de Campo.  DISTRIBUCIÓN:  PLANTA PRINCIPAL:  Gran Hall de entrada con armario gabanero y aseo de cortesía. Amplísimo salón comedor de más de 65m2 con salida directa al porche y vistas al jardín. Cocina de amplio tamaño con casi 30m2 con una propuesta muy completa realizada por la firma Santos sujeto a personalización para adaptarse a las preferencias de cada familia. Amplio dormitorio con baño en suite y vestidor, con vistas al jardín que puede funcionar como dormitorio principal o como dormitorio doble, Tres dormitorios en suite, todos de buen tamaño y con vistas al jardín. PRIMERA PLANTA:  Master suite de casi 80m2, con zona de noche, zona de estar o despacho, gran vestidor, baño en suite con ducha doble y bañera exenta y una gran terraza con vistas al jardín. PLANTA BAJA:  Family room Gimnasio, sala de cine o bodega. Dormitorio de servicio. Instalaciones y lavandería. Garaje con capacidad para 4 coches con posibilidad de ampliación. Dos plazas de garaje adicionales en superficie.",False,newdevelopment,True,,4090.0,True,False,False,False,[],False,False,2675000.0,€,chalet,"El Plantío, Madrid","Casa independiente en calle Sopelana, 15",False,independantHouse,True,True
108664720,https://img4.idealista.com/blur/480_360_mq/0/id.pro.es.image.master/ca/ee/96/1184328805.webp,a0P9L000000Xkwn,19,12,516000.0,flat,sale,121.0,True,3,2,"calle Provisional Berrocales Ochenta y Dos, 1",Madrid,Madrid,Vicálvaro,es,Los Berrocales,40.3708499,-3.5841591,True,https://www.idealista.com/obra-nueva/108664720/,"Incluye dos plazas de garaje. Descubre Sinán, promoción de viviendas de 1 a 4 dormitorios con amplias terrazas, completo equipamiento y cuidadas zonas comunes en la mejor ubicación de Los Berrocales. La promoción contará con piscina, gimnasio, gastroteca, coworking, huertos urbanos en la azotea, solárium con zona chill out, además de una zona especifica destinada a calistenia. Sinán será un proyecto icónico en Berrocales ya que se encuentra en una de las pocas parcelas singulares que permiten edificar edificios en altura. El nuevo proyecto será un icono en el sector. Por el este la promoción linda con la continuación de la Avenida de la Gran Vía del Sureste (la “Castellana del Sureste”) que conecta directamente con el Ensanche de Vallecas y que enlazará con el resto de nuevos sectores a desarrollar en los próximos años.  Por el lado oeste Sinan se ubica junto al nuevo Parque lineal que sigue el arroyo de la Marañosa, un parque ajardinado y peatonal con mucha vegetación y libre de coches donde tú y tu familia podréis correr, montar en bici, etc.",False,newdevelopment,True,True,4264.0,True,False,False,False,[],False,False,516000.0,€,flat,"Los Berrocales, Madrid","Piso en calle Provisional Berrocales Ochenta y Dos, 1",False,,True,True
108918992,https://img4.idealista.com/blur/480_360_mq/0/id.pro.es.image.master/14/51/aa/1358920561.webp,,3,,640000.0,chalet,sale,249.0,,4,4,"calle La Rioja, 17",Madrid,Collado Villalba,Fontenebro - Altavista,es,,40.65026,-3.97319,True,https://www.idealista.com/inmueble/108918992/,"DOMUS CONSULTING INMOBILIARIO VENDE Chalet pareado de alto nivel, orientación sur, vistas a la sierra y máxima privacidad en una de las mejores zonas de Villalba. (No cobramos al comprador y te asesoramos con un Arquitecto Técnico el valor y sus posibilidades) Ubicado en una de las zonas residenciales más tranquilas y exclusivas de Villalba a los pies de la montaña, este magnífico chalet pareado de 3 habitaciones, 2 baños y un aseo en planta baja ofrece un estilo de vida único: sol durante todo el día, amplias estancias, garaje, jardín privado y un entorno que garantiza privacidad y bienestar. La vivienda cuenta tambien con una planta primera con una cuarta habitacion tipo suite, salon, dos terrazas y trastero que aporta a todo el conjunto una distribución funcional y elegante, diseñada para maximizar la entrada de luz natural y la conexión con el entorno. Desde su salón principal con grandes ventanales hasta su amplia terraza orientada al sur, cada espacio ha sido concebido arquitectónicamente para disfrutar del confort y la serenidad. Un chalet perfecto para quienes buscan luz, silencio y exclusividad con la posibilidad de relacionarse en las zonas comunes en su piscina, pista de pádel, salón de juegos y gimnasio. No lo dejes pasar, vívelo y contacta con nosotros!",False,good,False,,2570.0,True,False,False,False,[],False,False,640000.0,€,chalet,"Fontenebro - Altavista, Collado Villalba","Chalet pareado en calle La Rioja, 17",,semidetachedHouse,True,True
108904694,https://img4.idealista.com/blur/480_360_mq/0/id.pro.es.image.master/8c/23/ee/1358489289.webp,W-030RKU,26,1,1645000.0,flat,sale,186.0,True,5,2,Barrio Jerónimos,Madrid,Madrid,Retiro,es,Jerónimos,40.4129596,-3.6902191,False,https://www.idealista.com/inmueble/108904694/,"Propiedad para reforma total en Los Jerónimos Engel & Völkers presenta en exclusiva esta excepcional propiedad ubicada en una de las zonas más prestigiosas de Madrid, a pasos del emblemático Museo del Prado y en pleno barrio de Los Jerónimos. Una oportunidad única para crear el hogar de tus sueños en el epicentro cultural de la capital. Esta joya inmobiliaria destaca por sus impresionantes techos altos de más de 3 metros que aportan amplitud y elegancia a cada espacio, junto con una abundante luz natural que inunda todas las estancias. Con una distribución actual de 4 habitaciones y 2 baños completos, la propiedad ofrece un potencial infinito para la reforma total, convirtiéndose en tu lienzo en blanco perfecto donde plasmar tus ideas más ambiciosas. Las posibilidades de redistribución son ilimitadas, con opción de crear un baño adicional y un aseo de cortesía, permitiendo una flexibilidad total para diseñar una nueva distribución completamente a medida.  Esta propiedad representa la perfecta combinación entre ubicación excepcional y potencial de transformación. Sus techos altos y luminosidad natural, unidos a la posibilidad de reforma completa, te permiten crear un hogar único en una de las direcciones más codiciadas de Madrid. Es perfecta tanto para primera vivienda en ubicación premium como para inversión en una zona de alta revalorización, siendo ideal para quienes buscan un proyecto de reforma personalizado o simplemente aman el arte y la cultura madrileña. Una oportunidad como esta no se presenta todos los días en el corazón de Madrid. El barrio de los Jerónimos representa uno de los enclaves más distinguidos y codiciados de la capital, donde historia, cultura y refinamiento se funden en un entorno urbano excepcional. Situado junto al emblemático Parque del Retiro, este aristocrático barrio destaca por sus amplias avenidas arboladas, sus edificios históricos de fachadas señoriales y un ambiente de exclusiva serenidad en el corazón de la capital. Los Jerónimos alberga algunas de las instituciones culturales más prestigiosas de España, como el mundialmente conocido Museo del Prado. Su privilegiada ubicación ofrece acceso inmediato a incalculables tesoros culturales, lo que convierte al barrio en un epicentro para los amantes del arte y la historia. La arquitectura del barrio refleja la grandeza de la España imperial, con majestuosos edificios como la Iglesia de San Jerónimo el Real, el Hotel Ritz o el Palacio de Comunicaciones (actual Ayuntamiento), y constituye uno de los conjuntos urbanos de mayor calidad de la ciudad de Madrid. A nivel residencial, Los Jerónimos ofrece viviendas de alto standing en edificios históricos meticulosamente conservados, muchos de ellos con vistas privilegiadas al Parque del Retiro. Sus amplios apartamentos con techos altos, molduras originales y grandes balcones representan lo mejor de la arquitectura clásica madrileña. La exclusividad del barrio se complementa con una selecta oferta gastronómica que satisface los gustos más exigentes. Invertir en Los Jerónimos significa adquirir no sólo una propiedad excepcional, sino un estilo de vida donde historia, cultura y exclusividad se combinan en una de las ubicaciones más privilegiadas de Madrid, garantizando tanto calidad de vida como una inversión segura y de valor creciente.",True,renew,False,True,8844.0,True,False,True,False,[],False,False,1645000.0,€,flat,"Jerónimos, Madrid",Piso,,,,
108318064,https://img4.idealista.com/blur/480_360_mq/0/id.pro.es.image.master/d5/36/86/1340526515.webp,duplex bajo,20,bj,439000.0,duplex,sale,197.0,True,3,3,"Calle París, 12",Madrid,Móstoles,Sur,es,,40.3155266,-3.8632648,True,https://www.idealista.com/obra-nueva/108318064/,"Imagina despertar cada mañana en tu nuevo hogar, donde la luz entra por la terraza, el aire es limpio, y el silencio solo se rompe con los sonidos de una urbanización viva, tranquila, pensada para disfrutar. ! viviendas de Renta Libre en Régimen de Cooperativa! En Calle París 12, en Móstoles, nace un nuevo proyecto: una comunidad de 28 familias que, como tú, sueñan con un espacio propio, moderno, cómodo y lleno de futuro. Aquí encontrarás viviendas de 2 y 3 dormitorios con 2 baños, todas con terraza, pensadas para adaptarse a cada etapa de la vida. Tal vez prefieras un bajo dúplex con jardín, donde los niños puedan jugar o tú desconectar al final del día. O un ático dúplex con una gran terraza, perfecto para ver atardeceres, recibir amigos o simplemente disfrutar del cielo. Cada vivienda incluye su plaza de garaje y trastero, porque el confort también está en los detalles. La urbanización ofrece zonas comunes, piscina y espacios para compartir, donde los vecinos se convierten en amigos. Y todo con una calificación energética A y unas calidades excepcionales. Este no es solo un edificio. Es el comienzo de una nueva historia. La tuya. Una oportunidad que no se presenta todos los días. Una decisión que cambia tu vida. Calle París 12, Móstoles  ¿Y si el próximo capítulo empieza aquí?",True,newdevelopment,True,True,2228.0,True,False,False,False,[],False,False,439000.0,€,flat,"Sur, Móstoles","Dúplex en Calle París, 12",False,duplex,True,True
108576449,https://img4.idealista.com/blur/480_360_mq/0/id.pro.es.image.master/b1/03/50/1348923586.webp,,20,3,330000.0,flat,sale,107.0,True,2,2,"Calle París, 12",Madrid,Móstoles,Sur,es,,40.3155266,-3.8632648,True,https://www.idealista.com/obra-nueva/108576449/,"Promoción adjudicada al 60%! Imagina despertar cada mañana en tu nuevo hogar, donde la luz entra por la terraza, el aire es limpio, y el silencio solo se rompe con los sonidos de una urbanización viva, tranquila, pensada para disfrutar. ! viviendas de Renta Libre en Régimen de Cooperativa! En Calle París 12, en Móstoles, nace un nuevo proyecto: una comunidad de 28 familias que, como tú, sueñan con un espacio propio, moderno, cómodo y lleno de futuro. Aquí encontrarás viviendas de 2 y 3 dormitorios con 2 baños, todas con terraza, pensadas para adaptarse a cada etapa de la vida. Tal vez prefieras un bajo dúplex con jardín, donde los niños puedan jugar o tú desconectar al final del día. O un ático dúplex con una gran terraza, perfecto para ver atardeceres, recibir amigos o simplemente disfrutar del cielo. Cada vivienda incluye su plaza de garaje y trastero, porque el confort también está en los detalles. La urbanización ofrece zonas comunes, piscina y espacios para compartir, donde los vecinos se convierten en amigos. Y todo con una calificación energética A y unas calidades excepcionales. Este no es solo un edificio. Es el comienzo de una nueva historia. La tuya. Una oportunidad que no se presenta todos los días. Una decisión que cambia tu vida. Calle París 12, Móstoles  ¿Y si el próximo capítulo empieza aquí?",True,newdevelopment,True,True,3084.0,True,False,False,False,[],False,False,330000.0,€,flat,"Sur, Móstoles","Piso en Calle París, 12",False,,True,True
108911017,https://img4.idealista.com/blur/480_360_mq/0/id.pro.es.image.master/97/4f/74/1358882454.webp,Juan,26,3,299000.0,flat,sale,86.0,True,3,1,paseo de Santa María de la Cabeza,Madrid,Madrid,Usera,es,Moscardó,40.3874181,-3.7154097,False,https://www.idealista.com/inmueble/108911017/,"Agencia inmobiliaria de MADRID - zona USERA - MOSCARDO - PLAZA ELÍPTICA Vende inmueble situado en la tercera planta del Paseo Santa Maria de la Cabeza compuesto por 3 Dormitorios, Salón, Cocina, Baño y una gran Terraza. Tiene varios puntos a destacar: - Vivienda con Ascensor. - Finca tranquila. - Terraza. - La cercanía a Plaza Elíptica a 2 minutos. - Zona tranquilas con parques y jardines. - Madrid Río a 15 minutos andando. Zona perfecta para las familias con zonas verdes en el entorno, bloque muy tranquilo A 15 MINUTOS A PIE DE MADRID RÍO. Fácil acceso a A42, M40, M30 Calle de Antonio López, Avenida de Andalucía, Hospital 12 de octubre, a 10 minutos del metro almendrales línea 3 (Villaverde - Moncloa), autobuses (47, 247 y 60 y búho Nº12 ). Zona con todos los servicios, supermercado próximo. PROXIMAMENTE TOUR VIRTUAL. AVISO LEGAL: Recordamos a nuestros Señores clientes que la información facilitada no constituye una auténtica oferta vinculante ni contractual. Este anuncio publicitario es provisional, y las fotografías y datos en él incluidos están sujetos a posibles modificaciones, consecuencia de exigencias comerciales, jurídicas, técnicas o por mandato expreso de la propiedad. La información aquí contenida procura reflejar una orientación sobre los inmuebles a la fecha de su publicación. La totalidad del contenido que aparece tiene carácter meramente informativo y aproximado, no teniendo, en modo alguno, carácter contractual. Tanto los datos, como las imágenes y planos pueden estar sujetos a cambios, por lo que le invitamos a que, si precisa una información más exacta y detallada, contacte con nosotros y le atenderemos a la mayor brevedad posible. Los contenidos tienen únicamente finalidad informativa y bajo ninguna circunstancia deben usarse ni considerarse como oferta de venta o financiación, solicitud de una oferta de compra o financiación, ni recomendación para realizar cualquier otra transacción, salvo que así se indique expresamente. La información y documentación a ofrecer de acuerdo con lo dispuesto en el Real Decreto 515/1989 (de 21 de abril, relativa a la protección de los consumidores en cuanto a la información a suministrar en la compraventa y arrendamiento de viviendas), será puesta a disposición de los potenciales compradores en las respectivas delegaciones territoriales gestoras del inmueble.",False,good,False,True,3477.0,True,False,False,False,[],False,False,299000.0,€,flat,"Moscardó, Madrid",Piso en paseo de Santa María de la Cabeza,,,,
107344830,https://img4.idealista.com/blur/480_360_mq/0/id.pro.es.image.master/2d/f0/b6/1348029261.webp,REAL-0099,57,,1050000.0,chalet,sale,512.0,,4,4,Barrio El Peñalar - Arroyo de Trofas - Montealegre,Madrid,Torrelodones,Los Peñascales,es,El Peñalar - Arroyo de Trofas - Montealegre,40.5807566,-3.8986786,False,https://www.idealista.com/inmueble/107344830/,"Elegante casa en Urbanización Monte Alegre, Torrelodones. Descubre esta magnífica propiedad ubicada en la exclusiva urbanización Monte Alegre, en Torrelodones. Esta impresionante casa de dos plantas aprovecha la inclinación del terreno, formado por dos parcelas, ofreciendo un diseño arquitectónico a doble altura que realza su elegancia y luminosidad. Al ingresar, te recibirá un majestuoso hall que conecta con la cocina, el pasillo y un salón excepcional. Este último se distingue por sus tres ambientes armoniosamente integrados, donde grandes ventanales inundan de luz natural el espacio, complementado por una acogedora zona de sofás alrededor de una elegante chimenea, creando el lugar perfecto para disfrutar en familia o con amigos. El comedor, ideal para recibir a numerosos comensales, se encuentra casi en comunicación directa con la cocina, facilitando el servicio durante las reuniones. La cocina, equipada con una moderna isla y una funcional zona de office, también cuenta con amplias áreas de almacenamiento y acceso directo al exterior, además de una conveniente zona de servicio. En la entreplanta, un versátil espacio puede ser utilizado como salita, zona de lectura o incluso como una habitación adicional. La propiedad cuenta con tres acogedoras habitaciones, de las cuales una es en suite con baño privado. Todas las habitaciones ofrecen vistas y salida al jardín, creando un ambiente de tranquilidad y conexión con la naturaleza. La planta superior está destinada íntegramente a la suite principal, que incluye una acogedora zona de lectura o salón, un amplio vestidor y un espléndido baño equipado con ducha y bañera. Además, esta suite cuenta con una terraza privada, perfecta para disfrutar de cada momento y apreciar el entorno. La ubicación de esta propiedad es inmejorable, con excelente comunicación a través de la A6, lo que facilita el acceso a Madrid y otras localidades cercanas. En los alrededores de la urbanización Monte Alegre, encontrarás una variedad de servicios, como colegios, supermercados, centros de salud y áreas recreativas, que garantizan una calidad de vida excepcional. No dejes pasar la oportunidad de adquirir esta joya arquitectónica en una de las mejores ubicaciones de Torrelodones. ¡Contáctanos para más información y para concertar una visita!",False,good,False,,2051.0,True,False,True,False,[],False,False,1050000.0,€,chalet,"El Peñalar - Arroyo de Trofas - Montealegre, Torrelodones",Casa independiente,,independantHouse,True,True
107330411,https://img4.idealista.com/blur/480_360_mq/0/id.pro.es.image.master/83/d5/68/1309768679.webp,Vivienda 01,18,,2197000.0,chalet,sale,352.0,,3,3,"calle Astun, 30",Madrid,Madrid,Moncloa,es,Valdemarín,40.4660422,-3.7758358,True,https://www.idealista.com/obra-nueva/107330411/,"SUMMIT es una exclusiva urbanización de 20 chalets pareados con jardines y piscinas individuales que cuentan además con un increíble rooftop con vistas a la sierra y al skyline de Madrid.    Ubicado en pleno Valdemarín, en el distrito de Aravaca-Moncloa, uno de los barrios más cotizados de Madrid por su entorno natural a menos de 10 minutos del centro de la ciudad.   Summit te permitirá vivir en una urbanización cerrada con seguridad y zonas de ocio para compartir, con parcelas privadas de hasta 497 m², y viviendas construidas en 3 plantas más solárium, todas equipadas con ascensor, para una máxima comodidad. Las viviendas ofrecen la posibilidad de contar de 3 a 5 dormitorios con una distribución y un interiorismo personalizable.    Otro de los aspectos a destacar de esta promoción es que todas las viviendas cuentan con orientación sur, por lo que la luminosidad forma parte del sello de esta exclusiva promoción.   Viviendas pareadas que mantienen una máxima privacidad, logrando un aislamiento acústico superior ya que la única comunicación entre viviendas se realiza a través de la zona de escaleras y ascensor de cada vivienda, sin que lleguen a comunicar estancias principales, logrando así una sensación de gran independencia.   Mención especial merece su envidiable Rooftop, pensado para disfrutar de momentos de ocio y descanso con unas vistas despejadas a la sierra y al Skyline de Madrid.    Espacios amplios, modernos y conectados entre sí que comunican de manera impecable interior con exterior. En la planta principal los espacios fluyen entre cocina, salón y exterior, con salida directa desde todas las estancias al jardín.  La cocina, diseñada por la prestigiosa firma Gunni & Tentino, cuenta con gran isla central y se abre a la zona de comedor y salón para potenciar la sensación de espacio.  En esta planta contamos con una terraza de acceso directo desde la cocina, una zona de porche que comunica la zona de comedor y un gran porche principal con vistas al jardín y a la piscina por lo que toda la planta se integra de manera armoniosa con el exterior.   Diseño y elegancia van de la mano en este proyecto con una sofisticada presencia, con fachadas que juegan con grandes ventanales y unas elegantes celosías de lamas exteriores visten las viviendas y que controlan la incidencia solar, matizando la privacidad y la luz.   Calidades premium en todas las viviendas: cocinas de Gunni & Tentino, pavimentos porcelánicos en formato 1.2x1.2m, tarima de roble en la planta de noche, carpinterías de la máxima calidad, domótica de última generación. Las viviendas cuentan además con un diseño sostenible, con sistemas de calefacción por aerotermia con suelo radiante/ refrigerante además de contar con aire acondicionado de refuerzo.   Además, Grupo ABU ofrece la oportunidad de personalizar el interiorismo al gusto de cada cliente, creando un espacio que refleje su estilo y personalidad, de la mano del prestigioso estudio Coton et Bois.   Ubicación estratégica a menos de 10 minutos del centro de Madrid, Valdemarín cuenta con una amplia oferta de colegios internacionales como el colegio Estudio, The English Montesori, Mater Salvatoris o el Stela Maris; centros médicos como el hospital de la Zarzuela, Vithas Aravaca; centros de restauración y centros deportivos como el David Lloyd, Club de Campo o el Hipódromo de la Zarzuela.   Grupo Abu, cuenta con una una sólida trayectoria en el mundo del lujo, con más de 25 años en el sector, se ha especializado en la promoción de viviendas exclusivas en emplazamientos prime. Su compromiso con el diseño, la tecnología y la innovación son un sello latente en todas sus promociones. Cada proyecto es único y cada vivienda también gracias a su servicio de personal.",False,newdevelopment,True,,6241.0,True,False,False,False,[],False,False,2197000.0,€,chalet,"Valdemarín, Madrid","Chalet pareado en calle Astun, 30",False,semidetachedHouse,True,True
107829438,https://img4.idealista.com/blur/480_360_mq/0/id.pro.es.image.master/4f/ca/c1/1331250034.webp,VIS-391,55,,1600000.0,chalet,sale,625.0,,5,5,Ciudalcampo,Madrid,Ciudalcampo,,es,,40.6182269,-3.6100874,False,https://www.idealista.com/inmueble/107829438/,"VISTA HOMES presenta un impresionante CHALET INDEPENDIENTE completamente REHABILITADO en 2021, situado en CIUDALCAMPO, una de las zonas residenciales más prestigiosas del norte de Madrid, combinando privacidad, seguridad y un entorno natural único.  La vivienda, con una superficie construida de 625 m², se ubica sobre una parcela llana de 2.600 m² en la que podemos encontrar un cuidado jardín consolidado con riego automático, y una elegante piscina con fuente ornamental. Se distribuye en tres plantas con un práctico y funcional diseño que facilita la vida familiar y social en planta baja, y la privacidad en la superior. PLANTA BAJA Luminoso salón comedor con chimenea desde el que se accede al agradable porche exterior y a la piscina. Práctica cocina office con isla de moderno diseño, completamente amueblada y aseo de cortesía. Dos amplios dormitorios de invitados, ambos con cuarto de baño en suite y con salida al jardín. En esta planta se encuentra además el dormitorio de servicio con baño en suite y entrada auxiliar independiente. SEGUNDA PLANTA Gran suite principal acompañada de sala de estar, amplio vestidor, cuarto de baño en suite y terraza compartida con otro gran dormitorio también con baño privado. PLANTA SÓTANO Garaje privado con espacio suficiente para cinco vehículos. Cuarto de lavandería, y una espaciosa sala que puede ser destinada a despacho, sala de juegos o gimnasio. La vivienda se climatiza por suelo radiante y splits de aire acondicionado en todas las estancias. La Urbanización Ciudalcampo es sinónimo de calidad de vida y entorno natural. Ubicada en plena naturaleza, ofrece control de accesos y vigilancia las 24 horas, además de espectaculares vistas al encinar y a la Sierra de Madrid. Dentro del recinto, se encuentra el Club Deportivo RACE, un referente por sus completas instalaciones deportivas y de ocio que incluyen Campo de golf profesional de 18 hoyos, Centro ecuestre con más de 66.000 m² de instalaciones, Pistas de tenis y pádel con entrenadores profesionales, Pistas para hockey, fútbol y patinaje, Gimnasio, Piscinas cubiertas y al aire libre, etc. Dispone de un cómodo y rápido acceso en el Km 28 de la N-1 y se encuentra muy próxima al aeropuerto de Madrid Barajas, IFEMA y a grandes parques empresariales con múltiples empresas multinacionales así como a centros educativos de prestigio. ¡TE INVITAMOS A CONOCERLO!, ¿HABLAMOS? En VISTA HOMES contactamos contigo en el horario que mejor te venga. Llámanos o déjanos tu teléfono, estaremos encantados de ayudarte.",True,good,False,,2560.0,True,False,True,False,[],False,False,1600000.0,€,chalet,Ciudalcampo,Casa independiente,,independantHouse,True,True
108381484,https://img4.idealista.com/blur/480_360_mq/0/id.pro.es.image.master/9c/08/30/1342418168.webp,Atico B,12,,638000.0,penthouse,sale,230.0,True,3,2,"calle Parcela 6.18.2 Etapa, 3",Madrid,Madrid,Vicálvaro,es,Los Berrocales,40.3744496,-3.5730637,True,https://www.idealista.com/obra-nueva/108381484/,"INGESCASA gestiona y comercializa en Los Berrocales, uno de los cinco grandes Desarrollos del Sureste, perteneciente al distrito de Vicálvaro, un nuevo Proyecto en régimen de Cooperativa para “Torreón de Sueños, S. Coop. Mad” Con 27 Viviendas Libres de 1, 2 y 3 dormitorios todas ellas con terraza, incluyendo magníficos bajos con jardín, áticos con amplias terrazas. Además, todas las viviendas contarán con cocina amueblada, al menos con una plaza de garaje y trastero. Con altas calidades y eficiencia energética, con sistema de climatización mediante suelo radiante/refrescante por aerotermia. El nuevo desarrollo de Los Berrocales está emplazado en una magnífica ubicación, facilita la conexión con el centro de la capital, que se encuentra a tan sólo 15 minutos en coche, y a otros barrios cercanos como El Cañaveral, Vallecas o Rivas, gracias a que delimita al este con la M-50, al sur con la autovía A-3 y al oeste con la M-45. Todos los servicios que necesitas a escasos minutos en coche como; colegios, centros comerciales, hospitales, centros educativos, etc. Los Berrocales y el Ensanche de Vallecas están conectados por 2 nuevos puentes sobre la A-3 que permiten el paso vehículos, bicicletas y peatones. ¡Estas a tiempo de elegir la mejor tipología de vivienda que se adapte a tus necesidades! Solicita más información.",False,newdevelopment,True,True,2774.0,True,False,False,False,[],False,False,638000.0,€,flat,"Los Berrocales, Madrid","Ático en calle Parcela 6.18.2 Etapa, 3",False,penthouse,True,True
108201202,https://img4.idealista.com/blur/480_360_mq/0/id.pro.es.image.master/2e/db/15/1336950185.webp,1927,93,,698000.0,chalet,sale,317.0,,3,4,Algete,Madrid,Algete,,es,,40.6110977,-3.5429081,False,https://www.idealista.com/inmueble/108201202/,"Chalet adosado en ""Urbanización Soto del Duque"" en perfectas condiciones de mantenimiento por sus propietarios, de fácil acceso a la A1 tanto en dirección a Madrid como a la Sierra Norte. La urbanización cuenta con piscina comunitaria y parque infantil La propiedad cuenta con 317 m2 construidos y registrados (91 m2 el semisótano con buena luz natural, 98 m2 la planta principal, 76 m2 en planta 1, 48 m2 la buhardilla y 4 m2 de elementos comunes), además del garaje abierto que no está contabilizado) Como se aprecia en las fotos la vivienda esta impecable para entrar a vivir; con madera en el suelo de todas las estancias, cómoda escalera de mármol en toda la casa, buena luz en todas las plantas. Por supuesto se han acometido importantes reformas en semisótano, baños, escalera, cocina, etc. Descripción: - Plata calle con garaje descubierto al frente para dos vehículos, subiendo 6 escalones tenemos la planta principal con hall de distribución, aseo de invitados a la izquierda, cocina a la derecha totalmente equipada con mesa independiente para comer fuera de la cocina y no tener que hacer uso del salón comedor, cuarto de lavado y caldera de gas natural, la cocina es de vitro (tanto los electrodomésticos como la caldera han sido cambiados recientemente); bajando un par de escalones tenemos el salón comedor con chimenea de leña, estantería para libros que a la vez le han colocado una lona para hacer proyecciones de cine con altavoces y así aprovechar el espacio, salida al jardín. - Planta primera subiendo las escaleras de mármol tenemos hall de distribución con tres habitaciones y dos baños (habitación principal con baño y vestidor). - Buhardilla diáfana usada como oficinas, tiene conexión para instalar un baño y por el cómodo y alto espacio se podría distribuir, con un mínimo coste, en dos o tres habitaciones más si fuera necesario. - Semisótano con luz natural y muy amplio tenemos, al fondo, cómodo aseo y lavabo, cuarto de juegos, cuarto de planchado, cuarto de bicicletas y trastero. Gastos de comunidad son 70 euros Gastos anuales de IBI sobre 980 euros Está todo legalmente registrado NO HAY GASTOS DE GENCIA.",False,good,False,,2202.0,True,False,True,False,[],False,False,698000.0,€,chalet,Algete,Chalet adosado,,terracedHouse,True,True
108458836,https://img4.idealista.com/blur/480_360_mq/0/id.pro.es.image.master/7c/11/68/1345536114.webp,a01Jy00000jvuWeIAI,15,5,992000.0,flat,sale,135.0,True,3,3,"Fernández Caro, 7",Madrid,Madrid,Ciudad Lineal,es,Concepción,40.4424991,-3.6474042,True,https://www.idealista.com/obra-nueva/108458836/,"DESCUBRE EN MOSAIK, LA COMPOSICIÓN PERFECTA 22 VIVIENDAS EXCLUSIVAS DE OBRA NUEVA CON TERRAZA DE 1, 2 Y 3 DORMITORIOS (PLAZAS DE GARAJE Y LOCKERS INCLUIDOS EN EL PRECIO)   MOSAIK es un proyecto innovador y vanguardista, donde prima diseño y funcionalidad, que se ubica en la calle Fernández Caro, 7, a pocos metros de la calle Arturo Soria, una de las principales arterias de Madrid. El complejo residencial dispone de unos espacios comunes para hacer tu día a día más agradable: piscina, solárium panorámico, gimnasio y zona de coworking. Las viviendas están perfectamente orientadas, con amplios ventanales que garantizan una alta luminosidad, dotadas de una cuidada selección de materiales, y cocinas totalmente equipadas con elegante diseño y excelentes calidades. Además, cuentan con un innovador sistema de climatización por aerotermia y geotermia, suelo radiante y suelo refrescante, ventilación mecánica de doble flujo con intercambiador de calor, elementos que nos proporcionarán el máximo confort y eficiencia energética. MOSAIK te ofrece diseño y equipamiento con todos los servicios disponibles, en una de las mejores zonas de Madrid. Un residencial, enfocado a ofrecerte una alta calidad de vida para hacer tu día a día más cómodo y sencillo.  Para ampliar la información, puedes concertar una visita a nuestras oficinas centrales en la calle Alcalá 96, 5º-Dcha. frente a El Corte Inglés de Goya.",False,,True,True,7348.0,True,False,False,False,[],False,False,992000.0,€,flat,"Concepción, Madrid","Piso en Fernández Caro, 7",False,,True,True
107799331,https://img4.idealista.com/blur/480_360_mq/0/id.pro.es.image.master/46/15/cb/1330394658.webp,1290,64,,1100000.0,chalet,sale,667.0,,5,4,Pinosol - El Alcor - Peralejo,Madrid,El Escorial,Pinosol - El Alcor - Peralejo,es,,40.5561343,-4.1227424,False,https://www.idealista.com/inmueble/107799331/,"**Casa en Venta en El Escorial - Urbanización Pinosol** Representada en exclusiva por Casa Direct, a través de su Consultor Inmobiliario de confianza en El Escorial: Tomás Vitoria, le invitamos a descubrir esta impresionante casa independiente en la prestigiosa Urbanización Pinosol, en El Escorial. Con una generosa superficie construida de 667 m² y una parcela de 1800 m², este hogar es el refugio perfecto para quienes buscan comodidad y elegancia. La distribución en tres plantas ofrece un hall de entrada acogedor, un gran salón comedor con chimenea y amplios ventanales que inundan de luz natural el espacio. La cocina, amplia y luminosa, cuenta con zona de comedor, ideal para disfrutar de momentos en familia. La planta primera alberga otro salón con zona de despacho, perfecto para trabajar desde casa. La propiedad dispone de cinco dormitorios, destacando el gran dormitorio principal tipo suite con vestidor y baño privado. Además, hay dos dormitorios tipo suite con baño incorporado y armarios empotrados, junto a otros dos dormitorios adicionales que también cuentan con armarios empotrados.  En el sótano, encontrarás un garaje para cuatro vehículos, una bodeguilla con barra de bar y sala de estar, así como un cuarto de lavado y plancha. El jardín, muy cuidado y dotado de riego automático, presenta una variedad de plantas y árboles ornamentales, además de un estanque que aporta un toque especial. También cuenta con un comedor cubierto de verano, barbacoa y zona de cocina, ideal para disfrutar de las noches estivales. Piscina privada. La urbanización es señorial y prestigiosa, ofreciendo todos los servicios necesarios. La parada de autobús está justo en la puerta, y la estación de RENFE se encuentra a solo 8 minutos en coche. No pierdas la oportunidad de vivir en este maravilloso hogar que combina lujo, confort y ubicación privilegiada. Más que una casa, es un estilo de vida donde el lujo y la comodidad se fusionan. ¡Ven a visitarlo!",False,good,False,,1649.0,True,False,True,False,[],False,False,1100000.0,€,chalet,"Pinosol - El Alcor - Peralejo, El Escorial",Casa independiente,,independantHouse,True,True
108664837,https://img4.idealista.com/blur/480_360_mq/0/id.pro.es.image.master/c1/40/e8/1184328690.webp,a0P9L000000Xkwn,19,bj,587000.0,flat,sale,214.0,True,3,2,"calle Provisional Berrocales Ochenta y Dos, 1",Madrid,Madrid,Vicálvaro,es,Los Berrocales,40.3708499,-3.5841591,True,https://www.idealista.com/obra-nueva/108664837/,"Incluye dos plazas de garaje. Descubre Sinán, promoción de viviendas de 1 a 4 dormitorios con amplias terrazas, completo equipamiento y cuidadas zonas comunes en la mejor ubicación de Los Berrocales. La promoción contará con piscina, gimnasio, gastroteca, coworking, huertos urbanos en la azotea, solárium con zona chill out, además de una zona especifica destinada a calistenia. Sinán será un proyecto icónico en Berrocales ya que se encuentra en una de las pocas parcelas singulares que permiten edificar edificios en altura. El nuevo proyecto será un icono en el sector. Por el este la promoción linda con la continuación de la Avenida de la Gran Vía del Sureste (la “Castellana del Sureste”) que conecta directamente con el Ensanche de Vallecas y que enlazará con el resto de nuevos sectores a desarrollar en los próximos años.  Por el lado oeste Sinan se ubica junto al nuevo Parque lineal que sigue el arroyo de la Marañosa, un parque ajardinado y peatonal con mucha vegetación y libre de coches donde tú y tu familia podréis correr, montar en bici, etc.",False,newdevelopment,True,True,2743.0,True,False,False,False,[],False,False,587000.0,€,flat,"Los Berrocales, Madrid","Piso en calle Provisional Berrocales Ochenta y Dos, 1",False,,True,True
108801066,https://img4.idealista.com/blur/480_360_mq/0/id.pro.es.image.master/64/de/fe/1260479234.webp,Esc 1 4ºC,20,4,435100.0,flat,sale,102.0,True,3,2,"avenida Provisional Ahijones Berrocales, 62",Madrid,Madrid,Vicálvaro,es,Los Berrocales,40.3757717,-3.5792752,True,https://www.idealista.com/obra-nueva/108801066/,"Dos plazas de garaje incluidas en el precio. Vivienda de obra nueva en Berrocales, al sureste de Madrid, entre Ensanche de Vallecas y Santa Eugenia. Célere Bifaz es una promoción moderna e innovadora. Con una oferta de 87 viviendas distribuidas en uno, dos y tres dormitorios, Célere Bifaz promete ser el hogar de quienes buscan un estilo de vida moderno y exclusivo. Luminoso y espacioso, este piso te brinda la amplitud y la luz natural que necesitas para crear tu propio hogar. Cada rincón está pensado para tu comodidad, desde la cocina totalmente equipada hasta el salón con terraza, perfecto para relajarte o disfrutar con amigos y familiares. Célere Bifaz contará con una calificación energética doble A, garantizando eficiencia tanto en emisiones como en consumos. Disfruta de tu plaza de garaje y trastero para mayor comodidad. El proyecto cuenta con una agradable piscina para adultos y de niños, zona de aseos, zona de bicicletas. En la última planta, y para poder disfrutar de las vistas, cuenta con una sala social-gourmet y un gimnasio. Además, la promoción ha incluido una zona exterior de juegos para niños, donde puedan disfrutar jugando en un entorno protegido. Un entorno que te encantará: Naturaleza a tu alcance, rodeado de zonas verdes y un parque infantil, este es el lugar perfecto para disfrutar del aire libre y crear momentos inolvidables en familia. Ubicación ideal, situada a pocos minutos del centro de Madrid y perfectamente comunicado por transporte público y privado, podrás disfrutar de todas las comodidades de la ciudad sin renunciar a la tranquilidad. La integración de viviendas, zonas verdes, comercios y servicios públicos asegura que los residentes disfruten de una calidad de vida inigualable.",False,,True,True,4266.0,True,False,False,False,[],False,False,435100.0,€,flat,"Los Berrocales, Madrid","Piso en avenida Provisional Ahijones Berrocales, 62",False,,True,True
108213106,https://img4.idealista.com/blur/480_360_mq/0/id.pro.es.image.master/17/51/52/1347498242.webp,5,19,4,335000.0,flat,sale,107.0,True,2,2,"Calle París, 12",Madrid,Móstoles,Sur,es,,40.3155266,-3.8632648,True,https://www.idealista.com/obra-nueva/108213106/,"Imagina despertar cada mañana en tu nuevo hogar, donde la luz entra por la terraza, el aire es limpio, y el silencio solo se rompe con los sonidos de una urbanización viva, tranquila, pensada para disfrutar. ¡viviendas de Renta Libre en Régimen de Cooperativa! En Calle París 12, en Móstoles, nace un nuevo proyecto: una comunidad de 28 familias que, como tú, sueñan con un espacio propio, moderno, cómodo y lleno de futuro. Aquí encontrarás viviendas de 2 y 3 dormitorios con 2 baños, todas con terraza, pensadas para adaptarse a cada etapa de la vida. Tal vez prefieras un bajo dúplex con jardín, donde los niños puedan jugar o tú desconectar al final del día. O un ático dúplex con una gran terraza, perfecto para ver atardeceres, recibir amigos o simplemente disfrutar del cielo. Cada vivienda incluye su plaza de garaje y trastero, porque el confort también está en los detalles. La urbanización ofrece zonas comunes, piscina y espacios para compartir, donde los vecinos se convierten en amigos. Y todo con una calificación energética A y unas calidades excepcionales. Este no es solo un edificio. Es el comienzo de una nueva historia. La tuya. Una oportunidad que no se presenta todos los días. Una decisión que cambia tu vida. Calle París 12, Móstoles  ¿Y si el próximo capítulo empieza aquí?",True,newdevelopment,True,True,3131.0,True,False,False,False,[],False,False,335000.0,€,flat,"Sur, Móstoles","Piso en Calle París, 12",False,,True,True
107307745,https://img4.idealista.com/blur/480_360_mq/0/id.pro.es.image.master/5b/38/d1/1324545804.webp,,22,3,399900.0,duplex,sale,185.0,True,3,2,"avenida de la Unión Europea, 96",Madrid,Arroyomolinos,Las Castañeras - Bulevar,es,,40.2872924,-3.9173837,True,https://www.idealista.com/inmueble/107307745/,"Agencia inmobiliaria en Arroyomolinos INMOBILIARIA HOGARES ARROYOMOLINOS VENDE ESPECTACULAR ÁTICO DÚPLEX DE RENTA LIBRE EN PLENO BULEVAR. Este maravilloso piso se encuentra en plena zona Europa (Bulevar); cerca de todos los servicios (supermercado, centro de salud, transportes, comercios), frente al NUEVO PARQUE COMERCIAL y próximo a la salida a la autovía A-5. Este increíble piso de TRES HABITACIONES se distribuye de la siguiente manera: PLANTA PRINCIPAL Según accedemos a la vivienda encontramos la cocina americana de buen tamaño junto al salón. Los suelos son de tarima y el salón cuenta con un equipo de aire acondicionado. Desde el salón accedemos a la zona de dormitorios, donde encontramos dos dormitorios de buen tamaño con armarios empotrados además de un cuarto perfecto para hacer las veces de tendedero y un armario empotrado de cortesía. En la planta baja de la vivienda encontramos también un baño completo para dar servicio a dichas estancias. Este baño también se ha reformado. PRIMERA PLANTA En la primera planta encontramos un pasillo recibidor que nos da acceso al dormitorio principal y a otro baño completo para dar servicio a esta planta. Este dormitorio de buen tamaño tiene armarios empotrados y cuenta con aire acondicionado y salida directa a la terraza. Desde el recibidor, también tenemos acceso a la joya de la corona: la GRAN terraza de 40 metros. La terraza es una maravilla, con vistas al pleno bulevar y un tamaño perfecto para disfrutar con familia o amigos y con capacidad para disponer de una gran mesa comedor o incluso de una barbacoa. La vivienda cuenta también con todos los radiadores cambiados recientemente, El precio incluye DOS PLAZAS DE GARAJE y TRASTERO. La urbanización cuenta con ZONAS COMUNES con PISCINA, parque infantil y ZONAS VERDES. ¡NO DUDES EN VENIR A VISITARLO! ¡FINANCIACIÓN HASTA EL 100%!",True,good,False,True,2162.0,True,True,False,False,[],False,False,399900.0,€,flat,"Las Castañeras - Bulevar, Arroyomolinos","Dúplex en avenida de la Unión Europea, 96",,duplex,True,True
108148117,https://img4.idealista.com/blur/480_360_mq/0/id.pro.es.image.master/1d/de/f4/1335289678.webp,,19,1,269900.0,flat,sale,71.0,True,2,1,"calle Alemania, 4",Madrid,Arroyomolinos,Zona Europa,es,,40.2835952,-3.9196128,True,https://www.idealista.com/inmueble/108148117/,"Agencia inmobiliaria en Arroyomolinos INMOBILIARIA HOGARES ARROYOMOLINOS VENDE ESPECTACULAR PISO EN PLENO BULEVAR. Te presentamos este encantador piso ideal tanto para parejas como para pequeñas familias. La vivienda cuenta con dos habitaciones luminosas (una de ellas con un pequeño balcón), perfectas como dormitorio principal y cuarto adicional para invitados, despacho o habitación infantil, ambas equipadas con armarios empotrados. El salón-comedor es amplio y cómodo, con acceso directo a una acogedora terraza privada, ideal para disfrutar de desayunos al aire libre o relajarse al atardecer. La cocina, de estilo funcional, está equipada con todo lo necesario para el día a día, disponiendo además de una amplia zona de tendedero. El baño completo da servicio a las habitaciones y cuenta con bañera.  El piso se encuentra en una finca con piscina, con buena comunicación y servicios cercanos: transporte público, supermercados, colegios y zonas verdes…A demás se incluye una plaza de garaje y trastero. Esta vivienda se encuentra en proceso de descalificación. ¡No dejes pasar esta ocasión y ven a conocer tu nuevo hogar!",True,good,False,True,3801.0,True,True,False,False,[],False,False,269900.0,€,flat,"Zona Europa, Arroyomolinos","Piso en calle Alemania, 4",,,True,True
107600148,https://img4.idealista.com/blur/480_360_mq/0/id.pro.es.image.master/a1/94/fa/1317238997.webp,,18,1,259900.0,flat,sale,66.0,True,2,1,"calle de Marbella, 15",Madrid,Arroyomolinos,Zona el Caño,es,,40.2778562,-3.9165497,True,https://www.idealista.com/inmueble/107600148/,"Agencia inmobiliaria en Arroyomolinos INMOBILIARIA HOGARES ARROYOMOLINOS VENDE ESPECTACULAR PISO EN ZONA BULEVAR.  Presentamos este fantástico piso de 65 m², ubicado en la tranquila y bien comunicada zona de El Caño, rodeado de todos los servicios esenciales. Destaca por su doble orientación, lo que garantiza mayor luminosidad, ventilación natural y eficiencia energética durante todo el año. Al acceder, encontramos un acogedor recibidor que da paso a una amplia cocina totalmente equipada, con un gran tendedero cubierto, ideal como espacio extra de almacenamiento y zona de lavandería. El salón-comedor, exterior y muy luminoso, ofrece un espacio amplio y bien distribuido, con zona de comedor y zona de estar. La zona de descanso cuenta con dos dormitorios de gran tamaño, ambos con armarios empotrados y dimensiones propias de un dormitorio principal, asegurando comodidad y amplitud. El baño completo, de buen tamaño, dispone de una amplia bañera. Este hogar cuenta con preinstalación de ventilación por conducto, además de aire acondicionado en el salón y en el dormitorio principal. Los suelos de tarima de alta calidad y las mosquiteras en todas las ventanas añaden confort y funcionalidad al día a día. Las zonas comunes ofrecen piscina, parque infantil y amplias áreas verdes, perfectas para el disfrute familiar. Además, el precio incluye plaza de garaje y trastero, brindando un extra de comodidad y almacenamiento. Si buscas un hogar con excelente distribución, luz natural y en una ubicación inmejorable, ¡este piso es para ti!",True,good,False,True,3938.0,True,True,False,False,[],False,False,259900.0,€,flat,"Zona el Caño, Arroyomolinos","Piso en calle de Marbella, 15",,,True,True
106268025,https://img4.idealista.com/blur/480_360_mq/0/id.pro.es.image.master/c9/8d/c4/1277714920.webp,Tipo 8,7,,760000.0,flat,sale,135.0,True,3,2,"avenida Isabel Farnesio, 7",Madrid,Boadilla del Monte,Sector S,es,,40.4095859,-3.8856812,True,https://www.idealista.com/obra-nueva/106268025/,"¡Nueva promoción en Boadilla del Monte, Avenida Isabel de Farnesio! Descubre tu nuevo hogar en una de las zonas más exclusivas de Boadilla del Monte. Esta promoción cuenta con pisos de 2 y 3 habitaciones, diseñados para ofrecer el máximo confort y funcionalidad.  Cada vivienda dispone de 2 a 3 baños completos, ideales para familias o aquellos que buscan mayor espacio y comodidad. Las viviendas están pensadas para aprovechar al máximo la luz natural y cuentan con acabados de alta calidad, cocinas modernas y amplias terrazas donde disfrutar de momentos de tranquilidad. Ubicada en una zona privilegiada, la Avenida Isabel de Farnesio ofrece fácil acceso a servicios, colegios, zonas verdes y transporte público, sin renunciar a la tranquilidad y el bienestar que caracteriza a Boadilla del Monte. Características principales: •Pisos de 2 y 3 habitaciones. •2 o 3 baños completos. •Amplias terrazas. •Excelentes acabados. •Zona tranquila con todos los servicios a mano. No pierdas la oportunidad de vivir en uno de los mejores entornos residenciales de Madrid. ¡Llámanos y agenda tu visita!",False,newdevelopment,True,True,5630.0,True,False,False,False,[],False,False,760000.0,€,flat,"Sector S, Boadilla del Monte","Piso en avenida Isabel Farnesio, 7",False,,True,True
108249758,https://img4.idealista.com/blur/480_360_mq/0/id.pro.es.image.master/86/99/da/1338446429.webp,,57,,896000.0,chalet,sale,313.0,,2,1,"Mirador de la Cabreriza, 13",Madrid,Collado Mediano,,es,,40.6960225,-4.0357959,True,https://www.idealista.com/obra-nueva/108249758/,"Chalet de Obra OBRA NUEVA “ THE GRASS HOME “ EN COLLADO MEDIANO ( MADRID ) Ático 10 comercializa esta magnífica oportunidad de adquirir una Vivienda Única, ubicada en una parcela con unas vistas privilegiadas de la vertiente Sur de la Sierra de Guadarrama. THE GRASS HOME es el resultado de la más reciente colaboración entre el estudio de arquitectura EME 157 y la empresa constructora LUMAN EDIFICACION Y RESTAURACION, S.L. Se combina la arquitectura bioclimática con el diseño contemporáneo y la experiencia constructiva para ofrecer soluciones funcionales sostenibles y personalizables. Se encuentra en Collado Mediano, en pleno corazón de la Sierra de Guadarrama y ofrece una vista panorámica inmejorable que incluye el Monasterio de El Escorial. Esta a tan solo 30 minutos en coche desde Moncloa, además cuenta con una Estación de Cercanías a solo 6 minutos a pie y conexión directa en autobús con Madrid y otros puntos clave de la Sierra. La vivienda parte de una distribución diáfana, sencilla, amplia y luminosa, pensada para facilitar la adaptación a las necesidades del comprador final. Se entrega con una dotación esencial que incluye: cocina completa, baño, lavadero y armarios modulares y por otro lado preinstalación oculta de climatización y fontanería. El diseño de la vivienda responde a los principios de la arquitectura bioclimática, incorporando una gran terraza abierta al horizonte y soluciones pasivas que garantizan el confort térmico y la eficiencia energética durante todo el año. Amplios ventanales orientados a sur capturan la radiación solar en invierno, maximizan la entrada de luz natural y reducen el consumo energético. Aleros diseñados estratégicamente bloquean la incidencia del sol en verano y permiten su entrada en invierno. Por su parte, los cerramientos opacos en las fachadas Norte, Este y Oeste, protegen del calor estival y minimizan la perdida de energía en los meses fríos. Cuenta con materiales y calidades exclusivas, aerotermia con suelo radiante refrescante en verano y cálido en invierno, ventanas de aluminio con rotura de puente térmico doble acristalamiento con cámara deshidratada y estores motorizados. Se accede a las tres plazas estacionamiento mediante puerta motorizada de 8.5m, de longitud.   Se han ajardinado las zonas en contacto con la vivienda con un paisajismo respetuoso con el entorno y de bajo mantenimiento. En la fachada Este existe una escalera exterior que comunica el acceso con la zona de piscina y con el resto del jardín. La piscina, de 20.5x2.26m. está junto a un amplio porche cubierto en el que cabe la posibilidad de construir una cocina exterior para los meses de verano. CARACTERISTICAS BASICAS Chalet unifamiliar independiente  2 plantas 313 m2 construidos 2 habitaciones 1 baño Terrazas Parcela de 770 m2 Promoción de Obra Nueva Certificación energética A EQUIPAMIENTO Cocina amueblada y equipada  Armarios Jardín Piscina de 20 ml x 2,25 ml 3 Plazas de parking incluidas en el precio.",False,,True,,2863.0,True,False,False,False,[],False,False,896000.0,€,chalet,Collado Mediano,"Casa independiente en Mirador de la Cabreriza, 13",True,independantHouse,True,True
106267964,https://img4.idealista.com/blur/480_360_mq/0/id.pro.es.image.master/e2/28/2e/1277714907.webp,Tipo 6,7,,710000.0,flat,sale,125.0,True,3,2,"avenida Isabel Farnesio, 7",Madrid,Boadilla del Monte,Sector S,es,,40.4095859,-3.8856812,True,https://www.idealista.com/obra-nueva/106267964/,"¡Nueva promoción en Boadilla del Monte, Avenida Isabel de Farnesio! Descubre tu nuevo hogar en una de las zonas más exclusivas de Boadilla del Monte. Esta promoción cuenta con pisos de 2 y 3 habitaciones, diseñados para ofrecer el máximo confort y funcionalidad.  Cada vivienda dispone de 2 a 3 baños completos, ideales para familias o aquellos que buscan mayor espacio y comodidad. Las viviendas están pensadas para aprovechar al máximo la luz natural y cuentan con acabados de alta calidad, cocinas modernas y amplias terrazas donde disfrutar de momentos de tranquilidad. Ubicada en una zona privilegiada, la Avenida Isabel de Farnesio ofrece fácil acceso a servicios, colegios, zonas verdes y transporte público, sin renunciar a la tranquilidad y el bienestar que caracteriza a Boadilla del Monte. Características principales: •Pisos de 2 y 3 habitaciones. •2 o 3 baños completos. •Amplias terrazas. •Excelentes acabados. •Zona tranquila con todos los servicios a mano. No pierdas la oportunidad de vivir en uno de los mejores entornos residenciales de Madrid. ¡Llámanos y agenda tu visita!",False,newdevelopment,True,True,5680.0,True,False,False,False,[],False,False,710000.0,€,flat,"Sector S, Boadilla del Monte","Piso en avenida Isabel Farnesio, 7",False,,True,True
