propertyCode,thumbnail,externalReference,numPhotos,floor,price,propertyType,operation,size,exterior,rooms,bathrooms,address,province,municipality,district,country,latitude,longitude,showAddress,url,description,hasVideo,status,newDevelopment,hasLift,priceByArea,hasPlan,has3DTour,has360,hasStaging,notes,topNewDevelopment,topPlus,priceInfo.price.amount,priceInfo.price.currencySuffix,parkingSpace.hasParkingSpace,parkingSpace.isParkingSpaceIncludedInPrice,detailedType.typology,suggestedTexts.subtitle,suggestedTexts.title,highlight.groupDescription,neighborhood,detailedType.subTypology,priceInfo.price.priceDropInfo.formerPrice,priceInfo.price.priceDropInfo.priceDropValue,priceInfo.price.priceDropInfo.priceDropPercentage
108144054,https://img4.idealista.com/blur/480_360_mq/0/id.pro.es.image.master/34/42/50/1335166693.webp,libertad,17,2,259900.0,flat,sale,94.0,True,2,1,calle Libertad,Madrid,Valdemoro,Hispanoamérica - Comunidades,es,40.191206,-3.6930227,False,https://www.idealista.com/inmueble/108144054/,"Agencia inmobiliaria en Valdemoro INMOBILIARIA HOGARES VALDEMORO VENDE ESTA OPORTUNIDAD UNICA EN LA MEJOR ZONA DE VALDEMORO Se vende magnífico piso en la exclusiva zona del Hospital de Valdemoro, una de las áreas más demandadas por su tranquilidad, excelentes servicios y comunicaciones. La vivienda, construida en 2008, ha tenido un único propietario y se encuentra totalmente reformada, lista para entrar a vivir. Dispone de 2 amplios dormitorios con armarios empotrados, un cuarto de baño prácticamente nuevo, y una cocina recién actualizada con acabados modernos y funcionales. El salón es luminoso y acogedor, ideal para disfrutar en familia o con amigos. El piso incluye plaza de garaje, ascensor y acceso a completas zonas comunes con piscina, pistas deportivas y áreas ajardinadas, perfectas para el ocio y el descanso. Vivienda de renta libre, ideal tanto para vivir como para invertir en una zona con alta demanda. No dejes pasar esta oportunidad única en una ubicación inmejorable. Este anuncio no es vinculante, puede contener errores y se muestra a título informativo y no contractual. *.",True,good,False,True,2765.0,False,True,False,False,[],False,False,259900.0,€,True,True,flat,"Hispanoamérica - Comunidades, Valdemoro",Piso en calle Libertad,Destacado,,,,,
108522921,https://img4.idealista.com/blur/480_360_mq/0/id.pro.es.image.master/d6/08/51/1347427437.webp,8011,26,bj,380000.0,flat,sale,108.0,True,4,3,calle de Valdecanillas,Madrid,Madrid,San Blas,es,40.4345615,-3.6255981,False,https://www.idealista.com/inmueble/108522921/,"Piso muy luminoso, con 4 habitaciones (dos de ellas con baño completo con ducha en suite ) tres baños, salón con cocina integrada, REFORMA INTEGRAL, listo para entrar a vivir   Ideal para inversores o familias numerosas, Local convertido en piso a pie de calle, con reforma integral de 4 habitaciones y tres baños completos con ducha, de 108m2 totalmente exterior y muy luminoso, situado en el barrio de Simancas, con todos los servicios a tu alcance, comercios, colegios, restaurantes, transporte, metro muy cerca del Parque paraíso a poca distancia del Riyadh Air Metropolitano. Original y acogedora, esta vivienda recién reformada dispone de los siguientes extras que harán de ella una adquisición inigualable: -Puerta de entrada acorazada. -4 habitaciones con armarios empotrados, dos de ellas con baño en suite. -3 baños en total con plato de ducha con mampara y toallero de gas, inodoro y muebles nuevos, todo a estrenar.  -Puertas lacadas en blanco. -Paredes lisas y pintadas en blanco en toda la casa. -Ventanas de climalit blancas oscilobatientes. -Cocina americana integrada en salón con muebles de diseño de gran capacidad y electrodomésticos integrados, lavadora, lavavajillas, frigorífico, vitro y campana - Suelos porcelánicos en toda la casa. Lista para entrar a vivir. ¡Pero aún hay más! Con VIVAHOME no solo te ofrecemos esta magnífica vivienda, sino también una excepcional variedad de servicios adicionales para compradores y propietarios. Con VIVAHOME estas en buenas manos. ¿Necesitas vender para comprar? ¿Estás vendiendo tú piso con hipoteca? , nosotros te ayudamos en todo. Desde la compra de tu casa hasta la coordinación con la venta de tu piso o la gestión de herencias y divorcios. Nuestro equipo profesional está aquí para asesorarte y hacer que todo sea más fácil. No pierdas esta oportunidad única de vivir donde más te gusta. Contáctanos hoy mismo para ampliar la información o para programar una visita. ¡Recibe un trato personal en nuestra oficina! (Atendemos en toda la Comunidad de Madrid) SACAMOS EL MEJOR PARTIDO A TU PRESUPUESTO. Pregúntanos por nuestro exclusivo Servicio Integral de Proyecto y Reformas, una solución profesional llave en mano.",True,good,False,False,3519.0,True,False,False,False,[],False,False,380000.0,€,,,flat,"Simancas, Madrid",Piso en calle de Valdecanillas,Destacado,Simancas,,,,
108779728,https://img4.idealista.com/blur/480_360_mq/0/id.pro.es.image.master/82/53/35/1355228234.webp,,37,,935000.0,chalet,sale,270.0,,5,3,calle Isabel la Católica,Madrid,Villaviciosa de Odón,Centro,es,40.3611262,-3.9123623,False,https://www.idealista.com/inmueble/108779728/,"**Chalet Pareado en Venta - Ideal para Familias y Inversores** Descubre este espectacular chalet pareado, totalmente reformado y en perfecto estado, que ofrece el equilibrio perfecto entre comodidad y estilo. Con una distribución en tres plantas, este hogar cuenta con un amplio salón-comedor que se conecta directamente al jardín privado, donde podrás disfrutar de momentos de relax en tu propio jacuzzi. La cocina, completamente equipada, tiene acceso a un tendedero, lo que la hace muy funcional. Además, en la planta principal hay una habitación que puede servir como despacho o dormitorio adicional, así como un aseo con ventana. En la primera planta, la suite principal es un verdadero refugio, con baño en suite y bañera, además de un vestidor. Dos dormitorios adicionales con armarios empotrados ofrecen espacio suficiente para toda la familia. Un segundo baño completo con ducha y ventana añade comodidad a esta planta. La planta semisótano es un gran plus, con un amplio garaje para tres coches y un trastero. ¡Incluso hay posibilidad de habilitar un apartamento independiente! Las calidades son excepcionales: tarima de madera natural, aire acondicionado por conductos frío/calor y todas las estancias exteriores garantizan mucha luz natural. La ubicación es inmejorable, junto a la Universidad Europea y con acceso rápido a la M-501. Rodeado de colegios, centros médicos, zonas verdes y comercios, este chalet es perfecto tanto para familias como para aquellos que buscan una inversión segura. No dejes pasar esta oportunidad única de vivir en un entorno privilegiado. ¡Ven a verlo y enamórate!",True,good,False,,3463.0,True,False,False,False,[],False,False,935000.0,€,,,chalet,"Centro, Villaviciosa de Odón",Chalet pareado en calle Isabel la Católica,Destacado,,semidetachedHouse,,,
108189563,https://img4.idealista.com/blur/480_360_mq/0/id.pro.es.image.master/00/8f/bb/1336558601.webp,MON MANUELA ,21,8,244900.0,flat,sale,69.0,True,3,1,calle de los Pedroches,Madrid,Leganés,Zarzaquemada,es,40.3371962,-3.7529117,False,https://www.idealista.com/inmueble/108189563/,"HOGARES LEGANÉS pone a la venta en exclusiva este espectacular piso Piso en venta en Leganés de 69 m², 3 habitaciones, con ascensor. Se vende acogedor piso de 69 m² en buen estado, ubicado en una zona tranquila y bien comunicada de Leganés. La vivienda cuenta con tres habitaciones, ideales para familias, teletrabajo o disponer de espacio adicional. Dispone de calefacción centralizada y aire acondicionado, lo que garantiza confort durante todo el año. El edificio cuenta con ascensor, lo que añade comodidad al día a día. Garaje opcional disponible por 6.500 € adicionales, perfecto para quienes buscan mayor comodidad y seguridad para su vehículo. Una excelente oportunidad para quienes desean vivir en una zona consolidada, con todos los servicios cercanos y buenas conexiones de transporte. Benefíciese de nuestro método de trabajo. Gestionamos la venta de su vivienda, encadenamos todos los plazos, contratos, documentación para escritura pública. Consúltenos sin compromiso. POSIBILIDAD DE HIPOTECAS 100% ESTUDIO DE FINANCIACIÓN GRATUITO CONSÚLTENOS Y CONCIERTE SU VISITA.",False,good,False,True,3549.0,True,True,False,False,[],False,False,244900.0,€,,,flat,"Zarzaquemada, Leganés",Piso en calle de los Pedroches,Destacado,Zarzaquemada,,,,
107902695,https://img4.idealista.com/blur/480_360_mq/0/id.pro.es.image.master/af/e6/63/1327844739.webp,863375,36,bj,199000.0,flat,sale,70.0,True,3,1,calle de la Tierruca,Madrid,Madrid,Puente de Vallecas,es,40.386346,-3.6480845,False,https://www.idealista.com/inmueble/107902695/,"Housfy vende piso en Puente de Vallecas, Madrid, una vivienda luminosa y ubicada en un entorno idóneo para disfrutarlo. Detalles del inmueble: -Planta baja exterior en finca de 1960. - Encantador piso de 70 m2 en Portazgo. (Los metros cuadrados están verificados con la Dirección General de Catastro) - Cálido salón- comedor que te proporcionará el relax diario, creando un precioso y único espacio. - Con una conveniente cocina. -3 habitaciones y baño completo con plato de ducha. No lo dudes más y contacta con nosotros para agendar una visita, conseguiremos la vivienda de tus sueños. Sobre nosotros Housfy es la plataforma integral de servicios inmobiliarios. Nuestra combinación de expertos y tecnología pone al alcance de todo el mundo servicios cómodos, claros y seguros. AICAT número: 7922 Nos encargamos de la gestión y asesoramiento de la compra. ¡Olvídate de todo! Hacemos los trámites por ti. Y, si además necesitas financiación, ponemos a tu disposición un bróker hipotecario para ayudarte a conseguir las mejores condiciones para tu perfil económico. ¿Tienes alguna duda? Pregúntanos sin compromiso o visítanos en housfy. com.",False,good,False,True,2843.0,True,True,False,False,[],False,False,199000.0,€,,,flat,"Portazgo, Madrid",Piso en calle de la Tierruca,Destacado,Portazgo,,,,
108518084,https://img4.idealista.com/blur/480_360_mq/0/id.pro.es.image.master/f2/98/d1/1347292944.webp,8376,41,4,189000.0,flat,sale,87.0,True,2,1,avenida de la Constitución,Madrid,Coslada,Coslada Pueblo,es,40.424756,-3.5644673,False,https://www.idealista.com/inmueble/108518084/,"Hminmobiliaria tiene Tú PISO, COSLADA, de 2 dormitorios, 4ª planta SIN ascensor! Buen estado! Muy LUMINOSO! ¡TÚ PROPIEDAD por MENOS de un ALQUILER! COMPRA tú PISO y OLVIDATE del ALQUILER! VER VIDEO! 100% FINANCIACIÓN! SIN ENTRADA! SIN COMISIONES! SIN AVALES! Buena opción como PRIMERA VIVIENDA o como INVERSIÓN! Solo con tus INGRESOS y los gastos de escrituras! NADA mas! 8376 - 2 dormitorios salón-comedor, cocina amueblada con tendedero, baño con plato de ducha.  La ubicación es magnífica con todos los servicios de comercios, colegios, institutos, farmacia, a muy poca distancia  Muy bien comunicado con transporte público, a SOLO 7-8 min de la estación de RENFE de Coslada y varias lineas de autobuses.  ¡ NO te COBRAMOS COMISIÓN, NI por la VENTA de la VIVIENDA NI por la TRAMITACIÓN del PRÉSTAMO! Solo tienes que disponer de los gastos de escritura y el resto te lo financia el banco hasta el 100% del valor de la compra. Cada cliente es ÚNICO, cada Compra es ÚNICA, cada Vivienda es ÚNICA. ¡En proceso de PUJA! 100%! FINANCIACIóN! SIN ENTRADA! Sin COMISIONES, NI por la VENTA, NI por la TRAMITACION de la venta NI del préstamo! Solo con TUS INGRESOS y los gastos de escrituras! NADA mas! HMInmobiliaria convirtiendo desde 1.989 los SueÑoS en HoGaReS!",True,good,False,False,2172.0,True,False,False,False,[],False,False,189000.0,€,,,flat,"Coslada Pueblo, Coslada",Piso en avenida de la Constitución,Destacado,,,,,
108688736,https://img4.idealista.com/blur/480_360_mq/0/id.pro.es.image.master/c1/ee/7d/1352202273.webp,,19,2,229900.0,flat,sale,111.0,True,3,1,"avenida de Madrid, 15",Madrid,Sevilla la Nueva,,es,40.3503712,-4.0279075,True,https://www.idealista.com/inmueble/108688736/,"CAPITAL HOME VENDE EN EXCLUSIVA  Este espectacular piso de 3 habitaciones, ubicado en una excepcional urbanización, es el lugar ideal para disfrutar de la vida en familia. Con una superficie construida de 111 m², cada rincón está diseñado para ofrecer comodidad y luminosidad. La amplia cocina es perfecta para los amantes de la gastronomía, y el acogedor salón se abre a una terraza donde podrás relajarte y disfrutar del aire fresco. Imagina pasar tus días en una urbanización que cuenta con piscina y jardines, ideal para disfrutar del sol y los momentos de ocio. Además, la ubicación es inmejorable: a pocos pasos de la plaza del pueblo, rodeado de comercios y con una parada de bus a tan solo 20 metros, tendrás todo lo que necesitas a tu alcance. Este piso, en buen estado y adaptado para personas con movilidad reducida, incluye una plaza de garaje en el precio, lo que añade un valor extra a esta magnífica propiedad. Con calefacción eléctrica y aire acondicionado, estarás siempre cómodo en cualquier época del año. No dejes pasar la oportunidad de vivir en este maravilloso hogar. ¡Contáctanos para más información y ven a verlo!",False,good,False,False,2071.0,False,False,False,False,[],False,False,229900.0,€,True,True,flat,Sevilla la Nueva,"Piso en avenida de Madrid, 15",Destacado,,,,,
106924363,https://img4.idealista.com/blur/480_360_mq/0/id.pro.es.image.master/68/40/a5/1305329986.webp,PR99559132,66,,597000.0,chalet,sale,412.0,,15,2,calle del Barranco Alto,Madrid,Chinchón,,es,40.1388905,-3.4208429,False,https://www.idealista.com/inmueble/106924363/,"Casa Señorial situada en C/Barranco Alto nº 2 en Chinchón (Madrid). Denominado antiguamente como casa alta y considerada como tipología de casa señorial en el libro “Arquitectura y Desarrollo Urbano” (Tomo XI comunidad de Madrid) situada en el suelo Urbano dentro del Conjunto Histórico de Chinchón. La orientación del inmueble con respecto a los ejes cardinales es la siguiente: La fachada está orientada hacia el Este, el fondo de la finca hacia el oeste, la medianera cuesta abajo hacia el Norte y la medianera cuesta arriba hacia el Sur. El edificio esta configurado de la siguiente manera: Dispone de una planta baja común, donde arrancan dos escaleras de acceso (una principal y otra secundaria a planta primera). Planta Baja, se accede desde puerta principal de fachada adintelada en piedra caliza de una sola pieza y tallada en la misma el escudo Heráldico que le imprime carácter a esta señorial vivienda con una gran historia de su Ayer. Una vez pasado el umbral de la puerta de acceso nos encontramos en un zaguán de entrada con pozo y arranque de escalera principal por la cual se accede a planta primera por su lado izquierdo. A la derecha nos encontramos con una habitación con ventana a la calle principal y dividida en dos estancias. Siguiendo el recorrido de entrada en su lado izquierdo nos encontramos con un almacén con cuarto de baño, cocina con chimenea, un corredor, un patio en su lado derecho, un almacén con cuadra y un patio trasero en fachada posterior. Frente al patio del pasillo de planta baja dispone de una escalera secundaria que da acceso a una estancia superior independiente de la planta primera de la escalera principal. La planta primera consta de tramo y desembarco de escalera principal, distribuidor, dos alcobas divididas a su vez en estancias mas pequeñas, un cuarto de baño, una gran cocina con techos altos y otra cocina con chimenea, otra alcoba que da a fachada principal dividida en dos estancias accediendo desde la escalera secundaria.  Dispone de una escalera que da acceso a la planta segunda donde nos encontramos amplias y magnificas cámaras donde la estructura de madera de la cubierta queda vista desde su interior. Si te gusta el ayer, ahora es el momento de ver esta magnífica vivienda. Llámame y agendamos una visita. No dejes pasar esta oportunidad, te enamoraras a primera vista en la primera visita. La fidelidad con nuestros clientes y la excelencia en nuestro trabajo es la garantía de nuestro éxito.",False,good,False,,1449.0,False,False,False,False,[],False,False,597000.0,€,,,chalet,Chinchón,Casa independiente en calle del Barranco Alto,Destacado,,independantHouse,,,
108260136,https://img4.idealista.com/blur/480_360_mq/0/id.pro.es.image.master/1d/ec/ab/1338776778.webp,,31,bj,515000.0,flat,sale,58.0,True,1,1,"calle de El Españoleto, 8",Madrid,Madrid,Chamberí,es,40.431125,-3.6962024,True,https://www.idealista.com/inmueble/108260136/,"De Rojas Servicios Inmobiliarios, pone a su disposición apartamento en la zona de Chamberi-Almagro, una de las mejores zonas prime de la ciudad de Madrid. Escriturado como Tienda y que también consta de vivienda, (Según nota registral), tramitándose en el catastro el uso de comercial a uso de vivienda. Apartamento de 1 dormitorio con armario empotrado de 3 cuerpos totalmente vestido, cocina amueblada con electrodomésticos de alta gama, salón y cuarto de baño. Calidades, pintura lisa, suelos de tarima, ventanas de aluminio lacado oscilobatientes, puertas de madera lacadas en blanco, suelos de cocina y baño porcelánicos, aire acondicionado por split, en el dormitorio y salón, agua caliente por termo eléctrico.  No dude en llamarnos para concertar una visita.",True,good,False,True,8879.0,True,False,True,False,[],False,False,515000.0,€,,,flat,"Almagro, Madrid","Piso en calle de El Españoleto, 8",Destacado,Almagro,,,,
108884658,https://img4.idealista.com/blur/480_360_mq/0/id.pro.es.image.master/32/0e/ab/1357911476.webp,FA15,36,,468500.0,chalet,sale,154.0,,3,2,calle de Fernando Álvarez,Madrid,El Escorial,Centro,es,40.5813415,-4.1255725,False,https://www.idealista.com/inmueble/108884658/,"Encanto Tradicional y Potencial Moderno en el Corazón de El Escorial Spacio4 Luxury Homes presenta este encantador chalet adosado de tres plantas en El Escorial, una joya residencial que combina el carácter de un entorno histórico con las posibilidades de crear un hogar moderno y acogedor. Ubicado en una de las zonas más consolidadas y mejor conectadas del municipio, este inmueble ofrece calidad de vida, amplitud y un excelente potencial de reforma. Un entorno natural con conexión directa a Madrid Situado a pocos minutos de la estación de tren de El Escorial y de paradas de autobús con servicio directo a Madrid, este chalet permite disfrutar de un estilo de vida tranquilo sin renunciar a la conectividad. El barrio, residencial y tradicional, está experimentando una renovación generacional con la llegada de familias jóvenes que valoran su cercanía a servicios, colegios, comercios, bancos, parques y restaurantes. Distribución funcional en tres plantas Con 154 m² construidos y estancias amplias y luminosas, la vivienda se distribuye cómodamente en tres niveles, adaptándose perfectamente al día a día de una familia. • 3 dormitorios luminosos, ideales para familias o teletrabajo. • 2 baños completos, distribuidos estratégicamente en las diferentes plantas. • Salón principal con chimenea, acogedor y con salida directa a la terraza y al jardín. • Cocina con posibilidad de ampliación, gracias a su conexión con la terraza cubierta. • Terrazas, balcón y jardín, espacios exteriores ideales para relajarse, comer al aire libre o ampliar la vivienda. • Garaje cubierto con capacidad para 2 vehículos. Una propiedad con alma y posibilidades Construido en 1984, este chalet ofrece una excelente base estructural para quien desee actualizarlo o rediseñarlo según sus gustos. La terraza parcialmente cubierta puede integrarse en la vivienda, y las posibilidades de reforma permiten convertir este inmueble en un hogar moderno sin perder su esencia tradicional. El Escorial: Historia, Naturaleza y Proyección Vivir en El Escorial es apostar por la calidad de vida, el contacto con la naturaleza y una excelente conexión con Madrid. Con su rica historia, zonas verdes y servicios de proximidad, esta localidad se consolida como una alternativa ideal para quienes buscan equilibrio entre tranquilidad y comodidad urbana. Tu próximo hogar con potencial está aquí Esta es tu oportunidad para adquirir una vivienda con carácter y adaptarla a tu medida. Contáctanos para más información y para concertar una visita privada. AVISO LEGAL: Este anuncio no incluye los gastos de impuestos, notaría, registro de la propiedad u otros asociados a la compraventa. Las imágenes y descripciones pueden estar sujetas a cambios sin previo aviso.",True,renew,False,,3042.0,False,False,False,False,[],False,False,468500.0,€,True,True,chalet,"Centro, El Escorial",Chalet adosado en calle de Fernando Álvarez,Destacado,,terracedHouse,,,
107991484,https://img4.idealista.com/blur/480_360_mq/0/id.pro.es.image.master/e9/a4/41/1330468973.webp,863734,45,5,257900.0,flat,sale,109.0,True,3,1,calle Potes,Madrid,Madrid,Villaverde,es,40.3504183,-3.7105574,False,https://www.idealista.com/inmueble/107991484/,"Housfy vende piso en Villaverde, Madrid, un espacio para disfrutar en tu día a día. Construido en 1988 en Madrid. Este perfecto piso está formado por 109 m2 construidos. Detalles del inmueble: -5º planta exterior con ascensor en finca de 1988. - Perfecto piso de 109 m2 en San Andrés. (Los metros cuadrados están verificados con la Dirección General de Catastro) - Cómodo salón-comedor que es un lugar perfecto para descansar tras una jornada de trabajo, creando un precioso y único espacio. - Con una apropiada cocina muy completa reformada recientemente. -Muebles de cocina hechos a medida con mecanismos de puertas y cajoneras con autofreno, encimera de granito. -3 habitaciones y baño completo, recientemente reformado.  - Acceso a balcón. - Puerta de entrada de seguridad acorazada. - Disfruta de la opción de armarios empotrados. -Paredes lisas.  - Aire acondicionado y calefacción para todas las estaciones del año. -Renovación de instalaciones de electricidad y fontanería. Sobre la ubicación, si escoges este barrio para vivir tendrás todos los servicios esenciales que necesitarás para tu nueva vida. A escasos metros encontramos: centros educativos, centros de salud, parques, equipamientos deportivos y supermercados, farmacias, entre otros. No lo dudes más y contacta con nosotros para agendar una visita, conseguiremos la vivienda de tus sueños. Sobre nosotros Housfy es la plataforma integral de servicios inmobiliarios. Nuestra combinación de expertos y tecnología pone al alcance de todo el mundo servicios cómodos, claros y seguros. AICAT número: 7922 Nos encargamos de la gestión y asesoramiento de la compra. ¡Olvídate de todo! Hacemos los trámites por ti. Y, si además necesitas financiación, ponemos a tu disposición un bróker hipotecario para ayudarte a conseguir las mejores condiciones para tu perfil económico. ¿Tienes alguna duda? Pregúntanos sin compromiso o visítanos en housfy. com.",False,good,False,True,2366.0,True,True,False,False,[],False,False,257900.0,€,,,flat,"Villaverde Alto, Madrid",Piso en calle Potes,Destacado,Villaverde Alto,,,,
105237840,https://img4.idealista.com/blur/480_360_mq/0/id.pro.es.image.master/00/c9/af/1246152589.webp,,41,,540000.0,chalet,sale,385.0,,5,3,"avenida De Las Rozas, 6",Madrid,Torrelodones,Los Peñascales,es,40.5639021,-3.9046277,True,https://www.idealista.com/inmueble/105237840/,"SIN HONORARIOS DE AGENCIA. La vivienda necesita un acondicionamiento integral, pero tiene muchísimas posibilidades de reforma. Chalet independiente de tres plantas situado en una de las mejores urbanizaciones de Torrelodones, Los Peñascales. La vivienda está construida sobre una magnífica parcela muy cuadrada; por su frente en linea con una superficie de 39,50m, a la derecha entrando con recta de 28,25m a la izquierda con 25 m y al fondo con dos rectas de 20 y 18,25m.  La parcela tiene dos accesos, por la calle del Enebral que tiene acceso a la vivienda desde una magnífica terraza, y desde Avenida de las Rozas 6, donde tiene el acceso al garaje de la planta semisótano. La parcela está arbolada, con diferentes tipos de árboles, zonas ajardinadas, frutales, parras etc. Tiene una estupenda piscina de 12 x 4 m. Sobre la superficie de la parcela se ha construido una vivienda de 385,40 m2, se construyó la planta semisótano y la baja en 1970 y posteriormente se levantó la planta primera en 1990.  Se distribuye de la siguiente manera: Planta semisótano: 132 m2 donde se encuentran varias estancias y el garaje. Esta planta está revestida con mampostería de granito. Planta baja: 132 m2, recibidor, amplio salón comedor con chimenea, cocina, baño y 1 dormitorio. Planta 1ª: 4 dormitorios, 2 baños y un pequeño lavadero. Desde el rellano de esta planta se accede a una enorme terraza con excelentes vistas. Las plantas están comunicadas por una escalera, desde la plana semisótano se accede a la planta baja y desde la baja a la primera con una escalera que llega a un espacio muy luminoso acristalado por donde se accede a una magnífica terraza con impresionantes vistas. La casa necesita una reforma integral pero tiene muchas posibilidades de distribución y se pueden hacer fácilmente espacios diáfanos, ya que no tiene muros de carga; la ventaja es que se puede hacer una reforma al gusto y necesidades de los compradores con un óptimo aprovechamiento interior. IBI 2025: 755,26€ Esta propiedad tiene unas magnificas vistas.",False,renew,False,,1403.0,True,False,False,False,[],False,False,540000.0,€,True,True,chalet,"Salud y Alegría - El Lago, Torrelodones","Casa independiente en avenida De Las Rozas, 6",Destacado,Salud y Alegría - El Lago,independantHouse,,,
108093083,https://img4.idealista.com/blur/480_360_mq/0/id.pro.es.image.master/7d/67/e6/1333597810.webp,870590,29,1,309000.0,flat,sale,56.0,True,1,1,paseo de la Dirección,Madrid,Madrid,Tetuán,es,40.4615095,-3.7090232,False,https://www.idealista.com/inmueble/108093083/,"Housfy vende piso en Tetuán, Madrid. Detalles del inmueble: -1º planta exterior en finca de 1955. - Espléndido piso de 56 m2 en Berruguete. (Los metros cuadrados están verificados con la Dirección General de Catastro) - Práctico salón comedor que es un lugar perfecto para descansar tras una jornada de trabajo, donde disfrutar de tus días. - Con una práctica cocina con todo lo necesario. - Habitación de buen tamaño y baño completo.  - Reformado completamente.  - El confort está garantizado ya que dispone de aire acondicionado y calefacción. - Puerta de entrada de seguridad blindada. - Además dispone de armarios empotrados. - Suelos de parquet. - Muy bien comunicado, a pocos metros de paradas de transporte público. Sobre la ubicación, si escoges este barrio para vivir tendrás todos los servicios esenciales que necesitarás para tu nueva vida. A escasos metros encontramos: centros educativos, centros de salud, parques, equipamientos deportivos y supermercados, farmacias, entre otros. No lo dudes más y contacta con nosotros para agendar una visita, conseguiremos la vivienda de tus sueños. Sobre nosotros Housfy es la plataforma integral de servicios inmobiliarios. Nuestra combinación de expertos y tecnología pone al alcance de todo el mundo servicios cómodos, claros y seguros. AICAT número: 7922 Nos encargamos de la gestión y asesoramiento de la compra. ¡Olvídate de todo! Hacemos los trámites por ti. Y, si además necesitas financiación, ponemos a tu disposición un bróker hipotecario para ayudarte a conseguir las mejores condiciones para tu perfil económico. ¿Tienes alguna duda? Pregúntanos sin compromiso o visítanos en housfy. com.",False,good,False,False,5518.0,True,True,False,False,[],False,False,309000.0,€,,,flat,"Berruguete, Madrid",Piso en paseo de la Dirección,Destacado,Berruguete,,,,
108719675,https://img4.idealista.com/blur/480_360_mq/0/id.pro.es.image.master/15/be/c5/1353325172.webp,BAJO EM,19,bj,169900.0,flat,sale,55.0,True,1,1,calle Coronel de Palma,Madrid,Móstoles,Suroeste,es,40.3182448,-3.8729203,False,https://www.idealista.com/inmueble/108719675/,"¡Tu Nuevo Hogar Espera por Ti! Descubre este encantador piso en planta baja, actualizado y listo para entrar a vivir, ubicado en el corazón de Móstoles. Con una superficie de 55 m², este hogar cuenta con un amplio dormitorio con vestidor que ofrece el espacio perfecto para descansar y disfrutar. El baño en suite grande aporta comodidad y luminosidad a tu día a día. La vivienda cuenta con un amplio salón-comedor, perfecto para relajarse o recibir visitas, con excelente iluminación natural gracias a sus ventanales La ubicación es inmejorable: a solo 5 minutos del Metro de Móstoles Pradillo, lo que garantiza una excelente conexión con el resto de la ciudad. Además, tendrás a tu alcance centros de salud y diversas zonas comerciales, facilitando todas tus gestiones diarias. También hay paradas de autobús cercanas y una variada oferta de ocio y hostelería en la zona, ideal para disfrutar de tu tiempo libre. Este piso es perfecto para parejas que buscan su primer hogar, y cuenta con acceso adaptado para personas con movilidad reducida. Disfruta de la calefacción eléctrica y el aire acondicionado que te brindarán confort durante todo el año. Con una orientación inmejorable, la vivienda se beneficia de luz natural durante las mañanas. ¡No dejes pasar esta oportunidad y ven a visitarlo!",True,good,False,False,3089.0,True,True,False,False,[],False,False,169900.0,€,,,flat,"Suroeste, Móstoles",Piso en calle Coronel de Palma,Destacado,,,,,
108226757,https://img4.idealista.com/blur/480_360_mq/0/id.pro.es.image.master/fb/c0/2e/1337709216.webp,,17,2,360000.0,flat,sale,38.0,False,1,1,calle de San Lorenzo,Madrid,Madrid,Centro,es,40.4266855,-3.699304,False,https://www.idealista.com/inmueble/108226757/,"Ubicado en una clásica corrala en pleno Alonso Martínez, este piso de un dormitorio ha sido reformado con mimo y ofrece una combinación poco habitual de localización central, calidad arquitectónica y tranquilidad. Diseñado por su propietaria arquitecta, el apartamento destaca por sus líneas limpias, acabados a medida y una orientación este-sureste que garantiza luz natural durante toda la mañana y parte de la tarde. Situado en una segunda planta, el piso disfruta de vistas abiertas a un amplio patio interior —más luminoso y espacioso que muchas viviendas exteriores de la zona. Un oasis de calma con una ubicación privilegiada, a pasos de Tribunal, Chueca y Chamberí, y con acceso inmejorable a lo mejor de Madrid.",False,good,False,False,9474.0,True,False,False,False,[],False,False,360000.0,€,,,flat,"Chueca-Justicia, Madrid",Piso en calle de San Lorenzo,Destacado,Chueca-Justicia,,,,
108707473,https://img4.idealista.com/blur/480_360_mq/0/id.pro.es.image.master/d3/48/bb/1352748849.webp,,26,4,880000.0,flat,sale,130.0,True,3,3,calle de Ardemans,Madrid,Madrid,Barrio de Salamanca,es,40.4346405,-3.674266,False,https://www.idealista.com/inmueble/108707473/,"Exclusiva vivienda de lujo reformada en el corazón del distrito de Salamanca – Sin comisión para el comprador Urbantec Realty presenta esta magnífica vivienda exterior, ubicada en la prestigiosa calle Ardemans, en una de las zonas más codiciadas del barrio de Salamanca. Situada en una cuarta planta exterior, esta propiedad ofrece un sinfín de posibilidades gracias a su excelente distribución y su gran luminosidad. Con una superficie de 130 m², la vivienda cuenta con amplios espacios y mucho potencial para convertirse en un hogar de ensueño. La zona de descanso dispone de tres dormitorios de generosas dimensiones. El dormitorio principal incluye un elegante baño en suite, mientras que los otros dos dormitorios tienen acceso a dos baños completos adicionales, ideales para la comodidad de toda la familia o de los invitados. El amplio salón-comedor, con grandes ventanales al exterior, destaca por su luminosidad y amplitud, brindando un ambiente acogedor y con múltiples posibilidades de reforma. La cocina, independiente, ofrece también un gran espacio para adaptarse a cualquier diseño moderno y funcional. Todo ello en una ubicación privilegiada, rodeada de comercios, restaurantes, colegios y con excelentes conexiones de transporte público. Vivir en la calle Ardemans es disfrutar de tranquilidad sin renunciar a los servicios de uno de los barrios más exclusivos y mejor conectados de Madrid. Y lo mejor de todo: en Urbantec Realty no cobramos comisión al comprador. Porque creemos que el lujo empieza desde el primer momento.",True,good,False,True,6769.0,True,False,False,False,[],False,False,880000.0,€,True,True,flat,"Guindalera, Madrid",Piso en calle de Ardemans,Destacado,Guindalera,,,,
108088559,https://img4.idealista.com/blur/480_360_mq/0/id.pro.es.image.master/8a/8d/3a/1335992805.webp,c54c8860-a1f9-463a-aea9-b4d92a334731,5,,805000.0,flat,sale,185.0,True,4,3,calle Andrés Torrejón,Madrid,Madrid,Retiro,es,40.4072494,-3.6828628,False,https://www.idealista.com/inmueble/108088559/,"Se vende la nuda propiedad de una vivienda exclusiva ubicada en la calle Andrés Torrejón, en el distrito de Retiro, una de las zonas más valoradas de Madrid. La propiedad cuenta con un inquilino de 93 años que mantiene el usufructo vitalicio del inmueble. El piso se sitúa en una planta alta, con vistas privilegiadas al parque del Retiro, lo que le confiere una luminosidad excepcional y un entorno único. La superficie total es de 185 m² y se distribuye actualmente en cuatro dormitorios, tres cuartos de baño, un amplio salón-comedor con grandes ventanales y una cocina independiente. La vivienda necesita reforma, ofreciendo múltiples posibilidades para actualizarla y revalorizarla. Ubicado en una calle tranquila y arbolada, a escasos metros del Retiro, este piso ofrece la combinación perfecta entre exclusividad, ubicación céntrica y calidad de vida. El barrio cuenta con todos los servicios necesarios, excelentes conexiones de transporte público y una amplia oferta cultural, gastronómica y comercial. Una oportunidad singular de inversión a largo plazo, en uno de los enclaves más emblemáticos y cotizados de la capital. Para más información sobre condiciones y detalles de la operación, no dudes en consultarnos. El barrio de Jerónimos es, seguramente, el barrio más representativo y exclusivo de Madrid, situándose en el centro de la capital. Limita al este con las dos zonas verdes más conocidas de la capital: el Real Jardín Botánico y el parque del Retiro, con su lago, sus múltiples paseos interiores, estanques y frondosas arboledas. Son numerosos los monumentos y centros artísticos que encontramos en la zona, desde la puerta de Alcalá, pasando por las famosas plazas de Cibeles, Neptuno y de la Lealtad, hasta llegar al célebre Museo del Prado. Son también muchas las instituciones públicas que tienen su sede en este barrio, como el bellísimo Palacio de Comunicaciones del Ayuntamiento de Madrid, la Bolsa de Madrid o el Cuartel General de la Armada. La zona cuenta de igual forma con establecimientos hoteleros y de restauración del máximo nivel, como el Hotel Ritz o el conocido restaurante Horcher. El barrio dispone de las mejores comunicaciones, sumando al gran servicio de transportes de la ciudad (con el Metro y las líneas de autobús) la estación de Atocha, central del servicio de trenes de alta velocidad AVE así como de trenes de cercanías.",False,good,False,True,4351.0,False,False,False,False,[],False,False,805000.0,€,,,flat,"Jerónimos, Madrid",Piso en calle Andrés Torrejón,Destacado,Jerónimos,,,,
107525220,https://img4.idealista.com/blur/480_360_mq/0/id.pro.es.image.master/07/26/52/1329721138.webp,EXP09270,18,2,840000.0,flat,sale,103.0,True,3,2,plaza de San Miguel,Madrid,Madrid,Centro,es,40.4147723,-3.7076772,False,https://www.idealista.com/inmueble/107525220/,"¡Vive el encanto del Madrid histórico: Piso en Plaza de San Miguel! Rodeado de historia en una de las zonas más emblemáticas de la capital. Este piso único, a tan solo unos pasos del Mercado de San Miguel y la Plaza Mayor, es ideal tanto para vivir como para invertir. ✔️ Edificio clásico con encanto ✔️ Techos altos y buena luz natural ✔️ Ubicación prime con todos los servicios a pie de calle ✔️ Perfectamente conectado: metro, autobuses y parkings cercanos Una joya en el centro para quien busca un estilo de vida vibrante, con historia y rentabilidad a largo plazo. Presentamos este magnífico piso de 103 m² construidos, ubicado en la emblemática zona de la Plaza de San Miguel, en pleno centro de Madrid. Esta vivienda combina a la perfección el encanto histórico de su construcción original de 1880 con las comodidades modernas tras una reforma integral en 1994. Características destacadas: Amplia distribución: El piso cuenta con tres dormitorios espaciosos, ideales para familias o como inversión para alquiler turístico. Luminosidad y vistas: Dos balcones exteriores ofrecen vistas encantadoras de la zona y permiten la entrada de abundante luz natural. Comodidades modernas: Edificio con ascensor, facilitando el acceso a la vivienda situada en una planta con mucha luz y amplios ventanales Espacio exterior privado: Un exclusivo patio interior de 17 m², perfecto para crear una acogedora terraza donde disfrutar de momentos al aire libre en plena ciudad. Acabados de calidad: Suelos de parquet que aportan calidez y elegancia, junto con ventanas de aluminio que aseguran un excelente aislamiento térmico y acústico. Ubicación inmejorable: Situado en la Plaza de San Miguel, este piso se encuentra en una de las zonas más cotizadas de Madrid. A pocos pasos del famoso Mercado de San Miguel, la Plaza Mayor y una amplia oferta gastronómica y cultural. Además, la excelente conexión con transporte público facilita el acceso a cualquier punto de la ciudad. Oportunidad de inversión: Gracias a su ubicación privilegiada y características, esta propiedad es ideal para quienes buscan una inversión rentable en el mercado de alquiler turístico en Madrid. No pierda la oportunidad de visitar este exclusivo piso que combina historia, modernidad y una ubicación excepcional. Para más información y concertar una visita, no dude en contactarnos.",False,good,False,True,8155.0,True,False,False,False,[],False,False,840000.0,€,,,flat,"Palacio, Madrid",Piso en plaza de San Miguel,Destacado,Palacio,,,,
108427196,https://img4.idealista.com/blur/480_360_mq/0/id.pro.es.image.master/b0/96/67/1344550884.webp,873003,54,1,990000.0,flat,sale,123.0,True,2,2,calle de Arturo Soria,Madrid,Madrid,Ciudad Lineal,es,40.4466528,-3.6461751,False,https://www.idealista.com/inmueble/108427196/,"Housfy vende piso en Ciudad Lineal, Madrid, una vivienda luminosa y ubicada en un entorno idóneo para disfrutarlo. Características: - 1º planta exterior con ascensor en urbanización construida en 2003. - Fabuloso piso de 123 m2 en San Pascual. (Los metros cuadrados están verificados con la Dirección General de Catastro) - Confortable salón comedor con amplio espacio de luz natural, donde disfrutar de tus días. - Acceso a terraza de buen tamaño. - Cocina independiente con todo lo necesario y acceso a zona de despensa/tendedero. - Sistema de calefacción por gas natural y aire acondicionado por conductos. - 2 habitaciones de buen tamaño y 2 baños completos. Habitación principal con baño en suite y acceso a terraza privada. - Además dispone de armarios empotrados. - Suelos de tarima - Carpintería interior en roble macizo.  - Carpintería exterior oscilobatiente con rotura de puente térmico - Este piso cuenta también con un útil trastero y plaza de garaje incluida. También dispone de trastero comunitario - Piscina comunitaria para practicar un de los deportes más completos. - Además de un adecuado jardín comunitario. Sobre la ubicación, si escoges este barrio para vivir tendrás todos los servicios esenciales que necesitarás para tu nueva vida. A escasos metros encontramos: centros educativos, centros de salud, parques, equipamientos deportivos y supermercados, farmacias, entre otros. No lo dudes más y contacta con nosotros para agendar una visita, conseguiremos la vivienda de tus sueños. Sobre nosotros Housfy es la plataforma integral de servicios inmobiliarios. Nuestra combinación de expertos y tecnología pone al alcance de todo el mundo servicios cómodos, claros y seguros. AICAT número: 7922 Nos encargamos de la gestión y asesoramiento de la compra. ¡Olvídate de todo! Hacemos los trámites por ti. Y, si además necesitas financiación, ponemos a tu disposición un bróker hipotecario para ayudarte a conseguir las mejores condiciones para tu perfil económico. ¿Tienes alguna duda? Pregúntanos sin compromiso o visítanos en housfy. com.",False,good,False,True,8049.0,True,True,False,False,[],False,False,990000.0,€,True,True,flat,"San Pascual, Madrid",Piso en calle de Arturo Soria,Destacado,San Pascual,,,,
103452643,https://img4.idealista.com/blur/480_360_mq/0/id.pro.es.image.master/47/28/de/1249648026.webp,110117,37,,380000.0,chalet,sale,185.0,,5,3,calle San José,Madrid,Collado Villalba,Carlos Ruiz,es,40.6299053,-4.0130978,False,https://www.idealista.com/inmueble/103452643/,"¡ CHALET INDEPENDIENTE EN EL CENTRO DE COLLADO VILLALBA! GRUPO CASA10 NO COBRA HONORARIOS AL COMPRADOR Son 185 m2 construidos en una parcela de 244 m2, consta de planta baja en la que nos encontramos, jardín con barbacoa, pérgola cubierta, cuarto de caldera y trastero y al acceder a la vivienda dispone de hall de entrada, amplio salón con zona de comedor, cocina con office que antes ha sido habitación y baño completo con plato de ducha. En la planta superior tenemos cuatro habitaciones, la principal en suite con baño completo con plato de ducha y un amplio vestidor y otro baño completo con plato de ducha que da servicio a las otras tres habitaciones. La calefacción y el agua caliente son por gasoil, con depósito de 720 litros. Las ventanas son de aluminio doble cristal con mosquiteras y contraventanas y rejas en la planta baja. Puertas de madera blanca y suelo de tarima gris. La cocina y los baños tienen cañerías cambiadas en el año 2022. Tres de las cuatro habitaciones disponen de aire acondicionado. Casa super céntrica a escasos cinco minutos del Centro Comercial Planetocio y del Carrefour del centro comercial Los Valles, al lado de farmacias, supermercados, colegios, restaurantes y todo tipo de tiendas. Muy cerca de la estación de cercanías y de autobuses tanto urbanos como interurbanos, estos últimos con una gran frecuencia y a escasos cuarenta minutos del intercambiador de Moncloa. Rápida salida a la A VI, autovía Madrid A Coruña. Collado Villalba dispone de todos los servicios de una gran ciudad, pero con el encanto de un pueblo de la sierra y es la entrada al Parque Nacional de la Sierra de Guadarrama. Inmobiliaria Grupo Casa10 Collado Villalba referencia 110117.",True,good,False,,2054.0,True,False,False,False,[],False,False,380000.0,€,,,chalet,"Carlos Ruiz, Collado Villalba",Casa independiente en calle San José,Destacado,,independantHouse,,,
108380999,https://img4.idealista.com/blur/480_360_mq/0/id.pro.es.image.master/30/36/70/1342406900.webp,884236,31,4,610000.0,flat,sale,80.0,True,2,2,calle del Noviciado,Madrid,Madrid,Centro,es,40.4249324,-3.7070066,False,https://www.idealista.com/inmueble/108380999/,"Housfy vende piso en Centro, Madrid, una vivienda luminosa y ubicada en un entorno idóneo para disfrutarlo. ¡Oportunidad de multiplicar rentabilidad! Inmueble dividido en 2 pisos completamente equipados e independientes.  Características: - 4º planta exterior sin ascensor en finca de 1900. - Maravilloso piso de 80 m2 en Malasaña-Universidad. (Los metros cuadrados están verificados con la Dirección General de Catastro) - Actualmente esta dividido en dos viviendas completas. - Ambas viviendas cuentan con salón comedor y cocina tipo americana. - Habitación doble y baño completo. - Posibilidad de incluir los muebles. - Puerta de entrada de seguridad blindada. Sobre la ubicación, si escoges este barrio para vivir tendrás todos los servicios esenciales que necesitarás para tu nueva vida. A escasos metros encontramos: centros educativos, centros de salud, parques, equipamientos deportivos y supermercados, farmacias, entre otros. No lo dudes más y contacta con nosotros para agendar una visita, conseguiremos la vivienda de tus sueños. Sobre nosotros Housfy es la plataforma integral de servicios inmobiliarios. Nuestra combinación de expertos y tecnología pone al alcance de todo el mundo servicios cómodos, claros y seguros. AICAT número: 7922 Nos encargamos de la gestión y asesoramiento de la compra. ¡Olvídate de todo! Hacemos los trámites por ti. Y, si además necesitas financiación, ponemos a tu disposición un bróker hipotecario para ayudarte a conseguir las mejores condiciones para tu perfil económico. ¿Tienes alguna duda? Pregúntanos sin compromiso o visítanos en housfy. com.",False,good,False,False,7625.0,True,True,False,False,[],False,False,610000.0,€,,,flat,"Malasaña-Universidad, Madrid",Piso en calle del Noviciado,Destacado,Malasaña-Universidad,,,,
108577057,https://img4.idealista.com/blur/480_360_mq/0/id.pro.es.image.master/95/79/38/1348940939.webp,LCM37364,36,1,249900.0,flat,sale,85.0,True,2,1,calle Puerto Lápice,Madrid,Madrid,Villaverde,es,40.3459682,-3.7139916,False,https://www.idealista.com/inmueble/108577057/,"La Casa Agency pone a la venta este magnífico piso reformado con plaza de garaje en la zona de Villaverde Alto. La vivienda está situada en una 1º planta SIN ASCENSOR y consta de 85 m2 construidos, distribuidos en hall, salón-comedor, 2 dormitorios (antes 3), cocina independiente, baño con plato de ducha y terraza. Aparte cuenta con una plaza de garaje a escasos metros de la vivienda. Paredes de gotelé, ventanas de climalit y suelos de tarima y gres. Dispone de calefacción a través de acumuladores de calor y agua caliente por termo eléctrico. También dispone de aire acondicionado con bomba de calor en salón-comedor y habitación principal. ORIENTACIÓN DOBLE NORESTE-SUROESTE VENTANAS CLIMALIT. PUERTA BLINDADA Ubicado en pleno corazón de Villaverde Alto, este piso se encuentra a tan solo 10 minutos andando de la estación de Renfe Cercanías (línea C4) y de la estación de Metro Villaverde Alto (línea 3) y también de la estación de Renfe Alberto Alcocer (línea C5) a 2 minutos más. Acceso directo a M-40 y A-42, lo que te permite desplazarte rápidamente a cualquier punto de Madrid. Zona con todos los servicios, como supermercados, farmacias, colegios, institutos y centro de salud y mercado municipal. Aparte cuenta con zonas verdes y parques cercanos como el parque Planta y Castañar. Por tanto, si buscas una vivienda lista para entrar a vivir, con una excelente ubicación, con plaza de garaje y rodeada de todos los servicios, esta será la elegida. HORARIO DE ATENCIÓN: De lunes a viernes: 10:00h-14:00h y 17:00h-20:30h. Sábados: 10:00h-14:00h. *Además, si quieres conocer el valor de tu vivienda, contáctanos y te haremos una valoración SIN COMPROMISO y GRATUITO.",True,good,False,False,2940.0,True,False,True,False,[],False,False,249900.0,€,True,True,flat,"Villaverde Alto, Madrid",Piso en calle Puerto Lápice,Destacado,Villaverde Alto,,,,
104963427,https://img4.idealista.com/blur/480_360_mq/0/id.pro.es.image.master/df/19/38/1237498565.webp,VM2405049,6,1,750000.0,flat,sale,91.0,False,2,1,calle del Barco,Madrid,Madrid,Centro,es,40.423157,-3.7009066,False,https://www.idealista.com/inmueble/104963427/,PISO EN PROCESO DE REFORMA EN MALASAÑA.  La vivienda cuenta con  dos habitaciones y dos cuartos de baño en proceso de reforma. La vivienda se encuentra en una primera planta y tiene techos altos y grandes ventanales que dan a un patio luminoso y agradable. ¿Te imaginas vivir aquí?  Contacte con nosotros para ver más inmuebles similares.,False,good,False,False,8242.0,True,False,False,False,[],False,False,750000.0,€,,,flat,"Malasaña-Universidad, Madrid",Piso en calle del Barco,Destacado,Malasaña-Universidad,,,,
108653600,https://img4.idealista.com/blur/480_360_mq/0/id.pro.es.image.master/96/f3/90/1351995731.webp,BAJO A ESTRENAR CRISTINA ,22,bj,179900.0,flat,sale,61.0,True,2,1,calle Logroño,Madrid,Móstoles,Centro,es,40.3213483,-3.8716037,False,https://www.idealista.com/inmueble/108653600/,"¡Descubre tu nuevo hogar en el corazón de Móstoles!  Este acogedor piso de 61m² te ofrece todo lo que necesitas para vivir cómodamente.  Ubicado en una planta BAJA A ESTRENAR cuenta con dos dormitorios y un baño con moderno con plato ducha. La vivienda cuenta con un salón comedor luminoso con acceso a la cocina americana y un amplio salon-comedor.  La ubicación es inmejorable: a solo 3 MINUTOS del Metro Pradillo y a 7 minutos de la estación de Renfe Móstoles Central, tendrás excelente conexión con el resto de la ciudad. Además, estarás cerca de centros de salud, zonas comerciales, paradas de autobús y una variada oferta de ocio y hostelería.   ¡Contáctanos rápidamente o visitanos en nuestra oficina situada en la Av. Dos de Mayo 59 para más información y no pierdas la oportunidad de visitar este piso en buen estado que podría convertirse en tu nuevo hogar! POSIBILIDAD DE FINANCIACIÓN AL 100% GRACIAS A NUESTRO DEPARTAMENTO FINANCIERO FINANHOGAR!",True,good,False,False,2949.0,True,True,False,False,[],False,False,179900.0,€,,,flat,"Centro, Móstoles",Piso en calle Logroño,Destacado,,,,,
108353612,https://img4.idealista.com/blur/480_360_mq/0/id.pro.es.image.master/33/d5/d3/1341593315.webp,LCM36740,50,bj,295000.0,flat,sale,97.0,True,3,1,calle Lebreles,Madrid,Madrid,Carabanchel,es,40.3691093,-3.752733,False,https://www.idealista.com/inmueble/108353612/,"En La Casa Agency te presentamos esta magnífica vivienda exterior ubicada en una de las zonas más demandadas del distrito de Carabanchel - Buenavista, ideal tanto para familias como para quienes buscan comodidad, buena comunicación y todos los servicios al alcance. Situada en una planta baja con ascensor, esta propiedad de 97 m² construidos está diseñada para ofrecer confort, funcionalidad y luz natural en cada rincón. Distribuido de forma funcional y equilibrada, cuenta con: 3 dormitorios, con armarios empotrados, salón-comedor amplio, muy luminoso gracias a su orientación exterior, cocina independiente equipada con salida directa a un patio y un baño completo con plato de ducha. Esta vivienda se encuentra en muy buen estado de conservación, lista para entrar a vivir. Además, dispone de: Calefacción individual por gas natural Aire acondicionado en el salón y en uno de los dormitorios Suelo de parquet y ventanas climalit, que garantizan aislamiento térmico y acústico Puerta blindada y videoportero para mayor seguridad y tranquilidad INCLUYE PLAZA DE GARAJE Y TRASTERO. A tan solo 5 minutos a pie del metro Carabanchel Alto (Línea 11) y con fácil acceso a múltiples líneas de autobús, esta vivienda se encuentra perfectamente conectada con el centro de Madrid y otros puntos clave de la ciudad. Está rodeado de todos los servicios necesarios para la vida diaria y el ocio: supermercados y tiendas de barrio, colegios, instalaciones deportivas y gimnasios, restaurantes y zonas de ocio, zonas verdes y parques, etc ¡Contáctanos para concertar una visita y descubrir tu nuevo hogar! ¡En La Casa Agency estaremos encantados de atenderte! HORARIO DE ATENCIÓN: De lunes a viernes: 10:00h-14:00h y 17:00h-20:30h. Sábados: 10:00h-14:00h. *Además, si quieres conocer el valor de tu vivienda, contáctanos y te haremos una valoración SIN COMPROMISO y SIN COSTE. **NOTA: este anuncio no es vinculante; puede contener errores y se muestra a título informativo, no contractual.",True,good,False,True,3041.0,False,False,True,False,[],False,False,295000.0,€,True,True,flat,"Buena Vista, Madrid",Piso en calle Lebreles,Destacado,Buena Vista,,320000.0,25000.0,8.0
107365048,https://img4.idealista.com/blur/480_360_mq/0/id.pro.es.image.master/f7/ea/c4/1310775365.webp,8000,60,,1160000.0,chalet,sale,267.0,,4,3,calle del Avellano,Madrid,Rivas-Vaciamadrid,Rivas Centro,es,40.3617342,-3.5213131,False,https://www.idealista.com/inmueble/107365048/,"CHALET INDEPENDIENTE todo en UNA PLANTA de 267m2, con BUHARDILLA, SOTANO y GRAN PARCELA DE 610 m2, situado en Rivas Vaciamadrid.    VIVAHOME pone a la venta este precioso CHALET INDEPENDIENTE en UNA PLANTA con gran privacidad, de 4 habitaciones todas en planta, ubicado en zona de alto nivel de Rivas, junto al Parque Bellavista con todos los servicios, colegios, comercios, autobuses, farmacias etc. …Rivas Vaciamadrid, lugar privilegiado para vivir a pocos minutos de Madrid, comunicado con A3, M50, M40, M45, paradas de metro y gran red de autobuses, con infraestructuras modernas y ecológicas, ciudad joven, al lado del parque regional del sureste cerca de las lagunas del Campillo. La parcela que bordea toda la casa tiene una superficie de 610 m2 de los cuales 183 corresponden a la edificación de la vivienda. PLANTA PRINCIPAL con 4 habitaciones. amplio salón, cocina independiente, garaje, 3 baños, para hacer la vida sin tener que subir escaleras, un confort que en pocos chales encontrarás.  DISTRIBUCIÓN, entramos a un amplio distribuidor que nos conduce a:  - Derecha entrada al garaje para dos coches (en horizontal), Cocina de 15m2 muy luminosa equipada con electrodomésticos y muebles altos y bajos con zona de office, la cocina da paso a la zona de lavandería, amplia y luminosa, que se une comunica con la parte lateral del jardín.    - De frente entramos al luminoso salón con chimenea decorada con Piedra Natural que caldea toda la estancia en los inviernos más fríos, hay dos zonas completamente diferenciadas para comer y para relajarte en los sofás frente al televisor. El salón tiene salida directa a la parcela que rodea la casa, desde el porche contemplamos la bonita piscina de obra de diseño con forma de isla y cómodas escaleras para introducirte de 80m3 de capacidad y 10m2 de largo, así como barbacoa y horno de obra, zona de comedor techados, en la actualidad un huerto, sustituible por zona de ocio si se desea. la parcela tiene completa privacidad para disfrutar con libertad sin poder ser observado. Todo un lujo.  - Derecha, aseo de cortesía con ventana y el pasillo distribuidor que nos conduce a las cuatro habitaciones, todas ellas con armarios empotrados, muy luminosas y dos baños exteriores uno de ellos en la habitación principal con ducha y mampara, recién reformado y el otro con cabina de ducha,  También desde el Hall de la entrada parten las escaleras que te llevan a la buhardilla con posibilidad de hacer de ella varios cuartos y al sótano, tanto la buhardilla como el sótano están legalizadas  DISPONE DE LOS SIGUIENTES EXTRAS QUE HACEN DE LA VIVIENDA UN LUJO:   - Aire acondicionado bomba frio calor en toda la casa. - Chimenea con casete convertidor en salón, decorada con piedra natural.  - Siete placas solares recién instaladas con capacidad total 2.500w. - Ventanas blancas de Climalit con rotura de puente térmico. - Armarios empotrados en toda la casa y puertas de roble. - Calefacción y agua caliente gas natural. - Piscina de 10m largo de diseño, y barbacoa de piedra tahona - horno - - Paredes lisas en toda la casa. - Suelos de parqué de espiga en zona de habitaciones y porcelánicos en salón, cocina y baños. - Aislamiento interior de la vivienda, todas las paredes aisladas con fibra de vidrio. Además, VIVAHOME CONSIGUE tu HIPOTECA 100 % FINANCIADA sin moverte de casa. Solo con VIVA HOME accedes al más completo servicio inmobiliario con inigualables ventajas y cualificados profesionales que garantizan tu tranquilidad.",True,good,False,,4345.0,True,False,False,False,[],False,False,1160000.0,€,True,True,chalet,"Rivas Centro, Rivas-Vaciamadrid",Casa independiente en calle del Avellano,Destacado,,independantHouse,,,
107834957,https://img4.idealista.com/blur/480_360_mq/0/id.pro.es.image.master/52/1f/7b/1326942173.webp,837126,45,3,735000.0,flat,sale,138.0,True,4,2,calle de Cartagena,Madrid,Madrid,Chamartín,es,40.4412882,-3.6753059,False,https://www.idealista.com/inmueble/107834957/,"Housfy vende piso en Chamartín, Madrid, un espacio para disfrutar en tu día a día. Características: -3º planta exterior con ascensor en finca de 1970. - Estupendo piso de 119 m2 en Prosperidad. (Los metros cuadrados están verificados con la Dirección General de Catastro) - Agradable salón comedor amplio y luminoso, un lugar perfecto para descansar en los ratos libres. - Cocina independiente con todo lo necesario y acceso a terraza de 10mts2. - 4 habitaciones de buen tamaño y 2 baños completos. - Suelos de parquet. - Además dispone de armarios empotrados. - El piso cuenta también con un adecuado trastero. -Calefacción central - Muy bien comunicado, con fácil acceso a paradas de transporte público Sobre la ubicación, si escoges este barrio para vivir tendrás todos los servicios esenciales que necesitarás para tu nueva vida. A escasos metros encontramos: centros educativos (C. P. Corazón Inmaculado en calle Lopez de Hoyos 59), centros de salud, parques, equipamientos deportivos y supermercados, farmacias, entre otros. No lo dudes más y contacta con nosotros para agendar una visita, conseguiremos la vivienda de tus sueños. Sobre nosotros Housfy es la plataforma integral de servicios inmobiliarios. Nuestra combinación de expertos y tecnología pone al alcance de todo el mundo servicios cómodos, claros y seguros. AICAT número: 7922 Nos encargamos de la gestión y asesoramiento de la compra. ¡Olvídate de todo! Hacemos los trámites por ti. Y, si además necesitas financiación, ponemos a tu disposición un bróker hipotecario para ayudarte a conseguir las mejores condiciones para tu perfil económico. ¿Tienes alguna duda? Pregúntanos sin compromiso o visítanos en housfy. com.",False,good,False,True,5326.0,True,True,False,False,[],False,False,735000.0,€,,,flat,"Prosperidad, Madrid",Piso en calle de Cartagena,Destacado,Prosperidad,,,,
108388762,https://img4.idealista.com/blur/480_360_mq/0/id.pro.es.image.master/41/a5/b0/1342632301.webp,,31,bj,415000.0,flat,sale,85.0,True,2,1,"calle de Santa Engracia, 59",Madrid,Madrid,Chamberí,es,40.433806,-3.6984584,True,https://www.idealista.com/inmueble/108388762/,"De Rojas Servicios Inmobiliarios, pone a su disposición, bajo exterior ( Escriturado como local), en una de las mejores zonas de Madrid, Chamberi-trafalgar  La fachada del local, de 5 metros, junto con una altura de 3 metros, proporciona una sensación de amplitud y luminosidad nada más entrar. Además, el local dispone de un práctico sótano, ideal para almacenamiento o como espacio adicional de trabajo. Equipado con aire acondicionado, electricidad y agua corriente, este local está preparado para acoger cualquier tipo de actividad comercial que desees emprender o trasladar aquí. La combinación de su ubicación estratégica en Chamberí, junto con sus características y comodidades, lo convierten en una excelente opción para tu negocio. Imagina tu proyecto en este espacio lleno de posibilidades, ubicado en una de las zonas más vibrantes de Madrid. Perfecto para quienes buscan un lugar con carácter y bien comunicado para dar vida a sus ideas comerciales. No dude en contactar una visita. rcial) en una de las mejores zonas de Madrid, Chamberí- Trafalgar.",True,renew,False,True,4882.0,True,False,True,False,[],False,False,415000.0,€,,,flat,"Trafalgar, Madrid","Piso en calle de Santa Engracia, 59",Destacado,Trafalgar,,,,
108576406,https://img4.idealista.com/blur/480_360_mq/0/id.pro.es.image.master/f4/7e/af/1355575829.webp,PIS0305,32,1,255000.0,flat,sale,120.0,True,3,1,calle de la Carnicería,Madrid,Camarma de Esteruelas,,es,40.5479133,-3.3760687,False,https://www.idealista.com/inmueble/108576406/,"Fives Real Estate presnta: ¡Oportunidad única en Camarma de Esteruelas! Vivienda reformada con altas calidades y excelente rentabilidad en alquiler Presentamos esta magnífica vivienda recién reformada en 2025, ubicada en un edificio restaurado que alberga únicamente cuatro viviendas, lo que garantiza privacidad y un entorno tranquilo. La propiedad cuenta con 120 m² construidos, distribuidos en 3 amplios dormitorios, 1 baño completo, cocina independiente y un luminoso salón. La vivienda se organiza de forma funcional, diferenciando claramente la zona de descanso de las áreas comunes. Desde el salón se accede a una de las dos terrazas de 10 m², mientras que la segunda terraza tiene salida directa desde la cocina, lo que aporta comodidad y versatilidad en el uso diario. En cuanto a calidades, destacan los materiales de alta gama utilizados en la reforma integral realizada en 2025. Dispone de aire acondicionado por conductos frío/calor en todas las estancias, ventanas oscilobatientes con doble acristalamiento, suelos renovados y un diseño moderno y eficiente. Ubicada en Camarma de Esteruelas, una zona residencial en pleno crecimiento, con todos los servicios cercanos: supermercados, colegios, zonas verdes, instalaciones deportivas y buena conexión con los principales núcleos urbanos del Corredor del Henares. Ideal tanto para vivir como para invertir, esta vivienda ofrece una excelente rentabilidad en alquiler, siendo una oportunidad segura y rentable en una de las zonas con mayor proyección de la Comunidad de Madrid. [IW].",True,good,False,False,2125.0,True,False,False,False,[],False,False,255000.0,€,,,flat,Camarma de Esteruelas,Piso en calle de la Carnicería,Destacado,,,,,
108003976,https://img4.idealista.com/blur/480_360_mq/0/id.pro.es.image.master/1d/f0/d9/1335993096.webp,222f08ee-de2e-466c-a378-6c8c8eb13fbe,5,,1950000.0,flat,sale,274.0,True,4,2,calle de la Libertad,Madrid,Madrid,Centro,es,40.4221564,-3.6981305,False,https://www.idealista.com/inmueble/108003976/,"Se ofrece en venta la nuda propiedad de esta magnífica vivienda señorial situada en una de las calles más emblemáticas del centro de Madrid. La usufructuaria, una señora de 94 años, permanecerá residiendo en el inmueble de forma vitalicia. La propiedad cuenta con 274 m² construidos, distribuidos en una planta alta dentro de una finca clásica de gran categoría. Gracias a sus cuatro grandes ventanales exteriores, el espacio se inunda de luz natural y ofrece vistas despejadas a una de las arterias más representativas del barrio de Justicia. La distribución actual incluye: Cuatro dormitorios Dos baños Salón-comedor de gran amplitud Cocina independiente La vivienda conserva elementos originales que reflejan su carácter clásico, y aunque se encuentra para reformar, ofrece un extraordinario potencial tanto para devolverle su esplendor histórico como para actualizarla según los gustos y necesidades del futuro propietario. Se trata de una oportunidad única de inversión a medio-largo plazo, perfecta para quienes buscan adquirir un activo en una de las zonas con mayor prestigio y revalorización de Madrid. Situada en la calle Libertad, en pleno barrio de Justicia, esta vivienda se encuentra rodeada de arquitectura histórica, galerías de arte, boutiques de autor y algunos de los mejores restaurantes y cafés de la ciudad. Una ubicación privilegiada, en el corazón cultural y social de Madrid, con excelente conexión a transporte público, servicios y zonas verdes. Justicia es uno de los barrios más codiciados por su ambiente cosmopolita y su combinación perfecta entre tradición y modernidad.",False,good,False,True,7117.0,False,False,False,False,[],False,False,1950000.0,€,,,flat,"Chueca-Justicia, Madrid",Piso en calle de la Libertad,Destacado,Chueca-Justicia,,,,
108576541,https://img4.idealista.com/blur/480_360_mq/0/id.pro.es.image.master/78/ce/93/1358730238.webp,WGI00957,37,bj,220000.0,flat,sale,96.0,True,3,2,travesía Concejo,Madrid,Miraflores de la Sierra,,es,40.813112,-3.7659944,False,https://www.idealista.com/inmueble/108576541/,"WGI PRESENTA en exclusiva este MAGNÍFICO PISO DE 96 M² en una ZONA IDEAL del municipio de MIRAFLORES DE LA SIERRA, una ZONA TRANQUILA sin ruidos pero con COMERCIOS LOCALES, COLEGIOS, MÉDICOS y SERVICIOS DE TRANSPORTE a 5 minutos andando de la vivienda. Este encantador PISO DE 96 M² ofrece una DISTRIBUCIÓN FUNCIONAL Y CÓMODA, ideal tanto para FAMILIAS como para personas que buscan un HOGAR ESPACIOSO Y BIEN UBICADO. La vivienda cuenta con TRES HABITACIONES, DOS BAÑOS —uno de ellos EN SUITE dentro del DORMITORIO PRINCIPAL—, un AMPLIO SALÓN y una COCINA INDEPENDIENTE con salida directa al PATIO, lo que añade un ESPACIO EXTERIOR muy útil y versátil. Construida en el AÑO 1987, la vivienda destaca por su EXCELENTE ILUMINACIÓN NATURAL. Todas las estancias, a excepción de los baños, son EXTERIORES, lo que permite que la LUZ DEL SOL entre generosamente durante todo el día. Esta característica, sumada a su ORIENTACIÓN EXCEPCIONAL, crea un ambiente cálido, acogedor y energéticamente eficiente. El SALÓN, especialmente, se beneficia de TRES GRANDES VENTANAS ORIENTADAS AL SUR, lo que lo convierte en un espacio ideal para el descanso, la convivencia familiar o incluso para TELETRABAJAR con comodidad. La COCINA es INDEPENDIENTE Y FUNCIONAL, con acceso directo al PATIO, lo que facilita la ventilación y permite aprovechar el espacio exterior para múltiples usos, como tender la ropa, crear un pequeño jardín o disfrutar de comidas al aire libre. El BAÑO PRINCIPAL está completamente EQUIPADO CON BAÑERA, mientras que el segundo baño, integrado en la HABITACIÓN PRINCIPAL, ofrece PRIVACIDAD Y CONFORT, ideal para el uso exclusivo de los propietarios. Las TRES HABITACIONES son AMPLIAS y están equipadas con GRANDES ARMARIOS EMPOTRADOS CON MALETERO, proporcionando un excelente ESPACIO DE ALMACENAMIENTO. La HABITACIÓN PRINCIPAL, además de contar con el BAÑO EN SUITE, ofrece un ambiente ÍNTIMO Y CONFORTABLE. En cuanto a los acabados, toda la vivienda presenta PAREDES CON GOTELÉ FINO y SUELOS DE PORCELÁNICO, materiales que combinan DURABILIDAD con una ESTÉTICA CLÁSICA Y LIMPIA. Ubicada en una de las ZONAS MÁS PRIVILEGIADAS de MIRAFLORES DE LA SIERRA, esta vivienda se encuentra en PLENO CORAZÓN DEL PUEBLO, a tan solo unos pasos de la PLAZA PRINCIPAL. La zona está rodeada de PARQUES, INSTALACIONES DEPORTIVAS y cuenta con acceso cercano a TRANSPORTE PÚBLICO, como paradas de autobús. Además, los SUPERMERCADOS y otros SERVICIOS ESENCIALES están a apenas dos minutos caminando, lo que facilita enormemente la vida diaria. Aunque se trata de una vivienda en PLANTA BAJA, lo que podría ser una preocupación para algunos, es importante destacar que NO ESTÁ A PIE DE CALLE. Esto significa que las estancias NO SON VISIBLES DESDE EL EXTERIOR, lo que garantiza PRIVACIDAD Y SEGURIDAD sin renunciar a la comodidad de vivir en una planta baja. Si estás interesado en ver esta vivienda, CONTACTA CON NOSOTROS y pondremos a tu disposición a nuestro EQUIPO DE ESPECIALISTAS EN EL SECTOR INMOBILIARIO, quienes te acompañarán en todo el proceso de compra, desde la primera visita hasta la firma final. Además, contarás con el respaldo de nuestro DEPARTAMENTO FINANCIERO, que te ayudará a encontrar la MEJOR HIPOTECA ADAPTADA A TUS NECESIDADES, gestionando todo el proceso con las entidades bancarias para que no tengas que preocuparte por nada. También te ofrecemos ASESORÍA LEGAL Y FISCAL PERSONALIZADA, para que puedas realizar la operación con TOTAL SEGURIDAD, TRANSPARENCIA Y CONFIANZA, resolviendo cualquier duda que tengas sobre contratos, impuestos o trámites administrativos.",True,good,False,False,2292.0,True,False,False,False,[],False,False,220000.0,€,,,flat,Miraflores de la Sierra,Piso en travesía Concejo,Destacado,,,,,
108215828,https://img4.idealista.com/blur/480_360_mq/0/id.pro.es.image.master/51/f4/06/1337376435.webp,832364,31,3,230000.0,flat,sale,44.0,False,2,1,calle del Olivar,Madrid,Madrid,Centro,es,40.4098167,-3.7025646,False,https://www.idealista.com/inmueble/108215828/,"Housfy vende piso en Centro, Madrid, perfecto para personas que busquen un lugar cómodo para su día a día. ***Contrato de alquiler en vigor hasta 2026*** Características: - 3º planta con ascensor en finca de 1900. - Espléndido piso de 44 m2 en Lavapiés-Embajadores. (Los metros cuadrados están verificados con la Dirección General de Catastro) - Funcional salón-comedor, muy luminoso, siendo además, un espacio agradable estupendo para visitas de amigos y familiares. - Con una útil cocina independiente con todo lo necesario.  - 2 habitaciones de buen tamaño y baño completo.  - Buena comunicación de transporte público. Sobre la ubicación, si escoges este barrio para vivir tendrás todos los servicios esenciales que necesitarás para tu nueva vida. A escasos metros encontramos: centros educativos, centros de salud, parques, equipamientos deportivos y supermercados, farmacias, entre otros. No lo dudes más y contacta con nosotros para agendar una visita, conseguiremos la vivienda de tus sueños. Sobre nosotros Housfy es la plataforma integral de servicios inmobiliarios. Nuestra combinación de expertos y tecnología pone al alcance de todo el mundo servicios cómodos, claros y seguros. AICAT número: 7922 Nos encargamos de la gestión y asesoramiento de la compra. ¡Olvídate de todo! Hacemos los trámites por ti. Y, si además necesitas financiación, ponemos a tu disposición un bróker hipotecario para ayudarte a conseguir las mejores condiciones para tu perfil económico. ¿Tienes alguna duda? Pregúntanos sin compromiso o visítanos en housfy. com.",False,good,False,True,5227.0,True,True,False,False,[],False,False,230000.0,€,,,flat,"Lavapiés-Embajadores, Madrid",Piso en calle del Olivar,Destacado,Lavapiés-Embajadores,,,,
108479169,https://img4.idealista.com/blur/480_360_mq/0/id.pro.es.image.master/e1/b4/1a/1346165330.webp,8008,45,,765000.0,chalet,sale,257.0,,5,3,calle Pepe Gotera y Otilio,Madrid,Rivas-Vaciamadrid,Rivas Futura,es,40.3514099,-3.5221724,False,https://www.idealista.com/inmueble/108479169/,"CHALET ADOSADO de 5 HABITACIONES, 3 BAÑOS y BUHARDILLA en calle PRIVADA.  Este chalet ubicado en una zona residencial privilegiada de Rivas Vaciamadrid está situado en una calle privada con barrera de acceso y con todos los servicios a tu alcance, así como parques, jardines, colegios, escuelas infantiles, farmacia y supermercados. ENTRADA: La vivienda dispone de un jardín delantero preparado con zona de comedor exterior y con acceso directo a cocina y al garaje privado con puerta motorizada. En la PLANTA BAJA nos encontramos: - Un precioso y luminoso hall de entrada con escaleras de piedra y trastero bajo misma. - Una amplia cocina independiente reformada con modernos armarios de gran capacidad y electrodomésticos integrados. Tiene además mucha luz natural gracias a su puerta acristalada que comunica con el jardín delantero y la zona de garaje privado. - Un amplísimo y precioso salón con grandes ventanales dividido en zona de estar y comedor con cassette chimenea revestida de piedra. Desde el mismo salón salimos directamente al jardín en donde se puede instalar piscina si lo deseas. - Una habitación en la planta baja, ideal para habitación de invitados, despacho... - Un aseo. En la PLANTA PRIMERA disponemos de: - 4 amplios dormitorios, uno de ellos, el principal, dispone de balcón y baño en suite con bañera con mampara y ventana exterior. Todas las habitaciones destacan por sus grandes armarios empotrados y por su luminosidad.  - Otro baño completo con plato de ducha que da servicio al resto de dormitorios. BUHARDILLA: - Diáfana y completamente terminada, muy luminosa, con dos grandes velux y varios espacios diferenciados, así como habitación para vestidor, trastero y posibilidad de hacer otro baño.  Dispone de los siguientes EXTRAS que hacen de ella una adquisición especial: - Puerta Blindada. - Calefacción individual por gas natural. - Caldera nueva. - Cassette chimenea de leña. - Ventanas de PVC blancas con rotura de puente térmico. - Aire Acondicionado instalado hace un año. - Suelos de tarima en zona habitaciones y buhardilla y plaqueta clara en primera planta. - Todas las habitaciones con armarios empotrados de gran almacenaje. - Muebles de cocina modernos de gran capacidad con electrodomésticos. - Zona exterior con 200 m2 destinados a jardín delantero y trasero para zona de relax. - Garaje privado para con capacidad para un coche con puerta motorizada.  Esta vivienda, por su amplitud, satisface las necesidades de cualquier familia, un lugar fantástico para desconectar. No pierdas esta gran oportunidad y ponte en contacto con Viva Home para descubrir tú próximo hogar. Te esperamos. ¡No dejes pasar esta oportunidad única! ¡Pero aún hay más! Con VIVAHOME no solo te ofrecemos esta magnífica vivienda, sino también una excepcional variedad de servicios adicionales para compradores y propietarios. Con VIVAHOME estas en buenas manos. ¿Necesitas vender para comprar? ¿Estás vendiendo tú piso con hipoteca?, nosotros te ayudamos en todo. Desde la compra de tu casa hasta la coordinación con la venta de tu piso o la gestión de herencias y divorcios. Nuestro equipo profesional está aquí para asesorarte y hacer que todo sea más fácil. No pierdas esta oportunidad única de vivir donde más te gusta. Contáctanos hoy mismo para ampliar la información o para programar una visita. ¡Recibe un trato personal en nuestra oficina! (Atendemos en toda la Comunidad de Madrid) SACAMOS EL MEJOR PARTIDO A TU PRESUPUESTO. Pregúntanos por nuestro exclusivo Servicio Integral de Proyecto y Reformas, una solución profesional llave en mano.",True,good,False,,2977.0,True,False,False,False,[],False,False,765000.0,€,True,True,chalet,"Rivas Futura, Rivas-Vaciamadrid",Chalet adosado en calle Pepe Gotera y Otilio,Destacado,,terracedHouse,,,
108889748,https://img4.idealista.com/blur/480_360_mq/0/id.pro.es.image.master/a0/08/ec/1358216966.webp,,19,1,439000.0,flat,sale,70.0,True,2,1,paseo de la Esperanza,Madrid,Madrid,Arganzuela,es,40.4000845,-3.7025299,False,https://www.idealista.com/inmueble/108889748/,"MUNDOAREA Vende piso exterior y muy luminoso en Paseo de la esperanza. Muy buena ubicación, en pleno parque de Madrid Río y muy cerca de santa maria de la cabeza La vivienda está en buen estado y se distribuye en: - Luminoso y amplio salón exterior. - Amplia y luminosa cocina. - Dos dormitorios muy luminosos uno de ellos matrimonial. - Un cuarto de baño, de buen tamaño y con bañera. En 2003 se realizo una obra completa sobre el inmueble con un sistema eléctrico avanzado para la fecha y la fontanería nueva. En 2018 se cambio los rodapiés y el suelo de toda la casa Cuenta con aire acondicionado por split en las habitaciones con bomba de calor y Artcool en el salón para una buena temperatura todo el año. Se realizo una canalización para colocar altavoces en el salón y habitación principal La calefacción es eléctrica de bajo consumo. Sobre la finca: La finca es bastante familiar, está adaptada a personas con movilidad reducida y tiene ascensor. Esta reformada en su totalidad Sobre la zona y el transporte: Madrid Río es un enorme enclave natural y cultural que se encuentra paralelo al río Manzanares, el cual cuenta con monumentos históricos e instalaciones de ocio y cultura al lado del cauce del río que está recuperando su biodiversidad a pasos agigantados. En el año 2017, ha abierto sus puertas el centro comercial Plaza Río 2, otorgando una oferta bastante favorable para la zona en cuanto a la parte gastronómica y de ocio. La zona es familiar, tiene todo tipo de comercios, colegios, supermercados y buena comunicación con metro y autobuses las 24h. El metro está a tres minutos andando del piso. Posibilidad de financiación. Si desea más información contacte con el departamento comercial de MUNDOAREA.",True,good,False,True,6271.0,False,True,False,False,[],False,False,439000.0,€,,,flat,"Acacias, Madrid",Piso en paseo de la Esperanza,Destacado,Acacias,,,,
108595606,https://img4.idealista.com/blur/480_360_mq/0/id.pro.es.image.master/68/10/ff/1349495299.webp,EXP10283,30,1,590000.0,flat,sale,86.0,True,2,1,calle de Javier Ferrero,Madrid,Madrid,Chamartín,es,40.4471781,-3.6715414,False,https://www.idealista.com/inmueble/108595606/,"Presentamos esta magnífica vivienda ubicada en la primera planta, compuesta por dos acogedores dormitorios y un baño completo. Este inmueble no solo ofrece comodidad interior, sino que también incluye dos amplias plazas de garaje y un práctico trastero para satisfacer todas sus necesidades de almacenamiento. La propiedad se encuentra situada en una zona prime de la localidad, lo que garantiza fácil acceso a los principales medios de comunicación: tanto las paradas del metro como las líneas de autobús están a escasa distancia (menos de cinco minutos caminando). Además, el estado general del piso es excelente; ha sido bien conservado y mantenido a lo largo del tiempo. Esta oportunidad única combina calidad residencial con una ubicación privilegiada.",True,good,False,True,6860.0,True,False,False,False,[],False,False,590000.0,€,True,True,flat,"Ciudad Jardín, Madrid",Piso en calle de Javier Ferrero,Destacado,Ciudad Jardín,,,,
107727319,https://img4.idealista.com/blur/480_360_mq/0/id.pro.es.image.master/3b/be/bb/1321019333.webp,854560,46,2,699000.0,flat,sale,139.0,True,5,3,calle de Seco,Madrid,Madrid,Retiro,es,40.3972562,-3.6728794,False,https://www.idealista.com/inmueble/107727319/,"Housfy vende piso en Retiro, Madrid, un espacio para disfrutar en tu día a día. ****Contrato de alquiler en vigor**** Características: - 2º planta exterior con ascensor en finca de 1970. - El inmueble se encuentra ALQUILADO actualmente, son buenas inquilinas con solvencia económica por lo que es una buena inversión! - El edificio es residencial y opcional al precio tiene una PLAZA DE GARAJE por 25.000€ - Fenomenal piso de 139 m2 en Adelfas. (Los metros cuadrados están verificados con la Dirección General de Catastro) - Hall recibidor con amplio espacio.  - Funcional salón- comedor que te proporcionará el relax diario, un lugar perfecto para descansar en los ratos libres, con acceso a terraza. - Con una apropiada cocina independiente con todo lo necesario para el día a día, acceso a una segunda terraza. - 5 habitaciones de buen tamaño. - 2 baños completos y un aseo de cortesía. - Sistema de calefacción y aire acondicionado. - Piscina comunitaria ideal para los meses de verano. - Muy bien comunicado, próximo a paradas de transporte público. La localización de el piso se encuentra en Madrid, en la localidad de Madrid. Con fácil acceso y servicios que facilitarán y mejorarán tu día a día. Sobre la ubicación, si escoges este barrio para vivir tendrás todos los servicios esenciales que necesitarás para tu nueva vida. A escasos metros encontramos: centros educativos, centros de salud, parques, equipamientos deportivos y supermercados, farmacias, entre otros. No lo dudes más y contacta con nosotros para agendar una visita, conseguiremos la vivienda de tus sueños. Sobre nosotros Housfy es la plataforma integral de servicios inmobiliarios. Nuestra combinación de expertos y tecnología pone al alcance de todo el mundo servicios cómodos, claros y seguros. AICAT número: 7922 Nos encargamos de la gestión y asesoramiento de la compra. ¡Olvídate de todo! Hacemos los trámites por ti. Y, si además necesitas financiación, ponemos a tu disposición un bróker hipotecario para ayudarte a conseguir las mejores condiciones para tu perfil económico. ¿Tienes alguna duda? Pregúntanos sin compromiso o visítanos en housfy. com.",False,good,False,True,5029.0,True,False,True,False,[],False,False,699000.0,€,,,flat,"Adelfas, Madrid",Piso en calle de Seco,Destacado,Adelfas,,,,
108542161,https://img4.idealista.com/blur/480_360_mq/0/id.pro.es.image.master/f2/c1/fb/1347985879.webp,890800,34,3,279900.0,flat,sale,68.0,True,2,1,calle Solana de Luche,Madrid,Madrid,Latina,es,40.405873,-3.7324391,False,https://www.idealista.com/inmueble/108542161/,"Housfy vende piso en Puerta del Ángel, Latina, Madrid, una vivienda luminosa y ubicada en un entorno idóneo para disfrutarlo. Características: -3º planta exterior con ascensor en finca de 1965. - Encantador piso de 68 m2 en Puerta del Ángel. (Los metros cuadrados están verificados con la Dirección General de Catastro) - Práctico salón- comedor con amplio espacio de luz natural, donde disfrutar de tu familia. - Acceso a terraza de buen tamaño. - Con una práctica cocina con todo lo necesario. - 2 habitaciones amplias y baño completo - Muy bien comunicado, con fácil acceso a paradas de transporte público. Sobre la ubicación, se sitúa en Madrid. Una vivienda ideal para aquellos que quieran un cómodo espacio donde vivir con todo lo necesario del día a día a un paso de su casa. Sobre nosotros Housfy es la plataforma integral de servicios inmobiliarios. Nuestra combinación de expertos y tecnología pone al alcance de todo el mundo servicios cómodos, claros y seguros. AICAT número: 7922 Nos encargamos de la gestión y asesoramiento de la compra. ¡Olvídate de todo! Hacemos los trámites por ti. Y, si además necesitas financiación, ponemos a tu disposición un bróker hipotecario para ayudarte a conseguir las mejores condiciones para tu perfil económico. ¿Tienes alguna duda? Pregúntanos sin compromiso o visítanos en housfy. com.",False,good,False,True,4116.0,True,True,False,False,[],False,False,279900.0,€,,,flat,"Puerta del Ángel, Madrid",Piso en calle Solana de Luche,Destacado,Puerta del Ángel,,,,
108589841,https://img4.idealista.com/blur/480_360_mq/0/id.pro.es.image.master/82/91/2c/1349329762.webp,EXP10067,61,3,890000.0,duplex,sale,97.0,True,2,3,calle de la Libertad,Madrid,Madrid,Centro,es,40.4196949,-3.697675,False,https://www.idealista.com/inmueble/108589841/,"Este singular ático dúplex + apartamento, se encuentra situado en una 3ª y última planta, de un edificio clásico con un toque moderno. Está ubicado en el tan demandado barrio de Justicia. La vivienda ofrece un espacio único, funcional y lleno de encanto. La orientación y la gran cantidad de luz natural hacen de este espacio un rincón acogedor y brillante. El inmueble está compuesto por dos espacios independientes que comparten un hall distribuidor. A la derecha, nos encontramos con un apartamento muy luminoso, orientado al oeste que se distribuye en un salón-comedor con cocina integrada, una habitación doble y un baño completo. Frente al hall se ubica el ático-dúplex. En la planta baja se entra la cocina, independiente, y totalmente equipada con electrodomésticos de alta gama. El salón-comedor tiene techos altos y orientación sur. Esta planta cuenta también con baño completo, con bañera. Se accede a la planta superior mediante una original escalera que conduce a un amplio espacio versátil, muy luminoso gracias a sus grandes ventanales y ventanas tipo Velux. Este espacio puede funcionar como despacho, zona de descanso o chill-out, adaptándose a diferentes necesidades. La habitación principal es abuhardillada, dispone de un vestidor y baño completo de diseño, con un original cerramiento, creando un ambiente moderno y elegante. Los suelos son de madera de ébano, aportando calidez y sofisticación. Además, la propiedad cuenta con aire acondicionado por conductos, con domótica y está totalmente insonorizada. Desde esta planta accedemos a una acogedora terraza de 15 metros, con unas vistas maravillosas a los tejados del centro de Madrid, perfecta para disfrutar del aire libre. Esta vivienda está diseñada para ofrecer un espacio residencial cómodo y funcional, ideal para vivir, y además cuenta con un apartamento que puede ser utilizado como despacho o espacio de trabajo adjunto. De esta manera, puedes disfrutar de un hogar acogedor y, al mismo tiempo, tener un espacio profesional en el mismo lugar, facilitando el trabajo desde casa o la gestión de tu negocio en un entorno cómodo y práctico. El edificio destaca por su entrada elegante y sofisticada, y cuenta con ascensor. Su amplio portal transmite una sensación de bienvenida y solidez. El barrio de Justicia es una zona ubicada en el centro de Madrid, conocida por su carácter histórico y su ambiente animado. Tiene calles estrechas y edificios antiguos que reflejan su historia, además de tiendas, cafés y restaurantes que le dan vida. Es un barrio con mucha tradición, lleno de tiendas de moda, librerías y lugares con encanto, ideal para pasear y disfrutar de un ambiente urbano y cultural. Además, está muy bien comunicado.",True,good,False,True,9175.0,True,False,False,False,[],False,False,890000.0,€,,,flat,"Chueca-Justicia, Madrid",Dúplex en calle de la Libertad,Destacado,Chueca-Justicia,duplex,,,
108656053,https://img4.idealista.com/blur/480_360_mq/0/id.pro.es.image.master/04/b6/5c/1351264496.webp,,104,,119900.0,chalet,sale,150.0,,3,1,"camino de la Rosa, 4",Madrid,Estremera,,es,40.1419349,-3.1099015,True,https://www.idealista.com/inmueble/108656053/,"INMOTORREJON A. DE PASCUAL VENDE EN EXCLUSIVA FANTASTICO CHALET INDEPENDIENTE EN ESTREMERA (MADRID). El inmueble se distribuye en: 3 amplios y luminosos dormitorios, 1 baño completo con bañera y ventana exterior, amplia cocina, amplio salón comedor con chimenea y buhardilla con terraza. Además el inmueble posee garaje independiente de 17 m2 totalmente techado. Todas las estancias del chalet están distribuidas en una sola planta. La vivienda es muy luminosa y totalmente exterior, está en BUEN ESTADO y PARA ENTRAR A VIVIR. Como características más reseñables cabe destacar: - Puerta de entrada de hierro / chapa. - Puertas interiores de contrachapado. - Suelos de plaqueta en toda la vivienda. - Baño completo con bañera y ventana a exteriores. - Amplio Salón comedor independiente con chimenea.  - Aire acondicionado con bomba de calor en salón. - Agua caliente por termo eléctrico. - Calefacción por caldera de gasoil. - Agua corriente de pozo de gran profundidad. - Vivienda totalmente exterior con sol tanto de mañana como de tarde. - Con garaje independiente y techado. - Vivienda con todas las estancias en una sola planta. - Tiene buhardilla con salida a una amplia terraza - mirador. - Con piscina de obra (no prefabricada) y sistema de depuración. Si necesita financiación, en INMOTORREJON tenemos a FINANSAL SOLUCIONES HIPOTECARIAS, nuestro propio departamento de intermediación financiera que concede hasta el 100% de hipoteca. Venga a visitar esta estupenda vivienda e infórmese sin ningún tipo de compromiso por su parte. Le haremos un estudio financiero personalizado en el cual estudiaremos su perfil socio económico y le informaremos de cual es la hipoteca que mejor se adapta a sus necesidades para la compraventa de vivienda. Solicite una visita al inmueble o venga a nuestra oficina, estamos ubicados en CALLE DE ENMEDIO 14 - TORREJON DE ARDOZ (MADRID) Gracias por la atención que me ha prestado. Reciba un cordial saludo.",False,good,False,,799.0,False,False,False,False,[],False,False,119900.0,€,True,True,chalet,Estremera,"Casa independiente en camino de la Rosa, 4",Destacado,,independantHouse,219900.0,100000.0,45.0
105544668,https://img4.idealista.com/blur/480_360_mq/0/id.pro.es.image.master/46/ed/c4/1355620240.webp,Luna991,23,2,220000.0,flat,sale,84.0,False,3,1,"calle Ferrocarril, 1",Madrid,Getafe,Getafe Centro,es,40.30698,-3.73463,True,https://www.idealista.com/inmueble/105544668/,"OBRAS INICIADAS DEL ASCENSOR. ¡Sin comisiones a compradores! Vivienda con una ubicación privilegiada, a 300 metros de la Plaza de la Constitución y la Calle Madrid, el centro neurálgico de la ciudad; y también a 300 metros de la estación de Getafe Central, con Cercanías, Metrosur y paradas de autobús urbanos e interurbanos. El piso se encuentra en una segunda planta, y está distribuido en 3 dormitorios, cuarto de baño completo y amplio salón con cocina americana de 23 m2. Tiene suelos de tarima y ventanas de aluminio blanco correderas. Las puertas son de roble y las paredes están pintadas en liso. Tiene aire acondicionado en 2 de los dormitorios y el salón; y calefacción centralizada en toda la vivienda, con el consiguiente ahorro que supone en los meses de invierno. El precio incluye un amplio TRASTERO de mas de 15 m2 en el mismo edificio. Como no somos franquicia, NO COBRAMOS COMISIÓN a compradores ni por la compra ni por la búsqueda de financiación, nosotros lo hacemos gratis. Trabajamos en Getafe desde hace 25 años, pásate a conocernos o pregunta por nosotros.",False,good,False,True,2619.0,True,False,False,False,[],False,False,220000.0,€,,,flat,"Getafe Centro, Getafe","Piso en calle Ferrocarril, 1",Destacado,,,,,
108748264,https://img4.idealista.com/blur/480_360_mq/0/id.pro.es.image.master/fb/e6/35/1353965119.webp,JO29,43,2,610000.0,flat,sale,118.0,True,2,2,avenida Lazarejo,Madrid,Las Rozas de Madrid,El Cantizal,es,40.5178454,-3.9306094,False,https://www.idealista.com/inmueble/108748264/,"**Piso en Venta en Las Rozas - El Cantizal** Descubre este fantástico piso en una urbanización privada de Las Rozas, en la codiciada zona de El Cantizal. Con 118 m² construidos y 93 m² útiles, este hogar ofrece un ambiente acogedor y moderno. Disfruta de 2 amplias habitaciones, cada una con armarios empotrados de roble, y 2 baños completos, uno de ellos en suite. La cocina es amplia y funcional y cuenta con un práctico tendedero y office. El salón independiente es el lugar perfecto para relajarte, equipado con aire acondicionado y acceso directo a una espectacular terraza de 18 m², donde podrás disfrutar de momentos al aire libre bajo la pérgola de madera y el riego automático. Además, el piso incluye un trastero y una plaza de garaje amplia y bien ubicada, con acceso directo desde el portal, lo que añade comodidad a tu día a día. La urbanización cuenta con excelentes servicios: piscina, pista de pádel, parque infantil y vigilancia vigilancia por control de accesos y cámaras de circuito cerrado. La comunidad tiene un coste de 170€, lo que garantiza un entorno seguro y bien mantenido. La ubicación es inmejorable, con colegios, centros de salud y centros comerciales a pocos minutos. A solo 5 minutos de Herón City Las Rozas y Las Rozas Village, tendrás todo lo que necesitas al alcance de la mano. Además, la comunicación es excelente, con una parada de autobús (línea 628 Moncloa - El Cantizal) justo enfrente y fácil acceso a las principales vías como M-505, M-50 y A-6. está construido con materiales de alta calidad por Ferrovial. No dejes pasar esta oportunidad única de vivir en un entorno privilegiado. ¡Contáctanos para más información y ven a visitarlo!",True,good,False,True,5169.0,True,False,False,False,[],False,False,610000.0,€,True,True,flat,"El Cantizal, Las Rozas de Madrid",Piso en avenida Lazarejo,Destacado,El Cantizal,,,,
105130679,https://img4.idealista.com/blur/480_360_mq/0/id.pro.es.image.master/0e/c9/ac/1245753690.webp,,53,5,450000.0,penthouse,sale,146.0,False,3,2,"calle de Bulgaria, 1",Madrid,Alcalá de Henares,San Isidro - Los Almendros,es,40.4816119,-3.3768589,True,https://www.idealista.com/inmueble/105130679/,"HOUX presenta este espectacular ático de 146 metros cuadrados construidos, recién reformado con altas calidades, situado en una gran urbanización con todas las amenidades en Los Almedros.  La propiedad cuenta con una excelente distribución, dividendo el acceso de la zona de día y la zona de noche. Al acceder nos encontramos con el recibidor principal, el cual da paso al amplio salón comedor y a la cocina, la cual cuenta con gran capacidad de almacenamiento. El segundo recibidor ubica toda la zona de noche dando paso a las 3 amplias habitaciones, una de ellas en suite, brindando así más confort. Todas las estancias tienen la orientación Oeste.  El inmueble fue reformado hace 5 años. cuenta con puertas lacadas en blanco, tarima flotante resistente al agua, ventanas climalit de aluminio; los armarios son empotrados y están totalmente vestidos que cuentan con puertas correderas lacadas en blanco. La cocina y los baños también han sido actualizados. Incluye aire acondicionado por conductos con bomba de frío y calor y calefacción individual por Gas Natural. Cuenta además con plaza de garaje y trastero.  En la urbanización podemos disfrutar de servicios como conserje, una amplia piscina, pista de pádel, parque y zona de juego para niños y agradables zonas verdes.  Próximo a la urbanización, tenemos un supermercado, la parada de autobús, local y de medio recorrido a tan solo 2 minutos y la estación de Renfe a 10 minutos aproximadamente andando. Tenemos también el centro de salud, colegios e institutos muy cercanos.",False,good,False,True,3082.0,True,False,False,False,[],False,False,450000.0,€,True,True,flat,"San Isidro - Los Almendros, Alcalá de Henares","Ático en calle de Bulgaria, 1",Destacado,,penthouse,,,
92126714,https://img4.idealista.com/blur/480_360_mq/0/id.pro.es.image.master/58/bc/19/1003372608.webp,CASMIN0000061196,57,9,968560.0,penthouse,sale,142.0,False,2,2,paseo de San Francisco de Sales,Madrid,Madrid,Chamberí,es,40.4428144,-3.7138248,False,https://www.idealista.com/inmueble/92126714/,"Piso ÁTICO TRIPLEX con trastero y piscina anejos en venta en el barrio de Vallehermoso, perteneciente al distrito de Chamberí, de Madrid capital (Madrid). Piso de 2 habitaciones, con 2 baños, cocina y salón-comedor. Dispone de un atractivo diseño de corte moderno y funcional. La finca cuenta con portero automático y ascensor. Se encuentra en el edificio Mindanao, en pleno centro de Madrid, con acceso a todos los servicios básicos: comercios, supermercados, centros educativos, deportivos y de salud, transporte público, servicios de hostelería y restauración, etc. Está entre el parque de Santander y el Hospital Clínico San Carlos, muy cerca de Ciudad Universitaria y del intercambiador de Moncloa. Goza de rápido acceso a la A-6 y a la M-30. Cuenta con un trastero en la planta sótano y piscina en la azotea como anejos inseparables incluidos en el precio. ¿Te interesa? Contacta con nosotros.",True,good,False,True,6821.0,True,False,True,False,[],False,False,968560.0,€,True,True,flat,"Vallehermoso, Madrid",Ático en paseo de San Francisco de Sales,Destacado,Vallehermoso,penthouse,,,
107788266,https://img4.idealista.com/blur/480_360_mq/0/id.pro.es.image.master/c7/a1/f6/1344430935.webp,LCM35699,37,5,970000.0,flat,sale,142.0,True,3,1,calle de Concepción Jerónima,Madrid,Madrid,Centro,es,40.4154252,-3.7054256,False,https://www.idealista.com/inmueble/107788266/,"ESPECTACULAR VIVIENDA EXTERIOR CON GRAN POTENCIAL EN CONCEPCIÓN JERÓNIMA En el corazón de Madrid, sobre la emblemática Calle de Concepción Jerónima, se encuentra esta luminosa vivienda exterior situada en la penúltima planta de una majestuosa finca señorial con ascensor. Destaca por su amplitud, su orientación sur y su enorme potencial de reforma.  Con techos de 3 metros y grandes ventanales en todas las estancias, la luz natural inunda cada rincón, ofreciendo vistas privilegiadas de la ciudad. La distribución actual -en su mayoría compuesta por tabiques- incluye un amplio recibidor, tres generosos dormitorios, dos salones de gran tamaño, cocina independiente y un baño con ventana, lo que permite una ventilación cruzada ideal y múltiples posibilidades de rediseño. Además, cuenta con calefacción individual por gas natural, aportando confort y eficiencia energética durante todo el año. Su ubicación es inmejorable: a pocos pasos de la Plaza Mayor, el Mercado de San Miguel, la Puerta del Sol y el vibrante barrio de La Latina. Una oportunidad única para vivir o invertir en una de las zonas más icónicas y con más vida de la capital. No pierdas la oportunidad de vivir en este maravilloso piso. ¡Contáctanos hoy mismo para programar una visita! NOTA: este anuncio no es vinculante; puede contener errores y se muestra a título informativo, no contractual.",True,renew,False,True,6831.0,True,False,True,False,[],False,False,970000.0,€,,,flat,"Sol, Madrid",Piso en calle de Concepción Jerónima,Destacado,Sol,,,,
108612953,https://img4.idealista.com/blur/480_360_mq/0/id.pro.es.image.master/41/88/b7/1350620725.webp,EXP10309,54,5,1400000.0,flat,sale,145.0,True,3,3,calle de Raimundo Fernández Villaverde,Madrid,Madrid,Chamberí,es,40.4463341,-3.6992105,False,https://www.idealista.com/inmueble/108612953/,"Descubre con eXp esta amplia y luminosa vivienda de 130 m² + plaza de garaje, situada en la exclusiva y prestigiosa urbanización Géminis, una de las más valoradas de Nuevos Ministerios, en el corazón de Chamberí. A un paso de la mas conocida zona comercial de Madrid y perfectamente comunicada. Esta propiedad es ideal tanto como residencia habitual, como inversión de alta demanda. Originalmente de 4 dormitorios, la vivienda ha sido reformada para ofrecer 2 dormitorios amplios + 1 distribuidor ganando en espacio y confort. La distribución actual potencia la luz y la amplitud de todas las estancias. Características destacadas: •145 m² construidos (garaje incluido) •Vivienda con dos accesos de entrada. •3 dormitorios (4 en origen) •Amplio salón comedor orientación oeste. Con dos ambientes y casi 30 m2 •Instalaciones de electricidad y fontanería actualizadas recientemente •Suelos de tarima de madera en excelente estado •Armarios empotrados en dormitorios y distribuidor •Toldos motorizados •Cocina independiente espaciosa, totalmente equipada con zona de despensa y lavado y planchado. •2 baños completos + 1 aseo con gran potencial de personalización •Edificio con portero físico, amplias y confortables zonas comunes cuidadas y alta seguridad 24 horas •Plaza de garaje en la misma finca  Ubicada en un enclave inmejorable, en plena calle Raimundo Fernández Villaverde a escasos metros del Paseo de la Castellana y rodeada de comercios, zonas infantiles, restauración, zonas verdes y transporte público (Metro y Cercanías a menos de 3 minutos). Una oportunidad única de vivir en una zona premium de Madrid, rodeada de centros comerciales, colegios, restaurantes, en su zona mejor comunicada (Metro Nuevos Ministerios, Cuatro Caminos), con todo a tu alcance y en una comunidad servicial consolidada y tranquila.",True,good,False,True,9655.0,True,False,False,False,[],False,False,1400000.0,€,True,True,flat,"Nuevos Ministerios-Ríos Rosas, Madrid",Piso en calle de Raimundo Fernández Villaverde,Destacado,Nuevos Ministerios-Ríos Rosas,,,,
108487948,https://img4.idealista.com/blur/480_360_mq/0/id.pro.es.image.master/81/0e/c2/1346387478.webp,,38,3,598000.0,flat,sale,129.0,True,3,2,calle Victoria Kent,Madrid,Madrid,Vicálvaro,es,40.3976967,-3.5587806,False,https://www.idealista.com/inmueble/108487948/,"PISO de 3 HABITACIONES y 2 BAÑOS en urbanización con PISCINA, GARAJE y TERRAZA en EL CAÑAVERAL.  ¡Descubre el hogar de tus sueños en esta espectacular urbanización privada! Este amplio piso de 129 m² cuenta con 3 luminosas habitaciones y 2 baños, perfectos para disfrutar de la comodidad y el espacio que mereces.  Entramos en la moderna urbanización privada con portero físico y todo lo necesario para disfrutar tanto en invierno como en verano por sus zonas verdes, piscina de adultos y de niños, pista de pádel, Citibox y gimnasio.  Al atravesar la puerta de la vivienda te recibe un amplio hall que te guía hacia una moderna cocina con muebles de diseño en color blanco brillo y encimeras de piedra Silestone. La cocina, equipada con un sistema de apertura invisible, se conecta con un acogedor salón-comedor que ofrece impresionantes vistas a las torres de Madrid. Imagina relajarte en tu terraza, equipada con cortina de cristal Lumon y estores regulables, todo exterior, disfrutando de la tranquilidad del entorno. Las ventanas oscilobatientes con mosquiteras y toldos en todas las habitaciones garantizan un ambiente fresco y agradable.  Este piso también incluye una plaza de parking y un trastero de gran altura, lo que añade aún más valor a esta maravillosa propiedad. No dejes pasar la oportunidad de vivir en este magnífico hogar, donde cada rincón ha sido diseñado para ofrecerte el máximo confort y calidad de vida.  ADEMAS HAY QUE DESTACAR: - Trastero de gran altura. - Tendedero cubierto.  - Ascensor. - 1 plaza de parking incluida en el precio. - Ventana oscilobatientes con mosquiteras y toldos. - Terraza con cortina de cristal Lumon y estores regulables. - Armarios empotrados. - Pintura lisa en color blanco. - Suelo de tarima en toda la casa. - Aire acondicionado por conductos.  ¡Pero aún hay más! Con VIVAHOME no solo te ofrecemos esta magnífica vivienda, sino también una excepcional variedad de servicios adicionales para compradores y propietarios. Con VIVAHOME estas en buenas manos. ¿Necesitas vender para comprar? ¿Estás vendiendo tú piso con hipoteca?, nosotros te ayudamos en todo. Desde la compra de tu casa hasta la coordinación con la venta de tu piso o la gestión de herencias y divorcios. Nuestro equipo profesional está aquí para asesorarte y hacer que todo sea más fácil. No pierdas esta oportunidad única de vivir donde más te gusta. Contáctanos hoy mismo para ampliar la información o para programar una visita. ¡Recibe un trato personal en nuestra oficina! (Atendemos en toda la Comunidad de Madrid)   SACAMOS EL MEJOR PARTIDO A TU PRESUPUESTO. Pregúntanos por nuestro exclusivo Servicio Integral de Proyecto y Reformas, una solución profesional llave en mano.",True,good,False,True,4636.0,True,False,False,False,[],False,False,598000.0,€,True,True,flat,"El Cañaveral, Madrid",Piso en calle Victoria Kent,Destacado,El Cañaveral,,,,
108019844,https://img4.idealista.com/blur/480_360_mq/0/id.pro.es.image.master/f0/92/e7/1331410377.webp,8005,44,5,395000.0,flat,sale,71.0,True,2,2,avenida de José Hierro,Madrid,Rivas-Vaciamadrid,Rivas Futura,es,40.3425606,-3.5236515,False,https://www.idealista.com/inmueble/108019844/,"PISO de 2 HABITACIONES, 2 BAÑOS, TERRAZA, 2 PLAZAS de garaje y TRASTERO en Futura Arena Center.    Lujoso piso de 2 habitaciones, 2 baños, terraza con vistas, dos plazas de garaje y trastero en el edificio Futura Arena Center, junto al Metro de Rivas Futura, Residencia Valdeluz, Hospital HM Rivas y al lado del CC H20.  Con una ubicación inmejorable en pleno corazón de Rivas Futura, Viva Home pone a la venta este precioso apartamento de concepto moderno y futurista integrado en la quinta planta del complejo Futura Arena Center, nueva forma de vida innovadora, sostenible y comprometida con el medio ambiente cumpliendo todos los exigentes estándares para ser certificado con el sello Breeam que lo acredita como eficientemente sostenible. Además, el complejo está formado por espacios pensados para vivir y trabajar, con todos los servicios al alcance como Lobby, Sala de Reuniones, Gimnasio, Piscina, Spa, Solárium de Césped Artificial, Lavandería, Conserje 24 h, Zona Infantil, espacios verdes y una gran oferta comercial. La vivienda destaca por sus acabados interiores de Porcelanosa y materiales de vanguardia, calidad y Diseño.  Dispone de: - Aire acondicionado por conductos. - Calefacción por Suelo radiante.  - Ventanas de Climalit blancas con rotura de puente térmico. - Puertas lacadas en blanco. - Puerta de entrada blindada con sistemas de seguridad. - Pintura lisa, con paredes decoradas con papel pintado de diseño. - Terraza con césped artificial, vistas infinitas al horizonte y atardeceres de postal. - Cocina de elegante diseño con electrodomésticos encastrados y encimera de piedra integrada en salón, concepto abierto. - Dos plazas de garaje incluidas en el precio - Trastero - Amueblada, si lo desea. - Lista para entrar a vivir. Su distribución es muy cómoda y funcional, entrando al hall encontramos a la izquierda, el luminoso y gran salón con cocina abierta, decorado y diseñado para enamorarte con salida a la preciosa terraza en donde te hipnotizarán sus vistas, también encontramos a la derecha un baño complemente equipado con ducha y las dos habitaciones, provistas con armarios empotrados, además de otro baño completo con ducha en la suite principal. Esta vivienda está lista para entrar a vivir, completamente amueblada, si lo deseas. Pueden ampliar más información para esta vivienda en nuestra web En VIVAHOME, Tienes Visitas guiadas. Te ayudamos a gestionar tu compra. Y aseguramos tu plena satisfacción. SACAMOS EL MEJOR PARTIDO A TU PRESUPUESTO. Pregúntanos por nuestro exclusivo Servicio Integral de Proyecto y Reformas, una solución profesional llave en mano. HIPOTECA EXPRESS. Acceda sin compromiso a financiación con nuestro sistema de crédito personalizado. No deje pasar ésta oportunidad y si puede permitírselo no dude en contactarnos para hacer una visita a la vivienda de sus sueños.",True,good,False,True,5563.0,True,False,False,False,[],False,False,395000.0,€,True,True,flat,"Rivas Futura, Rivas-Vaciamadrid",Piso en avenida de José Hierro,Destacado,,,,,
108829279,https://img4.idealista.com/blur/480_360_mq/0/id.pro.es.image.master/43/28/bd/1356347830.webp,JMC212,19,3,225000.0,flat,sale,84.0,True,2,1,"calle de San Raimundo, 8",Madrid,San Sebastián de los Reyes,Centro Urbano,es,40.5497972,-3.6320786,True,https://www.idealista.com/inmueble/108829279/,"INMUEBLE EN VENTA POR PUJA AL ALZA PARTIENDO DEL PRECIO PUBLICADO. SE RECIBIRAN PUJAS HASTA EL 5 DE AGOSTO Se vende piso en la calle San Raimundo, exterior y recién reformado, listo para entrar a vivir. El piso tiene un gran salón comedor con la cocina incorporada, la cocina esta completamente amueblada y equipada. En el salón hay una pequeña terraza a la calle San Romualdo. Dos amplias habitaciones perfectamente amuebladas y un amplio cuarto de baño. Situado en el centro urbano de San Sebastián de los Reyes, cuenta con todos los servicios alrededor y esta bien comunicado con Madrid por la N-1 y con la zona norte con la M-607 además de líneas de autobús, metro y cercanías. Si quieres concertar una visita contacta con nosotros sin compromiso.",False,good,False,False,2679.0,False,False,False,False,[],False,False,225000.0,€,,,flat,"Centro Urbano, San Sebastián de los Reyes","Piso en calle de San Raimundo, 8",Destacado,,,,,
106940878,https://img4.idealista.com/blur/480_360_mq/0/id.pro.es.image.master/6e/26/2f/1309311107.webp,EXP08832,40,2,225000.0,penthouse,sale,76.0,True,1,1,calle Juan de Toledo,Madrid,San Lorenzo de El Escorial,Centro - Casco Histórico,es,40.5932805,-4.1441967,False,https://www.idealista.com/inmueble/106940878/,"Si quieres vivir en un precioso Ático abuhardillado, en la mejor zona de San Lorenzo del Escorial, junto a todos los servicios y red de transporte público, a escasos metros del Real Monasterio y disfrutar de las mejores vistas al Monte Abantos, este será tu hogar ideal. Se encuentra en un edificio rehabilitado hace 25 años y cuenta con 76 m2 construidos de los cuales 70 m2 son útiles con la siguiente distribución: A la entrada, nos encontramos con un espacioso y bonito salón de 35 m2, con ventanales Velux que proporcionan a la vivienda luz natural y desde los que puedes contemplar unas maravillosas y únicas vistas al monte Abantos. A la derecha, la cocina totalmente independiente, luminosa y muy bien dotada con muebles altos y bajos, con electrodomésticos y zona de despensa. En frente tenemos el hall vestidor con armarios empotrados. Desde él, podemos acceder a la derecha al dormitorio, muy espacioso también con armarios empotrados y otro ventanal en el tejado que le da un aire íntimo y acogedor y siguiendo de frente accedemos al elegante baño completo de mármol con bañera.  Toda la vivienda esta abuhardillada, con ventanas Velux con toldos y cortinas transparentes en todas las estancias (salón, dormitorio y cocina). Muy bien aprovechados los techos inclinados de la bajo cubierta para sacar espaciosos trasteros/ maleteros por diversas estancias ganando zona de almacenaje. Materiales de muy alta calidad en toda la vivienda, suelos de parquet de madera recién barnizado, tejado renovado, puertas de madera.  La Calefacción es individual de gas natural con caldera nueva de reciente instalación. Vivienda situada en la mejor zona de San Lorenzo del Escorial, en frente de la estación de Autobuses, a solo 2 minutos andando del Real Monasterio y de la zona histórica. Al lado del parque Terreros, Auditorio, etc y muy próximo a colegios, farmacias, supermercados, restaurantes, etc.  Ideal también para inversores. Buena rentabilidad.",False,good,False,False,2961.0,True,False,False,False,[],False,False,225000.0,€,,,flat,"Centro - Casco Histórico, San Lorenzo de El Escorial",Ático en calle Juan de Toledo,Destacado,,penthouse,,,
108840852,https://img4.idealista.com/blur/480_360_mq/0/id.pro.es.image.master/4d/45/a3/1356669476.webp,THH3436,30,1,420000.0,flat,sale,111.0,True,2,2,calle de Emilio Ortuño,Madrid,Madrid,Puente de Vallecas,es,40.4008426,-3.6666755,False,https://www.idealista.com/inmueble/108840852/,"Esta propiedad es muy especial, porque está distribuida en dos pisos distintos que pueden alquilarse de manera separada. Aquí, las posibilidades son muchísimas, así que es una oportunidad para aprovechar, de esas que no pasan más veces.   111 m² distribuidos en dos pisos exteriores con balcón, con 41 m² y 45 m² útiles respectivamente. Ambos se alquilan de forma temporal con alta rentabilidad. Situados en una primera planta real exterior, cada piso cuenta con 1 habitación, 1 baño, salón-comedor, balcón y cocina abierta y equipada. Disponen de aire acondicionado frío/calor, suelo de madera de pino y ascensor. Se entregan amueblados y se ubican en un edificio rehabilitado completamente en 2022. Ya disponibles.   Ref: THH3436.",True,good,False,True,3784.0,True,False,False,False,[],False,False,420000.0,€,,,flat,"Numancia, Madrid",Piso en calle de Emilio Ortuño,Destacado,Numancia,,,,
