propertyCode,thumbnail,externalReference,numPhotos,price,propertyType,operation,size,rooms,bathrooms,address,province,municipality,country,latitude,longitude,showAddress,url,description,hasVideo,status,newDevelopment,priceByArea,hasPlan,has3DTour,has360,hasStaging,notes,topNewDevelopment,topPlus,priceInfo.price.amount,priceInfo.price.currencySuffix,parkingSpace.hasParkingSpace,parkingSpace.isParkingSpaceIncludedInPrice,detailedType.typology,detailedType.subTypology,suggestedTexts.subtitle,suggestedTexts.title,floor,exterior,hasLift,district,newDevelopmentFinished,neighborhood,highlight.groupDescription,priceInfo.price.priceDropInfo.formerPrice,priceInfo.price.priceDropInfo.priceDropValue,priceInfo.price.priceDropInfo.priceDropPercentage
107860053,https://img4.idealista.com/blur/480_360_mq/0/id.pro.es.image.master/4d/73/6e/1326472637.webp,WGI00895,45,239000.0,chalet,sale,164.0,4,2,calle San Ramón,Madrid,Valdemaqueda,es,40.5145095,-4.2940666,False,https://www.idealista.com/inmueble/107860053/,"WGI VENDE este FANTÁSTICO CHALET en VALDEMAQUEDA. El inmueble consta de una parcela de 164 m2 construidos, y se distribuye de la siguiente manera: - PLANTA BAJA; nos encontramos de frente con una AMPLIA entrada que da acceso a una GRAN salón, comunica con el pasillo a una habitación individual, cocina y baño. Antes de subir a la planta superior tenemos un pequeño TRASTERO en el hueco de las escaleras. - PLANTA SUPERIOR; en esta planta tenemos 3 habitaciones exteriores MUY LUMINOSAS, 2 de ellas DOBLES, todas con ARMARIOS EMPOTRADOS. Cuenta tambien en esta planta con baño. El inmueble se encuentra en muy buen estado de conservación; un BONITO suelo de gres, paredes lisas, ventanas de alunio/climalit y puertas de madera. Además cuenta con calefacción por gas natural. La vivienda cuenta con GARAJE PROPIO. Ven a ver este precioso inmueble y pondremos a tu disposición nuestro equipo de expertos inmobiliarios, así como asesoramiento fiscal y legal en la operación.",True,good,False,1457.0,True,False,False,False,[],False,False,239000.0,€,True,True,chalet,independantHouse,Valdemaqueda,Casa independiente en calle San Ramón,,,,,,,,,,
105657901,https://img4.idealista.com/blur/480_360_mq/0/id.pro.es.image.master/4c/25/df/1359160245.webp,CHA0031,37,479000.0,chalet,sale,358.0,4,3,"calle de la Cuerda del Sol, 9",Madrid,Sevilla la Nueva,es,40.3482416,-4.052615,True,https://www.idealista.com/inmueble/105657901/,"Fives Real Estate vende en exclusiva esta impresionante vivienda en las mejores urbanizaciones de Sevilla la Nueva, Los Cortijos. Esta propiedad está construida sobre una parcela de 3.773 m2 y está ubicada en lo más alto de la urbanización por lo que podrás disfrutar de unas vistas panorámicas de toda la sierra oeste de Madrid. La propiedad muy bien aprovechada en sus 358 m2 construidos, cada espacio útil y orientada para sacar la máxima luminosidad. La planta principal que se distribuye en tres habitaciones grandes con dos baños completos, pasillo de distribución, vestíbulo de acceso a la vivienda, cocina con acceso al exterior y al salón y un gran salón de doble altura con ventanal, chimenea y acceso a la terraza exterior con vistas donde podréis disfrutar de toda la familia y amigos.  La planta superior nos encontramos la habitación principal con baño en suite y una zona de estar con salida a la terraza. La planta sótano, un gran salón que puede aprovecharse para salón de juegos o bodega. En la planta principal también tiene garaje para dos coches y zona de trastero. La parcela de 3.773 m2 tiene entrada peatonal y de vehículos, cenador.. . es llana por la parte delantera y con pendiente en la parte trasera, lo que hace poder gozar de intimidad y tener vistas despejadas. Con muchas posibilidades.  La urbanización Los Cortijos está compuesta por chalets independientes en una zona muy tranquila sin ruidos, se encuentra a tan solo 4 min del centro urbano, con todos los servicios ( supermercados (Mercadona), Ocio, Restauración y Colegios). A tan sólo 30 min de Madrid, muy buena conexión con la A-5 y M-50. No dudes y llámenos para visitarla, estamos disponibles de Lunes a Domingo. [IW].",True,good,False,1338.0,True,False,False,False,[],False,False,479000.0,€,,,chalet,independantHouse,Sevilla la Nueva,"Casa independiente en calle de la Cuerda del Sol, 9",,,,,,,,,,
108907391,https://img4.idealista.com/blur/480_360_mq/0/id.pro.es.image.master/71/0e/1d/1358563401.webp,0056-00600,30,290000.0,flat,sale,107.0,2,2,"calle de las Cambroneras, 1",Madrid,San Agustin de Guadalix,es,40.6769459,-3.6158635,True,https://www.idealista.com/inmueble/108907391/,"Extraordinario ático reformado con una pequeña terraza privada en el dormitorio principal, que se caracteriza por su ubicación excepcional en San Agustín de Guadalíx. Nos encontramos con una distribución muy práctica: dos habitaciones muy amplias de 10 m y 13 m, con posibilidad de hacer una habitación más, dos baños, cocina y zona de lavandería cerrada. El salón es muy luminoso y amplio, unos 23 metros. Dispone de trastero incluido en el precio. La vivienda tiene acceso a zonas comunes en una urbanización cerrada. Cerca de todos lo servicios de San Agustín. Buena calidad constructiva con suelos de madera y ventanas de doble cristal, calefacción central y aire acondicionado. La distribución del piso es muy cómoda con un espacio que aúna el salón comedor con la cocina equipada con muebles altos y bajos, horno, placa y microondas. El dormitorio principal en suite tiene una zona de vestidor. El piso se completa con otro dormitorio de buen tamaño y cuarto de baño completo. San Agustín del Guadalix, como puente de unión entre el área metropolitana de Madrid y la Sierra Norte, es una población prolija en servicios y comodidades. Su ambiente es mayormente residencial y abundan las comunidades de reciente construcción habitadas por familias de buen nivel económico (no en vano se encuentra en el Top 20 de municipios con más alta Renta per Cápita de España). Entre sus ventajas se incluyen: el fácil acceso a la A-1, la presencia de un Instituto y dos colegios públicos bilingües, varios supermercados de reconocidas distribuidoras, servicio regular de autobuses con Madrid, rutas naturales, centro de salud, biblioteca, polideportivo, academias de idiomas, peluquerías, restaurantes, guarderías, etc. Además, la cercanía al Hospital Infanta Sofía, al Aeropuerto y, en fin, a los servicios que ofrecen localidades cercanas como San Sebastián de los Reyes, Alcobendas o Colmenar Viejo, configuran San Agustín del Guadalix como una población en un enclave estratégico e idóneo para poder tenerlo todo a un paso de casa. ¡NO DEJES ESCAPAR ESTA GRAN OPORTUNIDAD EN SAN AGUSTÍN DE GUADALÍX!",False,good,False,2710.0,False,False,False,False,[],False,False,290000.0,€,,,flat,,San Agustin de Guadalix,"Piso en calle de las Cambroneras, 1",3,True,False,,,,,,,
104366489,https://img4.idealista.com/blur/480_360_mq/0/id.pro.es.image.master/b2/7d/b7/1230436668.webp,VMN2403007,53,1350000.0,chalet,sale,474.0,5,2,Fuente el Saz de Jarama,Madrid,Fuente el Saz de Jarama,es,40.6452104,-3.5007095,False,https://www.idealista.com/inmueble/104366489/,"FINCA CON VIVIENDA, PISCINA Y GRAN TERRENO AProperties Real Estate presenta bonita finca rústica de casi 7.000 m², ideal para disfrutar de la vida de campo cerca de la ciudad. La amplitud de la finca permite tener una vivienda de 474 m², un jardín consolidado con árboles frutales, viñedos, huerto y enorme pradera con múltiples usos. La parcela cuenta con inmejorables vistas de la sierra y del skyline de Madrid.    La vivienda consta de un acogedor salón con chimenea y zona de comedor, una amplia cocina con office, cinco luminosos y agradables dormitorios con armarios empotrados, y dos baños completos. El dormitorio principal tiene baño en suite. En la planta baja hay una zona de despensa/bodega, salón multiusos y bodega. La vivienda tiene una gran terraza con vistas espectaculares.   En el exterior, además de todo lo mencionado anteriormente, hay una piscina cubierta climatizada anexa a la vivienda, un enorme horno de leña, un pozo legalizado con agua potable y un garaje techado para al menos tres coches, con un almacén anexo que sirve para almacenar las herramientas de labranza.   Esta finca te permite vivir en contacto con la naturaleza, y con todas las comodidades de la vida moderna. A escasos metros de la parcela hay una parada de autobús que conecta con Plaza Castilla. Madrid está a 20/30 minutos en coche, lo que hace viable vivir en este natural paraje incluso teniendo que ir a Madrid a diario.   Fuente el Saz, a cinco minutos en coche, está dotado con todos los servicios necesarios para el día a día.   El municipio dispone de guarderías públicas y privadas, un colegio público de educación infantil, primaria y secundaria, polideportivo y piscina municipal, así como de centro de salud e hipermercados. A pocos kilómetros también hay varios colegios concertados y privados, el nuevo campo de golf de La Moraleja y varios centros de hípica. El aeropuerto de Madrid está a 22 km.   AProperties les invita a visitar nuestra web donde podrán encontrar todos los inmuebles que comercializamos. ¿Te imaginas vivir aquí?  Contacte con nosotros para ver más inmuebles similares.",True,good,False,2848.0,False,False,False,False,[],False,False,1350000.0,€,True,True,chalet,independantHouse,Fuente el Saz de Jarama,Casa independiente,,,,,,,,,,
102184297,https://img4.idealista.com/blur/480_360_mq/0/id.pro.es.image.master/68/05/f8/167877871.webp,Ref. 454-A,8,486000.0,flat,sale,116.0,3,2,calle Toledo s/n,Madrid,Getafe,es,40.3022106,-3.7332137,True,https://www.idealista.com/obra-nueva/102184297/,"Un auténtico lujo en pleno centro de la ciudad. Se ha realizado una plaza ajardinada delantera para dar espacio y visibilidad a la edificación. Se trata de un edificio de Viviendas libres, de nueva construcción, en el mismo centro de Getafe, a un paso del Ayuntamiento, en la zona más comercial de la ciudad, con 86 viviendas de 2, 3 y 4 dormitorios y piscina, una dotación inigualable en el casco antiguo de Getafe, que se adaptará perfectamente a sus necesidades. El edificio tiene un diseño moderno y atractivo y las viviendas cuentan con acabados de calidad. Es un edificio con tres plantas de sótano, y seis plantas sobre rasante (Baja más cinco). La promoción consta de 5 portales y seis núcleos de escalera y ascensor para acceder a las viviendas. La zona está muy bien comunicada, en el mismo centro de Getafe con fáciles accesos y cuenta con estación de Metro a 500 metros y líneas de autobús. Consultar disponibilidad de trasteros y plazas de garaje.",False,newdevelopment,True,4190.0,True,False,False,False,[],False,False,486000.0,€,,,flat,,"San Isidro, Getafe",Piso en calle Toledo s/n,4,True,True,San Isidro,True,,,,,
108421547,https://img4.idealista.com/blur/480_360_mq/0/id.pro.es.image.master/38/39/7b/1344396201.webp,41acc238-7804-41df-97ba-31ed58a2dab0,13,220000.0,flat,sale,55.0,3,1,calle de Alcalá de Guadaíra,Madrid,Madrid,es,40.3883156,-3.655351,False,https://www.idealista.com/inmueble/108421547/,"Acogedor piso con gran potencial en Palomeras Bajas. Descubre este acogedor piso de 55 m² en el corazón de Palomeras Bajas, Puente de Vallecas, Madrid. Con tres dormitorios y un baño, esta propiedad es ideal para quienes buscan un proyecto de renovación a su gusto. Aunque requiere reformas, este piso ofrece un gran potencial para convertirse en el hogar de tus sueños. La calefacción a gas es una de sus características destacadas, proporcionando calidez en los meses más fríos. Esta es una oportunidad única para personalizar cada rincón según tus necesidades. No dejes pasar la oportunidad de visitar este espacio y visualizar todo lo que puedes lograr en él. ¡Contáctanos para más detalles! Ubicación Situado en una zona con excelente conectividad y una amplia oferta de servicios. A pocos minutos de tiendas, centros educativos, zonas verdes y transporte público, el barrio de Palomeras Bajas ofrece comodidad y accesibilidad en el distrito de Puente de Vallecas.",False,renew,False,4000.0,False,False,False,False,[],False,False,220000.0,€,,,flat,,"Palomeras Bajas, Madrid",Piso en calle de Alcalá de Guadaíra,bj,True,False,Puente de Vallecas,,Palomeras Bajas,,,,
102184309,https://img4.idealista.com/blur/480_360_mq/0/id.pro.es.image.master/ce/c4/2a/269086481.webp,Ref. 121-C,8,467077.0,flat,sale,123.0,3,2,calle Toledo s/n,Madrid,Getafe,es,40.3022106,-3.7332137,True,https://www.idealista.com/obra-nueva/102184309/,"Un auténtico lujo en pleno centro de la ciudad. Se ha realizado una plaza ajardinada delantera para dar espacio y visibilidad a la edificación. Se trata de un edificio de Viviendas libres, de nueva construcción, en el mismo centro de Getafe, a un paso del Ayuntamiento, en la zona más comercial de la ciudad, con 86 viviendas de 2, 3 y 4 dormitorios y piscina, una dotación inigualable en el casco antiguo de Getafe, que se adaptará perfectamente a sus necesidades. El edificio tiene un diseño moderno y atractivo y las viviendas cuentan con acabados de calidad. Es un edificio con tres plantas de sótano, y seis plantas sobre rasante (Baja más cinco). La promoción consta de 5 portales y seis núcleos de escalera y ascensor para acceder a las viviendas. La zona está muy bien comunicada, en el mismo centro de Getafe con fáciles accesos y cuenta con estación de Metro a 500 metros y líneas de autobús. Consultar disponibilidad de trasteros y plazas de garaje.",False,newdevelopment,True,3797.0,True,False,False,False,[],False,False,467077.0,€,,,flat,,"San Isidro, Getafe",Piso en calle Toledo s/n,1,True,True,San Isidro,True,,,,,
108197996,https://img4.idealista.com/blur/480_360_mq/0/id.pro.es.image.master/d1/e1/b5/1337818092.webp,106840/EV,19,1975000.0,flat,sale,250.0,4,4,Barrio Nueva España,Madrid,Madrid,es,40.4589926,-3.6844113,False,https://www.idealista.com/inmueble/108197996/,"El Viso Inmobiliaria ofrece magnífico y luminoso piso de más de 250 m²c. , unos 200 útiles, situado en una planta alta de un buen edificio de viviendas. Totalmente exterior, a reformar con la siguiente distribución: Amplio hall que da acceso a recibo en varios ambientes, salón con salida a la terraza de unos 20 m2 con magníficas vistas, comedor con un gran ventanal. Amplio dormitorio principal en suite con vestidor con muchos armarios. Dos amplios dormitorios que comparten un baño. Cocina con office y terraza tendedero y zona de servicio (dormitorio con baño) con puerta de servicio. Tiene trastero incluido en el precio. Opción plaza de garaje en finca en alquiler. Necesita reforma integral con muchas posibilidades. Magnífica ubicación en el distrito de Chamartín, cerca del Santiago Bernabéu, una de las zonas residenciales más exclusivas de Madrid, con todo tipo de servicios y dotaciones (Colegios, Mercados, Supermercados, Hospitales, Hoteles y una amplia variedad de opciones de ocio). Muy bien comunicada, por Metro, varias líneas de Autobuses, la Estación de Chamartín (trenes de Media, Larga Distancia, Alta Velocidad y Cercanías) y con fácil acceso a la M-30, M-40 y al Aeropuerto. "" El Viso Inmobiliaria ofrece inmuebles en alquiler y en venta en las zonas más exclusivas de Madrid.",False,renew,False,7900.0,True,False,False,False,[],False,False,1975000.0,€,,,flat,,"Nueva España, Madrid",Piso,8,True,True,Chamartín,,Nueva España,,,,
102184368,https://img4.idealista.com/blur/480_360_mq/0/id.pro.es.image.master/50/a6/75/167877873.webp,Ref. 113-C,8,456630.0,flat,sale,123.0,3,2,calle Toledo s/n,Madrid,Getafe,es,40.3022106,-3.7332137,True,https://www.idealista.com/obra-nueva/102184368/,"Un auténtico lujo en pleno centro de la ciudad. Se ha realizado una plaza ajardinada delantera para dar espacio y visibilidad a la edificación. Se trata de un edificio de Viviendas libres, de nueva construcción, en el mismo centro de Getafe, a un paso del Ayuntamiento, en la zona más comercial de la ciudad, con 86 viviendas de 2, 3 y 4 dormitorios y piscina, una dotación inigualable en el casco antiguo de Getafe, que se adaptará perfectamente a sus necesidades. El edificio tiene un diseño moderno y atractivo y las viviendas cuentan con acabados de calidad. Es un edificio con tres plantas de sótano, y seis plantas sobre rasante (Baja más cinco). La promoción consta de 5 portales y seis núcleos de escalera y ascensor para acceder a las viviendas. La zona está muy bien comunicada, en el mismo centro de Getafe con fáciles accesos y cuenta con estación de Metro a 500 metros y líneas de autobús. Consultar disponibilidad de trasteros y plazas de garaje.",False,newdevelopment,True,3712.0,True,False,False,False,[],False,False,456630.0,€,,,flat,,"San Isidro, Getafe",Piso en calle Toledo s/n,3,True,True,San Isidro,True,,,,,
108591322,https://img4.idealista.com/blur/480_360_mq/0/id.pro.es.image.master/5f/38/4d/1349354577.webp,W-030M0D,27,430000.0,flat,sale,104.0,1,1,Barrio Campo de las Naciones-Corralejos,Madrid,Madrid,es,40.4691393,-3.5914234,False,https://www.idealista.com/inmueble/108591322/,"Piso con terraza en Coronales Engel and Völkers, les ofrece en exclusia este estupendo apartamento de un dormitorio, con terraza, en una de las mejores urbanizaciones de la zona  El dormitorio es muy amplio, con dos armarios empotrados y su baño en suite que tiene plato de ducha con mampara y barra secadora. La cocina americana equipada con todos los electrodomésticos como nuevos, se abre al salón (luces halógenas empotradas techo) quien da paso a la amplia terraza (de 14m2) totalmente ajardinada y con toldo en perfecto estado.  Todas las estancias cuentan con aire acondicionado y calefacción individual. La vivienda incluye puerta blindada de seguridad, una amplia plaza de garaje, dónde caben un coche y una moto, y trastero con acceso directo desde el ascensor. La urbanización tiene piscina con gran zona de descanso con césped natural, zonas de ocio infantiles, zonas verdes preciosas. y vigilancia (portero y cámaras). Coronales forma parte del madrileño distrito 21: Barajas. Al noreste de Madrid, su ubicación exacta se encuentra entre la M-11, la Avenida de Logroño y la calle Bahía de Cádiz y el Parque Juan Carlos I. En los últimos años ha pasado a ser una de las zonas más cotizadas del distrito y lo será aún más cuando, en tres años, el Aeropuerto Adolfo Suárez Madrid-Barajas, cuente con estación de AVE.  A su privilegiada situación estratégica hay que añadirle su fácil acceso en vehículo privado, dada su proximidad a la M- 40 y a la A-2. Pero no sólo es interesante por su situación. Coronales cotiza al alza si hablamos de espacios abiertos, zonas verdes y tranquilidad o bienestar, algo tan intangible como necesario. Al ya mencionado Parque Juan Carlos I, le sumamos una de las zonas verdes más bellas de la ciudad, el parque de El Capricho. Pese a que estrictamente no está en el barrio, su cercanía en la vecina Alameda de Osuna, lo convierten en una zona de esparcimiento de primer orden para quienes habitan Coronales / Corralejos. Los amantes del golf tienen en el Campo de La Hinojosa, un lugar perfecto para practicar este deporte. Coronales es un enclave con todos los servicios necesarios para garantizar su comodidad: centros deportivos, educativos, comerciales, hospitalarios, etc. , en un ambiente tranquilo y seguro.",False,good,False,4135.0,False,False,False,False,[],False,False,430000.0,€,True,True,flat,,"Campo de las Naciones-Corralejos, Madrid",Piso,,True,True,Barajas,,Campo de las Naciones-Corralejos,,,,
108639199,https://img4.idealista.com/blur/480_360_mq/0/id.pro.es.image.master/2c/28/bf/1350811135.webp,3777,13,1709000.0,flat,sale,132.0,3,3,Barrio Goya,Madrid,Madrid,es,40.427888,-3.6733905,False,https://www.idealista.com/inmueble/108639199/,"Fortuny Madrid Real Estate presenta en el prestigioso barrio de Salamanca - Goya, esta propiedad en obra ofrece un diseño moderno y funcional con una excelente distribución de espacios. Con 164 metros construidos, destaca por su amplitud y luminosidad. La vivienda cuenta con tres habitaciones, tres baños, terraza y un amplio salón con cocina equipada, proporcionando un entorno cómodo y sofisticado. Además, dispone de calefacción comunitaria y aire acondicionado, asegurando confort en cualquier época del año. La inclusión de un cuarto de lavado añade practicidad al hogar, mientras que su ubicación privilegiada en una de las zonas más demandadas de Madrid la convierte en una excelente oportunidad de inversión. La gran mayoría de los inmuebles que tenemos en esta zona solo se encuentran en nuestra web. Visite nuestra página y descubra exclusivas viviendas. Fortuny Madrid Real Estate es una empresa con sólida experiencia formada por un grupo de consultores inmobiliarios especializados en la zona Prime de Madrid, creada con el objetivo de satisfacer las necesidades de los clientes más exigentes nacionales e internacionales. Somos un referente en el mercado español, ofreciendo un servicio completo con viviendas residenciales de alta calidad y una amplia gama de servicios inmobiliarios, cubriendo tanto el área privada como el área comercial para conseguir que personas físicas jurídicas, instituciones e inversores queden plenamente satisfechos con nuestros servicios.",False,good,False,12947.0,True,False,False,False,[],False,False,1709000.0,€,True,True,flat,,"Goya, Madrid",Piso,5,True,True,Barrio de Salamanca,,Goya,,,,
108147170,https://img4.idealista.com/blur/480_360_mq/0/id.pro.es.image.master/69/c5/6c/1335266142.webp,,19,950000.0,flat,sale,127.0,1,2,"avenida de Luis García Cereceda, 7",Madrid,Pozuelo de Alarcón,es,40.4062857,-3.8008773,True,https://www.idealista.com/inmueble/108147170/,"Dúplex en planta baja con jardín privado Nueva promoción de viviendas de última generación en LaFinca. En la urbanización encontramos viviendas desde 1 a 3 dormitorios en dúplex y una sola planta. Todas ellas con balcón o jardín, espacios protagonizados por la luz. Vivienda en dos plantas. En la planta inferior se encuentra la zona de día compuesta por salón-cocina orientado al sur con jardín privado, aseo de cortesía y lavadero. En la planta superior se encuentra la zona de noche, con el dormitorio y el baño principal separados por un patio ajardinado. El dormitorio principal se orienta al sur con un gran ventanal. Todas las viviendas cuentan con 2 plazas de aparcamiento y trastero, además de amplios cuartos para bicicletas. La urbanización cuenta con amplias zonas verdes que distribuye las distintas zonas comunes, gimnasio con luz y ventilación natural, centros de trabajo en la misma urbanización que permiten conciliar el entorno familiar y profesional sin desplazarse gracias a los COVIT ROOMS. Y piscina comunitaria con amplios vestuarios. La finca GARDEN, forma parte del conjunto residencial LGC, que también contará con zona de ocio y servicios, La Finca Grand Café como punto de encuentro donde se fusionará la mejor restauración premium con una experiencia de compra excepcional y la zona deportiva, el club LaFinca Golf.  También se encuentra próximo a los mejores colegios internacionales (Colegio Británico), prestigiosos hospitales (Hospital Universitario Quirón) y clínicas privadas (La Zarzuela). cercanía a otros centros comerciales como El Zielo, Corte Inglés de Pozuelo y el complejo de ocio Kinépolis.",False,good,False,7480.0,True,False,False,False,[],False,False,950000.0,€,True,True,flat,,"La Finca, Pozuelo de Alarcón","Piso en avenida de Luis García Cereceda, 7",bj,True,True,Zona Prado de Somosaguas - La Finca,,La Finca,,,,
107939619,https://img4.idealista.com/blur/480_360_mq/0/id.pro.es.image.master/20/a3/b0/1328923019.webp,,27,2400000.0,duplex,sale,250.0,4,5,"avenida de Luis García Cereceda, 7",Madrid,Pozuelo de Alarcón,es,40.4062857,-3.8008773,True,https://www.idealista.com/inmueble/107939619/,"Espectacular dúplex con jardín y piscina privada en LaFinca Esta vivienda cuenta con zona de día rodeada de terraza-jardín con piscina, ubicada en planta baja, y zona de noche en planta primera. Quedan unidas entre sí por una espectacular escalera y por un ascensor-elevador privado. La innovadora y exclusiva configuración arquitectónica del edificio en su conjunto consigue dotar a esta vivienda de total privacidad y garantiza la tranquilidad de no ser visto desde arriba. Zona de día: En planta baja, la zona de día está rodeada de una terraza-jardín de 160 m2, con zonas de estar norte y sur, que incluye piscina privada. Se accede a través de un espacio en doble altura abierto a la escalera y vistas al sur. Cuenta con un salón-comedor orientado a sur de 40 m2, amplia cocina de abierta al comedor y zona de servicio (despensa, lavadero, tendedero, dormitorio servicio, baño servicio, aseo de cortesía). Zona de noche: En planta primera, el distribuidor en doble altura da paso a los dormitorios. La superficie destinada al dormitorio principal y cuarto de baño con ducha y bañera, tocador y wc, es de 32 m2 y cuenta con terraza propia y magníficas vistas a sur. Los dos dormitorios secundarios cuentan con baño propio. La vivienda cuenta con 4 plazas de garaje y trastero. Las Sky Villas funden los conceptos de vivienda unifamiliar y vivienda en comunidad. Ya no es necesario renunciar al jardín para tener privacidad o a las vistas para disfrutar de una piscina, ni privarse de las ventajas de vivir en comunidad. Con las Sky Villas las viviendas se benefician de las ventajas de una y otra tipología de edificio, evitando los inconvenientes de ambas. Las Sky Villas de LAFINCA disponen de enormes ventanales que se abren al sol y a las vistas hacia los jardines y el campo de golf. En una magistral comunicación del interior y el exterior, el paisaje pasa a formar parte de la vivienda. UBICACIÓN ESTRATÉGICA El conjunto residencial se encuentra próximo a los mejores colegios internacionales (Colegio Británico), prestigiosos hospitales (Hospital Universitario Quirón) y clínicas privadas (La Zarzuela). También tendrá a su alcance instalaciones deportivas de gran nivel como el Reebok Sport Place y cercanía a otros centros comerciales como El Zielo, El Corte Inglés de Pozuelo y el complejo de ocio Kinépolis. COMUNICACIONES El conjunto residencial ofrece excelentes comunicaciones a través de la M-40, M-50, M511, A5 y A6. Autobuses interurbanos conectados con el centro de la capital y metro ligero. EL ENTORNO Naturaleza y arquitectura se entrelazan dando lugar a un conjunto residencial que se percibe como un gran jardín, donde el agua y la vegetación, junto con el sol, son protagonistas indiscutibles. Más de 40.000 m2 de jardines comunitarios, sin viario que los interrumpa, se suman a los jardines privados de cada una de nuestras SKY VILLAS. Las SKY VILLAS cuentan con espectaculares vistas al nuevo campo LaFinca Golf cuidadosamente concebido como un espacio de respeto al medio ambiente e integración paisajística con el terreno original. El conjunto residencial LaFinca LGC está concebido para que los residentes en nuestras SKY VILLAS disfruten de la mejor calidad de vida. A escasos 200 metros, en la Avenida Luis García Cereceda se ubicará LAFINCA GRAND CAFÉ el que está llamado a convertirse en referente de la restauración premium en España. Calidad, seguridad y diseño se unen para conseguir un ambiente único y una experiencia de compra y restauración excepcional.",False,good,False,9600.0,True,False,False,False,[],False,False,2400000.0,€,True,True,flat,duplex,"La Finca, Pozuelo de Alarcón","Dúplex en avenida de Luis García Cereceda, 7",bj,True,True,Zona Prado de Somosaguas - La Finca,,La Finca,,,,
107364689,https://img4.idealista.com/blur/480_360_mq/0/id.pro.es.image.master/7c/78/40/1314257493.webp,,18,190000.0,flat,sale,40.0,2,1,"calle del Labrador, 21",Madrid,Madrid,es,40.4004594,-3.7037657,True,https://www.idealista.com/inmueble/107364689/,"Ofrecemos en venta este piso de 40 m2 en la demandada zona de Acacias, en Embajadores, Madrid, En pleno parque de Peñuelas, junto al Parque Madrid Río. Zona con grandes superficies ajardinadas. A 10 minutos de la Puerta de Toledo y del Rastro. Hablamos de un piso interior, de 40 m2 distribuidos en salón, 2 habitaciones, cocina y baño. Gastos de comunidad muy contenidos, 38 euros al mes. En la actualidad se está reformando el tejado con derramas que asume la propiedad actual.  Dispone de calefacción eléctrica pero el edificio tiene instalada la toma de gas ciudad por lo que podría instalarse esta calefacción en el piso. El edificio tiene además ascensor.",False,good,False,4750.0,True,False,False,False,[],False,False,190000.0,€,,,flat,,"Acacias, Madrid","Piso en calle del Labrador, 21",st,False,True,Arganzuela,,Acacias,,,,
108584133,https://img4.idealista.com/blur/480_360_mq/0/id.pro.es.image.master/5a/88/b6/1349143403.webp,W-030F4T,46,970000.0,chalet,sale,212.0,4,4,El Bosque,Madrid,Villaviciosa de Odón,es,40.3854398,-3.9382887,False,https://www.idealista.com/inmueble/108584133/,"Magnifico chalet en El Bosque Engel&Völkers tiene el placer de poder comercializar este bonito chalet con un encanto especial por su forma de arquitectura y su bonita escalera interior. Es un chalet amplio con grandes terrazas, muy luminoso, con una gran piscina y un bonito jardín donde podrás disfrutar con tu familia, amigos y descansar los fines de semana. Al entrar en este chalet nos encontramos con una gran escalera que nos distribuye la casa, a la izquierda nos encontramos con un bonito salón, con chimenea y un comedor anexo independiente anexo con salida al jardín y a la piscina. Dispone de una bonita cocina abierta al salón amueblada con todos los electrodomésticos y de color blanco que le da mayor amplitud. En esta planta nos encontramos con 2 habitaciones, una de ellas es la principal con su cuarto de baño en suite y armarios empotrados y la otra habitación con gran luminosidad. Dispone de un bonito aseo de cortesía y armario gabanero. En la planta superior, nos encontramos con 2 habitaciones amplias, con gran terraza y armarios empotrados, un salón y un cuarto de baño completo y muy amplio. Dispone de varios trasteros muy cómodos para poder guardar todo tipo de cosas. En la zona de la piscina muy próxima a la casa dispone de otra habitación y cuarto de baño completo, válido para cuarto de servicio, así como un apartamento exterior. El garaje es exterior y sirve como para 3 coches. La calefacción es por Gas propano pero tiene la instalación para el gas natural. Dispone de aire acondicionado en toda la casa. Excelente ubicación en la arteria principal de la urbanización accesible a todos los servicios de la misma a pie. La urbanización El Bosque pertenece a Villaviciosa de Odón, muy cerca de Boadilla del Monte. Con todos los servicios necesarios, la urbanización cuenta con vigilancia las 24 horas. Cerca del Colegio Ágora Internacional, el desarrollo de las instalaciones del Centro Oficial de la Liga y de la NBA en España, la Universidad Europea de Madrid y de una zona comercial con restaurantes, supermercado, escuela de baile, farmacia, cafeterías, veterinario, parroquia y campo de golf. Dos ambulatorios en casco urbano así como hospitales cercanos. Al municipio se accede desde la carretera M-501, Km-69 y desde la carretera M-50. Limita con los términos municipales de Boadilla del Monte, Villanueva de la Cañada, Brunete, Sevilla la Nueva, Móstoles, Alcorcón y Navalcarnero. Transporte público con paradas en Príncipe Pío y Cercanías de Móstoles. Mejorada también la conexión de transporte de Villaviciosa de Odón con la estación de Colonia Jardín.",False,good,False,4575.0,False,False,False,False,[],False,False,970000.0,€,True,True,chalet,independantHouse,"El Bosque, Villaviciosa de Odón",Casa independiente,,,,El Bosque,,,,,,
107153811,https://img4.idealista.com/blur/480_360_mq/0/id.pro.es.image.master/7c/79/86/1337214554.webp,0096-00995,27,240000.0,flat,sale,90.0,1,1,"calle del León, 30",Madrid,Madrid,es,40.4129468,-3.6993957,True,https://www.idealista.com/inmueble/107153811/,"303 Situado en el emblemático barrio de las Letras-Cortes, este piso abuhardillado y amueblado con mucho encanto ofrece una oportunidad única de vivir en el corazón de Madrid o de invertir con buena rentabilidad. Desde la quinta y última planta, a través de sus ventanas de Climalit, se puede ver el cielo madrileño y disfrutar de la tranquilidad de un piso interior estando en el centro de la capital. Esta buhardilla con vigas de madera transmite la sensación de vivir en un hogar acogedor y luminoso, con sus techos bajos, su cocina amplia y su toque bohemio. El piso de 57 m2 útiles está distribuido en dos alturas: la habitación con techo bajo, un pasillo abierto y luminoso, una cocina amplia y equipada, un baño y un espacio chill de salón abuhardillados. La vivienda se sitúa en la quinta y última planta del edificio, el ascensor llega hasta la cuarta planta. Ubicado entre la calle de Atocha y la calle de Huertas, a escasos metros de la estación de metro de Antón Martín, y a unos metros de la Puerta del Sol, su situación es inmejorable y está muy bien comunicada. Dispone de todo tipo de servicios al lado, supermercados, tiendas, cafeterías, restaurantes y bares de los más auténticos a los más modernos de la capital. El uso turístico no está permitido. No cobramos honorarios al comprador.",True,good,False,2667.0,True,True,True,False,[],False,False,240000.0,€,,,flat,,"Huertas-Cortes, Madrid","Piso en calle del León, 30",5,True,True,Centro,,Huertas-Cortes,,,,
108220953,https://img4.idealista.com/blur/480_360_mq/0/id.pro.es.image.master/2e/47/84/1337698599.webp,VENTA-RABOSO,33,453000.0,penthouse,sale,124.0,3,1,calle Emilio Raboso,Madrid,Madrid,es,40.3937009,-3.6714177,False,https://www.idealista.com/inmueble/108220953/,"SERVICHECK INMOBILIARIA VENDE ULTIMAS VIVIENDAS  ATICO de 3 habitaciones y 2 cuartos de baño con plato de ducha, cocina integrada al salón, terraza amplia de 25 metros con salida desde el salón, diseño moderno y acabados de gran calidad, en una ubicación excelente y estratégica para disfrutar de la ciudad sin renunciar a nada. gran terraza. Incluye trastero.  Son primeras calidades, tiene suelo radiante, máquina de aire acondicionado y bombas de calor, máquina de ventilación y purificación de aire, extractores de seguridad, y ventilación, agua caliente sanitaria con placas solares, armarios vestidos con cajoneras, ventanas cortizo con climalit, cerámica en toda la casa, baños completos con muebles, cocinas amuebladas con electrodomésticos (vitro, campana, lavadora, lavavajillas, nevera y horno), construidos con la nueva normativa del 2021. Una oportunidad de adquirir una vivienda a estrenar a escasos metros del parque de Tierno Galván y del nuevo proyecto de soterramiento de la M30 elevando la zona y uniendo pacifico con puente de vallecas, destacar también la gran cantidad de ocio y deporte gracias a la zona comercial de Méndez Álvaro y Vallecas. Excelentemente comunicada tanto por transporte público con diversas líneas de autobús y metro a unos pasos de la puerta de casa, como si nos vamos de viaje, AVE a diez minutos, Aeropuerto bien conectado y M30 más carreteras de acceso directo como la A3 o la A4. Vivienda rodeada de supermercados, centros de especialidades médicas, restaurantes, bibliotecas municipales, colegios e institutos, si gracias a la zona comercial de Méndez Álvaro y Vallecas. Viviendas prácticas, luminosas, cuidadas hasta en los más mínimos detalles. Por dentro y por fuera. Con espacios llenos de posibilidades para garantizar tu bienestar, esta céntrica zona de la capital estarás cerca de todo, mientras disfrutas de un espacio único. Su ubicación convierte a este residencial en un lugar para disfrutar de la ciudad con tan solo mirar por la ventana. A su perfecta ubicación se suman todas las comodidades, soluciones técnicas y constructivas que te sorprenderán. Mejor ver, preguntar por Carlos Nastasia al 695_190_289 (también se atiende por WhatsApp).",True,good,False,3653.0,True,False,True,False,[],False,False,453000.0,€,,,flat,penthouse,"San Diego, Madrid",Ático en calle Emilio Raboso,2,True,True,Puente de Vallecas,,San Diego,,,,
102637734,https://img4.idealista.com/blur/480_360_mq/90/id.pro.es.image.master/d8/38/e1/1162150721.webp,,42,1800000.0,penthouse,sale,266.0,3,3,"avenida de América, 37",Madrid,Madrid,es,40.4398635,-3.6719725,True,https://www.idealista.com/inmueble/102637734/,"OIKOS INMOBILIARIA VENDE EN EXCLUSIVA ESTE ESPECTACULAR PISO EN UNO DE LOS EDIFICIOS MÁS EMBLEMÁTICOS DE MADRID, CON UNA MARAVILLOSA Y RECIENTE REFORMA QUE HACE QUE SEA UN PISO ÚNICO, EN UN EDIFICIO ÚNICO Y CON UNA UBICACIÓN ÚNICA, EN PLENO CENTRO DE MADRID. Espectacular piso en la planta 12ª, todas las orientaciones, con unas vistas panorámicas impresionantes y luz natural TODO el día en todas las estancias. Incluye 2 terrazas privadas e independientes, una en zona de salón y otra en dormitorio principal. Ambas iluminadas y con toma de agua. Edificio emblemático del arquitecto Francisco Javier Sáenz de Oíza, único en el mundo premio nacional de arquitectura. No dejes de contemplar la maravillosa escalera principal de caracol realizada en mármol que recorre todo el edificio como si fuera un tronco de un árbol. Magnífica azotea donde hay una singular piscina y un solárium de gran tamaño, cuya forma coincide con el diseño circular del edificio. Vistas 360º de todo Madrid (estadio Santiago Bernabéu, estadio Metropolitano, Plaza de toros Las Ventas, Pirulí, Casa de Campo, la Sierra de Madrid, aeropuerto, las Torres, etc.). Imponentes puestas de sol hacia la sierra de Madrid. Reformado íntegramente, con materiales de alta calidad; y diseño moderno y acogedor. Se mantiene la estructura y formas originales, dotándole de las comodidades y gustos más actuales. Desde que entras sentirás que estás en una espacio muy abierto y cálido, con un salón de más 60m2. Déjate sorprender en la forma en que se integra el hormigón con el resto de materiales. Cuenta con 3 dormitorios, todos con armarios empotrados, vestidos completamente con espacios bien diferenciados e iluminados interiormente. El principal dispone de un amplio vestidor y su baño en suite. Hay otros 2 baños, completos y diferentes. Aislado acústicamente, te sorprenderá la tranquilidad de vivir en un sitio así. Todas las ventanas son oscilobatientes, lacadas en blanco en interior y simulando madera en exterior para ir en conjunto con el edificio. Está situado en el ala más alejado de la zona de ascensores, donde la privacidad es absoluta. Aire acondicionado en todas las estancias. Funcionan también como bomba de calor si no se precisa usar la calefacción central o dar un plus de calor al hogar. Disfrutarás de su magnífica cocina de diseño, con unas vistas increíbles. La superficie total son 266m2 en una sola planta, de los cuales 220 son útiles. Se incluye trastero grande a nivel del garaje (caben bicicletas) y la mejor plaza de garaje donde cabe, además de coche grande, moto o bicicletas. En la zona de garaje hay un área para lavadero de coches. Dispone de ascensores directos a cada planta, así como otro diferente para el acceso a garaje y entrada por la zona de servicio. Acceso también adaptado a personas con problemas de movilidad. Cuenta con servicio de conserjería y seguridad 24 horas tanto física como videovigilada. Preinstalación para coche eléctrico en garaje. Sólo tendrás que preocuparte de tu consumo eléctrico porque el resto está incluido en la cuota comunitaria (calefacción, agua, limpieza, etc.). Muy bien comunicado, con transporte público en la misma puerta tanto bus como metro, próximo al intercambiador de Av. de América y salida directa a la A2. Colegio y espacio deportivo justo enfrente y demás servicios a pocos metros. Se trata de un barrio muy solicitado y consolidado, con todo tipo de servicios y un ambiente muy vivo.",False,good,False,6767.0,True,False,False,False,[],False,False,1800000.0,€,True,True,flat,penthouse,"Prosperidad, Madrid","Ático en avenida de América, 37",12,True,True,Chamartín,,Prosperidad,,,,
108081299,https://img4.idealista.com/blur/480_360_mq/0/id.pro.es.image.master/b3/4a/6e/1333242223.webp,0096-01081,55,1350000.0,chalet,sale,534.0,5,5,"paseo del Perú, 39",Madrid,Ciudalcampo,es,40.6197047,-3.6217011,True,https://www.idealista.com/inmueble/108081299/,"202 Descubre esta espectacular vivienda unifamiliar de 534 m² construidos sobre una amplia parcela de 2.600 m², situada en una de las zonas más privilegiadas de Ciudalcampo, una urbanización privada y segura al norte de Madrid, rodeada de naturaleza y tranquilidad. La propiedad se distribuye en dos plantas y sótano. Cuenta con espacios amplios, luminosos y funcionales. Dispone de: 5 dormitorios, tres de ellos con baño en suite 5 baños completos. 2 salones, 1 con chimenea, ideales para el descanso o reuniones Comedor independiente con acceso directo al jardín Cocina totalmente reformada, moderna y equipada Terraza en planta alta, perfecta para disfrutar de vistas y atardeceres Piscina privada con zona de solárium, barbacoa, salita y cuarto de baño. Amplio jardín consolidado con riego automático Espacio para varios vehículos Situado en Paseo del Perú, una calle residencial tranquila, este chalet combina privacidad con excelentes accesos a la A1 y cercanía a servicios de alto nivel: colegios internacionales como SEK y Trinity College, el Club RACE (golf, hípica, tenis), seguridad 24h y un entorno natural único. Una oportunidad ideal para familias que buscan calidad de vida, espacio y confort en una de las urbanizaciones más exclusivas de Madrid.",True,good,False,2528.0,True,True,False,False,[],False,False,1350000.0,€,True,True,chalet,independantHouse,Ciudalcampo,"Casa independiente en paseo del Perú, 39",,,,,,,,,,
108859082,https://img4.idealista.com/blur/480_360_mq/0/id.pro.es.image.master/bc/00/df/1357209925.webp,17477-2025,11,230000.0,flat,sale,78.0,3,1,calle de Calahorra,Madrid,Madrid,es,40.4065158,-3.6134972,False,https://www.idealista.com/inmueble/108859082/,"¡ Oportunidad! Piso de 78 m² a la venta en el barrio de Vicálvaro, Madrid. La vivienda está distribuida en salón-comedor, tres dormitorios, cocina, cuarto de baño y vestíbulo. Cuenta con suelos de gres, ventanas de aluminio, puertas de paso interiores de madera de sapelly, armarios empotrados, instalación de aire acondicionado.. . Se encuentra en buen estado general de conservación. Es una 1ª Planta en un bloque residencial sin ascensor. Buenas comunicaciones por carretera (E-5) y transporte público, a menos de cinco minutos andando de la parada de autobús de la calle Casalarreina. Próximo a todo tipo de servicios e infraestructuras como centros educativos (IES Joaquín Rodrigo), comercios, supermercados, farmacias, zonas verdes... SIN COMISIÓN.",False,good,False,2949.0,False,False,False,False,[],False,False,230000.0,€,,,flat,,"Ambroz, Madrid",Piso en calle de Calahorra,1,True,False,Vicálvaro,,Ambroz,,,,
108879735,https://img4.idealista.com/blur/480_360_mq/0/id.pro.es.image.master/ea/27/7c/1357862975.webp,1711,12,180000.0,studio,sale,30.0,0,1,calle del Capitán Blanco Argibay,Madrid,Madrid,es,40.4655797,-3.7059,False,https://www.idealista.com/inmueble/108879735/,"Gentile Home presenta oportunidad Única: Estudio listo para habitar o invertir en Valdeacederas. Ubicación Estratégica: A tan solo 10 minutos de las estaciones de metro de Valdeacederas (L-1) y Ventilla (L-9), con Plaza de Castilla y Cuzco a tu alcance. La comodidad de tener la ciudad a tus pies. Listo Para Ti: Este estudio cuenta con cocina integrada, baño independiente y está equipado con placa vitrocerámica, campana extractora, lavadora-secadora, horno, microondas y nevera. Además, cuenta con un sistema de aire acondicionado frío/calor perfectamente instalado. Inversión Inteligente: Ideal para una alta rentabilidad si estás pensando en alquilar. También es perfecto como primera vivienda, ya que lo tiene todo. Actúa Rápido: Propiedades como esta no duran eternamente en el mercado. Sin comisiones, directo del propietario. Tu hogar o tu próxima inversión te esperan. No dejes pasar esta oportunidad. Descripción del Lugar Adéntrate en el vibrante barrio de Madrid, donde la historia y la modernidad se entrelazan en una danza cautivadora. Con un total de 50 puntos de interés en un radio de 15 minutos, encontrarás una red de transporte público eficiente, con paradas de autobús a solo 1 minuto de distancia en Pinos Baja-Blanco Argibay y Blanco Argibay-Pinos Baja, que te conectan con toda la ciudad. Además, en un radio de 15 minutos, descubrirás 28 opciones deliciosas de comida y bebida, con el restaurante Amor al Plato a solo 3 minutos de caminata, y el Mesón Benavente a 5 minutos, donde podrás disfrutar de la auténtica cocina regional. Si buscas conveniencia, estarás encantado de saber que hay 56 tiendas de comestibles a poca distancia, incluyendo la carnicería Ángel, la frutería Arroyo, y una tienda de conveniencia en Paseo de la Dirección.  Además, para aquellos con niños, hay 14 escuelas en las cercanías, como el Centro Privado de Educación Infantil, Primaria y Secundaria Divino Corazón, a solo 8 minutos a pie, y el Colegio de Educación Infantil y Primaria Juan Ramón Jiménez, también a 8 minutos de distancia. Para quienes buscan un respiro en medio del bullicio urbano, a tan solo 10 minutos de caminata, encontrarán el hermoso Parque Agustín Rodríguez Sahagún y el encantador Jardín de Luis Javier Benavides, donde podrán sumergirse en la naturaleza y disfrutar de momentos de tranquilidad.  Además, con 5 farmacias en las cercanías, incluyendo la Farmacia Argibay a solo 3 minutos de distancia, tendrás la tranquilidad de saber que la atención médica está a tu alcance en todo momento.  ¡Bienvenido a este emocionante y conveniente vecindario que lo tiene todo!",False,good,False,6000.0,True,False,False,False,[],False,False,180000.0,€,,,flat,studio,"Valdeacederas, Madrid",Estudio en calle del Capitán Blanco Argibay,bj,True,False,Tetuán,,Valdeacederas,,,,
108806038,https://img4.idealista.com/blur/480_360_mq/0/id.pro.es.image.master/02/a4/cd/1356555333.webp,LIRE-03527,28,225000.0,flat,sale,84.0,3,1,calle Adrada de Haza,Madrid,Madrid,es,40.391428,-3.6500178,False,https://www.idealista.com/inmueble/108806038/,"NO COBRAMOS COMISIÓN DE INTERMEDIACIÓN AL COMPRADOR Excelente oportunidad de adquirir esta propiedad ubicada en esta localidad. Disponemos de esta propiedad en edificio residencial que puedes adquirir en propiedad, muy bien distribuida y con distintas dependencias, ofreciendo todo lo que necesitas para una vida cómoda y moderna. Desde el momento en que cruces la puerta de entrada, te sentirás acogido por su ambiente cálido. Esta propiedad es ideal para quienes buscan un entorno natural y acogedor. Estado interior en buen estado general, y con múltiples opciones y posibilidades para reformar/actualizar. Inmejorable inmueble para desarrollar tu proyecto de reforma o adecuación. Diseña el hogar de tus sueños a medida, gracias a las numerosas posibilidades de la vivienda. Situada en entorno tranquilo, pero a poca distancia del centro de la localidad dónde disponer de servicios cómo supermercados, comercios, hostelería, plazas, etc.  Esta espaciosa propiedad cuenta con mucha luz y espacio perfecto para disfrutar de momentos en familia y reuniones con amigos. Decorado con gusto y con materiales de alta calidad, esta propiedad ofrece una experiencia de vida inmejorable. Cuenta con suelos de parquet, cocina con galería acristalada, armarios empotrados y un amplio balcón dónde disfrutar del exterior de la vivienda. En una zona inmejorable muy bien comunicada por carretera, lo que facilita los desplazamientos a distintos puntos de la región o del país. Situado en una zona residencial tranquila, este piso disfruta de una ubicación estratégica.  Hipoges es una plataforma inmobiliaria donde podrás acceder a miles de activos inmobiliarios de diferentes tipos como viviendas, locales comerciales, terrenos, nueva obra, tanto a nivel particular como para inversores. Hipoges cuenta con una amplia cartera de activos inmuebles tanto en España como en Portugal y Grecia. ¿Necesitas financiación? Te ofrecemos la posibilidad de financiaciones de hasta el 100% para la compra de este inmueble. Entra en Finanwin. com, haz tu simulación y obtén la mejor oferta para tu Hipoteca de la manera más ágil y sencilla.",True,good,False,2679.0,True,False,True,False,[],False,False,225000.0,€,,,flat,,"Portazgo, Madrid",Piso en calle Adrada de Haza,1,,False,Puente de Vallecas,,Portazgo,,,,
108884241,https://img4.idealista.com/blur/480_360_mq/0/id.pro.es.image.master/43/3d/ff/1357891544.webp,,45,400000.0,chalet,sale,191.0,3,2,calle de los Veneros,Madrid,Los Molinos,es,40.7179309,-4.0839637,False,https://www.idealista.com/inmueble/108884241/,"En pleno corazón de la Sierra de Madrid, en el encantador pueblo de Los Molinos, se encuentra esta acogedora casa adosada que combina el encanto rural con la comodidad de un hogar cuidado al detalle. Rodeada de naturaleza y montañas, esta vivienda es el lugar ideal para conectar con la tranquilidad sin renunciar a la cercanía de Madrid. La entrada ya nos sorprende con un rincón lleno de robles y lilos, una bienvenida que ya deja entrever el carácter especial de esta propiedad. Y se accede a la vivienda por el jardín, que también nos sorprenderá por sus árboles como higueras, prunos y rosales, entre otros… Es como un pequeño oasis. Pasamos al amplio porche, un lugar ideal para comidas y veladas de tarde, y de ahí a la casa que se distribuye en dos plantas principales, más un semisótano con acceso independiente, ideal como apartamento de invitados, espacio de trabajo o zona de ocio. Planta principal: Acogedor salón con chimenea, cálido y luminoso, cocina independiente, baño completo. Planta superior: tres dormitorios con buena orientación y luz natural, segundo baño completo, terraza con vistas despejadas al jardín y al paisaje serrano. Semisótano (entrada independiente desde el exterior): amplio salón con chimenea, perfecto para reuniones o descanso. Cocina auxiliar, cuarto trastero. Acceso a un patio trasero privado. La vivienda cuenta con dos plazas de garaje independientes y a escasos 100 m de la casa. Los Molinos es un pueblo con alma, historia y naturaleza. Un lugar ideal para vivir o desconectar, donde cada estación del año tiene su encanto. Más propiedades en nuestra web: veintidosinmobiliaria. es.",True,good,False,2094.0,True,True,False,False,[],False,False,400000.0,€,True,True,chalet,semidetachedHouse,Los Molinos,Chalet pareado en calle de los Veneros,,,,,,,,,,
108212964,https://img4.idealista.com/blur/480_360_mq/0/id.pro.es.image.master/6d/1a/98/1337290479.webp,CLC BAJO A,3,285000.0,flat,sale,85.0,2,2,"calle de Los Curas, 9",Madrid,Torrejón de Ardoz,es,40.4603754,-3.4792608,True,https://www.idealista.com/obra-nueva/108212964/,"Obra nueva en Calle de Los Curas, 9 Torrejón de Ardoz (Madrid). Edificio de 11 viviendas en el centro de Torrejón de Ardoz. Excelentes calidades.",False,,True,3353.0,True,False,False,False,[],False,False,285000.0,€,,,flat,,"Noroeste, Torrejón de Ardoz","Piso en calle de Los Curas, 9",bj,True,True,Noroeste,False,,,,,
98727967,https://img4.idealista.com/blur/480_360_mq/0/id.pro.es.image.master/c4/35/93/1088148603.webp,MIRADORDELSUR,39,1599000.0,countryHouse,sale,1038.0,3,2,M-530 s/n,Madrid,Villamanta,es,40.2984344,-4.1180642,True,https://www.idealista.com/inmueble/98727967/,"El precio podrá ser tratado o valorar la opción de restar de la totalidad una propiedad si se dan las condiciones.  Es una finca de 7,5HA que abarca la mayor parte de una colina. Cuenta con una vivienda principal lista para entrar a vivir de 260 m2 y una nave industrial de 700m2 que puede dedicarse a múltiples usos como pueden ser cuadras, corrales, almacén o cualquier actividad permitida. Además, de un refugio para caballos en la zona inferior de la finca.   La propiedad tiene agua de pozo propio y es autónoma energéticamente a través de una instalación de energía solar fotovoltaica con acumuladores, así como de un molino eólico que abastecen a la vivienda y caldera tanto de leña como de gasóleo.    La finca está situada en una zona completamente accesible y a sólo 2 minutos en coche del centro urbano de Villamanta, el acceso a ella se encuentra a pie de carretera con un camino perfectamente adaptado de pocos metros.    La vivienda principal cuenta con 256m2 construidos en una sola planta, distribuidos en un enorme hall de entrada que da acceso a las habitaciones, baños, cocina y salón.    La cocina es de diseño rústico, con espacios muy abiertos juntándose con un comedor al estilo americano. Contiguo a ésta, nos encontramos con un salón de enormes dimensiones con salida a la parcela, donde tenemos un cenador a modo chillout con las mejores vistas 360º de todo el municipio.     Al otro lado de la vivienda nos encontramos con las tres habitaciones. Dos de ellas son las secundarias, las cuales poseen unas dimensiones muy extensas asistidas por un baño completo con plato de ducha. La habitación restante es la de matrimonio, destacable por su tamaño y por su peculiar baño en suite.    La vivienda cuenta con una zona de recreo con porche o patio y con piscina de diseño.    Toda la vivienda está edificada con excelentes calidades y es de estilo rústico moderno.    En cuanto a la nave industrial, es de reciente construcción y actualmente se utiliza como un taller, y cuenta también con vivienda propia de 70m2 y además existe un apartamento de invitados de 45m2. Excelente opción de inversión, para después alquilar distintas naves, inmueble o terreno.    Villamanta es un encantador municipio de 2800 habitantes al suroeste de la Comunidad de Madrid ubicado en un entorno rural de vega y dehesa que hace de éste una de las mayores delicias naturales y medioambientales de la Comunidad de Madrid y sobre todo para los amantes de las actividades y deportes al aire libre.    El municipio cuenta con los servicios esenciales básicos como sucursales bancarias, consultorio médico, supermercados así como colegio público o zonas polideportivas.    Está muy bien comunicado por carretera, a tan solo 10 minutos del acceso a la A5 y R5, el centro comercial Intu Xanadú se encuentra a unos 20 minutos, el Hospital y la Universidad Rey Juan Carlos están a una distancia de 25 minutos. y a unos escasos 35 minutos de Madrid capital. Móstoles, Alcorcón y Fuenlabrada están a unos 20 minutos en coche.    Varias líneas de autobús interurbano tienen parada en varios puntos de la localidad y en el cercano municipio de Navalcarnero. La estación de tren más cercana se encuentra en Móstoles, con conexiones a Atocha-Renfe cada 10 minutos.    No dude en contactarnos.",True,good,False,1540.0,True,False,True,False,[],False,False,1599000.0,€,,,countryHouse,countryHouse,Villamanta,Finca rústica en M-530 s/n,bj,,,,,,,,,
108094044,https://img4.idealista.com/blur/480_360_mq/0/id.pro.es.image.master/92/18/89/1333626928.webp,1º B,11,285000.0,flat,sale,102.0,3,2,"calle Pinto, 56",Madrid,Parla,es,40.2394493,-3.7642648,True,https://www.idealista.com/obra-nueva/108094044/,"Parla Central es un proyecto residencial de la nueva generación de edificios en el centro de la ciudad.  Una promoción de obra nueva con viviendas de 1.2 y 3 dormitorios, moderna selección de materiales y calificación energética A.  A 5 minutos andando de la calle Real, Parla Central es la mejor opción de aquellos que desean vivir en el centro de la ciudad.",False,,True,2794.0,True,False,False,False,[],False,False,285000.0,€,,,flat,,"Calle Pinto-San Roque, Parla","Piso en calle Pinto, 56",1,True,True,Calle Pinto-San Roque,False,,,,,
108776828,https://img4.idealista.com/blur/480_360_mq/0/id.pro.es.image.master/e7/1c/60/1354808762.webp,,34,340000.0,flat,sale,54.0,1,1,"calle de Santiago de Compostela, 90",Madrid,Madrid,es,40.4784605,-3.7184704,True,https://www.idealista.com/inmueble/108776828/,"SOMOS PROPIETARIOS. SIN COMISIONES NI HONORARIOS DE AGENCIA. ¡Oportunidad en el Barrio del Pilar! Precioso piso extra luminoso con PISCINA y garaje en una de las zonas más consolidadas de Madrid. Situado en la calle Santiago de Compostela 90, en pleno eje de la Avenida de la Ilustración, este elegante y luminoso piso te ofrece confort, funcionalidad y bienestar en un entorno residencial, tranquilo y familiar. Características principales: Urbanización cerrada con piscina comunitaria, zonas ajardinadas y entrada independiente. Garaje incluido para mayor comodidad. Amplio salón comedor con grandes ventanales que inundan la vivienda de luz natural. Techos de aproximadamente 3.20 m de altura, que aportan sensación de amplitud y un toque vanguardista. Cocina americana totalmente equipada con electrodomésticos y encimera de porcelánico. Habitación amplia y, aunque en las fotos actuales no se muestra con puerta queremos destacar que se instalará una puerta para dejarla independiente y cerrada, lo que proporcionará un espacio privado y acogedor. Dispone de un cuarto de baño completo. Sistema de climatización con bomba de aire frío/calor asegura un ambiente confortable durante todo el año. Edificio bien conservado y mantenido, con portero físico 24/7, incluso en festivos, añade un extra de seguridad y tranquilidad. Ubicación privilegiada: a solo 10 minutos caminando del metro, muy cerca de la M-30, con una completa oferta de servicios, comercios (como La Vaguada), zonas verdes y centros comerciales. Este piso es una excelente oportunidad tanto para residencia habitual como para inversión, en un enclave privilegiado de Madrid, con un ambiente residencial, tranquilo y con todas las comodidades a tu alcance.",False,good,False,6296.0,True,False,False,False,[],False,False,340000.0,€,True,True,flat,,"Peñagrande, Madrid","Piso en calle de Santiago de Compostela, 90",bj,True,True,Fuencarral,,Peñagrande,,,,
107556337,https://img4.idealista.com/blur/480_360_mq/0/id.pro.es.image.master/a6/43/a9/1316048933.webp,1-3-C,17,344500.0,flat,sale,143.0,3,2,Agustina de Aragón s/n,Madrid,Valdemoro,es,40.205105,-3.6923611,True,https://www.idealista.com/obra-nueva/107556337/,"VIVIENDA 1-3-C bajo estudio de compra.  RESIDENCIAL AGUSTINA DE ARAGÓN – OBRA YA INICIADA Y ENTREGA EN FEBRERO DE 2026. Si estabas esperando el momento perfecto para conseguir tu vivienda en Valdemoro, ¡es ahora o nunca! Residencial Agustina de Aragón, la exclusiva promoción de Grupo Inmobiliario Roca, se acerca a su finalización y solo queda 1 vivienda libre. Ubicada en una urbanización privada con piscinas, gimnasio, pista multideportiva y zonas infantiles, esta promoción ha sido diseñada para ofrecer la máxima calidad de vida. Viviendas con certificado de eficiencia energética A, suelo radiante y refrescante por geotermia, amplias terrazas y espacios de hasta 239,38 m², incluyendo garaje y trastero. Desde 344.500 € + IVA, vive en un entorno con todos los servicios a tu alcance: colegios, parques, zonas de ocio y excelente conexión con transporte público. ¡No pierdas esta última oportunidad! Contacta ahora con Grupo Inmobiliario Roca y asegura tu vivienda antes de que se agoten. *Precios y condiciones sujetos a disponibilidad. Infografías y datos orientativos. Residencial Agustina de Aragón se ubica en un barrio de nueva construcción con una amplia oferta de servicios públicos, colegios, parques, zonas de ocio, y una excelente conectividad con la línea C3 de Cercanías, 9 líneas de autobuses interurbanos, y el Hospital Universitario Infanta Elena a menos de un kilómetro. Consulta todos los detalles de esta extraordinaria promoción en la web de Grupo Inmobiliario Roca o contáctanos por teléfono o email. No dejes pasar la oportunidad de vivir el lujo a diario. *Precios, infografías y datos válidos salvo error tipográfico. Las superficies de las estancias y zonas exteriores son metros cuadrados útiles y son aproximadas. La promotora se reserva el derecho a modificar los planos por razones técnicas, jurídicas y/o comerciales.",False,newdevelopment,True,2409.0,False,False,False,False,[],False,False,344500.0,€,True,True,flat,,"Hospital, Valdemoro",Piso en Agustina de Aragón s/n,3,True,True,Hospital,False,,,,,
107437615,https://img4.idealista.com/blur/480_360_mq/0/id.pro.es.image.master/37/d8/e6/1320635251.webp,7aa6e65e-9331-4a27-b312-1ee0681fbb4b,15,1790000.0,flat,sale,195.0,3,3,calle de Antonio Acuña,Madrid,Madrid,es,40.4215152,-3.6772902,False,https://www.idealista.com/inmueble/107437615/,"Inversión única e irrepetible en el Barrio de Salamanca ¡Oportunidad exclusiva! Adquiere un piso con alta rentabilidad a escasos pasos del emblemático Parque de El Retiro. Invierte ahora y disfruta de una rentabilidad superior al 4 %, con ingresos mensuales garantizados durante 5 años renovables según acuerdo. Se trata de un espectacular piso de 195 m², con posibilidad de diseñar 3 dormitorios en suite, ubicado en una finca señorial y elegante, en la mejor zona del prestigioso Barrio de Salamanca. Una propiedad ideal tanto para inversores como para quienes buscan un hogar de alto nivel en una de las zonas más cotizadas de Madrid. Invierte en el patrimonio de los tuyos AHORA.",False,good,False,9179.0,False,False,False,False,[],False,False,1790000.0,€,,,flat,,"Ibiza, Madrid",Piso en calle de Antonio Acuña,1,True,True,Retiro,,Ibiza,,,,
108339125,https://img4.idealista.com/blur/480_360_mq/0/id.pro.es.image.master/99/a1/ee/1341180099.webp,MC21-25,25,585000.0,flat,sale,163.0,4,2,calle Manuel de Falla,Madrid,Majadahonda,es,40.4492456,-3.8675028,False,https://www.idealista.com/inmueble/108339125/,"HOGARES MAJADAHONDA VENDE EN EXCLUSIVA MAGNÍFICO PISO DE CUATRO DORMITORIOS EN UNA DE LAS ZONAS RESIDENCIALES MAS PRIVILEGIADAS DE MAJADAHONDA La vivienda se encuentra a escasos minutos del Hospital Puerta de Hierro, a un minuto del Colegio San Jaime y a 300 metros del Centro Comercial Centro Oeste. Dispone de todos los servicios al alcance de la mano; tales como farmacia, centro de salud, guarderia, gimnasios, gasolinera, tiendas, restaurantes y varios supermercados. Además posee excelentes comunicaciones a la M-503, M-40 y M-50, y una amplia oferta de transporte público. La urbanización en recinto cerrado nos ofrece todos los servicios, tales como piscina, zonas verdes, parque infantil y pistas de pádel y tenis. Entrando a la vivienda nos encontramos con un gran salón-comedor, perfecto para disfrutar de los momentos de relax y descanso. La terraza exterior al salón nos proporciona un agradable espacio con vistas al parque. La cocina independiente está totalmente equipada y dispone de gran capacidad de almacenaje con muebles altos y bajos, además de una zona extra para lavandería.  En la zona de descanso disponemos de dormitorio principal con armarios empotrados y baño completo en suite. También nos encontramos con tres habitaciones más y otro baño completo reformado con plato de ducha que da servicio al resto de las estancias de la casa.  La vivienda cuenta también con trastero y una amplia plaza de garaje en la que estacionar cómodamente nuestro vehículo. ¡Benefíciese de nuestro método de trabajo! Gestionamos la venta de su vivienda, encadenamos todos los plazos, contratos, documentación para la escritura pública, tramitación de hipoteca. Consúltenos sin ningún compromiso.",False,good,False,3589.0,True,False,False,False,[],False,False,585000.0,€,True,True,flat,,"Golf - El Carralero, Majadahonda",Piso en calle Manuel de Falla,1,True,True,Golf - El Carralero,,,,,,
108333234,https://img4.idealista.com/blur/480_360_mq/0/id.pro.es.image.master/b2/9c/94/1340989470.webp,W-0308NM,30,620000.0,flat,sale,332.0,3,3,Barrio Simancas,Madrid,Madrid,es,40.4402634,-3.6268721,False,https://www.idealista.com/inmueble/108333234/,"MAGNIFICO LOFT DE 300 METROS ENGEL&VOLKERS pone a su disposición este magnifico LOFT de 300 metros, muy luminoso, reformado y totalmente exterior. Edificio de suelo industrial en el que te puedes empadronar. Ideal para familias y también en la que se puede compartir espacio de oficina. Posibilidad de hacer más dormitorios pues los metros lo permiten. En este momento hay 3 dormitorios y 3 baños completos, además de espacio para trabajar, con muy buenos acabados, aire acondicionado, cocina completa y elementos de diseño. Muy cercano a la calle Alcalá y bien comunicado a transporte público, así como a colegios, centros de salud y también a servicios Este piso está magníficamente ubicado en un céntrico barrio de Madrid, el barrio de Ciudad Lineal. A escasos metros de la popular Calle Alcalá cuenta con un sinfín de servicios comerciales a la puerta, tales como zonas comerciales y de ocio (el C. C. Alcalá Norte, C. C. Arturo Soria Plaza), bares y cafeterías, supermercados, zonas ajardinadas como el gran Parque El Calero, el Parque la Quinta Los Molinos, áreas deportivas como el Polideportivo Municipal de La Concepción. Servicios de salud como el Centro de Salud Estrecho de Corea o el Hospital Viamed Fuensanta, así como el Hospital Universitario Alfonso X El Sabio. También cuenta con centros educativos como el Colegio Jesús María, Obispo Perelló o el Corazón de María. En relación al transporte público no podría estar mejor comunicado, con salidas de metro en la puerta (Pueblo Nuevo, Ciudad Lineal) y multitud de líneas de autobúses. Y para quienes prefieran moverse en coche, tienen la salida a la A2 (Zaragoza) y está a sólo 15 minutos en coche del aeropuerto Adolfo Suárez.",False,good,False,1867.0,False,False,True,False,[],False,False,620000.0,€,,,flat,,"Simancas, Madrid",Piso,,True,False,San Blas,,Simancas,,,,
108213029,https://img4.idealista.com/blur/480_360_mq/0/id.pro.es.image.master/6d/1a/98/1337290479.webp,CLC 1ºA,3,294000.0,flat,sale,85.0,2,2,"calle de Los Curas, 9",Madrid,Torrejón de Ardoz,es,40.4603754,-3.4792608,True,https://www.idealista.com/obra-nueva/108213029/,"Obra nueva en Calle de Los Curas, 9 Torrejón de Ardoz (Madrid). Edificio de 11 viviendas en el centro de Torrejón de Ardoz. Excelentes calidades.",False,,True,3459.0,True,False,False,False,[],False,False,294000.0,€,,,flat,,"Noroeste, Torrejón de Ardoz","Piso en calle de Los Curas, 9",1,True,True,Noroeste,False,,,,,
107743126,https://img4.idealista.com/blur/480_360_mq/0/id.pro.es.image.master/ef/ce/ef/1321972089.webp,,16,7250000.0,penthouse,sale,485.0,5,5,paseo de Eduardo Dato,Madrid,Madrid,es,40.4342791,-3.6929808,False,https://www.idealista.com/inmueble/107743126/,"¡Descubre el ático de tus sueños en el prestigioso barrio de Almagro-Chamberí! Este impresionante ático, ubicado en la octava planta de un edificio emblemático diseñado por el renombrado arquitecto Gutiérrez Soto, ofrece 485 m² de puro lujo y confort. Con una espectacular terraza de 40 metros orientada al sureste, disfrutarás de vistas únicas y una luminosidad  Inigualable gracias a sus 11 ventanales exteriores y techos de más de tres metros de altura. El interior del ático es un verdadero refugio de elegancia y sofisticación. Comienza tu recorrido en el gran hall de distribución que te lleva a dos salones con chimeneas y una biblioteca, ambos con acceso directo a la terraza. El comedor independiente, diseñado por Jacob Jensen, es perfecto para ocasiones especiales. La habitación principal, con 50 metros, incluye un vestidor y un baño reformado, mientras que las tres habitaciones en suite ofrecen comodidad y privacidad. La cocina-office está equipada con despensa y un comedor de diario, ideal para el día a día. Además, cuenta con una habitación de servicio, zona de plancha y lavandería. El edificio dispone de tres ascensores, calefacción central y aire acondicionado independiente para tu máximo confort.  Dos amplias plazas de garajes y un trastero están incluidos en el precio, así como una zona de descanso para choferes. Las fotos son ejemplo renders una vez finalizada la reforma Ubicado en una de las mejores calles de Madrid, según The New York Times, este ático está rodeado de edificios singulares, embajadas y galerías de arte. Con completas infraestructuras de transporte y cercanía al barrio de Salamanca, este es el hogar perfecto para quienes buscan lo mejor en la capital. ¡No pierdas la oportunidad de vivir en uno de los barrios más elegantes de Madrid! Precio: 7.250. 000 €.",False,renew,False,14948.0,True,False,False,False,[],False,False,7250000.0,€,True,True,flat,penthouse,"Almagro, Madrid",Ático en paseo de Eduardo Dato,8,True,True,Chamberí,,Almagro,,,,
102184313,https://img4.idealista.com/blur/480_360_mq/0/id.pro.es.image.master/68/05/f8/167877871.webp,Ref. 341-B,8,517824.0,flat,sale,138.0,4,3,calle Toledo s/n,Madrid,Getafe,es,40.3022106,-3.7332137,True,https://www.idealista.com/obra-nueva/102184313/,"Un auténtico lujo en pleno centro de la ciudad. Se ha realizado una plaza ajardinada delantera para dar espacio y visibilidad a la edificación. Se trata de un edificio de Viviendas libres, de nueva construcción, en el mismo centro de Getafe, a un paso del Ayuntamiento, en la zona más comercial de la ciudad, con 86 viviendas de 2, 3 y 4 dormitorios y piscina, una dotación inigualable en el casco antiguo de Getafe, que se adaptará perfectamente a sus necesidades. El edificio tiene un diseño moderno y atractivo y las viviendas cuentan con acabados de calidad. Es un edificio con tres plantas de sótano, y seis plantas sobre rasante (Baja más cinco). La promoción consta de 5 portales y seis núcleos de escalera y ascensor para acceder a las viviendas. La zona está muy bien comunicada, en el mismo centro de Getafe con fáciles accesos y cuenta con estación de Metro a 500 metros y líneas de autobús. Consultar disponibilidad de trasteros y plazas de garaje.",False,newdevelopment,True,3752.0,True,False,False,False,[],False,False,517824.0,€,,,flat,,"San Isidro, Getafe",Piso en calle Toledo s/n,1,True,True,San Isidro,True,,,,,
103876115,https://img4.idealista.com/blur/480_360_mq/0/id.pro.es.image.master/62/03/ff/1202924760.webp,3428,27,2400000.0,duplex,sale,170.0,3,3,calle de Lagasca,Madrid,Madrid,es,40.4283205,-3.6862119,False,https://www.idealista.com/inmueble/103876115/,"Increíble piso dúplex ubicado en la zona de Recoletos, la más exclusiva del Barrio de Salamanca. Junto al Mercado de La Paz, muy cerca de las calles de Serrano y Jorge Juan, y próximo del Parque de El Retiro y la Puerta de Alcalá. Se encuentra en la cuarta planta de una finca de 1950, con bonita fachada clásica. Es muy luminoso gracias a sus dos balcones a la calle, con orientación principal Este. La vivienda cuenta con 170m2 distribuidos en dos plantas. La primera se compone de un luminoso salón con los balcones mencionados, comedor, cocina amueblada con isla, aseo de cortesía para visitas, zona de lavado independiente y dos dormitorios, ambos con baño en suite. La planta superior, se trata de una buhardilla actualmente diáfana, con la posibilidad de transformarla en un tercer dormitorio con baño propio. El apartamento ha sido completamente reformado y se entrega amueblado, listo para entrar a vivir y disfrutar en una ubicación inmejorable.  .",False,good,False,14118.0,True,False,False,False,[],False,False,2400000.0,€,,,flat,duplex,"Recoletos, Madrid",Dúplex en calle de Lagasca,4,True,True,Barrio de Salamanca,,Recoletos,,,,
108678892,https://img4.idealista.com/blur/480_360_mq/0/id.pro.es.image.master/9e/a0/ce/1351891883.webp,3433-02850,71,480000.0,countryHouse,sale,544.0,9,5,calle de Eusebio Guadalix,Madrid,Miraflores de la Sierra,es,40.8119697,-3.7661759,False,https://www.idealista.com/inmueble/108678892/,"“INVERSIÓN SEGURA: EDIFICIO CON MÚLTIPLES UNIDADES Y PATIO PRIVADO A 1 HORA DE MADRID” ¡Atención inversores y familias que buscan tranquilidad sin renunciar a la rentabilidad! El edificio se vende en su totalidad, no parcialmente. “Tres viviendas independientes en un solo edificio: más rentabilidad, menos complicaciones.” Situación actual Edificio ubicado en pleno casco urbano de Miraflores de la Sierra, con acceso desde dos calles y distribuido en distintas unidades: PARTE 1 — Vivienda principal (2 plantas) •Acceso individual a través de un fantástico patio privado, con plantas y flores que aportan sombra, privacidad y espacio para 2 coches. “Patio privado: tu oasis a solo 58 km de Madrid.” •Gran hall distribuidor, salón espacioso con varios ambientes y ventana al patio. •Amplia cocina con chimenea, perfecta para reuniones familiares en invierno. •Dormitorio principal con antesala y baño con luz y ventilación natural. •En la planta superior: 3 dormitorios, el principal muy luminoso y con vistas al patio, baño completo y pequeña sala. PARTE 2 — Dos viviendas independientes •Vivienda 1: 3 dormitorios, baño con luz natural, cocina con aseo y despensa, salón con vistas al verde del patio. •Vivienda 2: 1 dormitorio, baño, cocina y salón con vistas a la calle de acceso. “Alta demanda de alquiler todo el año: rentabiliza desde el primer día.” Bajo Cubierta — Buhardilla con encanto •Espaciosa buhardilla con estructura de madera, actualmente usada como atelier y zona de almacenaje. •Posibilidad de dividirla y conectar con las viviendas inferiores para crear dúplex únicos.  “Reforma parcial o derribo total: tú decides cómo maximizar tu inversión.”  Local Comercial •67 m² aprox., entrada independiente (se podría conectar al portal). •Ideal para un nuevo piso adicional o garaje para 2 coches.  “Saca partido a cada rincón: local, vivienda o garaje, tú eliges.” Valores destacados de esta inversión  Ubicación privilegiada: Centro de Miraflores de la Sierra, parte del Parque Nacional de la Sierra de Guadarrama, con todos los servicios: educación, sanidad, restauración, ocio.   Alta demanda de alquiler: A solo 58 km de Madrid, con excelentes conexiones (M-607, M-30, A-1).  Potencial de desarrollo: Grado 3B de protección: puedes redistribuir interiormente y construir un nuevo volumen en parte del patio. Hasta 5 viviendas y 1-2 locales posibles.   Flexibilidad total: Vive una parte y alquila el resto o transforma todo en un negocio de alquiler.  “Una inversión, múltiples posibilidades de ingresos.” Disfruta la Sierra, sin renunciar a la ciudad Si buscas cambiar de vida y mudarte lejos del bullicio de la capital, aquí tendrás tu hogar rodeado de naturaleza y un activo generando ingresos todo el año.  “Miraflores de la Sierra: tranquilidad, naturaleza y todos los servicios a un paso.” ________________________________________ � NO PIERDAS ESTA OPORTUNIDAD Contáctanos hoy mismo y descubre todo el potencial de este edificio. ¡Inversión con presente y futuro!",True,renew,False,882.0,True,True,False,False,[],False,False,480000.0,€,,,countryHouse,casaDePueblo,Miraflores de la Sierra,Casa de pueblo en calle de Eusebio Guadalix,,,,,,,,,,
107715508,https://img4.idealista.com/blur/480_360_mq/0/id.pro.es.image.master/47/d3/0d/1320658035.webp,,33,3200000.0,flat,sale,330.0,5,6,"avenida de Luis García Cereceda, 7",Madrid,Pozuelo de Alarcón,es,40.4062857,-3.8008773,True,https://www.idealista.com/inmueble/107715508/,"SKY VILLA de 330 m2 en planta baja con piscina privada en jardín. Esta vivienda cuenta con zona de día rodeada de terraza-jardín con piscina, ubicada en planta baja, y zona de noche en planta primera. Quedan unidas entre sí por una espectacular escalera y por un ascensor-elevador privado. La innovadora y exclusiva configuración arquitectónica del edificio en su conjunto consigue dotar a esta vivienda de total privacidad y garantiza la tranquilidad de no ser visto desde arriba. Zona de día: En planta baja, la zona de día está rodeada de una terraza-jardín de 145 m2, con zonas de estar norte y sur, que incluye piscina privada. Se accede a través de un espacio en doble altura abierto a la escalera y vistas al sur. Cuenta con un salón-comedor orientado a sur de 56 m2, amplia cocina de 23 m2 abierta al comedor y zona de servicio (despensa, lavadero, tendedero, dormitorio servicio, baño servicio, aseo de cortesía). Zona de noche: En planta primera, el distribuidor en doble altura da paso a los dormitorios. La superficie destinada al dormitorio principal, que incluye amplio vestidor y cuarto de baño con ducha y bañera, tocador y wc, es de 48 m2 y cuenta con terraza propia de 7 m2 y magníficas vistas a sur. Los tres dormitorios secundarios cuentan con baño propio. La vivienda cuenta con 5 plazas de garaje y trastero. Las Sky Villas funden los conceptos de vivienda unifamiliar y vivienda en comunidad. Ya no es necesario renunciar al jardín para tener privacidad o a las vistas para disfrutar de una piscina, ni privarse de las ventajas de vivir en comunidad. Con las Sky Villas las viviendas se benefician de las ventajas de una y otra tipología de edificio, evitando los inconvenientes de ambas. Las Sky Villas de LAFINCA disponen de enormes ventanales que se abren al sol y a las vistas hacia los jardines y el campo de golf. En una magistral comunicación del interior y el exterior, el paisaje pasa a formar parte de la vivienda. UBICACIÓN ESTRATÉGICA El conjunto residencial se encuentra próximo a los mejores colegios internacionales (Colegio Británico), prestigiosos hospitales (Hospital Universitario Quirón) y clínicas privadas (La Zarzuela). También tendrá a su alcance instalaciones deportivas de gran nivel como el Reebok Sport Place y cercanía a otros centros comerciales como El Zielo, El Corte Inglés de Pozuelo y el complejo de ocio Kinépolis. COMUNICACIONES El conjunto residencial ofrece excelentes comunicaciones a través de la M-40, M-50, M511, A5 y A6. Autobuses interurbanos conectados con el centro de la capital y metro ligero. EL ENTORNO Naturaleza y arquitectura se entrelazan dando lugar a un conjunto residencial que se percibe como un gran jardín, donde el agua y la vegetación, junto con el sol, son protagonistas indiscutibles. Más de 40.000 m2 de jardines comunitarios, sin viario que los interrumpa, se suman a los jardines privados de cada una de nuestras SKY VILLAS. Las SKY VILLAS cuentan con espectaculares vistas al nuevo campo LaFinca Golf cuidadosamente concebido como un espacio de respeto al medio ambiente e integración paisajística con el terreno original. El conjunto residencial LaFinca LGC está concebido para que los residentes en nuestras SKY VILLAS disfruten de la mejor calidad de vida. A escasos 200 metros, en la Avenida Luis García Cereceda se ubicará LAFINCA GRAND CAFÉ el que está llamado a convertirse en referente de la restauración premium en España. Calidad, seguridad y diseño se unen para conseguir un ambiente único y una experiencia de compra y restauración excepcional.",False,good,False,9697.0,True,False,False,False,[],False,False,3200000.0,€,True,True,flat,,"La Finca, Pozuelo de Alarcón","Piso en avenida de Luis García Cereceda, 7",bj,True,True,Zona Prado de Somosaguas - La Finca,,La Finca,Destacado,,,
107533578,https://img4.idealista.com/blur/480_360_mq/0/id.pro.es.image.master/51/c6/6b/1338511491.webp,leg-26262522,36,1050000.0,flat,sale,110.0,3,2,"calle del General Oráa, 56",Madrid,Madrid,es,40.4358239,-3.6797664,True,https://www.idealista.com/inmueble/107533578/,"Ubicada en el corazón del Barrio Salamanca. Esta vivienda situada en una tercera planta destaca por su luminosidad, amplitud y una tranquilidad inigualable. Está orientado hacia un patio de manzana, lo que ofrece un entorno sereno, libre de ruidos de coches y bulliciosas terrazas de restaurantes.  La vivienda posee una distribución amplia y funcional. Actualmente cuenta con 3 dormitorios, 2 baños, un salón espacioso, terraza y una amplia cocina. Además, dispone de espacios de almacenaje. ¡Y techos de 3 metros de altura! La ausencia de muros de carga permite la posibilidad de una redistribución total según tus necesidades y gustos, ideal para personalizar al máximo tu nuevo hogar. Se pondrá nuestro estudio de arquitectura a su disposición y un arquitecto en cada visita al inmueble, sin ningún tipo de coste añadido, para cualquier duda sobre reformas.  La finca cuenta con conserje. Coste de comunidad: 300 €/mes. Gracias a las empresas del GRUPO LEGEND, aportamos Asesoramiento Fiscal, Financiero y un Arquitecto a su disposición para cualquier consulta o servicio que necesite, además de presupuestos gratuitos de reforma a medida para cada cliente. Nos adaptamos a las necesidades y horarios de nuestros clientes. Contacta con nosotros para más información y organizar una visita. La información que se detalla en este anuncio, se muestra a título informativo, no es contractual ni vinculante.",True,renew,False,9545.0,True,False,False,False,[],False,False,1050000.0,€,,,flat,,"Castellana, Madrid","Piso en calle del General Oráa, 56",3,False,True,Barrio de Salamanca,,Castellana,,,,
108692827,https://img4.idealista.com/blur/480_360_mq/0/id.pro.es.image.master/a8/85/f3/1352313856.webp,1652,17,2309000.0,flat,sale,123.0,3,3,calle de Goya,Madrid,Madrid,es,40.4233266,-3.681884,False,https://www.idealista.com/inmueble/108692827/,"Exclusivo piso en una de las zonas más demandadas de Madrid: Goya 30. Ubicado en una primera planta exterior, esta vivienda combina comodidad, estilo y una distribución muy funcional. El inmueble cuenta con tres amplios dormitorios y tres baños completos, lo que garantiza privacidad y confort para todos los ocupantes. La propiedad destaca por su diseño elegante y acabados de calidad, ofreciendo un ambiente sofisticado y acogedor. La cocina está completamente equipada y el piso se entrega amueblado, listo para entrar a vivir. Además, dispone de aire acondicionado, ideal para el clima madrileño, y trastero, que aporta un valioso espacio de almacenamiento extra.",False,good,False,18772.0,True,False,False,False,[],False,False,2309000.0,€,,,flat,,"Recoletos, Madrid",Piso en calle de Goya,1,True,False,Barrio de Salamanca,,Recoletos,,,,
98483898,https://img4.idealista.com/blur/480_360_mq/0/id.pro.es.image.master/9d/75/23/1013805091.webp,Tipo 1,22,657000.0,chalet,sale,277.0,4,5,"Residencia, 12",Madrid,San Lorenzo de El Escorial,es,40.5960905,-4.1453376,True,https://www.idealista.com/obra-nueva/98483898/,"¡ ÚLTIMA UNIDAD! CHALET PAREADO Magníficas calidades. Aerotermia. Dos plazas de garaje, trastero y piscina. A 5 minutos del centro de San Lorenzo.",False,newdevelopment,True,2372.0,True,False,False,False,[],False,False,657000.0,€,True,True,chalet,semidetachedHouse,"Abantos - Carmelitas, San Lorenzo de El Escorial","Chalet pareado en Residencia, 12",,,,Abantos - Carmelitas,False,,,,,
108465709,https://img4.idealista.com/blur/480_360_mq/0/id.pro.es.image.master/20/d0/83/1345745547.webp,5de240c8-40f7-44b6-9dc2-1159b8ae6a0e,16,298000.0,chalet,sale,276.0,3,4,rotonda Zaragoza,Madrid,Eurovillas,es,40.3443318,-3.254038,False,https://www.idealista.com/inmueble/108465709/,"Esta singular vivienda se levanta sobre una amplia parcela de 1.000 m², ofreciendo una excelente combinación de confort, funcionalidad y potencial de inversión. La construcción principal cuenta con un acogedor salón-comedor que destaca por su gran ventanal con vistas al exterior, aportando luz natural y amplitud. Dispone de aire acondicionado para mayor confort durante todo el año. La cocina, completamente amueblada y equipada, se integra perfectamente al estilo funcional de la vivienda. Además, la propiedad ofrece dos dormitorios, cada uno con baño completo en suite, lo que garantiza privacidad y comodidad. También se incluye un lavadero independiente y un garaje cerrado con capacidad para dos vehículos. Edificaciones adicionales Dentro de la misma parcela, se encuentran dos edificaciones independientes que añaden un enorme valor a la propiedad. La primera, de 83 m², está distribuida en dos alturas y actualmente se utiliza como estudio. Cuenta con baño completo y entrada independiente, ofreciendo múltiples posibilidades de uso: vivienda auxiliar, oficina o espacio creativo. La segunda, de 57,5 m², está acondicionada como taller, también con baño completo y acceso independiente. Ambas edificaciones pueden mantenerse separadas o unirse a la vivienda principal. Alternativamente, existe la opción de convertirlas en dos viviendas independientes para alquiler, lo cual resulta ideal para inversores. Características constructivas y exteriores La vivienda ha sido construida con materiales de alta calidad que aseguran eficiencia térmica y durabilidad. En el exterior cuenta con un revestimiento con enchapado aislante, mientras que el interior está acabado con paneles Trespa y techos abovedados que aportan carácter y estilo. El entorno exterior es amplio y privado, ofreciendo espacio para jardín, zonas de recreo o incluso nuevas ampliaciones según necesidad. Desde la parte trasera de la parcela, se accede directamente al campo, lo que aporta un entorno natural y tranquilo ideal para desconectar. Ubicación Ubicada en una zona muy tranquila dentro de la urbanización, la propiedad ofrece privacidad y conexión con la naturaleza sin renunciar a la proximidad de servicios. El acceso a la carretera principal se encuentra a tan solo 10 minutos, lo que permite una buena conexión con núcleos urbanos cercanos. Una opción perfecta tanto para quienes buscan una vivienda familiar en un entorno relajado como para quienes desean invertir en una propiedad versátil con múltiples posibilidades de uso.",False,good,False,1080.0,False,False,False,False,[],False,False,298000.0,€,True,True,chalet,independantHouse,Eurovillas,Casa independiente en rotonda Zaragoza,,,,,,,,,,
108886074,https://img4.idealista.com/blur/480_360_mq/0/id.pro.es.image.master/b2/b7/bd/1357948177.webp,,34,310000.0,flat,sale,96.0,4,2,calle Tomelloso,Madrid,Madrid,es,40.3802844,-3.6995174,False,https://www.idealista.com/inmueble/108886074/,"INMOBILIARIA EL BLOQUE OFRECE EN EXCLUSIVA, MAGNIFICO PISO EN ALMENDRALES. Piso con reforma integral en 2023, con mucho gusto con luz natural abundante y rodeado de jardines. Se distribuye en 4 dormitorios, con posibilidad de habilitar un 5º dormitorio o zona de estudio por su amplio salón-comedor, cocina independiente, un baño completo y un aseo adicional. Dispone de ascensor. La reforma es integral: suelos, ventanas con climalit, instalación eléctrica y fontanería actualizadas, diseño moderno y materiales de primera calidad. La luminosidad es protagonista gracias a su orientación y grandes ventanales que dan al espacio ajardinado que rodea el edificio. Junto al hospital 12 de Octubre. Ubicación y conexiones Metro •Almendrales (Línea 3) – A unos 300 m, ≈4 min caminando. •Legazpi (Líneas 3 y 6) – A unos 1,3 km, ≈17 min a pie. Autobús Paradas muy próximas con acceso a múltiples líneas (47, 59, ): •Avenida de Córdoba – ≈2 min, unos 160 m. •Antonio López–Socuéllamos – ≈2 min. •Cristo de la Victoria–Santuario – ≈3 min. •Hospital 12 de Octubre – ≈5 min. Tren de cercanías •Estación Doce de Octubre (línea C5) – a unos 1,5 km, ≈19 min caminando ￼.  Servicios y zonas próximas •Madrid Río – Espacio verde junto al río Manzanares, ideal para paseos y deporte, a 1,5 km, ≈18–20 min caminando (según ruta). •Hospital 12 de Octubre – Muy cercano, a 5 min a pie, ideal para personal sanitario o residencias próximas. •Centros comerciales y supermercados – Aunque no hay grandes centros comerciales a pie, hay varios supermercados (Mercadona, Dia) y tiendas locales en un radio que va de 5 a 10 minutos andando. Además, el Centro Comercial Plaza Río 2 (en Arganzuela) está a unos 2,5 km (≈30 min andando o 10 min en coche/metro y autobús). •Colegio y guarderías – Varias opciones públicas y privadas en los barrios de Usera y Arganzuela, todos accesibles a pie en unos 10–15 minutos. NO DUDEN EN CONTACTAR Y NO TE QUEDES SIN VISITARLO!",True,good,False,3229.0,True,False,False,False,[],False,False,310000.0,€,,,flat,,"Almendrales, Madrid",Piso en calle Tomelloso,5,True,True,Usera,,Almendrales,,,,
108041694,https://img4.idealista.com/blur/480_360_mq/0/id.pro.es.image.master/4c/62/01/1332055040.webp,HBSG1039,33,599000.0,countryHouse,sale,398.0,4,3,plaza de la Villa,Madrid,Loeches,es,40.3822566,-3.409909,False,https://www.idealista.com/inmueble/108041694/,"Casa rústica en venta Loeches, Madrid 4 dormitorios, 398 m² HBSG1039 Home Boutique Real Estate ofrece en exclusiva esta bonita casa rústica en la Plaza de la Villa con local alquilado, en el centro de Loeches. Esta vivienda de 398 m² construidos en tres plantas más sótano, 150 m² de jardín, 176 m² de parcela y local. En planta baja nos encontramos recibidor, amplía cocina, salón comedor con chimenea y con acceso al jardín y baño de cortesía. El local de 28 m² fue idea de los propietarios, ya que cuando se construyó se hizo con la idea de tener su negocio en la vivienda, anteriormente estaba unido a la vivienda, ahora está independiente. Actualmente está alquilado y es un local muy demandado en la localidad. Esto permite disfrutar de un ingreso extra al mes. En la primera planta se encuentra la zona de descanso, cuatro amplios dormitorios con terraza, armarios empotrados y dos baños. El dormitorio principal es en suite con jacuzzi, vestidor y una gran terraza. En la planta alta disponemos de un gran espacio abuhardillado, para usar como dormitorio de invitados, zona de trabajo, de juegos, etc, además tiene la posibilidad de hacer baño y terraza. En la planta sótano encontramos tres estancias, dos grandes que ahora están destinadas como trastero, pero se le puede dar el uso que se considere, y la tercera sala es el cuarto de calderas. Destaca el encanto del jardín, la luminosidad, las amplias estancias, su privacidad, excelentes calidades en su construcción y el local. La vivienda tiene la posibilidad de darle uso como hotel boutique con encanto o también restaurante. La propiedad miro al detalle cualquier imprevisto; al tratarse de tres plantas más buhardilla dejo abierta la posibilidad de poner ascensor en el hueco de la escalera, por sí en un futuro se necesitara. La casa está en muy buen estado, lista para entrar a vivir y con muchas posibilidades. Entre otros detalles a destacar están la pintura lisa, suelo cerámico, calefacción radiante, caldera de gasoil nueva de 1.000 litros, gres antideslizante en terrazas, fachada ladrillo rústico… Conexión directa a Madrid y lanzadera a RENFE Coslada. Colegios, servicios y excelentes accesos. Loeches está a 25 minutos en coche de la puerta de Alcalá, con lo que se convierte en una alternativa factible a un pequeño paso de la capital.",False,good,False,1505.0,True,True,False,False,[],False,False,599000.0,€,,,countryHouse,casaDePueblo,Loeches,Casa de pueblo en plaza de la Villa,,,,,,,,630000.0,31000.0,5.0
108704513,https://img4.idealista.com/blur/480_360_mq/0/id.pro.es.image.master/bb/53/4d/1352654965.webp,3433-02854,69,499000.0,chalet,sale,232.0,3,3,calle de los Vivarones,Madrid,Navalafuente,es,40.8264091,-3.6533024,False,https://www.idealista.com/inmueble/108704513/,"EXCLUSIVO CHALET INDEPENDIENTE SOBRE PARCELA DE 1.711 M2 CON PISCINA CUBIERTA, DESARROLLADO EN 2 CÓMODAS PLANTAS, 2 SALONES, COCINA, 3 DORMITORIOS (1 EN SUITE), 3 BAÑOS, AMPLIO JARDIN, APARCAMIENTO EXTERIOR, ZONA DE BARBACOA, CASETA-JARDÍN, Y ÁRBOLES CONSOLIDADOS, EN PLENA SIERRA DE MADRID-NAVALAFUENTE.   ¡NO COBRAMOS HONORARIOS AL COMPRADOR! Algunas fotos son RENDERS con mobiliario para darnos cuenta de lo bonito que pueden quedar las estancias con un cuidado diseño del mobiliario. ¿Te imaginas vivir en un chalet, con amplios espacios, palpando la naturaleza desde casa, y a tan sólo 35 min, en coche de Madrid? Parcela de más de 1.700 m2 ¡ESTA ES TU OPORTUNIDAD! UBICACIÓN PRIVILEGIADA POR LA PROXIMIDAD A MADRID, CON PARADA DE BUS EN LA MISMA PUERTA A PLAZA DE CASTILLA. Este chalet de excelente construcción, se distribuye en 2 cómodas plantas con ventilación cruzada, que favorece el ahorro energético y el bienestar interior. Puedes diseñar cada rincón a tu gusto, transformándolo en la casa que siempre has imaginado, con dependencias llenas de luz, y rodeado de naturaleza, el potencial es ilimitado! La piedra berroqueña y las majestuosas encinas centenarias se entrelazan para crear un paisaje natural y auténtico.  DISTRIBUCION Accediendo desde la puerta peatonal de la parcela, a la derecha disponemos de zona de jardín enorme, a la izquierda subida a la zona de piscina y rocas simulando la montaña, y al fondo, pasada la vivienda, caseta de jardín y zona de barbacoa de grandes dimensiones. La parcela dispone de espacio suficiente para PARKING EXTERIOR de varios vehículos, crear jardines exuberantes, plantar árboles frutales, zonas de ocio para toda la familia, huertos ecológicos o simplemente disfrutar del espacio abierto y la naturaleza que le rodea. Subimos varios peldaños, y llegamos a la zona de entrada, desde donde accedemos a un HALL DE ENTRADA amplio de 7 m2, con entrada de puerta doble a COCINA AMERICANA de 15 m2 y al SALON-COMEDOR de 24 m2, desde el que accedemos a un fantástico SALON DE EVENTOS de 36 m2. A la derecha del hall, tenemos 2 DORMITORIOS de 9 m2 con armario empotrado y 1 BAÑO con ducha de 4 m2, sin olvidarnos del ASEO bajo escalera, Subiendo por la ESCALERA del chalet, llegamos al GRAN DORMITORIO EN SUITE DE 20 m2 y BAÑO CON BAÑERA HIDROMASAJE DE 6 m2. En el JARDIN, disponemos de zona de barbacoa, caseta de aperos de madera, zona de posible escalada y aventuras, PISCINA cubierta, etc. CALIDADES Ventanas de aluminio blancas con doble acristalamiento tipo “Climalit” en salón eventos. Persianas de aluminio lacado en color carpintería. Suelos de gres en toda la vivienda, excepto dormitorio principal de tarima laminada. Paredes de pintura plástica lisa. Armarios empotrados vestidos interiormente con maletero y barras. Agua sanitaria individual, por caldera de gasóleo. Calefacción de gasóleo, a través de radiadores de aluminio y CHIMENEA en salón. SÓLIDA CONSTRUCCIÓN POR MURO EXTERIOR DE BLOQUES DE HORMIGÓN REFORZADO, FACHADA DE REVESTIMIENTO MONOCAPA y ZOCALO GRANULADO. GASTOS IBI anual 972 €. Basuras 60€. Entidad Urbanística, 33 €/mes. UBICACIÓN PRIVILEGIADA El inmueble se encuentra en la sierra de Madrid, Navalafuente, a tan solo 35 min de Madrid, y 1h 30 min en transporte...y a 1 min de la montaña, ya que dispones de ella en la misma parcela. Navalafuente, pueblo que se encuentra sobre terrenos suaves y ondulados en lo que se considera la rampa de la Sierra Madrileña.  Al fondo del término se divisan las montañas de la Sierra de la Morcuera y las estribaciones de la Sierra de La Cabrera.  Su paisaje vegetal se compone de prados y dehesas de encinas y de robles.  Por el término discurre un arroyuelo denominado Gargüeña, que nace en las inmediaciones del término de Bustarviejo y se junta con el arroyo de Guadalix a escasa distancia de esta población.",True,good,False,2151.0,True,True,False,False,[],False,False,499000.0,€,True,True,chalet,independantHouse,Navalafuente,Casa independiente en calle de los Vivarones,,,,,,,,,,
108093912,https://img4.idealista.com/blur/480_360_mq/0/id.pro.es.image.master/0a/93/ab/1333626847.webp,Bajo G,11,245000.0,flat,sale,83.0,2,2,"calle Pinto, 56",Madrid,Parla,es,40.2394493,-3.7642648,True,https://www.idealista.com/obra-nueva/108093912/,"Parla Central es un proyecto residencial de la nueva generación de edificios en el centro de la ciudad.  Una promoción de obra nueva con viviendas de 1.2 y 3 dormitorios, moderna selección de materiales y calificación energética A.  A 5 minutos andando de la calle Real, Parla Central es la mejor opción de aquellos que desean vivir en el centro de la ciudad.",False,,True,2952.0,True,False,False,False,[],False,False,245000.0,€,,,flat,,"Calle Pinto-San Roque, Parla","Piso en calle Pinto, 56",bj,True,True,Calle Pinto-San Roque,False,,,,,
108538505,https://img4.idealista.com/blur/480_360_mq/0/id.pro.es.image.master/05/1a/92/982767219.webp,Cov3 01 DA,22,815000.0,flat,sale,83.0,2,3,"calle de Covarrubias, 3",Madrid,Madrid,es,40.4287524,-3.6973884,True,https://www.idealista.com/inmueble/108538505/,"PROPERTY PLUS VENDE Extraordinario inmueble, recién reformado y totalmente equipado y amueblado en la mejor zona de Chamberí.  Inmejorable Oportunidad de Inversión!   Vivienda exterior que consta amplio salón comedor con cocina abierta totalmente equipada con electrodomésticos ( lavadora - secadora, horno, micro,.. . ) 2 dormitorios completos con armarios empotrados vestidos y cada uno de ellos con baño en suite con plato de ducha y un tercer aseo de cortesía. Vivienda recién reformada, con aire acondicionado centralizado en toda la vivienda y calefacción por Gas Natural individual. Ubicado en representativa finca con conserje, ubicada en pleno corazón de Chamberí. Contacte con nosotros los 7 dÍas de la semana para concertar una visita sin compromiso.",True,good,False,9819.0,True,False,False,False,[],False,False,815000.0,€,,,flat,,"Trafalgar, Madrid","Piso en calle de Covarrubias, 3",bj,True,True,Chamberí,,Trafalgar,,,,
108652961,https://img4.idealista.com/blur/480_360_mq/0/id.pro.es.image.master/03/d8/4b/1351151966.webp,FHOG-3060,18,205000.0,flat,sale,83.0,3,1,calle de las Higueras,Madrid,Madrid,es,40.4084516,-3.7419314,False,https://www.idealista.com/inmueble/108652961/,"INMUEBLE ALQUILADO - Actualmente, no es posible realizar visitas al interior del inmueble. Las fotografías pueden no reflejar el estado actual de la propiedad. Fecha de fin de contrato: 03/2027. Piso en Madrid. Dispone de una superficie de 83 m² distribuidos en 3 habitaciones, salón-comedor con estanterías de obra vista, cocina amueblada y 1 baño completo con plato de ducha. Situado en una zona residencial del barrio de Lucero. Cerca de comercios, centros educativos, restaurantes, zonas verdes, supermercados, el centro de salud Cebreros y paradas de autobús. Próximo al Parque de Atracciones de Madrid. Fácil acceso por la carretera A-5 y la estación de metro Alto de Extremadura.",True,renew,False,2470.0,True,False,False,False,[],False,False,205000.0,€,,,flat,,"Lucero, Madrid",Piso en calle de las Higueras,3,True,False,Latina,,Lucero,,,,
96812942,https://img4.idealista.com/blur/480_360_mq/0/id.pro.es.image.master/8a/6d/90/957230533.webp,MG207,28,699500.0,chalet,sale,834.0,6,4,"avenida Comunidad de Madrid, 22 A",Madrid,Torrelodones,es,40.5854395,-3.9519401,True,https://www.idealista.com/inmueble/96812942/,"Chalet independiente en Torrelodones. Zona La Berzosilla. Proyecto iniciado en fase de construcción. Volumen construido actualmente de un 70%. con una superficie de 834 m² construidos en parcela de 2.023 m².  Dispone de 6 dormitorios, 4 baños y 1 aseo. Distribución de la planta principal: Amplio hall distribuidor que divide la planta principal en dos alas: En una de ellas accedemos a un distribuidor que nos comunica dos dormitorios secundarios, baño, gimnasio, trastero y dormitorio principal en suite con amplio vestido. En el otro ala un amplio salón comedor con salida a una magnífica terraza cubierta, con unas magníficas vistas. Desde el salón se accede a la cocina. Y en esta misma planta tiene acceso a una amplia terraza y piscina cubierta. En primera planta amplio salón polivalente, zona de juegos con terraza, aseo y dos dormitorios que comparte un baño. En planta sótano, cuarto de instalaciones, despensa y dormitorio de servicio y baño. El garaje tiene capacidad para 6 coches. Dispone de canalización de AA/CC. Bomba frio/Calor.  Parada BUS a 100 metros, con conexión con Hoyo de Manzanares, Torrelodones y Madrid Moncloa. Conexión con la Autopista A-6 (Madrid-La Coruña) a 3 minutos en coche.",False,renew,False,839.0,True,False,False,False,[],False,False,699500.0,€,True,True,chalet,independantHouse,"La Berzosilla, Torrelodones","Casa independiente en avenida Comunidad de Madrid, 22 a",,,,La Berzosilla,,,,,,
108883756,https://img4.idealista.com/blur/480_360_mq/0/id.pro.es.image.master/01/ab/34/1357877566.webp,,57,680000.0,chalet,sale,272.0,4,3,calle el Tomillar,Madrid,Galapagar,es,40.5731735,-3.9885315,False,https://www.idealista.com/inmueble/108883756/,"En una zona tranquila y residencial de Galapagar, en pleno corazón de la Sierra Noroeste de Madrid, te presentamos este espectacular chalet pareado que lo tiene todo: espacio, comodidad, naturaleza y unas vistas que te dejarán sin aliento. Mil metros de parcela privada rodean esta vivienda que enamora desde el primer paso. El jardín, cuidadosamente diseñado, está lleno de encanto, árboles frutales, rincones de sombra y una preciosa piscina con barbacoa para disfrutar en familia o con amigos. Todo en un entorno de paz, privacidad y belleza natural. La vivienda principal se distribuye de forma muy cómoda en dos plantas: Planta baja (principal): Una distribución prácticamente en una sola planta, perfecta para el día a día sin apenas escaleras. 3 dormitorios luminosos, 2 baños completos, acogedor salón con chimenea, cocina funcional con acceso directo al exterior. Planta superior: Una sala diáfana y polivalente de gran tamaño, con vistas al salón principal gracias a su diseño abierto. Dormitorio adicional y baño completo. ¿Lo mejor? Las vistas. Desde casi cualquier rincón de la casa, podrás disfrutar de impresionantes vistas panorámicas de 180 grados a la Sierra de Madrid y a la Sierra de Hoyo de Manzanares. Un espectáculo natural en cada estación del año. Ubicación privilegiada: Situada en una zona muy tranquila de Galapagar, a solo 2 minutos del centro y 12 minutos de Las Rozas, con excelente comunicación y todos los servicios al alcance. Y ahora sí, el secreto mejor guardado… La propiedad incluye un apartamento completamente independiente, con su propia entrada. Ideal para invitados, alquiler o teletrabajo, este espacio cuenta con: Una sala de 50 m², cocina equipada y baño completo, además de jardín delantero casi independiente del resto de la parcela. Una vivienda que lo tiene todo: espacio, funcionalidad, independencia, naturaleza y un entorno privilegiado. No dejes pasar esta oportunidad única de vivir en plena sierra con todas las comodidades. Puedes encontrar más propiedades en nuestra web: veintidosinmobiliaria. es.",True,good,False,2500.0,True,True,False,False,[],False,False,680000.0,€,,,chalet,semidetachedHouse,"Casa Amarilla, Galapagar",Chalet pareado en calle el Tomillar,,,,Casa Amarilla,,,,,,
102184339,https://img4.idealista.com/blur/480_360_mq/0/id.pro.es.image.master/ce/c4/2a/269086481.webp,Ref. 341-A,8,468638.0,flat,sale,130.0,3,2,calle Toledo s/n,Madrid,Getafe,es,40.3022106,-3.7332137,True,https://www.idealista.com/obra-nueva/102184339/,"Un auténtico lujo en pleno centro de la ciudad. Se ha realizado una plaza ajardinada delantera para dar espacio y visibilidad a la edificación. Se trata de un edificio de Viviendas libres, de nueva construcción, en el mismo centro de Getafe, a un paso del Ayuntamiento, en la zona más comercial de la ciudad, con 86 viviendas de 2, 3 y 4 dormitorios y piscina, una dotación inigualable en el casco antiguo de Getafe, que se adaptará perfectamente a sus necesidades. El edificio tiene un diseño moderno y atractivo y las viviendas cuentan con acabados de calidad. Es un edificio con tres plantas de sótano, y seis plantas sobre rasante (Baja más cinco). La promoción consta de 5 portales y seis núcleos de escalera y ascensor para acceder a las viviendas. La zona está muy bien comunicada, en el mismo centro de Getafe con fáciles accesos y cuenta con estación de Metro a 500 metros y líneas de autobús. Consultar disponibilidad de trasteros y plazas de garaje.",False,newdevelopment,True,3605.0,True,False,False,False,[],False,False,468638.0,€,,,flat,,"San Isidro, Getafe",Piso en calle Toledo s/n,1,True,True,San Isidro,True,,,,,
