propertyCode,thumbnail,externalReference,numPhotos,price,propertyType,operation,size,rooms,bathrooms,address,province,municipality,district,country,latitude,longitude,showAddress,url,description,hasVideo,status,newDevelopment,priceByArea,hasPlan,has3DTour,has360,hasStaging,notes,topNewDevelopment,topPlus,priceInfo.price.amount,priceInfo.price.currencySuffix,parkingSpace.hasParkingSpace,parkingSpace.isParkingSpaceIncludedInPrice,detailedType.typology,detailedType.subTypology,suggestedTexts.subtitle,suggestedTexts.title,floor,exterior,hasLift,neighborhood,priceInfo.price.priceDropInfo.formerPrice,priceInfo.price.priceDropInfo.priceDropValue,priceInfo.price.priceDropInfo.priceDropPercentage,newDevelopmentFinished,parkingSpace.parkingSpacePrice
108905370,https://img4.idealista.com/blur/480_360_mq/0/id.pro.es.image.master/7b/c9/8f/1358506004.webp,HD-130,45,740000.0,chalet,sale,227.0,5,3,calle del Tamarindo,Madrid,Rivas-Vaciamadrid,Rivas Urbanizaciones,es,40.3688316,-3.5291384,False,https://www.idealista.com/inmueble/108905370/,"No se ha añadido título. Edita el inmueble para crearlo. ¡POSIBILIDAD DE FINANCIACION 100%! HIPODREAMS SERVICIOS FINANCIEROS VENDE Estupendo chalet cerca de todos los servicios, zona muy tranquila. ¡Chalet independiente con piscina privada en parcela de 519m²! Se vende magnífico chalet de 227m² construidos en dos plantas, ubicado en una parcela de 519m². La vivienda dispone de un gran y luminoso salón, una maravillosa cocina, 5 habitaciones luminosas, 3 baños completos, terraza, buhardilla, plaza de garaje, trastero y armarios empotrados. Disfruta de un entorno privado y tranquilo con jardín, piscina privada y porche, ideal para momentos de relax y ocio. Además, cuenta con aire acondicionado para mayor confort durante todo el año. Un hogar espacioso, cómodo y listo para entrar a vivir. ¡No pierdas esta oportunidad y ven a visitarlo! Rivas Urbanizaciones es conocido por sus amplias zonas verdes y espacios abiertos, creando un entorno tranquilo y propicio para un estilo de vida saludable. Además, ofrece una buena conexión con Madrid y cuenta con servicios completos dentro del municipio. La zona se caracteriza por su ambiente familiar y alta seguridad. la zona en la que está ubicada la urbanización tenemos centros de salud, farmacias, guarderías, colegios, institutos, centro comercial H2O, Mercadona, Ahorramás, restaurantes, comida rápida, bares, terrazas, etc. Centros de Salud. Centro de Salud La Paz. Centro de Salud Primero de Mayo. Centro de Salud Santa Mónica. Centro de Salud Libre Elección Sanitaria. Guarderías: Escuela infantil Semillas. Escuela infantil Nemomarlin Rivas Escuela infantil chiquilín Escuela infantil Colores Escuela infantil Pequeño Sócrates. Colegios: Colegio Dulce Chacón. Colegio El Olivar. Colegio El Parque. Colegio Hermanos Cristian Andersen. Colegio Jarama. Institutos: Instituto Europa. Instituto Duque de Rivas. Instituto Profesor Julio Perez. Instituto Antares. Instituto Las Lagunas. Transporte público metro línea 9 y líneas de autobuses 330, 331, 332, 333 y 334. Te encontramos la FINANCIACIÓN PARA TU VIVIENDA CON LAS MEJORES CONDICIONES busques lo que busques Y EN TODO EL TERRITORIO NACIONAL. En HIPODREAMS te ayudaremos a conseguir las mejores condiciones para tu nueva hipoteca.",False,good,False,3260.0,False,False,False,False,[],False,False,740000.0,€,True,True,chalet,independantHouse,"Rivas Urbanizaciones, Rivas-Vaciamadrid",Casa independiente en calle del Tamarindo,,,,,,,,,
108785649,https://img4.idealista.com/blur/480_360_mq/0/id.pro.es.image.master/a5/c9/f8/1355056375.webp,3489-02960,25,600000.0,penthouse,sale,81.0,2,2,Norte,Madrid,Alcobendas,Norte,es,40.5488703,-3.6516945,False,https://www.idealista.com/inmueble/108785649/,"Ático frente a la Renfe de Valdelasfuentes con terraza, garaje y piscina junto al metro Manuel de Falla. Luminoso ático de 81 m² con terraza de 20 m², ubicado en una cuarta planta con ascensor. Gracias a su altura y orientación, la luz natural es una de sus grandes protagonistas. Distribución funcional y cómoda: 2 dormitorios, perfectos para descansar o teletrabajar con tranquilidad. 2 baños completos, ideales para el día a día. Cocina independiente con zona de lavado. Salón-comedor amplio y luminoso, con ventanales de suelo a techo y salida directa a una terraza perfecta para disfrutar del aire libre. Extras que marcan la diferencia: 2 plazas de garaje incluidas en el precio. Piscina comunitaria para refrescarte en verano. Trastero para almacenamiento extra. Ubicación inmejorable: A pocos pasos de la estación de metro Manuel de Falla y de la estación de tren de Valdelasfuentes, con excelente conexión con Madrid capital y alrededores. Rodeado de servicios: supermercados, colegios, polideportivos, restaurantes, bares y amplias zonas verdes. Una zona moderna, familiar y con vida.",True,good,False,7407.0,True,False,False,False,[],False,False,600000.0,€,True,True,flat,penthouse,"Norte, Alcobendas",Ático,4,True,True,,,,,,
108897448,https://img4.idealista.com/blur/480_360_mq/0/id.pro.es.image.master/e9/a1/03/1358272038.webp,,2,405000.0,chalet,sale,147.0,4,3,calle de Velázquez,Madrid,Arroyomolinos,La Cárcaba - El Encinar - Montemolinos,es,40.260733,-3.9116725,False,https://www.idealista.com/inmueble/108897448/,"Nueva construcción de una vivienda adosada en una parcela de 220 m² en la zona de Arroyomolinos, en régimen de autopromoción.  Podrás diseñar la distribución de la vivienda totalmente a tu gusto sin sobrecoste. Incluye calefacción mediante sistema de aerotermia por suelo radiante refrescante. La carpintería exterior es de PVC con doble acristalamiento, y los solados y alicatados son porcelánicos. En el precio se incluyen la parcela, el proyecto y la construcción llave en mano. La vivienda, de 147,25 m² construidos, se distribuye en dos plantas: Planta principal: hall distribuidor de 3,80 m²; salón con cocina americana de 30,5 m² con amplios ventanales y acceso al porche exterior de 13,80 m² y al jardín; aseo de 2,5 m²; despacho/dormitorio de 9,10 m². Primera planta: distribuidor de 2,30 m²; dormitorio de 10,5 m²; dormitorio de 10,45 m²; baño completo con ducha o bañera de 3,4 m²; dormitorio principal con vestidor de 16,5 m² con baño (ducha o bañera) de 3,3 m² y salida a una amplia terraza de 12 m². Experiencia previa con estudio de arquitectura y empresa constructora con más de 20 años de experiencia. Arroyomolinos, al suroeste de la Comunidad de Madrid, dispone de un polígono industrial y un centro comercial que ofrece servicios públicos acorde a las necesidades de la población. Además, en el propio municipio se encuentra el centro comercial Intu Xanadú, ubicado junto a la autovía de Extremadura, referencia de ocio y compras para los vecinos. Para más información no dude en contactarnos dejándonos su número de teléfono.",False,good,False,2755.0,True,False,False,False,[],False,False,405000.0,€,True,True,chalet,terracedHouse,"La Cárcaba - El Encinar - Montemolinos, Arroyomolinos",Chalet adosado en calle de Velázquez,,,,,,,,,
108866497,https://img4.idealista.com/blur/480_360_mq/0/id.pro.es.image.master/31/f0/ed/1357443988.webp,,32,375000.0,studio,sale,45.0,0,1,calle del Ventorrillo,Madrid,Madrid,Centro,es,40.4058993,-3.7040995,False,https://www.idealista.com/inmueble/108866497/,"Somos Sleepers, los transformadores de esta mítica corrala de Ventorrillo! Les traemos este proyecto que forma parte de la historia del Barrio y que conservando su espacio original y respetando su condición de edificio protegido, se ha renovado completamente reforzando su estructura, habilitando nuevas canalizaciones, creando un renovado sistema eléctrico y hasta los aislantes que lo convertirán en estudios de una estética modernista y de un confort único. Son estudios en promedio de 30 m2, con cocina americana abierta y provista de todos los grandes electrodomésticos, salas de baño moderna y bellos acabados, suelos de madera y ventanas de madera con doble acristalado. Completamente amueblados. Tenemos disponibles desde los bajos, primer y segundo piso. Sus precios varían dependiendo de la ubicación en el inmueble y la superficie del mismo. Su localización cercana al metro de Embajadores, nos ofrece una variedad de ofertas comerciales y culturales para vivir el Madrid actual, como la capital Europea a la moda! No dudes en contactarnos para que conozcas el gran proyecto de Sleepers!",True,good,False,8333.0,True,False,False,False,[],False,False,375000.0,€,,,flat,studio,"Lavapiés-Embajadores, Madrid",Estudio en calle del Ventorrillo,bj,True,True,Lavapiés-Embajadores,,,,,
108839395,https://img4.idealista.com/blur/480_360_mq/0/id.pro.es.image.master/00/83/3b/1356626132.webp,,23,259900.0,flat,sale,98.0,3,2,orcasur,Madrid,Madrid,Usera,es,40.3700493,-3.7001553,False,https://www.idealista.com/inmueble/108839395/,"¡Piso a la venta en Madrid! Jarama Real Estate ofrece en exclusiva, la venta de este magnífico piso de 98 m², con una distribución excelente, pensado para quienes buscan espacio, comodidad y una ubicación con todos los servicios al alcance de la mano. ¿QUÉ TE OFRECE ESTA VIVIENDA? · 3 Dormitorios amplios y luminosos.  · 2 Baños completos, uno de ellos en suite.  · Salón comedor muy espacioso, con grandes ventanales que inundan el espacio de luz y calidez. · Cocina independiente, con espacio suficiente para cocinar cómodamente e incorporar zona de desayuno.  El piso cuenta con una distribución práctica y funcional, ideal para el día a día. Además, su orientación permite disfrutar de una estupenda iluminación durante buena parte del día. La vivienda se encuentra ubicada en una zona residencial tranquila y bien comunicada, que a su vez, te permite disfrutar de paz y calidad de vida sin renunciar a los servicios de la ciudad.  IDEAL PARA VIVIR O INVERTIR Tanto si estás buscando tu hogar definitivo, como si deseas realizar una inversión segura y rentable, este piso es una opción muy interesante. Por tamaño, ubicación y características, tiene una alta demanda en alquiler y es perfecto para obtener una buena rentabilidad. Ven a verlo y descubre todo lo que esta vivienda puede ofrecerte. Contacta con nosotros y agenda tu visita sin compromiso. Tu nuevo hogar está más cerca de lo que piensas.",False,good,False,2652.0,False,False,False,False,[],False,False,259900.0,€,,,flat,,"12 de Octubre-Orcasur, Madrid",Piso en orcasur,3,True,False,12 de Octubre-Orcasur,264900.0,5000.0,2.0,,
108878104,https://img4.idealista.com/blur/480_360_mq/0/id.pro.es.image.master/46/b3/87/1357715494.webp,,34,350000.0,flat,sale,58.0,2,1,"calle de la Virgen del Castañar, 4",Madrid,Madrid,Ciudad Lineal,es,40.4369694,-3.6534722,True,https://www.idealista.com/inmueble/108878104/,"Euro House Real Estate vende excelente vivienda de 2 Dormitorios 1 Baño:  Para concertar su visita: llamadas y WhatsApp  6Seis 0Cero 9Nueve 8Ocho 5Cinco 0Cero 5Cinco 5Cinco 8OCho (Iker Senra) 2 Dormitorios  1 baño con plato de ducha  Salón  Cocina independiente  Completamente reformada  M2 58  Año de construcción: 1956 Calefacción de gas individual  Ascensor Gasto de Comunidad: 50,00€/Mes  IBI: 295,00€/Año  Euro House Real Estate tiene el placer de presentar este magnífico en calle virgen del castañar, una de las zonas residenciales más cotizadas y con mayor proyección de Madrid. La vivienda se encuentra en venta. Una inversión segura, estable y con todos los ingredientes para generar un ambiente familiar. El piso está ubicado en una finca cuidada, con todos los servicios, en una calle amplia y muy bien conectada. La calle virgen del Castañar es una zona que destaca por su ambiente familiar y tranquilo, rodeada de comercios tradicionales, supermercados, cafeterías, colegios, parques y centros de salud. Además, cuenta con una comunicación excelente con el resto de la ciudad: varias líneas de metro y autobús a pocos minutos a pie, y fácil acceso a las principales vías de salida de Madrid. Todo esto hace por tanto que familias busquen calidad de vida sin alejarse del centro. La vivienda, en muy buen estado, ha sido cuidada y mantenida, lo que elimina preocupaciones adicionales para el nuevo propietario. No se trata de una inversión especulativa que dependa de reformas futuras o cambios legislativos: aquí hablamos de un inmueble muy atractivo para vivir, ubicado en una zona consolidada y con alta previsión de revalorización gracias a la mejora urbana que se está produciendo en el entorno. Además, la finca es de las más completas de la zona, con ascensor y vecinos de largo recorrido, lo que aporta un plus de tranquilidad y seguridad al entorno. La estabilidad del edificio y del vecindario refuerza aún más el perfil de esta inversión como una apuesta a largo plazo para la tranquilidad de una familia que se quiera establecer en el barrio. A diferencia de otras zonas de Madrid, en la calle virgen del castañar el equilibrio entre seguridad y futuro es una de sus grandes fortalezas. Es ideal tanto para quien busca consolidar una cartera inmobiliaria con activos de calidad, como para aquellos que desean hacer una primera inversión sin riesgos ni complicaciones. Si estás buscando una vivienda en un ambiente familiar y gran potencial de crecimiento, esta puede ser la oportunidad que estabas esperando. Solicita más información y concertamos una visita. Activos así no suelen estar mucho tiempo en el mercado.",False,good,False,6034.0,False,False,False,False,[],False,False,350000.0,€,,,flat,,"Concepción, Madrid","Piso en calle de la Virgen del Castañar, 4",bj,True,True,Concepción,,,,,
108885843,https://img4.idealista.com/blur/480_360_mq/0/id.pro.es.image.master/da/44/0f/1357940443.webp,,18,219000.0,flat,sale,51.0,2,1,CL VELEZ RUBIO,Madrid,Madrid,Hortaleza,es,40.4804153,-3.6581646,False,https://www.idealista.com/inmueble/108885843/,"EN VENTA estupendo piso exterior y con mucha luz natural en la calle Velez Rubio. Consta de 50 m2 distribuidos en salón, cocina, 2 dormitorios y un baño. Dispone de calefacción individual de gas natural y aire acondicionado en el salón. La vivienda se encuentra en buen estado.  La finca cuenta con ASCENSOR. Se encuentra muy bien comunicado, a escasos minutos a pie de Metro Manoteras (línea 4) y Pinar de Chamartin (línea 1, 4 y metro ligero ML1). Además de autobuses: 7, 29, 129. Rodeado de todos los servicios: supermercados, colegios, centro de salud, bancos, etc. Mejor visitar, póngase en contacto con nosotros sin compromiso alguno.",False,renew,False,4294.0,False,False,False,False,[],False,False,219000.0,€,,,flat,,"Apóstol Santiago, Madrid",Piso en Cl Velez Rubio,1,True,True,Apóstol Santiago,,,,,
108795955,https://img4.idealista.com/blur/480_360_mq/0/id.pro.es.image.master/b3/85/4e/1355377063.webp,,41,272000.0,flat,sale,113.0,2,1,calle las Pozas,Madrid,San Lorenzo de El Escorial,Zaburdón - Monte Escorial,es,40.5979992,-4.1356567,False,https://www.idealista.com/inmueble/108795955/,"ATR PROJECT INMOBILIAIRA vende, EN EXCLUSIVA, este maravilloso piso completamente reformado recientemente en una urbanización muy tranquila de San Lorenzo de El Escorial. La vivienda, como bien se puede apreciar está para entrar a vivir.  Cuenta con un amplio salón-comedor muy luminoso, dos habitaciones con armarios empotrados, un baño completo con plato de ducha y una gran cocina con salida a un lavadero con despensa. Calefacción de Gas Natural y aire acondicionado en el salón y en el dormitorio principal, paredes en liso, suelos de tarima y las mejores calidades con muebles a medida tanto en la cocina como en el baño, ventanas de aluminio con doble cristal y puertas lacadas en blanco son algunas de las principales características a reseñar. La cocina, con una estupenda encimera de granito y con electrodomésticos de primeras marcas, se entrega completamente amueblada a excepción de la lavadora, la cual tiene su espacio en un lavadero donde también se encuentra la caldera de gas natural recién comprada, una gran despensa y espacio para almacenaje Además, cuenta con plaza de garaje cubierta para coche grande en la mejor ubicación del aparcamiento, la más cercana al ascensor, y un trastero de unos 6 m2, también a la entrada. La comodidad de la vivienda es fantástica, ya que para su acceso desde el portal no es necesario subir ni bajar de planta, pero la altura de sus vistas es de una tercera planta. Además, cuenta con amplias zonas comunitarias que facilitan el acceso y transmiten una sensación de espacio y comodidad. La superficie es de 113 metros cuadrados construidos, según catastro. No dudes en ponerte en contacto con nosotros para más información y concretar una visita.",False,good,False,2407.0,True,False,False,False,[],False,False,272000.0,€,True,True,flat,,"Zaburdón - Monte Escorial, San Lorenzo de El Escorial",Piso en calle las Pozas,3,True,True,,,,,,
107106881,https://img4.idealista.com/blur/480_360_mq/0/id.pro.es.image.master/a6/90/60/1303168512.webp,,3,260000.0,flat,sale,61.0,2,1,"calle de Francos Rodríguez, 94",Madrid,Madrid,Moncloa,es,40.4578194,-3.7117872,True,https://www.idealista.com/inmueble/107106881/,"INVERSION DE FUTURO Ubicado en la cuarta planta de un edificio con ascensor, este piso es ideal para invertir. Actualmente tiene un contrato de renta antigua de 1978 con un alquiler de 178 € mensuales. Un contrato de renta antigua es aquel que se firmó antes de 1985 en España. Estos contratos permitían que el alquiler durara toda la vida del inquilino, e incluso se mantenía durante la vida de su cónyuge, ascendientes y descendientes en los contratos firmados a partir de 1964 ¡Descubre esta joya en pleno corazón de Madrid! Situado en la emblemática Glorieta de Rocío Dúrcal (Francos Rodriguez), este fantástico piso exterior te ofrece una oportunidad única de inversión. Con 61 m² construidos, cuenta con dos luminosos dormitorios, un acogedor salón, cocina y baño. El inmueble dispone de armarios empotrados y calefacción para tu comodidad durante todo el año.   Su localización privilegiada te sitúa a un paso de universidades y colegios mayores, con excelentes conexiones de transporte. No dejes pasar esta oportunidad única en el centro de la ciudad. Inversion de futuro en el centro de Madrid Visitas no disponibles.",False,good,False,4262.0,True,False,False,False,[],False,False,260000.0,€,,,flat,,"Valdezarza, Madrid","Piso en calle de Francos Rodríguez, 94",4,True,True,Valdezarza,,,,,
108734505,https://img4.idealista.com/blur/480_360_mq/0/id.pro.es.image.master/0b/79/e1/1353581341.webp,MOI65.2,25,1500000.0,flat,sale,234.0,4,3,La Moraleja urbanización,Madrid,La Moraleja,La Moraleja urbanización,es,40.5052756,-3.6067822,False,https://www.idealista.com/inmueble/108734505/,"MO Inmobiliaria presenta este precioso Piso situado dentro de una exclusiva urbanización en La Moraleja, con seguridad 24 horas, gimnasio, sala de baile, zona de juegos, amplias zonas comunes con jardín, cuatro piscinas exteriores y una interior, zona coworking y spa. La vivienda cuenta con una distribución en una sola planta con el hall de entrada, aseo de cortesía, cocina totalmente equipada con zona de office y un amplio salón comedor con acceso a una agradable terraza con vistas despejadas a la urbanización. La zona de descanso tiene cuatro dormitorios, dos de ellos con baño en suite y el resto comparten un baño. La vivienda cuenta con sistema de domótica, calefacción por aerotermia gas natural y aire acondicionado por conductos, dos plazas de garaje y un trastero. Rodeada por amplias zonas verdes, La Moraleja cuenta con la mayor oferta de colegios privados e internacionales del país, junto con una magnífica oferta gastronómica y de ocio, entre los que destacan clubes de tenis y campos de golf. Además de centros médicos y comerciales. La seguridad en la zona es su prioridad, por ello cuenta con sistemas de vigilancia 24h, con una amplia instalación de cámaras, garantizando así un alto nivel de seguridad.",True,good,False,6410.0,True,False,False,False,[],False,False,1500000.0,€,True,True,flat,,"La Moraleja urbanización, La Moraleja",Piso,1,True,True,,,,,,
108698171,https://img4.idealista.com/blur/480_360_mq/0/id.pro.es.image.master/fe/4c/73/1352496154.webp,RED-3073V,48,2199000.0,flat,sale,261.0,6,4,calle de Bravo Murillo,Madrid,Madrid,Chamberí,es,40.4349658,-3.7053519,False,https://www.idealista.com/inmueble/108698171/,"Se vende espectacular piso exterior en zona Trafalgar, un hogar con alma y espacio para soñar, en el corazón de Chamberí. Cada estancia respira amplitud. Sus seis habitaciones ofrecen múltiples posibilidades. Con dormitorios confortables, despacho, sala de juegos, vestidor o zona de lectura. Los cuatro baños completos. La zona de día es simplemente impresionante, un gran salón por luz natural, con varias zonas de estar y comedor. Además, cuenta con una terraza. Los armarios empotrados, la distribución generosa y la excelente orientación este-oeste hacen de esta vivienda un lugar cálido y acogedor durante todo el día. Todo ello, acompañado de calefacción central (actualmente individualizado), aire acondicionado por conducto en todas las estancias de la vivienda y una plaza de garaje incluido en el precio que añade un valor incalculable en esta zona. Este piso no es solo una casa es un estilo de vida. Es el lujo de tener metros de sobra en una de las zonas más cotizadas de Madrid. En una de las zonas más deseadas, una auténtica joya que combina elegancia, amplitud y ubicación privilegiada. Situado en una luminosa cuarta planta exterior de un edificio señorial con ascensor, te ofrece un espacio fenomenal que es difícil de encontrar en la capital. Tu gran espacio en Madrid te espera. Venga a visitarlo y solicite mas información. *Le recordamos que el anuncio no constituye precontrato y podría contener errores.",True,good,False,8425.0,False,False,False,False,[],False,False,2199000.0,€,True,True,flat,,"Trafalgar, Madrid",Piso en calle de Bravo Murillo,4,True,True,Trafalgar,,,,,
108122475,https://img4.idealista.com/blur/480_360_mq/0/id.pro.es.image.master/2f/e2/c1/1353175480.webp,W-02X1SH,15,795000.0,chalet,sale,210.0,4,3,Barrio Peñagrande,Madrid,Madrid,Fuencarral,es,40.4768737,-3.7299942,False,https://www.idealista.com/inmueble/108122475/,"Exclusiva parcela de casi 500m2 para construir la casa de sus sueños Engel&Volkers Mirasierra-Puerta de Hierro ( ) les presenta esta parcela de casi 500m2. Rectangular, muy diáfana y con una topografía que facilita el diseño y ejecución de un nuevo proyecto. Actualmente cuenta con una construcción de aproximadamente 200m², aunque por su estado y características lo más adecuado sería una demolición para levantar una vivienda completamente nueva. Gracias a su posición elevada respecto al nivel de la calle, disfruta de una excelente privacidad y agradables vistas despejadas. Una oportunidad única para quienes buscan diseñar su propio hogar en un entorno consolidado, bien comunicado y rodeado de viviendas unifamiliares. Peñagrande, zona residencial de viviendas unifamiliares entre la Carretera de la Playa (Avda. Cardenal Herrera Oria) y la M-30, lo que le otorga a este barrio unas excelentes comunicaciones tanto con el centro como con el resto de zonas de Madrid. Barrio muy tranquilo y residencial con buenas casa y buenas comunicaciones con el transporte público. Un remanso de tranquilidad en la zona noroeste.",True,good,False,3786.0,False,False,False,True,[],False,False,795000.0,€,,,chalet,independantHouse,"Peñagrande, Madrid",Casa independiente,,,,Peñagrande,,,,,
108252829,https://img4.idealista.com/blur/480_360_mq/0/id.pro.es.image.master/0f/9e/4b/1339308671.webp,0015-07342,73,1850000.0,flat,sale,325.0,5,3,calle de Chapinería,Madrid,Madrid,Fuencarral,es,40.476669,-3.7383726,False,https://www.idealista.com/inmueble/108252829/,"¡UN HOGAR CON ALMA Y VISTAS! En el corazón de Puerta de Hierro, una de las zonas residenciales más prestigiosas de Madrid, se alza esta magnífica vivienda de 325 m² construidos (fuente: catastro). Un hogar que combina amplitud, privacidad y una calidad de vida excepcional, rodeado de vegetación y con vistas abiertas a una imponente arboleda que envuelve la finca. Desde cualquier estancia, la mirada se pierde entre los árboles, ofreciendo una sensación de calma, intimidad y conexión con la naturaleza que muy pocas viviendas en Madrid pueden ofrecer. El salón principal, dividido en tres ambientes claramente diferenciados, es el alma de la casa. Bañado en luz natural y enmarcado por las vistas al verde, este espacio acoge momentos de calma, reuniones familiares y largas sobremesas con amigos. El salón cuenta con librerías hechas a medida en madera de nogal español y una elegante chimenea en perfecto estado de uso, que aportan calidez y sofisticación. Espacio, luz y confort conviven en armonía en el auténtico corazón de la casa. La naturaleza se convierte en telón de fondo de la vida diaria. La cocina con office es uno de los grandes protagonistas de la vivienda, es un santuario culinario, su amplitud permite disfrutarla tanto en el día a día como en ocasiones especiales. Cuenta con una zona de comedor informal ideal para desayunos o comidas en familia, su conexión con el exterior y la luz la convierten en un espacio acogedor, con acceso a una terraza-tendedero independiente, que añade practicidad sin sacrificar estética.  Está equipada con electrodomésticos de alta gama y una distribución pensada para optimizar el espacio y el movimiento, lo que convierte este ambiente en un verdadero punto de encuentro dentro del hogar. Cada detalle ha sido cuidado para ofrecer comodidad, funcionalidad y calidez. La biblioteca, revestida con una librería de madera de nogal español, ofrece un espacio íntimo y sereno, ideal para trabajar, leer o simplemente desconectar. La zona de descanso se compone de tres dormitorios, incluyendo una elegante suite principal con vestidor y terraza privada, pensada para el confort y la privacidad, además de un dormitorio de servicio con baño completo, ideal como cuarto de invitados o apoyo doméstico. La vivienda se encuentra en muy buen estado de conservación, lista para entrar a vivir. La propiedad incluye dos plazas de garaje y trastero y consta de tres terrazas privadas. Una propiedad para quienes buscan calidad de vida, espacios generosos, entorno verde y una ubicación privilegiada en una de las urbanizaciones más consolidadas y demandadas de Madrid. Acceso a cuidadas zonas comunes con piscina, amplios jardines y cancha de tenis. Todo ello en un entorno seguro, exclusivo y rodeado de naturaleza. Este no es solo un piso, es un lugar donde cada rincón invita a vivir momentos únicos y memorables. Un lugar donde la vida fluye con calma, rodeado de naturaleza y confort. Contáctame para concertar una visita privada y conoce esta exclusiva propiedad.",False,good,False,5692.0,True,False,False,False,[],False,False,1850000.0,€,True,True,flat,,"Fuentelarreina, Madrid",Piso en calle de Chapinería,3,True,True,Fuentelarreina,,,,,
108510657,https://img4.idealista.com/blur/480_360_mq/0/id.pro.es.image.master/36/20/0e/1347062882.webp,5ALQMMADRIDant00030686972PUENTEDEDEVIZCAYA,16,151000.0,flat,sale,59.0,1,1,puente de Vizcaya,Madrid,Madrid,Villaverde,es,40.3449091,-3.7083305,False,https://www.idealista.com/inmueble/108510657/,"Especial Inversores. Se vende ALQUILADO A TERCEROS renta mercado. No podemos dar acceso a la vivienda para visitarla. En consecuencia, no podría constituirse financiación hipotecaria sobre este tipo de fincas, cuya adquisición requerirá el otorgamiento de otro tipo de garantías en caso de solicitarse financiación. Piso en Madrid. Dispone de una superficie de 59 m² distribuidos en salón-comedor, la habitación, cocina, 1 baño y el balcón. Piso situado alrededor de servicios, comercios, mercados y escuelas. Con fácil acceso en tren a la estación de Puente Alcocer. Se recomienda que el comprador obtenga asesoramiento profesional y legal antes de adoptar la decisión de compra. Fecha de fin de contrato: 12/2026.",False,good,False,2559.0,True,False,False,False,[],False,False,151000.0,€,,,flat,,"Villaverde Alto, Madrid",Piso en puente de Vizcaya,2,True,True,Villaverde Alto,,,,,
108826473,https://img4.idealista.com/blur/480_360_mq/0/id.pro.es.image.master/b9/62/53/1356261569.webp,,32,1150000.0,flat,sale,173.0,4,2,Barrio Huertas-Cortes,Madrid,Madrid,Centro,es,40.4135368,-3.6975695,False,https://www.idealista.com/inmueble/108826473/,"Tailor & Key presenta este exclusivo piso en la Calle Infante, Madrid, una propiedad única en el centro, en pleno barrio de Huertas-Cortes, combina el diseño de los elegantes edificios de finales del siglo XIX, con una de las zonas más castizas de Madrid. Ideal tanto para quienes buscan una vivienda con personalidad como para inversores que deseen explotar su potencial en una de las zonas más céntricas y mejor comunicadas de la capital. La vivienda ofrece enormes posibilidades de uso, desde una encantadora residencia privada, hasta un proyecto de coliving o apartamentos turísticos, ya que la comunidad de propietarios permite el uso turístico, entre otras opciones. Con sus 173 m2 construidos, más de 130 útiles, dispone de 8 estancias, 2 baños y una amplia cocina además de un trastero de unos 12 m2 en la buhardilla del edificio, con acceso por ascensor, dos balcones al exterior y sus patios interiores le dan la suficiente luminosidad. Una distribución excepcionalmente versátil. Completan la propiedad un trastero privado en la azotea y dos balcones exteriores con vistas a la calle. Ubicado en la primera planta de un edificio representativo de finales del siglo XIX, en pleno corazón del barrio de las Letras, distrito Centro, una zona privilegiada de Madrid, este inmueble está rodeado de todos los servicios: supermercados, centros educativos y de salud, transporte público, zonas verdes y una amplia oferta de ocio y restauración en una de las zonas más de moda de Madrid. Una oportunidad perfecta tanto como vivienda habitual como para inversión con alta rentabilidad. En Tailor & Key, somos especialistas en el mercado residencial de Madrid. Ofrecemos un servicio integral y personalizado en todas las fases del ciclo inmobiliario: compraventa, alquiler y reformas integrales. Para más información sobre esta propiedad o sobre nuestros servicios, no dude en ponerse en contacto con nosotros o visitar nuestra web: tailorkey. com.",False,good,False,6647.0,True,False,False,False,[],False,False,1150000.0,€,,,flat,,"Huertas-Cortes, Madrid",Piso,1,True,True,Huertas-Cortes,,,,,
108534289,https://img4.idealista.com/blur/480_360_mq/0/id.pro.es.image.master/08/1b/21/1347751154.webp,DL57,50,1525000.0,flat,sale,134.0,3,4,"calle de Diego de León, 57",Madrid,Madrid,Barrio de Salamanca,es,40.4348033,-3.6767052,True,https://www.idealista.com/inmueble/108534289/,"Excepcional piso en proceso de reforma (finaliza Julio 2025) en la calle Diego de Leon. Es un piso exterior, luminoso, que abre 3 grandes huecos a la calle. Buena finca, techos altos, portero. EL piso tiene 3 suites con baño privado, un aseo de cortesía y. un gran armario que hace de zona de lavandería. Piso reformado con las mejores calidades. Tarima de madera natural de roble en espiga. Climatización independiente de cada zona por conductos. Carpinteria a medida. Proyecto de Decoración de un prestigioso Estudio Madrileño. Cocina de alta gama. Electrodomésticos Bosch. Todo lo que un piso de lujo debe tener.",False,good,False,11381.0,True,False,False,False,[],False,False,1525000.0,€,,,flat,,"Lista, Madrid","Piso en calle de Diego de León, 57",2,True,True,Lista,,,,,
91699087,https://img4.idealista.com/blur/480_360_mq/0/id.pro.es.image.master/2b/1a/ec/1321280978.webp,MIN0000061203,15,986210.0,flat,sale,132.0,2,2,paseo de San Francisco de Sales,Madrid,Madrid,Chamberí,es,40.4424625,-3.7127176,False,https://www.idealista.com/obra-nueva/91699087/,"Piso dúplex con trastero y piscina anejos en venta en el barrio de Vallehermoso, perteneciente al distrito de Chamberí, de Madrid capital (Madrid). Piso de 2 habitaciones, con 2 baños, cocina y salón-comedor. Dispone de un atractivo diseño de corte moderno y funcional. La finca cuenta con portero automático y ascensor. Se encuentra en el edificio Mindanao, en pleno centro de Madrid, con acceso a todos los servicios básicos: comercios, supermercados, centros educativos, deportivos y de salud, transporte público, servicios de hostelería y restauración, etc. Está entre el parque de Santander y el Hospital Clínico San Carlos, muy cerca de Ciudad Universitaria y del intercambiador de Moncloa. Goza de rápido acceso a la A-6 y a la M-30. Cuenta con un trastero en la planta sótano y piscina en la azotea como anejos inseparables incluidos en el precio. ¿Te interesa? Contacta con nosotros. ¿Necesitas más información? No lo dudes y contacta con nosotros; te informaremos sin compromiso. (*) Algunas fotografías han sido mejoradas digitalmente o son recreaciones virtuales. La vivienda se vende sin amueblar.",False,newdevelopment,True,7471.0,False,False,False,False,[],False,False,986210.0,€,,,flat,,"Vallehermoso, Madrid",Piso en paseo de San Francisco de Sales,9,,True,Vallehermoso,,,,False,
108903621,https://img4.idealista.com/blur/480_360_mq/0/id.pro.es.image.master/9a/e5/56/1358458878.webp,5369,52,200000.0,flat,sale,70.0,3,2,calle de Calero Pita,Madrid,Madrid,Puente de Vallecas,es,40.3798777,-3.6702385,False,https://www.idealista.com/inmueble/108903621/,"GRUPOALQUILA ofrece en exclusiva esta excelente oportunidad de Inversión. PROPIEDAD ALQUILADA CON CONTRATO EN VIGOR: cobro garantizado el día 10 de cada mes.  Contrato de arrendamiento hasta el 01/12/2025  Pago IBI anual: 270 € Pago de comunidad: 50€ Si buscas invertir en una vivienda que te genere una rentabilidad desde el primer día, asegurándote la renta mes a mes, llama ahora para agendar una cita y visitarla.  Renta MENSUAL: €  Alta rentabilidad. Ideal inversores, excelente oportunidad de negocio. REF5369. Piso exterior REFORMADO de 70m2. Dispone de 3 dormitorios, amplio salón independiente, cocina amueblada y equipada con vitrocerámica, campana extractora, horno, microondas, lavadora y frigorífico, 1 cuarto de baño completo con bañera y 1 aseo. Terraza de 3m2. Aire acondicionado en el salón y el dormitorio principal, calefacción individual de gas natural, suelos de tarima y pintura lisa. Piso exterior y AMUEBLADO. Finca SIN ASCENSOR. A cinco minutos de la estación de cercanías Asamblea de Madrid - Entrevías (C2). Autobuses: 24, 103, 111 y 144.",False,good,False,2857.0,False,False,False,False,[],False,False,200000.0,€,,,flat,,"Entrevías, Madrid",Piso en calle de Calero Pita,3,True,False,Entrevías,,,,,
108123647,https://img4.idealista.com/blur/480_360_mq/0/id.pro.es.image.master/03/f1/52/1334556307.webp,,69,11900000.0,penthouse,sale,605.0,5,5,plaza del Marqués de Salamanca,Madrid,Madrid,Barrio de Salamanca,es,40.4298759,-3.6814988,False,https://www.idealista.com/inmueble/108123647/,"Maravilloso ático exterior con terraza y piscina privada, donde la luz y las vistas a Madrid son las protagonistas. La distribución está pensada al detalle. Cuenta con un amplio hall, por donde se accede a un magnífico salón y comedor independiente. Por otro lado, descubrimos cuatro dormitorios con cuarto de baño ensuite. Se diferencia la zona de servicio con una espaciosa cocina- office independiente, cuarto de plancha y dormitorio de servicio con su correspondiente cuarto de baño, creando de esta forma un área privada y recogida que dará servicio discreto a las zonas principales de la vivienda. Dispone de agradables terrazas, con piscina privada y solarium. Materiales nobles como suelo de pino, piedra natural y detalles como las molduras en las paredes aportan la calidez que hace de una vivienda un hogar. Incluye trastero y una plaza de garaje. Las zonas comunes incluyen un moderno gimnasio y piscina, completamente equipado con las mejores instalaciones para mantenerse en forma. Un wellness center para hacer que cualquier propietario disfrute sin salir de casa de momentos de relajación y cuidado. Servicio Concierge, aparcamiento privado con control de acceso restringido, acceso de servicio independiente y seguridad 24h.",True,good,False,19669.0,True,False,False,False,[],False,False,11900000.0,€,True,True,flat,penthouse,"Castellana, Madrid",Ático en plaza del Marqués de Salamanca,6,True,True,Castellana,,,,,
108549188,https://img4.idealista.com/blur/480_360_mq/0/id.pro.es.image.master/ab/84/b7/1348171323.webp,,130,2250000.0,flat,sale,158.0,3,3,"calle de Claudio Coello, 126",Madrid,Madrid,Barrio de Salamanca,es,40.4371344,-3.684954,True,https://www.idealista.com/inmueble/108549188/,"Bienvenidos a Gara (Somos propietarios) Gara Singular, Casa de bienes raíces que ofrece fincas singulares, minuciosamente seleccionadas en el alma y esencia de Madrid. Calle Claudio Coello, corazón del Barrio de Salamanca. Gara ofrece en venta esta exclusiva propiedad con unas vistas únicas: Los jardines del museo Lázaro Galdiano. La propiedad, a la que se accede a través de un jardín presidido por un gran frutal, fuentes ornamentales y plantas que parecen transportarnos a un Riad árabe o a un patio andaluz, se sitúa en una segunda planta que rebosa luminosidad y buen gusto.   Gracias a la profundidad del patio que tiene a sus pies, estamos ante una segunda planta que nos da, desde sus grandes ventanales, la sensación de estar en un 5 o 6 piso. Nada más entrar, encontramos un generoso vestíbulo que da paso a dos espacios divisibles, gracias a una majestuosa puerta corredera hecha a medida por maestros carpinteros. El primero de estos espacios da forma un pasillo de acceso a la zona descanso y aseo de cortesía, y el segundo a un gran salón comedor con cocina integrada. Todo con vistas a los jardines del museo. Así mismo la propiedad disfruta de tres dormitorios de matrimonio, el principal de ellos en suite con un tamaño aproximado de 30 m2 y tres áreas de armarios o closets diferentes. Los otros dos comparten un tercer baño completo.  La vivienda dispone de zona de lavandería independiente totalmente preparada para lavado, planchado y almacenaje Cocina completamente equipada con electrodomésticos de alta gama, incluida campana downfrat de Siemens.  Esta propiedad se ha desarrollado por profesionales interioristas para dotarla del más alto confort. Materiales de máxima calidad en la madera natural de los suelos, aislamiento térmico y sonoro de su carpintería, molduras clásicas, climatización centralizada y un sinfín de comodidades. Gastos de comunidad: 185 euros IBI: 787 Euros En el precio se incluyen los electrodomésticos, pero no el mobiliario.",False,good,False,14241.0,True,False,False,False,[],False,False,2250000.0,€,,,flat,,"Castellana, Madrid","Piso en calle de Claudio Coello, 126",2,True,True,Castellana,,,,,
108797459,https://img4.idealista.com/blur/480_360_mq/0/id.pro.es.image.master/35/78/13/1355451762.webp,93645,16,185000.0,flat,sale,32.0,1,1,calle de los Abades,Madrid,Madrid,Centro,es,40.4113401,-3.7057661,False,https://www.idealista.com/inmueble/108797459/,"Piso en corrala con mucho encanto, en Lavapiés. Piso en corrala con mucho encanto, en Lavapiés uno de los barrios más bohemios de Madrid, Consta de 32 m2 que se distribuyen en un dormitorio, un baño y salón con cocina integrada. Es una tercera planta con ascensor. El patio de corrala está muy cuidado y es luminoso, lo que hace que, aunque sea interior, tenga mucha luz a través de sus cinco huecos de ventana. El inmueble está para reformar con una fácil y económica redistribución. Ubicado en una zona con todo tipo de servicios, comercios, supermercados, mercados, colegios, restaurantes, farmacias, bancos etc. Excelente comunicación. Muy cercano a los metros de La Latina, Lavapiés, Tirso de Molina y línea de autobuses (M1). El barrio de Lavapiés – Embajadores se distingue por su ambiente vibrante y multicultural, ofreciendo una amplia gama de servicios. En la zona encontramos centros educativos, de salud y financieros, además de una destacada oferta gastronómica, cultural y de ocio. Los mercados municipales y los comercios de proximidad brindan una gran variedad de productos, ideales para la vida diaria. En las inmediaciones se encuentran importantes referentes culturales como el Teatro Price, La Casa Encendida y el Teatro Valle Inclán. Además, el apartamento está cerca de los principales museos de Madrid: el Museo Nacional del Prado, el Museo Nacional Centro de Arte Reina Sofía y el Museo Thyssen. Para los amantes de la naturaleza y los espacios al aire libre, el entorno cuenta con acceso rápido a las zonas verdes de Madrid Río y el Parque del Retiro, perfectos para disfrutar de actividades al aire libre. Este apartamento es una excelente oportunidad para quienes buscan una vivienda para reformar en una ubicación céntrica y con acceso a todo lo que Madrid tiene para ofrecer. En Grupo Mejocasa nos especializamos en ofrecer el mejor servicio inmobiliario en toda la Comunidad de Madrid. Contamos con cuatro oficinas estratégicamente ubicadas en Chamberí-Centro, Ciudad Lineal-Salamanca, Hortaleza-Las Tablas y Canillejas-Vicálvaro, lo que nos permite tener un amplio conocimiento y alcance en todas las zonas de la ciudad. Gracias a nuestro método de trabajo, brindamos un servicio integral que abarca todos los aspectos necesarios para garantizar una experiencia inmobiliaria satisfactoria. No solo nos especializamos en la compra y venta de propiedades, sino que también brindamos un asesoramiento completo para que nuestros clientes tomen decisiones informadas y seguras. Confía en nosotros para encontrar la vivienda ideal o vender tu propiedad con las mejores condiciones.",False,renew,False,5781.0,False,False,False,False,[],False,False,185000.0,€,,,flat,,"Lavapiés-Embajadores, Madrid",Piso en calle de los Abades,3,True,True,Lavapiés-Embajadores,,,,,
108371069,https://img4.idealista.com/blur/480_360_mq/0/id.pro.es.image.master/6d/05/c5/1342126098.webp,,50,750000.0,flat,sale,96.0,3,2,calle de Vallehermoso,Madrid,Madrid,Chamberí,es,40.4363333,-3.7088745,False,https://www.idealista.com/inmueble/108371069/,"PRECIOSA VIVIENDA A ESTRENAR DE TRES DORMITORIOS Y DOS BAÑOS. En el corazón de Chamberí: piso recién reformado y amueblado de 3 dormitorios y 2 baños, cocina abierta de diseño totalmente equipada y un acogedor salón con una chimenea que te encantará. Todos los dormitorios tienen armarios empotrados y la vivienda cuenta con aire acondicionado por conducto. Es una vivienda con muchísima luz, con ventanas orientadas al suroeste. Da a una calle con muy poco tránsito, con lo que hay gran intimidad y tranquilidad. Las fotos de la vivienda son reales (no reproducción de IA). La reforma de la vivienda tiene una garantía de 3 años y la cocina tiene una garantía de 5 años. Edificio elegante y representativo; art decó. Portero físico y calefacción central. Gastos mensuales 130€ aproximadamente. Situado en la zona de Canal, en pleno Chamberí, rodeado de comercios, restaurantes y universidades. Muy bien comunicado con el resto de la ciudad. Y cuenta con hospitales a muy corta distancia. Zona premium con muy alta demanda! Super buena oportunidad para vivienda o como inversión, no dudes en venir a visitarlo! . Somos los propietarios, por lo que no hay comisión de agencia. Te esperamos!",True,good,False,7813.0,True,False,False,False,[],False,False,750000.0,€,,,flat,,"Arapiles, Madrid",Piso en calle de Vallehermoso,en,True,True,Arapiles,760000.0,10000.0,1.0,,
108121832,https://img4.idealista.com/blur/480_360_mq/0/id.pro.es.image.master/d6/ec/aa/1335273516.webp,,23,305000.0,flat,sale,83.0,3,1,calle Río Jarama,Madrid,Móstoles,Suroeste,es,40.3168178,-3.8702839,False,https://www.idealista.com/inmueble/108121832/,"**Piso Totalmente Reformado en Móstoles: ¡Tu Nuevo Hogar Te Espera! ** JULIO MAGANO 3 vende en exclusiva este espectacular piso totalmente reformado en una de las mejores zonas de Móstoles. Con 83 m² construidos, este hogar cuenta con tres amplias habitaciones que ofrecen comodidad y tranquilidad. La electricidad, fontanería, suelos, paredes, ventanas, etc. han sido renovadas, garantizando un espacio seguro, moderno y funcional. Además de el coqueto baño y la cocina exterior con notables acabados y detalles, y todo lo necesario para disfrutar de momentos únicos. El amplio comedor destaca por su buena iluminación y vistas a los jardines, creando un ambiente acogedor ideal para compartir con familiares y amigos. Las puertas de roble y las ventanas de aluminio climalit oscilobatientes añaden un toque de elegancia, mientras que los suelos en tarima y las paredes lisas en pintura blanca aportan frescura y estilo. Ubicado en una zona con excelentes servicios sanitarios y comerciales, este piso está a solo 10 minutos caminando de la parada de Metro ""Hospital de Móstoles"". Cuenta con acceso adaptado para personas con movilidad reducida. La puerta blindada de entrada proporciona seguridad, calefacción de gas natural y el aire acondicionado en todas las estancias aseguran un clima perfecto durante todo el año. ¡No pierdas la oportunidad de visitar este increíble piso! Con ascensor y una orientación suroeste que llena de luz cada rincón, es el lugar ideal para comenzar una nueva etapa de tu vida. ¡Contacta ahora y hazlo tuyo!",True,good,False,3675.0,True,False,False,False,[],False,False,305000.0,€,,,flat,,"Suroeste, Móstoles",Piso en calle Río Jarama,5,True,True,,315000.0,10000.0,3.0,,
108398951,https://img4.idealista.com/blur/480_360_mq/0/id.pro.es.image.master/6a/75/22/1347816869.webp,VM06,82,238000.0,chalet,sale,200.0,4,3,valle san juan,Madrid,Colmenar de Oreja,,es,40.0753677,-3.4512025,False,https://www.idealista.com/inmueble/108398951/,"¡Bienvenido al hogar de tus sueños!  Te presentamos esta maravillosa casa independiente ubicada en una exclusiva urbanización privada con servicio de vigilancia las 24h, parque infantil, campo de futbol, ideal para quienes buscan tranquilidad, confort y disfrutar de cada rincón del hogar como si fuera un pequeño paraíso. Esta encantadora vivienda de dos plantas tiene todo lo que necesitas para crear momentos inolvidables con tu familia y amigos. En la planta baja, nos encontramos un amplio y luminoso salón con chimenea, el corazón de la casa, perfecto para esas tardes de invierno en familia. La cocina independiente, pero abierta al salón mediante una práctica y acogedora barra americana, invita a compartir mientras se cocina, sin perderse ni un segundo de conversación. Desde el salón accedemos a una terraza con vistas maravillosas y donde cada mañana podrás comenzar con un café al sol y cada atardecer con una copa de vino, o simplemente disfrutar de buena compañía. La casa cuenta con cuatro dormitorios, todos con gran iluminación natural, siendo el principal en suite con baño privado. Además, en esta planta encontrarás un baño completo, cómodo y funcional. Pero eso no es todo.. . En la planta sótano te espera un verdadero espacio para el disfrute: varias estancias de almacenaje, un aseo, y una sala de fiestas equipada con barra y luces, lista para celebraciones, reuniones o simplemente para desconectar del día a día sin salir de casa. Y cuando salgas al exterior… ¡te enamorarás! La piscina privada es el lugar perfecto para refrescarte en verano, mientras los niños juegan o los amigos disfrutan del sol. También podrás disfrutar de comidas en el exterior con la barbacoa. Además, una puerta trasera te da acceso directo al pinar, ideal para paseos tranquilos, actividades al aire libre o simplemente para respirar aire puro cada día. Esta casa lo tiene TODO: comodidad, espacios para compartir y privacidad, naturaleza y seguridad. ¡No dejes pasar esta oportunidad! Ven a visitarla y descubre por ti mismo lo que significa vivir en un hogar que lo tiene todo.  Llámanos ahora y agenda tu visita. ¡Tu nueva vida comienza aquí!",True,good,False,1190.0,True,False,False,False,[],False,False,238000.0,€,,,chalet,independantHouse,Colmenar de Oreja,Casa independiente en valle san juan,,,,,,,,,
108750280,https://img4.idealista.com/blur/480_360_mq/0/id.pro.es.image.master/1d/37/39/1354650254.webp,W-02V8JX,9,15000000.0,penthouse,sale,1281.0,6,7,Barrio Cuatro Caminos,Madrid,Madrid,Tetuán,es,40.446131,-3.6973294,False,https://www.idealista.com/inmueble/108750280/,"Espectacular ático dúplex con maravillosas vistas a todo Madrid Engel&Völkers tiene el placer de presentarles este espectacular ático dúplex ubicado en una de las zonas más prestigiosas de Madrid. Esta exclusiva vivienda se encuentra en la calle Raimundo Fernandez Villaverde que combina a la perfección historia y modernidad. En el penúltimo piso de un edificio de fachada moderna, se encuentra esta residencia que se distingue por su refinada estética y sus acabados de lujo. Su espectacular terraza es, sin duda, el punto más sobresaliente de la propiedad. Amplia, luminosa y con vistas despejadas que alcanzan el horizonte de la ciudad, este espacio ofrece un refugio único para disfrutar del aire libre en total privacidad. Desde aquí, se pueden contemplar los primeros rayos de sol en la mañana o relajarse con sus espectaculares vistas El interior de la vivienda ha sido diseñado para maximizar la luz y la sensación de amplitud. Al acceder, un elegante vestíbulo con acabados de alta gama da paso a un impresionante salón con grandes ventanales que se abren hacia la terraza, creando una conexión fluida entre el interior y el exterior. Este espacio, pensado para el confort y la sofisticación, combina elementos clásicos con la última tecnología en domótica. Junto al salón, el comedor independiente permite albergar encuentros exclusivos con una vista inigualable como protagonista. Además, una sala privada ideal para despacho o biblioteca ofrece un ambiente de tranquilidad y distinción, enmarcado en materiales nobles y una cuidada iluminación. La zona de descanso está estratégicamente ubicada para garantizar máxima serenidad. Sus cuatro suites, todas exteriores, cuentan con vistas privilegiadas y acabados de primer nivel. La suite principal es una auténtica joya, con un vestidor diseñado a medida y un baño en mármol de alta gama con ducha efecto lluvia y bañera independiente. Las demás habitaciones mantienen el mismo estándar de calidad, cada una con su propio vestidor y baño privado. Cuenta además con una habitación de servicio con su propio baño y otras dos habitaciones en un guardilla con altura muy amplia de techo. Cada detalle de esta vivienda ha sido meticulosamente seleccionado: suelos de roble macizo, carpintería artesanal, iluminación ambiental inteligente y un avanzado sistema de domótica que controla climatización, persianas y sonido envolvente. La zona de terraza con su exclusiva piscina así como un amplio jardín interior, zona de gimnasio y dos plazas de garaje de acceso directo. Esta residencia representa el equilibrio perfecto entre elegancia, funcionalidad y una ubicación insuperable, con una terraza que redefine el concepto de exclusividad en Madrid. La propiedad se ubica muy cerca de Paseo de la Castellana, Nuevos Ministerios y la zona de Azca al noroeste de la capital. Azca es el distrito financiero y de negocios de Madrid. Se trata de una gran manzana de diecinueve hectáreas de superficie compuesta por edificios de oficinas comprendida entre las calles de Raimundo Fernández Villaverde, Orense, General Perón y el Paseo de la Castellana. Asimismo, dentro del ámbito se encuentran las plazas de Pablo Ruiz Picasso, Carlos Trías Beltrán y Manuel Gómez Moreno. Este barrio está delimitado por importantes estructuras como el estadio Santiago Bernabéu, el Ministerio de Defensa, la famosa Torre Picasso o la torre BBVA. La cercanía a la Calle Orense, Nuevos Ministerios y el maravillosos Corte Ingles de Paseo de la Castellana ofrece una amplia gama de servicios desde grandes almacenes, comercios, farmacias, colegios, iglesias, gimnasios, hoteles, hasta zonas deportivas y una selección muy amplia de bares y restaurantes. En cuanto a las comunicaciones, esta zona tiene una excelente cobertura de transporte, esto se debe a la cercanía de éste a la estación de Nuevos Ministerios y del intercambiador de Plaza de Castilla. El acceso al centro de la ciudad y a las principale.",False,good,False,11710.0,False,False,False,False,[],False,False,15000000.0,€,True,True,flat,penthouse,"Cuatro Caminos, Madrid",Ático,10,True,True,Cuatro Caminos,,,,,
103689274,https://img4.idealista.com/blur/480_360_mq/0/id.pro.es.image.master/c2/c8/a2/1219759652.webp,,39,1395000.0,flat,sale,221.0,4,5,"Plazuela de San Ginés, 1",Madrid,Madrid,Centro,es,40.4166589,-3.7070626,True,https://www.idealista.com/inmueble/103689274/,"OPORTUNIDAD ÚNICA DE INVERSIÓN CON ALQUILERES EN CURSO (RENTABILIDAD INMEDIATA)  (Ya tiene otorgado el Numero Unico de Registro de Alquileres) Exclusiva oportunidad de inversión en el corazón de Madrid. Como empresa especializada en la reforma integral de propiedades, presentamos este inmueble único, estratégicamente ubicado a solo unos metros de Sol, Opera y Plaza Mayor, en la encantadora Plazuela de San Ginés. Este inmueble de 221m2 se distribuye en 2 pisos, combinando una fusión perfecta entre modernidad y tranquilidad, tras haber finalizado una renovación integral, finalizada en enero de 2024. PISO EXTERIOR CON ENCANTO: Disfrute de la vida urbana en este piso exterior que cuenta con 3 balcones. Presenta un amplio salón/comedor con balcón, una cocina semi-integrada totalmente equipada y dos habitaciones, cada una con su propio balcón y dos baños completos. La habitación principal incluye un baño en suite y un amplio vestidor. PISO INTERIOR DE ELEGANCIA: El segundo piso, de carácter más íntimo, ofrece un amplio salón con dos ventanas, una cocina/comedor semi-integrada, dos habitaciones en suite y un aseo. La cocina está completamente equipada, brindando un espacio funcional y estéticamente agradable. Contáctenos hoy para obtener más detalles de esta oportunidad unica.",True,good,False,6312.0,True,False,False,False,[],False,False,1395000.0,€,,,flat,,"Sol, Madrid","Piso en Plazuela de San Ginés, 1",2,True,True,Sol,,,,,
108481898,https://img4.idealista.com/blur/480_360_mq/0/id.pro.es.image.master/8b/b4/0b/1346236372.webp,,84,2250000.0,flat,sale,158.0,3,3,"calle de Claudio Coello, 126",Madrid,Madrid,Barrio de Salamanca,es,40.4371344,-3.684954,True,https://www.idealista.com/inmueble/108481898/,"Bienvenidos a Gara (Somos propietarios) Gara Singular, Casa de bienes raíces que ofrece fincas singulares, minuciosamente seleccionadas en el alma y esencia de Madrid. Calle Claudio Coello, corazón del Barrio de Salamanca. Gara ofrece en venta esta exclusiva propiedad con unas vistas únicas: Los jardines del museo Lázaro Galdiano. La propiedad, a la que se accede a través de un jardín presidido por un gran frutal, fuentes ornamentales y plantas que parecen transportarnos a un Riad árabe o a un patio andaluz, se sitúa en una segunda planta que rebosa luminosidad y buen gusto.   Gracias a la profundidad del patio que tiene a sus pies, estamos ante una segunda planta que nos da, desde sus grandes ventanales, la sensación de estar en un 5 o 6 piso. Nada más entrar, encontramos un generoso vestíbulo que da paso a dos espacios divisibles, gracias a una majestuosa puerta corredera hecha a medida por maestros carpinteros. El primero de estos espacios da forma un pasillo de acceso a la zona descanso y aseo de cortesía, y el segundo a un gran salón comedor con cocina integrada. Todo con vistas a los jardines del museo. Así mismo la propiedad disfruta de tres dormitorios de matrimonio, el principal de ellos en suite con un tamaño aproximado de 30 m2 y tres áreas de armarios o closets diferentes. Los otros dos comparten un tercer baño completo.  La vivienda dispone de zona de lavandería independiente totalmente preparada para lavado, planchado y almacenaje Cocina completamente equipada con electrodomésticos de alta gama, incluida campana downfrat de Siemens.  Esta propiedad se ha desarrollado por profesionales interioristas para dotarla del más alto confort. Materiales de máxima calidad en la madera natural de los suelos, aislamiento térmico y sonoro de su carpintería, molduras clásicas, climatización centralizada y un sinfín de comodidades. Gastos de comunidad: 185 euros IBI: 787 Euros En el precio se incluyen los electrodomésticos, pero no el mobiliario.",False,good,False,14241.0,True,False,False,False,[],False,False,2250000.0,€,,,flat,,"Castellana, Madrid","Piso en calle de Claudio Coello, 126",2,True,True,Castellana,,,,,
108515943,https://img4.idealista.com/blur/480_360_mq/0/id.pro.es.image.master/92/ef/f2/1347220744.webp,,11,850000.0,chalet,sale,126.0,3,2,CL PALERMO,Madrid,Madrid,Hortaleza,es,40.4599413,-3.6480737,False,https://www.idealista.com/inmueble/108515943/,"Agencia inmobiliaria de MADRID zona CANILLAS ofrece en EXCLUSIVA chalet gran tamaño junto a su parcela de 426 m² en una de las mejores zonas de Canillas. Este magnífico terreno se clasifica bajo la Norma Zonal 8, Grado 4, que permite edificaciones residenciales de hasta tres plantas, más un sótano. Destaca su gran edificabilidad y multitud de posibilidades junto al Liceo Francés y Arturo Soria. Reúne muchas características que lo hacen único: ubicación en una calle tranquila y con facilidad de aparcamiento, aunque tiene posibilidad de hacer aparcamiento en su interior. El barrio cuenta con multitud de servicios públicos y comercios (colegios, parques, áreas infantiles, supermercados, centros comerciales, farmacia, bancos, restaurantes, etc. ). A tan solo 10 minutos a pie del Liceo Francés así como de Arturo Soria. Muy cerca del Palacio de Hielo, paradas de metro como ESPERANZA – LÍNEA 4 – a (5 minutos a pie), además de rápidos accesos a M-30 y M-40 AVISO LEGAL: Recordamos a nuestros Señores clientes que la información facilitada no constituye una auténtica oferta vinculante ni contractual. Este anuncio publicitario es provisional, y las fotografías y datos en él incluidos están sujetos a posibles modificaciones, consecuencia de exigencias comerciales, jurídicas, técnicas o por mandato expreso de la propiedad. La información aquí contenida procura reflejar una orientación sobre los inmuebles a la fecha de su publicación. La totalidad del contenido que aparece tiene carácter meramente informativo y aproximado, no teniendo, en modo alguno, carácter contractual. Tanto los datos, como las imágenes y planos pueden estar sujetos a cambios, por lo que le invitamos a que, si precisa una información más exacta y detallada, contacte con nosotros y le atenderemos a la mayor brevedad posible. Los contenidos tienen únicamente finalidad informativa y bajo ninguna circunstancia deben usarse ni considerarse como oferta de venta o financiación, solicitud de una oferta de compra o financiación, ni recomendación para realizar cualquier otra transacción, salvo que así se indique expresamente.",False,renew,False,6746.0,True,False,False,False,[],False,False,850000.0,€,,,chalet,independantHouse,"Canillas, Madrid",Casa independiente en Cl Palermo,,,,Canillas,900000.0,50000.0,6.0,,
107741848,https://img4.idealista.com/blur/480_360_mq/0/id.pro.es.image.master/c9/c2/78/1322125541.webp,PHPDL,25,2259000.0,flat,sale,197.0,3,4,calle de Diego de León s/n,Madrid,Madrid,Barrio de Salamanca,es,40.4348106,-3.680724,True,https://www.idealista.com/inmueble/107741848/,"PRIVEE Homes comercializa esta exclusiva vivienda de lujo recién reformada a estrenar en el corazón del barrio de Salamanca ¡Descubre el lujo en el corazón del prestigioso barrio de Salamanca! en una finca representativa en una de las calles más emblemáticas de Madrid. en la Calle Diego de Leon, ofrece unos 197 m2, ubicada en una tercera planta de un edificio con ascensor, el piso ofrece una vista a un amplio patio de manzana, la vivienda ha sido completamente reformada con calidades de primer nivel, ofreciendo una combinación perfecta entre elegancia, confort y funcionalidad. Su cuidada distribución incluye tres amplios dormitorios y tres baños completos, además de una cocina de diseño totalmente equipada y un práctico cuarto de lavado. La propiedad cuenta con climatización por aire acondicionado y calefacción individua a gasl, así como portero físico y ascensor en la finca. Además, dispone de una acogedora terraza de 7 m2 con orientación sur, ideal para disfrutar de momentos de calma en pleno centro urbano. Situada en uno de los más prestigiosos barrios del distrito de Salamanca, esta propiedad representa el estilo de vida más exclusivo de Madrid. Rodeada de boutiques de lujo, restaurantes de alta gastronomía y encantadores cafés, vivir aquí es sinónimo de distinción. A escasos pasos de lugares emblemáticos como el Parque de Eva Duarte y el tradicional Mercado de la Paz. Una vivienda única, diseñada para quienes valoran el diseño, la comodidad y la ubicación en una de las zonas más sofisticadas de la capital. No pierdas la oportunidad de convertir este piso en tu nuevo hogar en Madrid. ¡Ven a visitarlo y enamórate de todo lo que tiene para ofrecer! Para coordinar una visita contacta con nosotros estaremos encantados de poder agendar una visita.",False,good,False,11467.0,True,False,False,False,[],False,False,2259000.0,€,,,flat,,"Castellana, Madrid",Piso en calle de Diego de León s/n,3,True,True,Castellana,,,,,
108811467,https://img4.idealista.com/blur/480_360_mq/0/id.pro.es.image.master/98/31/92/1358469943.webp,,24,339000.0,flat,sale,103.0,3,2,CL ANTONIO MACHADO,Madrid,San Agustin de Guadalix,,es,40.6772966,-3.6199753,False,https://www.idealista.com/inmueble/108811467/,"¡Descubre tu nuevo hogar! Este espectacular piso reformado está listo para convertirse en el refugio que siempre has soñado. Con 103 m² construidos y 88 m² útiles, ofrece un espacio ideal para disfrutar en familia. Cuenta con tres amplias habitaciones y dos baños, perfectos para la comodidad diaria. Además, podrás personalizarlo a tu gusto, ya que actualmente se encuentra en obras.  No Imaginas la gran cocina que tendras! 18 metros ni mas ni menos! perfecta para hacer vida en ella!  Disfrutar de la piscina Y disfrutar de sus vistas nunca fue tan facil, y sobre todo muy tranquila y pocos vecinos!  La vivienda, situada en una primera planta, es exterior.  La calefacción y el aire acondicionado garantizan un ambiente agradable durante todo el año.  La ubicación es inmejorable, con magnífica comunicación y acceso a todos los servicios necesarios. No dejes pasar esta oportunidad única de adquirir un hogar como nuevo, en un entorno que combina confort y funcionalidad. ¡Ven a verlo y empieza a vivir la vida que mereces!",False,good,False,3291.0,True,False,False,False,[],False,False,339000.0,€,,,flat,,San Agustin de Guadalix,Piso en Cl Antonio Machado,1,True,False,,,,,,
107570214,https://img4.idealista.com/blur/480_360_mq/0/id.pro.es.image.master/14/fc/ba/1316500690.webp,CAÑAVERAL,46,510000.0,flat,sale,109.0,3,2,calle Ferenc Puskas,Madrid,Madrid,Vicálvaro,es,40.3980375,-3.5476125,False,https://www.idealista.com/inmueble/107570214/,"VERALSA les ofrece esta exclusiva; Vivienda ubicada en el Cañaveral, en urbanización cerrada con zonas comunes ajardinadas con piscina, parque infantil y local comunitario multiusos. También dispone de servicio de conserjería. Accedemos a la vivienda a través de un bonito hall de entrada que nos da acceso a bonita cocina con office con salida a terraza tendedero.  Amplio salón con salida a una espaciosa terraza con persianas motorizadas. Desde el hall de entrada, tenemos conexión con el pasillo distribuidor que nos da acceso a los tres amplios dormitorios con armarios empotrados, el dormitorio principal cuenta con un amplio vestidor y cuarto de baño completo en suite y al segundo cuartos de baño completo del que dispone la vivienda. Puertas lacadas en blanco, paredes en liso, carpintería interior en PVC color blanco de altas prestaciones termo-acústicas y vidrio multicapa. Como característica importante a tener en cuenta de esta magnifica vivienda es que dispone de un sistema de AEROTERMIA individual que abastece la instalación de suelo radiante / refrescante para garantizar el confort en el interior de la vivienda.  La producción de ACS es también mediante el sistema de AEROTERMIA de alta eficiencia centralizado. La vivienda dispone de certificado Casa Pasiva y debido a la excelente certificación energética que posee la vivienda los costos de energía son bajos. Además la vivienda dispone de un sistema de ventilación individual que permite renovar el aire interior de la vivienda mediante un equipo de ventilación de doble flujo. La vivienda cuenta con dos amplias plazas de garaje y trastero. Para más información acerca de esta magnifica vivienda no dude en ponerse en contacto con nosotros. Trabajamos por y para tu tranquilidad.",False,good,False,4679.0,True,False,False,False,[],False,False,510000.0,€,True,True,flat,,"El Cañaveral, Madrid",Piso en calle Ferenc Puskas,5,True,True,El Cañaveral,,,,,
108511719,https://img4.idealista.com/blur/480_360_mq/0/id.pro.es.image.master/3e/e8/b1/1347093673.webp,,21,760000.0,flat,sale,88.0,3,2,calle de Narváez,Madrid,Madrid,Retiro,es,40.4212472,-3.6771244,False,https://www.idealista.com/inmueble/108511719/,"Luminoso piso exterior en Calle Narváez – Barrio de Ibiza, muy cerca de Goya En una de las zonas más emblemáticas de Madrid, en pleno Barrio de Ibiza y a escasos metros del Retiro, presentamos esta luminosa primera planta exterior con tres ventanas a la calle, ubicada en una finca clásica con portero físico. La vivienda cuenta con 3 dormitorios, uno de ellos en suite, 2 baños completos, un amplio salón-comedor y una cocina independiente. Se encuentra en buen estado de conservación, aunque ofrece gran potencial de redistribución según las necesidades del comprador. Destacan sus calidades: suelo de parquet, ventanas de PVC con doble acristalamiento, aire acondicionado por conducto, calefacción y agua caliente por gas natural, y puerta blindada. Además, existe la posibilidad de adquirir, junto con la vivienda, una amplia plaza de garaje en la que cabe cómodamente un coche grande y una moto, una opción muy poco habitual en la zona. Una oportunidad única para vivir o invertir en uno de los barrios más cotizados de Madrid, con todos los servicios, comercios y transportes a un paso.",False,good,False,8636.0,True,False,False,False,[],False,False,760000.0,€,True,False,flat,,"Ibiza, Madrid",Piso en calle de Narváez,1,True,True,Ibiza,820000.0,60000.0,7.0,,39000.0
108906783,https://img4.idealista.com/blur/480_360_mq/0/id.pro.es.image.master/0c/e2/58/1358545428.webp,PIS0175,18,265000.0,flat,sale,68.0,1,1,paseo de Alberto Palacios,Madrid,Madrid,Villaverde,es,40.345103,-3.7110549,False,https://www.idealista.com/inmueble/108906783/,"DB SERVICIOS INMOBILIARIOS VENDE EN EXCLUSIVA VIVIENDA DE OBRA NUEVA ubicada en la primera planta exterior del edificio.  La vivienda se distribuye en salón, un dormitorio, cocina independiente y baño con plato de ducha. Todas las estancias son amplias y luminosas. Plaza de garaje y trastero incluido en el precio. Dotada de calefacción y agua caliente individual a gas, así como aire acondicionado con bomba de frío y calor.  Ubicación Privilegiada Situada en una calle con tráfico restringido a autobuses y residentes, de carácter semipeatonal, en la principal calle comercial del distrito. A escasos metros de estaciones de metro y cercanías, del mercado de abastos y del parque Plata y Castañar. Vivienda con ventilación cruzada, gracias a su doble orientación a calle y zonas comunes interiores. Ubicada en la principal arteria peatonal y comercial de Villaverde, con excelentes comunicaciones tanto en transporte público como privado (A-42, A-4, A-45 y M-40). Próxima a las estaciones de Metro y Cercanías Villaverde Alto (a solo 500 metros, 5 minutos andando), estación de Puente Alcocer y varias líneas de autobús en la puerta. Obras ya iniciadas. Entrega prevista: último trimestre de 2025. INFOGRAFÍAS ILUSTRATIVAS, CORRESPONDIENTES A PROYECTOS DE CARACTERÍSTICAS Y CALIDADES SIMILARES. Llámanos para concertar una visita, te ayudaremos a encontrar la casa de tus sueños. Las mejores opciones de inversión para rentabilizar tu dinero. Oferta sujeta a condiciones de compra. Consulte los términos y condiciones aplicables [IW].",False,good,False,3897.0,False,False,False,False,[],False,False,265000.0,€,True,True,flat,,"Villaverde Alto, Madrid",Piso en paseo de Alberto Palacios,1,True,True,Villaverde Alto,,,,,
107819327,https://img4.idealista.com/blur/480_360_mq/0/id.pro.es.image.master/1d/1c/e4/1350549911.webp,V1072534,50,1250000.0,chalet,sale,492.0,6,5,paseo de los Tilos s/n,Madrid,Boadilla del Monte,Urb. este - Montepríncipe,es,40.4102622,-3.8448368,True,https://www.idealista.com/inmueble/107819327/,"Chalet en la prestigiosa Urbanización Montepríncipe. ideal si buscas un hogar amplio con la tranquilidad y seguridad que ofrece ésta Urbanización cerrada y con vigilancia 24 horas, sin tener que renunciar a los servicios de su ubicación y su buena comunicación con M-40, M-503 y M-500. Con una superficie en la vivienda de 492 m2 y parcela de 814m2 con 2 amplios salones, 6 dormitorios, 5 baños, garaje y precioso jardín con piscina privada.  La vivienda tiene dos entradas para mayor comodidad. Distribuido de la siguiente manera: -Planta Principal: Entrada principal con recibidor y distribuidor que da acceso a amplio salón comedor con distintos ambientes, office, despacho, aseo de cortesía y arranque de escalera principal hacia la planta superior.  Entrada de servicios con distribuidor que da acceso a la escalera secundaria donde se encuentra la zona de lavandería. Desde este distribuidor también accedemos a la cocina y a la escalera que baja al semisótano. Gran salón de 80m2 con acceso el precioso porche y al jardín con piscina. Desde el salón-comedor hay un acceso directo a la cocina. -Planta Primera: 4 dormitorios y 3 baños, el dormitorio principal con vestidor suma 32m2 y baño en suite. Pasillo con armarios empotrados. -Planta semi sótano: 1 dormitorio, 1 baño, amplio salón para zona de sofás y zona de juegos y acceso al jardín desde un precioso patio inglés. Garaje para dos coches, trastero y varias zonas de almacenaje. La vivienda está en excelente estado y reformada con altas calidades, lista para entrar a vivir. La parcela es amplia con piscina y zonas ajardinadas con alta valla perimetral alta que da mucha privacidad con los vecinos colindantes. La vivienda tiene una situación privilegiada dentro de la urbanización a 5 minutos andando hay una zona comercial con supermercado, farmacia, tintorería, peluquería, club deportivo. Además, Monteprincipe tiene próximos colegios, hospitales y transporte público. El Hospital Monteprincipe está a 5 minutos caminando de la vivienda.",False,good,False,2541.0,True,False,False,False,[],False,False,1250000.0,€,True,True,chalet,semidetachedHouse,"Urb. este - Montepríncipe, Boadilla del Monte",Chalet pareado en paseo de los Tilos s/n,,,,,,,,,
108804155,https://img4.idealista.com/blur/480_360_mq/0/id.pro.es.image.master/96/c6/62/1355635376.webp,Real Estate Lawyers,42,660000.0,flat,sale,110.0,3,2,calle de Lope de Haro,Madrid,Madrid,Tetuán,es,40.4559087,-3.7034439,False,https://www.idealista.com/inmueble/108804155/,"*** Piso en Venta en Tetuán - Una joya en el corazón de Madrid - *** ¡Descubre este espectacular ático en Tetuán! Ubicado en la sexta planta de un edificio con ascensor. Este inmueble ha sido totalmente reformado con excelentes materiales y ofrece una superficie construida de 110,90 m².  Cuenta con tres dormitorios y un salón muy luminoso, con cerramientos exteriores de aluminio de primera calidad, e interiores con cortinas de cristal en puertas correderas tanto en la cocina como en el salón, estructuras que se esconden en los paramentos y reflejan la modernidad y la funcionalidad de la vivienda. Este piso es ideal para disfrutar de la vida en un barrio consolidado y cosmopolita. La cocina independiente, recientemente renovada al igual que el resto del inmueble, cuenta con todo lo necesario para preparar deliciosas comidas. Además, tiene dos baños completos y armarios empotrados en tres habitaciones que brindan máxima comodidad y funcionalidad. La ubicación es simplemente extraordinaria: en una calle tranquila, pero a pocos pasos del bullicioso núcleo comercial de Bravo Murillo. Aquí encontrarás una amplia variedad de servicios y opciones de transporte público que facilitan la movilidad por toda la ciudad. El barrio ofrece un ambiente heterogéneo y vibrante, con una oferta de ocio nocturno que no te dejará indiferente.  Imagina disfrutar de tus vistas despejadas, mientras aprovechas la calefacción independiente de gas natural para mantener el hogar cálido y acogedor.  No dejes pasar la oportunidad de vivir en una ubicación privilegiada, en un piso reformado que integra las últimas tendencias en decoración de interiores y rodeado de todas las comodidades que Madrid tiene para ofrecer. ¡Contáctanos para más información y ven a visitarlo! VENDE CÖDE en régimen de exclusiva, inmobiliaria de abogados con más de 25 años de experiencia en el campo inmobiliario y en la comercialización de activos.  *** CÖDE NO FACTURA HONORARIOS AL COMPRADOR ***.",False,good,False,6000.0,True,False,False,False,[],False,False,660000.0,€,,,flat,,"Berruguete, Madrid",Piso en calle de Lope de Haro,6,True,True,Berruguete,,,,,
108539444,https://img4.idealista.com/blur/480_360_mq/0/id.pro.es.image.master/0e/8e/78/1347906277.webp,,32,389000.0,flat,sale,127.0,3,2,avenida de Pablo Neruda,Madrid,Madrid,Puente de Vallecas,es,40.3938349,-3.6419189,False,https://www.idealista.com/inmueble/108539444/,"Agencia Inmobiliaria TECNOCASA VALLECAS Vende piso de 127 m2 construidos fuente catastro, en la octava planta con ascensor, portero en la finca y plaza de garaje en el mismo edificio. Vivienda compuesta por cocina, tendedero, salón, terraza con magníficas vistas, 3 habitaciones, 1 baño con plato de ducha, 1 aseo. Armarios empotrados. Calefacción Individual de Gas Natural.  VIVIENDA CUIDADA a falta de acondicionar el salón. VIVIENDA DE RENTA LIBRE.  Año de construcción 1986. La vivienda está situada en una zona ya consolidada con multitud de servicios alrededor y bien comunicada por la red de transportes del municipio como paradas de autobús, RENFE y líneas de metro. No dude en llamarnos para concertar su cita para visitar el inmueble en la que además recibirá el asesoramiento gratuito de nuestro departamento financiero KÌRON. FINANCIACION 100%.",False,good,False,3063.0,True,False,False,False,[],False,False,389000.0,€,True,True,flat,,"Palomeras sureste, Madrid",Piso en avenida de Pablo Neruda,8,True,True,Palomeras sureste,415000.0,26000.0,6.0,,
108686038,https://img4.idealista.com/blur/480_360_mq/0/id.pro.es.image.master/ce/3a/1e/1352116358.webp,,50,1250000.0,flat,sale,185.0,4,3,avenida de Valdemarín,Madrid,Madrid,Moncloa,es,40.4682255,-3.786416,False,https://www.idealista.com/inmueble/108686038/,"Fantástico piso, con muchísima luz. En urbanización muy tranquila, con conserje 24h, piscina, padel, zonas verdes.. . Amplio hall de entrada, gran salón en dos ambientes con terraza, comedor independiente (que podría ser un dormitorio adicional). Dormitorio principal con baño en suite, otros dos dormitorios que comparten un cuarto de baño con bañera. Cocina - office, tendedero, dormitorio y baño de servicio. Calefacción y agua caliente por caldera de gas. Instalación de aire acondicionado por conductos. Toldos motorizados con sensor de viento. 2 plazas de garaje. Zona residencial muy próxima a Madrid con todos los servicios y con excelentes comunicaciones tanto por carretera como por transporte público.",False,good,False,6757.0,True,False,False,False,[],False,False,1250000.0,€,True,True,flat,,"Valdemarín, Madrid",Piso en avenida de Valdemarín,1,True,True,Valdemarín,,,,,
108638923,https://img4.idealista.com/blur/480_360_mq/0/id.pro.es.image.master/95/16/7d/1350712862.webp,,32,820000.0,flat,sale,99.0,2,2,calle de Alejandro Dumas,Madrid,Madrid,Arganzuela,es,40.4045785,-3.7182879,False,https://www.idealista.com/inmueble/108638923/,"Vivienda de obra nueva a estrenar en Urbanización Stellae - Imperial Río, con terraza, piscina y excelentes calidades Presentamos este exclusivo piso en la moderna urbanización Stellae - Imperial Río, situada en la Calle Alejandro Dumas, en el barrio de Imperial (Arganzuela), una de las zonas más dinámicas y con mayor proyección de Madrid. La vivienda, completamente exterior, cuenta con una cuidada distribución y acabados de lujo. Dispone de dos dormitorios con armarios empotrados de madera totalmente vestidos, dos baños (uno de ellos en suite), un salón-comedor muy luminoso y cocina independiente de alta gama, marca Santos, equipada con todos los electrodomésticos integrados y panelados. Desde el salón se accede a una agradable terraza con vistas despejadas al Paseo de Pontones, así como a un práctico tendedero. Destaca el pavimento de parquet cerámico original de Porcelanosa, que combina el aspecto cálido de la madera con la resistencia de la cerámica. Las ventanas y la puerta de acceso a la terraza cuentan con aislamiento térmico y acústico tipo Climalit. La vivienda se climatiza mediante sistema por conductos frío/calor, garantizando confort durante todo el año. El edificio dispone de videoportero y seguridad 24h. La urbanización es una de las más completas de la zona y cuenta con zonas comunes excepcionales, como piscina, gimnasio equipado, gastroteca para eventos, espacio de coworking, zona infantil, trastero, plaza de garaje y aparcamiento para bicicletas. Entorno y comunicaciones La ubicación es excelente: a tan solo unos minutos andando de Madrid Río y el Parque de Atenas, y muy cerca de zonas culturales como Matadero Madrid, el Teatro Circo Price, y espacios deportivos como el Madrid Arena o el Centro Deportivo Municipal Marqués de Samaranch. En los alrededores también encontrarás una amplia oferta de restaurantes, supermercados, centros educativos y servicios. Perfectamente comunicado mediante transporte público, con varias líneas de autobús, estaciones de metro cercanas (Puerta del Ángel, Pirámides, Acacias) y fácil acceso a la M-30.",True,good,False,8283.0,True,False,False,False,[],False,False,820000.0,€,True,True,flat,,"Imperial, Madrid",Piso en calle de Alejandro Dumas,4,True,True,Imperial,850000.0,30000.0,4.0,,
108145606,https://img4.idealista.com/blur/480_360_mq/0/id.pro.es.image.master/50/b3/5f/1335952728.webp,Ch/002,70,685000.0,chalet,sale,355.0,4,3,"calle del Olmo, 3",Madrid,Guadarrama,,es,40.6713892,-4.0973676,True,https://www.idealista.com/inmueble/108145606/,">>> Unifamiliar Independiente con 3 dormitorios en planta baja <<< ¡Descubre con e-lares. es esta oportunidad irrepetible en Guadarrama: podrás vivir en una única planta en tu nuevo hogar en la Urbanización El Redondillo! Este impresionante chalet independiente, situado en un enclave privilegiado rodeado de naturaleza, ofrece vistas espectaculares a la sierra y una parcela de 532 m² que garantiza privacidad y amplios espacios.  Con una construcción de 355 m² (registrados 270m²) distribuidos en tres plantas, cada rincón está diseñado para disfrutar de la luz natural y la comodidad, destacando que cuenta con 3 dormitorios y dos baños en la planta principal. En la planta baja, un acogedor recibidor da paso a una cocina equipada que conecta directamente con el jardín y con el salón-comedor, que cuenta con grandes ventanales y acceso a un porche cubierto, siendo el lugar perfecto para relajarse o recibir a amigos y familiares. Además, cuenta con tres cómodos dormitorios, uno de ellos con baño en suite y ducha de hidromasaje, ideal para desconectar tras un largo día.  La planta sótano es un verdadero lujo: un amplio garaje cerrado, una habitación adicional con aseo, y un trastero ofrecen múltiples posibilidades.  En la planta primera, un despacho con acceso a una terraza privada se convierte en el espacio perfecto para trabajar desde casa y el amplio dormitorio con salida a otra terraza, junto con el baño completo, un lugar ideal para invitados. Con un sistema de calefacción eficiente y materiales de alta calidad, este chalet no solo es hermoso, sino también funcional y seguro. Cuenta con una caldera de gasóleo de baja temperatura con apoyo de energía solar térmica y suelo radiante en toda la vivienda; Ventanas de PVC con rotura de puente térmico para un excelente aislamiento térmico y acústico y con persianas de PVC; Aislamiento de Fibra de vidrio y poliuretano proyectado en cubierta; Puertas de roble, armarios empotrados revestidos con cajoneras y baldas; Gres porcelánico en toda la vivienda para optimizar la transmisión del calor del suelo radiante; Puerta principal blindada y alarma instalada... No le falta detalle! La ubicación es inmejorable, con excelentes conexiones a Madrid y cercanía a colegios, supermercados y centros de salud. ¡No dejes pasar la oportunidad de vivir en un entorno natural sin renunciar a la comodidad de la ciudad!  Este chalet es más que una casa; es el hogar que siempre has soñado. ¡Contáctanos para más información y ven a visitarlo! Operación sujeta a honorarios por parte del comprador. Honorarios de Agencia NO incluidos en el precio publicado. Anuncio NO Vinculante, puede contener errores: Se muestra a título informativo y no es contractual.",True,good,False,1930.0,True,False,False,False,[],False,False,685000.0,€,True,True,chalet,independantHouse,Guadarrama,"Casa independiente en calle del Olmo, 3",,,,,,,,,
108663681,https://img4.idealista.com/blur/480_360_mq/0/id.pro.es.image.master/93/46/0f/1351797427.webp,ClauSMdlV,73,179000.0,flat,sale,105.0,3,1,calle San Cristóbal,Madrid,San Martín de la Vega,,es,40.2180878,-3.5862831,False,https://www.idealista.com/inmueble/108663681/,"¡Exclusiva en San Martín de la Vega! Piso familiar de 105 m² con terraza, piscina y vistas despejadas Home Sell Studio presenta esta luminosa y amplia vivienda situada en una primera planta con vistas privilegiadas, en una tranquila urbanización con piscina, zonas verdes, áreas infantiles y deportivas. ¡A solo 10 minutos del Parque Warner! La vivienda cuenta con 3 dormitorios, todos con armarios empotrados, y 2 baños completos (uno en suite). El salón-comedor es muy amplio y luminoso, con salida directa a una terraza exterior ideal para disfrutar al aire libre. Cocina independiente equipada, con zona de lavadero y espacio de almacenaje. Dispone de calefacción individual de gas natural, aire acondicionado, tarima flotante, puerta blindada y doble terraza. El acceso a la vivienda es a través de un pasillo exterior privado con cancela, que añade comodidad y privacidad. Urbanización con solo 6 vecinos en el portal, piscina de adultos e infantil, duchas, vestuarios, trastero comunitario y mucha tranquilidad. Ubicada cerca de paradas de autobús (líneas 410, 412, 413, 416, N403), colegios, centros deportivos, supermercados y zonas naturales. San Martín de la Vega forma parte del Parque Regional del Sureste, entorno natural de alto valor ecológico. Visítala sin compromiso los fines de semana. Posibilidad de financiación al 100% (previo estudio). Te acompañamos en todo el proceso con asesoría personalizada. ¡Llámanos y encuentra tu nuevo hogar! HOME SELL STUDIO Mejoramos tu forma de vida!",True,good,False,1705.0,True,False,False,False,[],False,False,179000.0,€,,,flat,,San Martín de la Vega,Piso en calle San Cristóbal,1,True,False,,,,,,
106718373,https://img4.idealista.com/blur/480_360_mq/0/id.pro.es.image.master/fb/e6/9e/1300009437.webp,9598,12,2900000.0,flat,sale,171.0,4,2,Barrio Sol,Madrid,Madrid,Centro,es,40.4171682,-3.701937,False,https://www.idealista.com/inmueble/106718373/,"Es un placer poder presentar esta propiedad verdaderamente especial debido a su ubicación en la Plaza Mayor con vistas únicas a La Casa de la Panadería.   Su excelente distribución y diseño interior, con cuatro balcones a la Plaza Mayor hacen de esta una oportunidad única para acceder a una propiedad extraordinaria digna exponente del lujo en la capital. El diseño del apartamento lo hace muy cómodo y también práctico para vivir. Debemos destacar las amplias y luminosas habitaciones y salón debido a que todos tienen balcones con vistas espectaculares. Tiene una sala de cine excelentemente insonorizada que también puede ser utilizada como sala de eventos. El salón es amplio y luminoso con un comedor con dos balcones que dan a la Plaza principal. La gran cocina americana se conecta con el salón.",False,good,False,16959.0,False,False,False,False,[],False,False,2900000.0,€,,,flat,,"Sol, Madrid",Piso,3,True,True,Sol,,,,,
106713686,https://img4.idealista.com/blur/480_360_mq/0/id.pro.es.image.master/53/04/60/1291790247.webp,M-0136,39,2500000.0,flat,sale,262.0,3,4,calle de Campoamor,Madrid,Madrid,Centro,es,40.4275442,-3.6968474,False,https://www.idealista.com/inmueble/106713686/,"¡Descubre el piso de tus sueños en el corazón de Madrid! Ubicado en la prestigiosa zona de Justicia Prime, este espectacular inmueble combina el encanto de un edificio clásico de 1905 con las comodidades modernas de una reforma reciente. Con una distribución cuidadosamente estudiada y materiales de primera calidad, ofrece un amplio salón comedor con dos balcones y un mirador que inundan el espacio de luz natural. La cocina integrada está equipada con electrodomésticos de primeras marcas, ideal para los amantes de la gastronomía. Este piso cuenta con tres dormitorios, cada uno con baño en suite, además de un aseo de cortesía, garantizando privacidad y confort para todos. La ubicación es simplemente inmejorable, en la zona de las Salesas, rodeado de tiendas de lujo, restaurantes de renombre y una oferta cultural exclusiva. La buena comunicación está asegurada gracias a las cercanas líneas de autobuses y estaciones de metro, ofreciendo un equilibrio perfecto entre lujo, comodidad y ubicación. Este piso en la segunda planta con orientación oeste dispone dos balcones, mirador, fantásticos armarios empotrados y dos trasteros. Además, cuenta con aerotermia garantizando tu confort durante todo el año. El edificio dispone de ascensor. Una opción muy interesante como residencia principal y como inversión.",False,good,False,9542.0,True,False,False,False,[],False,False,2500000.0,€,,,flat,,"Chueca-Justicia, Madrid",Piso en calle de Campoamor,2,True,True,Chueca-Justicia,,,,,
105325098,https://img4.idealista.com/blur/480_360_mq/0/id.pro.es.image.master/78/8b/93/1346142195.webp,VILLA PRADO-D,48,195000.0,chalet,sale,187.0,6,2,calle Burgos,Madrid,Villa del Prado,,es,40.2719429,-4.342597,False,https://www.idealista.com/inmueble/105325098/,"LEER DESCRIPCION COMPLETA  Vivienda 180m² Terraza 40m² Garaje 30m² Porche 25m² Piscina 50m² En esta ocasión, presentamos esta estupenda vivienda en la Urbanización El Encinar del Alberche, en la localidad de Villa del Prado.    En una amplia parcela de 875m² en la zona mas tranquila de la urbanización, con unas estupendas vistas y junto al arroyo, encontramos esta casa construida en 1973 y ampliada posteriormente, que nos ofrece unos 180m² construidos distribuidos en 6 dormitorios de buen tamaño, 2 baños completos, un buen salón con salida a un estupendo porche techado y una amplia cocina con acceso a una gran terraza de 40m² con barbacoa. Actualmente la vivienda presenta un EXCESO DE CABIDA, lo que hace que la vivienda no se pueda hipotecar. Actualmente se esta trabajando para regularizar la situación e igualar los metros registrales con los reales.  Actualmente en el registro de la propiedad vienen recogidos 70m² de vivienda. Asi mismo, la parcela en catastro da 1160m², aunque registralmente aparecen 875.  El aprovechamiento actual de la parcela ronda los 1160 catastrales. La parcela esta organizada en varios ambientes ajardinados, con piscina y un garaje independiente de 30m², en una parcela ligeramente estratificada con unas estupendas vistas al no tener viviendas colindantes y junto al arroyo La Vivienda necesita actualización aunque esta en buen estado general, calefacción con deposito de gasoil reciente, caldera seminueva. Una estupenda parcela para adaptarla al gusto del comprador. Los gastos de Comunidad son: 120€ cada dos meses. El consumo de agua se paga en el mes que no hay pago de comunidad. El IBI es de 700€ Recuerda que en Aunar Asesores no hay que añadir comisiones al precio de venta. Apuesta por la Transparencia.",True,renew,False,1043.0,True,False,False,False,[],False,False,195000.0,€,True,True,chalet,independantHouse,Villa del Prado,Casa independiente en calle Burgos,,,,,,,,,
108695194,https://img4.idealista.com/blur/480_360_mq/0/id.pro.es.image.master/f4/83/bd/1352388225.webp,CADARSO,35,1445000.0,flat,sale,190.0,5,3,calle de Cadarso,Madrid,Madrid,Moncloa,es,40.4204037,-3.7141409,False,https://www.idealista.com/inmueble/108695194/,"Para visitas: José Juan (600_712_441) Precioso piso a reformar, en EDIFICIO SEÑORIAL, con fachada y portal representativo, en LA PLAZA DE ESPAÑA, en el codiciado BARRIO DE ARGÜELLES, una de las zonas más especiales de Madrid. Está ubicado en un inmueble muy tranquilo con pocos vecinos. Consta de un pequeño hall de entrada, que da paso a una zona de SALÓN y a un enorme COMEDOR independiente con capacidad para 16 comensales.  Amplia cocina independiente, con terraza-lavadero interior cerrada, DORMITORIO DE SERVICIO Y BAÑO DE SERVICIO COMPLETO. Destacan dos GRANDES VENTANALES EXTERIORES que dan paso a una de las terrazas de la casa, el suelo de origen en parquet y sus altos techos con molduras. El DORMITORIO PRINCIPAL de la vivienda cuenta con amplios ARMARIOS EMPOTRADOS y baño en suite.  Zona inmejorable, a pocos minutos del PALACIO REAL, la GRAN VIA y PLAZA DE ESPAÑA, a escasos metros de las calles BAILEN, FERRAZ y LA CUESTA DE SAN VICENTE, y cercana a comercios, como el Centro Comercial Príncipe Pio o el Corte Inglés, cines, teatros y parques. Perfectamente comunicada en transporte público por metro con las LÍNEAS 2, 3, 5, 6, 10 y el Ramal Ópera en las estaciones de PLAZA DE ESPAÑA, ÓPERA, CALLAO y PRINCIPE PIO, múltiples autobuses y CERCANÍAS, MEDIA DISTANCIA Y LARGA DISTANCIA (PRINCIPE PIO) a unos minutos andando. CONTACTO: Por correo, teléfono o whatsapp (José Juan: 600_712_441).",False,renew,False,7605.0,True,False,False,False,[],False,False,1445000.0,€,,,flat,,"Argüelles, Madrid",Piso en calle de Cadarso,4,True,True,Argüelles,,,,,
108112221,https://img4.idealista.com/blur/480_360_mq/0/id.pro.es.image.master/31/fa/8c/1334196944.webp,FUE1627,31,359000.0,chalet,sale,112.0,3,2,calle de Caldas de Estrach,Madrid,Madrid,Fuencarral,es,40.4926745,-3.69656,False,https://www.idealista.com/inmueble/108112221/,"Descubre tu nuevo hogar en Fuencarral-Tres Olivos! Este encantador adosado ha sido actualizado recientemente para ofrecerte un espacio moderno y acogedor. Globalpiso Fuencarral vende en exclusividad esta vivienda de 112 m2 en dos plantas, compuesta por 3 dormitorios, amplio salón, cocina completamente equipada, 1 aseo, 1 baño completo con plato de ducha y por último estupenda terraza solada de 28 m2 con pequeño trastero. Entre sus calidades cuenta con puerta acorazada, calefacción mediante estufa de pelets, puertas macizas de roble claro, armario empotrado, suelos de terrazo en planta baja y escalera y cerámicos imitación madera en cocina y planta alta, paredes lisas y revestidas en madera color blanco, encimera de madera, termo eléctrico para el agua caliente, ventanas de aluminio oscilobatientes con climalit, actualizada la fontanería y electricidad. Totalmente exterior y luminoso por su orientación sureste. Ubicada en una de las zonas de Madrid más emergentes gracias a la obra del nudo norte. Zona consolidada con todos los servicios (centro de salud, bancos, supermercados, colegios, institutos, centros deportivos). Excelente comunicación con líneas de autobuses ( 78), metro línea 10 (Fuencarral), y amplia red de carreteras. Proximidad a hospitales Ramón y Cajal y La Paz y al Centro Comercial La Vaguada para disfrutar de la variedad de tiendas, restaurantes y entretenimientos. Además, la ubicación en Tres Olivos te ofrece la tranquilidad de un barrio residencial sin perder la cercanía con el centro de Madrid. En resumen, es una excelente oportunidad para todos aquellos que buscan una vivienda con potencial de rentabilidad ya que lo convierte en una opción atractiva para inversores por su ubicación estratégica, las comodidades cercanas y las características del inmueble. No dudes en llamar! *Globalpiso nunca solicitará documentación ni dinero sin haber realizado antes una visita a la vivienda. *Ofrecemos financiación del 100% a través de nuestro departamento financiero, H2b Hipotecas. La aprobación de la financiación está sujeta a las condiciones de la entidad financiera y se evaluará el perfil y solvencia del cliente. *De conformidad con el Artículo 6 del RD 515/1989, de 21 de abril, informamos a los clientes que los gastos notariales, registrales, Impuesto de Transmisiones Patrimoniales (I.T.P.) gastos financieros e intermediación inmobiliaria y otros gastos inherentes a la compraventa no están incluidos en el precio de venta de la vivienda. ""Se cumplen todos los requisitos y derechos referidos en la Ley 12/2023 por el Derecho a la Vivienda"".",False,good,False,3205.0,False,True,False,False,[],False,False,359000.0,€,,,chalet,terracedHouse,"Tres Olivos - Valverde, Madrid",Chalet adosado en calle de Caldas de Estrach,,,,Tres Olivos - Valverde,370000.0,11000.0,3.0,,
107869089,https://img4.idealista.com/blur/480_360_mq/0/id.pro.es.image.master/b8/7f/d3/1327354919.webp,0015-07314,49,4100000.0,flat,sale,229.0,3,4,calle de Lagasca,Madrid,Madrid,Barrio de Salamanca,es,40.4286149,-3.6864924,False,https://www.idealista.com/inmueble/107869089/,"""BIENVENIDOS A LA CALLE LAGASCA. DONDE EL LUJO Y LA ELEGANCIA SE ENCUENTRAN EN LO MAS ALTO"" Dicen que los hogares especiales se reconocen al instante. Este piso ubicado en la quinta y última planta de un edificio de principios del siglo XX representativo del Barrio de Salamanca no es solo una vivienda: es una declaración de estilo, de confort y de calidad de vida. Un hogar pensado para quienes valoran la luz, la privacidad, los espacios amplios y una reforma cuidada hasta el último detalle. Aquí, el diseño convive con la calidez, y cada rincón ha sido creado para disfrutarse. Todo suma: la elegancia de los materiales, la funcionalidad de los espacios, la serenidad que se respira en cada estancia, sobre todo, las impresionantes vistas que se disfrutan desde la quinta planta, ofreciendo una panorámica única de la ciudad, inundando cada habitación de luz natural, un pequeño refugio elevado sobre la ciudad. Al entrar en la vivienda, nos recibe un elegante hall con armarios empotrados, ideal como espacio de bienvenida y perfecto para mantener el orden desde el primer paso. Desde aquí, se accede al corazón de la casa: un espectacular salón-comedor bañado en luz natural, con amplios ventanales que enmarcan unas preciosas vistas a la ciudad y a la calle Lagasca. Un espacio generoso y acogedor, ideal tanto para la vida familiar como para el disfrute social. La cocina, integrada pero perfectamente delimitada mediante unas sofisticadas puertas de cristal, aúna diseño y funcionalidad, permitiendo abrirse al salón o cerrarse con total discreción, según el momento lo requiera. La zona de descanso comienza con un amplio y luminoso dormitorio principal, concebido como un verdadero refugio dentro del hogar. Dispone de un elegante vestidor y un cuarto de baño en suite, diseñado con materiales de alta gama y una cuidada iluminación, que aporta calidez y sofisticación. Un segundo dormitorio, también en suite, mantiene la misma línea de confort y calidad, con una distribución pensada para el descanso y el bienestar. El tercer dormitorio, igualmente con baño propio, se utiliza actualmente como despacho, ofreciendo así una solución ideal para quienes necesitan un espacio de trabajo privado y tranquilo, sin renunciar a la luz ni al confort aportando versatilidad al diseño. Te invito a conocer esta propiedad única en una visita privada. Porque hay casas que se sienten como hogar desde el primer momento. ¿Hablamos?",False,good,False,17904.0,True,False,False,False,[],False,False,4100000.0,€,,,flat,,"Castellana, Madrid",Piso en calle de Lagasca,5,True,True,Castellana,,,,,
108538726,https://img4.idealista.com/blur/480_360_mq/0/id.pro.es.image.master/21/71/f9/1347876860.webp,palacios,45,238000.0,flat,sale,41.0,1,1,calle Ruiz Palacios,Madrid,Madrid,Tetuán,es,40.4617868,-3.7051903,False,https://www.idealista.com/inmueble/108538726/,"VERALSA INMOBILIARIA OFRECE EN EXCLUSIVA;  Te ayudamos con tu financiación, fijos desde 1,40% Descubre este luminoso y acogedor piso de 41 metros cuadrados, perfecto para quienes buscan comodidad y funcionalidad. Con una distribución inteligente, cuenta con un dormitorio y un baño completo, ideal para una persona o una pareja. La propiedad se encuentra en un edificio con garaje POR 70 EUROS EN ALQUILER, lo que facilita el aparcamiento y la seguridad. Comunidad 45 euros y 300 euros de ibi. Este piso destaca por su excelente estado de conservación y sus amplias ventanas con cristales climalit que aportan una gran luminosidad y una agradable sensación de bienestar. La orientación oeste y sur garantiza sol durante gran parte del día, creando un ambiente cálido y soleado en todas las estancias. Además, dispone de patio de 13 metros para disfrutar del aire libre y acceso a las zonas comunes de aparcamiento y trastero desde el mismo patio. La cocina francesa, completamente amueblada y equipada, facilita la preparación de tus platos favoritos. El suelo de parquet aporta elegancia y confort, mientras que la puerta blindada y las ventanas de climalit garantizan tu seguridad y tranquilidad. La calefacción de gas natural individual y el aire acondicionado aseguran una temperatura agradable en cualquier estación del año. Pensada para facilitar la vida diaria, la vivienda cuenta con armarios empotrados y un trastero incluido para mayor comodidad. Es un piso exterior, con acceso para personas con movilidad reducida y permite la presencia de animales, haciendo de este hogar un espacio accesible y adaptable a tus necesidades. No pierdas la oportunidad de vivir en un entorno soleado, bien comunicado y en un estado impecable. ¡Contáctanos y ven a visitar esta fantástica propiedad! Trabajamos por y para tu tranquilidad.",True,good,False,5805.0,True,False,False,False,[],False,False,238000.0,€,,,flat,,"Berruguete, Madrid",Piso en calle Ruiz Palacios,en,True,True,Berruguete,259000.0,21000.0,8.0,,
108369737,https://img4.idealista.com/blur/480_360_mq/0/id.pro.es.image.master/5f/ef/74/1342066395.webp,1305,47,970000.0,flat,sale,90.0,2,2,calle del Conde de Peñalver,Madrid,Madrid,Barrio de Salamanca,es,40.428796,-3.6741613,False,https://www.idealista.com/inmueble/108369737/,"Vivienda de lujo reformada en Calle Conde de Peñalver – Barrio de Salamanca Se ofrece espectacular piso de 90 m² totalmente reformado con calidades de alta gama, ubicado en plena Calle Conde de Peñalver, una de las zonas más exclusivas del Barrio de Salamanca. La vivienda cuenta con una distribución funcional y luminosa: 2 dormitorios amplios, uno de ellos con baño en suite2 baños completosSalón-comedor diáfano con cocina integradaAltos techos y acabados modernos que aportan amplitud y eleganciaGracias a su orientación y diseño, la vivienda disfruta de gran luminosidad durante todo el día. Ideal tanto para vivir como para invertir, por su alta rentabilidad en una de las zonas más demandadas de Madrid. El edificio dispone de ascensor y portero físico. Ubicación inmejorable, rodeada de comercios, restaurantes, servicios y muy bien comunicada por transporte público. Para más información o concertar una visita, no dudes en contactarnos.",True,good,False,10778.0,True,False,False,False,[],False,False,970000.0,€,,,flat,,"Goya, Madrid",Piso en calle del Conde de Peñalver,7,True,True,Goya,,,,,
108684558,https://img4.idealista.com/blur/480_360_mq/0/id.pro.es.image.master/94/d1/70/1352071088.webp,MD3A01V13,24,299000.0,flat,sale,57.0,2,1,paseo de la Dirección,Madrid,Madrid,Tetuán,es,40.4619173,-3.7067371,False,https://www.idealista.com/inmueble/108684558/,"Extraordinaria vivienda sin amueblar en Paseo de la Dirección, junto a la calle Ofelia Nieto, 3ª planta, exterior y muy luminosa. 57 m2 construidos distribuidos en: hall-recibidor, amplio salón-comedor, 2 dormitorios (el principal con armarios empotrados revestidos), cocina independiente completamente amueblada y equipada, y baño con plato de ducha. Todas las estancias son independientes. Suelos de tarima flotante, paredes en liso, carpintería interior de madera, carpintería exterior de aluminio lacado, aire acondicionado, calefacción y agua caliente individual por gas natural. COMUNIDAD MUY ECONÓMICA. Zona con todo tipo de comercios y servicios, muy bien comunicado por transporte público, a menos de diez minutos de estación de Metro de Francos Rodríguez (L7) y de Metro Tetuán (L1) y varias líneas de autobús. No lo dude, contacte con nosotros y concierte una visita con nuestros asesores. VENETA Inmobiliaria es una agencia especializada en la venta de viviendas en los distritos de Tetuán y Chamberí con más de 25 años de experiencia en la intermediación de compra-venta de inmuebles y asesoramiento inmobiliario. Síguenos en las redes y entérate el primero de los pisos que salen a la venta: fb: Veneta Inmobiliaria ig: veneta_grupo_inmobiliario.",False,good,False,5246.0,False,False,False,False,[],False,False,299000.0,€,,,flat,,"Berruguete, Madrid",Piso en paseo de la Dirección,3,True,False,Berruguete,,,,,
108873158,https://img4.idealista.com/blur/480_360_mq/0/id.pro.es.image.master/fe/3c/9b/1357595295.webp,cs0009,60,562000.0,penthouse,sale,203.0,3,2,Barrio Ensanche de Vallecas - La Gavia,Madrid,Madrid,Villa de Vallecas,es,40.3621452,-3.5918641,False,https://www.idealista.com/inmueble/108873158/,"Ático luminoso con espectacular terraza de 105 m² en Ensanche de Vallecas  Descubre este exclusivo ático de 3 dormitorios en una de las zonas con mayor proyección de Madrid. Con 98 m² construidos y 85 m² útiles, este hogar combina amplitud, luz natural y comodidad en cada rincón.  El dormitorio principal cuenta con baño en suite, mientras que los otros dos dormitorios comparten un segundo baño completo. Todas las habitaciones con armarios empotrados y excelente distribución.  La cocina independiente es amplia, luminosa, junto con el salón dan a la terraza y están separados de los dormitorios mediante una puerta para mayor privacidad y confort.  Confort todo el año gracias al sistema de aire acondicionado por conductos (frío/calor) y calefacción por gas natural. Ventanas dobles Climalit que aseguran aislamiento térmico y acústico.  ¿Lo mejor? Una impresionante terraza de 105 m² con orientación sureste y norte, perfecta para disfrutar del sol durante todo el día, montar una zona chill-out, jardín urbano o incluso un espacio de trabajo al aire libre. ¡Un auténtico oasis en la ciudad!  Incluye plaza de garaje y trastero. Ubicación inmejorable: A un paso del Centro Comercial La Gavia Excelente conexión con la red de carreteras de la Comunidad de Madrid, M45 y 50. A solo 10 minutos del aeropuerto de Barajas y 20 minutos de Atocha Rodeado de colegios, zonas verdes, transporte público y todos los servicios Una vivienda ideal para quienes buscan espacio exterior, buena distribución y una ubicación estratégica en Madrid. No dudes en llamarnos para organizar una visita.",False,good,False,2768.0,True,True,False,False,[],False,False,562000.0,€,True,True,flat,penthouse,"Ensanche de Vallecas - La Gavia, Madrid",Ático,8,,True,Ensanche de Vallecas - La Gavia,,,,,
