propertyCode,thumbnail,externalReference,numPhotos,floor,price,propertyType,operation,size,exterior,rooms,bathrooms,address,province,municipality,district,country,neighborhood,latitude,longitude,showAddress,url,description,hasVideo,status,newDevelopment,hasLift,priceByArea,hasPlan,has3DTour,has360,hasStaging,notes,topNewDevelopment,topPlus,priceInfo.price.amount,priceInfo.price.currencySuffix,parkingSpace.hasParkingSpace,parkingSpace.isParkingSpaceIncludedInPrice,detailedType.typology,suggestedTexts.subtitle,suggestedTexts.title,detailedType.subTypology,newDevelopmentFinished,priceInfo.price.priceDropInfo.formerPrice,priceInfo.price.priceDropInfo.priceDropValue,priceInfo.price.priceDropInfo.priceDropPercentage
104627113,https://img4.idealista.com/blur/480_360_mq/0/id.pro.es.image.master/ba/f4/0e/1227610405.webp,EM-118,66,4,898000.0,flat,sale,211.0,True,3,3,calle Tramontana,Madrid,Pozuelo de Alarcón,Zona Prado de Somosaguas - La Finca,es,Prado de Somosaguas,40.4082655,-3.7966122,False,https://www.idealista.com/inmueble/104627113/,"Vivienda en cuarta planta en urbanización privada en Prado de Somosaguas en Pozuelo de Alarcón con zonas verdes, piscina de adultos e infantil, pistas de pádel, pista multiusos, área de juegos infantiles y sala de reuniones y/o cumpleaños. Piso luminoso con una superficie de 142m2 útiles y distribuido en un hall con aseo de cortesía, un amplio salón con acceso a una terraza con vistas a la bonita urbanización, cocina amueblada y equipada con electrodomésticos, dos baños completos, uno de ellos, con plato de ducha y otro con bañera, y tres dormitorios(uno de ellos en suite). En el precio se incluyen dos amplias plazas de garajes y trastero. Memoria de calidades: Persianas eléctricas en el salón y el dormitorio principal. Armarios empotrados en todas las habitaciones, en el hall y en el pasillo revestidos. Aire acondicionado por conductos. Calefacción individual de gas natural. Vigilancia 24 horas. Ascensor. Excelentes comunicaciones por metro ligero y autobús, cercana a colegios, gimnasios, centros comerciales y al Hospital Quirón.",False,good,False,True,4256.0,True,False,True,False,[],False,False,898000.0,€,True,True,flat,"Prado de Somosaguas, Pozuelo de Alarcón",Piso en calle Tramontana,,,,,
108915986,https://img4.idealista.com/blur/480_360_mq/0/id.pro.es.image.master/96/4c/25/1358835723.webp,6356a105-94db-4ef6-978f-37a1404ada64,5,3,810000.0,flat,sale,167.0,True,2,2,calle de María de las Mercedes de Borbón,Madrid,Madrid,Hortaleza,es,Valdebebas - Valdefuentes,40.4988733,-3.623096,False,https://www.idealista.com/inmueble/108915986/,"Descubre este impresionante y moderno piso, en perfectas condiciones para ocupar hoy, en Valdebebas-Valdefuentes. Con una superficie de 167 m2 construidos, 78 habitables, esta propiedad ofrece 2 dormitorios 2 baños uno de ellos en suite, cocina abierta al salón ideales para un estilo de vida moderno y cómodo. Ambos dormitorios disponen de armarios empotrados. El edificio cuenta con servicios excepcionales como servicio de vigilancia las 24 horas del día, ascensor, gimnasio compartido, piscina comunitaria, jardín, pista de pádel, zona infantil y sala común. El piso es accesible para silla de ruedas y está equipado aerotermia suelo radiante y refrescante tiene una maravillosa terraza. Además cuenta con 2 amplias plazas de garaje y trastero. Valdefuentes, en el distrito de Hortaleza, es un barrio moderno y en constante crecimiento que combina zonas residenciales de alta calidad con una excelente oferta de servicios. Su ubicación privilegiada en el norte de Madrid lo convierte en una opción ideal para quienes buscan tranquilidad sin renunciar a la conectividad y las comunidades urbanas. Este barrio destaca por sus amplios espacios verdes, como el Parque de Valdebebas, ideales para el ocio y el deporte al aire libre. Además cuenta con centros educativos, sanitarios, zonas comerciales y restaurantes, ofreciendo una gran calidad de vida a sus residentes. Una oportunidad única en una ubicación privilegiada de Madrid. ¡No dejes pasar esta oportunidad!",False,good,False,True,4850.0,False,False,False,False,[],False,False,810000.0,€,True,True,flat,"Valdebebas - Valdefuentes, Madrid",Piso en calle de María de las Mercedes de Borbón,,,,,
108916987,https://img4.idealista.com/blur/480_360_mq/0/id.pro.es.image.master/50/ed/37/1358868244.webp,45e6767b-a35c-46b6-9b70-72e3ef2eb1aa,5,3,325000.0,duplex,sale,92.0,False,1,1,avenida de Severo Ochoa,Madrid,San Sebastián de los Reyes,Vega de la Moraleja,es,,40.5392443,-3.6201199,False,https://www.idealista.com/inmueble/108916987/,"Descubre este encantador piso dúplex en San Sebastián de los Reyes, ideal para quienes buscan un espacio acogedor y bien distribuido. Con 92 m², esta propiedad ofrece una atmósfera luminosa y moderna Las fotografías de la propiedad se publicarán próximamente. Tipo loft, la parte de abajo incluye cocina abierta, salón, comedor y terraza. En la parte de arriba, habitación y baño Terraza de 11 mts² privada amplia y soleada. Totalmente amueblado Piscina, gimnasio y sauna Calefacción, AA y agua caliente por aerotermia. Plaza de garaje incluida en el precio Situado cerca del centro comercial Plaza Norte, metro y Renfe. Perfecto tanto para vivir como para alquilar. Si buscas un espacio moderno, funcional, bien comunicado y con servicios de calidad, este es el tuyo.",False,good,False,True,3533.0,False,False,False,False,[],False,False,325000.0,€,True,True,flat,"Vega de la Moraleja, San Sebastián de los Reyes",Dúplex en avenida de Severo Ochoa,duplex,,,,
108923644,https://img4.idealista.com/blur/480_360_mq/0/id.pro.es.image.master/c1/45/dc/1359071446.webp,,18,2,230000.0,flat,sale,61.0,True,1,1,calle de Arroyo de Valdecelada,Madrid,Madrid,Carabanchel,es,San Isidro,40.3999502,-3.7324375,False,https://www.idealista.com/inmueble/108923644/,"Inmobiliaria en Opañel, San Isidro - Tecnocasa Estudio Inm San Isidro S. L Agencia inmobiliaria de Madrid zona Carabanchel Tecnocasa ESTUDIO INM SAN ISIDRO SL EN VENTA Piso Segunda planta exterior CON ASCENSOR muy luminoso de 61 mts, para entrar a vivir. Salón Cocina 1 Dormitorio 1 Baño Trastero Piso muy luminoso, amplio salón con mirador, 1 habitación con armario empotrado, 1 baño espacioso con bañera y calefacción de gas individual, todo exterior muy luminoso, suelo de parquet y cocina independiente.   Además, cuenta con trastero amplio de fácil acceso. Finca muy tranquila seminueva, cuenta con silla salvaescalera, calle Arroyo valdecelada frente al parque de San Isidro, cuenta con todo tipo de comercios, farmacias y supermercados a su alrededor, comunicación excelente con autobuses y metro. Conseguimos la mejor hipoteca con nuestro departamento financiero KIRON hasta el 100%.  .",True,good,False,True,3770.0,True,False,False,False,[],False,False,230000.0,€,,,flat,"San Isidro, Madrid",Piso en calle de Arroyo de Valdecelada,,,,,
108921112,https://img4.idealista.com/blur/480_360_mq/0/id.pro.es.image.master/04/35/ab/1358976959.webp,,32,2,375000.0,flat,sale,45.0,True,2,1,calle de Amaniel,Madrid,Madrid,Centro,es,Malasaña-Universidad,40.4264058,-3.7077321,False,https://www.idealista.com/inmueble/108921112/,"**Piso en Venta en el Corazón de la Ciudad** WhatsApp, seis tres ocho seis dos uno dos tres tres  ¡Descubre tu nuevo hogar! Este encantador piso reformando exterior luminoso y acogedor, ideal para disfrutar de la vida urbana. Con dos habitaciones, una amplia y exterior que brinda luz natural y otra interior individual perfecta para un estudio o dormitorio adicional. La cocina independiente está completamente equipada, lista para que prepares tus mejores recetas. el edificio esta completamente restaurado, en muy buenas condiciones. Ubicado en la segunda planta de un edificio con ascensor, este piso cuenta con aire acondicionado frío y calor, en toda la casa, garantizando confort en cualquier época del año. Con solo 40 euros de gastos de comunidad (no se paga IBI), vivir aquí es una oportunidad que no puedes dejar pasar. Con una superficie construida de 45 m² y 40 m² útiles, este inmueble es perfecto para parejas o pequeños núcleos familiares que buscan un lugar cómodo y funcional. No esperes más para visitar este piso en buen estado, donde cada rincón ha sido pensado para tu bienestar. ¡Contáctanos y ven a verlo! precio, mas 3 % de comisión.",True,good,False,True,8333.0,False,False,False,False,[],False,False,375000.0,€,,,flat,"Malasaña-Universidad, Madrid",Piso en calle de Amaniel,,,,,
108924017,https://img4.idealista.com/blur/480_360_mq/0/id.pro.es.image.master/e4/43/cf/1359089572.webp,,24,2,350000.0,flat,sale,106.0,True,4,2,avenida de Abrantes,Madrid,Madrid,Carabanchel,es,Abrantes,40.3770141,-3.7338942,False,https://www.idealista.com/inmueble/108924017/,"""Moradia servicios inmobiliarios VENDE PRECIOSA PROPIEDAD en ABRANTES""  Se trata de una 2ª planta que cuenta con 106m2 construidos y se distribuye en: - 1 HALL DE ENTRADA. - 1 SALÓN COMEDOR AMPLIO. - 1 COCINA MUY LUMINOSA. - 4 HABITACIONES. - 1 CUARTO DE BAÑO CON BAÑERA. - 1 ASEO. TENEMOS FOTOS ILUSTRATIVAS DE COMO EL PISO QUEDARÍA CON UNA PEQUEÑA REFORMA, Vivienda muy amplia y luminosa, suelo de tarima, salon amplio, cocina grande. Calefacción individual de gas natural. Piso con plaza de garaje y trastero incluido. La finca se encuentra en excelentes condiciones, la comunidad es muy tranquila, con buena convivencia entre los vecinos. La zona es muy buena, con todos los servicios cerca, farmacias, supermercados, entidades bancarias, fruterías, colegio, zonas infantiles, restaurantes. La comunicación es excelente, junto camino viejo de leganes y avenida de oporto y a tan sólo 2 minutos caminando del Metro de ABRANTES (Líneas 11) a pocos metros de varias paradas de autobuses (Líneas 4 86 Leganés ) Fácil y rápido acceso a la M30 y A42. Si desea vivir en un lugar tranquilo asequible y bien comunicado, no pierda la oportunidad de adquirir esta vivienda. ¿NECESITA HIPOTECA? No dude en contactar con nosotros El precio de venta del inmueble aquí expuesto no incluye ni impuestos ni gastos que grava la compraventa (ITP o IVA, gastos notariales o registrales) tampoco honorarios de agencia por intermediación inmobiliaria.",True,renew,False,False,3302.0,False,False,False,False,[],False,False,350000.0,€,True,True,flat,"Abrantes, Madrid",Piso en avenida de Abrantes,,,,,
107747899,https://img4.idealista.com/blur/480_360_mq/0/id.pro.es.image.master/fb/bd/23/1249911818.webp,P3 5B ,17,5,511900.0,flat,sale,115.0,True,3,2,vereda de la Cebolla s/n,Madrid,Madrid,Vicálvaro,es,El Cañaveral,40.3997161,-3.5467341,True,https://www.idealista.com/obra-nueva/107747899/,"¡85% DE LA PROMOCIÓN VENDIDA! OBRAS INICIADAS  LICENCIA DEFINITIVA DE OBRAS CONCEDIDA. No dejes pasar la oportunidad de tener tu nuevo hogar en El Cañaveral. Pisos de obra nueva en la Calle Vereda de la Cebolla con Calle Ferenc Puskas, ¡a un paso del futuro Parque Central del Cañaveral! Con 97 viviendas, Residencial Toscana presenta una variedad de opciones. Desde pisos de 2 dormitorios, 3 dormitorios, hasta amplias viviendas de 4 dormitorios, llenas de luz natural. La promoción cuenta con calificación energética A en emisiones, aerotermia y paneles fotovoltaicos instalados en la cubierta, para favorecer la máxima eficiencia energética y reducción de consumo en el edificio. El suelo radiante-refrescante hará que disfrutes de tu hogar al máximo, tanto en verano como en invierno. También con nuestro Programa de libre elección de calidades, podrás personalizar acabados y materiales según tus gustos y preferencias. Residencial Toscana integra tecnologías para ofrecerte un hogar inteligente. Las instalaciones comunes ofrecen una piscina con sistema de depuración salina e iluminación nocturna, zonas verdes y una zona de juegos infantiles, brindando un entorno ideal para toda la familia. Y si buscas un espacio para tus actividades, Residencial Toscana también cuenta con una sala polivalente para diferentes usos, al igual que un gimnasio equipado y la instalación de taquillas electrónicas. La promoción incluye la preinstalación de recarga de coches eléctricos y parking de bicicletas. Solicita más información y conoce todos los detalles de Residencial Toscana en el Cañaveral. *Las imágenes publicadas y la distribución del mobiliario son orientativas y no tienen carácter contractual.  *La jardinería, el mobiliario urbano y el amueblamiento son ficticios y solo es válido a efectos decorativos.  *Las superficies, los materiales y detalles arquitectónicos son aproximadas y pueden sufrir variaciones por necesidades técnicas.",True,newdevelopment,True,True,4451.0,True,False,False,False,[],False,False,511900.0,€,True,True,flat,"El Cañaveral, Madrid",Piso en vereda de la Cebolla s/n,,False,,,
108601654,https://img4.idealista.com/blur/480_360_mq/0/id.pro.es.image.master/4c/94/05/1349664942.webp,86051245,22,4,2395000.0,flat,sale,171.0,True,3,1,Barrio Sol,Madrid,Madrid,Centro,es,Sol,40.4159078,-3.7039358,False,https://www.idealista.com/inmueble/108601654/,"Polo Properties, nos presenta esta bonita propiedad, situada en un lugar emblemático de la capital. La propiedad tiene 7 balcones a la Plaza Mayor, haciendo que la propiedad sea un lujo en vistas y un privilegio en ubicación. Luminoso, completamente exterior, siendo un lujo poderse asomar a esos balcones que dan a la maravillosa plaza Mayor.  La propiedad nos presenta un amplio salón, desde el cual podrá ver toda la plaza y así estar entretenido durante todo el día, lugar perfecto para poder recibir a nuestros amigos y familia. También cuenta con una amplia cocina, actualizada no hace mucho con vistas a una callejuela de la plaza. La zona de descanso la compone, tres dormitorios y dos baños. Uno de los baños lo comparten las dos habitaciones y el otro esta dentro del dormitorio principal. El dormitorio principal es amplio, cómodo, con una amplia zona de armarios y su baño. Todo ello nos hace que la propiedad sea un sueño para vivir. La visitamos?",False,renew,False,True,14006.0,True,False,True,False,[],False,False,2395000.0,€,,,flat,"Sol, Madrid",Piso,,,2565000.0,170000.0,7.0
107747894,https://img4.idealista.com/blur/480_360_mq/0/id.pro.es.image.master/ce/63/7d/1249912528.webp,P1 6B,17,6,495900.0,flat,sale,107.0,True,3,2,vereda de la Cebolla s/n,Madrid,Madrid,Vicálvaro,es,El Cañaveral,40.3997161,-3.5467341,True,https://www.idealista.com/obra-nueva/107747894/,"¡85% DE LA PROMOCIÓN VENDIDA! OBRAS INICIADAS  LICENCIA DEFINITIVA DE OBRAS CONCEDIDA. No dejes pasar la oportunidad de tener tu nuevo hogar en El Cañaveral. Pisos de obra nueva en la Calle Vereda de la Cebolla con Calle Ferenc Puskas, ¡a un paso del futuro Parque Central del Cañaveral! Con 97 viviendas, Residencial Toscana presenta una variedad de opciones. Desde pisos de 2 dormitorios, 3 dormitorios, hasta amplias viviendas de 4 dormitorios, llenas de luz natural. La promoción cuenta con calificación energética A en emisiones, aerotermia y paneles fotovoltaicos instalados en la cubierta, para favorecer la máxima eficiencia energética y reducción de consumo en el edificio. El suelo radiante-refrescante hará que disfrutes de tu hogar al máximo, tanto en verano como en invierno. También con nuestro Programa de libre elección de calidades, podrás personalizar acabados y materiales según tus gustos y preferencias. Residencial Toscana integra tecnologías para ofrecerte un hogar inteligente. Las instalaciones comunes ofrecen una piscina con sistema de depuración salina e iluminación nocturna, zonas verdes y una zona de juegos infantiles, brindando un entorno ideal para toda la familia. Y si buscas un espacio para tus actividades, Residencial Toscana también cuenta con una sala polivalente para diferentes usos, al igual que un gimnasio equipado y la instalación de taquillas electrónicas. La promoción incluye la preinstalación de recarga de coches eléctricos y parking de bicicletas. Solicita más información y conoce todos los detalles de Residencial Toscana en el Cañaveral. *Las imágenes publicadas y la distribución del mobiliario son orientativas y no tienen carácter contractual.  *La jardinería, el mobiliario urbano y el amueblamiento son ficticios y solo es válido a efectos decorativos.  *Las superficies, los materiales y detalles arquitectónicos son aproximadas y pueden sufrir variaciones por necesidades técnicas.",True,newdevelopment,True,True,4635.0,True,False,False,False,[],False,False,495900.0,€,True,True,flat,"El Cañaveral, Madrid",Piso en vereda de la Cebolla s/n,,False,,,
107899768,https://img4.idealista.com/blur/480_360_mq/0/id.pro.es.image.master/48/95/0e/1327758146.webp,LAS MATAS,93,,1190000.0,chalet,sale,447.0,,4,4,Barrio Las Matas- Peñascales,Madrid,Las Rozas de Madrid,Las Matas- Peñascales,es,Las Matas- Peñascales,40.561325,-3.8907676,False,https://www.idealista.com/inmueble/107899768/,"Century21 Village vende espectacular chalet en Las Matas. Con una superficie construida de 447m2 en una parcela de 514m2. Esta vivienda tiene tres plantas que se dividen de la siguiente manera. En la principal, para hacer vida, tiene una gran cocina equipada y espacio para office con salida al porche cubierto y al salón comedor. Un salón de más de 70 muy luminoso con grandes ventanales en todas las paredes. Comunicando con el exterior a través del porche integrando los dos ambientes para recibir para recibir a familia y amigos. En la misma planta, un despacho y habitación con baño en suite. Ascensor para acceder al resto de las plantas. Acceso a la primera planta por una escalera de mármol original, en la que encontramos una magnífica habitación principal con dos baños en suite, vestidor y acceso a terraza. Los dos baños con ducha. Además hay otras dos habitaciones todas con armarios empotrados, un baño completo y un vestidor en el pasillo.  En la planta baja contamos con bodega, sala de cine, una gran lavandería ( con electrodomésticos ), varias zonas de almacenaje, garaje para dos coches y caldera. El maravilloso jardín con piscina rodeando la casa, el porche de verano, zona de vestidor hacen de esta casa una vivienda única y exclusiva en la que disfrutar todo el año en una de las mejores zonas de Madrid. Dispone además de: Placas solares. Ascensor en todas las plantas. Riego automático.  Iluminación jardín. Puerta eléctrica de acceso al garaje.  Las Matas cuenta con todos los servicios además de centro de salud, estación de tren, colegios, farmacias, cercanía a centros comerciales, buenas comunicaciones a Madrid. Cercana a poblaciones como Las Rozas y Torrelodones.",False,good,False,,2662.0,True,False,True,False,[],False,False,1190000.0,€,True,True,chalet,"Las Matas- Peñascales, Las Rozas de Madrid",Chalet pareado,semidetachedHouse,,,,
107747825,https://img4.idealista.com/blur/480_360_mq/0/id.pro.es.image.master/81/b6/28/1249914610.webp,P1 1D,17,1,456900.0,flat,sale,118.0,True,2,2,vereda de la Cebolla s/n,Madrid,Madrid,Vicálvaro,es,El Cañaveral,40.3997161,-3.5467341,True,https://www.idealista.com/obra-nueva/107747825/,"¡85% DE LA PROMOCIÓN VENDIDA! OBRAS INICIADAS  LICENCIA DEFINITIVA DE OBRAS CONCEDIDA. No dejes pasar la oportunidad de tener tu nuevo hogar en El Cañaveral. Pisos de obra nueva en la Calle Vereda de la Cebolla con Calle Ferenc Puskas, ¡a un paso del futuro Parque Central del Cañaveral! Con 97 viviendas, Residencial Toscana presenta una variedad de opciones. Desde pisos de 2 dormitorios, 3 dormitorios, hasta amplias viviendas de 4 dormitorios, llenas de luz natural. La promoción cuenta con calificación energética A en emisiones, aerotermia y paneles fotovoltaicos instalados en la cubierta, para favorecer la máxima eficiencia energética y reducción de consumo en el edificio. El suelo radiante-refrescante hará que disfrutes de tu hogar al máximo, tanto en verano como en invierno. También con nuestro Programa de libre elección de calidades, podrás personalizar acabados y materiales según tus gustos y preferencias. Residencial Toscana integra tecnologías para ofrecerte un hogar inteligente. Las instalaciones comunes ofrecen una piscina con sistema de depuración salina e iluminación nocturna, zonas verdes y una zona de juegos infantiles, brindando un entorno ideal para toda la familia. Y si buscas un espacio para tus actividades, Residencial Toscana también cuenta con una sala polivalente para diferentes usos, al igual que un gimnasio equipado y la instalación de taquillas electrónicas. La promoción incluye la preinstalación de recarga de coches eléctricos y parking de bicicletas. Solicita más información y conoce todos los detalles de Residencial Toscana en el Cañaveral. *Las imágenes publicadas y la distribución del mobiliario son orientativas y no tienen carácter contractual.  *La jardinería, el mobiliario urbano y el amueblamiento son ficticios y solo es válido a efectos decorativos.  *Las superficies, los materiales y detalles arquitectónicos son aproximadas y pueden sufrir variaciones por necesidades técnicas.",True,newdevelopment,True,True,3872.0,True,False,False,False,[],False,False,456900.0,€,True,True,flat,"El Cañaveral, Madrid",Piso en vereda de la Cebolla s/n,,False,,,
108891858,https://img4.idealista.com/blur/480_360_mq/0/id.pro.es.image.master/e7/45/30/1358167220.webp,ee3b1db3-7358-4d25-b187-ae2e03141b30,45,5,520000.0,flat,sale,51.0,False,2,1,calle de Hermosilla,Madrid,Madrid,Barrio de Salamanca,es,Fuente del Berro,40.4251959,-3.6651103,False,https://www.idealista.com/inmueble/108891858/,"Las fotografías de la propiedad serán publicadas próximamente. Descubre este acogedor piso en el encantador barrio de Fuente del Berro, muy cerca a Manuel Becerra y Ventas. Con 51 m² bien distribuidos, esta propiedad ofrece una excelente opción para quienes buscan comodidad y funcionalidad.  En buen estado, el piso cuenta con aire acondicionado para tu confort durante todo el año. La cocina está equipada y lista para que prepares tus platos favoritos. Además, la vivienda es accesible para personas en silla de ruedas, lo que garantiza movilidad sin complicaciones. El edificio dispone de ascensor, facilitando el acceso a todas las plantas.  Este piso viene completamente amueblado, listo para que te instales de inmediato. Si buscas un espacio práctico en una ubicación privilegiada, no dejes pasar esta oportunidad en Fuente del Berro. Ideal para solteros o parejas que valoran la conveniencia en un entorno tranquilo. ¡Contáctanos para más detalles y ven a verlo!",True,good,False,True,10196.0,True,True,False,False,[],False,False,520000.0,€,,,flat,"Fuente del Berro, Madrid",Piso en calle de Hermosilla,,,,,
105482015,https://img4.idealista.com/blur/480_360_mq/0/id.pro.es.image.master/4b/74/79/1253747173.webp,1725/936,68,,930000.0,chalet,sale,230.0,,5,3,Barrio Rejas,Madrid,Madrid,San Blas,es,Rejas,40.4432993,-3.5692599,False,https://www.idealista.com/inmueble/105482015/,"NO COBRAMOS HONORARIOS AL COMPRADOR. TRATO DIRECTO CON LA PROPIEDAD, TOTAL TRANSPARENCIA. IMPUESTOS Y GASTOS NO INCLUIDOS. ¡Descubre tu nuevo hogar en este impresionante chalet pareado! Situado en una parcela de 400 m², este inmueble combina comodidad y elegancia con un toque natural. Disfruta de un cerezo que no solo proporciona sombra, sino que también te regala deliciosas cerezas cada temporada. Además, cuenta con un invernadero perfecto para tu huerto urbano y zonas con jardineras que añaden un toque de verde a tu vida diaria. El suelo de la parcela está solado en gran parte, facilitando el mantenimiento y creando un espacio ideal para reuniones al aire libre bajo los 4 toldos que protegen del calor. Al entrar, serás recibido por un amplio recibidor que te lleva a un salón de más de 30m² con grandes ventanas que inundan el espacio de luz natural. El porche acristalado es el lugar perfecto para disfrutar de las vistas al jardín durante todo el año. La cocina es un sueño para cualquier chef, con espacio suficiente para una mesa grande y una despensa que conecta con el garaje doble y la zona de lavandería. En la planta baja también encontrarás un cuarto de baño con ducha y una habitación con armario empotrado. Subiendo a la primera planta, descubrirás 4 dormitorios dobles, todos con armarios empotrados y vestidos. El dormitorio principal es un refugio de lujo con vestidor y baño en suite. Los otros dormitorios comparten un cuarto de baño con doble lavabo y bañera, ideal para familias. Además, el sótano de unos 100m² con ventilación natural ofrece un espacio adicional para tus necesidades, ya sea como trastero, sala de juegos o gimnasio. Construido en 1999, este chalet de 230 m² construidos y 300 m² útiles se encuentra en excelente estado. Equipada con calefacción de gasoil, doble ventana, rejas de seguridad, suelos de cerámica, paredes lisas y puertas de madera barnizada, esta propiedad está lista para convertirse en tu nuevo hogar. No pierdas la oportunidad de vivir en este oasis urbano con orientación Este y plaza de garaje incluida.  ¡Contáctanos para más información y agenda tu visita hoy mismo!",True,good,False,,4043.0,True,False,True,False,[],False,False,930000.0,€,True,True,chalet,"Rejas, Madrid",Chalet pareado,semidetachedHouse,,,,
108915121,https://img4.idealista.com/blur/480_360_mq/0/id.pro.es.image.master/e4/f6/d8/1358811971.webp,07921,2,3,407000.0,penthouse,sale,66.0,True,1,1,calle de Rafael Vega,Madrid,Madrid,Hortaleza,es,Canillas,40.4658546,-3.6323348,False,https://www.idealista.com/inmueble/108915121/,"La Inmobiliaria Internacional CPM gestiona este espectacular ático totalmente reformado y a estrenar, de 66 m2 y 1 habitación; próximo a la estación de metro Canillas, que consta de los siguientes elementos: Hall de entrada. Una cocina, totalmente equipada y amueblada, con todos los electrodomésticos incluidos. Un amplio salón comedor, dividido en dos ambientes, con grandes ventanales, que dan salida a una una amplia terraza de 42 m 2, con estupendas vistas de la zona. 1 habitación muy luminosa, con armarios empotrados. 1 baño completo.  El espectacular ático, totalmente reformado, dispone de suelo de parquet de madera natural, ventanas climalit oscilo-batientes, vídeo portero, puerta blindada, agua caliente y calefacción individual por caldera de gas natural. La vivienda incluye una amplia plaza de garaje. El edificio de estilo clásico, cuenta con ascensor.  Sobre la ubicación del ático, es inmejorable, ya que se encuentra próximo a la entrada del metro de Canillas. El Acceso a la M-11 Y M-40 es muy rápido. Alrededor del piso se encuentran varios centros comerciales (Palacio de hielo, CC Gran Vía de Hortaleza) colegios (CEIP Ramón Pérez de Ayala, Colegio Público Garcilaso de la Vega) guarderías, farmacias, restaurantes, zonas de ocio e instalaciones deportivas.",False,good,False,True,6167.0,True,False,False,False,[],False,False,407000.0,€,True,True,flat,"Canillas, Madrid",Ático en calle de Rafael Vega,penthouse,,,,
108921935,https://img4.idealista.com/blur/480_360_mq/0/id.pro.es.image.master/f1/df/8d/1359008857.webp,IE01-UNANUE9,31,-1,260000.0,flat,sale,55.0,False,2,1,paseo de las Delicias,Madrid,Madrid,Arganzuela,es,Palos de la Frontera,40.4021686,-3.6932558,False,https://www.idealista.com/inmueble/108921935/,"Inmobiliarias Encuentro vende magnífico piso en el castizo barrio de Palos de Moguer, Madrid.  El inmueble, de 55 m2, cuenta con un espacioso salón y cocina independiente, totalmente amueblada y funcional.  Tiene un dormitorio doble y baño completo con plato de ducha.  Las calidades de la vivienda son excepcionales. Dispone de calefacción individual, ventanas de aluminio blanco y suelos de tarima.  La finca en la que se encuentra está en perfecto estado de conservación. La vivienda se encuentra alquilada hasta Agosto de 2025.  Su ubicación es inmejorable. El barrio de Palos de Moguer, en el distrito de Arganzuela, es una de las zonas más tranquilas y bien comunicadas del centro de Madrid. Con una ubicación privilegiada, a pocos minutos de la estación de Atocha y del parque del Retiro, ofrece la combinación perfecta entre vida urbana y ambiente residencial. El barrio cuenta con todos los servicios necesarios: colegios, supermercados, centros de salud, comercios de proximidad y una amplia oferta gastronómica. Además, dispone de excelentes conexiones de transporte público (metro, cercanías y varias líneas de autobús), lo que facilita el acceso a cualquier punto de la ciudad. Es ideal tanto para familias como para profesionales o inversores que buscan una zona con calidad de vida, proyección y cercanía al corazón de Madrid. Si necesita vender su inmueble para adquirir este u otro inmueble publicado, contacte con nosotros, disponemos del servicio: \\""CAMBIA Y DESCANSA\\"". La solución perfecta para cuadrar los plazos de venta de su vivienda y entrega del nuevo inmueble. ¡Financiación a tu medida! Con Finmoo tendrás los mejores tipos de interés y hasta el 100% de financiación. ¡Consulta nuestras condiciones!",False,good,False,False,4727.0,False,False,False,False,[],False,False,260000.0,€,,,flat,"Palos de la Frontera, Madrid",Piso en paseo de las Delicias,,,,,
108913080,https://img4.idealista.com/blur/480_360_mq/0/id.pro.es.image.master/c5/35/fc/1358932485.webp,KWONE0280725JLO,52,bj,387000.0,flat,sale,99.0,True,2,3,calle Santa Rosa,Madrid,San Lorenzo de El Escorial,Abantos - Carmelitas,es,,40.5966101,-4.1449285,False,https://www.idealista.com/inmueble/108913080/,"En el corazón de San Lorenzo de El Escorial se vende esta singular vivienda, con 2 dormitorios (antes 3), 3 baños completos (sí, tres! ), con plaza de garaje y trastero, en una Urbanización cerrada con piscina, gimnasio y zonas comunes de juego, completamente reformada y para entrar a vivir. Cocina independiente, con terraza tendedero y terraza al salón, orientada al Sureste y protegida de los vientos de la Sierra para poder disfritarla en cualquier época del año, Y lo mejor de todo, lo más valioso que se vende es.. . lo que no le pertenece, ¡esas sus increíbles vistas desde la terraza hacía las 4 torres de Madrid, y las áun más impresionantes desde los dormitorios al Monte Abantos y a la Sierra de Guadarrama! Situada la casa en un edificio singular galardonado con Premios de Arquitectura, no tarde en llamarnos, hay pocas oportunidades como esta, venga y aprovéchela! El precio de compra no incluye muebles, enseres, elementos de decoración pero sí los electrodomésticos. Se informa a los clientes que los gastos notariales, registrales, ITP, honorarios de la Agencia y otros gastos inherentes a la compraventa no están incluidos en el precio.",False,good,False,False,3909.0,True,False,False,False,[],False,False,387000.0,€,True,True,flat,"Abantos - Carmelitas, San Lorenzo de El Escorial",Piso en calle Santa Rosa,,,,,
108901693,https://img4.idealista.com/blur/480_360_mq/0/id.pro.es.image.master/7d/c5/55/1358703004.webp,1428/1334,59,,1600000.0,chalet,sale,201.0,,4,3,calle Teresa Orozco,Madrid,Madrid,Moncloa,es,Aravaca,40.46259,-3.7725032,False,https://www.idealista.com/inmueble/108901693/,"Se vende chalet independiente en Aravaca, en una zona y entorno inmejorable.  Se ubica en una parcela de 500m2, con árboles y vegetación.  La vivienda dispone de 200m2 y se distribuye en dos plantas, de la siguiente manera: PLANTA BAJA -Amplio salón comedor -Aseo -Cocina completa -Garaje, con acceso desde el interior de la vivienda PLANTA PRIMERA -4 dormitorios dobles, uno de ellos con terraza -2 baños completos Actualmente dispone de calefacción de Gasoil y aire acondicionado en todas las estancias.  Llámenos para concertar una visita, ALFA CHAMBERI no le cobra a usted como comprador.",False,good,False,,7960.0,True,True,False,False,[],False,False,1600000.0,€,True,True,chalet,"Aravaca, Madrid",Casa independiente en calle Teresa Orozco,independantHouse,,,,
108912755,https://img4.idealista.com/blur/480_360_mq/0/id.pro.es.image.master/e5/fb/7b/1358741778.webp,,30,bj,460000.0,flat,sale,112.0,True,3,2,avenida de Alfonso XIII,Madrid,Madrid,Chamartín,es,Ciudad Jardín,40.4512053,-3.6668471,False,https://www.idealista.com/inmueble/108912755/,"Inmobiliaria en Chamartín, Prosperidad Madrid - Tecnocasa Oficina Prosperidad 2019 Sl VENDE LOCAL en Avenida de Alfonso XIII — Gran oportunidad de inversión o cambio de uso.  Ponemos a la venta este magnífico local comercial situado en plena Avenida de Alfonso XIII, una de las zonas más demandadas y con mayor proyección de Madrid. El local destaca por su amplitud, su distribución versátil y sus grandes ventanales que proporcionan abundante luz natural y una excelente visibilidad desde el exterior. Además, cuenta con entrada independiente directamente desde la calle, lo que le otorga un acceso cómodo y exclusivo. Actualmente dispone de una superficie diáfana que facilita la adaptación a distintos proyectos, así como dos cuartos de baño ya acondicionados. Todo ello lo convierte en una opción ideal tanto para desarrollar un negocio como para inversores interesados en un cambio de uso a vivienda, una posibilidad viable dadas sus características. La ubicación es inmejorable, en una zona consolidada con todos los servicios, comercios, colegios y excelentes comunicaciones mediante transporte público, además de un acceso rápido a las principales vías de la ciudad. Sin duda, una gran oportunidad tanto para negocios como para proyectos residenciales. Para más información o para concertar una visita, no dudes en ponerte en contacto con nosotros. Estaremos encantados de atenderte.",True,renew,False,True,4107.0,True,False,False,False,[],False,False,460000.0,€,,,flat,"Ciudad Jardín, Madrid",Piso en avenida de Alfonso Xiii,,,,,
108917193,https://img4.idealista.com/blur/480_360_mq/0/id.pro.es.image.master/7e/15/b5/1358874905.webp,31072025,40,,269000.0,chalet,sale,140.0,,4,1,calle Eras de Abajo,Madrid,Navalafuente,,es,,40.8206059,-3.6756644,False,https://www.idealista.com/inmueble/108917193/,"BREM GLOBAL INMOBILIARIA PRESENTA SINGULAR CHALET INDEPENDIENTE en Navalafuente municipio situado a 66 km de Madrid con una vivienda de 140 m² que data de 1980, construida sobre una parcela de 1040 m².  La vivienda en dos plantas, la principal con un salón comedor, cocina amueblada y equipada, un baño con ducha y cuatro habitaciones, dos dobles y dos de ellas con armarios empotrados. La construcción de madera con carpintería artesana, incluidas las contraventanas, que también son de madera. La planta baja un garaje para dos coches y cuarto de aperos.   La vivienda se encuentra en una urbanización de este municipio. Cuenta con todos los suministros, agua del canal y saneamiento, además de un pozo de superficie y equipo de presión, para el riego y la piscina de obra que está muy bien cuidada y en perfecto estado de uso. La parcela en dos niveles, con salida a dos calles ambas con paso de carruajes, poblada de encinas carrascas en racimo, olivos, nogales, membrillo etc. Con una inclinación leve totalmente vallada, ajardinada, zona de aparcamiento. Con fachada de 19 m y la otra 26, 47 m de fondo.   La urbanización rodeada de espacios naturales de gran belleza y tranquilidad de su paisaje vegetal de prados y dehesas, de encinas y de robles.  En la que también destacar su buena comunicación, por la cercanía del transporte público sus zonas verdes y diferentes instalaciones deportivas, que la convierten en un lugar agradable para vivir o descansar los fines de semana. Si deseas disfrutar esta joya, no lo dudes…. ¡ LLAMANOS!",True,good,False,,1921.0,True,False,True,False,[],False,False,269000.0,€,True,True,chalet,Navalafuente,Casa independiente en calle Eras de Abajo,independantHouse,,,,
106539161,https://img4.idealista.com/blur/480_360_mq/0/id.pro.es.image.master/9c/78/e3/1285979104.webp,1068,32,,1545000.0,chalet,sale,547.0,,5,6,paseo del Embajador,Madrid,Ciudalcampo,,es,,40.6172982,-3.6145883,False,https://www.idealista.com/inmueble/106539161/,"AMENA HOMES ofrece en venta este chalet único, de diseño contemporáneo, totalmente reformado hace nueve años, con 547m2 construidos sobre una parcela de 2.649m2. La propiedad se distingue por sus amplios espacios y su luminosidad en cada rincón, creando un ambiente acogedor y sofisticado. La vivienda nos recibe con un gran hall de entrada que nos invita a pasar hacia las distintas estancias. El salón principal, con techos de doble altura y múltiples ventanales orientados al sur, ofrece una increíble entrada de luz natural y vistas al jardín. Tambien con salida a porche de gran tamaño, jardin y piscina. El salon dispone de una moderna chimenea de gas con control remoto que separa el salón del área de comedor, aportando un toque de elegancia y comodidad. La cocina, amplia y funcional, con dos accesos desde el exterior, y con una habitacion y baño de servicio, o zona de lavanderia. En la misma planta principal también encontramos el dormitorio principal en suite, que dispone de dos vestidores y un baño completo de diseño, con salida al porche. Además, hay un dormitorio con baño en suite para invitados y un aseo de cortesía. La planta superior consta de dos dormitorios muy amplios, cada uno con su vestidor y baño en suite. Uno de ellos cuenta además con una acogedora chimenea. En el exterior, encontrarás una construcción independiente, ideal como casita de invitados o espacio adicional para un miembro de la familia, equipada con chimenea, aire acondicionado frío/calor, cocina abierta y baño completo. El jardín consolidado, rodeado de árboles maduros y cuidados, invita a relajarse y disfrutar de la naturaleza. Además, cuenta con un amplio porche de madera y una piscina para refrescarte en los días cálidos. Una casa excepcional para quienes buscan amplitud, tranquilidad y diseño en un entorno natural dentro de una urbanizacion exclusiva como Ciudalcampo. Ciudalcampo es un lugar para vivir en plena naturaleza sin renunciar a la seguridad y a los servicios de la ciudad. La urbanización de Ciudalcampo es una de las mejores zonas residenciales de Madrid. Y tiene un cómodo y rápido acceso en el Km 28 de la N-1. Próxima al aeropuerto de Madrid Barajas, IFEMA y a parque empresarial con múltiples empresas multinacionales.  La urbanización dispone de distintas dotaciones y servicios, como: Club deportivo RACE (Golf, Paddle, Tenis, Piscina, Gimnasio, Hípica, Fútbol), Colegio internacional SEK, Servicio regular de autobuses a Madrid e interno dentro de la propia urbanización, Oficina de correos y Centro Comercial Santo Domingo.  Dispone de un sistema de cámaras y vallado perimetral. Servicio de seguridad 24 horas con patrullas de vigilancia y control de barrera a la entrada.  Puedes disfrutar de 6,5Km de circuito físico para la práctica de deporte al aire libre y 41km de viales con tráfico limitado a la propia urbanización, ideales para los amantes de paseos en plena naturaleza.  Contactanos si deseas concertar una visita para esta casa. Te invitamos a entrar a nuestra pagina web para mas opciones de tu preferencia. En AMENA HOMES nos preocupamos por ayudarte a encontrar tu. futuro hogar!",False,good,False,,2824.0,True,False,True,False,[],False,False,1545000.0,€,True,True,chalet,Ciudalcampo,Casa independiente en paseo del Embajador,independantHouse,,,,
108880840,https://img4.idealista.com/blur/480_360_mq/0/id.pro.es.image.master/13/54/82/1357795399.webp,54092b7c-58cf-4640-8da8-92654b49c80f,56,1,374000.0,flat,sale,116.0,True,3,2,avenida de La Rioja,Madrid,Villanueva de la Cañada,Villanueva de la Cañada,es,,40.4401896,-4.0014472,False,https://www.idealista.com/inmueble/108880840/,"Descubre este encantador piso en Villanueva de la Cañada, con 116 m² de espacio bien distribuido. Construido en 1999, este hogar en buen estado ofrece tres dormitorios y dos baños, ideal para familias. Disfruta de las comodidades modernas como aire acondicionado, calefacción a gas, y armarios empotrados. La cocina equipada y el piso amueblado están listos para que te mudes sin preocupaciones. Relájate en el balcón con vistas exteriores o almacena tus pertenencias en el trastero. Además, cuenta con opción de aparcamiento y acceso a través de ascensor. Con un certificado energético C, este piso combina confort y eficiencia. Contacta a Daniel para más información y convierte este piso en tu nuevo hogar. ¡No pierdas la oportunidad!",True,good,False,True,3224.0,True,True,False,False,[],False,False,374000.0,€,True,True,flat,"Villanueva de la Cañada, Villanueva de la Cañada",Piso en avenida de La Rioja,,,,,
108750237,https://img4.idealista.com/blur/480_360_mq/0/id.pro.es.image.master/62/de/eb/1354018674.webp,V04,15,3,360000.0,flat,sale,107.0,True,2,2,"calle Provisional Berrocales Setenta y Nueve, 28",Madrid,Madrid,Vicálvaro,es,Los Berrocales,40.3748966,-3.572592,True,https://www.idealista.com/obra-nueva/108750237/,"Collado de Sueños, S. Coop. Mad"", una exclusiva promoción en régimen de cooperativa que ofrece 26 viviendas libres de 1, 2 y 3 dormitorios, todas con terraza y distribuidas en dos portales. Ubicada en el centro de la Etapa III. El proyecto incluye espectaculares bajos con jardín y áticos con amplias terrazas, diseñados para ofrecer el máximo confort y calidad de vida. Todas las viviendas contarán con cocina amueblada, plaza de garaje, trastero y acabados de alta calidad, apostando por la eficiencia energética y el bienestar de sus residentes. La climatización se realiza mediante suelo radiante/refrescante por aerotermia, una solución sostenible, moderna y eficiente. Los Berrocales es un nuevo barrio conectado y en plena expansión que se consolida como uno de los desarrollos urbanos con mayor proyección de Madrid. Con una ubicación estratégica, permite acceder al centro de la capital en apenas 15 minutos en coche, y se conecta fácilmente con barrios como El Cañaveral, Vallecas o Rivas, gracias a su proximidad con la M-50, A-3 y M-45. El entorno ofrece todos los servicios necesarios a pocos minutos: colegios, centros educativos, hospitales, centros comerciales y zonas verdes. Además, Los Berrocales y el Ensanche de Vallecas están unidos por dos nuevos puentes sobre la A-3, que facilitan la movilidad de vehículos, bicicletas y peatones. Con más de 8,3 millones de metros cuadrados de desarrollo urbanístico y una previsión de 22.285 viviendas, Los Berrocales supera en escala incluso a El Cañaveral y Madrid Nuevo Norte, consolidándose como un polo residencial clave en el crecimiento de la ciudad. Estás a tiempo de elegir la vivienda que mejor se adapta a tus necesidades y estilo de vida. Participa como Socio desde el inicio en este ilusionante proyecto cooperativo, porque es el momento de adquirir una vivienda en BERROCALES.",False,newdevelopment,True,True,3364.0,True,False,False,False,[],False,False,360000.0,€,True,True,flat,"Los Berrocales, Madrid","Piso en calle Provisional Berrocales Setenta y Nueve, 28",,False,,,
108750141,https://img4.idealista.com/blur/480_360_mq/0/id.pro.es.image.master/68/98/be/1354018315.webp,V01,15,bj,380000.0,flat,sale,144.0,True,2,2,"calle Provisional Berrocales Setenta y Nueve, 28",Madrid,Madrid,Vicálvaro,es,Los Berrocales,40.3748966,-3.572592,True,https://www.idealista.com/obra-nueva/108750141/,"Collado de Sueños, S. Coop. Mad"", una exclusiva promoción en régimen de cooperativa que ofrece 26 viviendas libres de 1, 2 y 3 dormitorios, todas con terraza y distribuidas en dos portales. Ubicada en el centro de la Etapa III. El proyecto incluye espectaculares bajos con jardín y áticos con amplias terrazas, diseñados para ofrecer el máximo confort y calidad de vida. Todas las viviendas contarán con cocina amueblada, plaza de garaje, trastero y acabados de alta calidad, apostando por la eficiencia energética y el bienestar de sus residentes. La climatización se realiza mediante suelo radiante/refrescante por aerotermia, una solución sostenible, moderna y eficiente. Los Berrocales es un nuevo barrio conectado y en plena expansión que se consolida como uno de los desarrollos urbanos con mayor proyección de Madrid. Con una ubicación estratégica, permite acceder al centro de la capital en apenas 15 minutos en coche, y se conecta fácilmente con barrios como El Cañaveral, Vallecas o Rivas, gracias a su proximidad con la M-50, A-3 y M-45. El entorno ofrece todos los servicios necesarios a pocos minutos: colegios, centros educativos, hospitales, centros comerciales y zonas verdes. Además, Los Berrocales y el Ensanche de Vallecas están unidos por dos nuevos puentes sobre la A-3, que facilitan la movilidad de vehículos, bicicletas y peatones. Con más de 8,3 millones de metros cuadrados de desarrollo urbanístico y una previsión de 22.285 viviendas, Los Berrocales supera en escala incluso a El Cañaveral y Madrid Nuevo Norte, consolidándose como un polo residencial clave en el crecimiento de la ciudad. Estás a tiempo de elegir la vivienda que mejor se adapta a tus necesidades y estilo de vida. Participa como Socio desde el inicio en este ilusionante proyecto cooperativo, porque es el momento de adquirir una vivienda en BERROCALES.",False,newdevelopment,True,True,2639.0,True,False,False,False,[],False,False,380000.0,€,True,True,flat,"Los Berrocales, Madrid","Piso en calle Provisional Berrocales Setenta y Nueve, 28",,False,,,
108686342,https://img4.idealista.com/blur/480_360_mq/0/id.pro.es.image.master/a3/cd/1a/1353438691.webp,Tauro 102,6,,629000.0,chalet,sale,247.0,,3,3,"Calle Tauro, 120",Madrid,Móstoles,Sur,es,,40.3085724,-3.8501153,True,https://www.idealista.com/obra-nueva/108686342/,"Promoción de chalets individuales y pareados en el PAU Sur de Móstoles. Entrega prevista en el tercer trimestre de 2026. Obras ya iniciadas. Estas viviendas destacan por su alto confort, suelo refrigerado y calefactado mediante aerotermia, máxima eficiencia energética y excelentes calidades. Cuentan con parcelas de 250 m2 hasta 350 m2, tres dormitorios, dos baños y un aseo. La cocina se entrega amueblada e incluye horno, microondas y placa de inducción. El salón es amplio y muy luminoso. Disponen de un sótano con trastero, cuarto de instalaciones y zona de plancha. Incorporan ventanas de PVC bicolor con vidrios bajo emisivos, ladrillo klinker destonificado que requiere poco mantenimiento, suelos porcelánicos, preinstalación para la carga de coche eléctrico y terraza solárium. La ubicación es excelente, cerca del Parque Nelson Mandela y rodeada de zonas verdes, con colegios y todos los servicios cercanos. La promoción está desarrollada por una constructora con más de 50 años de experiencia, garantía de calidad y confianza. Se ofrecen facilidades de pago. Las imágenes publicadas son simulaciones orientativas que pueden sufrir modificaciones por motivos técnicos, comerciales o legales. También se incluyen algunas fotografías de nuestra última promoción en Móstoles, Villa Parque Liana, con calidades similares aunque diseño diferente. Solicite más información, planos y memoria de calidades sin compromiso.",False,newdevelopment,True,,2547.0,True,False,False,False,[],False,False,629000.0,€,True,True,chalet,"Sur, Móstoles","Casa independiente en Calle Tauro, 120",independantHouse,False,,,
108750205,https://img4.idealista.com/blur/480_360_mq/0/id.pro.es.image.master/bc/f9/17/1354018671.webp,V06,15,2,350000.0,flat,sale,106.0,True,2,2,"calle Provisional Berrocales Setenta y Nueve, 28",Madrid,Madrid,Vicálvaro,es,Los Berrocales,40.3748966,-3.572592,True,https://www.idealista.com/obra-nueva/108750205/,"Collado de Sueños, S. Coop. Mad"", una exclusiva promoción en régimen de cooperativa que ofrece 26 viviendas libres de 1, 2 y 3 dormitorios, todas con terraza y distribuidas en dos portales. Ubicada en el centro de la Etapa III. El proyecto incluye espectaculares bajos con jardín y áticos con amplias terrazas, diseñados para ofrecer el máximo confort y calidad de vida. Todas las viviendas contarán con cocina amueblada, plaza de garaje, trastero y acabados de alta calidad, apostando por la eficiencia energética y el bienestar de sus residentes. La climatización se realiza mediante suelo radiante/refrescante por aerotermia, una solución sostenible, moderna y eficiente. Los Berrocales es un nuevo barrio conectado y en plena expansión que se consolida como uno de los desarrollos urbanos con mayor proyección de Madrid. Con una ubicación estratégica, permite acceder al centro de la capital en apenas 15 minutos en coche, y se conecta fácilmente con barrios como El Cañaveral, Vallecas o Rivas, gracias a su proximidad con la M-50, A-3 y M-45. El entorno ofrece todos los servicios necesarios a pocos minutos: colegios, centros educativos, hospitales, centros comerciales y zonas verdes. Además, Los Berrocales y el Ensanche de Vallecas están unidos por dos nuevos puentes sobre la A-3, que facilitan la movilidad de vehículos, bicicletas y peatones. Con más de 8,3 millones de metros cuadrados de desarrollo urbanístico y una previsión de 22.285 viviendas, Los Berrocales supera en escala incluso a El Cañaveral y Madrid Nuevo Norte, consolidándose como un polo residencial clave en el crecimiento de la ciudad. Estás a tiempo de elegir la vivienda que mejor se adapta a tus necesidades y estilo de vida. Participa como Socio desde el inicio en este ilusionante proyecto cooperativo, porque es el momento de adquirir una vivienda en BERROCALES.",False,newdevelopment,True,True,3302.0,True,False,False,False,[],False,False,350000.0,€,True,True,flat,"Los Berrocales, Madrid","Piso en calle Provisional Berrocales Setenta y Nueve, 28",,False,,,
108750236,https://img4.idealista.com/blur/480_360_mq/0/id.pro.es.image.master/b1/28/7c/1354018623.webp,V07,15,2,355000.0,flat,sale,102.0,True,2,2,"calle Provisional Berrocales Setenta y Nueve, 28",Madrid,Madrid,Vicálvaro,es,Los Berrocales,40.3748966,-3.572592,True,https://www.idealista.com/obra-nueva/108750236/,"Collado de Sueños, S. Coop. Mad"", una exclusiva promoción en régimen de cooperativa que ofrece 26 viviendas libres de 1, 2 y 3 dormitorios, todas con terraza y distribuidas en dos portales. Ubicada en el centro de la Etapa III. El proyecto incluye espectaculares bajos con jardín y áticos con amplias terrazas, diseñados para ofrecer el máximo confort y calidad de vida. Todas las viviendas contarán con cocina amueblada, plaza de garaje, trastero y acabados de alta calidad, apostando por la eficiencia energética y el bienestar de sus residentes. La climatización se realiza mediante suelo radiante/refrescante por aerotermia, una solución sostenible, moderna y eficiente. Los Berrocales es un nuevo barrio conectado y en plena expansión que se consolida como uno de los desarrollos urbanos con mayor proyección de Madrid. Con una ubicación estratégica, permite acceder al centro de la capital en apenas 15 minutos en coche, y se conecta fácilmente con barrios como El Cañaveral, Vallecas o Rivas, gracias a su proximidad con la M-50, A-3 y M-45. El entorno ofrece todos los servicios necesarios a pocos minutos: colegios, centros educativos, hospitales, centros comerciales y zonas verdes. Además, Los Berrocales y el Ensanche de Vallecas están unidos por dos nuevos puentes sobre la A-3, que facilitan la movilidad de vehículos, bicicletas y peatones. Con más de 8,3 millones de metros cuadrados de desarrollo urbanístico y una previsión de 22.285 viviendas, Los Berrocales supera en escala incluso a El Cañaveral y Madrid Nuevo Norte, consolidándose como un polo residencial clave en el crecimiento de la ciudad. Estás a tiempo de elegir la vivienda que mejor se adapta a tus necesidades y estilo de vida. Participa como Socio desde el inicio en este ilusionante proyecto cooperativo, porque es el momento de adquirir una vivienda en BERROCALES.",False,newdevelopment,True,True,3480.0,True,False,False,False,[],False,False,355000.0,€,True,True,flat,"Los Berrocales, Madrid","Piso en calle Provisional Berrocales Setenta y Nueve, 28",,False,,,
108750213,https://img4.idealista.com/blur/480_360_mq/0/id.pro.es.image.master/0e/7e/ae/1354018672.webp,V09,15,4,360000.0,flat,sale,105.0,True,2,2,"calle Provisional Berrocales Setenta y Nueve, 28",Madrid,Madrid,Vicálvaro,es,Los Berrocales,40.3748966,-3.572592,True,https://www.idealista.com/obra-nueva/108750213/,"Collado de Sueños, S. Coop. Mad"", una exclusiva promoción en régimen de cooperativa que ofrece 26 viviendas libres de 1, 2 y 3 dormitorios, todas con terraza y distribuidas en dos portales. Ubicada en el centro de la Etapa III. El proyecto incluye espectaculares bajos con jardín y áticos con amplias terrazas, diseñados para ofrecer el máximo confort y calidad de vida. Todas las viviendas contarán con cocina amueblada, plaza de garaje, trastero y acabados de alta calidad, apostando por la eficiencia energética y el bienestar de sus residentes. La climatización se realiza mediante suelo radiante/refrescante por aerotermia, una solución sostenible, moderna y eficiente. Los Berrocales es un nuevo barrio conectado y en plena expansión que se consolida como uno de los desarrollos urbanos con mayor proyección de Madrid. Con una ubicación estratégica, permite acceder al centro de la capital en apenas 15 minutos en coche, y se conecta fácilmente con barrios como El Cañaveral, Vallecas o Rivas, gracias a su proximidad con la M-50, A-3 y M-45. El entorno ofrece todos los servicios necesarios a pocos minutos: colegios, centros educativos, hospitales, centros comerciales y zonas verdes. Además, Los Berrocales y el Ensanche de Vallecas están unidos por dos nuevos puentes sobre la A-3, que facilitan la movilidad de vehículos, bicicletas y peatones. Con más de 8,3 millones de metros cuadrados de desarrollo urbanístico y una previsión de 22.285 viviendas, Los Berrocales supera en escala incluso a El Cañaveral y Madrid Nuevo Norte, consolidándose como un polo residencial clave en el crecimiento de la ciudad. Estás a tiempo de elegir la vivienda que mejor se adapta a tus necesidades y estilo de vida. Participa como Socio desde el inicio en este ilusionante proyecto cooperativo, porque es el momento de adquirir una vivienda en BERROCALES.",False,newdevelopment,True,True,3429.0,True,False,False,False,[],False,False,360000.0,€,True,True,flat,"Los Berrocales, Madrid","Piso en calle Provisional Berrocales Setenta y Nueve, 28",,False,,,
108750211,https://img4.idealista.com/blur/480_360_mq/0/id.pro.es.image.master/21/11/d8/1354018673.webp,V08,15,3,465000.0,flat,sale,145.0,True,3,2,"calle Provisional Berrocales Setenta y Nueve, 28",Madrid,Madrid,Vicálvaro,es,Los Berrocales,40.3748966,-3.572592,True,https://www.idealista.com/obra-nueva/108750211/,"Collado de Sueños, S. Coop. Mad"", una exclusiva promoción en régimen de cooperativa que ofrece 26 viviendas libres de 1, 2 y 3 dormitorios, todas con terraza y distribuidas en dos portales. Ubicada en el centro de la Etapa III. El proyecto incluye espectaculares bajos con jardín y áticos con amplias terrazas, diseñados para ofrecer el máximo confort y calidad de vida. Todas las viviendas contarán con cocina amueblada, plaza de garaje, trastero y acabados de alta calidad, apostando por la eficiencia energética y el bienestar de sus residentes. La climatización se realiza mediante suelo radiante/refrescante por aerotermia, una solución sostenible, moderna y eficiente. Los Berrocales es un nuevo barrio conectado y en plena expansión que se consolida como uno de los desarrollos urbanos con mayor proyección de Madrid. Con una ubicación estratégica, permite acceder al centro de la capital en apenas 15 minutos en coche, y se conecta fácilmente con barrios como El Cañaveral, Vallecas o Rivas, gracias a su proximidad con la M-50, A-3 y M-45. El entorno ofrece todos los servicios necesarios a pocos minutos: colegios, centros educativos, hospitales, centros comerciales y zonas verdes. Además, Los Berrocales y el Ensanche de Vallecas están unidos por dos nuevos puentes sobre la A-3, que facilitan la movilidad de vehículos, bicicletas y peatones. Con más de 8,3 millones de metros cuadrados de desarrollo urbanístico y una previsión de 22.285 viviendas, Los Berrocales supera en escala incluso a El Cañaveral y Madrid Nuevo Norte, consolidándose como un polo residencial clave en el crecimiento de la ciudad. Estás a tiempo de elegir la vivienda que mejor se adapta a tus necesidades y estilo de vida. Participa como Socio desde el inicio en este ilusionante proyecto cooperativo, porque es el momento de adquirir una vivienda en BERROCALES.",False,newdevelopment,True,True,3207.0,True,False,False,False,[],False,False,465000.0,€,True,True,flat,"Los Berrocales, Madrid","Piso en calle Provisional Berrocales Setenta y Nueve, 28",,False,,,
108750281,https://img4.idealista.com/blur/480_360_mq/0/id.pro.es.image.master/90/1c/67/1354018624.webp,V22,15,3,350000.0,flat,sale,95.0,True,2,2,"calle Provisional Berrocales Setenta y Nueve, 28",Madrid,Madrid,Vicálvaro,es,Los Berrocales,40.3748966,-3.572592,True,https://www.idealista.com/obra-nueva/108750281/,"Collado de Sueños, S. Coop. Mad"", una exclusiva promoción en régimen de cooperativa que ofrece 26 viviendas libres de 1, 2 y 3 dormitorios, todas con terraza y distribuidas en dos portales. Ubicada en el centro de la Etapa III. El proyecto incluye espectaculares bajos con jardín y áticos con amplias terrazas, diseñados para ofrecer el máximo confort y calidad de vida. Todas las viviendas contarán con cocina amueblada, plaza de garaje, trastero y acabados de alta calidad, apostando por la eficiencia energética y el bienestar de sus residentes. La climatización se realiza mediante suelo radiante/refrescante por aerotermia, una solución sostenible, moderna y eficiente. Los Berrocales es un nuevo barrio conectado y en plena expansión que se consolida como uno de los desarrollos urbanos con mayor proyección de Madrid. Con una ubicación estratégica, permite acceder al centro de la capital en apenas 15 minutos en coche, y se conecta fácilmente con barrios como El Cañaveral, Vallecas o Rivas, gracias a su proximidad con la M-50, A-3 y M-45. El entorno ofrece todos los servicios necesarios a pocos minutos: colegios, centros educativos, hospitales, centros comerciales y zonas verdes. Además, Los Berrocales y el Ensanche de Vallecas están unidos por dos nuevos puentes sobre la A-3, que facilitan la movilidad de vehículos, bicicletas y peatones. Con más de 8,3 millones de metros cuadrados de desarrollo urbanístico y una previsión de 22.285 viviendas, Los Berrocales supera en escala incluso a El Cañaveral y Madrid Nuevo Norte, consolidándose como un polo residencial clave en el crecimiento de la ciudad. Estás a tiempo de elegir la vivienda que mejor se adapta a tus necesidades y estilo de vida. Participa como Socio desde el inicio en este ilusionante proyecto cooperativo, porque es el momento de adquirir una vivienda en BERROCALES.",False,newdevelopment,True,True,3684.0,True,False,False,False,[],False,False,350000.0,€,True,True,flat,"Los Berrocales, Madrid","Piso en calle Provisional Berrocales Setenta y Nueve, 28",,False,,,
104499961,https://img4.idealista.com/blur/480_360_mq/0/id.pro.es.image.master/e2/8f/d8/1222589790.webp,OP-15040424,70,1,725000.0,flat,sale,86.0,True,3,2,Barrio Palacio,Madrid,Madrid,Centro,es,Palacio,40.4213041,-3.7104013,False,https://www.idealista.com/inmueble/104499961/,"CONSORCIO REAL ESTATE ÓPERA VENDE PISO ZONA ÓPERA / PALACIO. Se vende vivienda singular y única ubicada a 20 metros del Palacio Real con zona muy privada de jardín para los 12 vecinos en la comunidad. La vivienda cuenta con de 3 amplios dormitorios, 2 baños completos, cocina independiente equipada, calefacción eléctrica, bomba frío/calor y amplios ventanales en todas sus estancias de lado a lado de los dormitorios y salon. La vivienda se encuentra ubicada en la Plaza de la Encarnación Plaza de la Encarnación. La vivienda se encuentra ubicada en el conjunto histórico y mas concretamente en Monumento de Madrid. Las viviendas de la zona Palacio gozan del encanto de barrio histórico, que tras el paso de los años sigue conservando la esencia de la época de los Austrias. Dicha zona delimitada entre la calle Bailén, la calle Mayor, Teatro de la Ópera y la grandiosa Plaza de Oriente, estupenda zona para pasear al lado del Palacio Real, Jardines de Sabatini y Campo del Moro, hacen de un entorno privilegiado para vivir y disfrutar del tiempo libre aún estando en el centro de Madrid. A un paso encontramos la calle Arenal, que une la puerta del Sol con el Teatro Real, dónde nos podemos encontrar comercios, restaurantes, bancos …, y la fabulosa Gran Vía y Plaza de Callao con cines, los mejores teatros y más comercios. Está ubicado en un barrio tranquilo y a la vez rodeado de todas las comodidades de una gran ciudad.",True,good,False,True,8430.0,True,False,True,False,[],False,False,725000.0,€,,,flat,"Palacio, Madrid",Piso,,,,,
108750283,https://img4.idealista.com/blur/480_360_mq/0/id.pro.es.image.master/99/d1/bc/1354018758.webp,V24,15,4,405000.0,flat,sale,133.0,True,2,2,"calle Provisional Berrocales Setenta y Nueve, 28",Madrid,Madrid,Vicálvaro,es,Los Berrocales,40.3748966,-3.572592,True,https://www.idealista.com/obra-nueva/108750283/,"Collado de Sueños, S. Coop. Mad"", una exclusiva promoción en régimen de cooperativa que ofrece 26 viviendas libres de 1, 2 y 3 dormitorios, todas con terraza y distribuidas en dos portales. Ubicada en el centro de la Etapa III. El proyecto incluye espectaculares bajos con jardín y áticos con amplias terrazas, diseñados para ofrecer el máximo confort y calidad de vida. Todas las viviendas contarán con cocina amueblada, plaza de garaje, trastero y acabados de alta calidad, apostando por la eficiencia energética y el bienestar de sus residentes. La climatización se realiza mediante suelo radiante/refrescante por aerotermia, una solución sostenible, moderna y eficiente. Los Berrocales es un nuevo barrio conectado y en plena expansión que se consolida como uno de los desarrollos urbanos con mayor proyección de Madrid. Con una ubicación estratégica, permite acceder al centro de la capital en apenas 15 minutos en coche, y se conecta fácilmente con barrios como El Cañaveral, Vallecas o Rivas, gracias a su proximidad con la M-50, A-3 y M-45. El entorno ofrece todos los servicios necesarios a pocos minutos: colegios, centros educativos, hospitales, centros comerciales y zonas verdes. Además, Los Berrocales y el Ensanche de Vallecas están unidos por dos nuevos puentes sobre la A-3, que facilitan la movilidad de vehículos, bicicletas y peatones. Con más de 8,3 millones de metros cuadrados de desarrollo urbanístico y una previsión de 22.285 viviendas, Los Berrocales supera en escala incluso a El Cañaveral y Madrid Nuevo Norte, consolidándose como un polo residencial clave en el crecimiento de la ciudad. Estás a tiempo de elegir la vivienda que mejor se adapta a tus necesidades y estilo de vida. Participa como Socio desde el inicio en este ilusionante proyecto cooperativo, porque es el momento de adquirir una vivienda en BERROCALES.",False,newdevelopment,True,True,3045.0,True,False,False,False,[],False,False,405000.0,€,True,True,flat,"Los Berrocales, Madrid","Piso en calle Provisional Berrocales Setenta y Nueve, 28",,False,,,
106015063,https://img4.idealista.com/blur/480_360_mq/0/id.pro.es.image.master/16/79/6f/1269948759.webp,01105,65,,290000.0,chalet,sale,165.0,,5,2,Eurovillas,Madrid,Eurovillas,,es,,40.3617879,-3.2691228,False,https://www.idealista.com/inmueble/106015063/,"Se vende chalet con piscina en Eurovillas. Vivienda original construida en el año 1976 y posteriormente reformada.  Dispone de 165m² construidos, a la vivienda se accede por la cocina que también tiene salida a la parte trasera de la parcela donde se encuentra la piscina y la barbacoa. Cocina con espacio para mesa de comedor y completamente amueblada. El salón comedor tiene chimenea de leña, en total dispone de 5 dormitorios y dos baños con armarios empotrados. Uno de los dormitorios se encuentra en la planta alta de la vivienda.  Parcela de 963m², con piscina de obra, zona de barbacoa y almacén de 20m² aprox.  Tiene garaje para 1 vehículo.  Se encuentra para entrar a vivir, ubicada en una de las calles principales de la urbanización.  A 15 minutos andando al Centro Comercial.  NO COBRAMOS HONORARIOS AL COMPRADOR La Urbanización Eurovillas, ubicada entre los municipios de Nuevo Baztán y Villar del Olmo (al Sureste de la Comunidad de Madrid), es una de las zonas residenciales más grandes de Europa, con alrededor de 3 600–4 000 parcelas distribuidas en 600 hectáreas y casi 80 km de viales Eurovillas está dotada de todos los servicios necesarios sin salir de la urbanización: Centro Comercial La Plaza y otras áreas comerciales con supermercado Eroski y Carrefour Market, farmacia, clínica, óptica, banco, bares, restaurantes, veterinario, peluquerías, gestorías, etc.  Educación: Escuela Infantil “La casita de los niños”, Escuela infantil privada ""Pocholines"", Colegio Público Juan de Goyeneche y Colegio Concertado Internacional Eurovillas  Ocio y deportes: Casa de la juventud, Centro Cultural Valmores, pabellón, polideportivo, piscina, pistas de pádel, tenis, baloncesto, petanca, hockey, zonas verdes, parques infantiles  Servicios municipales: Consultorio médico Este anuncio no es vinculante y puede contener errores. Se muestra a título informativo y no es contractual.  En los precios de venta no están incluidos impuestos legales ni gastos de escrituración.",True,good,False,,1758.0,True,False,True,False,[],False,False,290000.0,€,True,True,chalet,Eurovillas,Casa independiente,independantHouse,,,,
108750262,https://img4.idealista.com/blur/480_360_mq/0/id.pro.es.image.master/9b/97/81/1354018299.webp,V17,15,2,435000.0,flat,sale,119.0,True,3,2,"calle Provisional Berrocales Setenta y Nueve, 28",Madrid,Madrid,Vicálvaro,es,Los Berrocales,40.3748966,-3.572592,True,https://www.idealista.com/obra-nueva/108750262/,"Collado de Sueños, S. Coop. Mad"", una exclusiva promoción en régimen de cooperativa que ofrece 26 viviendas libres de 1, 2 y 3 dormitorios, todas con terraza y distribuidas en dos portales. Ubicada en el centro de la Etapa III. El proyecto incluye espectaculares bajos con jardín y áticos con amplias terrazas, diseñados para ofrecer el máximo confort y calidad de vida. Todas las viviendas contarán con cocina amueblada, plaza de garaje, trastero y acabados de alta calidad, apostando por la eficiencia energética y el bienestar de sus residentes. La climatización se realiza mediante suelo radiante/refrescante por aerotermia, una solución sostenible, moderna y eficiente. Los Berrocales es un nuevo barrio conectado y en plena expansión que se consolida como uno de los desarrollos urbanos con mayor proyección de Madrid. Con una ubicación estratégica, permite acceder al centro de la capital en apenas 15 minutos en coche, y se conecta fácilmente con barrios como El Cañaveral, Vallecas o Rivas, gracias a su proximidad con la M-50, A-3 y M-45. El entorno ofrece todos los servicios necesarios a pocos minutos: colegios, centros educativos, hospitales, centros comerciales y zonas verdes. Además, Los Berrocales y el Ensanche de Vallecas están unidos por dos nuevos puentes sobre la A-3, que facilitan la movilidad de vehículos, bicicletas y peatones. Con más de 8,3 millones de metros cuadrados de desarrollo urbanístico y una previsión de 22.285 viviendas, Los Berrocales supera en escala incluso a El Cañaveral y Madrid Nuevo Norte, consolidándose como un polo residencial clave en el crecimiento de la ciudad. Estás a tiempo de elegir la vivienda que mejor se adapta a tus necesidades y estilo de vida. Participa como Socio desde el inicio en este ilusionante proyecto cooperativo, porque es el momento de adquirir una vivienda en BERROCALES.",False,newdevelopment,True,True,3655.0,True,False,False,False,[],False,False,435000.0,€,True,True,flat,"Los Berrocales, Madrid","Piso en calle Provisional Berrocales Setenta y Nueve, 28",,False,,,
108750317,https://img4.idealista.com/blur/480_360_mq/0/id.pro.es.image.master/bb/af/4b/1354018112.webp,V23,15,3,515000.0,flat,sale,161.0,True,3,2,"calle Provisional Berrocales Setenta y Nueve, 28",Madrid,Madrid,Vicálvaro,es,Los Berrocales,40.3748966,-3.572592,True,https://www.idealista.com/obra-nueva/108750317/,"Collado de Sueños, S. Coop. Mad"", una exclusiva promoción en régimen de cooperativa que ofrece 26 viviendas libres de 1, 2 y 3 dormitorios, todas con terraza y distribuidas en dos portales. Ubicada en el centro de la Etapa III. El proyecto incluye espectaculares bajos con jardín y áticos con amplias terrazas, diseñados para ofrecer el máximo confort y calidad de vida. Todas las viviendas contarán con cocina amueblada, plaza de garaje, trastero y acabados de alta calidad, apostando por la eficiencia energética y el bienestar de sus residentes. La climatización se realiza mediante suelo radiante/refrescante por aerotermia, una solución sostenible, moderna y eficiente. Los Berrocales es un nuevo barrio conectado y en plena expansión que se consolida como uno de los desarrollos urbanos con mayor proyección de Madrid. Con una ubicación estratégica, permite acceder al centro de la capital en apenas 15 minutos en coche, y se conecta fácilmente con barrios como El Cañaveral, Vallecas o Rivas, gracias a su proximidad con la M-50, A-3 y M-45. El entorno ofrece todos los servicios necesarios a pocos minutos: colegios, centros educativos, hospitales, centros comerciales y zonas verdes. Además, Los Berrocales y el Ensanche de Vallecas están unidos por dos nuevos puentes sobre la A-3, que facilitan la movilidad de vehículos, bicicletas y peatones. Con más de 8,3 millones de metros cuadrados de desarrollo urbanístico y una previsión de 22.285 viviendas, Los Berrocales supera en escala incluso a El Cañaveral y Madrid Nuevo Norte, consolidándose como un polo residencial clave en el crecimiento de la ciudad. Estás a tiempo de elegir la vivienda que mejor se adapta a tus necesidades y estilo de vida. Participa como Socio desde el inicio en este ilusionante proyecto cooperativo, porque es el momento de adquirir una vivienda en BERROCALES.",False,newdevelopment,True,True,3199.0,True,False,False,False,[],False,False,515000.0,€,True,True,flat,"Los Berrocales, Madrid","Piso en calle Provisional Berrocales Setenta y Nueve, 28",,False,,,
108686360,https://img4.idealista.com/blur/480_360_mq/0/id.pro.es.image.master/52/92/20/1353441559.webp,Tauro 116,6,,599000.0,chalet,sale,261.0,,3,3,"Calle Tauro, 120",Madrid,Móstoles,Sur,es,,40.3085724,-3.8501153,True,https://www.idealista.com/obra-nueva/108686360/,"Promoción de chalets individuales y pareados en el PAU Sur de Móstoles. Entrega prevista en el tercer trimestre de 2026. Obras ya iniciadas. Estas viviendas destacan por su alto confort, suelo refrigerado y calefactado mediante aerotermia, máxima eficiencia energética y excelentes calidades. Cuentan con parcelas de 250 m2 hasta 350 m2, tres dormitorios, dos baños y un aseo. La cocina se entrega amueblada e incluye horno, microondas y placa de inducción. El salón es amplio y muy luminoso. Disponen de un sótano con trastero, cuarto de instalaciones y zona de plancha. Incorporan ventanas de PVC bicolor con vidrios bajo emisivos, ladrillo klinker destonificado que requiere poco mantenimiento, suelos porcelánicos, preinstalación para la carga de coche eléctrico y terraza solárium. La ubicación es excelente, cerca del Parque Nelson Mandela y rodeada de zonas verdes, con colegios y todos los servicios cercanos. La promoción está desarrollada por una constructora con más de 50 años de experiencia, garantía de calidad y confianza. Se ofrecen facilidades de pago. Las imágenes publicadas son simulaciones orientativas que pueden sufrir modificaciones por motivos técnicos, comerciales o legales. También se incluyen algunas fotografías de nuestra última promoción en Móstoles, Villa Parque Liana, con calidades similares aunque diseño diferente. Solicite más información, planos y memoria de calidades sin compromiso.",False,newdevelopment,True,,2295.0,True,False,False,False,[],False,False,599000.0,€,True,True,chalet,"Sur, Móstoles","Chalet pareado en Calle Tauro, 120",semidetachedHouse,False,,,
108005506,https://img4.idealista.com/blur/480_360_mq/0/id.pro.es.image.master/fe/07/08/1335099194.webp,,57,1,1333000.0,flat,sale,205.0,True,5,3,calle del General Ampudia,Madrid,Madrid,Chamberí,es,Vallehermoso,40.4424351,-3.7162879,False,https://www.idealista.com/inmueble/108005506/,"“No cobramos honorarios al comprador” OPORTUNIDAD UNICA: ¡Tranquilidad, Comodidad, Amplitud, zona de reconocido prestigio y calidad de vida en pleno barrio de Chamberí! Es una comunidad de 13 familias y dos pisos por planta, vivir en tranquilidad no tiene precio. AMPLIA y LUMINOSA vivienda, totalmente EXTERIOR, con amplio BALCÓN y GARAJE con acceso directo. La propiedad cuenta con DOS ACCESOS INDEPENDIENTES: entrada principal y entrada de servicio.  Se distribuye: Hall de entrada que da paso tanto al salón principal con salida a la terraza o amplio balcón, como a la zona de cocina y servicio y a dos estancias independientes que hoy se usan como despacho y sala adicional. El salón-comedor es muy amplio y tiene un gran ventanal con salida a una agradable terraza. Además, desde el mismo salón se accede a una estancia que se comunica con otra, ambas con ventanas al exterior y que pueden destinarse tanto como sala de estar, despacho, habitación adicional u otros muchos usos. La cocina dispone de la zona de trabajo, office y conecta con un baño completo y habitación de servicio. La vivienda tiene 5 dormitorios y 3 baños completos. El dormitorio principal tiene baño en suit, vestidor y vistas a la calle. El resto de los dormitorios, con orientación Este, tiene vistas a un gran patio de manzana ajardinado lo que proporciona mucha privacidad y silencio. Todas las habitaciones tienen amplias ventanas que proporcionan mucha luz y ventilación.  Todas las estancias brindan gran versatilidad, perfectas para adaptarse a un estilo de vida familiar o profesional. Mucha facilidad para adaptar los espacios a las necesidades de su propietario. Una oportunidad única para quienes buscan amplitud, múltiples ambientes y una distribución que se ajusta a diferentes estilos de vida. Ubicada en una de las calles más tranquilas y residenciales de Chamberí, combina el encanto clásico del barrio con la comodidad de tenerlo todo a un paso: zonas verdes, colegios, hospitales, comercios y una excelente conexión con el resto de Madrid. Finca representativa, consta de siete plantas, para un total de 13 viviendas, conserje, cámaras para mayor control y seguridad. Esta propiedad destaca por su gran potencial de reforma y sus múltiples posibilidades de distribución, ya que NO CUENTA CON MUROS DE CARGA. Incluye una plaza de garaje cubierta en el mismo edificio y acceso a una zona ajardinada comunitaria, soleada y bien cuidada. Junto a colegios de prestigio, hospitales, comercios, zonas verdes y una excelente conexión con transporte público, y metro. La propiedad cuenta con una participación en locales comerciales con rentabilidad para los propietarios. Esta vivienda forma parte de una comunidad compuesta por seis portales que, en conjunto, poseen un porcentaje de participación en varios locales comerciales del edificio. Los ingresos generados por estos locales se reparten proporcionalmente entre todas las viviendas, lo que supone una reducción directa en la cuota mensual de los gastos de comunidad. Una ventaja económica muy valorada, ya que no solo disminuye los costes recurrentes, sino que también aporta un valor añadido a la propiedad. Este beneficio ya ha sido considerado en el precio de venta con una estimación aproximada incluida, haciendo de esta, una oportunidad especialmente atractiva para quienes buscan una inversión con retorno adicional.  ¡Ideal para familias o inversores!",True,renew,False,True,6502.0,True,False,True,False,[],False,False,1333000.0,€,True,True,flat,"Vallehermoso, Madrid",Piso en calle del General Ampudia,,,,,
108912257,https://img4.idealista.com/blur/480_360_mq/0/id.pro.es.image.master/c8/26/a0/1358723732.webp,3968,26,2,2300000.0,flat,sale,196.0,True,3,3,Barrio Lista,Madrid,Madrid,Barrio de Salamanca,es,Lista,40.4310951,-3.6750333,False,https://www.idealista.com/inmueble/108912257/,"Exclusiva propiedad exterior de 196 m², situada en una elegante finca clásica con portero físico y ascensor, en una de las zonas más codiciadas de Madrid. Distribución sofisticada y funcional: Luminoso salón-comedor exterior con grandes ventanales que inundan el espacio de luz natural Cocina de diseño, totalmente equipada con electrodomésticos de alta gama Tres dormitorios, todos con baño en suite, que garantizan privacidad y confort Aseo de cortesía adicional para mayor comodidad Balcones exteriores que amplían el espacio y conectan la vivienda con su entorno urbano Reforma integral de alta calidad: Cada detalle ha sido cuidadosamente seleccionado para ofrecer un equilibrio perfecto entre estética, funcionalidad y confort, con acabados de primer nivel. Ubicación inmejorable: Situada en el corazón del Barrio de Salamanca, una zona emblemática rodeada de servicios, exclusivas boutiques, restaurantes, zonas verdes y con excelente comunicación mediante transporte público. La gran mayoría de los inmuebles que tenemos en esta zona solo se encuentran en nuestra web. Visite nuestra página y descubra exclusivas viviendas. Fortuny Madrid Real Estate es una empresa con sólida experiencia formada por un grupo de consultores inmobiliarios especializados en la zona Prime de Madrid, creada con el objetivo de satisfacer las necesidades de los clientes más exigentes nacionales e internacionales. Somos un referente en el mercado español, ofreciendo un servicio completo con viviendas residenciales de alta calidad y una amplia gama de servicios inmobiliarios, cubriendo tanto el área privada como el área comercial para conseguir que personas físicas jurídicas, instituciones e inversores queden plenamente satisfechos con nuestros servicios.",False,good,False,True,11735.0,False,False,False,False,[],False,False,2300000.0,€,,,flat,"Lista, Madrid",Piso,,,,,
108750259,https://img4.idealista.com/blur/480_360_mq/0/id.pro.es.image.master/99/d1/bc/1354018758.webp,V13,15,1,355000.0,flat,sale,105.0,True,2,2,"calle Provisional Berrocales Setenta y Nueve, 28",Madrid,Madrid,Vicálvaro,es,Los Berrocales,40.3748966,-3.572592,True,https://www.idealista.com/obra-nueva/108750259/,"Collado de Sueños, S. Coop. Mad"", una exclusiva promoción en régimen de cooperativa que ofrece 26 viviendas libres de 1, 2 y 3 dormitorios, todas con terraza y distribuidas en dos portales. Ubicada en el centro de la Etapa III. El proyecto incluye espectaculares bajos con jardín y áticos con amplias terrazas, diseñados para ofrecer el máximo confort y calidad de vida. Todas las viviendas contarán con cocina amueblada, plaza de garaje, trastero y acabados de alta calidad, apostando por la eficiencia energética y el bienestar de sus residentes. La climatización se realiza mediante suelo radiante/refrescante por aerotermia, una solución sostenible, moderna y eficiente. Los Berrocales es un nuevo barrio conectado y en plena expansión que se consolida como uno de los desarrollos urbanos con mayor proyección de Madrid. Con una ubicación estratégica, permite acceder al centro de la capital en apenas 15 minutos en coche, y se conecta fácilmente con barrios como El Cañaveral, Vallecas o Rivas, gracias a su proximidad con la M-50, A-3 y M-45. El entorno ofrece todos los servicios necesarios a pocos minutos: colegios, centros educativos, hospitales, centros comerciales y zonas verdes. Además, Los Berrocales y el Ensanche de Vallecas están unidos por dos nuevos puentes sobre la A-3, que facilitan la movilidad de vehículos, bicicletas y peatones. Con más de 8,3 millones de metros cuadrados de desarrollo urbanístico y una previsión de 22.285 viviendas, Los Berrocales supera en escala incluso a El Cañaveral y Madrid Nuevo Norte, consolidándose como un polo residencial clave en el crecimiento de la ciudad. Estás a tiempo de elegir la vivienda que mejor se adapta a tus necesidades y estilo de vida. Participa como Socio desde el inicio en este ilusionante proyecto cooperativo, porque es el momento de adquirir una vivienda en BERROCALES.",False,newdevelopment,True,True,3381.0,True,False,False,False,[],False,False,355000.0,€,True,True,flat,"Los Berrocales, Madrid","Piso en calle Provisional Berrocales Setenta y Nueve, 28",,False,,,
108923535,https://img4.idealista.com/blur/480_360_mq/0/id.pro.es.image.master/ea/59/36/1359067452.webp,,26,4,213000.0,flat,sale,89.0,True,3,1,avenida de Abrantes,Madrid,Madrid,Carabanchel,es,Abrantes,40.3810361,-3.7286587,False,https://www.idealista.com/inmueble/108923535/,"Agencia inmobiliaria de MADRID zona ABRANTES - PAN BENDITO oficina Tecnocasa vende piso a escasos metros de Vía Lusitana y avenida de los poblados. Cabe destacar la tranquilidad, la consolidación, el buen ambiente que tiene el barrio y la comunicación de la zona a nivel de comercios y de los distintos medios de transporte que hay en la zona. El metro de Abrantes (línea 11) lo tenemos a 3 minutos y a solo unos pasos, de la línea de la EMT (118 - 47). Te presentamos este luminoso y acogedor piso de 3 dormitorios, situado en la principal Avenida de Abrantes. El inmueble se encuentra en perfecto estado de conservación, ofreciendo una excelente oportunidad para aquellos que buscan una propiedad en alquiler con estabilidad a largo plazo, ya que actualmente se encuentra alquilado hasta el año 2030. La vivienda se distribuye en un amplio salón, cocina independiente, tres cómodos dormitorios y un baño completo con ventana, lo que aporta ventilación natural. Todo el piso es exterior, lo que le proporciona una excelente iluminación y ventilación a lo largo del día, creando un ambiente agradable y confortable. La finca cuenta con ascensor, lo que proporciona una gran comodidad, especialmente en el acceso al inmueble. Además, dispone de videoportero para mayor seguridad y control del acceso. La ubicación es otro de los puntos fuertes de esta propiedad. Se encuentra en pleno corazón de la Avenida de Abrantes, rodeado de comercios, escuelas, ambulatorio y con fácil acceso a transporte público, especialmente con la estación de metro L-11 a tan solo unos minutos a pie. Una excelente oportunidad tanto para vivir como para invertir en una zona consolidada y con gran demanda. ¡No dudes en contactarnos para más información o para agendar una visita!",False,good,False,True,2393.0,False,False,False,False,[],False,False,213000.0,€,,,flat,"Abrantes, Madrid",Piso en avenida de Abrantes,,,,,
108750210,https://img4.idealista.com/blur/480_360_mq/0/id.pro.es.image.master/32/94/07/1354018298.webp,V04,15,1,350000.0,flat,sale,108.0,True,2,2,"calle Provisional Berrocales Setenta y Nueve, 28",Madrid,Madrid,Vicálvaro,es,Los Berrocales,40.3748966,-3.572592,True,https://www.idealista.com/obra-nueva/108750210/,"Collado de Sueños, S. Coop. Mad"", una exclusiva promoción en régimen de cooperativa que ofrece 26 viviendas libres de 1, 2 y 3 dormitorios, todas con terraza y distribuidas en dos portales. Ubicada en el centro de la Etapa III. El proyecto incluye espectaculares bajos con jardín y áticos con amplias terrazas, diseñados para ofrecer el máximo confort y calidad de vida. Todas las viviendas contarán con cocina amueblada, plaza de garaje, trastero y acabados de alta calidad, apostando por la eficiencia energética y el bienestar de sus residentes. La climatización se realiza mediante suelo radiante/refrescante por aerotermia, una solución sostenible, moderna y eficiente. Los Berrocales es un nuevo barrio conectado y en plena expansión que se consolida como uno de los desarrollos urbanos con mayor proyección de Madrid. Con una ubicación estratégica, permite acceder al centro de la capital en apenas 15 minutos en coche, y se conecta fácilmente con barrios como El Cañaveral, Vallecas o Rivas, gracias a su proximidad con la M-50, A-3 y M-45. El entorno ofrece todos los servicios necesarios a pocos minutos: colegios, centros educativos, hospitales, centros comerciales y zonas verdes. Además, Los Berrocales y el Ensanche de Vallecas están unidos por dos nuevos puentes sobre la A-3, que facilitan la movilidad de vehículos, bicicletas y peatones. Con más de 8,3 millones de metros cuadrados de desarrollo urbanístico y una previsión de 22.285 viviendas, Los Berrocales supera en escala incluso a El Cañaveral y Madrid Nuevo Norte, consolidándose como un polo residencial clave en el crecimiento de la ciudad. Estás a tiempo de elegir la vivienda que mejor se adapta a tus necesidades y estilo de vida. Participa como Socio desde el inicio en este ilusionante proyecto cooperativo, porque es el momento de adquirir una vivienda en BERROCALES.",False,newdevelopment,True,True,3241.0,True,False,False,False,[],False,False,350000.0,€,True,True,flat,"Los Berrocales, Madrid","Piso en calle Provisional Berrocales Setenta y Nueve, 28",,False,,,
108922329,https://img4.idealista.com/blur/480_360_mq/0/id.pro.es.image.master/ab/6a/34/1359021702.webp,,68,4,298000.0,flat,sale,116.0,True,3,2,CL GUETARIA,Madrid,Madrid,Usera,es,Orcasitas,40.3716625,-3.7153407,False,https://www.idealista.com/inmueble/108922329/,"¡Descubre esta magnífica vivienda en venta en Orcasitas!  Con una superficie de 116 m² construidos, este piso es ideal tanto para vivir como para invertir en una zona en pleno crecimiento. La propiedad cuenta con 3 amplios dormitorios, perfectos para disfrutar de un descanso reparador. Además, dispone de 2 baños completos que ofrecen comodidad y funcionalidad para toda la familia. La cocina, reformada hace solo 4 años, es moderna y funcional, convirtiéndose en el corazón del hogar. Las ventanas de Climalit aseguran un excelente aislamiento térmico y acústico, mientras que el aislamiento con forespán proporciona un mayor confort. El suelo de sintasol es resistente y fácil de mantener, lo que facilita la vida diaria. Este piso está adaptado para personas con movilidad reducida y se encuentra en una finca con ascensor, lo que añade un plus de comodidad. Disfruta de momentos al aire libre en la terraza o en el balcón, donde podrás relajarte después de un largo día. Además, cuenta con armarios empotrados que optimizan el espacio. Ubicado en la cuarta planta y con aire acondicionado y calefacción, este hogar ofrece todo lo necesario para una vida cómoda. No dejes pasar esta oportunidad única de vivir en un entorno tranquilo y bien comunicado. ¡Ven a visitarlo y enamórate de tu nuevo hogar!",False,renew,False,True,2569.0,False,False,False,False,[],False,False,298000.0,€,,,flat,"Orcasitas, Madrid",Piso en Cl Guetaria,,,,,
108750214,https://img4.idealista.com/blur/480_360_mq/0/id.pro.es.image.master/11/02/4b/1354018622.webp,V11,15,5,520000.0,penthouse,sale,172.0,True,3,2,"calle Provisional Berrocales Setenta y Nueve, 28",Madrid,Madrid,Vicálvaro,es,Los Berrocales,40.3748966,-3.572592,True,https://www.idealista.com/obra-nueva/108750214/,"Collado de Sueños, S. Coop. Mad"", una exclusiva promoción en régimen de cooperativa que ofrece 26 viviendas libres de 1, 2 y 3 dormitorios, todas con terraza y distribuidas en dos portales. Ubicada en el centro de la Etapa III. El proyecto incluye espectaculares bajos con jardín y áticos con amplias terrazas, diseñados para ofrecer el máximo confort y calidad de vida. Todas las viviendas contarán con cocina amueblada, plaza de garaje, trastero y acabados de alta calidad, apostando por la eficiencia energética y el bienestar de sus residentes. La climatización se realiza mediante suelo radiante/refrescante por aerotermia, una solución sostenible, moderna y eficiente. Los Berrocales es un nuevo barrio conectado y en plena expansión que se consolida como uno de los desarrollos urbanos con mayor proyección de Madrid. Con una ubicación estratégica, permite acceder al centro de la capital en apenas 15 minutos en coche, y se conecta fácilmente con barrios como El Cañaveral, Vallecas o Rivas, gracias a su proximidad con la M-50, A-3 y M-45. El entorno ofrece todos los servicios necesarios a pocos minutos: colegios, centros educativos, hospitales, centros comerciales y zonas verdes. Además, Los Berrocales y el Ensanche de Vallecas están unidos por dos nuevos puentes sobre la A-3, que facilitan la movilidad de vehículos, bicicletas y peatones. Con más de 8,3 millones de metros cuadrados de desarrollo urbanístico y una previsión de 22.285 viviendas, Los Berrocales supera en escala incluso a El Cañaveral y Madrid Nuevo Norte, consolidándose como un polo residencial clave en el crecimiento de la ciudad. Estás a tiempo de elegir la vivienda que mejor se adapta a tus necesidades y estilo de vida. Participa como Socio desde el inicio en este ilusionante proyecto cooperativo, porque es el momento de adquirir una vivienda en BERROCALES.",False,newdevelopment,True,True,3023.0,True,False,False,False,[],False,False,520000.0,€,True,True,flat,"Los Berrocales, Madrid","Ático en calle Provisional Berrocales Setenta y Nueve, 28",penthouse,False,,,
107934977,https://img4.idealista.com/blur/480_360_mq/0/id.pro.es.image.master/3f/6b/65/1329047953.webp,FHOG-3013,29,3,170500.0,flat,sale,59.0,True,3,1,calle del Puerto del Bruch,Madrid,Madrid,Villa de Vallecas,es,Casco Histórico de Vallecas,40.3823557,-3.6159586,False,https://www.idealista.com/inmueble/107934977/,"***Sin comisión de agencia*** Práctico piso a reformar en Madrid, ideal para familias.  El inmueble cuenta con una superficie de 59 m² construidos distribuidos en tres habitaciones, salón-comedor, cocina y un aseo.  En sus alrededores encontramos el Hospital Virgen de la Torre, la Escuela Infantil La Luna, supermercados, bancos, bibliotecas, farmacias, oficinas de correos, centros deportivos, la estación de metro Villa de Vallecas y la estación de tren Estación de tren Vallecas.  A 20 minutos andando encontramos varias paradas de autobús. El inmueble está situado a 23 minutos en coche del centro de Madrid. Cuenta con fácil acceso a Autovía del Este. Soluciones a su medida.",False,renew,False,False,2890.0,False,False,False,False,[],False,False,170500.0,€,,,flat,"Casco Histórico de Vallecas, Madrid",Piso en calle del Puerto del Bruch,,,,,
108924078,https://img4.idealista.com/blur/480_360_mq/0/id.pro.es.image.master/c1/dc/4c/1359090879.webp,,52,5,89000.0,flat,sale,59.0,True,3,1,calle de López Grass,Madrid,Madrid,Puente de Vallecas,es,Numancia,40.3959971,-3.6595835,False,https://www.idealista.com/inmueble/108924078/,"""MORADIA SERVICIOS INMOBILIARIOS VENDE EN NUDA PROPIEDA OPORTUNIDAD UNICA""  Les presentamos esta espectacular oportunidad de adquirir la NUDA PROPIEDAD de un piso exterior ubicado en el barrio de nueva numancia. El actual propietario tiene 54 años y seguirá manteniendo el usufructo vitalicio. La vivienda cuenta con una superficie catastral de 59m², distribuidos en: - 3 Habitaciones - Salón amplio - Cocina equipada - Baño con bañera Es una vivienda totalmente exterior, lo que refuerza su luminosidad y ventilación. Entre sus calidades, se destacan el suelo de parquet, las ventanas de aluminio, aire acondicionado en todas las estancias y la calefacción de acomuladores nocturnos. La finca fue construida en 1963 pero cuenta con la fachada completamente rehabilitada, lo que garantiza mayor eficiencia. Gastos de la vivienda que corresponden al usufructuario: IBI COMUNIDAD (Ordinaria) LOS SUMINISTROS (Luz, agua, gas si lo hubiuese) El comprador de la nuda propiedad: Derramas. Reparaciones mayores. La vivienda se ubica en Nueva Numancia a lado del Cerro Del tio pio, una zona residencial tranquila y con todo tipo de servicios al alcance. A 6 minutos a pies se encuentra el Centro de Salud de Numancia, lo que aporta una gran comodidad y seguridad en el día a día. A 8 minutos el metro de Nueva Numancia, También hay supermercados, farmacias, colegios, zonas deportivas y comercios locales en las inmediaciones. Una inversión segura en una zona consolidada y con alta demanda. Para más información o concertar una visita, no dudes en contactar.",False,good,False,True,1508.0,False,False,False,False,[],False,False,89000.0,€,,,flat,"Numancia, Madrid",Piso en calle de López Grass,,,,,
106087143,https://img4.idealista.com/blur/480_360_mq/0/id.pro.es.image.master/f7/bd/c4/1274025538.webp,AA00375,85,,1675000.0,chalet,sale,500.0,,5,6,Ciudalcampo,Madrid,Ciudalcampo,,es,,40.614062,-3.6136543,False,https://www.idealista.com/inmueble/106087143/,"AALTO PROPIEDADES EXCLUSIVAS Ref. AA00375 vende vivienda muy especial en Ciudalcampo, construida sobre una parcela muy privada y preciosa de 3.480 m2, piscina y cerca del campo de Golf del RACE. En esta casa la luz es la gran protagonista y es amplia, luminosa, su magia te envuelve, está muy bien orientada al sol. La vivienda mide 475m2, con 4 dormitorios y 5 baños. La construcción es sólida, con decoración actual, ecléctica, con toques retro y piezas vintage. Su distribución es muy cómoda: PLANTA de ENTRADA: Hall de entrada, gran salón con doble altura donde la luz entra por todos los ventanales, chimenea, comedor independiente, despacho, sala de TV con comedor de diario, todas estas estancias con salida directa al gran porche y jardín. Cocina con office, cuarto de servicio con baño y aseo de visitas. PRIMERA PLANTA: A través de un pequeño tramo de escaleras llegamos a la zona de los 4 dormitorios, todos con su baño en suite. La master suite, con gran baño con ducha y bañera y un gran vestidor, esta zona tiene la puerta de acceso acorazada.  PLANTA BAJA: Gran sala que puede ser: Playroom, sala de TV, Oficina, es un gran espacio polivalente, despensa, bodega y garaje interior para dos coches. Calefacción de gasoil por radiadores. DISPONIBLE. La vivienda está dentro de una urbanización, situada en el km. 28 de la N-I, con seguridad privada las 24 horas los 365 días del año y controlada con cámaras perimetrales de video-vigilancia. Dispone justo cruzando la A1 de una zona comercial que cuenta con todos los servicios: Supermercado, farmacia abierta todos los días, Iglesia, colegio público bilingüe, restaurantes, banco, gimnasio, oficina de correos, veterinario, peluquería, etc. Tiene el CLUB RACE en la misma urbanización con campo de Golf, hípica, piscinas, escuela de Tenis y Pádel, restaurante, zona de ocio para niños y adultos. Dentro de la urbanización está el Colegio privado bilingüe SEK y a 5 minutos en coche el Trinity College colegio concertado bilingüe, ambos colegios con oferta hasta el bachillerato. La urbanización dispone de un autobús que recorre la urbanización y con parada final en Plaza de Castilla y paradas intermedias en Alcobendas y San Sebastián de los Reyes en la parada de metro. A 10 min, encontramos el Hospital público de la Seguridad Social Infanta Sofía, con todas las especialidades. A 15 minutos en coche del Aeropuerto Internacional Adolfo Suarez.",True,good,False,,3350.0,True,False,True,False,[],False,False,1675000.0,€,True,True,chalet,Ciudalcampo,Casa independiente,independantHouse,,,,
106127054,https://img4.idealista.com/blur/480_360_mq/0/id.pro.es.image.master/d5/48/fb/1273344102.webp,,49,1,2000000.0,duplex,sale,370.0,True,3,4,calle de Cadarso,Madrid,Madrid,Moncloa,es,Argüelles,40.4232659,-3.7162133,False,https://www.idealista.com/inmueble/106127054/,"¡Descubre la vivienda LOFT de tus sueños en Plaza de España! Te presentamos una vivienda única de 370m² distribuidos en tres plantas, ubicada en una de las zonas más emblemáticas de la ciudad. Este impresionante LOFT cuenta con 3 habitaciones, 2 baños completos, dos aseos, y 2 terrazas, ideal para alguien que busca espacio, amplitud y comodidad.  La planta baja alberga un garaje, recibidor, despacho de 42m2, aseo y amplios armarios empotrados.  En la planta semisótano, encontrarás un salón comedor con cocina americana de 70m2, un espacio de relax con piscina climatizada y sauna, además de un aseo y ducha. La planta primera se destaca por su dormitorio principal con vestidor y baño en suite, con una superficie de 36m2, con acceso a una terraza privada de 7m2, un segundo dormitorio de 18m2 y otro baño completo. Ademas hay una terraza de 31m2 con toldos para dar una mayor intimidad. La ubicación es inmejorable, a pocos pasos de Gran Vía, Palacio Real y Templo de Debod, con rápido acceso a las principales vías de circulación.  Esta vivienda, totalmente reformada, y en excelente estado, cuenta con aerotermia, suelo radiante frio/calor. Además, incluye una plaza de garaje en el precio. No pierdas la oportunidad de vivir en una vivienda exclusiva con todas las comodidades: piscina, sauna y una ubicación privilegiada. ¡Contacta ahora para más información!.",False,good,False,False,5405.0,True,False,True,False,[],False,False,2000000.0,€,True,True,flat,"Argüelles, Madrid",Dúplex en calle de Cadarso,duplex,,,,
108750284,https://img4.idealista.com/blur/480_360_mq/0/id.pro.es.image.master/88/db/2a/1354018727.webp,V25,15,4,545000.0,flat,sale,169.0,True,3,2,"calle Provisional Berrocales Setenta y Nueve, 28",Madrid,Madrid,Vicálvaro,es,Los Berrocales,40.3748966,-3.572592,True,https://www.idealista.com/obra-nueva/108750284/,"Collado de Sueños, S. Coop. Mad"", una exclusiva promoción en régimen de cooperativa que ofrece 26 viviendas libres de 1, 2 y 3 dormitorios, todas con terraza y distribuidas en dos portales. Ubicada en el centro de la Etapa III. El proyecto incluye espectaculares bajos con jardín y áticos con amplias terrazas, diseñados para ofrecer el máximo confort y calidad de vida. Todas las viviendas contarán con cocina amueblada, plaza de garaje, trastero y acabados de alta calidad, apostando por la eficiencia energética y el bienestar de sus residentes. La climatización se realiza mediante suelo radiante/refrescante por aerotermia, una solución sostenible, moderna y eficiente. Los Berrocales es un nuevo barrio conectado y en plena expansión que se consolida como uno de los desarrollos urbanos con mayor proyección de Madrid. Con una ubicación estratégica, permite acceder al centro de la capital en apenas 15 minutos en coche, y se conecta fácilmente con barrios como El Cañaveral, Vallecas o Rivas, gracias a su proximidad con la M-50, A-3 y M-45. El entorno ofrece todos los servicios necesarios a pocos minutos: colegios, centros educativos, hospitales, centros comerciales y zonas verdes. Además, Los Berrocales y el Ensanche de Vallecas están unidos por dos nuevos puentes sobre la A-3, que facilitan la movilidad de vehículos, bicicletas y peatones. Con más de 8,3 millones de metros cuadrados de desarrollo urbanístico y una previsión de 22.285 viviendas, Los Berrocales supera en escala incluso a El Cañaveral y Madrid Nuevo Norte, consolidándose como un polo residencial clave en el crecimiento de la ciudad. Estás a tiempo de elegir la vivienda que mejor se adapta a tus necesidades y estilo de vida. Participa como Socio desde el inicio en este ilusionante proyecto cooperativo, porque es el momento de adquirir una vivienda en BERROCALES.",False,newdevelopment,True,True,3225.0,True,False,False,False,[],False,False,545000.0,€,True,True,flat,"Los Berrocales, Madrid","Piso en calle Provisional Berrocales Setenta y Nueve, 28",,False,,,
108750238,https://img4.idealista.com/blur/480_360_mq/0/id.pro.es.image.master/bb/af/4b/1354018112.webp,V10,15,4,370000.0,flat,sale,109.0,True,2,2,"calle Provisional Berrocales Setenta y Nueve, 28",Madrid,Madrid,Vicálvaro,es,Los Berrocales,40.3748966,-3.572592,True,https://www.idealista.com/obra-nueva/108750238/,"Collado de Sueños, S. Coop. Mad"", una exclusiva promoción en régimen de cooperativa que ofrece 26 viviendas libres de 1, 2 y 3 dormitorios, todas con terraza y distribuidas en dos portales. Ubicada en el centro de la Etapa III. El proyecto incluye espectaculares bajos con jardín y áticos con amplias terrazas, diseñados para ofrecer el máximo confort y calidad de vida. Todas las viviendas contarán con cocina amueblada, plaza de garaje, trastero y acabados de alta calidad, apostando por la eficiencia energética y el bienestar de sus residentes. La climatización se realiza mediante suelo radiante/refrescante por aerotermia, una solución sostenible, moderna y eficiente. Los Berrocales es un nuevo barrio conectado y en plena expansión que se consolida como uno de los desarrollos urbanos con mayor proyección de Madrid. Con una ubicación estratégica, permite acceder al centro de la capital en apenas 15 minutos en coche, y se conecta fácilmente con barrios como El Cañaveral, Vallecas o Rivas, gracias a su proximidad con la M-50, A-3 y M-45. El entorno ofrece todos los servicios necesarios a pocos minutos: colegios, centros educativos, hospitales, centros comerciales y zonas verdes. Además, Los Berrocales y el Ensanche de Vallecas están unidos por dos nuevos puentes sobre la A-3, que facilitan la movilidad de vehículos, bicicletas y peatones. Con más de 8,3 millones de metros cuadrados de desarrollo urbanístico y una previsión de 22.285 viviendas, Los Berrocales supera en escala incluso a El Cañaveral y Madrid Nuevo Norte, consolidándose como un polo residencial clave en el crecimiento de la ciudad. Estás a tiempo de elegir la vivienda que mejor se adapta a tus necesidades y estilo de vida. Participa como Socio desde el inicio en este ilusionante proyecto cooperativo, porque es el momento de adquirir una vivienda en BERROCALES.",False,newdevelopment,True,True,3394.0,True,False,False,False,[],False,False,370000.0,€,True,True,flat,"Los Berrocales, Madrid","Piso en calle Provisional Berrocales Setenta y Nueve, 28",,False,,,
108555270,https://img4.idealista.com/blur/480_360_mq/0/id.pro.es.image.master/c0/84/81/1348353116.webp,LHV1519-D,17,2,459000.0,flat,sale,50.0,True,1,1,calle Monasterio de Montesclaros,Madrid,Madrid,Fuencarral,es,Montecarmelo,40.5021378,-3.7009713,False,https://www.idealista.com/inmueble/108555270/,"Luminosa vivienda exterior que consta de un dormitorio, un baño, un salón comedor con ventana tipo mirador, cocina independiente amueblada y equipada. Dispone de suelos de tarima, pintura lisa, termo eléctrico, calefacción y aire acondicionado por conductos bomba frio/calor. El edificio cuenta con paneles solares que repercuten en ahorro de electricidad. Gastos de IBI: 306,84€/año Gastos de comunidad: 83,70€/mes 1 plaza de garaje y 1 trastero incluidos en el precio.  Urbanización con piscina, gimnasio, pista de pádel, salón comunitario, zonas verdes, parque infantil y seguridad 24 horas.  Zona con todo tipo de comercio, restaurantes, farmacias, supermercados, colegios.. . Bien comunicada con metro Montecarmelo (L10), metro y Renfe de Paco de Lucía (L9) y paradas de autobús 134, 170 y 178 muy cercana.",False,good,False,True,9180.0,False,False,True,False,[],False,False,459000.0,€,True,True,flat,"Montecarmelo, Madrid",Piso en calle Monasterio de Montesclaros,,,,,
108686272,https://img4.idealista.com/blur/480_360_mq/0/id.pro.es.image.master/bc/b4/67/1353431576.webp,Tauro 108,6,,619000.0,chalet,sale,243.0,,3,3,"calle Tauro, 120",Madrid,Móstoles,Sur,es,,40.3085724,-3.8501153,True,https://www.idealista.com/obra-nueva/108686272/,"Promoción de chalets individuales y pareados en el PAU Sur de Móstoles. Entrega prevista en el tercer trimestre de 2026. Obras ya iniciadas. Estas viviendas destacan por su alto confort, suelo refrigerado y calefactado mediante aerotermia, máxima eficiencia energética y excelentes calidades. Cuentan con parcelas de 250 m2 hasta 350 m2, tres dormitorios, dos baños y un aseo. La cocina se entrega amueblada e incluye horno, microondas y placa de inducción. El salón es amplio y muy luminoso. Disponen de un sótano con trastero, cuarto de instalaciones y zona de plancha. Incorporan ventanas de PVC bicolor con vidrios bajo emisivos, ladrillo klinker destonificado que requiere poco mantenimiento, suelos porcelánicos, preinstalación para la carga de coche eléctrico y terraza solárium. La ubicación es excelente, cerca del Parque Nelson Mandela y rodeada de zonas verdes, con colegios y todos los servicios cercanos. La promoción está desarrollada por una constructora con más de 50 años de experiencia, garantía de calidad y confianza. Se ofrecen facilidades de pago. Las imágenes publicadas son simulaciones orientativas que pueden sufrir modificaciones por motivos técnicos, comerciales o legales. También se incluyen algunas fotografías de nuestra última promoción en Móstoles, Villa Parque Liana, con calidades similares aunque diseño diferente. Solicite más información, planos y memoria de calidades sin compromiso.",False,newdevelopment,True,,2547.0,True,False,False,False,[],False,False,619000.0,€,True,True,chalet,"Sur, Móstoles","Casa independiente en calle Tauro, 120",independantHouse,False,,,
