propertyCode,thumbnail,externalReference,numPhotos,floor,price,propertyType,operation,size,exterior,rooms,bathrooms,address,province,municipality,district,country,neighborhood,latitude,longitude,showAddress,url,description,hasVideo,status,newDevelopment,hasLift,priceByArea,hasPlan,has3DTour,has360,hasStaging,notes,topNewDevelopment,topPlus,priceInfo.price.amount,priceInfo.price.currencySuffix,parkingSpace.hasParkingSpace,parkingSpace.isParkingSpaceIncludedInPrice,detailedType.typology,suggestedTexts.subtitle,suggestedTexts.title,detailedType.subTypology,newDevelopmentFinished,priceInfo.price.priceDropInfo.formerPrice,priceInfo.price.priceDropInfo.priceDropValue,priceInfo.price.priceDropInfo.priceDropPercentage,parkingSpace.parkingSpacePrice
105236114,https://img4.idealista.com/blur/480_360_mq/0/id.pro.es.image.master/52/5e/e7/1246261028.webp,CH-426627-JL,32,5,1950000.0,flat,sale,230.0,True,5,4,paseo de La Habana,Madrid,Madrid,Chamartín,es,El Viso,40.4519077,-3.686614,False,https://www.idealista.com/inmueble/105236114/,"ÚNICA Inmobiliaria Chamartín les ofrece esta exclusiva vivienda de lujo totalmente exterior en la calle Serrano. Se trata de una propiedad de diseño clásico y señorial con amplias estancias, techos altos y suelos de madera sobre rastreles, con superficie construida con elementos comunes de 230 m². Accedemos a través de un gran distribuidor, que da paso a las distintas zonas de la vivienda:  Por un lado gran salón con salida a la terraza, sala de estar, despacho/dormitorio y comedor en varios ambientes. La cocina con entrada independiente, cuarto de lavado, office y dormitorio de servicio con baño. En cuanto a la zona de descanso cuenta con tres dormitorios más, dos de ellos en suite, y otro baño adicional.  La ubicación es excelente, contando con todos los servicios, transportes, comercios y dotaciones a un paso. Hispanoamérica es un barrio del Distrito de Chamartín, situado en la zona noreste de Madrid. Ofrece una amplia gama de servicios, comercios, colegios, instalaciones deportivas, hoteles, restauración, hospitales y clínicas y un amplio sistema de transporte público; y alberga el Estadio Santiago Bernabéu, varias Embajadas, Administraciones Públicas y la sede de varias de las empresas más importantes de España. En Única Inmobiliaria aglutinamos más de veinte años de experiencia en el sector del lujo. Contamos con una amplia trayectoria que avala nuestra gestión trabajando alrededor de las zonas más exclusivas de Madrid: Barrio de Salamanca, Recoletos, Almagro, Chamartín, Retiro, Justicia….",False,good,False,True,8478.0,True,True,False,True,[],False,False,1950000.0,€,True,True,flat,"El Viso, Madrid",Piso en paseo de La Habana,,,,,,
106459458,https://img4.idealista.com/blur/480_360_mq/0/id.pro.es.image.master/3d/c1/93/1283523082.webp,M11516V,44,en,2700000.0,duplex,sale,220.0,True,2,2,calle de Montalbán,Madrid,Madrid,Retiro,es,Jerónimos,40.4192195,-3.6907614,False,https://www.idealista.com/inmueble/106459458/,"Este elegante dúplex de 220 m² ha sido diseñado con los más altos estándares de calidad para quienes buscan exclusividad y confort. Cada rincón de la vivienda ha sido cuidadosamente pensado para maximizar el espacio y la entrada de luz natural. En la primera planta, encontrará un salón comedor diáfano con dos ambientes diferenciados: una zona de salón y un espacio acogedor, ideal para lectura. Un gran ventanal exterior ilumina todo el ambiente, creando una atmósfera cálida y sofisticada, mientras que un aseo de invitados ofrece comodidad adicional. La cocina, de excelente tamaño, combina funcionalidad y diseño con acabados de primera calidad. Equipada con electrodomésticos de última generación, esta estancia cuenta con una amplia ventana que aporta luz y ventilación natural. Separada del comedor mediante una elegante puerta corredera, la cocina ofrece privacidad y armonía en su disposición. En la planta superior, dos dormitorios en suite con amplios armarios empotrados y baños completos aseguran un espacio íntimo y de gran confort. Ubicada en una finca clásica rehabilitada en 2020, esta propiedad se encuentra en una de las calles más exclusivas de Jerónimos, a pasos del parque El Retiro, Puerta de Alcalá y museos emblemáticos. La finca ofrece un amplio portal decorado con obras del reconocido artista Carlos Cruz Diez, seguridad 24/7 y servicios exclusivos como piscina, sauna, gimnasio y salón de juntas. Sus alrededores destacan por la oferta de restaurantes y excelentes conexiones de transporte público. Adquirir este dúplex es asegurar un estilo de vida único, en una de las zonas más prestigiosas de la ciudad. En Walter Haus, estamos comprometidos a ofrecerle propiedades que reflejen su estilo y aspiraciones. No dude en contactarnos para más información. Walter Haus Real Estate es un grupo inmobiliario con sede en las principales capitales de España, en las principales ubicaciones de Madrid, Barcelona y Costa Brava. Contamos con una experiencia de más de 20 años, con un dinámico equipo de profesionales con experiencia en el asesoramiento personal en constante formación y con una especialización muy concreta en cada zona de actuación lo que nos permite encontrar soluciones a las necesidades de cada cliente.",True,good,False,True,12273.0,True,True,False,False,[],False,False,2700000.0,€,True,True,flat,"Jerónimos, Madrid",Dúplex en calle de Montalbán,duplex,,,,,
107737915,https://img4.idealista.com/blur/480_360_mq/0/id.pro.es.image.master/fd/65/4f/1324123328.webp,HG207868,32,5,1375000.0,flat,sale,204.0,True,5,3,calle del Aviador Zorita,Madrid,Madrid,Tetuán,es,Cuatro Caminos,40.4504017,-3.697568,False,https://www.idealista.com/inmueble/107737915/,"Gilmar Consulting Inmobiliario Castellana-Orense vende espectacular vivienda exterior, en la Calle del Aviador Zorita, justo en zona Cuatro Caminos, situada en una quinta planta, exterior, con ascensor, con una superficie aproximada de 204 metros cuadrados, los cuales se distribuyen en hall de entrada, salón - comedor, cocina, office, dos terrazas, cinco dormitorios, tres cuartos de baño y plaza de garaje. La distribución de la casa es excelente, invita a disfrutar de cada una de sus estancias; Amplio y espacioso hall de entrada; Salón y comedor independiente bastante espacioso; Cinco dormitorios, destacando tres de ellos, muy amplios y espaciosos, con armarios empotrados, desde dos dormitorios, uno actualmente reconvertido a sala de estar, se puede acceder mediante ventanales a maravillosa y espaciosa terraza abierta; Dispone de otra terraza abierta mas reducida e interior con acceso desde uno de los otros dormitorios; Desde el office accedemos a un aseo y a la cocina independiente, espaciosa y con gran capacidad de almacenaje con acceso directo desde la entrada de servicio; Dos cuartos de baño, uno con plato de ducha y otro con bañera. Sin duda, una casa acogedora, confortable y alegre. Ideal para familias. Entre sus materiales destacamos: suelo de parquet; calefacción central y armarios empotrados muy espaciosos y con gran capacidad de almacenaje, en dormitorio principal y en uno de los dormitorios secundarios. Edificio con servicio de portería y doble ascensor. Plaza de garaje incluida en el precio, en parking justo en frente del edificio, plaza amplia e independiente en parking con fácil acceso mediante rampa y con muy buena maniobrabilidad. El barrio de Cuatro Caminos es conocido por su excelente ubicación y su amplia oferta de servicios. En sus alrededores se encuentran prestigiosos colegios, además hay numerosos restaurantes, locales comerciales y zonas de ocio para disfrutar en el tiempo libre. En cuanto a las comunicaciones, la zona cuenta con excelentes conexiones tanto hacia el exterior de Madrid por carretera como para la movilidad interna. La estación de metro más cercana es Santiago Bernabéu ( Línea 10 ), mientras que las líneas de cercanías más próximas son las de Nuevos Ministerios y Chamartín. Además, hay varias líneas de autobuses que tienen paradas casi en la puerta del edificio. En Gilmar trabajamos para ofrecer a nuestros clientes los mejores inmuebles desde hace 37 años. Cubrimos todas las necesidades inmobiliarias: viviendas, oficinas, locales comerciales, solares, fincas rústicas, terrenos para construir... Disponemos de más de 30 equipos especializados en distintas zonas al servicio de más de 90.000 Clientes nacionales e internacionales, que cuentan con asesoramiento necesario para garantizar su seguridad, eficacia jurídica y la mejor rentabilidad financiero-fiscal. Visita nuestra web y encontrarás 4.000 oportunidades más.",False,renew,False,True,6740.0,True,True,False,False,[],False,False,1375000.0,€,True,True,flat,"Cuatro Caminos, Madrid",Piso en calle del Aviador Zorita,,,,,,
105398262,https://img4.idealista.com/blur/480_360_mq/0/id.pro.es.image.master/6e/ab/f4/1303054997.webp,TIPO 1,45,,619000.0,chalet,sale,233.0,,3,3,Calle Maria Moliner s/n,Madrid,Móstoles,El Soto - Coveta,es,,40.3248033,-3.8809739,True,https://www.idealista.com/obra-nueva/105398262/,"ÚLTIMO CHALET ADOSADO con suelo refrigerado y calefactado por aerotermia, ventanas con vidrios bajo emisivos y sótano con cuarto lavadero y trastero. Fecha de entrega estimada segundo semestre de 2025. Obras en curso. Con facilidades de pago.   PROMOCIÓN SITUADA MUY CERCA DEL PARQUE FINCA LIANA.   La ubicación es excelente, en la Calle María Moliner y la Calle Benito Pérez Galdós, muy cerca del Parque, de Colegios, Supermercados y demás servicios. Cuentan con tres habitaciones, dos baños y un aseo, cocina amueblada con horno, microondas y placa de inducción, comunicada con el salón por puerta corredera y salón amplio y luminoso. La construcción es de calidad, con ladrillo clinker destonificado que requiere poco mantenimiento y suelo porcelánico. Las ventanas son de PVC color gris antracita por fuera y blancas por dentro. La constructora tiene gran experiencia, nacida en 1971, ha construido en la zona suroeste numerosas viviendas. Las infografías son simulaciones, puede haber cambios por motivos técnicos, comerciales o legales. También incluímos algunas fotos de nuestra última promoción en Arroyomolinos llamada Villa Europa III, las calidades son similares aunque el diseño del chalet es totalmente diferente. Consulte los planos comerciales y la memoria de calidades para tener una información más exacta de esta promoción.   PROMOCIÓN COMERCIALIZADA POR NOVOGAR Y PROMOVIDA POR HIJES.",False,newdevelopment,True,,2657.0,True,True,False,False,[],False,False,619000.0,€,True,True,chalet,"El Soto - Coveta, Móstoles",Chalet adosado en Calle Maria Moliner s/n,terracedHouse,False,,,,
103206081,https://img4.idealista.com/blur/480_360_mq/0/id.pro.es.image.master/8c/51/fb/1181807825.webp,M20530V,39,bj,1000000.0,flat,sale,82.0,True,1,1,calle Luis Garcia Cereceda,Madrid,Pozuelo de Alarcón,Zona Prado de Somosaguas - La Finca,es,La Finca,40.4050798,-3.7995066,False,https://www.idealista.com/inmueble/103206081/,"Descubra este espacioso piso dúplex de aproximadamente 82 metros cuadrados, bañados por el cálido sol del sur y realzados por generosos ventanales que inundan los amplios espacios con luz natural. Este hogar de alta gama se distingue por sus calidades excepcionales, incluyendo un sistema de domótica que eleva la experiencia residencial a un nivel superior. Desde la planta de entrada, se accede a un generoso salón comedor con cocina integrada, aseo de cortesía y cuarto de lavadora, creando un espacio funcional y estéticamente atractivo. La conexión con la naturaleza se logra a través del acceso directo desde el salón al jardín, proporcionando un oasis de serenidad. La planta superior alberga la zona de noche, con una amplia habitación y un cuarto de baño luminoso que refleja un diseño elegante. Las zonas comunes de la finca GARDEN ofrecen una experiencia única, con una amplia piscina, un moderno gimnasio y una luminosa sala de trabajo. La seguridad las 24 horas, respaldada por un circuito de cámaras, garantiza tranquilidad y protección. Esta exclusiva propiedad forma parte del prestigioso conjunto residencial LGC, que ofrece una amplia gama de comodidades, desde una zona de ocio hasta servicios de primera categoría. La Finca Grand Café, un espacio culinario premium y de compras, y la zona deportiva con el club La Finca Golf, amplían las posibilidades de entretenimiento y bienestar. Descubra el lujo y la exclusividad en cada rincón de esta residencia única. Walter Haus Real Estate es un grupo inmobiliario con sede en las principales capitales de España, en ubicaciones como Salamanca, Chamberí, Chamartín, Pozuelo de Alarcón, en Madrid, y en Barcelona. Contamos con una experiencia de más de 20 años, con un dinámico equipo de profesionales con experiencia en el asesoramiento personal en constante formación y con una especialización muy concreta en cada zona de actuación lo que nos permite encontrar soluciones a las necesidades de cada cliente.",False,good,False,True,12195.0,True,True,False,False,[],False,False,1000000.0,€,True,True,flat,"La Finca, Pozuelo de Alarcón",Piso en calle Luis Garcia Cereceda,,,,,,
108854366,https://img4.idealista.com/blur/480_360_mq/0/id.pro.es.image.master/2d/b6/14/1359069939.webp,,19,1,290000.0,flat,sale,71.0,True,3,1,Urbanizacion Residencial Jarama,Madrid,Paracuellos de Jarama,Residencial Jarama,es,,40.4977239,-3.5457643,False,https://www.idealista.com/inmueble/108854366/,"En venta piso de 71,30m² en urbanización Residencial Jarama (Paracuellos de Jarama) La vivienda se encuentra en una planta primera y se distribuye en hall de entrada, salón con acceso a una espaciosa terraza, amplia cocina amueblada (añadida terraza a cocina), 3 habitaciones (dos de ellas con armario empotrado) y un cuarto de baño reformado con plato de ducha. La vivienda además cuenta con trastero y plaza de garaje incluido en el precio de venta. El inmueble es exterior.  Ubicado en gran urbanización dotada con exteriores con amplias y zonas comunes: zonas verdes, pista de tenis, cancha de baloncesto, zona para barbacoas, parque infantil, gran piscina de adultos y piscina infantil rodeadas de árboles y césped natural. Además la urbanización está videovigilada y totalmente cerrada. Los accesos a las zonas comunes se controlan mediante aplicaciones móviles y carnets personalizados. Buena comunicación con parada de diversas líneas de autobús en la puerta de la urbanización: 212, 211, 256, 214, 210, 5 minutos en coche del pueblo de Paracuellos de Jarama, del metro de Barajas (línea 8) y del aeropuerto, Todos los servicios con supermercados, colegios, centro de salud, áreas de ocio, etc a sólo 1,5 km. En los precios de venta no están incluidos impuestos legales ni gastos de escrituración.",True,good,False,False,4085.0,True,False,True,False,[],False,False,290000.0,€,True,True,flat,"Residencial Jarama, Paracuellos de Jarama",Piso en Urbanizacion Residencial Jarama,,,,,,
107829603,https://img4.idealista.com/blur/480_360_mq/0/id.pro.es.image.master/44/39/4b/1325584434.webp,LASO294,32,1,275000.0,penthouse,sale,218.0,True,6,3,"calle Laso, 1",Madrid,Navalcarnero,Centro,es,,40.291189,-4.0138315,True,https://www.idealista.com/inmueble/107829603/,"Hogares Navalcarnero te ofrece en exclusiva este impresionante ático dúplex, una joya en el centro de Navalcarnero, donde el espacio y la comodidad se combinan a la perfección. Con una distribución excepcional y un diseño moderno, esta vivienda es ideal para quienes buscan amplitud y calidad de vida en un entorno inmejorable. La propiedad cuenta con un total de 6 habitaciones, pensadas para ofrecer el máximo confort y privacidad a todos los miembros de la familia. En la planta baja encontrarás 2 habitaciones, de las cuales una de ellas es la espaciosa habitación principal, contamos con un baño completo, cocina completamente equipada y un salón luminoso que se convierte en el corazón del hogar, ideal para relajarse o recibir a tus seres queridos. En la planta superior, se encuentran 4 habitaciones abuhardilladas y 2 baños completos, lo que permite una gran flexibilidad para adaptarse a las necesidades de tu familia. 218 metros según catastro. Esta vivienda asegura que todos puedan disfrutar de un espacio propio, cómodo y funcional. Con detalles pensados en la comodidad diaria, cada rincón de este ático ha sido diseñado para ofrecerte la mejor experiencia de vida. Uno de los grandes atractivos de esta propiedad es su ubicación céntrica y privilegiada. Situado en pleno corazón de Navalcarnero, podrás disfrutar de la comodidad de vivir cerca de todos los servicios que necesitas en tu día a día. Colegios, supermercados, tiendas, restaurantes y centros de salud están a tan solo unos pasos, lo que te permite acceder a todo lo esencial sin perder tiempo. Además, la vivienda se encuentra perfectamente comunicada con las principales líneas de autobuses, lo que facilita tus desplazamientos a otras zonas de la ciudad y alrededores. Este ático dúplex no solo te ofrece un hogar de grandes dimensiones, sino también una excelente inversión para el futuro. Su distribución inteligente convierte esta propiedad en una opción única en el mercado. Si estás buscando una vivienda espaciosa, bien ubicada y llena de posibilidades, no dudes en venir a conocerla. ¡No dejes escapar la oportunidad de vivir en una de las zonas más cotizadas de Navalcarnero! ¡Financiación 100% disponible! Si estás buscando un hogar con todas las comodidades y una ubicación excepcional, esta es tu oportunidad. ¡Contacta con nosotros y ven a visitarlo! No dejes escapar este exclusivo ático, ¡puede ser el hogar de tus sueños!",False,good,False,False,1261.0,True,True,False,True,[],False,False,275000.0,€,,,flat,"Centro, Navalcarnero","Ático en calle Laso, 1",penthouse,,,,,
108632251,https://img4.idealista.com/blur/480_360_mq/0/id.pro.es.image.master/b3/09/09/1353052221.webp,,30,bj,550000.0,flat,sale,84.0,True,4,2,Barrio Malasaña-Universidad,Madrid,Madrid,Centro,es,Malasaña-Universidad,40.4277279,-3.7064013,False,https://www.idealista.com/inmueble/108632251/,"Encantador piso reformado en Malasaña, ideal para alquiler vacacional. Este piso de 84 m² ubicado en el emblemático barrio de Malasaña, en el distrito Centro de Madrid, es una oportunidad única para quienes buscan invertir en una propiedad con una ubicación privilegiada. Con 4 dormitorios y 2 baños, esta vivienda reformada y exterior destaca por su luminosidad y distribución eficiente. Su sistema de calefacción eléctrica y el buen estado de conservación lo convierten en una opción cómoda y lista para entrar a vivir o destinar a alquiler vacacional.  Malasaña es uno de los barrios más vibrantes y deseados de Madrid, conocido por su ambiente bohemio, su oferta cultural y su rica historia. Aquí se combinan calles llenas de cafés, restaurantes, tiendas de diseño y pequeños negocios tradicionales. Pasear por sus calles es descubrir el corazón auténtico de la capital. Además, su céntrica localización permite acceder fácilmente a otros puntos destacados de la ciudad.  Conexiones y servicios cercanos: La ubicación de este piso es inmejorable en términos de transporte público:  -Metro más cercano: San Bernardo y Tribunal (líneas 1 y 10), a menos de 500 metros.  -Cercanías: La estación de Sol (líneas C3 y C4) se encuentra a aproximadamente 1,5 kilómetros, conectando rápidamente con los alrededores de Madrid.  - Autobuses: Varias líneas de autobús como la 147 y 3 tienen paradas cercanas, facilitando el desplazamiento por toda la ciudad.  **Perfecto para inversión**  Gracias a su ubicación estratégica y su reforma, este piso es ideal para alquiler vacacional, garantizando una alta rentabilidad en una de las zonas más demandadas de Madrid.  Desde 1983, en GILMAR nos hemos dedicado a cumplir los sueños de nuestros clientes, ayudándoles a encontrar la vivienda perfecta. Con más de 40 años de experiencia, somos líderes en el sector inmobiliario, ofreciendo un servicio personalizado, profesional y de calidad.  Para más información sobre esta propiedad, no dudes en ponerte en contacto con nuestro equipo de la oficina de Chamberí-Argüelles. Llámanos al ** **, escríbenos a **** o visítanos en **C/ Carranza, 20**. Facilítanos la referencia 211508 y estaremos encantados de ayudarte.",False,good,False,True,6548.0,True,True,False,False,[],False,False,550000.0,€,,,flat,"Malasaña-Universidad, Madrid",Piso,,,,,,
108842280,https://img4.idealista.com/blur/480_360_mq/0/id.pro.es.image.master/4e/da/4c/1358233108.webp,,50,,1350000.0,chalet,sale,534.0,,5,4,paseo del Perú,Madrid,Ciudalcampo,,es,,40.6203127,-3.6208355,False,https://www.idealista.com/inmueble/108842280/,"Gilmar Norte, presenta esta propiedad única en el corazón de Ciudalcampo, una de las urbanizaciones más exclusivas del norte de Madrid. Este espectacular chalet independiente construido sobre una parcela de 2.700 m² aprox., representa la perfecta fusión entre confort y privacidad, en un entorno natural privilegiado y con excelentes conexiones con la capital. El cuidado jardín de 1.500 m² con una orientación perfecta, alberga una singular construcción con zona de ocio, zona de cocina con barbacoa, vestuarios con ducha, todo ello junto a la magnífica piscina privada, ideal para disfrutar del sol y la tranquilidad en cualquier época del año, convierte este espacio en el lugar perfecto para celebraciones al aire libre. La vivienda se organiza en tres cómodos niveles, diseñados para ofrecer la máxima funcionalidad y amplitud, con un salón con acceso independiente, dormitorio de servicio, dos trasteros, cuarto de lavado, bodega y sala de Caldera. Un elegante porche da paso al hall principal, que conecta con un amplio salón en dos ambientes, comedor, cocina y un dormitorio con baño en suite, ideal como suite principal o para invitados. Dispone de dos dormitorios dobles con baño compartido y una amplia suite principal con baño privado y salida a terraza. Originalmente compuesta por dos habitaciones, esta suite permite volver a distribuir el espacio según tus necesidades. La urbanización de Ciudalcampo está considerada como una de las mejores zonas residenciales de Madrid, situada junto al Parque Regional de la Cuenca Alta del Manzanares, en los municipios de San Sebastián de los Reyes y Colmenar Viejo, en un entorno privilegiado, con impresionantes vistas a la sierra norte de Madrid. Dispone de excepcionales dotaciones y servicios dentro de la propia urbanización: Colegio internacional, Club deportivo RACE (Golf, Pádel, Tenis, Piscina, Gimnasio, Hípica, Fútbol), Servicio regular de autobuses a Madrid e interno dentro de la propia urbanización, Oficina de correos y Centro Comercial Santo Domingo. Sin olvidarnos de los 6,5 Km de circuito físico para la práctica de deporte al aire libre y 41km de viales con tráfico limitado a la propia urbanización, ideales para los amantes de paseos en plena naturaleza. Cuenta, además, con un sistema de cámaras y vallado perimetral con servicio de seguridad 24 horas, patrullas de vigilancia y control de barrera a la entrada. Además, la comunicación es inmejorable, en las proximidades de esta lujosa urbanización situada en la autovía A-1, en el kilómetro 28 sentido Burgos, se encuentra el Aeropuerto de Madrid (Adolfo Suarez) y a tan sólo 15 minutos del centro. Cuenta con los mejores y más amplios servicios con un Centro Comercial que cuenta con consultorio médico (Público y privado), oficina de Correos, bancos, farmacia, diversa restauración, veterinario, gimnasio, etc… además de Club Social con campo de entrenamiento de golf, piscina, escuela de tenis, zona de ocio para niños y adultos, etc...  Dispone también de colegios públicos (CEIPS) y privados e internacionales (SEK, Trinity College...), residencia para la tercera edad e iglesia, y a escasos minutos del Hospital Público Infanta Sofía. Desde 1983, GILMAR se ha dedicado a ayudar a sus clientes a encontrar la casa de sus sueños, ofreciendo un servicio personalizado y profesional que garantiza la satisfacción en cada proceso de compra, venta o alquiler. Con una amplia experiencia en el sector inmobiliario, GILMAR es sinónimo de confianza y excelencia. Para más información sobre este magnífico chalet, no dude en ponerse en contacto con nuestro equipo en la oficina de Santo Domingo. Puede visitarnos en el Centro Comercial Santo Domingo, Local 11, Avenida de Guadalix, 37, 28120 Santo Domingo (Madrid), llamar al o escribirnos al correo. Para agilizar tu consulta, por favor, facilite la referencia 209317.",False,good,False,,2528.0,False,True,False,False,[],False,False,1350000.0,€,True,True,chalet,Ciudalcampo,Casa independiente en paseo del Perú,independantHouse,,1390000.0,40000.0,3.0,
100769979,https://img4.idealista.com/blur/480_360_mq/0/id.pro.es.image.master/f3/3e/c9/1098884081.webp,V233Q6,31,3,1050000.0,flat,sale,188.0,True,3,3,"avenida del Papa Negro, 120",Madrid,Madrid,Hortaleza,es,Conde Orgaz-Piovera,40.4576245,-3.6242228,True,https://www.idealista.com/inmueble/100769979/,"QUALITÉ Agence Immobilière Française présente LES PLUS BELLES MAISONS DE MADRID.  CARGADO DE ILUSIÓN en el Parque Conde de Orgaz. Amplio y bien distribuido. Luminoso y cargado de gran energía. Cercano a zonas comerciales y a colegios dentro del Parque Conde de Orgaz.  DISTRIBUCIÓN DE LA VIVIENDA. Hall de entrada (7,17 m2), aseo de cortesía, salón-comedor (27 m2), cocina/office (12 m2) completamente equipada, despensa y zona de lavandería. Dormitorio principal (20 m2) en suite con dos vestidores. Dos dormitorios (13,94 m2 - 14,63 m2) con dos baños.  ELEMENTOS EXCLUSIVOS. Calefacción de gas natural. Aire acondicionado. Piscina interior y exterior. Jardín. Gimnasio. Sauna. squash. Seguridad 24h. Conserje. 2 plazas de garaje. Ascensor. Trastero. PROXIMIDADES. Arturo Soria Plaza 2,9 km. Hipercor Campo de las Naciones 800 m. Gimnasio Holmes Place 1,2 km. Hospital Nuestra Señora de América 2,9 km. Clínica Universitaria de Navarra en Madrid 1,6 km. Colegio San Jose del Parque 2 Km. Liceo Francés de Madrid 2 km.  Farmacia 30 m. QUALITÉ AGENCE IMMOBILIÈRE FRANÇAISE selecciona las mejores viviendas del Parque Conde de Orgaz, Arturo Soria Prime y exclusivas zonas de Madrid, ofreciéndole la mejor calidad de servicio. Vender, comprar o alquilar un hogar son momentos importantes de nuestra vida, por eso ofrecemos la máxima seriedad y profesionalidad a nuestros clientes.  PINCHE EN NUESTRO LOGO PARA VER MÁS VIVIENDAS. VENTA 1.050. 000. -€ REF. V233Q6 Piso Parque Conde de Orgaz 3 dormitorios 3 baños 188 m2 construidos Año construcción 2003 Planta 3ª Orientación sur.",False,good,False,True,5585.0,True,True,False,False,[],False,False,1050000.0,€,True,True,flat,"Conde Orgaz-Piovera, Madrid","Piso en avenida del Papa Negro, 120",,,,,,
102516774,https://img4.idealista.com/blur/480_360_mq/0/id.pro.es.image.master/23/ea/ba/1158224530.webp,PIS2733,24,1,1580000.0,flat,sale,185.0,True,3,3,calle del Duque de Sesto,Madrid,Madrid,Barrio de Salamanca,es,Goya,40.4231225,-3.6743374,False,https://www.idealista.com/inmueble/102516774/,"Fortuny Real Estate presenta en venta estupendo inmueble de 185 m2 de superficie, ubicado en la 1era planta exterior de edificio señorial construido en 1945, con acabados de lujo y dos terrazas. Se trata de una vivienda a estrenar, completamente reformada con calidades de primera, cuenta con amplio salón con acceso a una estupenda terraza de vistas a una tranquila calle muy conocida del barrio de Goya, uno de los puntos más destacados, una extensión que aporta un toque de aire fresco y un espacio ideal para relajarse y disfrutar del entorno. La cocina está semi-integrada al salón con posibilidad de aislarse, con acceso a un área de servicio muy práctica y al lavadero, ofreciendo funcionalidad y comodidad. Estupendo comedor que comunica con el salón. Terraza interior que da al patio, está equipada con espacio para lavandería y estanterías. La zona de descanso cuenta con tres magníficos dormitorios, todos con baño en suite, proporcionando privacidad y comodidad para todos los miembros del hogar. Dos de los dormitorios dobles, y un elegante aseo de cortesía. En resumen, este piso es una oportunidad única para aquellos que buscan la combinación perfecta entre espacio, ubicación y comodidad. A solo unos pasos del emblemático Parque del Retiro, el famoso Wizink Center y la estación de metro de Goya. La gran mayoría de los inmuebles que tenemos en esta zona solo se encuentran en nuestra web. Visite nuestra página y descubra exclusivas viviendas. Fortuny Madrid Real Estate es una empresa joven y emprendedora, formada por un grupo de consultores inmobiliarios especializados en la zona Prime de Madrid, creada con el objetivo de satisfacer las necesidades de los clientes más exigentes.",False,good,False,True,8541.0,True,True,False,False,[],False,False,1580000.0,€,,,flat,"Goya, Madrid",Piso en calle del Duque de Sesto,,,,,,
103462161,https://img4.idealista.com/blur/480_360_mq/0/id.pro.es.image.master/4b/92/91/1190283229.webp,PIS2936,25,1,1490000.0,flat,sale,120.0,False,3,2,calle de Castelló,Madrid,Madrid,Barrio de Salamanca,es,Recoletos,40.4262324,-3.6814431,False,https://www.idealista.com/inmueble/103462161/,"Ubicado en el prestigioso barrio de Recoletos, este piso de 120 m² fusiona la elegancia con la modernidad. Disfruta de la exclusividad de vivir en una zona emblemática, rodeada de servicios de alta calidad, restaurantes selectos y boutiques de renombre, junto al Parque del Retiro. Este hogar en el corazón de Recoletos te ofrece no solo comodidad y lujo, sino también la experiencia única de pertenecer a uno de los lugares más distinguidos de la ciudad. Esta exclusiva vivienda presenta acabados de lujo y un diseño excepcional. Con 3 habitaciones, la principal destaca por su baño en suite, ofreciendo privacidad y elegancia. El salón comedor, integrado con una cocina americana, se distingue por sus electrodomésticos de alta gama, creando un espacio moderno y funcional, Adicionalmente, la vivienda cuenta con una práctica habitación de lavandería. Cada detalle de esta residencia refleja un compromiso con la calidad y el estilo, ofreciendo un entorno sofisticado y confortable para disfrutar de la vida diaria. Cuenta con trastero y espacio para bicicletas. Portero físico. La gran mayoría de los inmuebles que tenemos en esta zona solo se encuentran en nuestra web. Visite nuestra página y descubra exclusivas viviendas. Fortuny Madrid Real Estate es una empresa con sólida experiencia formada por un grupo de consultores inmobiliarios especializados en la zona Prime de Madrid, creada con el objetivo de satisfacer las necesidades de los clientes más exigentes nacionales e internacionales. Somos un referente en el mercado español, ofreciendo un servicio completo con viviendas residenciales de alta calidad y una amplia gama de servicios inmobiliarios, cubriendo tanto el área privada como el área comercial para conseguir que personas físicas jurídicas, instituciones e inversores queden plenamente satisfechos con nuestros servicios.",False,good,False,True,12417.0,True,True,False,False,[],False,False,1490000.0,€,True,False,flat,"Recoletos, Madrid",Piso en calle de Castelló,,,,,,60000.0
107695777,https://img4.idealista.com/blur/480_360_mq/0/id.pro.es.image.master/8f/78/4a/1320065382.webp,CM-426379,32,3,2095000.0,flat,sale,144.0,True,3,3,Barrio Chueca-Justicia,Madrid,Madrid,Centro,es,Chueca-Justicia,40.4270589,-3.6966502,False,https://www.idealista.com/inmueble/107695777/,"ÚNICA INMOBILIARIA presenta este impresionante piso totalmente reformado con materiales de primera calidad en el prestigioso barrio de Justicia junto a la zona noble de la plaza de Santa Bárbara. Está ubicado en una tercera planta exterior con balcón a la calle y orientación oeste por lo que el piso dispone de muy buena luz natural, especialmente en las horas de la tarde. Se trata de 145 metros cuadrados de superficie que se distribuyen en 3 habitaciones dobles con 3 baños, dos de ellos en suite, zona de salón comedor desde la que se accede al balcón y cocina independiente. Dispone de aire acondicionado y calefacción individual por gas natural. Con respecto a la finca, de fachada clásica y principios de siglo XX, dispone de ascensor, la ITE favorable y portero físico, además de trastero en finca. Perfectamente comunicado por distintas líneas de metro y autobús. En el barrio de Justicia conviven el elegante bulevar de la Gran Vía y sus edificios neoclásicos y boutiques de lujo con las originales tiendas de la calle Hortaleza, los locales nocturnos de Fuencarral, y los bistrós de moda y bares de tapas en los alrededores de la plaza Santa Bárbara. Vecinos de todas las edades se reúnen en el Mercado de San Antón, en el barrio de moda del centro de la capital. En Única Inmobiliaria aglutinamos más de veinte años de experiencia en el sector del lujo. Contamos con una amplia trayectoria que avala nuestra gestión trabajando alrededor de las zonas más exclusivas de Madrid: Barrio de Salamanca, Recoletos, Almagro, Chamartín, Retiro, Justicia….",False,good,False,True,14549.0,True,True,False,False,[],False,False,2095000.0,€,,,flat,"Chueca-Justicia, Madrid",Piso,,,,,,
106840319,https://img4.idealista.com/blur/480_360_mq/0/id.pro.es.image.master/8f/96/a2/1295536650.webp,ch-426401,32,2,1690000.0,flat,sale,262.0,True,5,3,Barrio Bernabéu-Hispanoamérica,Madrid,Madrid,Chamartín,es,Bernabéu-Hispanoamérica,40.4530588,-3.6886335,False,https://www.idealista.com/inmueble/106840319/,"ÚNICA Inmobiliaria les invita a conocer una extraordinaria vivienda en un emplazamiento estratégico del barrio de Bernabéu-Hispanoamérica, a pocos metros del Paseo de la Castellana nos encontramos con este piso de esquina con magnífico estado de conservación, pero que admite gracias a su estructura infinitas posibilidades de redistribución.  Hablamos de una superficie construida de 262m2 construidos, cuya distribución se articula a través de un espacioso recibidor, que nos da la bienvenida a ésta casa tan especial.  A continuación, una zona social de auténtico privilegio que consta de salón y comedor dividido en tres ambientes con grandes ventanales e incluso una pequeña terraza. Por otro lado la zona de la cocina totalmente independiente con entrada de servicio, zona de lavandería, office, dormitorio y cuarto de baño.  En lo referido a la zona de descanso, dispone de 4 amplios dormitorios y dos cuartos de baño más. Cuenta entre otras cosas con carpinterías exteriores con doble acristalamiento, carpinterías interiores lacadas, suelos de tarima maciza sobre rastreles, techos altos, paredes pintadas en liso y detalles que hacen de ella una gran oportunidad.  En el precio se incluye un trastero en la propia finca y dos plazas de garaje en P. A. R. situado a pocos metros del edificio.  El inmueble se sitúa en contexto de excepción, con todos los comercios, transportes, colegios y demás dotaciones a un paso. Destacando la cercanía del corazón financiero, del Estadio Santiago Bernabéu y alguno de los mejores colegios del barrio de Chamartín. Hispanoamérica es un barrio del Distrito de Chamartín, situado en la zona noreste de Madrid. Sus límites son al norte la avenida de Alberto Alcocer y la avenida de Costa Rica, al sur con la avenida de Concha Espina, al oeste el paseo de la Castellana y al este con la avenida de la Paz (M-30). Ofrece una amplia gama de servicios, comercios, colegios, instalaciones deportivas, hoteles, restauración, hospitales y clínicas y un amplio sistema de transporte público; y alberga el Estadio Santiago Bernabéu, varias Embajadas, Administraciones Públicas y la sede de varias de las empresas más importantes de España. En Única Inmobiliaria aglutinamos más de veinte años de experiencia en el sector del lujo. Contamos con una amplia trayectoria que avala nuestra gestión trabajando alrededor de las zonas más exclusivas de Madrid: Barrio de Salamanca, Recoletos, Almagro, Chamartín, Retiro, Justicia….",False,good,False,True,6450.0,True,True,False,False,[],False,False,1690000.0,€,,,flat,"Bernabéu-Hispanoamérica, Madrid",Piso,,,,,,
105932827,https://img4.idealista.com/blur/480_360_mq/0/id.pro.es.image.master/5a/50/ae/1300006677.webp,311864,25,1,4500000.0,flat,sale,468.0,True,5,4,Barrio Almagro,Madrid,Madrid,Chamberí,es,Almagro,40.4329925,-3.6922747,False,https://www.idealista.com/inmueble/105932827/,"Luz, muchos metros y una ubicación inmejorable en la cotizada zona de Almagro son los signos distintivos de esta magnífica propiedad. Se trata de 468 metros construidos que ocupan la planta completa del edificio y que están distribuidos en dos zonas bien diferenciadas. Las zonas comunes que ocupan unos 150 metros son elegantes y generosas en espacios acogedores, con paredes enmaderadas o tapizadas. A ellas se accede desde el hall de entrada y una sala intermedia de bienvenida que funciona a modo de distribuidor entre los dos salones, uno presidido por una espléndida boiserie, el otro por una chimenea, y, por supuesto, la señorial sala de comedor. La sensación de amplitud es única y se amplía aún más por las vistas despejadas que proporciona la terraza cubierta que abarca toda la fachada y que aporta a los salones tanta luminosidad. En este espacio exterior se distingue una zona de estar y otra de comedor, muy agradable y oculta a ojos ajenos por los árboles. De vuelta al hall, hacia el lado opuesto, comienza la zona privada que cuenta con un gran dormitorio principal, con baño en suite y vestidor, dos dormitorios grandes que comparten un baño completo y una tercera zona de descanso en la que encontramos una gran sala polivalente, actualmente utilizada como despacho, y un cuarto dormitorio con baño en suite. La zona privada se completa con la cocina práctica y muy luminosa que cuenta con una terraza auxiliar, habitación de despensa y la zona de servicio con un dormitorio y su baño. La propiedad se completa con un trastero y una plaza de garaje.",True,renew,False,True,9615.0,True,True,False,False,[],False,False,4500000.0,€,,,flat,"Almagro, Madrid",Piso,,,,,,
107867224,https://img4.idealista.com/blur/480_360_mq/0/id.pro.es.image.master/18/02/96/1326869608.webp,PINAR229,32,bj,229000.0,flat,sale,74.0,True,1,1,"calle del Pino Carrasco, 2",Madrid,Navalcarnero,La Dehesa - El Pinar,es,,40.299866,-3.9772975,True,https://www.idealista.com/inmueble/107867224/,"HOGARES NAVALCARNERO tiene el placer de presentar, en exclusiva, un impresionante BAJO REFORMADO CON UNA TERRAZA DE 45M2, pero con altura de primero.  Esta vivienda se encuentra dentro de una urbanización que ofrece todo lo necesario para disfrutar de una vida cómoda y tranquila. Entre sus atractivos, cuenta con piscina comunitaria, sala comunitaria, áreas infantiles, pista de pádel, zonas ajardinadas, conserjería y seguridad nocturna. Ubicado en El Pinar, una de las zonas más modernas y valoradas de Navalcarnero, este inmueble es ideal para quienes buscan el equilibrio perfecto entre naturaleza y servicios. Su excelente ubicación permite un acceso rápido a comercios, paradas de autobús y todo tipo de facilidades. El piso destaca por su comodidad y funcionalidad. Dispone de una cocina de estilo americano, práctica y bien distribuida, y un salón-comedor amplio, equipado con aire acondicionado y grandes ventanales que inundan el espacio con luz natural. El dormitorio principal es espacioso y cuenta con armarios empotrados de gran capacidad. Desde aquí, se accede a una acogedora zona de estar, que ha sido cerrada con grandes ventanales y ofrece vistas a la propia terraza. El baño completo está equipado con un moderno plato de ducha. En el precio incluye 2 plazas de garaje y trastero. Uno de los mayores atractivos de esta vivienda es su espectacular terraza privativa de aproximadamente 45 m², que incluye una pérgola, proporcionando un espacio perfecto para el ocio y la relajación. Detalles destacados: Aire acondicionado en el salón-comedor, ideal para mantener el confort en cualquier época del año. Pintura lisa en todas las paredes, aportando un acabado moderno y elegante. Reformas que han optimizado la distribución, como la integración de la terraza original al salón mediante ventanales de alta calidad. Impresionantes vistas a la sierra de Madrid. ¡Financiación al 100%! Contacta con nosotros para más información y agenda tu visita.",False,good,False,True,3095.0,True,True,False,False,[],False,False,229000.0,€,True,True,flat,"La Dehesa - El Pinar, Navalcarnero","Piso en calle del Pino Carrasco, 2",,,,,,
106674592,https://img4.idealista.com/blur/480_360_mq/0/id.pro.es.image.master/23/7e/c6/1338763118.webp,W-02X9GP,68,,1750000.0,chalet,sale,498.0,,9,5,Barrio Salvador,Madrid,Madrid,San Blas,es,Salvador,40.44763,-3.6336219,False,https://www.idealista.com/inmueble/106674592/,"Chalet en Quinta de los Molinos Engel & Völkers les presenta una exclusiva propiedad con grandes posibilidades, y con una buena repercusión del precio/metro cuadrado. Los más de cuatrocientos metros cuadrados se distribuyen en cuatro plantas, incluido el sótano desde el que se accede al garaje con tres plazas. En esta planta también está el cuarto de calderas, Zona de spa, Sauna y piscina techada ideal para relajarse, zona de almacenaje baño/vestidor y una habitación con ventana, pese a ubicarse en planta sótano. En la planta principal está el vestíbulo de entrada a la vivienda, cocina con isla tipo americana, el aseo de invitados y el salón-comedor. Desde el salón se accede a la terraza y jardín privado con zona de Barbacoa. Además, cuenta con chimenea. En la primera planta está la zona de descanso de la vivienda. Hay cuatro dormitorios y dos baños, uno de ellos en suite. Por último, en la planta ática, una habitación con amplio vestidor para invitados con baño y terraza. La vivienda dispone de calefacción individual por gas natural y aire acondicionado por conductos y Split en la última planta. Ademas de pisicina comunitaria y vistas despejadas ya que se encuentra en esquina. El Salvador es uno de los barrios residenciales que componen el distrito de San Blas, al este de Madrid, muy cerca de Arturo Soria. En este entorno privilegiado, dentro del área de La Quinta de los Molinos, se encuentra esta vivienda adosada que tenemos el placer de presentar. La zona cuenta con varias embajadas y algunos de los mejores centros educativos nacionales e internacionales (Lycée Français, Numont, San José del Parque, International School of Madrid, la escuela de negocios ESIC, etc.). El barrio cuenta con un equipamiento completo, con una importante zona empresarial en crecimiento al lado de la Avenida de América. La zona de El Salvador ofrece centros comerciales con las más prestigiosas marcas, centros deportivos, parques y excelentes restaurantes, garantizando una amplia oferta de servicios y de ocio de alta calidad, todo ello a escasos minutos del centro de Madrid. El Salvador está perfectamente comunicado, al encontrarse cerca de las principales vías de circunvalación de Madrid (M30 y M40) y del aeropuerto (a través de la M11 y A2), además de contar con excelentes conexiones a la red de transporte público (líneas de metro y de autobús). Esta casa adosada está justo enfrente del parque Quinta de los Molinos, rodeada de numerosas zonas verdes y se encuentra muy cerca de la Clínica Universidad de Navarra y de la sede del Banco Santander.",False,good,False,,3514.0,True,True,True,False,[],False,False,1750000.0,€,True,True,chalet,"Salvador, Madrid",Chalet pareado,semidetachedHouse,,,,,
107334046,https://img4.idealista.com/blur/480_360_mq/0/id.pro.es.image.master/e8/cc/69/1309887076.webp,PINAR2H,22,1,205900.0,flat,sale,94.0,True,2,1,"calle del Pino Silvestre, 9",Madrid,Navalcarnero,La Dehesa - El Pinar,es,,40.3010413,-3.9765428,True,https://www.idealista.com/inmueble/107334046/,"HOGARES NAVALCARNERO VENDE EN EXCLUSIVA ¡Oportunidad única en una de las mejores zonas de Navalcarnero, El Pinar! Este magnífico piso reformado cuenta con dos habitaciones y un baño completo equipado con bañera. La distribución está diseñada para ofrecer comodidad y funcionalidad en cada espacio. La cocina abierta, totalmente equipada con horno, vitrocerámica y campana extractora, se integra perfectamente con el salón, creando un ambiente amplio y acogedor.  El salón destaca por su gran ventanal, que proporciona abundante luz natural. Además, el piso incluye una plaza de garaje y un trastero, ofreciendo soluciones prácticas para almacenamiento y estacionamiento. En cuanto a las instalaciones, aire acondicionado por conductos, garantizando confort durante todo el año. Como valor añadido, el piso ha sido reformado con mejoras importantes, como el cambio de carpinterías y la instalación de suelos de tarima, aportando un toque moderno y elegante. La vivienda se encuentra en una maravillosa urbanización que ofrece excelentes zonas comunes, como piscina, jardín y un parque infantil, ideales para disfrutar del tiempo libre en familia.",False,good,False,True,2190.0,True,True,False,False,[],False,False,205900.0,€,True,True,flat,"La Dehesa - El Pinar, Navalcarnero","Piso en calle del Pino Silvestre, 9",,,,,,
108147581,https://img4.idealista.com/blur/480_360_mq/0/id.pro.es.image.master/f7/dd/29/1335277306.webp,,32,bj,369000.0,flat,sale,125.0,True,3,2,"calle del Labrador, 2",Madrid,Navalcarnero,La Dehesa - El Pinar,es,,40.2970844,-3.9880439,True,https://www.idealista.com/inmueble/108147581/,"HOGARES NAVALCARNERO VENDE; Exclusiva vivienda en el mejor barrio de Navalcarnero; EL PINAR. Rodeado de instalaciones deportivas para los más pequeños y mayores. Cerca de todos los servicios y muy bien comunicado con la nacional A5. VIVIENDA COMPLETAMENTE REFORMADA. Al acceder a la vivienda nos damos cuenta de la luz natural que predomina, gracias a sus ventanales y orientación. El hall de entrada nos da paso al salón comedor y cocina desde la que se puede acceder a un patio trasero de unos 9 metros. El salón de buen tamaño tiene acceso a una gran terraza de unos 40 metros, también nos da paso a un pasillo en el que se distribuyen tres habitaciones y dos baños completos. En la habitación suite tenemos uno de los baños completos, todas las habitaciones tienen orientación exterior a la terraza. La vivienda cuenta con aerotermia, carpintería en blanco, suelo cerámico, toda la vivienda fue reformada al completo. También contamos con trastero y dos plazas de garaje. FIANCIACIÓN 100%.",False,good,False,True,2952.0,True,True,False,False,[],False,False,369000.0,€,True,True,flat,"La Dehesa - El Pinar, Navalcarnero","Piso en calle del Labrador, 2",,,,,,
108003175,https://img4.idealista.com/blur/480_360_mq/0/id.pro.es.image.master/bc/82/d1/1334039860.webp,LO-209001,31,5,680000.0,flat,sale,109.0,True,3,2,Barrio Las Tablas,Madrid,Madrid,Fuencarral,es,Las Tablas,40.5074578,-3.6756031,False,https://www.idealista.com/inmueble/108003175/,"Gilmar Moraleja Consulting te invita a descubrir tu nuevo hogar en Las Tablas, Madrid! Este espectacular piso de 109 m² construidos ofrece un ambiente acogedor y moderno, ideal para disfrutar de la vida en una de las zonas más cotizadas de la capital. Al entrar, te recibe un hall que da paso a un bonito salón, perfecto para relajarte o recibir visitas. La cocina independiente está equipada y lista para que prepares tus platos favoritos. El piso cuenta con tres dormitorios, incluyendo un dormitorio principal con baño en suite para mayor comodidad. Los dos dormitorios secundarios comparten un baño, ideal para familias o para tener un espacio extra para invitados. Además, disfrutarás de armarios empotrados que maximizan el espacio de almacenamiento. La urbanización es un verdadero oasis, con amplias zonas ajardinadas, piscina, gimnasio y pista de pádel. También hay una sala social donde podrás compartir momentos inolvidables con amigos y familiares. La seguridad está garantizada con conserjería 24 horas.  Incluye una plaza de garaje y un trastero, lo que añade un valor extra a esta propiedad. Este piso es perfecto para vivir cómodamente durante todo el año. No dejes pasar esta oportunidad única de adquirir un hogar en una ubicación privilegiada. ¡Ven a visitarlo y enamórate!",False,good,False,True,6239.0,False,True,False,False,[],False,False,680000.0,€,,,flat,"Las Tablas, Madrid",Piso,,,,,,
96377777,https://img4.idealista.com/blur/480_360_mq/0/id.pro.es.image.master/71/35/81/947335979.webp,CE169363,43,,499000.0,chalet,sale,968.0,,11,8,calle del tranco,Madrid,Manzanares el Real,,es,,40.7412163,-3.8758996,False,https://www.idealista.com/inmueble/96377777/,"Gilmar vende chalet independiente de magnífica construcción (muros de piedra sillería) en entorno envidiable frente a Río Manzanares en pleno Parque Nacional de la Sierra del Guadarrama con parcela de 856 metros.  Antiguamente era un hostal-restaurante, mantiene la licencia de actividad por si se quiere montar algún negocio, si se quiere usar como vivienda habría que cambiar el uso. DISTRIBUCIÓN: PLANTA BAJA: Porche cubierto, recepción, baños Sras. y Sres. , Salón-Comedor, barra bar, cocina y despacho. PLANTA PRINCIPAL: Salón-Comedor con terraza cubierta acristalada, 9 habitaciones y 4 baños.  SÓTANO: Bodega y aseo. COLINDANTE AL EDIFICIO PRINCIPAL: 2 pisos independientes con baño, dormitorio y salón-cocina cada uno. Si está interesado en esta vivienda no dude en ponerse en contacto con nosotros, le atenderemos con mucho gusto, le explicaremos detalladamente toda la información que necesite y si lo desea podrá visitarlo sin compromiso. ¡NOSOTROS NO COBRAMOS HONORARIOS AL COMPRADOR! ¡Y CONSEGUIMOS EL MÁXIMO DE FINANCIACIÓN CON LAS MEJORES CONDICIONES SIN COSTE PARA EL COMPRADOR! SI QUIERE VENDER SU CASA… LLÁMENOS.  En GILMAR trabajamos para ofrecer a nuestros clientes los mejores inmuebles, con equipos especializados en cada zona para proporcionarles la mejor opción a su necesidad, con todas las excelencias y cuidando al máximo los detalles. En más de 35 años de andadura, Gilmar ha logrado alcanzar un espacio de privilegio dentro del Sector Inmobiliario de alto standing. Cubrimos todas las necesidades inmobiliarias: viviendas, oficinas, locales comerciales, solares, fincas rústicas, terrenos para construir. Nuestros clientes cuentan con el asesoramiento necesario desde el inicio, para garantizar su seguridad, eficacia jurídica y la mejor rentabilidad financiero-fiscal. Estupenda oportunidad, para conseguir su vivienda a la medida de sus sueños. Casas en Torrelodones, casas en Villalba, casas en Alpedrete, casas en Moralzarzal, casas en Becerril, casas en Navacerrada, casas en Guadarrama, casas en Los Molinos, casas en El Escorial, casas en Cercedilla, casas en Galapagar, casas en la Sierra, comprar vivienda, comprar piso, comprar casa, comprar chalet, compra ático.",False,renew,False,,515.0,True,True,False,False,[],False,False,499000.0,€,,,chalet,Manzanares el Real,Casa independiente en calle del tranco,independantHouse,,,,,
107048747,https://img4.idealista.com/blur/480_360_mq/0/id.pro.es.image.master/d8/70/ae/1301426461.webp,3497,40,6,1363950.0,flat,sale,130.0,False,2,2,Barrio Goya,Madrid,Madrid,Barrio de Salamanca,es,Goya,40.4296908,-3.6780123,False,https://www.idealista.com/inmueble/107048747/,"Este encantador piso interior se sitúa en la sexta planta de un elegante edificio con ascensor en el codiciado barrio de Salamanca-Lista. Actualmente en obras, la propiedad ofrece una excelente oportunidad para personalizarla según tus necesidades y gustos. La vivienda cuenta con dos amplias habitaciones y dos baños completos, además de un aseo adicional para mayor comodidad. La cocina está completamente equipada y amueblada, lista para su uso desde el primer día. Además, se incluye un práctico cuarto de lavado. El piso está dotado de aire acondicionado, asegurando una temperatura agradable durante todo el año. Aunque no dispone de calefacción, su eficiente diseño interior garantiza un ambiente confortable. Ubicado en una de las zonas más exclusivas de Madrid, estarás rodeado de una amplia variedad de tiendas, restaurantes de alta cocina y todos los servicios necesarios para una vida cómoda y sofisticada. Esta es tu oportunidad de vivir en una de las áreas más prestigiosas de la capital.  La gran mayoría de los inmuebles que tenemos en esta zona solo se encuentran en nuestra web. Visite nuestra página y descubra exclusivas viviendas. Fortuny Madrid Real Estate es una empresa con sólida experiencia formada por un grupo de consultores inmobiliarios especializados en la zona Prime de Madrid, creada con el objetivo de satisfacer las necesidades de los clientes más exigentes nacionales e internacionales. Somos un referente en el mercado español, ofreciendo un servicio completo con viviendas residenciales de alta calidad y una amplia gama de servicios inmobiliarios, cubriendo tanto el área privada como el área comercial para conseguir que personas físicas jurídicas, instituciones e inversores queden plenamente satisfechos con nuestros servicios.",False,good,False,True,10492.0,True,True,False,False,[],False,False,1363950.0,€,,,flat,"Goya, Madrid",Piso,,,,,,
104631472,https://img4.idealista.com/blur/480_360_mq/0/id.pro.es.image.master/93/fe/a9/1226994058.webp,67294,41,2,3200000.0,flat,sale,260.0,True,4,5,calle de Serrano,Madrid,Madrid,Barrio de Salamanca,es,Castellana,40.4366584,-3.6854239,False,https://www.idealista.com/inmueble/104631472/,"Álvora Capital Properties, consultora inmobiliaria de alta calidad en la gestión, les ofrece en el prestigioso Barrio de Salamanca, en una de sus calles más emblemáticas, famosas y exclusivas, la calle Serrano en la zona de Castellana, presenta esta magnífica vivienda de 260 metros cuadrados exterior en una segunda planta con techo de más de 3 metros de altura y con 4 ventanas a la calle, lo que hace de esta vivienda un piso único y con mucha luz natural en todas sus estancias.  Se enclava en un edificio de principios de siglo XX con bonita fachada de piedra con los elementos como balaustradas, cornisas y demás ornamentos arquitectónicos que dotan a la finca de un estilo clásico y singular. La vivienda se encuentra en un magnífico estado de conservación, apto para disfrutar de una confortable estancia. Consta de una excelente distribución con amplio hall de entrada con acceso al espacioso salón comedor, que se orienta a la calle por tres grandes balcones de suelo a techo, proporcionando una gran luminosidad. A través del pasillo se accede al aseo de cortesía, el dormitorio principal, de generosas dimensiones, en suite con numerosos armarios empotrados y orientado también a la calle por un bonito mirador. Además de dos dormitorios de familia, ambos con baño incorporado y cocina en isla con zona de servicio completa con dormitorio, baño y acceso de servicio con puerta independiente.  Esta magnífica propiedad cuenta con la concesión de dos plazas de garaje de residentes en Serrano Park, con un cuarto trastero, servicio de portería, aire acondicionado frio-calor por circuito con salidas en cada estancia, calefacción, suelos de tarima de madera noble, todas las persianas están motorizadas y toda la vivienda se encuentra perfectamente insonorizada y aislada térmicamente, también destaca la gran altura de techos de más de tres metros en los que se han conservado las preciosas molduras originales. El barrio de Salamanca es una de las zonas residenciales y comerciales más apreciadas de Madrid, y con mayor nivel de vida de toda Europa. El barrio toma su nombre de José de Salamanca y Mayol, el Marqués de Salamanca, que promovió y dirigió su construcción a mediados del siglo XIX, llevada a cabo durante el reinado de Isabel II. Se forjó para las clases aristocráticas y burguesas, con grandes avenidas en distribución regular en forma de damero con calles perpendiculares, en torno a las que se articulan tiendas y comercios de lujo, y grandiosos palacetes, en uno de los cuales vivió el escritor sevillano Gustavo Adolfo Bécquer. En la actualidad, hablamos de una zona dinámica y segura, de grandes aceras, con una interesante vida, gracias a que es el epicentro de las tiendas lujo de la capital, conocida también por la “Milla de Oro”, donde tienen su sede las firmas más prestigiosas del mundo. También concentra un elevado número de Embajadas en edificios decimonónicos con gran valor arquitectónico. Y encontramos los establecimientos de hostelería más cosmopolitas de la capital, como el famoso “Platea Madrid” que es el centro de ocio gastronómico más grande de Europa. La cercanía al Parque del Retiro, le proporciona la etiqueta, de ser unos de los mejores barrios para vivir de Madrid. Álvora Capital Properties con más de 20 años de experiencia cuenta con un grupo de profesionales altamente cualificados con una amplia vocación de servicio, dedicados a asesorar a nuestros clientes en la gestión de inmuebles situados en las mejores zonas de Madrid. Visite nuestra web corporativa contamos con un gran porcentaje de inmuebles no publicados en los portales inmobiliarios.",False,good,False,True,12308.0,True,True,False,False,[],False,False,3200000.0,€,True,True,flat,"Castellana, Madrid",Piso en calle de Serrano,,,,,,
100891650,https://img4.idealista.com/blur/480_360_mq/0/id.pro.es.image.master/3c/3c/55/1102407274.webp,PIS2469,27,3,1280000.0,flat,sale,115.0,False,3,2,Barrio Recoletos,Madrid,Madrid,Barrio de Salamanca,es,Recoletos,40.4244633,-3.6793984,False,https://www.idealista.com/inmueble/100891650/,"Fortuny Real Estate ofrece este maravilloso inmueble reformado y amueblado ubicado en el corazón del Barrio de Recoletos junto al parque del Retiro. Se trata de una vivienda distribuida en un amplio salón comedor con cocina americana totalmente equipada con electrodomésticos de alta gama, consta de tres habitaciones, la principal con cuarto de baño en suite y numerosos armarios empotrados. Los otros dos dormitorios comparten un cuarto de baño completo. Destaca por su excelente ubicación, luminosidad y tranquilidad, orientada a un patio de manzana muy amplio y luminoso. Excelente reforma con mobiliario incluido. La vivienda posee todo lo necesario para sentirse cómodo en todo momento: calefacción individual por radiadores, aire acondicionado, iluminación indirecta por LED y ventanas con aislamiento térmico y acústico. Portero físico. Posibilidad de adquirir una plaza de garaje enfrente de la finca. El barrio Salamanca se trata de una de las zonas más lujosas y con mejor calidad de vida de Europa. Gracias a la amplia oferta gastronómica, cultural y comercial, se trata de una formidable zona donde vivir e invertir. La gran mayoría de los inmuebles que tenemos en esta zona solo se encuentran en nuestra web. Visite nuestra página y descubra exclusivas viviendas. Fortuny Madrid Real Estate es una empresa joven y emprendedora, formada por un grupo de consultores inmobiliarios especializados en la zona Prime de Madrid, creada con el objetivo de satisfacer las necesidades de los clientes más exigentes.",False,good,False,True,11130.0,True,True,False,False,[],False,False,1280000.0,€,True,False,flat,"Recoletos, Madrid",Piso,,,,,,80000.0
105246025,https://img4.idealista.com/blur/480_360_mq/0/id.pro.es.image.master/b5/91/93/1246360256.webp,3208,86,5,2600000.0,flat,sale,214.0,True,4,4,Barrio Almagro,Madrid,Madrid,Chamberí,es,Almagro,40.4344367,-3.6988589,False,https://www.idealista.com/inmueble/105246025/,"Extraordinario piso de más de 200m2, elegancia clásica combinada con las comodidades modernas, ofreciendo un refugio de refinamiento en una de las ubicaciones más codiciadas de la ciudad y uno de los barrios más exclusivos de Madrid. Ubicado en la quinta planta de un edificio clásico madrileño en Almagro, les presentamos este piso de esquina, con vistas panorámicas desde sus 6 balcones, sino que también le sumerge en la historia y la tradición arquitectónica de Madrid. En su interior, encontrará un diseño exclusivo y meticulosamente planificado para obtener una verdadera joya arquitectónica. Cuatro dormitorios exquisitamente decorados proporcionan un espacio sereno para el descanso. La presencia de una vinoteca añade un toque de sofisticación, ideal para los amantes del vino que desean mostrar y disfrutar de su colección. Amplio salón con vistas a la calle y zona de comedor independiente, cocina completamente amueblada y equipada. La gran mayoría de los inmuebles que tenemos en esta zona solo se encuentran en nuestra web. Visite nuestra página y descubra exclusivas viviendas. Fortuny Madrid Real Estate es una empresa con sólida experiencia formada por un grupo de consultores inmobiliarios especializados en la zona Prime de Madrid, creada con el objetivo de satisfacer las necesidades de los clientes más exigentes nacionales e internacionales. Somos un referente en el mercado español, ofreciendo un servicio completo con viviendas residenciales de alta calidad y una amplia gama de servicios inmobiliarios, cubriendo tanto el área privada como el área comercial para conseguir que personas físicas jurídicas, instituciones e inversores queden plenamente satisfechos con nuestros servicios.",False,good,False,True,12150.0,True,True,False,False,[],False,False,2600000.0,€,,,flat,"Almagro, Madrid",Piso,,,,,,
108913937,https://img4.idealista.com/blur/480_360_mq/0/id.pro.es.image.master/82/23/27/1358779506.webp,MV5880I,51,3,1425000.0,flat,sale,103.0,True,2,2,calle de Recoletos,Madrid,Madrid,Barrio de Salamanca,es,Recoletos,40.4201414,-3.6887993,False,https://www.idealista.com/inmueble/108913937/,"¡OPORTUNIDAD DE COMPRA E INVERSIÓN! PROMORA Madrid presenta espectacular vivienda de lujo situada en plena ""milla de oro"" del exclusivo y acomodado Barrio de Salamanca, en la calle recoletos, una de las calles más cotizadas de Madrid, la ubicación perfecta para disfrutar al máximo de los mejores restaurantes y servicios, entre la Calle Serrano y el Paseo de Recoletos, a escasos metros del Parque del Retiro, Puerta de Alcalá y la Plaza de Cibeles. Una oportunidad única para quienes buscan el lujo, confort, elegancia y una ubicación privilegiada. Esta propiedad se encuentra en un edificio rehabilitado complétamente en el año 2016, que conserva el estilo clásico original y su fachada histórica restaurada. Además, goza de fantásticas instalaciones comunitarias, como una espectacular sala multiusos, ideal para celebrar eventos privados, gimnasio y un bonito jardín zen.  La vivienda cuenta con una superficie total de 100,32 m2 construidos en el registro de la propiedad, distribuidos de forma inteligente en dos dormitorios y dos baños completos, ofreciendo en la zona de día, un espacioso salón que se encuentra conectado con la zona de comedor y la amplia cocina moderna, ideal para recibir invitados o disfrutar de momentos de tranquilidad.  La propiedad se vende completamente amueblada y con electrodomésticos de alta gama, ha sido diseñada con materiales y acabados de alta calidad y un estilo contemporáneo que combina funcionalidad y sofisticación. Las calidades son magníficas, cocina diseñada por Moretti, cerramientos de la marca Teknal con perfilería de aluminio con rotura de puente térmico y vidrio de alto aislamiento térmico acústico, lo que redunda en un mayor confort y un menor gasto energético, Carpintería interior lacada en blanco, Domótica, Calefacción Central independizada con Aire Acondicionado por conductos, Persianas motorizadas. Dispone también de un cuarto exclusivo para lavadora y secadora. Al edificio se accede a través del portal-lobby de lujo, con portero físico 24 horas y servicio de conserjería, lo que garantiza la seguridad y tranquilidad de los residentes.  Cabe destacar (Se incluye en el precio de la vivienda), al propietario le corresponde una participación indivisa del 2,31% (3,11m2) del inmueble situado en la primera planta del edificio, correspondiente a la sala multiusos, con una superficie de 134,47m2 y dos patios de 35,17m2, ideal para celebraciones y reuniones. Una vivienda única, lista para entrar a vivir, ideal para familias como residencia habitual en el centro de la ciudad, así como inversión segura dada la alta demanda de propiedades en alquiler en el Barrio de Recoletos. Sin duda, el Barrio de Salamanca es el distrito selecto por excelencia de Madrid. Pasear por las calles del barrio de Salamanca es contemplar los edificios más elegantes y codiciados de la capital: construcciones históricas de portales señoriales e interiores amplios y altos. Concebido en las últimas décadas del siglo XIX por D. José de Salamanca y Mayol, Marqués de Salamanca, este ensanche de la ciudad conserva intacto su aire aristocrático, que podemos ver en palacetes como el de la Embajada de Italia, por ejemplo. En este epicentro del lujo se localiza la conocida “Milla de Oro”: un área comercial donde tienen su sede marcas prestigiosas como Dior, Chanel, Prada o Tiffany. Tiendas como Gallery, BD o Vitra y restaurantes como Ramsés o No, responden a los gustos de un life style moderno y sofisticado. Hablamos de una zona dinámica y segura, de grandes aceras, con un parking casi ilimitado y con una interesante vida nocturna: Nxt Club, Déjate Besar o Le Boutique Club. No faltan las galerías de arte y los espacios dedicados a la cultura como la Fundación March o el museo Lázaro Galdiano. Sin olvidar sus árboles frondosos y la cercanía al parque del Retiro, el gran pulmón verde del centro de Madrid. En la actualidad, Recoletos es un enclave perfecto dentro de.",True,good,False,True,13835.0,True,False,True,False,[],False,False,1425000.0,€,,,flat,"Recoletos, Madrid",Piso en calle de Recoletos,,,,,,
104011571,https://img4.idealista.com/blur/480_360_mq/0/id.pro.es.image.master/b5/48/a7/1207113038.webp,3072,20,bj,675000.0,flat,sale,75.0,False,2,2,Barrio Goya,Madrid,Madrid,Barrio de Salamanca,es,Goya,40.4226575,-3.6761305,False,https://www.idealista.com/inmueble/104011571/,"Esta vivienda se encuentra en el prestigioso barrio de Salamanca, junto al metro de Diego de León, ofreciendo una ubicación privilegiada en el corazón de Madrid. Situada en un emblemático edificio clásico, esta propiedad ha sido sometida a una reforma integral de primera categoría, convirtiéndola en un espacio moderno y sofisticado. Al entrar al edificio, te recibe un gran portal de acceso señorial, destacando la presencia de un portero físico. La vivienda, lista para estrenar, presenta una distribución impecablemente diseñada. Desde el vestíbulo se accede a un amplio salón comedor, y que se fusiona con una moderna cocina abierta totalmente equipada con electrodomésticos de alta gama, ofreciendo un espacio perfecto para el entretenimiento y la vida familiar. La propiedad cuenta con dos dormitorios, ambos con armarios empotrados a medida que maximizan el espacio de almacenamiento. El dormitorio principal dispone además de un vestidor y un baño en suite. Los dos baños de la vivienda han sido completamente renovados. El proyecto de rehabilitación ha priorizado utilizando materiales de primera calidaD. Los techos altos de 3 metros de altura contribuyen a crear una sensación de amplitud y luminosidad en todo el espacio. La propiedad también cuenta con aire acondicionado para mayor confort en todas las estaciones del año. La calefacción es central con contadores individuales. En resumen, esta vivienda representa la combinación perfecta entre el encanto clásico y la comodidad en una de las zonas más exclusivas de Madrid.",False,good,False,True,9000.0,True,True,False,False,[],False,False,675000.0,€,,,flat,"Goya, Madrid",Piso,,,,,,
103568733,https://img4.idealista.com/blur/480_360_mq/0/id.pro.es.image.master/b4/15/f8/1193613777.webp,PIS2964,27,1,1480000.0,flat,sale,149.0,True,3,3,Barrio Recoletos,Madrid,Madrid,Barrio de Salamanca,es,Recoletos,40.4249004,-3.6840846,False,https://www.idealista.com/inmueble/103568733/,"En el corazón de una de las zonas más codiciadas de la ciudad, Fortuny Real Estate presenta esta joya arquitectónica de 149m2, un equilibrio perfecto entre diseño vanguardista y ubicación privilegiada. Este exquisito inmueble exterior se encuentra estratégicamente situado en las cercanías del icónico Parque del Retiro y la distinguida Calle Serrano, ofreciendo un estilo de vida inigualable con una plétora de opciones gastronómicas y de entretenimiento a su alcance. Cautivador espacio distribuido con maestría. Un amplio salón comedor, inundado de luz natural gracias a sus ventanales, invita a la relajación y la convivencia. El recibidor, sutilmente decorado, da la bienvenida a esta morada, mientras que la cocina semi integrada, bañada también por la luz natural, muestra su encanto con una amplia mesa de comedor y ventanas propias que realzan su esplendor. La comodidad y la privacidad se conjugan en la zona de descanso, donde tres dormitorios generosos y dos baños completos aguardan. El dormitorio principal, una auténtica suite de elegancia, se distingue por su baño privado y vestidor, ofreciendo un refugio de serenidad y comodidad. La meticulosa reforma llevada a cabo en esta propiedad ha sido ejecutada con refinado gusto, destacando detalles decorativos que realzan su singularidad y encanto. Equipada con calefacción central y aire acondicionado por conductos, esta residencia se adapta a todas las estaciones del año, asegurando un confort excepcional en todo momento. Además, esta joya arquitectónica se encuentra en una finca histórica del siglo pasado que cuenta con el servicio de un portero físico, añadiendo un toque de exclusividad y seguridad a esta experiencia de vida única. En resumen, esta propiedad fusiona a la perfección el diseño moderno con la comodidad y la funcionalidad, ofreciendo un espacio único donde la elegancia y el confort se encuentran para crear un hogar excepcional en una ubicación sin igual.",False,good,False,True,9933.0,True,True,False,False,[],False,False,1480000.0,€,,,flat,"Recoletos, Madrid",Piso,,,,,,
106200110,https://img4.idealista.com/blur/480_360_mq/0/id.pro.es.image.master/2b/6c/44/1281310069.webp,3175,27,4,1600000.0,flat,sale,120.0,True,3,3,Barrio Recoletos,Madrid,Madrid,Barrio de Salamanca,es,Recoletos,40.4272301,-3.6872915,False,https://www.idealista.com/inmueble/106200110/,"Elegante piso recién reformado con acabados de alta calidad y totalmente amueblada, situada en el prestigioso barrio de Recoletos.  Con una superficie de 110 m², esta vivienda ofrece un diseño elegante y moderno, ideal para quienes buscan confort y estilo en una ubicación inmejorable.  Características principales:  • Superficie: 110 m²  • Habitaciones: 3 habitaciones, dos de ellas en suite  • Baños: 3 baños en total • Balcones: 2 balcones con vistas a la calle  • Edificio: Clásico y encantador  La reforma incluye materiales y acabados de primera categoría, asegurando durabilidad y un toque sofisticado. Las habitaciones en suite ofrecen privacidad y comodidad, mientras que los amplios balcones permiten disfrutar del aire fresco y las vistas del encantador barrio de Recoletos. Además, la propiedad se entrega totalmente amueblada con mobiliario de diseño, listo para entrar a vivir. No pierdas la oportunidad de hacerte con esta joya en uno de los barrios más exclusivos de la ciudad. La gran mayoría de los inmuebles que tenemos en esta zona solo se encuentran en nuestra web. Visite nuestra página y descubra exclusivas viviendas. Fortuny Madrid Real Estate es una empresa con sólida experiencia formada por un grupo de consultores inmobiliarios especializados en la zona Prime de Madrid, creada con el objetivo de satisfacer las necesidades de los clientes más exigentes nacionales e internacionales. Somos un referente en el mercado español, ofreciendo un servicio completo con viviendas residenciales de alta calidad y una amplia gama de servicios inmobiliarios, cubriendo tanto el área privada como el área comercial para conseguir que personas físicas jurídicas, instituciones e inversores queden plenamente satisfechos con nuestros servicios.",False,good,False,True,13333.0,True,True,False,False,[],False,False,1600000.0,€,,,flat,"Recoletos, Madrid",Piso,,,,,,
107525257,https://img4.idealista.com/blur/480_360_mq/0/id.pro.es.image.master/3f/54/b5/1315034286.webp,07075,51,,510000.0,chalet,sale,270.0,,8,2,Guadarrama,Madrid,Guadarrama,,es,,40.6732799,-4.0909969,False,https://www.idealista.com/inmueble/107525257/,"ESTA CASA ES ESPECIAL PORQUE: Es una casa de piedra espectacular, en un esquinazo con tres balcones y con unas calidades extraordinarias. Tiene una ubicación muy buena, en la calle principal del pueblo, al lado del ayuntamiento. Esta casa ha sido utilizada como los últimos años como centro de belleza aunque tiene licencia de uso como vivienda. DISTRIBUCCIÓN: Entras por la puerta principal en planta baja y una escalera de acceso a la planta superior, en esta planta hay un vestíbulo, pasillo con siete habitaciones con tres balcones. Al fondo del pasillo, una pequeña escalera que sube al ático donde encontramos dos baños cinco habitaciones, todas con sus ventanas correspondientes. En la planta baja, entrando por el portal, tenemos un pequeño solar de 16 metros cuadrados. El suelo es de madera, ventanas doble cristal, de gran grosor, de seguridad y con rotura de barrera acústica y de puente térmico, con persianas eléctricas en todas las estancias. Las puertas son blancas y las paredes lisas, sin gotelé. En todas las habitaciones encontramos telefonillos, salida de antena e hilo musical. ES IMPORTANTE SABER QUE: Está ubicado en la calle principal del pueblo. Es una casa de piedra totalmente reformada, con mucha luz y con grandes ventanales. Al estar en el centro del pueblo, tenemos a mano todos los servicios. Tenemos el embalse de la Jarosa que se encuentra a los pies de la sierra de Guadarrama. COMUNICACIONES: A 50 metros está el autobús que te lleva a Moncloa en 45 minutos y otro que te lleva al hospital de Villalba en 15 minutos. COMERCIOS Y SERVICIOS: En el pueblo tenemos gran variedad de comercios, supermercados, panadería, frutería, pastelería… Encontramos una farmacia, saliendo del portal a mano izquierda. El ambulatorio del municipio se encuentra andando a cinco minutos. Hospitales, tendríamos el hospital de El Escorial y el hospital de Villalba. Guadarrama es bastante conocido por su restauración, empezó su popularidad con el restaurante Sala conocido por sus gambas, dando paso a otros muchos restaurantes. COLEGIOS E INSTITUTOS: Instituto de educación secundaria Guadarrama. Biblioteca Municipal Arcipreste De Hita. Escuela infantil Valle de luz. Educación infantil.",False,good,False,,1889.0,True,True,False,True,[],False,False,510000.0,€,,,chalet,Guadarrama,Casa independiente,independantHouse,,,,,
105036142,https://img4.idealista.com/blur/480_360_mq/0/id.pro.es.image.master/fa/54/5a/1239771553.webp,POZ50895,58,,2275000.0,chalet,sale,328.0,,4,4,Barrio Monteclaro,Madrid,Pozuelo de Alarcón,Urbanizaciones,es,Monteclaro,40.4440783,-3.8554321,False,https://www.idealista.com/inmueble/105036142/,"Lucas Fox se enorgullece de presentar esta luminosa y acogedora casa moderna en la zona más privada de la exclusiva urbanización Monteclaro.  Esta casa completamente reformada cuenta con grandes ventanales y acabados de alta calidad y ofrece una gran privacidad, muy cerca del club social en el rincón más tranquilo de la urbanización.  El impoluto jardín delantero nos guía al porche de entrada donde cruzaremos a un amplio recibidor. Frente a este, se abre el distribuidor con acceso al salón principal y comedor de frente, ambos dotados de un gran ventanal con vistas al jardín principal y la piscina. A la izquierda, se encuentra la cocina, conectada también con el comedor, Es de grandes dimensiones y cuenta con mucho espacio de almacenamiento de menaje y una gran isla que a la vez hace las funciones de comedor de diario. En el extremo opuesto de la cocina está situada la zona de servicio que cuenta con dormitorio, cuarto de baño privado, zona de lavado y plancha y acceso independiente.  En el lado opuesto de la planta baja, encontraremos una acogedora y cómoda sala de estar. Junto a la entrada, se ubica un gran despacho con espacio más que suficiente para convertirlo en un dormitorio. La planta baja se completa con un aseo de cortesía.  En la planta alta, se disponen con dos dormitorios grandes con sendos baños privados y vestidor en el caso del dormitorio principal. Ambos cuentan con acabados de lujo y todo tipo de detalles que le aportan elegancia y practicidad.  En el exterior, debemos destacar el jardín perimetral completamente llano, una piscina de casi 20 metros de largo, aparcamiento para tres coches grandes e incluso un gimnasio propio.  En el apartado de calidades, se ofrece un aislamiento mejorado, carpintería exterior de alta eficiencia aislante, suelos de madera en toda la casa salvo cuartos húmedos y aire acondicionado por conductos.  Estamos, en definitiva, ante una vivienda excepcional donde el lujo y la elegancia se combinan a la perfección con la tranquilidad y el confort. Todo ello a un paso del club social Monteclaro, centro comercial y Colegio Everest.  La vivienda se puede visitar con facilidad. Póngase en contacto con Lucas Fox hoy mismo por teléfono o correo electrónico para organizar una visita. Trabajamos 7 días a la semana para poder adaptarnos a las necesidades de nuestros clientes. Además, también puede visitarnos en nuestro lounge Lucas Fox en avenida de Europa, 38 en Pozuelo para tomar una taza de café y que podamos analizar sus requisitos con más detalle y así ayudarle encontrar su casa o inversión perfecta.",False,good,False,,6936.0,True,True,False,False,[],False,False,2275000.0,€,True,True,chalet,"Monteclaro, Pozuelo de Alarcón",Chalet,,,,,,
108656314,https://img4.idealista.com/blur/480_360_mq/0/id.pro.es.image.master/be/8e/57/1351270336.webp,BHHS-MAD-0799,18,,695000.0,flat,sale,72.0,True,2,2,Barrio Almagro,Madrid,Madrid,Chamberí,es,Almagro,40.4314938,-3.6956438,False,https://www.idealista.com/inmueble/108656314/,"Exclusiva vivienda de diseño único y reforma de lujo de 75 m², con 2 dormitorios y 2 baños completos Situada en una de las zonas más privilegiadas de la ciudad, esta vivienda combina sofisticación, funcionalidad y un estilo contemporáneo de alto nivel. La reforma, cuidadosamente ejecutada, ofrece acabados de primera calidad y un diseño exclusivo que maximiza cada metro cuadrado. En el espacio exterior, se encuentra un luminoso salón comedor que integra una moderna cocina de concepto abierto con office. La cocina está equipada con electrodomésticos de alta gama, incluyendo nevera, horno, campana extractora, lavavajillas y lavadora-secadora, además de un amplio espacio de almacenamiento, ideal para quienes valoran la comodidad y el buen gusto. La distribución de los dormitorios se realiza mediante escaleras de diseño en acero inoxidable y cristal, aportando un toque vanguardista. En la planta superior, encontramos un despacho y un armario empotrado, creando un ambiente de privacidad y funcionalidad. En esta misma planta, se ubica un baño completo con hidromasaje, diseñado para ofrecer un oasis de relajación. La planta inferior alberga otro baño en suite, equipado con ducha de hidromasaje, mampara de cristal templado y mobiliario auxiliar de diseño, garantizando confort y lujo en cada detalle. La vivienda se entrega completamente amueblada y equipada con sistemas de climatización mediante aire acondicionado bomba frío-calor, asegurando una temperatura perfecta en cualquier estación del año. Ubicada en el corazón del barrio de Almagro, entre la calle Santa Engracia y el Paseo de la Castellana, goza de excelentes comunicaciones con varias líneas de metro (L-4, L-5, L-10) y autobuses EMT (líneas 3 y 7). La zona ofrece una amplia gama de servicios, una exquisita oferta gastronómica y opciones de ocio, en un entorno exclusivo y vibrante. Una oportunidad única para quienes buscan una vivienda de lujo en una de las zonas más cotizadas de la ciudad, con todos los detalles pensados para un estilo de vida sofisticado y confortable.",False,good,False,True,9653.0,False,True,False,False,[],False,False,695000.0,€,,,flat,"Almagro, Madrid",Piso,,,,,,
108330498,https://img4.idealista.com/blur/480_360_mq/0/id.pro.es.image.master/f8/8d/c4/1351145088.webp,07482,90,,699000.0,chalet,sale,363.0,,5,3,Las Zorreras - Monte Encinar,Madrid,El Escorial,Las Zorreras - Monte Encinar,es,,40.6239743,-4.0427211,False,https://www.idealista.com/inmueble/108330498/,"Ecoeficiencia y autosostenibilidad definen esta vivienda, ubicada en la Urbanización Monte Encinar, enclave natural sobre una dehesa de encinas con vistas panorámicas a la Sierra de Guadarrama. Disfruta de la naturaleza todo el año, sin renunciar a las comodidades de la vida moderna. Una casa grande por sus dimensiones y una gran casa por sus atributos.  ES ESPECIAL PORQUE cumple todos los requisitos de una vivienda saludable y sostenible: calidad de aire; confort térmico y eficiencia energética; iluminación natural; vistas y conexión con la naturaleza; mínimo ruido y ahorro en el consumo de agua.  DISTRIBUCIÓN: la vivienda de desarrolla en dos plantas y dispone de cinco dormitorios y tres baños.  En la planta baja, un amplio salón, con chimenea de cassette, conecta con el comedor y se abre al jardín atravesando un porche acristalado. En la zona de descanso, tres dormitorios con armarios empotrados y dos baños, el principal en suite, te permitirán hacer vida en una única planta, si no deseas subir.  Una cómoda escalera abierta dota de iluminación natural al hall por las originales ventanas triangulares abuhardilladas de la planta superior. Arriba hay dos grandes dormitorios, cada uno con terraza climatizada mediante cerramientos acristalados y paneles sándwich, que las convierten en vivideras, formando una acogedora extensión de cada cuarto. Una luminosa sala central polivalente y otro baño completan la planta.  La cocina, family friendly, te permitirá disfrutar de grandes momentos de ocio culinario y acceder directamente al jardín por una puerta lateral. Una habitación polivalente, actualmente en uso como zona de lavandería y despensa, completa la vivienda.  Por la escalera se accede directamente al garaje, de gran tamaño, que alberga también la maquinaria energética y tiene habilitada una zona de almacenamiento. Además, existen dos prácticas plazas cubiertas de parking exterior y una espaciosa explanada para aparcar más vehículos, si fuera necesario.  Alta calidad de construcción en toda la casa: pintura lisa, suelo porcelánico, carpintería interior de madera color roble, carpintería exterior de pvc blanca con climalit, puerta de seguridad blindada y rejas en todos los huecos, así como alarma conectada a central. El amplio jardín, con instalación de riego, tiene una piscina de cómodo acceso por escalera romana; barbacoa de obra; un agradable cenador con mesa y bancadas de piedra; un huerto vallado con sistema de riego por goteo; y un magnífico pozo de gran capacidad, que te ayudará a mantener viva y cuidada la estupenda parcela, con un importante ahorro en el consumo de agua. ES IMPORTANTE SABER que está calificada con la máxima eficiencia energética (A/A) y ahorro económico.  El sistema de calefacción y refrigeración combina la eficiencia del suelo radiante con la tecnología de la aerotermia; paneles fotovoltaicos alimentan la electricidad y paneles termosolares el ACS (agua caliente sanitaria). Sirven de apoyo a la calefacción y a la climatización de la piscina en verano, para una más agradable temperatura del agua. Todo planificado para que, ante un descenso extremo de la temperatura, se ponga en funcionamiento la caldera de gasoil, como elemento de apoyo al sistema de aerotermia. Existe la opción de instalar un aerogenerador eléctrico en el tejado que, unido a los paneles fotovoltaicos y conectados a baterías de litio, garantizaría la independencia energética absoluta, para una total desconexión de Red Eléctrica Española.  La urbanización está pendiente de la ejecución del PERI, ya aprobado y publicado en el BOCM.  COMUNICACIONES: A pocos minutos de la estación de tren de Villalba y los apeaderos de San Yago y Las Zorreras. Varios autobuses y la A6 te conducirán a Madrid en media hora.",True,good,False,,1926.0,True,True,False,False,[],False,False,699000.0,€,True,True,chalet,"Las Zorreras - Monte Encinar, El Escorial",Casa independiente,independantHouse,,,,,
101434001,https://img4.idealista.com/blur/480_360_mq/0/id.pro.es.image.master/e0/a3/1e/1122486545.webp,DP185970,43,,599000.0,chalet,sale,367.0,,6,4,Los Molinos,Madrid,Los Molinos,,es,,40.7083607,-4.0774923,False,https://www.idealista.com/inmueble/101434001/,"Venta de gran chalet independiente en Los Molinos.  Gilmar Villalba vende precioso chalet Independiente en la urb. La Peñota en Los Molinos de 367 m2 construidos en parcela de 943 m2 repartido en 2 plantas. Tiene unas preciosas vistas a la Sierra con múltiples caminos para disfrutar de la Sierra. Vivienda muy cómoda pudiendo hacer vida en una sola planta, destacan sus amplios espacios y muy buenas calidades. En la plata baja se ubica una zona de ocio, con salón, sauna, despacho, piscina cubierta, gimnasio y apartamento completo con múltiples posibilidades. La casa posee dos tipos de calefacción tanto de gas como de gasoil pudiendo usar la que se desee según el momento. DISTRIBUCIÓN: SÓTANO: despensa, despacho o dormitorio, salón biblioteca, sauna, baño con bañera, piscina cubierta con salida a solarium, salón amplio gimnasio y apartamento con cocina americana y baño. PLANTA BAJA: terraza acristalada. hall, amplia cocina de 12m2, cuarto caldera despensa, salón con chimenea de 35m2 con salida a terraza acristalada, dormitorio, dormitorio, principal con vestidor y baño con bañera jacuzzi. CARACTERÍSTICAS: Carpintería interior: madera Carpintería exterior: aluminio Calefacción: depósito gasoil/ gas canalizado Piscina En GILMAR trabajamos para ofrecer a nuestros clientes los mejores inmuebles, con equipos especializados en cada zona para proporcionarles la mejor opción a su necesidad, con todas las excelencias y cuidando al máximo los detalles. En más de 30 años de andadura, Gilmar ha logrado alcanzar un espacio de privilegio dentro del Sector Inmobiliario de alto standing. Cubrimos todas las necesidades inmobiliarias: viviendas, oficinas, locales comerciales, solares, fincas rústicas, terrenos para construir.. . Nuestros clientes cuentan con el asesoramiento necesario desde el inicio, para garantizar su seguridad, eficacia jurídica y la mejor rentabilidad financiero-fiscal. Estupenda oportunidad, para conseguir su vivienda a la medida de sus sueños. casas en Torrelodones, casas en Villalba, casas en Alpedrete, casas en Moralzarzal, casas en Becerril, casas en Navacerrada, casas en Guadarrama, casas en Los Molinos, casas en El Escorial, casas en Cercedilla, casas en Galapagar, casas en la Sierra, comprar vivienda, comprar piso, comprar casa, comprar chalet, ATICO, VISTAS SIERRA.",False,good,False,,1632.0,True,True,False,False,[],False,False,599000.0,€,,,chalet,Los Molinos,Casa independiente,independantHouse,,,,,
107942841,https://img4.idealista.com/blur/480_360_mq/0/id.pro.es.image.master/e0/2f/71/1352037241.webp,07272,65,9,795000.0,flat,sale,120.0,True,2,2,Barrio Ciudad Universitaria,Madrid,Madrid,Moncloa,es,Ciudad Universitaria,40.4689394,-3.7274605,False,https://www.idealista.com/inmueble/107942841/,"Espectacular piso en zona Puerta de Hierro lindando con Ciudad universitaria, Madrid. EN ESTA OPERACION NO SE COBRAN HONORARIOS AL COMPRADOR. ESTA PROPIEDAD ES ESPECIAL PORQUE: Cuenta con el jardín comunitario más grande y bonito de Madrid, con 20.000m2, que proporcionan disfrute de la GRAN PISCINA, 2 PISTAS DE TENIS, PARQUE INFANTIL, 1 CANCHA DEPORTIVA MULTIUSO, zona ajardinada para pasear y bancos para sentarse a leer o disfrutar del sol escuchando los pájaros. Sus m2 útiles de 113m2, entre los cuales 3 terrazas con un total de 23m2, además su excelente orientación (este - oeste). La plaza de garaje es finca independiente pero esta incluida en el precio de venta.    Excelente comunicación con la circunvalación M30 y carreteras N-I y N-VI, teniendo la estación de metro de ANTONIO MACHADO a 10 minutos andando hacen de esta vivienda un sitio perfecto para tu vida en Madrid. DISTRIBUCIÓN: dos dormitorios (ANTES 3). FACILMENTE SE PUEDE CONVERTIR EN 3 DORMITORIOS, como de origen.  Al acceder al piso, encontramos un recibidor desde el que se conecta con la cocina (a mano izquierda), un amplio salón comedor (de frente), y que da conexión al pasillo con acceso a dormitorios y cuartos de baño. La cocina muy amplia de 15m2 y totalmente independiente, con espacio de office para añadir una mesa y usarla también de comedor. Al fondo de la cocina tiene acceso al tendedero. El espacioso salón de 25m2 cuenta con acceso a una terraza con unas vistas magnificas al horizonte, desde el cual se pueden ver los preciosos atardeceres gracias a su orientación. El salón dispone de Split de aire acondicionado para el confort en los días de verano, más la conexión que tienen las ventanas de los dormitorios y cocina con el salón hacen provecho de una ventilación cruzada notable, aprovechando la altura de un noveno piso. El siguiente pasillo conecta con los dormitorios y los cuartos de baños. El dormitorio principal con amplias dimensiones, con baño en suite, y con dos armarios empotrados, ya que se han juntado dos habitaciones en una. Los dormitorios dan a una terraza con vistas despejadas y al pinar de la urbanización.  El baño en suite es completo y cuenta con bañera. El segundo dormitorio tiene salida a la terraza en orientación este.  El segundo cuarto de baño es completo con bañera. ES IMPORTANTE SABER QUE El edificio cuenta con ascensor y fácil acceso a todo el recinto. Portero físico y aparcamiento para invitados.  Cuenta con plaza de garaje cómoda y de fácil acceso (aparcando sin maniobras). Esta es finca independiente, pero se vende junto con la vivienda por el precio indicado. Dispone de trastero. COMUNICACIONES Situación privilegiada a menos de 1 minutos en coche de la M30 y muy próximo a las carreteras N-I Y N-VI. En menos de 20 minutos en coche se accede a sitios tan conocidos y con tanto atractivo como la Gran Vía de Madrid, la Puerta del Sol o la puerta de Alcalá. Además de parques como la casa de campo o el Parque del Retiro. También tienes acceso, en menos de 10 minutos andando, al transporte público a través de la estación de metro ANTONIO MACHADO, además de numerosas paradas de autobús. COMERCIO Y SERVICIOS A menos de 5 minutos en coche se encuentra el primer centro comercial de Madrid. La Vaguada, donde podrás encontrar supermercados, prensa, farmacia, librería, estética y multitud de tiendas, restauración y ocio. También hay gimnasios y centros deportivos. COLEGIOS Y UNIVERSIDADES Cuenta con varios colegios de escuelas infantiles e institutos de secundaria a distancia a pie. Ciudad universitaria HOSPITALES Se encuentra a escasos metro del hospital Clínica López Ibor y a menos de 10 minutos en coche del hospital de La Paz y Ramon y Cajal. Los gastos de notaria e impuestos no incluidos en el precio.",True,good,False,True,6625.0,True,True,False,False,[],False,False,795000.0,€,True,True,flat,"Ciudad Universitaria, Madrid",Piso,,,,,,
96248718,https://img4.idealista.com/blur/480_360_mq/0/id.pro.es.image.master/c0/90/e4/945342332.webp,DP167608,44,,600000.0,chalet,sale,331.0,,6,4,Mataelpino,Madrid,Mataelpino,,es,,40.73548,-3.95632,False,https://www.idealista.com/inmueble/96248718/,"Venta de chalet independiente en Mataelpino con vistas.  Gilmar Villalba vende chalet Independiente de piedra en Matalelpino con pequeña casa aledaña con encanto. Cuenta con una cómoda parcela, con barbacoa, pozo y una gran parte solada destacando sus magnificas vistas. La casa se distribuye en 3 plantas, destacando una amplia cocina con office, salón y un gran número de dormitorios, ideal para ser una casa familiar de reuniones. Amplio garaje. Zona muy tranquila en la parte superior del pueblo rodeado de Naturaleza, un remanso de paz y campo. DISTRIBUCIÓN: PLANTA BAJA: hall, amplísima cocina de 20m2, salón con chimenea y aseo de cortesía. PRIMERA PLANTA: dormitorio, dormitorio en suite, dormitorio, dormitorio, baño con bañera, dormitorio y dormitorio con baño pegado. SEGUNDA PLANTA: dormitorio con entrada a trastero y salón con salida a terraza con impresionantes vistas CARACTERÍSTICAS: pozo. vivienda de piedra. En GILMAR trabajamos para ofrecer a nuestros clientes los mejores inmuebles, con equipos especializados en cada zona para proporcionarles la mejor opción a su necesidad, con todas las excelencias y cuidando al máximo los detalles. En más de 30 años de andadura, Gilmar ha logrado alcanzar un espacio de privilegio dentro del Sector Inmobiliario de alto standing. Cubrimos todas las necesidades inmobiliarias: viviendas, oficinas, locales comerciales, solares, fincas rústicas, terrenos para construir.. . Nuestros clientes cuentan con el asesoramiento necesario desde el inicio, para garantizar su seguridad, eficacia jurídica y la mejor rentabilidad financiero-fiscal. Estupenda oportunidad, para conseguir su vivienda a la medida de sus sueños. casas en Torrelodones, casas en Villalba, casas en Alpedrete, casas en Moralzarzal, casas en Becerril, casas en Navacerrada, casas en Guadarrama, casas en Los Molinos, casas en El Escorial, casas en Cercedilla, casas en Galapagar, casas en la Sierra, comprar vivienda, comprar piso, comprar casa, comprar chalet, ATICO, VISTAS SIERRA. Carpintería exterior: aluminio Calefacción: gasoil.",False,good,False,,1813.0,True,True,False,False,[],False,False,600000.0,€,True,True,chalet,Mataelpino,Casa independiente,independantHouse,,,,,
107522539,https://img4.idealista.com/blur/480_360_mq/0/id.pro.es.image.master/ea/20/4f/1317294514.webp,4481,59,3,7200000.0,flat,sale,480.0,True,5,6,Barrio Recoletos,Madrid,Madrid,Barrio de Salamanca,es,Recoletos,40.4284213,-3.6795284,False,https://www.idealista.com/inmueble/107522539/,"Álvora Capital Properties, estudio de arquitectura y consultora inmobiliaria de alta calidad en la gestión de activos prime en Madrid, les ofrece esta propiedad en esquina, ubicada en una única planta y caracterizada por sus 11 ventanas, que proporciona abundante luz natural y agradables vistas. Situada en la tercera planta de un edificio señorial, conserva el carácter original del inmueble, con techos de más de 3,5m de altura. Actualmente utilizado como oficina, presenta un diseño diáfano que permite una fácil adaptación a una distribución de vivienda. Se admite la segregación.  La configuración actual incluye una amplia recepción que organiza los distintos espacios. A la derecha, dos zonas diáfanas, una con acceso a una terraza interior de 11m2, junto a un despacho independiente. A la izquierda, un despacho, otro en el chaflán de igual tamaño, una gran sala con un anexo abierto y salida a otra terraza de 9m2. Desde esta sala se accede a los baños diferenciados ya un área destinada a cocina-office, con ventanas al patio interior y acceso a la segunda terraza. Nuestros arquitectos proponen un diseño funcional y elegante que optimiza cada metro cuadrado de esta propiedad, equilibrando amplitud, comodidad y una distribución. El acceso a la vivienda se realiza a través de un hall de entrada que da paso a un aseo de cortesía, estratégicamente ubicado para mayor comodidad. Desde aquí, se accede a la zona de día, compuesta por varios salones amplios que ofrecen un ambiente luminoso y abierto, con múltiples posibilidades de distribución. Un comedor independiente complementa este espacio. La cocina abierta se plantea como un punto central de la vivienda, con un diseño espectacular con una gran isla central, se integra visualmente con las zonas sociales, creando un espacio fluido y acogedor. Junto a ella, la zona de servicio cuenta con un dormitorio, un baño y una lavandería. El área privada de la vivienda se compone de cuatro dormitorios en suite, cada uno con su propio baño y armarios empotrados.  El edificio cuenta con portero físico y existe la posibilidad de adquirir plazas de garaje en las proximidades. Ese magnifico con posibilidad de ser segregado, ofrece un espacio versátil con múltiples posibilidades de adaptación para que pueda cubrir todas sus necesidades y hacer un espacio único. Álvora Capital Properties con más de 24 años de experiencia cuenta con un grupo de profesionales altamente cualificados con una amplia vocación de servicio, dedicados a asesorar a nuestros clientes en la gestión de inmuebles situados en las mejores zonas de Madrid. Visite nuestra web corporativa contamos con un gran porcentaje de inmuebles no publicados en los portales inmobiliarios.",False,renew,False,True,15000.0,True,True,False,False,[],False,False,7200000.0,€,True,False,flat,"Recoletos, Madrid",Piso,,,,,,55000.0
107920914,https://img4.idealista.com/blur/480_360_mq/0/id.pro.es.image.master/de/01/79/1328412083.webp,2º8,17,2,395000.0,duplex,sale,89.0,True,2,2,"avenida de felipe II, 2",Madrid,El Escorial,Jardín de los Reyes - Parque Real,es,,40.5905353,-4.1333703,True,https://www.idealista.com/obra-nueva/107920914/,"AS Real Estate, departamento de venta del Grupo Alquiler Seguro, promociona la venta de las últimas viviendas disponibles en Conjunto Residencial El Álamo en El Escorial (Madrid). Este conjunto residencial de lujo situado en una zona inmejorable, con excelentes vistas a la Sierra de Guadarrama te ofrece una oportunidad única de vivir rodeado de naturaleza y armonía cerca de Madrid. Residencial El Álamo está ubicado en una zona privilegiada de El Escorial, a 200 metros de la estación de Cercanías Renfe, con parada de autobús a 5 metros y acceso inmediato a la autovía A6 dirección Madrid y La Coruña. Todo el Residencial está rodeado de amplias zonas comunes ajardinadas, dos piscinas una infantil y otra de adultos para disfrutar de los veranos de la sierra de Madrid. En el edificio, todas las viviendas cuentan con plaza de garaje y trastero situados subterráneamente, contando con ascensor en esta misma planta desde el cual se podrá acceder directamente a las viviendas o salir al exterior. VIVIENDAS DISPONIBLES (precios desde 375.000 € hasta 420.000 €): PLANTA BAJA: Los apartamentos en planta baja disponen de parcela privativa, 2 habitaciones, aseo completo con ducha, baño completo, salón comedor amplio, cocina completamente equipada con electrodomésticos, amplia plaza de garaje y trastero. Bajo 83,03 m2 construidos61,12 m2 parcela privativa. Bajo 79,45 m2 construidos59,90 m2 parcela privativa SEGUNDA PLANTA: Apartamentos ubicados en la segunda planta y bajo cubierta. Apartamentos dúplex de 2 y 3 habitaciones, aseo completo con ducha, baño completo, amplio salón comedor, cocina completamente equipada con electrodomésticos, amplia plaza de garaje y trastero. Segunda 90,63 m2 construidos Segunda 89,40 m2 construidos Segunda 93,10 m2 construidos Segunda 89,47 m2 construidos Todas las viviendas cuentan con sistema de climatización aerotérmico formado por una unidad exterior situada en la cubierta del edificio, y un acumulador en el interior de agua caliente en cada vivienda. La instalación de climatización interior de cada una de las viviendas es mediante suelo radiante refrescante. Cada vivienda dispondrá de un termostato programador en el salón para la regulación de temperatura incorporando modo refrigeración y calefacción. Si buscas un espacio para convertirlo en tu refugio personal en una ubicación inmejorable, esta es tu oportunidad. Contacta con nosotros para conocer más detalles y concertar una visita.",True,newdevelopment,True,True,4438.0,True,False,True,False,[],False,False,395000.0,€,True,True,flat,"Jardín de los Reyes - Parque Real, El Escorial","Dúplex en avenida de felipe Ii, 2",duplex,False,,,,
108789447,https://img4.idealista.com/blur/480_360_mq/0/id.pro.es.image.master/a9/9f/2a/1355172085.webp,02.2 OR,53,,1200000.0,chalet,sale,552.0,,5,2,Altos de Jarama,Madrid,Paracuellos de Jarama,Altos de Jarama,es,,40.5274504,-3.540418,False,https://www.idealista.com/inmueble/108789447/,"Chalet singular con alma europea en Paracuellos del Jarama  552 m² construidos · Parcela de 975 m² · Piscina · Jardín con olivos · Construcción artesanal de capricho. Tailor & Key presenta esta extraordinaria propiedad unifamiliar, una vivienda concebida como el sueño personal de su propietario, quien en 2005 impulsó su construcción inspirándose en modelos europeos y utilizando materiales traídos expresamente del continente. Un hogar con carácter, identidad y altas calidades en uno de los entornos residenciales más cotizados del noreste de Madrid: Paracuellos del Jarama. Situado en una tranquila y elevada calle, este chalet de 552 m² distribuidos en 3 plantas se levanta sobre una amplia parcela privada de 975 m². El jardín mediterráneo, con olivos y otros arboles mediterráneos, piscina y zona de barbacoa, rodea una vivienda pensada para el confort, la familia, el disfrute de los espacios y la conexión con la naturaleza y unas vistas increíbles. Distribución: •3 plantas comunicadas de forma cómoda y funcional. •3 Salones, el principal con acceso directo a terraza y jardín. •2 Cocinas independientes una con bodega y comedor. •5 Dormitorios amplios. •2 baños completos uno con jacuzzi y ducha. •5 Espacios versátiles: plancha, limpieza, herramienta, depuradora, etc. •Garaje privado para más de dos vehículos. •Terrazas, porche,  Detalles únicos: •Construcción personalizada, con técnicas y materiales europeos de alta calidad. •Acabados nobles, suelos, puertas y carpinterías seleccionadas con mimo. •Piscina privada con ducha calefactada y jardín consolidado con árboles ornamentales y olivos. •Zona de barbacoa ideal para reuniones y celebraciones al aire libre. •Excelente aislamiento térmico y acústico. •Posibilidad de adaptación para nuevos usos o redistribución interior. Ubicación: En el corazón de una de las urbanizaciones más tranquilas de Paracuellos del Jarama, a pocos minutos del aeropuerto y con excelente acceso a Madrid capital. Entorno tranquilo, familiar, rodeado de naturaleza y dotado de todos los servicios: centros educativos, comercios, instalaciones deportivas y transporte. Una propiedad singular que aúna tradición europea, diseño funcional y entorno privilegiado. Ideal como residencia principal o refugio familiar con identidad propia. Tailor & Key, expertos en viviendas únicas, le ofrece un servicio integral en la compra, venta o reforma de su hogar. Más información en tailorkey.com o contactando con nuestro equipo. Estaremos encantados de atenderle.",False,good,False,,2174.0,True,True,False,False,[],False,False,1200000.0,€,True,True,chalet,"Altos de Jarama, Paracuellos de Jarama",Casa independiente,independantHouse,,,,,
107299974,https://img4.idealista.com/blur/480_360_mq/0/id.pro.es.image.master/19/fa/15/1309750051.webp,426404,37,7,2700000.0,flat,sale,228.0,True,4,4,calle de José Ortega y Gasset,Madrid,Madrid,Barrio de Salamanca,es,Lista,40.4312676,-3.6726342,False,https://www.idealista.com/inmueble/107299974/,"UNICA Inmobiliaria, les presenta una estupenda vivienda situada en finca Señorial y representativa con paso de Carruajes, completamente reformada con calidades de lujo.  Desde su gran salón disfrutamos de su diseño contemporáneo disfrutando de sus techos altos con vigas vistas, la amplia zona de comedor esta junto a la cocina con un cerramiento perfectamente integrado con el diseño de la vivienda, equipada con todos los electrodomésticos de alta Gama.  En la zona de descanso disfrutamos de 4 amplios dormitorios en suite y 1 aseo de cortesía.  Tanto el diseño, calidades y distribución, harán de esta vivienda, el hogar de tu vida. En cuanto a calidades destacamos: Puerta de acceso acorazada, las puertas de gran altura, suelo de tarima de gran formato. Todos los armarios forrados y vestidos por dentro con iluminación incorporada, regulador individual de temperaturas en cada una de las estancias. Todas las persianas esta motorizadas, tiene incorporado el aire acondicionado.  Dispone de portero físico, y con fácil acceso para personas con movilidad reducida.  Toda la vivienda es muy luminosa, situada en una 7º planta, con orientación Este.  Lista es uno de los barrios que compone el castizo distrito de Salamanca, el cual tiene sus orígenes en el siglo XIX con el reinado de Isabel II. Fue el Marqués de Salamanca quien pidió la construcción de este entramado con el fin de que fuese la residencia de la aristocracia y la burguesía de Madrid. En Única Inmobiliaria aglutinamos más de veinte años de experiencia en el sector del lujo. Contamos con una amplia trayectoria que avala nuestra gestión trabajando alrededor de las zonas más exclusivas de Madrid: Barrio de Salamanca, Recoletos, Almagro, Chamartín, Retiro, Justicia….",True,good,False,True,11842.0,True,False,True,False,[],False,False,2700000.0,€,,,flat,"Lista, Madrid",Piso en calle de José Ortega y Gasset,,,,,,
100208797,https://img4.idealista.com/blur/480_360_mq/0/id.pro.es.image.master/2b/38/4b/1073516783.webp,,29,en,930000.0,flat,sale,160.0,True,5,2,calle de Rafael Salgado,Madrid,Madrid,Chamartín,es,Bernabéu-Hispanoamérica,40.454809,-3.6887502,False,https://www.idealista.com/inmueble/100208797/,"En una ubicación única y privilegiada a tan solo 50 metros del futuro Estadio Santiago Bernabéu, ponemos a su disposición este magnifico inmueble para actualizar.  Actualmente la propiedad lo utiliza como despacho profesional y así figura en la escritura del inmueble, pero la comunidad permite el cambio de uso. La distribución actual es la siguiente: Según entramos y a mano derecha encontramos 3 estancias muy amplias con vistas hacia el bonito y cuidado jardín comunitario.  Por la parte izquierda tenemos otras tres estancias con orientación norte hacia un patio de manzanas y dos cuartos de baño. A parte de lo mencionado, en la parte trasera del inmueble esta lo que seria la zona de servicio (Cocina, Office y habitación de servicio ) que actualmente tenemos dos estancias y un un cuarto de baño. El inmueble incluye la concesión de una plaza de garaje en el P. A. R de Rafael Salgado con una duración de al menos 20 años (Se haría una cesión a la persona que adquiriese el inmueble ). * Consultar esta condición.. . Ademas de lo dicho, la propiedad incluye un amplio trastero en el sótano del inmueble. El inmueble puede ser comprado y alquilado al día siguiente como se encuentra en la actualidad (Sin necesidad de hacer una reforma ) a un precio mínimo de 2200€. A la futura obra del Estadio Santiago Bernabeu y su entorno mas inmediato, que concluirá en los próximos meses, el inmueble se revalorizara considerablemente.  La Calle Rafael Salgado, según el proyecto urbanístico aprobado para la reforma del estadio Santiago Bernabéu, será peatonal y arbolada de cara a un futuro. Metro y autobús en la puerta, Semi esquina con la Calle Padre Damián, a tan solo 5 minutos andando de la boca de metro De Santiago Bernabéu a dos minutos andando del Paseo de la Castellana y de la Calle Doctor Fleming.",True,good,False,True,5813.0,True,False,True,False,[],False,False,930000.0,€,True,True,flat,"Bernabéu-Hispanoamérica, Madrid",Piso en calle de Rafael Salgado,,,,,,
106967582,https://img4.idealista.com/blur/480_360_mq/0/id.pro.es.image.master/d9/a0/84/1299001527.webp,426419,33,3,1450000.0,flat,sale,170.0,True,2,2,Barrio Castellana,Madrid,Madrid,Barrio de Salamanca,es,Castellana,40.4371858,-3.6870475,False,https://www.idealista.com/inmueble/106967582/,"UNICA Inmobiliaria les presenta esta estupenda vivienda a estrenar, con magnificas calidades situada muy cerca de la Embajada de los Estados Unidos.  3ª planta exterior con superficie de 170 m² y una ventaja muy importante- no tiene vecinos al lado.  El salón - comedor es todo exterior, compuesto de grandes ventanales que aportan mucha luminosidad y una preciosa chimenea decorativa.  Dos dormitorios dobles, el principal en suite, dos cuartos de baños y un aseo de cortesía.  Cocina independiente, completamente equipada con muebles de diseño.  Destacamos las calidades de la vivienda: el aire acondicionado, puertas lacadas en blanco, cerramientos en PVC con doble acristalamiento que garantiza la tranquilidad y ahorro energético. Finca con portero físico y fácil acceso para personas con movilidad reducida.  Excelente ubicación cerca de la plaza del Marqués de Salamanca, en el barrio de Castellana, una área residencial constituida a finales del siglo XIX y caracterizada por la belleza de sus fachadas, de porte señorial y llamativa arte arquitectónica.  Zona con restaurantes buenos, galerías de arte y tiendas creadas para satisfacer los gustos más exquisitos. En Única Inmobiliaria aglutinamos más de veinte años de experiencia en el sector del lujo. Contamos con una amplia trayectoria que avala nuestra gestión trabajando alrededor de las zonas más exclusivas de Madrid: Barrio de Salamanca, Recoletos, Almagro, Chamartín, Retiro, Justicia….",True,good,False,True,8529.0,True,False,True,True,[],False,False,1450000.0,€,,,flat,"Castellana, Madrid",Piso,,,,,,
107990013,https://img4.idealista.com/blur/480_360_mq/0/id.pro.es.image.master/c5/73/a1/1330423588.webp,76740,30,6,2100000.0,flat,sale,190.0,True,3,3,Barrio Recoletos,Madrid,Madrid,Barrio de Salamanca,es,Recoletos,40.4286392,-3.6786248,False,https://www.idealista.com/inmueble/107990013/,"Álvora Capital Properties, estudio de arquitectura y consultora inmobiliaria especializada en la gestión de activos prime en Madrid, presenta este ático-dúplex con vistas despejadas, excelentes zonas comunes y plaza de garaje de acceso directo, situado en una ubicación privilegiada del Barrio de Salamanca. La vivienda, distribuida en dos plantas, ofrece una superficie construida de 190m². En la planta principal, se accede a un hall de entrada que da paso a una amplia zona social compuesta por salón, sala de estar y comedor, conectados directamente con la cocina. En este mismo nivel se encuentra un dormitorio en suite. En la planta superior, se disponen dos dormitorios adicionales y dos baños completos. El edificio cuenta con jardín comunitario, gimnasio, sauna, aseos, servicio de portería y vigilancia mediante cámaras de seguridad. Desde el salón, la sala de estar y el dormitorio principal se disfrutan agradables vistas abiertas que aportan. Contamos con propiedades similares en la misma zona, algunas de las cuales están disponibles exclusivamente en nuestra página web por solicitud de los propietarios, y otras se comercializan de forma confidencial en régimen off market. Si desea obtener más información o ver otros inmuebles, puede acceder a los enlaces adicionales al final del anuncio o contactar con nosotros a través de nuestros medios habituales o a través de nuestra página web, ”.",False,good,False,True,11053.0,False,True,False,False,[],False,False,2100000.0,€,True,True,flat,"Recoletos, Madrid",Piso,,,2280000.0,180000.0,8.0,
34836219,https://img4.idealista.com/blur/480_360_mq/0/id.pro.es.image.master/05/b3/ab/174494784.webp,4017,37,,2890000.0,chalet,sale,431.0,,5,3,Hoyarrasa,Madrid,La Moraleja,La Moraleja urbanización,es,,40.5287752,-3.6039108,False,https://www.idealista.com/inmueble/34836219/,"REA inmobiliaria presenta este moderno chalet independiente situado en La Moraleja con piscina privada sobre una parcela completamente llana. Casa totalmente reformada en el 2003. En la reforma se han incluido buenas calidades y los espacios son amplios. La planta baja, consta de un hall amplio, un aseo de cortesía, un amplio salón con comedor independiente con salida a un agradable porche acristalado que da a la piscina. La cocina es amplia y tiene zona de office, despensa y lavandería. En esta misma planta se sitúa un amplio dormitorio principal con vestidor y un despacho pequeño despacho o salita.  La planta superior alberga 3 dormitorios, con posibilidad de hacer 4 dormitorios en esta planta ya que uno de ellos es muy grande y se podría dividir en dos. En esta planta hay dos cuartos de baño.  Hay un sótano de unos 137 m2 que se puede habilitar como vivienda. En una construcción independiente se sitúa el garaje cerrado con cabida para cuatro coches y un trastero. La parcela es plana y tiene piscina. Hay Alarma perimetral interior y exterior. Disponemos de otras muchas propiedades similares que no están publicadas en Idealista. Visite nuestra web reainmobiliaria.com La Moraleja es el área residencial de lujo por excelencia de Madrid. Se halla a tan solo 15 minutos del Aeropuerto y 10 minutos del centro de la Ciudad. Está comunicado por autobuses que recorren la zona hasta Plaza Castilla en Madrid, o Alcobendas y San Sebastián de los Reyes. Existen solamente dos tipos de viviendas, bien chalets pareados de lujo dentro de urbanizaciones con vigilancia y grandes zonas comunes que tienen aproximadamente 400 m2 a 600 m2 construidos, o bien casas individuales con parcelas de 10.000m2 a 1.000 m2 dependiendo del área donde se encuentren. La Moraleja está lindando por el sur con el Encinar de los Reyes y por el norte con El Soto de la Moraleja. Es un área que goza de gran seguridad gracias a la seguridad activa de la zona y privilegiada situación. Las parcelas cuentan con numerosas encinas centenarias y los jardines están muy consolidados gracias a que esta área se urbanizó en los años 60 y por tanto la zona goza en la actualidad de gran solera. Prácticamente no quedan parcelas libres para construir, o bien se compra una casa y se reforma o bien se tira la casa si es muy antigua y se construye con los nuevos estándares construcción. En los últimos 5 años se han procedido a reformar y construir muchas casas antiguas de los años 60 convertidas ahora en grandes casas que están ahora en la vanguardia de la construcción actual.  Las parcelas de la Moraleja solo permiten construir chalets unifamiliares, porque es un área totalmente residencial.",True,good,False,,6705.0,True,False,True,False,[],False,False,2890000.0,€,True,True,chalet,"La Moraleja urbanización, La Moraleja",Casa independiente en Hoyarrasa,independantHouse,,,,,
108735360,https://img4.idealista.com/blur/480_360_mq/0/id.pro.es.image.master/f4/5f/9d/1353606301.webp,001/002/008801,27,2,350000.0,duplex,sale,51.0,True,1,1,calle Campomanes,Madrid,Pozuelo de Alarcón,Zona Pueblo,es,Zona Pueblo,40.4340068,-3.8162132,False,https://www.idealista.com/inmueble/108735360/,"As Real Estate, el departamento de venta del Grupo Alquiler Seguro, te presenta este fantástico dúplex a estrenar en Pozuelo de Alarcón. La vivienda se sitúa en un edificio exclusivo de diseño moderno, con muy pocas viviendas por planta y con ascensor hasta el sótano, lo que garantiza privacidad y comodidad. Ubicada en una zona privilegiada, a tan solo 5 minutos del Ayuntamiento, rodeada de una amplia oferta educativa, todo tipo de servicios, comercios y excelentes conexiones mediante transporte público: Metro Ligero (ML2), estación de Cercanías de Pozuelo (líneas C7 y C10), además de varias líneas de autobuses urbanos e interurbanos. También cuenta con cómodos accesos a las principales vías de comunicación: M-503, A-6, M-500 y M-40. Se encuentra en la segunda planta de un edificio de solo dos alturas, y cuenta con una superficie construida de 51,70 m² y 44,27 m² útiles, distribuidos en dos niveles: Amplio salón con cocina integrada, completamente amueblada y equipada con electrodomésticos de alta gama. En la planta superior, accediendo por una escalera interior, se encuentra la zona de descanso, compuesta por un dormitorio con armario empotrado, techos abuhardillados que aportan carácter y amplitud, y un baño en suite. La vivienda destaca por su alta eficiencia energética, gracias al sistema de aerotermia con suelo radiante y refrescante, que proporciona calefacción y refrigeración mediante un sistema invisible y silencioso, optimizando el confort en todas las estaciones del año. Entre sus calidades, incluye suelos porcelánicos de alta gama, resistentes y elegantes, ventanas de aluminio composite con doble acristalamiento y doble fachada ventilada, que garantiza un excelente aislamiento térmico y acústico. Además, se incluye un trastero de 3,81 m2 construidos y 2,42 m2 útiles, situado en la planta sótano del edificio, ideal para almacenaje adicional. No dejes pasar esta oportunidad de vivir en un entorno inmejorable con todas las comodidades. Llámanos hoy mismo para concertar una visita y descubrir tu nuevo hogar.",True,good,False,True,6863.0,True,False,True,False,[],False,False,350000.0,€,,,flat,"Zona Pueblo, Pozuelo de Alarcón",Dúplex en calle Campomanes,duplex,,,,,
85696877,https://img4.idealista.com/blur/480_360_mq/0/id.pro.es.image.master/21/79/64/674041666.webp,ch-426807-JL,41,5,1900000.0,flat,sale,180.0,True,4,2,Barrio El Viso,Madrid,Madrid,Chamartín,es,El Viso,40.4464217,-3.6898882,False,https://www.idealista.com/inmueble/85696877/,"ÚNICA Inmobiliaria Chamartín ofrece esta estupenda vivienda con una situación excepcional. Actualmente distribuida en: hall de entrada, gran salón y comedor independientes con acceso a una agradable terraza; cocina con entrada independiente con office, lavadero y dormitorio de servicio con baño, dormitorio principal en suite con vestidor y baño completo, 2 dormitorios dobles, uno de ellos separado en dos ambientes, como despacho y sala de estar. Hispanoamérica es un barrio del Distrito de Chamartín, situado en la zona noreste de Madrid. Sus límites son al norte la avenida de Alberto Alcocer y la avenida de Costa Rica, al sur con la avenida de Concha Espina, al oeste el paseo de la Castellana y al este con la avenida de la Paz (M-30). Ofrece una amplia gama de servicios, comercios, colegios, instalaciones deportivas, hoteles, restauración, hospitales y clínicas y un amplio sistema de transporte público; y alberga el Estadio Santiago Bernabéu, varias Embajadas, Administraciones Públicas y la sede de varias de las empresas más importantes de España. En Única Inmobiliaria aglutinamos más de veinte años de experiencia en el sector del lujo. Contamos con una amplia trayectoria que avala nuestra gestión trabajando alrededor de las zonas más exclusivas de Madrid: Barrio de Salamanca, Recoletos, Almagro, Chamartín, Retiro, Justicia….",True,good,False,True,10556.0,True,False,True,False,[],False,False,1900000.0,€,,,flat,"El Viso, Madrid",Piso,,,,,,
108100877,https://img4.idealista.com/blur/480_360_mq/0/id.pro.es.image.master/a3/a0/69/1333844389.webp,CM-426455,31,3,850000.0,flat,sale,157.0,True,6,3,Barrio Malasaña-Universidad,Madrid,Madrid,Centro,es,Malasaña-Universidad,40.4242488,-3.7019123,False,https://www.idealista.com/inmueble/108100877/,"ÚNICA Inmobiliaria les presenta esta extraordinaria propiedad en Malasaña, uno de los barrios más vibrantes y demandados de la capital, esta vivienda representa una oportunidad única para inversores que busquen obtener una rentabilidad elevada y constante. Gracias a su ubicación privilegiada y su distribución flexible, este inmueble es una excelente opción para rentabilizar a corto, medio y largo plazo. Con una superficie total de 157 m², esta propiedad está dividida en tres inmuebles independientes, cada uno con su propia finca registral, lo que permite una versatilidad absoluta en cuanto a la explotación de los mismos. Este factor es clave para maximizar las opciones de ingresos, ya que se pueden alquilar por separado, generando así tres fuentes de ingresos constantes, ya sea para alquileres temporales, de larga estancia o incluso para ambos tipos simultáneamente. Cada uno de los tres apartamentos está completamente equipado y amueblado con electrodomésticos nuevos de alta calidad, lo que facilita la puesta en marcha inmediata de los mismos. Cuentan con dos habitaciones, baño, cocina y salón, ofreciendo una distribución cómoda y funcional para sus inquilinos. Además, todos los apartamentos disponen de sistemas de calefacción con bomba de frío y calor, lo que asegura un confort óptimo durante todo el año, lo que, a su vez, mejora la satisfacción de los inquilinos y la demanda. El apartamento más grande, con vistas exteriores, ofrece una gran luminosidad natural gracias a sus amplias ventanas, mientras que los otros dos apartamentos, con vistas a un tranquilo y soleado patio interior, garantizan un ambiente de paz y serenidad. La ubicación es inmejorable: a solo unos pasos de la Gran Vía, la Calle San Bernardo y Fuencarral, en el centro de una zona de alta demanda turística, rodeada de todos los servicios esenciales, como supermercados, restaurantes, tiendas, bares y locales de ocio. Esta zona es conocida por atraer tanto a turistas nacionales como internacionales, lo que asegura un flujo constante de demanda de alquileres a precios competitivos. En resumen, esta propiedad ofrece una rentabilidad inmediata, con múltiples flujos de ingresos que aseguran su rentabilidad a largo plazo, todo ello en una de las zonas más icónicas y demandadas de Madrid. No deje pasar esta oportunidad única de inversión. ¡Contáctenos ahora para obtener más información y agendar su visita! En Única Inmobiliaria aglutinamos más de veinte años de experiencia en el sector del lujo. Contamos con una amplia trayectoria que avala nuestra gestión trabajando alrededor de las zonas más exclusivas de Madrid: Barrio de Salamanca, Recoletos, Almagro, Chamartín, Retiro, Justicia….",True,good,False,False,5414.0,True,False,True,False,[],False,False,850000.0,€,,,flat,"Malasaña-Universidad, Madrid",Piso,,,,,,
107311347,https://img4.idealista.com/blur/480_360_mq/0/id.pro.es.image.master/df/e0/2f/1309186890.webp,CM-426488,32,en,1300000.0,flat,sale,127.0,True,2,2,Barrio Chueca-Justicia,Madrid,Madrid,Centro,es,Chueca-Justicia,40.4288502,-3.6997224,False,https://www.idealista.com/inmueble/107311347/,"ÚNICA Inmobiliaria pone a su disposición magnífico piso exterior totalmente equipado, reformado y amueblado listo para entrar a vivir en la mejor zona del prestigioso barrio de Justicia. El inmueble se ubica en una entreplanta con altura de primero y tiene 3 balcones a la calle con orientación sur, lo cual le hace tener una excelente iluminación natural durante todas las horas del día. La vivienda ha sido reformada recientemente y equipada con electrodomésticos y mobiliario de las calidades mas altas que existen en el mercado, todo ello incluido en el precio. En cuanto a su distribución, sus 130 metros cuadrados aproximados de superficie construida se dividen en 2 habitaciones dobles y 2 baños. el dormitorio principal tiene vestidor y baño en suite. La cocina se encuentra en isla incorporada al salón con una gran encimera de mármol. Aire acondicionado por conducto y calefacción individual de gas. Con respecto a la finca, de principios de siglo XX y fachada clásica, cuenta con ascensor y portero físico. En el barrio de Justicia conviven el elegante bulevar de la Gran Vía y sus edificios neoclásicos y boutiques de lujo con las originales tiendas de la calle Hortaleza, los locales nocturnos de Fuencarral, y los bistrós de moda y bares de tapas en los alrededores de la plaza Santa Bárbara. Vecinos de todas las edades se reúnen en el Mercado de San Antón, en el barrio de moda del centro de la capital. En Única Inmobiliaria aglutinamos más de veinte años de experiencia en el sector del lujo. Contamos con una amplia trayectoria que avala nuestra gestión trabajando alrededor de las zonas más exclusivas de Madrid: Barrio de Salamanca, Recoletos, Almagro, Chamartín, Retiro, Justicia….",True,good,False,True,10236.0,True,False,True,False,[],False,False,1300000.0,€,,,flat,"Chueca-Justicia, Madrid",Piso,,,,,,
108117675,https://img4.idealista.com/blur/480_360_mq/0/id.pro.es.image.master/ff/1b/72/1342247141.webp,c893,39,,360000.0,chalet,sale,132.0,,3,3,calle Velázquez,Madrid,Valdemorillo,Valdemorillo pueblo,es,,40.4998222,-4.0643454,False,https://www.idealista.com/inmueble/108117675/,"**Chalet Adosado en Venta en el Corazón de Valdemorillo** Descubre este encantador chalet adosado de esquina, ubicado en pleno centro de Valdemorillo. Con un jardín privado de 40 m², equipado con barbacoa de obra, es el lugar perfecto para disfrutar de momentos al aire libre con amigos y familiares. La propiedad destaca por su luminosidad, gracias a sus amplios ventanales que inundan cada rincón de luz natural. La vivienda cuenta con 132 m² construidos, distribuidos en tres cómodas habitaciones, incluyendo una suite principal de 11 m² con baño privado. La planta baja alberga un acogedor salón de 20 m² que conecta directamente con el jardín, ideal para disfrutar de la tranquilidad del entorno. La cocina de 12 m², equipada con despensa, ofrece un espacio funcional para los amantes de la gastronomía. En la primera planta se encuentran tres habitaciones adicionales y otro baño completo, perfectas para niños o invitados. Además, el ático de 30 m² se presenta como un espacio versátil, ideal para un despacho, sala de juegos o un dormitorio extra.  La propiedad también incluye garaje y trastero en superficie, asegurando que tengas espacio suficiente para tus pertenencias. Su ubicación privilegiada permite el acceso fácil a comercios, colegios y centros de salud, así como al Polideportivo La Dehesa y transporte público.  No dejes pasar la oportunidad de hacer de este chalet tu nuevo hogar. ¡Ven a visitarlo y enamórate de su potencial!",True,renew,False,,2727.0,True,False,True,True,[],False,False,360000.0,€,True,True,chalet,"Valdemorillo pueblo, Valdemorillo",Chalet adosado en calle Velázquez,terracedHouse,,380000.0,20000.0,5.0,
103951654,https://img4.idealista.com/blur/480_360_mq/0/id.pro.es.image.master/95/28/c1/1205252213.webp,VMO2402004,43,2,990000.0,flat,sale,239.0,True,4,3,Barrio Zona Pueblo,Madrid,Pozuelo de Alarcón,Zona Pueblo,es,Zona Pueblo,40.4341266,-3.8185765,False,https://www.idealista.com/inmueble/103951654/,"LUMINOSO PISO REFORMADO EN URBANIZACIÓN CON PISCINA. aProperties presenta piso señorial totalmente reformado con grandes calidades y diseño en Pozuelo de Alarcón. A la vivienda de 239 m2 construidos, se accede a través de un espacioso hall-distribuidor que nos conduce a importante salón con dos ambientes con grandes ventanales que dan acceso a terraza de 40m2 acondicionada para usarla en todas las estaciones del año. La cocina de 30m2 y zona de office con zona de aguas con tendero. Desde la cocina accedemos a un dormitorio con cuarto de baño completo en suite. En la zona de descanso, nos encontramos con 3 dormitorios y 2 baños completos, uno de ellos en suite y con acceso directo a la terraza. Toda la vivienda cuenta con AACC por conductos y calefacción central individualizada. La vivienda dispone de una plaza de garaje doble para dos vehículos.    La finca se encuentra ubicada en zona extraordinaria residencial en el centro de Pozuelo de Alarcón, dentro de una urbanización cerrada con vigilancia, zonas ajardinadas, dos piscinas, gimnasio y parque infantil. Próxima a colegios reconocidos como el American School, Retamar, Kensington School o British Council entre otros. Destacando los accesos rápidos a grandes vías de comunicación como son la M-40 o la carretera de la Coruña N-VI y cercanía a Centros comerciales como Hipercor, Sexta Avenida o Zielo y gran cantidad de comercios locales, tanto en pueblo como Avda. de Europa.   ¿Te imaginas vivir aquí?  Contacte con nosotros para ver más inmuebles similares.",True,good,False,True,4142.0,True,False,True,False,[],False,False,990000.0,€,True,True,flat,"Zona Pueblo, Pozuelo de Alarcón",Piso,,,,,,
