propertyCode,thumbnail,externalReference,numPhotos,floor,price,propertyType,operation,size,exterior,rooms,bathrooms,address,province,municipality,district,country,neighborhood,latitude,longitude,showAddress,url,description,hasVideo,status,newDevelopment,hasLift,priceByArea,hasPlan,has3DTour,has360,hasStaging,notes,topNewDevelopment,topPlus,priceInfo.price.amount,priceInfo.price.currencySuffix,priceInfo.price.priceDropInfo.formerPrice,priceInfo.price.priceDropInfo.priceDropValue,priceInfo.price.priceDropInfo.priceDropPercentage,detailedType.typology,suggestedTexts.subtitle,suggestedTexts.title,highlight.groupDescription,parkingSpace.hasParkingSpace,parkingSpace.isParkingSpaceIncludedInPrice,detailedType.subTypology
108664270,https://img4.idealista.com/blur/480_360_mq/0/id.pro.es.image.master/a3/d1/38/1351504758.webp,BFP-V1432,36,1,1090000.0,flat,sale,122.0,True,4,2,Barrio Goya,Madrid,Madrid,Barrio de Salamanca,es,Goya,40.4217856,-3.6695458,False,https://www.idealista.com/inmueble/108664270/,"CONTACTAR CON LA EXTENSIÓN Nº3 Exclusiva vivienda exterior para reformar en el prestigioso barrio de Salamanca. Ubicada en una de las zonas más codiciadas de Madrid, en pleno barrio de Salamanca – zona Goya – esta amplia vivienda totalmente exterior ofrece una oportunidad única para crear el hogar de tus sueños o una inversión de alto nivel. A escasos pasos del Movistar Arena (antiguo WiZink Center) y la Casa de la Moneda, se encuentra rodeada de todos los servicios tales como: hospitales, comercios, colegios, restaurantes, zonas verdes y excelentes conexiones de transporte. Vivienda muy luminosa gracias a su orientación (Sur- Este) y grandes ventanales. Espacios sin muros de carga, lo que permite una reforma integral totalmente personalizada. Techos altos, que aportan sensación de amplitud y elegancia. Entorno residencial exclusivo y tranquilo, ideal para vivir o alquilar con alta rentabilidad. Una propiedad con grandes posibilidades en una ubicación privilegiada. Si buscas reformar con estilo en una de las mejores zonas de Madrid, esta es tu oportunidad.  (Este anuncio no es vinculante, puede contener errores, se muestra a título informativo y no contractual. ) > Oferta sujeta a condiciones de compra. Consulte los términos y condiciones aplicables.",True,renew,False,True,8934.0,True,True,False,True,[],False,True,1090000.0,€,1175000.0,85000.0,7.0,flat,"Goya, Madrid",Piso,Top+,,,
102711209,https://img4.idealista.com/blur/480_360_mq/0/id.pro.es.image.master/90/dc/2b/1338755886.webp,W-02RPM0,44,5,2350000.0,flat,sale,218.0,True,4,4,Carrera de San Jerónimo,Madrid,Madrid,Centro,es,Sol,40.4169703,-3.6994578,False,https://www.idealista.com/inmueble/102711209/,"Propiedades con terraza en zona prime de Centro Engel & Völkers presenta estas magníficas propiedades en zona prime de Centro. Se encuentran en un edificio clásico de 1920 rehabilitado íntegramente en el año 2003, para actualizarlo dotándolo de todo tipo de comodidades. Las propiedades han sido completamente reformadas con calidades de lujo, cuidando los más mínimos detalles en sus acabados y diseño y aprovechando al máximo su espacio. Cada una de las dos unidades que la forman cuenta con amplio salón comedor y cocina abierta, dos dormitorios y dos baños, uno de ellos en suite y una amplia terraza. Tras pasar el umbral de la de mayor tamaño nos espera la amplia y diáfana zona de salón con techos altos, que cuenta con un comedor parcialmente separado de ella que se abre a la magnífica terraza, y la cocina abierta, separada igualmente por dos prácticas penínsulas. Está totalmente equipada con electrodomésticos de primera calidad.  La zona privada nos lleva a los dos dormitorios de los que dispone, uno de ellos con baño en suite y un segundo que da servicio al segundo dormitorio. Ambos dormitorios cuentan con amplios armarios empotrados, que se unen a los que encontramos en el pasillo. La segunda unidad, con puerta independiente, pero conectada por la terraza gracias a un estiloso cerramiento, cuenta en la zona de acceso con una práctica área de trabajo con vistas a la terraza y una cómoda barra de desayunos, igualmente luminosa por su apertura visual a la terraza. Esta zona pública se completa con el espacio ocupado por el salón con cocina abierta totalmente equipada. Tras ella nos encontramos el área privada que incluye igualmente dos dormitorios, uno de ellos con baño en suite, además de un segundo baño. La unidad dispone de numerosos armarios empotrados y un área de lavandería y almacenaje. Unas propiedades tremendamente atractivas por su excelente ubicación, calidades y comodidad, no sólo para inversores sino también para quienes quieran vivir en zona prime del centro de Madrid, y disfrutar de algunos de los principales centros de interés de la capital a tan sólo unos minutos a pié. Las propiedades se encuentran ubicadas en una zona prime del centro de Madrid, al situarse a escasos metros de la estilosa Plaza de Canalejas y de la popular Puerta del Sol, y a escasos minutos andando de algunas de las arterias más emblemáticas de la ciudad, como la Gran Vía o el Paseo del Prado. El barrio cuenta con una amplísima dotación de todos los servicios. En el plano cultural, nos encontramos con el Ateneo de Madrid, el Teatro Español y el Teatro Reina Victoria, entre otros. A nivel comercial, la oferta es inmejorable, ya que incluye desde grandes almacenes a establecimientos centenarios, sin olvidar las sucursales de la mayoría de las marcas de moda nacionales e internacionales. La selección de alojamientos, es igualmente amplia y comprende tanto hoteles gran lujo como alternativas más económicas. La propuesta gastronómica es de lo más variada e internacional también. En este sentido, el nuevo Centro Canalejas, icono del lujo en el corazón de la capital, se encuentra a escasos metros. En materia de comunicaciones, dispone de numerosas líneas de autobuses y varias estaciones de la red de metro y de Cercanías, además de varias paradas de taxi. En definitiva, una propiedad excepcional con calidades de lujo en zona prime del centro de Madrid.",True,good,False,True,10780.0,True,True,False,False,[],False,True,2350000.0,€,,,,flat,"Sol, Madrid",Piso en Carrera de San Jerónimo,Top+,,,
108627716,https://img4.idealista.com/blur/480_360_mq/0/id.pro.es.image.master/ae/52/b6/1350748971.webp,VM2507001,34,7,1650000.0,flat,sale,196.0,True,4,4,calle de Juan Ramón Jiménez,Madrid,Madrid,Chamartín,es,Nueva España,40.4634798,-3.6857927,False,https://www.idealista.com/inmueble/108627716/,"PISO EXTERIOR CON TERRAZA A REFORMAR EN NUEVA ESPAÑA Fantástico piso para reformar totalmente exterior con terraza orientación sur.   Se trata de 196 m2 con comunes de los que 169 m2 son de vivienda según catastro, situados en una 7ª planta totalmente exterior en chaflan. Actualmente, se accede por un hall distribuidor que separa por un lado la zona de día compuesta por sala de estar, comedor y salón con salida a la terraza con orientación sur y este con vistas despejadas buenísimas. Por otro lado, encontramos la zona de noche distribuida en 3 habitaciones dobles también exteriores y de gran tamaño, dos cuartos de baño siendo el principal en suite. A la zona de servicio se puede acceder desde el hall distribuidor o directamente desde la zona de noche, cuenta con un office amplio, cocina y habitación de servicio también con cuarto de baño en suite.   Los planos que se incluyen pertenecen al estado actual y a una posible reforma. La zona de Nueva España es una de las áreas más exclusivas y demandadas de la ciudad, combinando tranquilidad, servicios de alta calidad y excelentes conexiones de transporte. Ubicada al norte de Madrid, cerca de la zona financiera de las 5 torres, del Paseo de la Castellana y la calle de Alberto Alcocer, ofrece fácil acceso a cualquier punto de la ciudad. Cuenta con una amplia oferta de servicios, incluyendo colegios de prestigio, centros de salud, supermercados, restaurantes y zonas de ocio, además de excelentes conexiones de transporte público con varias líneas de autobús y estaciones de metro cercanas (Pío XII y Duque de Pastrana) y fácil acceso a la M-30 y la A-1. Nueva España es una opción magnífica para quienes buscan una vivienda en una zona tranquila, bien comunicada y con todos los servicios necesarios. El piso además cuenta con un trastero. El edificio dispone de conserje. ¿Te imaginas vivir aquí?  Contacte con nosotros para ver más inmuebles similares.",True,renew,False,True,8418.0,True,True,False,False,[],False,True,1650000.0,€,1690000.0,40000.0,2.0,flat,"Nueva España, Madrid",Piso en calle de Juan Ramón Jiménez,Top+,,,
108710590,https://img4.idealista.com/blur/480_360_mq/0/id.pro.es.image.master/74/36/24/1353875572.webp,CH-426787,46,1,1640000.0,flat,sale,275.0,True,4,3,calle de Arturo Soria,Madrid,Madrid,Ciudad Lineal,es,Costillares,40.471898,-3.6679698,False,https://www.idealista.com/inmueble/108710590/,"ÚNICA Inmobiliaria les ofrece en exclusiva esta vivienda totalmente reformada hace 2 años con excepcionales calidades y un gusto exquisito. Cuenta con un gran salón comedor en varios ambientes (uno de ellos de origen fue un dormitorio en suite también) con salida a una agradable terraza con vistas despejadas; amplia cocina independiente y la zona de descanso compuesta de 3 dormitorios dobles (principal en suite), otro baño completo más y un aseo de cortesía. También dispone de una buhardilla totalmente reformada. Todo el piso goza de una luminosidad excepcional gracias a sus distintas orientaciones y grandes ventanales. Cabe destacar que la climatización de la vivienda es por calefacción central con consumos individualizados y aire acondicionado frio/calor por conductos, independizado por estancias. En el precio se incluye una plaza de garaje doble de acceso directo. Se encuentra integrado dentro de una buena urbanización con servicios centrales, vigilancia 24H, acceso para personas con movilidad reducida, piscina, pista de tenis y jardines, en una estupenda ubicación con todos los servicios, transportes y dotaciones a un paso. En Única Inmobiliaria aglutinamos más de veinte años de experiencia en el sector del lujo. Contamos con una amplia trayectoria que avala nuestra gestión trabajando alrededor de las zonas más exclusivas de Madrid: Barrio de Salamanca, Recoletos, Almagro, Chamartín, Retiro, Justicia.",True,good,False,True,5964.0,True,True,False,False,[],False,True,1640000.0,€,,,,flat,"Costillares, Madrid",Piso en calle de Arturo Soria,Top+,True,True,
107441428,https://img4.idealista.com/blur/480_360_mq/0/id.pro.es.image.master/8f/be/46/1315411948.webp,W-02YYND,42,2,790000.0,flat,sale,73.0,True,2,2,calle de Santa Engracia,Madrid,Madrid,Chamberí,es,Trafalgar,40.4350917,-3.6983789,False,https://www.idealista.com/inmueble/107441428/,"Exclusivo piso de diseño y balcones en Santa Engracia Engel & Völkers les presenta este espectacular piso de 73 metros cuadrados ubicado en Trafalgar, Chamberí. Con un diseño moderno y sofisticado, la vivienda cuenta con dos dormitorios dobles, uno de ellos con baño en suite, ofreciendo comodidad y privacidad. Además, la propiedad destaca por su gran luminosidad gracias a sus balcones que dan a la calle, lo que aporta aire fresco y una vista agradable a cada estancia. El salón-comedor es un espacio acogedor y luminoso, decorado con un estilo contemporáneo que equilibra tonos neutros y materiales nobles. La cocina, totalmente equipada, sobresale por su diseño de líneas limpias, acabados en madera y una encimera de mármol que aporta un toque único y especial. El baño principal, con detalles en mármol y grifería dorada, evoca un ambiente de lujo y relajación. Los suelos en espiga de madera, la iluminación cuidadosamente seleccionada y el mobiliario de alta calidad completan este ambiente exclusivo. La vivienda cuenta con armarios empotrados que optimizan el espacio y ofrece calefacción y aire acondicionado centrales para garantizar el máximo confort durante todo el año. Ideal para quienes buscan un hogar con carácter, estilo y una ubicación inmejorable. El barrio de Trafalgar, ubicado en el corazón de Chamberí, es una zona vibrante y tranquila, ideal para quienes buscan vivir cerca de todo, pero con un ambiente más relajado. Con sus calles arboladas y plazas pescas, ofrece una gran variedad de comercios, cafeterías y restaurantes, además de excelentes conexiones de transporte público. Su arquitectura, que mezcla lo clásico con toques modernos, y su ambiente local, hacen de Trafalgar un lugar único y muy demandado para vivir en Madrid.",True,good,False,True,10822.0,True,True,False,False,[],False,True,790000.0,€,,,,flat,"Trafalgar, Madrid",Piso en calle de Santa Engracia,Top+,,,
108122019,https://img4.idealista.com/blur/480_360_mq/0/id.pro.es.image.master/6f/5a/46/1205543622.webp,VP22563,112,bj,2150000.0,flat,sale,176.0,True,1,3,calle de Jorge Manrique,Madrid,Madrid,Chamartín,es,El Viso,40.4424306,-3.6896761,False,https://www.idealista.com/inmueble/108122019/,"AMBASSADOR ofrece este fantástico bajo con jardín orientado al sur. Situado en la calle Jorge Manrique, una de las mejores zonas de Madrid.  Son dos vecinos por planta; total, diez.  El edificio cuenta con una pequeña piscina, gimnasio y sala de pimpón.    Apartamento de un dormitorio de 150m2 construidos, en los que se incluye el coqueto y cuidado jardín privado.  Es de diseño de un exquisito gusto y de inmejorables calidades. (se alquila con muebles en 5.800EUR y  sin muebles, 5.000EUR).  Distribución:  Gran salón comedor con acceso al jardín privado, un baño completo con ducha para invitados, despacho, estupendo  dormitorio en suite, aseo de visitas, gabanero y  zona de lavado en el cercano trastero.  Calefacción individual por suelo radiante frio-calor, también bomba frio-calor y  calefacción central del edificio de 07h a 22.00h.  Conserje de 9 a 14 y de 17 a 20h.",True,good,False,True,12216.0,True,True,False,False,[],False,True,2150000.0,€,,,,flat,"El Viso, Madrid",Piso en calle de Jorge Manrique,Top+,,,
108414268,https://img4.idealista.com/blur/480_360_mq/0/id.pro.es.image.master/d2/05/31/1344206922.webp,,40,,900000.0,chalet,sale,282.0,,5,4,calle del Marqués de la Victoria,Madrid,Boadilla del Monte,Cortijo Sur,es,,40.4242594,-3.9143226,False,https://www.idealista.com/inmueble/108414268/,"Agencia inmobiliaria en Boadilla del Monte INMOBILIARIA HOGARES BOADILLA DEL MONTE vende ESPECTACULAR CHALET ADOSADO EN Cortijo Sur Este chalet se encuentra ubicado en una urbanización con piscina, pista de pádel y parque infantil. La vivienda, de 282 metros cuadrados, se distribuye de la siguiente manera: La vivienda consta de tres plantas combinando amplitud, funcionalidad y elegancia, ideal para familias que buscan comodidad y espacios bien distribuidos. En la planta baja, destaca una cocina amplia con zona office, perfecta para el día a día, y una habitación versátil que puede funcionar como despacho, dormitorio o sala de juegos. También cuenta con un baño completo con plato de ducha y un gran salón comedor, muy luminoso, que se abre directamente al jardín privado, creando un espacio ideal para disfrutar del aire libre en cualquier época del año. La planta principal alberga dos amplios dormitorios con armarios empotrados, además de una impresionante suite principal, que incluye un vestidor, un baño en suite y acceso a una amplia terraza con vistas a la urbanización, perfecta para relajarse o disfrutar del atardecer. El sótano ha sido diseñado como un espacio independiente y multifuncional. Cuenta con un gran salón, una segunda cocina, un dormitorio adicional, un baño completo y una práctica zona de lavandería, lo que lo convierte en un espacio ideal para invitados o como apartamento auxiliar. Cuenta con suelos de tarima, paredes en liso, aire por conductos y calefacción de gas natural La vivienda también dispone de garaje aéreo con capacidad para dos vehículos, situado en la entrada principal. Con una distribución excelente y materiales de calidad, esta propiedad ofrece un estilo de vida cómodo y exclusivo en una zona tranquila y bien comunicada. ¡No dudes en visitar tu nuevo hogar!",True,good,False,,3191.0,True,True,False,False,[],False,True,900000.0,€,,,,chalet,"Cortijo Sur, Boadilla del Monte",Chalet adosado en calle del Marqués de la Victoria,Top+,True,True,terracedHouse
107752781,https://img4.idealista.com/blur/480_360_mq/0/id.pro.es.image.master/ba/dc/10/1323760136.webp,NY-207876,47,,1950000.0,chalet,sale,400.0,,5,5,calle Saliente,Madrid,Pozuelo de Alarcón,Urbanizaciones,es,Montealina,40.4425518,-3.8588371,False,https://www.idealista.com/inmueble/107752781/,"GILMAR Pozuelo–Aravaca presenta, en exclusiva, este magnífico chalet independiente, modelo Levitt Granada, con orientación sur, ubicado en la prestigiosa urbanización Montealina. Situado sobre una de las mejores parcelas de la urbanización, destaca por su privacidad, tranquilidad y excelente ubicación. Al encontrarse en una zona elevada, la parcela ofrece agradables vistas y una luminosidad excepcional en toda la vivienda. Con 400 m² construidos distribuidos en dos plantas, la vivienda presenta una distribución funcional, cómoda y muy equilibrada: PLANTA PRINCIPAL Elegante hall de entrada con acceso a zona de cortesía, compuesta por armario-vestidor y baño. Salón principal de 41 m² con techos de doble altura, conectado con una acogedora sala de estar con chimenea, que cuenta con vistas y acceso directo al jardín privado. Cocina independiente de 32 m² con zona de office. Comedor independiente, amplio y luminoso. Zona de servicio con dormitorio, baño en suite y sala de lavado independiente. PLANTA SUPERIOR Distribuidor con espacio polivalente, ideal como despacho o zona de estar. Dormitorio principal tipo suite de 34 m², con baño completo sectorizado y bañera de hidromasaje. Desde esta estancia se accede a una gran terraza de 33 m² con posibilidad de incorporar como ampliación interior. Tres dormitorios dobles adicionales (uno de ellos en suite), todos con amplios armarios empotrados. Tercer baño completo, exterior e independiente. EXTERIOR La vivienda dispone de un porche delantero y otro principal, semiacristalado, con acceso directo al jardín. El jardín, consolidado y muy bien cuidado, cuenta con una amplia zona verde y una gran piscina privada. Además, la vivienda incluye: Garaje con capacidad para dos vehículos. Placas solares instaladas. Montealina es una de las urbanizaciones más consolidadas y valoradas del noroeste de Madrid. Cuenta con seguridad 24 horas, control de acceso, zonas verdes, parques infantiles y pistas comunitarias de tenis y pádel. Un entorno residencial tranquilo, rodeado de naturaleza y perfectamente conectado con la capital.",True,good,False,,4875.0,True,True,False,False,[],False,True,1950000.0,€,,,,chalet,"Montealina, Pozuelo de Alarcón",Casa independiente en calle Saliente,Top+,True,True,independantHouse
106202655,https://img4.idealista.com/blur/480_360_mq/0/id.pro.es.image.master/01/c5/01/1288962390.webp,AS198447,32,2,1200000.0,duplex,sale,181.0,True,3,1,calle de Rufino Blanco,Madrid,Madrid,Barrio de Salamanca,es,Fuente del Berro,40.4242553,-3.6630308,False,https://www.idealista.com/inmueble/106202655/,"Barrio de Salamanca, zona Fuente del Berro, máxima tranquilidad, precioso ático de 111 metros más 70 metros de exclusiva terraza con muy buenas vistas 270º, muy buen estado de conservación, distribuido en salón-comedor independiente de 25 metros, 3 dormitorios, 1 baño y cocina independiente de 12 metros, mucha luz natural en todos sus ambientes al ser prácticamente todo exterior. Servicio individual de calefacción, aire acondicionado frio y calor. Finca moderna con portal representativo y pocos vecinos, lo que hace muy asequibles sus gastos. Muy buena zona, mucha tranquilidad, muy bien comunicada y con todo tipo de comercios y servicios cercanos a la vivienda. GILMAR SALAMANCA  Este distinguido barrio residencial se ha convertido en una de las más importantes zonas comerciales de la ciudad y uno de los barrios de mayor nivel de vida de Europa con la mayor zona de compras de lujo de Madrid en torno a las calles Serrano, Claudio Coello y Ortega y Gasset.    Destaca también por sus señoriales fachadas, que convierten a Madrid en una de las capitales más europeas en cuanto a arquitectura clásica y vanguardista. El barrio de Salamanca es sin duda, una de las zonas residenciales más elegantes y prestigiosas del continente europeo.   Aloja uno de los principales equipamientos deportivos de la ciudad, el Wizink Center inaugurado en 2005 sobre el antiguo Palacio de los Deportes. Asimismo, acoge a diversas instituciones como la Real Casa de la Moneda o Fábrica Nacional de Moneda y Timbre.    El barrio es atravesado diagonalmente por la calle de Alcalá que, junto a calles como Jorge Juan, Goya o Hermosilla, le dan un carácter eminentemente comercial. En Gilmar trabajamos para ofrecer a nuestros clientes los mejores inmuebles desde hace 40 años. Cubrimos todas las necesidades inmobiliarias: viviendas, oficinas, locales comerciales, solares, fincas rústicas, terrenos para construir.  Disponemos de más de 33 equipos especializados en distintas zonas al servicio de más de 90.000 clientes nacionales e internacionales, que cuentan con asesoramiento necesario para garantizar su seguridad, eficacia jurídica y la mejor rentabilidad financiero-fiscal.",True,good,False,True,6630.0,True,True,False,False,[],False,True,1200000.0,€,,,,flat,"Fuente del Berro, Madrid",Dúplex en calle de Rufino Blanco,Top+,,,duplex
108442541,https://img4.idealista.com/blur/480_360_mq/0/id.pro.es.image.master/8c/06/71/1347304058.webp,AR 210755,31,6,995000.0,flat,sale,170.0,True,3,3,Barrio Bernabéu-Hispanoamérica,Madrid,Madrid,Chamartín,es,Bernabéu-Hispanoamérica,40.4539623,-3.6656387,False,https://www.idealista.com/inmueble/108442541/,"Descubre esta excepcional vivienda ubicada en pleno corazón de Hispanoamérica, uno de los barrios más exclusivos de Madrid dentro del distrito de Chamartín. Con 170 m² construidos, la propiedad destaca por su diseño funcional, gran amplitud y una iluminación natural fantástica gracias a su orientación. Cuenta con tres dormitorios amplios, tres baños completos, cocina independiente con terraza/lavadero y un gran salón comedor con terraza exterior ideal para reuniones o el día a día. Además, incluye dos plazas de garaje, una ventaja imprescindible en esta zona, y se encuentra en una finca moderna (2005) con ascensor, portero físico y piscina comunitaria, garantizando comodidad, seguridad y calidad. Las vistas tanto de la vivienda como de la azotea son únicas. Vivir en Hispanoamérica significa disfrutar de tranquilidad, servicios de alto nivel y buen ambiente residencial. En las inmediaciones encontramos un parque infantil, varios colegios, centro comerciales, centros médicos, tiendas y restaurantes de calidad. Su ubicación permite contar con todo tipo de servicios a poca distancia a pie, sin necesidad de utilizar el coche.  Las conexiones son excelentes, con acceso a estaciones de metro, múltiples líneas de autobús, y a pocos minutos la estación de Cercanías de Chamartín, que permite desplazarse por toda la ciudad y conectar con el aeropuerto. GILMAR, con más de 40 años de experiencia, te acompaña con un servicio profesional y cercano, adaptado a tus necesidades. Para más información o concertar visita, contacta con nuestro equipo de Chamartín al 91 583 03 00 o escríbenos a, indicando la referencia 210755. ¡No dejes pasar esta oportunidad!",True,good,False,True,5853.0,True,True,False,True,[],False,True,995000.0,€,,,,flat,"Bernabéu-Hispanoamérica, Madrid",Piso,Top+,True,True,
106167991,https://img4.idealista.com/blur/480_360_mq/0/id.pro.es.image.master/e5/8a/3b/1316991765.webp,426247,36,3,3150000.0,flat,sale,244.0,True,4,4,Barrio Recoletos,Madrid,Madrid,Barrio de Salamanca,es,Recoletos,40.4237288,-3.6795971,False,https://www.idealista.com/inmueble/106167991/,"ÚNICA Inmobiliaria les presenta una magnifica vivienda señorial situada en emblemática calle de Recoletos.  El inmueble está situado en una 3ª planta exterior y cuenta con 244 m² de superficie. Desde el amplio hall se accede a la zona social, espacio con dos grandes ventanales y vistas despejadas. Destacamos los altos techos con preciosas molduras en las principales estancias.  Frente al salón se encuentra la zona de comedor y una habitación contigua que le da mayor amplitud. El área de descanso cuenta con tres amplios dormitorios dobles en suite y un cuarto de baño completo para dar servicio a la zona social. Finca con portero físico y precioso ascensor histórico con diseño estilo jaula de hierro vintage.  Edificio con fácil acceso para personas con movilidad reducida.  Privilegiada ubicación en Recoletos, una de las zonas más representativas y señoriales de Madrid. Elegante y selecto, es uno de los barrios de mayor nivel de vida de Europa, de calles anchas y elegantes edificios, se pueden encontrar en él las tiendas más exclusivas de la ciudad. Destaca su tranquilidad, magnífica arquitectura y la variedad de servicios. En Única Inmobiliaria aglutinamos más de veinte años de experiencia en el sector del lujo. Contamos con una amplia trayectoria que avala nuestra gestión trabajando alrededor de las zonas más exclusivas de Madrid: Barrio de Salamanca, Recoletos, Almagro, Chamartín, Retiro, Justicia….",True,renew,False,True,12910.0,True,True,False,True,[],False,True,3150000.0,€,,,,flat,"Recoletos, Madrid",Piso,Top+,,,
107513055,https://img4.idealista.com/blur/480_360_mq/0/id.pro.es.image.master/ac/29/7b/1332144303.webp,AS206873,32,4,3400000.0,flat,sale,352.0,True,6,4,Barrio Goya,Madrid,Madrid,Barrio de Salamanca,es,Goya,40.4268621,-3.6787408,False,https://www.idealista.com/inmueble/107513055/,"Barrio de Salamanca, calle Príncipe de Vergara muy próximo a calle Goya, maravillosa vivienda de 352 metros en planta alta exterior muy luminosa, distribuida en gran hall de entrada, 3 salones con salida a 2 pequeñas terrazas, comedor de invitados, 4 dormitorios principales, 3 baños completos, cocina de 35 metros con office, tendedero cubierto y 2 dormitorios de servicio con baño completo, precisa reforma con muchas posibilidades en su redistribución, buena altura de techos. Muy buena finca de bonita fachada con portal representativo, portero físico. Dispone de un cuarto trastero en planta de sótano. Ideal vivienda en la mejor localización del Barrio de Recoletos, muy próxima al Parque del Retiro, con los mejores colegios y todo tipo de servicios y comercios cercanos a la vivienda, muy bien comunicada. GILMAR SALAMANCA  Este distinguido barrio residencial se ha convertido en una de las más importantes zonas comerciales de la ciudad y uno de los barrios de mayor nivel de vida de Europa con la mayor zona de compras de lujo de Madrid en torno a las calles Serrano, Claudio Coello y Ortega y Gasset. Destaca también por sus señoriales fachadas, que convierten a Madrid en una de las capitales más europeas en cuanto a arquitectura clásica y vanguardista. El barrio de Salamanca es sin duda, una de las zonas residenciales más elegantes y prestigiosas del continente europeo. Aloja uno de los principales equipamientos deportivos de la ciudad, el Wizink Center inaugurado en 2005 sobre el antiguo Palacio de los Deportes. Asimismo, acoge a diversas instituciones como la Real Casa de la Moneda o Fábrica Nacional de Moneda y Timbre. El barrio es atravesado diagonalmente por la calle de Alcalá que, junto a calles como Jorge Juan, Goya o Hermosilla, le dan un carácter eminentemente comercial. En Gilmar trabajamos para ofrecer a nuestros clientes los mejores inmuebles desde hace 37 años. Cubrimos todas las necesidades inmobiliarias: viviendas, oficinas, locales comerciales, solares, fincas rústicas, terrenos para construir.. . Disponemos de más de 30 equipos especializados en distintas zonas al servicio de más de 90.000 clientes nacionales e internacionales, que cuentan con asesoramiento necesario para garantizar su seguridad, eficacia jurídica y la mejor rentabilidad financiero-fiscal.",True,good,False,True,9659.0,True,True,False,False,[],False,True,3400000.0,€,,,,flat,"Goya, Madrid",Piso,Top+,,,
106506235,https://img4.idealista.com/blur/480_360_mq/0/id.pro.es.image.master/69/f5/1f/1318423220.webp,VM2411025,41,2,723000.0,flat,sale,123.0,True,5,2,plaza de Lavapiés,Madrid,Madrid,Centro,es,Lavapiés-Embajadores,40.4083627,-3.6990138,False,https://www.idealista.com/inmueble/106506235/,"PISO EXTERIOR Y REFORMADO aProperties presenta este amplio y encantador piso exterior en la Plaza de Lavapiés, completamente reformado con buen gusto y materiales de alta calidad, logrando un equilibrio perfecto entre historia y modernidad. Con 123 m² según catastro, la vivienda se encuentra en la segunda planta de un edificio clásico sin ascensor, en pleno corazón de uno de los barrios más vibrantes y multiculturales de Madrid. Actualmente, la propiedad dispone de cinco habitaciones, incluyendo un dormitorio principal con baño en suite, además de dos baños completos, modernos y funcionales. La distribución ha sido cuidadosamente optimizada para aprovechar al máximo la amplitud y la luz natural que entra a través de los balcones exteriores, ofreciendo vistas despejadas y una atmósfera acogedora. Para facilitar la visualización del potencial de la vivienda como hogar, se ha realizado un homestaging con una propuesta de reforma que permite adaptarla fácilmente a una distribución más convencional como piso de 3 dormitorios con espacios más abiertos y funcionales. Esta propuesta mantiene la esencia del inmueble, realzando su carácter original mientras introduce mejoras en comodidad y diseño. Situado en Lavapiés, uno de los barrios con más historia y personalidad de Madrid, este piso ofrece una ubicación inmejorable a pocos minutos de iconos culturales como el Museo Reina Sofía, el Prado y el centro histórico. Su ambiente bohemio y multicultural se refleja en su variada oferta de teatros, galerías de arte y una vibrante vida gastronómica con sabores de todo el mundo. Si buscas un hogar con carácter en el corazón de Madrid, con una propuesta de reforma a medida, ¡esta es tu oportunidad! Contáctanos para más información o una visita. ¿Te imaginas vivir aquí?  Contacte con nosotros para ver más inmuebles similares.",True,good,False,False,5878.0,True,True,False,False,[],False,True,723000.0,€,750000.0,27000.0,4.0,flat,"Lavapiés-Embajadores, Madrid",Piso en plaza de Lavapiés,Top+,,,
108513229,https://img4.idealista.com/blur/480_360_mq/0/id.pro.es.image.master/13/34/85/1347221646.webp,V7219I,47,,2900000.0,chalet,sale,406.0,,6,5,Encinar de los Reyes,Madrid,La Moraleja,Encinar de los Reyes,es,,40.5056552,-3.6422532,False,https://www.idealista.com/inmueble/108513229/,"Venta. Pareado. El Encinar. Promora ofrece en venta esta casa pareada de unos 406m² construidos aproximados con jardín privado en El Encinar de los Reyes, se encuentra dentro de urbanización cerrada y vigilada activamente las 24H, zonas comunes con piscina, pista de pádel, zona verde y área infantil. Cuatro dormitorios más servicio. Orientación sur. Chalet pareado que destaca por su excelente estado de conservación —ha sido completamente actualizado—, con un estilo elegante y equilibrado, y una distribución sensata. La planta de entrada alberga la zona de recibo con aseo de cortesía, un amplio salón-comedor con zona de despacho y bonitas vistas al jardín, además de una cocina con isla y zona de comedor diario. La primera planta un amplio hall que distribuye 4 dormitorios y 2 baños, siento el principal en suite. Esta planta esta adaptable para hacer un tercer baño o incluso cuatro. Todos los dormitorios han sido reformados.  La buhardilla ofrece un dormitorio con baño en suite, ideal para invitados. La planta sótano, con acceso directo al exterior y buena iluminación natural, incluye una gran sala de estar pensada para niños o como sala de TV, cocina auxiliar, trastero, cuarto de lavandería, un baño completo y un dormitorio de servicio. El garaje, anexo a la vivienda, dispone de dos plazas. Cuenta con aire acondicionado y calefacción individual de gas natural. Zonas comunes con piscina, pista de pádel y parque infantil. Se encuentra en perfecto estado. El Encinar es una lujosa urbanización a 11.8 kilómetros de Madrid. Limita al norte con La Moraleja y tiene su origen en la base aérea de Torrejón de Ardoz, aquí fue donde los militares norteamericanos y sus familias vivieron durante 34 años en un contexto netamente americano. Sin embargo, en 1992 pasó a manos españolas y es entonces cuando se empieza a concebir tal como la conocemos hoy.  En El Encinar encontramos viviendas de varias tipologías diferentes: pisos, áticos, pisos bajos con jardín, pareados, adosados y casas individuales, en su mayoría dentro de recintos cerrados, vigilados y con agradables zonas comunes que incluyen jardines, piscinas y dotaciones deportivas. El concepto resulta muy similar al Soto, aunque sus construcciones son mucho más recientes.  Como dato demográfico, decir que está habitado mayoritariamente por familias jóvenes con hijos y como apunte administrativo, señalar que una parte de El Encinar pertenece al término municipal de Alcobendas (código postal 28109) y otra al término municipal de Hortaleza (código postal 28055). Puedes ver más inmuebles en nuestra página web.",True,good,False,,7143.0,True,True,False,False,[],False,True,2900000.0,€,,,,chalet,"Encinar de los Reyes, La Moraleja",Chalet pareado,Top+,True,True,semidetachedHouse
108295644,https://img4.idealista.com/blur/480_360_mq/0/id.pro.es.image.master/b3/15/13/1341438417.webp,V7194I,39,2,1380000.0,flat,sale,200.0,True,4,3,Encinar de los Reyes,Madrid,La Moraleja,Encinar de los Reyes,es,,40.4996454,-3.6383777,False,https://www.idealista.com/inmueble/108295644/,"Venta. Piso. El Encinar. Promora ofrece en venta este impecable y luminoso piso situado en El Encinar de los Reyes, dentro de una exclusiva urbanización cerrada que ofrece seguridad 24 horas, piscina y parque infantil. Ideal para quienes buscan un hogar cómodo, moderno y con todas las comodidades en un entorno privilegiado. De origen 4 dormitorios más habitación de servicio. Esta vivienda, de reciente construcción, destaca por sus excelentes calidades y su distribución funcional. Ubicada en una segunda planta, disfruta de maravillosas vistas que aportan luz y calidez a todos los espacios. Al entrar, te recibe un amplio recibidor que da paso a un elegante salón con acceso directo a una acogedora terraza, perfecta para disfrutar del aire libre. La cocina, moderna y equipada con una isla central, incluye una práctica zona de tendedero y lavandería.  El piso cuenta con cuatro dormitorios. El dormitorio principal dispone de un baño en suite, mientras que los demás se complementan con un baño adicional y un aseo. Aire acondicionado.  Calefacción de gas natural. Domótica  Trastero.  Tres plazas de garaje.  Su ubicación es inmejorable, rodeada de colegios y cerca de centros comerciales.  El Encinar es una lujosa urbanización a 11.8 kilómetros de Madrid. Limita al norte con La Moraleja y tiene su origen en la base aérea de Torrejón de Ardoz, aquí fue donde los militares norteamericanos y sus familias vivieron durante 34 años en un contexto netamente americano. Sin embargo, en 1992 pasó a manos españolas y es entonces cuando se empieza a concebir tal como la conocemos hoy.  En El Encinar encontramos viviendas de varias tipologías diferentes: pisos, áticos, pisos bajos con jardín, pareados, adosados y casas individuales, en su mayoría dentro de recintos cerrados, vigilados y con agradables zonas comunes que incluyen jardines, piscinas y dotaciones deportivas. El concepto resulta muy similar al Soto, aunque sus construcciones son mucho más recientes.  Como dato demográfico, decir que está habitado mayoritariamente por familias jóvenes con hijos y como apunte administrativo, señalar que una parte de El Encinar pertenece al término municipal de Alcobendas (código postal 28109) y otra al término municipal de Hortaleza (código postal 28055). Puedes ver más inmuebles en nuestra página web.",True,good,False,True,6900.0,True,True,False,False,[],False,True,1380000.0,€,,,,flat,"Encinar de los Reyes, La Moraleja",Piso,Top+,True,True,
106360326,https://img4.idealista.com/blur/480_360_mq/0/id.pro.es.image.master/a4/4b/76/1318822436.webp,W-02SDK9,58,,2700000.0,flat,sale,220.0,True,2,3,calle de Montalbán,Madrid,Madrid,Retiro,es,Jerónimos,40.4163979,-3.6888806,False,https://www.idealista.com/inmueble/106360326/,"Dúplex incomparable de ultralujo en Jerónimos Para crear este piso de ultra-lujo, se ha fundido la arquitectura clásica del S. XIX ya existente, con la arquitectura de interiores más elegante y contemporánea, así como con las obras de un artista reconocido y consolidado a nivel mundial. Este dúplex se sitúa en un enclave privilegiado en Los Jerónimos y está localizado en un imponente edificio donde integraron el arte y arquitectura en España, una novedosa iniciativa, que ha categorizado este piso en una obra de arte habitable. El piso posee de 225 m2 de puro lujo y solidez, distribuidos en dos plantas, que dan cabida a dos dormitorios y tres baños. Es exterior y a contados pasos del parque Retiro.  La planta inferior ocupa las estancias de día: el salón, el comedor, la cocina, el aseo de invitados, el bar. En la planta superior, nos recibe el dormitorio secundario, con baño en suite. Avanzando por el pasillo, nos adentramos a la estancia del dormitorio principal, con un baño de mármol, con puertas acristaladas independientes, doble lavabo, con detalles únicos, preciosos; los armarios son de portada de revista, de finísima madera, con vitrina para colocar los bolsos. Su ambientación sonora es Bang & Olufsen. En esta finca rehabilitada, se ha preservado la fachada original, el patio central y la entrada, por su valor histórico, posee todas las medidas de eficiencia energética y soluciones sostenibles, sin renunciar al confort y calidez que aportan el uso del color, la luz y la vegetación y cuenta con espacios comunes únicos: un gimnasio, 'spa' y baño turco, piscina y zona de aguas. Este dúplex se vende con dos plazas garaje robotizado, un amplio trastero y una pieza única de obra de arte. El barrio de Jerónimos, situado en el centro de la capital, es el barrio más prestigioso Madrid. Localizado en el distrito Retiro, es el centro aristocrático y artístico distinguido por sus hermosas calles y elegantes edificios. Es conocido como The litlle Paris por sus fachadas históricas, la zona es una combinación de autenticidad y tradición en pleno corazón del Madrid moderno. Posee tesoros incalculables, numerosos monumentos, desde la puerta de Alcalá, pasando por las famosas plazas de Cibeles, Neptuno y de la Lealtad, hasta llegar al célebre Museo del Prado. Es un barrio muy especial de Madrid, muy privilegiado, limita al este con las dos zonas verdes más conocidas de esta cosmopolita: el Real Jardín Botánico y el parque del Retiro, con su lago, jardines exquisitos que cuales lo protegen del bullicio ciudadano. Su entorno colinda con el Paseo del Prado y Recoletos y está enmarcado por la milla de oro de las artes y la cultura, rodeado de diversos museos y centro culturales como: el Museo del Prado, Museo Reina Sofía, el Palacio de Velázquez, el Museo Thyssen, el CaixaForum y la Casa de América. Algunas instituciones públicas tienen sede aquí, como el bellísimo Palacio de Comunicaciones del Ayuntamiento de Madrid, la Bolsa de Madrid y el Cuartel General de la Armada. Jerónimos dispone de buenas comunicaciones, próximo a las principales arterias de Madrid, así como a la estación central de trenes para trasladarse rápidamente entre ciudades. Jerónimos, ubicación excepcional, un lugar apetecido por muchos, pero reservado para muy pocos.",True,good,False,True,12273.0,True,True,False,False,[],False,True,2700000.0,€,,,,flat,"Jerónimos, Madrid",Piso en calle de Montalbán,Top+,True,True,
108625769,https://img4.idealista.com/blur/480_360_mq/0/id.pro.es.image.master/3b/7c/6c/1350620076.webp,V7178I,42,,2550000.0,chalet,sale,500.0,,7,6,El Soto de la Moraleja,Madrid,La Moraleja,El Soto de la Moraleja,es,,40.5243194,-3.6361149,False,https://www.idealista.com/inmueble/108625769/,"Venta. Adosado. El Soto. Promora ofrece este exclusivo chalet adosado, ubicado en una de las mejores urbanizaciones de El Soto de la Moraleja. Localizada en una urbanización cerrada con excelentes zonas comunes, la vivienda cuenta con piscina, pista de pádel y áreas infantiles, proporcionando un entorno seguro y cómodo para familias. Su ubicación es inmejorable, con acceso a los principales colegios de la zona, transporte público y zonas comerciales. Seis dormitorios mas zona para el servicio. Orientación sur. La vivienda cuenta con una excelente distribución y espacios amplios, destaca por su gran luminosidad y su potencial para ser reformada y adaptada a las necesidades de su nuevo propietario. Tiene una superficie aproximada de 470m2, la vivienda se distribuye en varios niveles: planta principal: hall de entrada, aseo de visitas, cocina independiente y gran salón comedor con chimenea y acceso a un porche y jardín privado de aproximadamente de 130m² aproximados, con salida directa a las zonas comunes.  En la primera planta encontramos cuatro dormitorios, tres baños, incluyendo una suite principal con vestidor. La planta superior, la buhardilla ofrece dos dormitorios adicionales y un baño. El sótano tiene garaje con acceso directo a la vivienda, dormitorio con baño para el servicio, cuarto de calderas, despensa, cuarto de juegos y lavandería. Además, la vivienda dispone de aire acondicionado por splits y calefacción de gasoil. Es una oportunidad perfecta para quienes buscan un hogar en un entorno privilegiado, con la posibilidad de reformar y personalizar cada espacio. Colindante con la zona noroeste de La Moraleja, El Soto está compuesto por urbanizaciones de pisos, áticos, pisos bajos con jardín, adosados y pareados de muy diferentes tipologías; todas con zonas comunes ajardinadas que incluyen, en la mayoría de los casos, seguridad activa, piscinas y áreas deportivas.  Tanto El Soto,El Encinar y La Moraleja, suponen un entorno ideal para aquellas familias que quieren todo tipo de comodidades en un ambiente más “campestre”y sosegado que el centro de la ciudad pero a un paso de esta (12 km). A efectos urbanísticos se podría decir que La Moraleja y El Soto tienen la misma edad, ambos empezaron a desarrollarse en la segunda mitad de los años 60 y ambos consiguieron su auge a mediados de los 80, cuando se consolidan como excelentes espacios residenciales. Su código postal es el 28109. Desde El Soto se accede con mucha comodidad a los principales viales de nuestra ciudad como la A-1 (Madrid-Burgos), M-40 etc… Puedes ver más inmuebles en nuestra página web.",True,good,False,,5100.0,True,True,False,False,[],False,True,2550000.0,€,,,,chalet,"El Soto de la Moraleja, La Moraleja",Chalet adosado,Top+,True,True,terracedHouse
108617475,https://img4.idealista.com/blur/480_360_mq/0/id.pro.es.image.master/ef/72/57/1351500743.webp,W-030HJM,28,3,1500000.0,flat,sale,211.0,True,4,2,Barrio Malasaña-Universidad,Madrid,Madrid,Centro,es,Malasaña-Universidad,40.4206486,-3.7057713,False,https://www.idealista.com/inmueble/108617475/,"Vivienda de 4 habitaciones para reformar a un paso de la Grán Vía Engel&Völkers tiene el placer de presentar esta propiedad única, ubicada en un edificio señorial y clásico típicamente madrileño, en la que destacan sus 3 balcones de hierro forjado además de un grán mirador desde los que se puede observar la Gran Vía madrileña. Cabe destacar la abundante luz que inunda todos sus rincones, gracias a la amplitud de los huecos exteriores. Lo que unido a sus techos de 3 metros de altura convierten esta propiedad en una oportunidad única para llevar a cabo una reforma que eleve al máximo su potencial integrando los elementos arquitectónicos que conserva como son: los suelos de pino melis, las preciosas molduras en los techos o las carpinterías originales de madera. Actualmente la propiedad se encuentra distribuida en 4 dormitorios, 2 cuartos de baño, una cocina independiente con tendedero cerrado y un amplio salón-comedor con doble ambiente. Además de esto la propiedad cuenta con un trastero en la finca, lo que maximiza las posibilidades de almacenaje. El inmueble se encuentra a solo un paso de la Gran vía madrileña, entre la Plaza de Callao y la Plaza de España en una zona peatonalizada y renovada. Al encontrarse el edificio en una calle peatonal permite su cómodo acceso y tranquilidad mientras que al mismo tiempo podemos observar la Gran Vía con sus excelentes teatros, cines y comercios.",True,good,False,True,7109.0,True,True,False,True,[],False,True,1500000.0,€,,,,flat,"Malasaña-Universidad, Madrid",Piso,Top+,,,
108520549,https://img4.idealista.com/blur/480_360_mq/0/id.pro.es.image.master/e7/56/cb/1347584878.webp,MOV03497,62,,2900000.0,chalet,sale,400.0,,6,5,Encinar de los Reyes,Madrid,La Moraleja,Encinar de los Reyes,es,,40.5079969,-3.639396,False,https://www.idealista.com/inmueble/108520549/,"Exclusivo chalet pareado de aproximadamente 400 m² construidos con jardín privado en impecable estado de conservación y listo para entrar a vivir. Ubicado en una de las urbanizaciones más prestigiosas y seguras de El Encinar de los Reyes, dentro de un entorno cerrado con vigilancia 24 horas y completas zonas comunes que incluyen piscina, pista de pádel, amplias áreas verdes y parque infantil. Esta vivienda destaca por su estilo elegante y equilibrado así como por una distribución muy funcional pensada para el confort del día a día. En la planta principal encontramos una agradable zona de recibo con aseo de cortesía, un amplio salón-comedor con zona de despacho y grandes ventanales con bonitas vistas al jardín, junto a una moderna cocina con isla central y zona de comedor diario. En la primera planta un espacioso hall da paso a cuatro dormitorios completamente reformados y dos baños, siendo el principal en suite, con posibilidad de incorporar fácilmente un tercer o cuarto baño según las necesidades del nuevo propietario. La buhardilla ofrece un dormitorio con baño en suite ideal como zona de invitados. El sótano, con entrada de luz natural y acceso directo al exterior, cuenta con una gran sala de estar perfecta como cuarto de juegos o cine en casa, además de una cocina auxiliar o kitchenette, cuarto de lavandería, un baño completo y un dormitorio de servicio, el garaje anexo tiene capacidad para dos coches. La vivienda dispone de aire acondicionado y calefacción individual por gas natural, todo ello orientado al sur para disfrutar de una luminosidad excepcional en un entorno tranquilo, familiar y bien comunicado.  Destacamos zona exterior con un jardín privado verdaderamente especial que ofrece un porche acogedor y varios rincones diferenciados pensados para el descanso y el disfrute al aire libre, creando un espacio armónico y relajante perfecto para reuniones, lectura o simplemente desconectar rodeado de vegetación. DE SALAS. Ref. MOV03497 DISTRIBUCIÓN PLANTA PRINCIPAL - Salón doble y comedor - Cocina con comedor  - Aseo de invitados PRIMERA PLANTA - 4 Dormitorios y 2 baños (1 Dormitorio principal con baño en suite con ducha y bañera). Los otros tres dormitorios comparten un baño BUHARDILLA - 1 Dormitorio de invitados con baño  - Trastero, maletero SÓTANO - Sala multiusos - Kitchenette - 1 Dormitorio de servicio y baño - Cuarto de lavandería - Garaje: (2 plazas) Una oportunidad única para vivir con lujo, privacidad y calidad en una de las mejores zonas residenciales del norte de Madrid.",True,good,False,,7250.0,True,True,False,False,[],False,True,2900000.0,€,,,,chalet,"Encinar de los Reyes, La Moraleja",Chalet pareado,Top+,True,True,semidetachedHouse
108752576,https://img4.idealista.com/blur/480_360_mq/0/id.pro.es.image.master/b2/f7/a4/1355494198.webp,W-02WG9K,34,3,850000.0,flat,sale,83.0,True,2,2,calle de Diego de León,Madrid,Madrid,Barrio de Salamanca,es,Lista,40.4329225,-3.6747681,False,https://www.idealista.com/inmueble/108752576/,"Luminosa vivienda exterior con orientación sur, situada en la calle Diego de León Engel & Völkers presenta esta luminosa vivienda exterior con orientación sur, situada en la calle Diego de León, en pleno Barrio de Salamanca. Con 85 m² construidos, este piso ofrece una distribución cómoda y funcional, destacando su salón-comedor exterior, dos dormitorios y un diseño cuidado en cada detalle. El dormitorio principal cuenta con un amplio armario empotrado con altillo y baño en suite con bañera, aportando privacidad y confort. Además, la vivienda dispone de un aseo de cortesía que da servicio a la zona de día. La cocina, independiente y muy funcional, está completamente amueblada y equipada con electrodomésticos, e incluye espacio para una mesa de desayuno o comidas informales. En el área del comedor se ha incorporado un versátil mueble a medida en madera, que aporta calidez al espacio y una solución de almacenamiento práctica y decorativa. Entre sus calidades destacan los suelos de tarima de roble, puertas lacadas en blanco, ventanas de PVC con doble acristalamiento Climalit, calefacción individual de gas natural y aire acondicionado, lo que garantiza confort durante todo el año. Una excelente oportunidad para vivir o invertir en una de las zonas más demandadas de Madrid, con todos los servicios, comercios y transportes a un paso. Este piso está ubicado en el barrio de Lista que pertenece al distrito de Salamanca. Este es uno de los barrios madrileños de mayor demanda. Se trata de una zona residencial rodeada de palacetes, embajadas y los mejores restaurantes de Madrid. Se encuentra junto a la zona comercial por excelencia ""la Milla de Oro"" en la calle Ortega y Gasset a la que llegamos dando un paseo de tan solo unos minutos. Este barrio debe su nombre a D. José de Salamanca y Mayol, Marqués de Salamanca. Este distinguido arquitecto fue quien planificó los espacios concibiendo el barrio de Salamanca como un entramado de preciosas calles paralelas y perpendiculares donde se alojó la burguesía de la época. Actualmente, es una zona residencial con gran demanda entre las élites políticas, financieras y directivos de compañías nacionales e internacionales.",True,good,False,True,10241.0,True,True,False,False,[],False,True,850000.0,€,,,,flat,"Lista, Madrid",Piso en calle de Diego de León,Top+,,,
108401741,https://img4.idealista.com/blur/480_360_mq/0/id.pro.es.image.master/f0/73/6d/1343106195.webp,,49,8,7250000.0,flat,sale,485.0,True,5,5,paseo de Eduardo Dato,Madrid,Madrid,Chamberí,es,Almagro,40.4331446,-3.6947693,False,https://www.idealista.com/inmueble/108401741/,"Almagro - Chamberí: Con gran TERRAZA con VISTAS. 485m2 en un edificio representativo de la zona. Altura de techos en el salón de 2,97metros. Tiene 2 plazas de garaje, cuarto comunitario para conductores y aseo, portero físico. La actual distribución es la siguiente: Buena zona de recibo Despacho ó librería Gran Salón con acceso a una buena terraza con vistas Amplio comedor Aseo de cortesía Cocina con office, comedor de diario y sala de estar ó ""playing room"" para los más pequeños Dormitorio de servicio con baño. Amplio dormitorio principal con baño recién renovado 2 dormitorios que comparten un baño.",True,renew,False,True,14948.0,True,True,False,False,[],False,True,7250000.0,€,,,,flat,"Almagro, Madrid",Piso en paseo de Eduardo Dato,Top+,True,True,
108460470,https://img4.idealista.com/blur/480_360_mq/0/id.pro.es.image.master/35/12/94/1346854909.webp,V7204I,41,3,3500000.0,penthouse,sale,351.0,True,4,5,El Soto de la Moraleja,Madrid,La Moraleja,El Soto de la Moraleja,es,,40.5199732,-3.6487201,False,https://www.idealista.com/inmueble/108460470/,"Venta. El Soto. Piso ático - dúplex. Promora vende espectacular piso dúplex de 351 m² aproximados, dentro de urbanización cerrada y vigilada las 24 horas, con extensas y completas zonas comunes. Tres dormitorios con tres baños, sala de estar, despacho y zona para el servicio. Dos plazas de garaje y trastero.  Descubre este espectacular piso de lujo de 351 m² distribuidos en dos plantas, ubicado en una de las urbanizaciones más exclusivas de El Soto de La Moraleja. Reformado con las mejores calidades, orientación sur y vistas despejadas, esta vivienda es una joya única en la zona. En la planta principal, un elegante hall da paso a un amplio salón dividido en dos ambientes, un comedor independiente y una moderna cocina con office y dormitorio de servicio con baño completo. También encontrarás una acogedora sala de estar, un despacho ideal para teletrabajo, aseo de cortesía y una magnífica terraza con impresionantes vistas sobre la urbanización y La Moraleja. La planta superior alberga la zona de descanso con tres dormitorios y tres baños. El dormitorio principal destaca por su terraza privada de 40 m² con piscina privada, un auténtico oasis de privacidad y confort. La vivienda incluye dos plazas de garaje y trastero. Entre sus prestaciones se encuentran:  Aire acondicionado por conductos  Calefacción central con contadores individuales.   Zonas comunes con piscina, jardines y dos pistas de tenis y seguridad 24H.   Entorno tranquilo, cercano a la Plaza de La Moraleja y a los principales colegios internacionales Una propiedad excepcional para quienes buscan confort, seguridad y calidad de vida en un entorno privilegiado. Colindante con la zona noroeste de La Moraleja, El Soto está compuesto por urbanizaciones de pisos, áticos, pisos bajos con jardín, adosados y pareados de muy diferentes tipologías; todas con zonas comunes ajardinadas que incluyen, en la mayoría de los casos, seguridad activa, piscinas y áreas deportivas.  Tanto El Soto,El Encinar y La Moraleja, suponen un entorno ideal para aquellas familias que quieren todo tipo de comodidades en un ambiente más “campestre”y sosegado que el centro de la ciudad pero a un paso de esta (12 km). A efectos urbanísticos se podría decir que La Moraleja y El Soto tienen la misma edad, ambos empezaron a desarrollarse en la segunda mitad de los años 60 y ambos consiguieron su auge a mediados de los 80, cuando se consolidan como excelentes espacios residenciales. Su código postal es el 28109. Desde El Soto se accede con mucha comodidad a los principales viales de nuestra ciudad como la A-1 (Madrid-Burgos), M-40 etc… Puedes ver más inmuebles en nuestra página web.",True,good,False,True,9972.0,True,True,False,False,[],False,True,3500000.0,€,,,,flat,"El Soto de la Moraleja, La Moraleja",Ático,Top+,True,True,penthouse
106483093,https://img4.idealista.com/blur/480_360_mq/0/id.pro.es.image.master/83/01/85/1316669892.webp,W-02X7SX,31,3,3150000.0,flat,sale,244.0,True,4,4,Barrio Recoletos,Madrid,Madrid,Barrio de Salamanca,es,Recoletos,40.4220601,-3.6822849,False,https://www.idealista.com/inmueble/106483093/,"Piso Luminoso en Recoletos a dos pasos de El Retiro Engel&Völkers les presenta este piso en pleno Recoletos a dos pasos del Retiro. El piso consta de un gran recibidor que nos lleva a la izquierda a un amplio salón comedor con dos ventanales dobles a la calle y con vistas despejadas a preciosos edificios. El piso consta de cuatro domitorios y cuatro cuartos de baño, tres de ellos en suite. Uno de los dormitorios en estos momentos hace vez de comedor y zona de televisión; la cocina se encuentra al lado lo que es muy práctico. Los tres dormitorios restantes son en suite siendo el principal muy amplio y cuenta con un vestidor. El aseo de cortesía es un cuarto de baño completo que da servicio al cuarto dormitorio. Techos muy elevados de 3.30 metros. Tanto el distribuidor como los dormitorios tienen grandes ventanas a patios muy bien mantenidos y con muchísima luz. El edificio es clásico de los años treinta del siglo pasado y dispone de portero en finca que habita en el edificio. El piso se encuentra en una de las calles más icónicas de Madrid y a dos pasos de El Retiro, en pleno Recoletos. El barrio de Salamanca es una de las zonas más relevantes de Madrid tanto por su peculiar distribución como por los vecinos que tradicionalmente han habitado sus emblemáticas calles. Su construcción data de la segunda mitad del siglo XIX y corresponde a la ampliación urbanística llevada a cabo durante el reinado de Isabel II. El precursor al que debe su nombre fue el malagueño José de Salamanca y Mayol, Marqués de Salamanca, quien concibió un nuevo emplazamiento con una cuidada edificación que albergara a las clases aristocráticas y burguesas de Madrid. De estilo decimonónico, se caracteriza por su especial distribución regular en forma de damero con calles perpendiculares. Sus edificios gozan de especial interés gracias a su calidad arquitectónica y la belleza de sus fachadas. Tradicionalmente, Salamanca fue una zona de uso residencial, especialmente habitada por las élites políticas y económicas del país. En los últimos cincuenta años este carácter residencial convive con otras actividades como la empresarial, la diplomática y especialmente la comercial ya que es una de las áreas de moda de lujo más importantes de la capital. El Parque del Buen Retiro es el auténtico protagonista de este barrio de Madrid que tiene sus flancos en las Calles de Alcalá y O'Donnell en el extremo norte, la Calle Doctor Esquerdo en el este, la Avenida del Mediterráneo y el Paseo de Reina Cristina en el Sur y la Calle Alfonso XII en el extremo occidental.",True,good,False,True,12910.0,True,True,False,True,[],False,True,3150000.0,€,,,,flat,"Recoletos, Madrid",Piso,Top+,,,
97995920,https://img4.idealista.com/blur/480_360_mq/0/id.pro.es.image.master/57/b5/aa/1154658134.webp,W-02P3DK,34,2,1950000.0,flat,sale,390.0,True,5,4,Barrio El Viso,Madrid,Madrid,Chamartín,es,El Viso,40.4506575,-3.687597,False,https://www.idealista.com/inmueble/97995920/,"Exclusivo y espacioso piso en El Viso Engel & Völkers presenta este fantástico piso de 390 m2 construidos y 314 m2 útiles de vivienda, todo exterior, en perfecto estado de conservación y en una de las calles más prestigiosas del Viso. Entramos a la vivienda a través de un magnífico hall que da acceso a la zona de día, compuesta por cuarto de estar, salón principal y gran comedor, conectados entre sí por puertas correderas. La zona de noche está compuesta por cinco dormitorios y cinco baños, dos de ellos en suite. La zona de servicio consta de una cocina con office, dormitorio de servicio ahora destinado a lavadero, y baño. Todo ello con grandes ventanales que le otorgan gran luminosidad. Los suelos son los originales, de madera con marquetería al igual que las puertas lacadas en blanco. La finca cuenta con portero físico y trastero. Actualmente se ha reformado el portal y en la azotea se ha terminado la piscina comunitaria. Las características de esta vivienda resultan ideales para familias que quieran disponer de grandes espacios, cerca de centros comerciales, colegios de prestigio, restaurantes y zonas de ocio. El barrio de El Viso, en el distrito de Chamartín al norte del barrio de Salamanca, es uno de los barrios residenciales más lujosos de Madrid y preferido por empresarios, diplomáticos y ejecutivos con alto poder adquisitivo por su exclusividad y tranquilidad. Es una zona muy tranquila, bien cuidada, rodeada de vegetación con espacios verdes y disfruta de una excelente comunicación con el resto de la ciudad. El distrito Chamartín ofrece una amplia gama de servicios desde grandes almacenes, comercios, farmacias, colegios, iglesias, gimnasios, hoteles, zonas deportivas, hasta una selección de los mejores bares y restaurantes de Madrid. Chamartín además alberga varias Embajadas y Administraciones Públicas importantes, lo que hace que en sus calles principales se ubiquen a su vez, oficinas, despachos profesionales y clínicas de prestigio. El sistema de transporte público asegura la máxima comodidad para los residentes de sus barrios. Otros puntos de interés son el Auditorio Nacional de Música, el estadio de fútbol Santiago Bernabéu, varios museos y el Parque de Berlín.",True,renew,False,True,5000.0,True,True,False,True,[],False,True,1950000.0,€,,,,flat,"El Viso, Madrid",Piso,Top+,,,
108611951,https://img4.idealista.com/blur/480_360_mq/0/id.pro.es.image.master/c9/95/64/1349924676.webp,W-02XBEG,37,1,2050000.0,flat,sale,249.0,True,5,5,Barrio Nuevos Ministerios-Ríos Rosas,Madrid,Madrid,Chamberí,es,Nuevos Ministerios-Ríos Rosas,40.4416426,-3.6946863,False,https://www.idealista.com/inmueble/108611951/,"Excelente propiedad en un entorno único en calle de Fernández de la Hoz Engel & Völkers presenta excelente oportunidad de adquirir una propiedad en un entorno incomparable. En una urbanización emblemática, conocida por sus grandes espacios ajardinados y deportivos, de uso exclusivo de los vecinos del inmueble, y una ubicación privilegiada, los residentes disfrutan de la vida con estilo y comodidad. La vivienda, exterior, se ubica en la primera planta, con altura de segunda, de esta magnífica finca de finales de los años 70. Cuenta con una superficie de 249 metros cuadrados construidos, dos plazas de garaje en finca, trastero, servicio de portería 24 horas y vigilancia por cámaras de seguridad. El edificio dispone de una amplia gama de servicios, incluyendo piscinas de adultos y niños, jardín, gimnasio, sauna y pista de squash, parque infantil y guardería. Un lujo en el centro de Madrid. La vivienda, para reformar, se caracteriza por la amplitud de sus habitaciones y calidades de construcción. Al entrar nos encontramos un amplio recibidor que da paso al salón-comedor, con una acogedora chimenea y terraza acristalada, completa la zona de día una sala de estar - biblioteca y una amplia cocina independiente con salida a un patio interior. La zona de noche cuenta con cinco dormitorios en origen, de los cuales tres son exteriores, actualmente, uno de ellos convertido en el salón de estar - biblioteca, y 5 baños, de ellos 3 en suite.  Esta propiedad es ideal para familias y profesionales que valoran un hogar con todos los servicios, buena ubicación y comodidad, e inversores que buscan una propiedad de alta rentabilidad. Sin duda una gran oportunidad en el centro de Madrid con las ventajas que ofrece una urbanización de estas características. La propiedad se encuentra en una de las mejores zonas del barrio de Ríos Rosas, a escasos metros de la Plaza San Juan de la Cruz y del Paseo La Castellana, en el distrito Chamberí. Conocido por sus calles arboladas y fincas de estilo clásico combinados con edificaciones de arquitectura actual. Una zona céntrica y residencial que ofrece acceso a la cultura, la rica historia y la sofisticada vida madrileña, ofreciendo una excelente calidad de vida para sus residentes. La infraestructura de la zona es inmejorable. La zona cuenta con una amplia variedad de servicios y comercio, dentro de los cuales destacan centros comerciales como el Corte Inglés de Castellana y la zona comercial de calle Orense, así como tiendas, supermercados, centros educativos, centros de salud y una gran oferta de restaurantes y ocio, tales como cines, teatros, el Museo Sorolla, el Museo de Ciencias Naturales. Además cuenta con excelentes conexiones de transporte público, autobuses, estaciones de metro como Alonso Cano, Gregorio Marañón y Nuevos Ministerios, la mejor conexión al aeropuerto y cercanías. En resumen, esta propiedad ofrece una oportunidad única de vivir en una de las zonas más prestigiosas de Madrid. Aquí encontrará la combinación perfecta de tranquilidad, lujo y acceso a todo lo que esta ciudad tiene para ofrecer. Una inversión excepcional en un estilo de vida extraordinario.",True,renew,False,True,8233.0,True,True,False,True,[],False,True,2050000.0,€,,,,flat,"Nuevos Ministerios-Ríos Rosas, Madrid",Piso,Top+,True,True,
108574393,https://img4.idealista.com/blur/480_360_mq/0/id.pro.es.image.master/c9/4c/2c/1348861352.webp,W-02YCV0,32,2,1650000.0,flat,sale,210.0,True,3,2,Barrio Malasaña-Universidad,Madrid,Madrid,Centro,es,Malasaña-Universidad,40.423334,-3.699705,False,https://www.idealista.com/inmueble/108574393/,"Ideal para transformar en lujo sofisticado en la calle Fuencarral Engel & Völkers le da la bienvenida a un exclusivo piso de 210 metros cuadrados situado en el corazón de Madrid, en el área peatonal de la emblemática calle Fuencarral, a dos pasos de Gran Vía.  Este magnífico inmueble, construido en 1880, ofrece un espacio habitable de 190 metros cuadrados, distribuidos en tres amplias habitaciones y dos elegantes baños, uno de ellos en suite. Aunque requiere rehabilitación, su potencial para convertirse en una joya de lujo es innegable. Al ser un edificio de interés patrimonial, está exento de IBI (Impuesto de los Bienes Inmuebles). Al entrar, se percibe una atmósfera de elegancia y calidez, realzada por los suelos de madera que recorren toda la vivienda. La presencia de una chimenea añade un toque acogedor, perfecto para veladas nocturnas y temporadas invernales. Cada habitación está diseñada para aprovechar al máximo el espacio y la luz, con armarios empotrados que ofrecen soluciones de almacenamiento sofisticadas y prácticas. Entre sus características únicas, destaca un balcón y un mirador orientados al este, ideal para disfrutar de las mañanas madrileñas. La gran altura de los techos es otro factor que añade crácter y distinción a toda la casa.  La accesibilidad está garantizada gracias a un clásico ascensor de hierro y caja de madera asegurando comodidad para todos los residentes. La cocina está equipada con electrodomésticos integrados, y las instalaciones sanitarias separadas ofrecen un nivel adicional de comodidad. Este inmueble es una oportunidad única para quienes buscan una residencia de lujo con un carácter histórico en una ubicación inmejorable. Con su combinación de encanto antiguo y potencial moderno, este inmueble es la esencia del estilo de vida sofisticado en Madrid. No deje pasar la oportunidad de transformar este espacio en el hogar de sus sueños. Descubra un estilo de vida inigualable en la prestigiosa calle Fuencarral. Este exclusivo barrio es ideal para aquellos que valoran la cultura, el arte y la vida urbana vibrante. Su ubicación central permite disfrutar de la esencia madrileña en todo su esplendor, ofreciendo un refugio sofisticado y lleno de historia. La infraestructura es excepcional, con fácil acceso a una red de transporte público eficiente que incluye estaciones de metro Chueca, Gran Vía y Tribunal, y autobuses a pocos minutos a pie, conectando rápidamente con el resto de la ciudad. Además, el aeropuerto Adolfo Suárez Madrid-Barajas se encuentra a solo 20 minutos en coche, garantizando una conexión perfecta para viajeros frecuentes. La oferta de actividades de ocio es amplia y variada. Desde explorar las tiendas de moda y boutiques exclusivas en la calle Fuencarral, hasta disfrutar de la vibrante vida nocturna en los bares y restaurantes de la zona. La proximidad a lugares icónicos como la Gran Vía, ofrece acceso a teatros, cines y eventos culturales de renombre. Chueca destaca por su ambiente bohemio y su espíritu creativo. Los grafitis artísticos y las galerías de arte contemporáneo reflejan la identidad única del barrio, convirtiéndolo en un lugar inspirador para vivir. Este enclave urbano es perfecto para quienes buscan un equilibrio entre modernidad y tradición. En resumen, vivir en Fuencarral es experimentar el alma de Madrid en su máxima expresión. Con su mezcla de historia, cultura y modernidad, esta ubicación ofrece una experiencia de vida incomparable para quienes buscan lo mejor en lujo y estilo urbano.",True,renew,False,True,7857.0,True,True,False,True,[],False,True,1650000.0,€,,,,flat,"Malasaña-Universidad, Madrid",Piso,Top+,,,
108468954,https://img4.idealista.com/blur/480_360_mq/0/id.pro.es.image.master/d7/c6/0e/1345835632.webp,,56,,2995000.0,chalet,sale,706.0,,5,7,Las Lomas,Madrid,Boadilla del Monte,Las Lomas,es,,40.4322656,-3.8918198,False,https://www.idealista.com/inmueble/108468954/,"LAS LOMAS: Chalet independiente de OBRA NUEVA, en UNA sola PLANTA. Esta propiedad tiene muchas innovaciones arquitectónicas que hacen que sea una vivienda muy cómoda y bien diseñada, la cual está distribuida de la siguiente manera: Amplio hall, con gran puerta de acceso a la vivienda, donde nos encontramos un gran cristal con vistas al cuidado jardín.  Gran dormitorio principal con capacidad para montar un salón, el vestidor es amplio y el baño dispone de ducha interior vertical, bañera exenta y ducha exterior tipo ""balinesa"", en un patio privado ajardinado. 3 dormitorios iguales. Cada uno con gran zona de armarios, baño completo y un patio privado ajardinado donde nos encontramos una ducha de tipo ""balinesa"", al aire libre. La vivienda dispone de un espacio para cuarto de juegos ó TV-Room, y otro espacio para montar una zona de estudio. El salón, con chimenea y grandes ventanales que se abren haciendo que el jardín sea una prolongación del salón, sin escalones y con la perfilaría de las ventanas enrasada con en suelo.  El comedor junto a un patio ajardinado y la cocina que está equipada con electrodomésticos de alta gama MIELE, isla y un cómodo acceso al jardín, por si se quiere dar una comida al aire libre. Sala de Gym Despacho con acceso por la vivienda ó independiente para generar intimidad hacia la casa. Aseo de cortesía. Dormitorio de servicio con baño completo Zona independiente de lavadoras (Laundry). Techos de 2,80metros Parcela muy plana y cómoda.",True,good,False,,4242.0,True,True,False,True,[],False,True,2995000.0,€,,,,chalet,"Las Lomas, Boadilla del Monte",Casa independiente,Top+,True,True,independantHouse
107367378,https://img4.idealista.com/blur/480_360_mq/0/id.pro.es.image.master/75/cc/3c/1310843772.webp,,106,,1565000.0,chalet,sale,480.0,,5,8,Santo Domingo,Madrid,Santo Domingo,,es,,40.6237037,-3.5781842,False,https://www.idealista.com/inmueble/107367378/,"Santo Domingo, urbanización con seguridad 24horas: Chalet integralmente reformado en el 2021 sobre una plana parcela de 1.600m2 Altura de techos en el salón de 5,25metros. Piscina climatizada Caldera de AEROTERMIA con apoyo de placas fotovoltaicas. Suelo radiante + fancoil frío / calor + Splits Agua del Canal + pozo para el jardín y piscina. La vivienda está distribuida de la siguiente manera: Planta de acceso: Salón - comedor con chimenea Cocina con office y desayunado Despacho Aseo de cortesía Dormitorio con baño completo en suite. 1º Planta: Zona de estar 2 dormitorios, cada uno con su baño completo en suite. Sótano: Cuarto de estar ó de juegos con chimenea (con pre-instalación para Kitchentte) Aseo de cortesía Dormitorio de invitados con baño completo Dormitorio de servicio con baño completo Laundry (cuarto de lavandería y plancha) Trasteros Cuarto de máquinas. En la parcela nos encontramos 2 construcciones más: Una con una barbacoa, vestuarios + sauna y zona de Txoco exterior Y otra construcción que es el GARAJE, para 2 coches, con cargador eléctrico.",True,good,False,,3260.0,True,True,False,True,[],False,True,1565000.0,€,,,,chalet,Santo Domingo,Casa independiente,Top+,True,True,independantHouse
106269713,https://img4.idealista.com/blur/480_360_mq/0/id.pro.es.image.master/f6/a6/45/1277770602.webp,,57,,9950000.0,chalet,sale,1325.0,,6,10,Barrio Somosaguas,Madrid,Pozuelo de Alarcón,Somosaguas,es,Somosaguas,40.4194751,-3.7825199,False,https://www.idealista.com/inmueble/106269713/,"OBRA NUEVA: Chalet independiente, con todos los avances tecnológicos del mercado, para hacer una vivienda cómoda, fácil de usar y de vivir y con la eficiencia energética más alta (A+), sin perder la comodidad. A la construcción le quedan 3 meses para que esté terminada y todavía hay posibilidad de personalización. Las obras restantes son: • Los armarios • Cocinas y electrodomésticos. • Una escultura especial suspendida en la entrada de la famosa artista Cristina Almodóvar. La vivienda está distribuida de la siguiente manera: Planta 0: Gran puerta de entrada con amplia zona de recibo. Salón comedor con una protagonista chimenea y altura de techos de 4,80m. Sala de TV Despacho 2 dormitorios en suite con 2 baños completos Gran cocina con islas Aseo Garaje Casita de la piscina con suelo climatizado y una 2º cocina de exterior. Planta 1 (desde esta planta, también hay un cómodo acceso al jardín. El paisajísmo se ha adecuado para hacerlo todo bonito): Salón multiusos. 2 Dormitorios en suite con baños completos (ideal para hij@s) Master Suite, con 2 vestidores, gran baño con ducha doble gran zona de noche con chimenea de gas y cómodo acceso al jardín. Planta -1 (con luz natural gracias a los patios ingleses): Laundry con lavadoras convencionales + 1 tipo tintorería. Apartamento de servicio. Sala multiusos  Zona de Gym, Jacuzzi y Hamman. Todo el material interior es de primeras marcas GUNNI & TRENTINO. El paisajismo es de LOCUSLANDSCAPE. • Todas las ventanas son piezas grandes y de Panaromah -Suiza (La ventana del salón principal es motorizada y con perfilaría oculta, para que no tenga escalón cuando vas descalzo). • La casa está totalmente domotizada con: GIRA-Alemania. • La iluminación (exterior e interior) es de FLOS-Italia. • Electrodomésticos MIELE y el sistema de cocción es de BORA con el sistema de campana oculta. • Hay 3 sistemas de climatización: calefacción/refrigeración del suelo, sistema de aire acondicionado central (DAYKAN) y sistema de filtración de aire natural (DAYKAN), todos controlados por el sistema de automatización principal de la casa. • La piscina exterior (5mx20m) está equipada con 15m, sistema de chorro de agua de doble banco, sistema de filtración de sal y depósito de agua de 50.000 litros. El gimnasio interior incluye jacuzzi para 6 personas, sauna seca y baño turco. • Pozo de agua, ideal para regar el jardín (200 m de profundidad) e instalación de Paneles Solares (34 KW) y 2 Cargadores de Vehículos Eléctricos con todas las licencias y certificados de legalización. La certificación energética es A++y casi sin coste de facturación mensual de luz y agua. • El sistema de seguridad es mediante Inteligencia Artificial y Análisis de Video, sensores de movimiento exterior e interior conectados con la empresa central de seguridad. Las puertas exteriores y del dormitorio principal son antirrobo con sistema biométrico (huella dactilar). Además de la seguridad que tiene la urbanización con vigilancia y patrulla.  • Lavabo del aseo de cortesía de ANTONIO LUPI- Italia y los sanitarios son totalmente automatizados de Villeroy & Boch- Alemania. • Las puertas exteriores revestidas con madera importada de Japón. Todas las puertas interiores son personalizadas en tamaño triple (20 cm de espesor, enrasadas con las paredes) y las manijas son de diseño especial de OLIVARI-Italia. • La lavandería: 2 lavadoras, 2 secadoras, 2 sistemas de planchado y tintorería industrial (Lavadero seco). • Todos los pavimentos interiores son porcelánicos 150x150 cm Tuche de INALCO-España, los dormitorios son de tarima de madera natural y el pavimento exterior es de Piedra Sierra Elvira.",True,good,False,,7509.0,True,True,False,True,[],False,True,9950000.0,€,,,,chalet,"Somosaguas, Pozuelo de Alarcón",Casa independiente,Top+,True,True,independantHouse
103258901,https://img4.idealista.com/blur/480_360_mq/0/id.pro.es.image.master/0e/53/37/1339473077.webp,CG210073,134,,2800000.0,chalet,sale,855.0,,6,8,calle del Naranjo de Bulnes,Madrid,Ciudalcampo,,es,,40.6293737,-3.5923567,False,https://www.idealista.com/inmueble/103258901/,"GILMAR Zona Norte presenta una propiedad única en Ciudalcampo, en una ubicación privilegiada en primera línea del Golf, que es sinónimo de modernidad, gusto exquisito, espacios amplios. La villa, en impecable estado de conservación y orientación sur, se asienta sobre una parcela llana de más de 3.600 m2 con un jardín cuidado hasta el más mínimo detalle con piscina climatizada, fire pit, porches y terrazas que bordean todas las estancias de la casa, parque infantil, huerto, árboles frutales, zonas de sombra, etc que permiten exprimir al máximo el exterior. Desde la espaciosa entrada se accede al salón comedor con dos zonas diferenciadas y con salida directa a uno de los porches. La cocina recorre de modo transversal la planta principal y está equipada con electrodomésticos tope de gama y tiene una salida directa a otro de los porches. Se complementa con un laundry muy espacioso. La planta principal cuenta también con un precioso despacho y una sala de estar con salida directa a otro porche. La master suite en suite también se ubica aquí con su vestidor y baño y salida directa al jardín. También aquí se ubica otro dormitorio en suite con cuarto de baño En la planta superior se accede a la zona más privada de la villa con una espaciosa sala de estar/playroom así como cuatro magníficos dormitorios todos en suite con vestidor, baño y terraza. El sótano se destina a la sala de máquinas incluyendo un sistema de tratamiento de agua conectado con toda la casa así como con el riego que abastece el huerto y los árboles frutales. También hay un trastero. El chalet destaca por su interiorismo de lujo y está pensado para disfrutar al máximo de todas las estancias manteniendo la temperatura ideal con un consumo energético muy reducido gracias a su climatización mediante aerotermia de última generación con suelo radiante y refrescante. Además dispone de 20 placas solares que aprovechan la energía del sol para reducir aún más el consumo. El garaje es cerrado para 4 coches y dispone de cargador para vehículo eléctrico. La urbanización de Ciudalcampo está considerada como una de las mejores zonas residenciales de Madrid, situada junto al Parque Regional de la Cuenca Alta del Manzanares, en los municipios de San Sebastián de los Reyes y Colmenar Viejo, en un entorno privilegiado, con impresionantes vistas a la sierra norte de Madrid. Dispone de excepcionales dotaciones y servicios dentro de la propia urbanización: Colegio internacional, Club deportivo RACE (Golf, Pádel, Tenis, Piscina, Gimnasio, Hípica, Fútbol), Servicio regular de autobuses a Madrid e interno dentro de la propia urbanización, Oficina de correos y Centro Comercial Santo Domingo. Sin olvidarnos de los 6,5 Km de circuito físico para la práctica de deporte al aire libre y 41km de viales con tráfico limitado a la propia urbanización, ideales para los amantes de paseos en plena naturaleza. Cuenta, además, con un sistema de cámaras y vallado perimetral con servicio de seguridad 24 horas, patrullas de vigilancia y control de barrera a la entrada. Además, la comunicación es inmejorable, en las proximidades de esta lujosa urbanización situada en la autovía A-1, en el kilómetro 28 sentido Burgos, se encuentra el Aeropuerto de Madrid (Adolfo Suarez) y a tan sólo 15 minutos del centro. Cuenta con los mejores y más amplios servicios con un Centro Comercial que cuenta con consultorio médico (Público y privado), oficina de Correos, bancos, farmacia, diversa restauración, veterinario, gimnasio, etc… además de Club Social con campo de entrenamiento de golf, piscina, escuela de tenis, zona de ocio para niños y adultos, etc... Dispone también de colegios públicos (CEIPS) y privados e internacionales (SEK, Trinity College...), residencia para la tercera edad e iglesia, y a escasos minutos del Hospital Público Infanta Sofía. En Gilmar trabajamos para ofrecer a nuestros clientes las mejores propiedades con todas las excelen.",True,good,False,,3275.0,True,True,False,False,[],False,True,2800000.0,€,,,,chalet,Ciudalcampo,Casa independiente en calle del Naranjo de Bulnes,Top+,True,True,independantHouse
107983438,https://img4.idealista.com/blur/480_360_mq/0/id.pro.es.image.master/74/a0/89/1330200609.webp,DS-P77195.,31,8,7250000.0,flat,sale,485.0,True,7,6,paseo de Eduardo Dato,Madrid,Madrid,Chamberí,es,Almagro,40.4316882,-3.6948968,False,https://www.idealista.com/inmueble/107983438/,"DIZA Consultores les presenta señorial piso haciendo esquina con once ventanales al exterior, terraza grande y vistas espectaculares, en edificio representativo de Gutiérrez Soto, en la mejor zona de Almagro. En la octava planta de un edificio construido a mediados del siglo XX, encontramos este piso de techos altos con 485 metros cuadrados, siete dormitorios, cinco baños y aseo para reformar. Actualmente el salón se divide en tres estancias, zona de biblioteca, zona de estar y comedor grande, para más de doce personas. Todas las estancias gozan de unas magníficas vistas despejadas con muchísima luz. Los más de cien metros que suman los salones y recibidor, las dos chimeneas en uso, más la terraza de 25 metros cuadrados, hacen de este salón una de las mejores zonas de recibo de Madrid. La zona de descanso principal está compuesta por cinco dormitorios, siendo tres de ellos exteriores y con vistas despejadas. De estos dormitorios, tres son con baño en suite y los otros dos dormitorios comparten un baño grande. La cocina cuenta con office, zona de cocina, sala de estar grande con comedor de diario, salón para el servicio y dos dormitorios más un baño completo. Los grandes y luminosos espacios de esta vivienda, permiten hacer volar la imaginación, convirtiéndola en una vivienda moderna de aire clásico en la mejor zona de la capital.  La finca cuenta con portero físico todos los días de la semana, calefacción central y soberbio portal clásico. La propiedad incluye una plaza de garaje doble muy grande, con capacidad para dos coches grandes y motos y un trastero.  El barrio de Almagro perteneciente al distrito Chamberí, se trata de una de las zonas más lujosas y con mejor calidad de vida de Europa. Gracias a la amplia oferta gastronómica, cultural y comercial, se trata de una formidable zona donde vivir e invertir. Estaremos encantados de atenderle. DIZA Consultores Inmobiliarios Inmobiliaria de lujo en Madrid especializada en comprar, vender y alquilar pisos en las zonas premium de Madrid: Barrio de Salamanca, Almagro, Chamartín, Retiro, Pozuelo, Aravaca, Boadilla. Convertimos Sueños en Hogares.",True,renew,False,True,14948.0,True,True,False,False,[],False,True,7250000.0,€,,,,flat,"Almagro, Madrid",Piso en paseo de Eduardo Dato,Top+,True,True,
108644169,https://img4.idealista.com/blur/480_360_mq/0/id.pro.es.image.master/68/8a/75/1353478812.webp,RN210888,37,1,710000.0,flat,sale,84.0,True,3,2,Barrio Guindalera,Madrid,Madrid,Barrio de Salamanca,es,Guindalera,40.4363697,-3.6732976,False,https://www.idealista.com/inmueble/108644169/,"Piso en Guindalera **Exclusivo piso reformado en Guindalera, Salamanca - Madrid** En el codiciado barrio de Guindalera, dentro del prestigioso distrito de Salamanca en Madrid, se encuentra este magnífico piso de 84 m² que combina elegancia, comodidad y una ubicación inmejorable. Este inmueble ofrece 3 amplios dormitorios y 2 baños completos, ideal para quienes buscan un hogar espacioso en una de las zonas más deseadas de la capital. Su orientación noroeste garantiza una excelente luminosidad, mientras que su diseño exterior y su reciente reforma lo convierten en una opción perfecta para entrar a vivir. Entre las características destacadas del piso, encontramos calefacción individual por gas natural, aire acondicionado, suelos de parquet, dos balcones que aportan un toque de exclusividad, y un ascensor que facilita el acceso. Además, el edificio cuenta con un jardín comunitario, ideal para disfrutar de momentos de tranquilidad. La propiedad ha sido cuidadosamente reformada, combinando modernidad y funcionalidad en cada rincón.  **Sobre el barrio: Guindalera, Salamanca** Guindalera es una joya dentro del prestigioso distrito de Salamanca. Este barrio combina tradición y modernidad, ofreciendo una vida tranquila y residencial, pero con acceso inmediato a una amplia oferta de servicios. La zona es conocida por sus calles arboladas, su proximidad a parques como el Eva Duarte y su excelente conexión con el resto de la ciudad. Además, estar en Salamanca asegura estar rodeado de una rica oferta cultural, gastronómica y comercial. A menos de 10 kilómetros, encontramos el Colegio Nuestra Señora del Pilar, uno de los centros educativos más reconocidos de la ciudad. Para los amantes de las compras, el Centro Comercial ABC Serrano está a un cómodo trayecto, ofreciendo una amplia variedad de tiendas y restaurantes. En cuanto al transporte, la estación de metro más cercana es Diego de León (líneas 4, 5 y 6), que conecta rápidamente con cualquier punto de Madrid. También está a disposición la línea de Cercanías en Nuevos Ministerios (C1, C2, C3, C4, C7 y C8), y las líneas de autobuses como la 1, 43 y 48, que pasan a pocos metros del inmueble.  **Tu nuevo hogar con GILMAR** Desde 1983, GILMAR se ha dedicado a ayudar a sus clientes a encontrar la casa de sus sueños. Con un enfoque en la excelencia y un profundo conocimiento del mercado inmobiliario, nuestra misión es ofrecer un servicio personalizado y de alta calidad. Este piso es una muestra más de nuestro compromiso con la excelencia y la satisfacción de nuestros clientes. Si deseas más información sobre este exclusivo inmueble, no dudes en contactar con nuestro equipo en la oficina de Avenida América. Puedes visitarnos en C/ López de Hoyos esquina Corazón de María, llamarnos al ** **, o escribirnos a ****. Por favor, facilita la referencia **210888** al ponerte en contacto con nosotros. ¡Estamos aquí para ayudarte a encontrar tu hogar perfecto!",True,good,False,True,8452.0,True,True,False,False,[],False,True,710000.0,€,770000.0,60000.0,8.0,flat,"Guindalera, Madrid",Piso,Top+,,,
90132174,https://img4.idealista.com/blur/480_360_mq/0/id.pro.es.image.master/3d/f6/e0/1347524592.webp,CG169823,37,,2950000.0,chalet,sale,658.0,,8,8,guadalix,Madrid,Ciudalcampo,,es,,40.6255845,-3.5956082,False,https://www.idealista.com/inmueble/90132174/,"GILMAR Zona Norte presenta, EN EXCLUSIVA, una villa de diseño moderno en una situación privilegiada con espectaculares vistas al campo de golf y situada muy cerca de la entrada de Ciudalcampo. El chalet se asienta sobre un terreno de 2.400 m2. La vivienda se caracteriza por sus espacios amplios inundados por la luz, proyectados con un diseño de interiores muy cuidado y complementado con un precioso jardín y una piscina de cloración salina perfecta para reunirse con familia y amigos. La zona de barbacoa y la chimenea de exterior permiten disfrutar el jardín durante todo el año. La calidad constructiva de la casa es del máximo nivel gracias a su fachada ventilada, los cerramientos de aluminios con cristales climatizados, acabados interiores en suelos y paredes de baños con porcelanatos de gran formato así como por su sistema de climatización mediante Aerotermia con suelo radiante y refrescante. Además, la villa está domotizada para el control de la iluminación, persianas autoblocantes y los dispositivos que se necesiten incorporar. Desde la entrada principal a la vivienda accedemos a un vestíbulo a doble altura así como al dormitorio de invitados con baño en suite, despacho y baño de cortesía. En el segundo nivel se localiza el salón, de doble altura con chimenea, bar con acceso directo a la bodega privada, comedor, amplia cocina con isla central con barra, office, zona de lavandería, varias despensas, dormitorio de servicio, zona de estar exterior con chimenea, comunicada con las terrazas y con el semisótano. En la primera planta se ubica la master suite con chimenea, dos vestidores y baño y tres dormitorios adicionales todos en suite con baño y vestidor. La planta inferior dispone de sala de cine y una espectacular bodega/bar. También hay un precioso apartamento con cocina, salón y dormitorio, zona de almacenaje y tendedero. Desde aquí se accede directamente al garaje cerrado para 2 coches. La urbanización de Ciudalcampo está considerada como una de las mejores zonas residenciales de Madrid, situada junto al Parque Regional de la Cuenca Alta del Manzanares, en los municipios de San Sebastián de los Reyes y Colmenar Viejo, en un entorno privilegiado, con impresionantes vistas a la sierra norte de Madrid. Dispone de excepcionales dotaciones y servicios dentro de la propia urbanización: Colegio internacional, Club deportivo RACE (Golf, Pádel, Tenis, Piscina, Gimnasio, Hípica, Fútbol), Servicio regular de autobuses a Madrid e interno dentro de la propia urbanización, Oficina de correos y Centro Comercial Santo Domingo. Sin olvidarnos de los 6,5 Km de circuito físico para la práctica de deporte al aire libre y 41km de viales con tráfico limitado a la propia urbanización, ideales para los amantes de paseos en plena naturaleza. Cuenta, además, con un sistema de cámaras y vallado perimetral con servicio de seguridad 24 horas, patrullas de vigilancia y control de barrera a la entrada. Además, la comunicación es inmejorable, en las proximidades de esta lujosa urbanización situada en la autovía A-1, en el kilómetro 28 sentido Burgos, se encuentra el Aeropuerto de Madrid (Adolfo Suarez) y a tan sólo 15 minutos del centro. Cuenta con los mejores y más amplios servicios con un Centro Comercial que cuenta con consultorio médico (Público y privado), oficina de Correos, bancos, farmacia, diversa restauración, veterinario, gimnasio, etc… además de Club Social con campo de entrenamiento de golf, piscina, escuela de tenis, zona de ocio para niños y adultos, etc... Dispone también de colegios públicos (CEIPS) y privados e internacionales (SEK, Trinity College...), residencia para la tercera edad e iglesia, y a escasos minutos del Hospital Público Infanta Sofía.",True,good,False,,4483.0,True,True,False,False,[],False,True,2950000.0,€,,,,chalet,Ciudalcampo,Casa independiente en guadalix,Top+,True,True,independantHouse
106662144,https://img4.idealista.com/blur/480_360_mq/0/id.pro.es.image.master/19/d3/22/1307473939.webp,IG167260,74,,3500000.0,chalet,sale,870.0,,6,8,calle Garza,Madrid,Ciudalcampo,,es,,40.6184022,-3.6033456,False,https://www.idealista.com/inmueble/106662144/,"Gilmar zona Norte, oficina Santo Domingo tiene el placer de presentarles esta magnífica vivienda unifamiliar, ubicada en la exclusiva urbanización de Ciudalcampo, a pocos minutos del centro de Madrid. Con una parcela de 3.100 metros cuadrados y una construcción de 870 metros cuadrados, esta propiedad ofrece espacios muy amplios llenos de diseño y una distribución cuidadosamente estructurada. La vivienda cuenta con seis dormitorios y ocho cuartos de baño, lo que la convierte en una opción perfecta para familias numerosas o aquellos que buscan tener espacio suficiente para recibir a invitados. Además, la casa se encuentra en una calle tranquila (cul du sac) y ofrece mucha intimidad, lo que garantiza la privacidad de sus residentes. La distribución propuesta para esta vivienda es realmente excepcional.  En la planta baja, encontramos un espacio de 345 m2, un hall de entrada que nos lleva a un amplio salón comedor con grandes ventanales que permiten disfrutar de las buenas vistas. También hay un comedor de diario, dos porches, una cocina con office, cuarto de lavadora, despensa, aseo de cortesía y tres dormitorios, todos ellos con baño en suite. En la planta primera se encuentra el dormitorio principal, con vestidor y baño en suite, y una impresionante terraza con vistas de 360 grados. Esta planta tiene una superficie de 190 metros cuadrados y ofrece un espacio privado y exclusivo. En el semisótano, encontramos un dormitorio de servicio con baño en suite, una habitación de invitados con chimenea y baño en suite, un vestuario y baño para la piscina, un cuarto de instalaciones y un garaje para cinco coches. La calidad de construcción de esta vivienda es excepcional. Se han utilizado materiales de primera calidad para lograr un gran aislamiento térmico y acústico. Además, cuenta con un sistema de climatización basado en aerotermia con suelo radiante/refrescante y producción fotovoltaica. También dispone de un sistema de control domótico de iluminación y persianas, así como de climatización, riego automático y cámaras de reconocimiento facial en accesos. La vivienda cuenta con ascensor interior que une todas las plantas desde el garaje hasta el dormitorio principal. La urbanización de Ciudalcampo es conocida por ser una de las mejores zonas residenciales de Madrid. Está situada junto al Parque Regional de la Cuenca Alta del Manzanares, en un entorno privilegiado con vistas a la sierra norte de Madrid. Además, ofrece un rápido acceso a la N-1 y está muy cerca del aeropuerto de Madrid Barajas, IFEMA y parques empresariales con múltiples empresas multinacionales. Dentro de la urbanización, encontramos excepcionales dotaciones y servicios. Entre ellos, cabe destacar el colegio internacional SEK, el club deportivo RACE (que ofrece golf, pádel, tenis, piscina, gimnasio, hípica y fútbol), servicio regular de autobuses a Madrid e interno dentro de la propia urbanización, oficina de correos y el centro comercial Santo Domingo. Además, la urbanización cuenta con un sistema de cámaras y vallado perimetral, así como con servicio de seguridad 24 horas. Si desea más información sobre esta magnífica vivienda, puede contactarnos en... Nuestras oficinas situadas en C.C. Santo Domingo. Local 11-13, Avda. de Guadalix, 37, Urb. Santo Domingo (Madrid). .",True,good,False,,4023.0,True,True,False,False,[],False,True,3500000.0,€,,,,chalet,Ciudalcampo,Casa independiente en calle Garza,Top+,True,True,independantHouse
108538417,https://img4.idealista.com/blur/480_360_mq/0/id.pro.es.image.master/cc/03/05/1349011473.webp,PV9137I,48,,2050000.0,chalet,sale,443.0,,4,5,Valdecabañas,Madrid,Boadilla del Monte,Valdecabañas,es,,40.440817,-3.8793898,False,https://www.idealista.com/inmueble/108538417/,"Impecable vivienda unifamiliar de 443 m² en parcela de 489 m² ganadora del premio Aprisma 2017 de arquitectura. Vivienda independiente con piscina privada en impecable estado para entrar a vivir. Sin duda lo que más nos llama la atención de esta casa es que se trata de una casa especialmente luminosa gracias a sus amplios ventanales de suelo a techo en toda la vivienda y con una cómoda distribución en dos plantas más una planta destinada al ocio, con calidades excepcionales y sofisticados acabados. Impresiona su cuidada fachada con juego de volúmenes, terraza solárium con vistas y sofisticada combinación de materiales en blanco y cuidada piedra negra que dan un aspecto elegante y sofisticado a la vivienda. Planta principal de gran dimensión con espacios abiertos y comunicados para disfrutar de distintos ambientes en función del momento del día, una planta superior destinada al descanso y una planta baja pensada para el ocio donde destacamos una sala de estar de gran tamaño equipada con Home Cinema y y un completo bar de diseño con zona de juegos que se convertirá en el centro de ocio de la casa. Excelentes calidades, con carpinterías de la más alta calidad, cocina completamente equipada, baños de diseño, climatización por suelo radiante con control de temperatura individualizado por estancias, aire acondicionado y piscina de cloración salina. Ubicada en un entorno natural, rodeada de zonas verdes, con un parque infantil a 150 metros y a 200 metros de uno de los montes de encinas de Boadilla, ideal para los amantes de la naturaleza y el deporte al aire libre. La urbanización cuenta además con seguridad 24 horas. La Dehesa es una exclusiva urbanización localizada en Valdecabañas, Boadilla que se ha convertido en los últimos años en una de las zonas más exclusivas del noroeste gracias a su ubicación privilegiada en contacto con la naturaleza, su amplia oferta de colegios internacionales y su rápida conexión con Madrid. A escasos minutos de Majadahonda y Pozuelo gracias a su rápido acceso a la M503 y M40 y a escasos 20 minutos de Madrid.  Distribución: PLANTA PRINCIPAL: - Hall de entrada amplio y abierto que nos introduce de lleno en la planta principal. - Salón- comedor abierto con la cocina en un único espacio amplio y muy luminoso, con salida directa al jardín. El salón cuenta además con una chimenea de diseño con cuidados revestimientos que transmiten calidez y confort. - Cocina abierta al salón, completamente equipada con electrodomésticos de alta gama y preciosa isla central. Desde la cocina salimos a porche acristalado equipado con chimenea y horno de obra que harán las delicias de los amantes de la parrilla. - Aseo de invitados. - Dormitorio de gran tamaño con baño en suite y zona de vestidor que puede funcionar como dormitorio principal en planta o dormitorio doble. PRIMERA PLANTA: - Amplio y luminoso dormitorio principal, con vestidor y baño en suite y salida a una terraza-solarium de 40m2. - Segundo dormitorio doble de gran tamaño (originalmente eran dos dormitorios y se han unido haciendo una gran habitación aunque se puede recuperar su disposición original de dos dormitorios). PLANTA BAJA (con luz de patio inglés): - Gran family room con zona de cine, bar acondicionado de diseño, y zona de recreo con un patio vegetal que cobra gran protagonismo y llena de luz la estancia. - Baño completo. - Lavandería. - Dormitorio de servicio. EXTERIOR: - Garaje exterior cerrado con capacidad para dos vehículos. Jardín con paisajismo extremadamente cuidado con preciosos muros vegetales, piscina de cloración salina, zona de porche con barbacoa de obra. Puedes ver más inmuebles en nuestra página web. Monte de Las Encinas, Las Lomas, Bonanza, Valdecabañas, Valdepastores, Pino Centinela… Las urbanizaciones de Boadilla del Monte están muy valoradas y en ellas se ha construido chalets independientes. En su gran mayoría, disponen de vigilancia 24 horas.",True,good,False,,4628.0,True,True,False,False,[],False,True,2050000.0,€,,,,chalet,"Valdecabañas, Boadilla del Monte",Casa independiente,Top+,True,True,independantHouse
108134168,https://img4.idealista.com/blur/480_360_mq/0/id.pro.es.image.master/d7/77/2f/1334885030.webp,11294,44,8,7250000.0,penthouse,sale,485.0,True,5,4,paseo de Eduardo Dato,Madrid,Madrid,Chamberí,es,Almagro,40.4330034,-3.6957372,False,https://www.idealista.com/inmueble/108134168/,"Ubicada en la octava planta de un edificio representativo, en la mejor zona del distinguido barrio de Almagro, esta imponente vivienda en esquina es una oportunidad única para instalar su hogar en el corazón de Madrid.  Con 485 m² construidos, techos altos y once ventanales al exterior, esta propiedad destaca por su luz natural, amplitud y una espectacular terraza de 25 m² con vistas despejadas sobre la ciudad. La zona social, concebida para el disfrute y el arte de recibir, se articula en torno a tres estancias diferenciadas: biblioteca, salón y gran comedor para más de doce comensales. Estas estancias suman más de 100 m² y están enmarcadas por dos chimeneas en uso que aportan calidez y elegancia. La zona privada ofrece cuatro dormitorios con vistas al exterior. La cocina se complementa con un office, sala de estar, comedor de diario, salón de servicio y dormitorio con baño completo. El edificio cuenta con un espectacular portal clásico, portero físico todos los días de la semana y calefacción central. Completan la propiedad una amplísima plaza de garaje doble —con espacio para dos coches grandes y motos— y un trastero. Esta es una pieza única con un potencial extraordinario en una de las zonas más codiciadas de la capital.",True,good,False,True,14948.0,True,True,False,False,[],False,True,7250000.0,€,,,,flat,"Almagro, Madrid",Ático en paseo de Eduardo Dato,Top+,True,True,penthouse
103839118,https://img4.idealista.com/blur/480_360_mq/0/id.pro.es.image.master/fa/34/88/1201793188.webp,DS-P77492,36,1,2500000.0,flat,sale,227.0,True,3,3,calle de Alberto Bosch,Madrid,Madrid,Retiro,es,Jerónimos,40.4120179,-3.6907242,False,https://www.idealista.com/inmueble/103839118/,"DIZA Consultores les presenta excepcional piso de lujo, en exclusiva para sus clientes en edificio representativo en Jerónimos. En la primera planta de un edificio construido a principios del siglo XX, encontramos este magnífico piso de techos altos de 227 metros cuadrados. El acceso a la vivienda da a un amplio hall que la distribuye. Desde éste, se puede acceder a la amplia zona de recibo con un luminoso salón con amplios ventanales con orientación sur. La zona de descanso se compone de tres dormitorios dobles, todos en suite, el principal con ducha y bañera y vestidor La cocina es independiente, está completamente equipada con electrodomésticos de alta gama y cuenta con comedor de diario. Se trata de una vivienda muy exclusiva y poco habitual en el mercado. La finca cuenta con portero y portal señorial. El barrio de los Jerónimos se trata del más elegante y señorial de Madrid, siendo algunos de sus atractivos la tranquilidad que se respira en la zona y la cercanía al Parque del Retiro, al Museo del Prado o al Jardín Botánico. Estaremos encantados de atenderle. DIZA Consultores Inmobiliarios Inmobiliaria de lujo en Madrid especializada en comprar, vender y alquilar pisos en las zonas premium de Madrid: Barrio de Salamanca, Almagro, Chamartín, Retiro, Pozuelo, Aravaca, Boadilla. Convertimos Sueños en Hogares.",True,good,False,True,11013.0,True,True,False,False,[],False,True,2500000.0,€,,,,flat,"Jerónimos, Madrid",Piso en calle de Alberto Bosch,Top+,,,
106666173,https://img4.idealista.com/blur/480_360_mq/0/id.pro.es.image.master/86/15/f8/1290328532.webp,M30593V,38,,1250000.0,chalet,sale,353.0,,6,4,calle de Estanislao Gómez,Madrid,Madrid,Hortaleza,es,Palomas,40.4522363,-3.6085555,False,https://www.idealista.com/inmueble/106666173/,"Esta sofisticada propiedad se extiende sobre 353 m² construidos, distribuidos en cuatro niveles diseñados para maximizar el confort y la funcionalidad. Su arquitectura moderna y acabados de alta calidad la convierten en una opción ideal para quienes buscan un hogar que combine elegancia y comodidad en cada detalle. En el semi-sótano encontrará dos acogedores dormitorios, un baño completo y un garaje con capacidad para dos vehículos. La planta principal ofrece un amplio hall de entrada, una cocina totalmente equipada y un espacioso salón-comedor con acceso directo al jardín privado y a las zonas comunes, que incluyen una piscina. En la primera planta, se disponen cuatro luminosos dormitorios, entre ellos, el principal con baño en suite y otro cuarto de baño completo. El ático, con un diseño diáfano y una terraza brinda un espacio versátil para el ocio o el descanso; el inmueble también consta de trastero. Ubicada en una de las zonas más exclusivas de la ciudad, La Piovera, esta propiedad combina la tranquilidad residencial con la proximidad a servicios premium, colegios internacionales y excelentes conexiones de transporte. La urbanización privada garantiza seguridad y privacidad en un entorno privilegiado. Adquirir esta vivienda con Walter Haus es asegurar un estilo de vida sofisticado y una inversión sólida. Nuestro equipo estará encantado de guiarle en cada paso del proceso. ¡Le invitamos a descubrir su nuevo hogar con nosotros! Walter Haus Real Estate es un grupo inmobiliario con sede en las principales capitales de España, en las principales ubicaciones de Madrid, Barcelona y Costa Brava. Contamos con una experiencia de más de 20 años, con un dinámico equipo de profesionales con experiencia en el asesoramiento personal en constante formación y con una especialización muy concreta en cada zona de actuación lo que nos permite encontrar soluciones a las necesidades de cada cliente.",True,good,False,,3541.0,True,True,False,False,[],False,True,1250000.0,€,,,,chalet,"Palomas, Madrid",Chalet adosado en calle de Estanislao Gómez,Top+,True,True,terracedHouse
107306908,https://img4.idealista.com/blur/480_360_mq/0/id.pro.es.image.master/51/e0/c3/1310775091.webp,BA206404,62,,1599000.0,chalet,sale,543.0,,7,6,Barrio Peñagrande,Madrid,Madrid,Fuencarral,es,Peñagrande,40.4802972,-3.7262633,False,https://www.idealista.com/inmueble/107306908/,"Te presentamos este impresionante chalet adosado de 7 dormitorios y 6 baños, con amplios y luminosos espacios que ofrecen una comodidad inigualable. Ubicado en una de las mejores zonas de Peñagrande, esta propiedad destaca por su gran jardín privado con piscina y zona de barbacoa, ideal para disfrutar de momentos al aire libre. La casa cuenta con una parcela exclusiva y muy amplia, con una excelente orientación que garantiza una gran luminosidad en todas sus estancias. Además, dispone de un ascensor que conecta todas las plantas, brindando un acceso cómodo y práctico a cada nivel. Una oportunidad única para vivir en un entorno tranquilo, con todas las comodidades que necesitas y un diseño pensado para disfrutar de cada rincón. En el sótano encontramos un garaje amplio con capacidad para 3 o 4 coches, proporcionando un cómodo acceso a la vivienda. Sala de fiestas con salida directa al jardín, perfecta para reuniones o momentos de entretenimiento. Cuarto de lavandería independiente, para mayor comodidad y organización. Dormitorio de servicio, baño completo adicional en el sótano, ofreciendo privacidad y comodidad. Despensa para almacenaje. Cuarto de calderas para el mantenimiento de la casa. Ascensor que conecta todas las plantas, garantizando comodidad. En la primera planta está el acceso a través de una entrada principal que da paso a un hall. Amplia cocina con office, totalmente equipada y con espacio para una zona de comedor. Aseo de cortesía para visitas. Salón-comedor de gran tamaño, con amplios ventanales que llenan de luz natural toda la estancia, creando un ambiente acogedor y elegante. Salida a un espacioso porche, perfecto para disfrutar del aire libre y con acceso directo al gran jardín privado que incluye una maravillosa piscina y una zona de barbacoa ideal para disfrutar en familia o con amigos. La segunda planta tiene el dormitorio principal de gran amplitud, con baño en suite equipado con bañera de hidromasaje para un baño de lujo, y un espectacular vestidor de diseño. Otro dormitorio muy espacioso. Dos baños grandes adicionales, con acabados de alta calidad. Dos dormitorios con salida a una terraza privada, perfecta para disfrutar de las vistas y el entorno tranquilo.    La última planta cuenta con una habitación de gran tamaño, ideal tanto para descanso como para otros usos según las necesidades del hogar. Junto a ella, se encuentra un salón que destaca por su amplitud y luminosidad. Desde esta estancia, podrás disfrutar de maravillosas vistas que inundan la sala con luz natural durante todo el día, creando un ambiente acogedor y relajante. Dentro de esta sala, también encontrarás un espacioso vestidor o trastero, que ofrece un excelente almacenamiento adicional, maximizando la funcionalidad del espacio. Un amplio baño con acceso a un trastero, brinda funcionalidad adicional y un despacho perfectamente acondicionado, ofreciendo un ambiente tranquilo y luminoso, perfecto para trabajar o estudiar. ¡No pierdas la oportunidad de vivir en uno de los barrios más exclusivos de Madrid! Gilmar Mirasierra es una reconocida compañía inmobiliaria con más de 30 años de experiencia en el mercado. Desde 1983, hemos ayudado a miles de clientes a encontrar la casa de sus sueños. Nuestro equipo en la oficina de Mirasierra estará encantado de proporcionarte más información sobre este inmueble. Calle Nuria, 59. CC. Mirasierra.",True,good,False,,2945.0,True,True,False,True,[],False,True,1599000.0,€,,,,chalet,"Peñagrande, Madrid",Chalet adosado,Top+,True,True,terracedHouse
98352607,https://img4.idealista.com/blur/480_360_mq/0/id.pro.es.image.master/18/74/e2/1227548099.webp,MH176092,54,,1435000.0,chalet,sale,388.0,,6,6,Barrio Peñagrande,Madrid,Madrid,Fuencarral,es,Peñagrande,40.4799302,-3.7316955,False,https://www.idealista.com/inmueble/98352607/,"GILMAR MIRASIERRA & PUERTA DE HIERRO presenta en exclusiva chalet de Obra Nueva de 388,40 m² con tecnología puntera y sostenible. Equipada con aerotermia, suelo radiante y refrescante, placas fotovoltaicas y domótica. Dispone de ascensor, cocina de SANTOS y electrodomésticos de alta gama NEFF. La parcela de 253 m² está ajardinada y cuenta con piscina.  Distribuida en 4 plantas, cada una con 107 m². Consta de 6 dormitorios, 5 baños y aseo de cortesía. Amplio salón con ventanales amplios. En la planta principal se encuentra el hall de entrada, salón de 50 m², cocina con salida directa al jardín con piscina, aseo de cortesía y ascensor con capacidad para 6 personas. En la segunda planta se encuentran 4 dormitorios, 3 baños, suite principal con zona de armarios y baño exterior en suite. La buhardilla es una estancia diáfana con suite principal, baño en suite exterior y 2 terrazas solárium con orientación este y oeste. Además, cuenta con salón de juegos, estudio y sala de estar con vistas a la sierra. En el semi-sótano se encuentra una sala, salón de verano o de juegos, salida al jardín, zona de lavadero, cuarto de calderas, zona de servicio y garaje con capacidad para 2 coches con puerta motorizada.  Calidades y acabados de alta gama, calefacción de suelo radiante y refrescante, aerotermia, placas fotovoltaicas, carpintería interior de madera lacada, suelos porcelánicos de alta gama, carpintería exterior de aluminio de CORTIZO, doble acristalamiento, persianas motorizadas, baños acabados en baldosa porcelánica de alta gama, muebles suspendidos y domótica. Parcela con porche solado, tranquila fondo calle, colegios y comercio cercanos, suministros cercanos, excelente comunicación y transporte público. ¡Estrene su vivienda del futuro ya con su familia!",True,good,False,,3698.0,True,True,False,True,[],False,True,1435000.0,€,,,,chalet,"Peñagrande, Madrid",Chalet pareado,Top+,True,True,semidetachedHouse
107762795,https://img4.idealista.com/blur/480_360_mq/0/id.pro.es.image.master/08/93/f9/1323059047.webp,W-02W2AE,48,4,2227000.0,penthouse,sale,493.0,True,4,3,calle de Celeste,Madrid,Madrid,Ciudad Lineal,es,Colina,40.456773,-3.6571116,False,https://www.idealista.com/inmueble/107762795/,"Ático Dúplex de Lujo en Arturo Soria: Elegancia y Confort, Pura Exclusividad Engel&Völkers pone a su disposición sin honorarios al comprador este exclusivo ático dúplex en el corazón de Arturo Soria, una joya de cuatrocientos noventa y tres metros cuadrados distribuidos en dos plantas, que redefine el lujo urbano. Este elegante hogar, parcialmente rehabilitado en su planta principal, ofrece cuatro amplios dormitorios y tres baños, combinando a la perfección el confort y la sofisticación en cada rincón. Construido en 1981, este espacio ha sido cuidadosamente actualizado para satisfacer las exigencias del estilo de vida moderno. La planta ático, de doscientos metros aproximadamente, se encuentra totalmente diáfana perfecta para realizar cualquier tipo de reforma al gusto del comprador. Tiene dos puertas de acceso diferenciadas, la principal y la de servicio por la que se entra directamente a la cocina. Al cruzar el umbral de la entrada principal, se revela un ambiente de distinción y calidez. Desde el distribuidor, los suelos de madera parquet complementan la amplitud de sus doscientos noventa y tres metros cuadrados de superficie de la planta principal que se abren al gran salón comedor. Por él subimos, a través de unas escaleras plegables, al inmenso ático de la planta superior ligeramente abuhardillado y con varias ventanas velux que lo inunda de luz natural. La cocina, de amplísimas proporciones está equipada con electrodomésticos y cuenta con una zona exterior de lavandería y tendedero. El diseño interior se completa con armarios empotrados en pasillo y dormitorios, así como grandísimos ventanales que llenan de luz natural toda la vivienda. Entre las características destacadas se encuentra una impresionante piscina, perfecta para disfrutar de momentos de relajación y esparcimiento. Además, la vivienda dispone de dos plazas de garajes subterráneos y un trastero de gran capacidad incluidos en el precio. Tiene dos ascensores y una seguridad inigualable con puertas blindadas, conserjería privada (ocho horas de lunes a viernes) y portones electrónicos. La finca, que alberga sólo once viviendas, cuenta además con una amplia zona ajardinada, así como un amplio patio común donde disfrutar de los días de ocio jugando al pin pon o en la cancha de baloncesto. Este excepcional ático dúplex es más que un hogar; es un refugio de lujo en una de las zonas más exclusivas de Madrid, a tan sólo doscientos metros del metro Arturo Soria, del Centro Comercial Arturo Soria Plaza y de la Clínica Belén. Como en un chalet de las afueras pero con todas las ventajas de tener los servicios del centro a la puerta de casa. El Barrio de Arturo Soria es uno de los más prestigiosos y lujosos de Madrid con una estupenda localización próxima al centro urbano y con todos los servicios, por lo que es perfecto para disfrutar de la tranquilidad sin renunciar a la cercanía de una gran ciudad. Este entorno privilegiado es sede de múltiples embajadas y algunos de los mejores centros educativos nacionales e internacionales tanto privados como públicos con una amplia oferta (Colegio Arturo Soria, Liceo Francés [Lycee Francais], Centro Bilingüe Concertado Nuestra Señora del Buen Consejo, Colegio San José del Parque (Maristas), Colegio Ramón y Cajal, Colegio Nuestra Señora de Santa María, Colegio Parque Conde Orgaz, International School of Madrid, Escuela de negocios ESIC, Colegio Stella Maris, Colegio Mater Inmaculada, Colegio Brains, etc.). La cobertura hospitalaria es un factor añadido de la zona (Nuestra Señora de América, la Clínica Belén, Hospital Ramón y Cajal, Hospital de la Paz y la M.D Anderson). En sus inmediaciones encontramos el recinto Ferial IFEMA, el Centro Comercial Arturo Soria Plaza, Palacio de Hielo, Hipercor, Corte Inglés, y Centro Comercial Gran Vía de Hortaleza. Además disponemos de centros deportivos como Club de natación, Club de tenis Chamartín, Clubs de golf como el “Golf.",True,renew,False,True,4517.0,True,True,False,False,[],False,True,2227000.0,€,,,,flat,"Colina, Madrid",Ático en calle de Celeste,Top+,True,True,penthouse
108357057,https://img4.idealista.com/blur/480_360_mq/0/id.pro.es.image.master/dd/11/0a/1345085532.webp,W-02ZU3X,40,6,2950000.0,flat,sale,320.0,True,4,4,calle Alcalá,Madrid,Madrid,Barrio de Salamanca,es,Goya,40.427369,-3.6677187,False,https://www.idealista.com/inmueble/108357057/,"Impresionante vivienda de lujo con vistas espectaculares Descubra una propiedad única en el corazón de Madrid. Esta imponente vivienda de 321 m² situada en una sexta planta exterior le ofrece una experiencia de lujo, confort y amplitud difícil de encontrar en la ciudad. Al ingresar, encontrará un luminoso recibidor, con aseo de cortesía, que da acceso a un dormitorio con baño en suite para invitados o servicio. Nos adentramos hacia a un espectacular salón-comedor de tres ambientes, diseñado para ofrecer diferentes zonas de estar y entretenimiento, con luz natural a raudales y unas vistas despejadas a la emblemática Plaza Manuel Becerra y parque Eva Perón.  La cocina abierta, equipada con los más altos estándares de calidad y diseño, se integra perfectamente en el espacio, creando un ambiente moderno y funcional ideal para los amantes de la gastronomía y la vida social. La zona de descanso está compuesta por otros tres dormitorios de dimensiones extraordinarias, cada uno con detalles de lujo, armarios empotrados y acabados de primera. Los baños, completamente reformados, destacan por su elegancia, materiales nobles y diseño vanguardista. Toda la propiedad ha sido reformada con calidades de alto nivel, amueblada con gusto y calidades extraordinarias, cuidando cada detalle para ofrecer el máximo confort y estilo. Dispone de domótica, aire acondicionado por conductos para su máximo confort.  Gracias a su altura y orientación, goza de una luminosidad excepcional y de unas vistas panorámicas privilegiadas que convierten cada día en una experiencia única. Una oportunidad irrepetible de adquirir una joya inmobiliaria en una ubicación inmejorable, con acceso inmediato a todo tipo de servicios, transporte público y la vida vibrante de Madrid. Solicite una visita y déjese enamorar por esta propiedad incomparable. La zona de Fuente del Berro debe el nombre a su parque de la Quinta de Fuente del Berro, situado en la parte oriental del barrio. Este parque tiene una extensión de más de 13 hectáreas, declarado jardín histórico-artístico. El parque, de tipo paisajista con diversos desniveles, está formado por praderas surcadas por sinuosos paseos y escaleras rústicas de piedra posee una rica variedad de árboles. Entre los elementos más destacados se encuentran el antiguo palacete, estatuas, fuentes, una cascada y un par de pequeños estanques. Esta zona, en el barrio de Salamanca, se caracteriza por tener extraordinarias comunicaciones en transporte público (metro,autobuses), como las conexiones viales más fluidas de Madrid. Fácil acceso a la M-30 en todas direcciones. Zona muy céntrica, rodeada de todos los servicios y amplias zonas verdes: Centro cultural Quinta del Berro, Centro polideportivo Fuente del Berro. La zona cuenta con magníficos colegios e institutos entre los que destacan: Santa Susana, La Sagrada Familia y el CEIP Amador de los Ríos de enseñanza bilingüe. A escasos minutos del Hospital Gregorio Marañón, Hospital Maternidad de O´Donnell y del Hospital Universitario Santa Cristina.",True,good,False,True,9219.0,True,True,False,False,[],False,True,2950000.0,€,3200000.0,250000.0,8.0,flat,"Goya, Madrid",Piso en calle Alcalá,Top+,,,
108661889,https://img4.idealista.com/blur/480_360_mq/0/id.pro.es.image.master/28/a3/90/1351430824.webp,DS-P04019,23,3,2100000.0,flat,sale,130.0,True,3,2,Barrio Recoletos,Madrid,Madrid,Barrio de Salamanca,es,Recoletos,40.4274694,-3.6848083,False,https://www.idealista.com/inmueble/108661889/,"DIZA Consultores presenta magnifico piso reformado ubicado en Recoletos, una de las zonas más codiciadas de Madrid. La zona social tiene un espacio amplio, muy luminoso gracias a un gran ventanal, y con acceso a un generoso balcón ideal para disfrutar del aire libre. La cocina, totalmente equipada e integrada en el salón, aporta funcionalidad y modernidad, creando un ambiente acogedor y abierto. La vivienda cuenta con tres dormitorios, incluyendo una espaciosa habitación principal con baño en suite. Los otros dos dormitorios comparten un baño independiente, perfecto para familia o invitados. Este piso representa una oportunidad única para vivir en el corazón del barrio de Recoletos, rodeado de elegancia, servicios exclusivos y excelente conexión con el resto de la ciudad. Convertimos Sueños en Hogares.",True,good,False,True,16154.0,True,True,False,False,[],False,True,2100000.0,€,,,,flat,"Recoletos, Madrid",Piso,Top+,,,
106955866,https://img4.idealista.com/blur/480_360_mq/0/id.pro.es.image.master/3e/e7/3f/1317496816.webp,W-02XBUP,40,1,1300000.0,flat,sale,170.0,True,3,2,calle de la Fuente del Berro,Madrid,Madrid,Barrio de Salamanca,es,Goya,40.4252428,-3.6704882,False,https://www.idealista.com/inmueble/106955866/,"Elegante vivienda reformada en Goya Engel & Völkers presenta esta elegante y cómoda vivienda de tres dormitorios y dos baños, el principal en suite y con vestidor, en uno de los barrios más céntricos y comerciales de la capital, a pocos metros del Corte Inglés de Goya y el parque del Retiro, muy bien comunicada por transporte público y accesos a la capital. La vivienda, ubicada en una primera planta exterior, cuenta con techos de 3m. de altura y se compone, además, de un amplio salón-comedor con cocina integrada equipada con los más modernos electrodomésticos, isla de trabajo de mármol con fuegos ocultos, y zona separada de lavandería.  Tiene una superficie aproximada de 170 metros cuadrados. Toda la vivienda se encuentra perfectamente aislada con ventanas de PVC con doble acristalamiento tipo climalit, suelo cerámico asimilando acabado de madera, porcelánicos en los baños, aire acondicionado por splits y calefacción y agua caliente individual mediante caldera de gas. La finca dispone de conserje de lunes a viernes, ascensor y le corresponde un pequeño trastero en planta sótano. En definitiva, una ocasión única para disponer de una vivienda exterior de tres dormitorios en el centro de Madrid, ideal para familias con niños o personas que busquen comodidad y elegancia en el barrio de Goya. El barrio de Salamanca es una de las zonas más relevantes de Madrid, tanto por la distribución regular de sus edificios y la arquitectura de los mismos, como por los vecinos que habitan en sus emblemáticas calles. En concreto, en el distrito Goya, encontramos edificios de altura media por lo que es una zona bastante poblada con viviendas de gran tamaño y señoriales. Esta zona posee una gran red de transporte público (metro, autobuses urbanos, paradas de taxi) y acceso muy cercano a la M30. En las distintas calles podemos encontrar una amplia gama de servicios: comercios, farmacias, colegios, escuelas infantiles, iglesias, buenos bares y restaurantes. Se encuentra muy cerca del WiZink Center, de la Real Casa de la Moneda, de la Plaza de Toros de las Ventas y del Parque del Retiro. Por otro lado, a pocos minutos andando encontramos la calle Goya en la que se ubican los mejores comercios de lujo. Hablamos de un barrio que ofrece absolutamente todo lo necesario para una máxima calidad de vida.",True,good,False,True,7647.0,True,True,False,False,[],False,True,1300000.0,€,,,,flat,"Goya, Madrid",Piso en calle de la Fuente del Berro,Top+,,,
98249348,https://img4.idealista.com/blur/480_360_mq/0/id.pro.es.image.master/5d/7e/2f/1005503307.webp,Ds-P77280,53,3,2200000.0,flat,sale,227.0,True,3,4,Barrio Almagro,Madrid,Madrid,Chamberí,es,Almagro,40.4298049,-3.6944548,False,https://www.idealista.com/inmueble/98249348/,"Piso en edificio rehabilitado de lujo DIZA Consultores les presenta formidable vivienda de obra nueva a estrenar, ubicada en la mejor zona de Chamberí, a dos minutos caminando de Alonso Martínez. En la tercera planta de un edificio representativo con techos muy altos, encontramos este luminoso piso de 227 metros cuadrados con cuatro balcones. Se trata de un edificio de reciente construcción a estrenar con unas calidades excepcionales. El salón-comedor es amplio y muy luminoso gracias a los tres balcones de suelo a techo. Toda la vivienda posee una luz envidiable debido a los amplios ventanales y altura. Los tres dormitorios son amplios con buenas dimensiones. El dormitorio principal tiene vestidor y baño en suite y otro es exterior también con baño en suite. La vivienda se encuentra en obras para mejorar la distribución. Tras esta el piso quedará con todos dormitorios en suite y con una distribución más cómoda. La cocina está completamente equipada con electrodomésticos de gama alta y está semi integrada al recibidor. La finca cuenta con portero físico y zonas comunes excepcionales, entre las que destaca su gimnasio y gastroteca. La propiedad incluye un trastero en el edificio. El barrio de Almagro perteneciente al distrito Chamberí, se trata de una de las zonas más lujosas y con mejor calidad de vida de Europa. Gracias a la amplia oferta gastronómica, cultural y comercial, se trata de una formidable zona donde vivir e invertir. Estaremos encantados de atenderle. DIZA Consultores Inmobiliarios Inmobiliaria de lujo en Madrid especializada en comprar, vender y alquilar pisos en las zonas premium de Madrid: Barrio de Salamanca, Almagro, Chamartín, Retiro, Pozuelo, Aravaca, Boadilla. Convertimos Sueños en Hogares.",True,good,False,True,9692.0,True,True,False,True,[],False,True,2200000.0,€,,,,flat,"Almagro, Madrid",Piso,Top+,,,
107518814,https://img4.idealista.com/blur/480_360_mq/0/id.pro.es.image.master/65/c4/52/1317131978.webp,W-02Z23Y,45,5,975000.0,flat,sale,158.0,True,4,3,calle de Pedro Rico,Madrid,Madrid,Fuencarral,es,La Paz,40.4835763,-3.6953067,False,https://www.idealista.com/inmueble/107518814/,"Estupenda propiedad en calle Pedro Rico Engel & Völkers se complace en presentar este estupendo y luminoso piso de esquina totalmente exterior ubicado en un edificio diseñado y realizado por el Estudio de Arquitectura Lamela con una distribución ideal, ya que procura el máximo aprovechamiento del espacio construido disponible, al tiempo que obtiene estancias amplias y muy bien dimensionadas. Está distribuido en un amplio hall de entrada así como anchos pasillos que, en dos tramos separados, dan acceso a las distintas estancias de la casa. Consta de cuatro dormitorios todos ellos provistos de grandes armarios, tres baños completos, amplio salón, cocina y office. Cabe destacar que el dormitorio principal tiene baño y vestidor incorporados y que un segundo dormitorio tiene también el baño incorporado. La orientación es Sur y se encuentra en una zona tranquila y bien comunicada. La urbanización es cerrada y dispone de dos piscinas una de adultos y otra de niños, dos saunas, un gimnasio dotado de máquinas, espalderas y demás elementos, sala de reuniones y para celebrar cumpleaños, cuartos para albergar bicicletas así como un amplio y cómodo garaje y con acceso directo a la vivienda donde se encuentra la plaza correspondiente a la misma. Tiene vigilancia 24 horas. El edificio está dotado de cámaras de vigilancia tanto en los accesos a la finca como en el garaje siendo monitorizado 24 horas desde la consejería.  La calefacción por radiadores y el suministro de agua caliente es central, dispone también de aire acondicionado. La propiedad se encuentra ubicada en la zona residencial de La Paz - Parque Norte. Se caracteriza por ser una zona urbana y muy tranquila donde la mayoría de las urbanizaciones están cerradas y disponen de zonas comunes y equipamientos de todo tipo. Es además una ubicación ideal para familias con niños. La zona se caracteriza por estar rodeada de mucha vegetación ya que además de los jardines de las propias urbanizaciones dispone de un fantástico y cuidado parque denominado “Parque Norte” así como varios parques de distintos tamaños y zonas verdes que la rodean. Se encuentra a cinco minutos andando de: El Paseo de la Castellana, el centro empresarial y de negocios de ""Las Cuatro Torres"", los Hospitales La Paz y Ramón y Cajal. El Centro Comercial La Vaguada está también a pocos minutos andando. Por otro lado está muy bien comunicada, ya que cuenta con una amplia red de autobuses que enlazan con el resto de la ciudad y con conexión directa al intercambiador de Plaza Castilla y Moncloa, además de las líneas 9 y 10 de Metro a pocos minutos andando. Desde la zona se dispone de fácil y rápido acceso tanto a la M-30, la M-40, Carretera de Colmenar o la de Burgos, Nudo de Manoteras, Paseo de la Castellana y Plaza Castilla lo que hace de esta zona un lugar muy cómodo para vivir. Como resumen es importante mencionar que se encuentra cerca de los siguientes lugares de interés: Las Cuatro Torres y el Paseo de la Castellana, Parque Norte, Facultad Autónoma de Medicina, Hospitales La Paz y Ramón y Cajal, Centro comercial La Vaguada.",True,good,False,True,6171.0,True,True,False,False,[],False,True,975000.0,€,,,,flat,"La Paz, Madrid",Piso en calle de Pedro Rico,Top+,True,True,
108258347,https://img4.idealista.com/blur/480_360_mq/0/id.pro.es.image.master/5f/04/32/1338712585.webp,W-02ZTNG,57,,2670000.0,chalet,sale,820.0,,5,5,calle Playa de Comillas,Madrid,Boadilla del Monte,Bonanza,es,,40.4520379,-3.8950765,False,https://www.idealista.com/inmueble/108258347/,"Extraordinaria villa independiente con piscina infinity en Bonanza Engel&Völkers presenta esta extraordinaria villa independiente de 900 m² situada en una parcela de más de 1.700 m².  Construcción conectada totalmente al paisaje, con un enfoque arquitectónico caracterizado por las formas cúbicas, líneas limpias y estética minimalista que destaca por su confortable distribución en una planta de más de 700 metros. La propiedad cuenta con 4 dormitorios en la planta principal, todos con salida directa al jardín, una piscina infinity y una segunda planta de 250 m² destinada al ocio, que incluye gimnasio, sala de family room o cine, además de espacios para el servicio. Vivienda sostenible con alta eficiencia energética gracias a paneles fotovoltaicos integrados en la cubierta, sistema de calefacción por aerotermia con suelo radiante. En la planta principal, nos recibe un magnífico Hall con puerta pivotante por el que accedemos a un salón comedor de tres ambientes con salida directa al exterior. Espaciosa cocina Gourmet con zona de office desde la que accedemos al porche con zona de barbacoa. Lavandería espaciosa. Aseo de cortesía. Las dependencias privadas, todas con salida directa al jardín y situadas en este mismo nivel, se distribuyen en dos dormitorios dobles con baño en suite y armarios empotrados, Suite principal con amplio vestidor y baño doble completo con bañera y ducha, Dormitorio/family room. La planta baja a la que podemos acceder desde el interior de la vivienda y que además cuenta con un acceso independiente, nos ofrece una sala multifuncional, y el dormitorio de invitados de gran tamaño con baño en suite, sala de cine insonorizada. Sala multiusos con luz natural, de más de 100 m², con patio inglés. Jardín de diseño cuidado, con zona de barbacoa al aire libre, porche techado en madera y vistas a una piscina de 17 metros con caída infinity y entorno natural. Garaje exterior techado con acceso directo a la vivienda, con capacidad para 3-4 vehículos. Zona de Almacenaje. El término municipal de Boadilla del Monte es un distrito integrante del Área Metropolitana de Madrid, situado al oeste de la capital, de la cual dista 15 km. Cuenta con una población de 18.450 habitantes, además de 47.2 Km², limitando con los municipios de Majadahonda, Pozuelo de Alarcón, Alcorcón, Villaviciosa de Odón y Villanueva de la Cañada. Pertenece en toda su extensión a la cuenca del río Guadarrama. Este municipio experimentó un fuerte incremento de la población a mediados de la década de los setenta con el establecimiento en urbanizaciones de un gran número de residencias unifamiliares. En los próximos años volverá a experimentar un nuevo gran incremento de la población como consecuencia de la liberación de grandes superficies de suelo que ya se están urbanizando a día de hoy. Los principales núcleos poblacionales de Boadilla, además del casco antiguo, son las urbanizaciones de lujo denominadas Montepríncipe, Olivar de Mirabal, Parque Boadilla, Bonanza y Las Lomas, conocidas como urbanizaciones históricas. Bonanza, urbanización en la que se encuentra ubicada la vivienda que les ofrecemos, presenta una inmejorable situación, con un buen acceso a la M-50 y al núcleo urbano de Boadilla. Anexas a estas se encuentran Valdecabañas, Monte de las Encinas, Pino Centinela y Valdepastores. Como urbanizaciones de reciente construcción cabe destacar el Residencial Siglo XXI y las zonas de Viñas Viejas.",True,good,False,,3256.0,True,True,False,False,[],False,True,2670000.0,€,,,,chalet,"Bonanza, Boadilla del Monte",Casa independiente en calle Playa de Comillas,Top+,True,True,independantHouse
108788502,https://img4.idealista.com/blur/480_360_mq/0/id.pro.es.image.master/1f/1b/c3/1355146326.webp,W-02ZAOQ,37,1,1290000.0,flat,sale,128.0,True,2,3,Barrio Malasaña-Universidad,Madrid,Madrid,Centro,es,Malasaña-Universidad,40.4283329,-3.7082544,False,https://www.idealista.com/inmueble/108788502/,"Piso Reformado con dos Balcones en San Bernardo Engel & Völkers presenta: Diseño, Historia y Exclusividad. Te invitamos a descubrir una joya arquitectónica en uno de los barrios más vibrantes y cotizados de Madrid. Este espectacular piso de diseño, completamente renovado a estrenar, se encuentra en un edificio histórico rehabilitado, fusionando el encanto de la arquitectura clásica con el confort contemporáneo. Ubicado en una de las calles más amplias y arboladas de Universidad, epicentro del arte, la cultura y el ocio madrileño, este exclusivo inmueble exterior de 128 m² se sitúa en la primera planta de un edificio representativo de principios del siglo XX, catalogado con protección integral por el Ayuntamiento de Madrid y exento del pago de IBI. Reformado en 2005 y dotado de ascensor accesible, el edificio ofrece zonas comunes completamente modernizadas; Circuito cerrado de cámaras de seguridad para mayor tranquilidad. Cuarto para bicicletas en la zona común. La cubierta del edificio ha sido completamente renovada recientemente. Un Espacio para Vivir y Disfrutar Desde su amplia área social, este hogar destaca por su diseño abierto y luminoso. Acogedor salón, comedor y cocina americana se integran en un espacio diáfano, ideal tanto para la vida cotidiana como para el entretenimiento. Dos balcones, uno con mirador y un amplio patio interior llenan cada rincón de luz natural, creando un ambiente cálido que invita al descanso. Un aseo de cortesía y un lavadero independiente completan esta zona social. Dos Master Suites: Privacidad y Confort Absoluto El piso alberga dos impresionantes master suites, auténticos refugios de paz, cada una con baño privado, vestidor y armarios empotrados a medida. Las puertas originales restauradas, las contraventanas de época y las ventanas nuevas de madera maciza con doble acristalamiento Silent aportan carácter y garantizan un aislamiento acústico excepcional. Calidades Premium en Cada Detalle Suelos porcelánicos de gran formato (Porcelanosa) combinados con madera natural en los dormitorios. Cocina de diseño de Línea 3, equipada con electrodomésticos panelados Bosch de alta gama. Baños elegantes con lavabos hechos a medida y acabados de primer nivel. Sistema de climatización por conductos frío/calor, con control individual por estancia. Calefacción individual por caldera de gas natural y radiadores de diseño. Un Hogar Único en una Ubicación Inmejorable Este piso lo tiene todo: historia, diseño, eficiencia, y una ubicación privilegiada. Una oportunidad irrepetible para vivir con estilo en el corazón palpitante de Madrid. ¿Estás listo para hacerlo tuyo? Contáctanos hoy mismo y agenda tu visita. El edificio ubicado en Calle San Bernardo, en el corazón de Madrid, se encuentra en una de las arterias históricas más relevantes de la ciudad. San Bernardo discurre desde la emblemática Plaza de Santo Domingo hasta la Glorieta de Quevedo, atravesando los barrios de Universidad y Chamberí.Movilidad excelente: A escasos metros se halla la estación de Metro San Bernardo (líneas 2 y 4), habilitada desde 1925. Además, diversas líneas de Bus circulan por la calle facilitando conexión con el resto de Madrid. Entorno cultural e histórico: Muy próximos están edificios emblemáticos como el antiguo Paraninfo de la Universidad Complutense, el Palacio Bauer (actual sede de la Escuela Superior de Canto), y la Iglesia de Nuestra Señora de Montserrat. Casa de México. Ubicación estratégica: Se sitúa justo en la confluencia cultural entre Malasaña y la zona universitaria. A pocos pasos se encuentra la Gran Vía, epicentro de ocio, tiendas y restauración, y también muy cerca del Museo ABC de Dibujo e Ilustración y la Universidad Pontificia Comillas.",True,good,False,True,10078.0,True,True,False,False,[],False,True,1290000.0,€,,,,flat,"Malasaña-Universidad, Madrid",Piso,Top+,,,
107168869,https://img4.idealista.com/blur/480_360_mq/0/id.pro.es.image.master/9d/d3/90/1315375076.webp,W-02YAF9,27,3,930000.0,flat,sale,160.0,True,4,3,calle de Biarritz,Madrid,Madrid,Barrio de Salamanca,es,Guindalera,40.4374618,-3.6642652,False,https://www.idealista.com/inmueble/107168869/,"Amplio y luminoso piso en calle Biarritz Engel & Völkers tiene el placer de presentarle este amplio y luminoso piso en Guindalera. Se encuentra en una calle tranquila, arbolada y cercana a la calle Alcalá, m-30 y la plaza de toros de Las Ventas. Se trata de una vivienda tanto para reformar o actualizar, ya que se han ido haciendo mejoras en los últimos años como electricidad, tuberías y mejora del aislamiento.  La vivienda se distribuye en un bonito y amplio hall de entrada, gran salón comedor y una cocina con doble acceso, el principal y el de servicio. La distribución es ideal para separar ambientes. Por un lado, a mano izquierda se encuentra la cocina, salón, un aseo y el antiguo cuarto de servicio. A mano derecha, nos encontramos con la zona de descanso que cuenta con tres dormitorios dobles y dos baños completos. El piso es exterior y cuenta con distintas orientaciones lo que brinda una luz natural en diferentes horas del día. La terraza, de 10 metros cuadrados, actualmente está incorporada al salón, lo que daría opción a recuperarse de nuevo.  Se encuentra en una buena y reconocida finca con portero físico. Además, cuenta con garaje y ascensor para mayor comodidad. En una extraordinaria zona de Guindalera, Barrio de Salamanca, la propiedad se encuentra a escasos minutos del centro de Madrid. En 15 minutos llegamos a el Aeropuerto Adolfo Suárez de Madrid y a la estación del AVE en Atocha. Muy bien conectada con la nacional II, M30 e importantes arterias de Madrid como la calle Alcalá y María de Molina. Nos encontramos justo al lado de la monumental plaza de toros de Las Ventas. Los edificios son muy representativos con portales señoriales y con portero físico. El nivel de servicios en la zona es muy bueno, con dotación de restaurantes, comercios, supermercados, centros culturales, centro médico, parroquias y policía municipal.",True,good,False,True,5813.0,True,True,True,False,[],False,True,930000.0,€,,,,flat,"Guindalera, Madrid",Piso en calle de Biarritz,Top+,True,True,
108472465,https://img4.idealista.com/blur/480_360_mq/0/id.pro.es.image.master/e4/32/b8/1345943012.webp,W-030A2F,36,3,799000.0,flat,sale,101.0,True,2,2,calle de Hernani,Madrid,Madrid,Tetuán,es,Cuatro Caminos,40.45012,-3.7019906,False,https://www.idealista.com/inmueble/108472465/,"Piso de diseño y estilo a estrenar Engel & Völkeres presenta la combinación perfecta de modernidad, confort y diseño en este espectacular piso exterior, recién reformado y a estrenar, ubicado en el corazón financiero de Madrid. Desde el primer momento, este hogar te envolverá en un ambiente acogedor y luminoso. Gracias a su sistema de domótica inteligente, podrás controlar cada detalle con facilidad, brindándote una experiencia de vida vanguardista. El piso se entrega completamente amueblado con un gusto exquisito y un diseño impecable, listo para que te mudes sin preocupaciones. Disfruta de una amplia cocina que se convierte en el corazón del hogar, con un práctico mesón ideal para desayunos o comidas informales. La luminosa sala comedor fluye armoniosamente hacia un encantador balcón que ofrece una vista bellísima, creando el espacio perfecto para relajarte o recibir a tus invitados. El piso cuenta con dos confortables dormitorios y dos cuartos de baño, uno de ellos en suite, garantizando privacidad y comodidad. La finca, en perfecto estado de conservación, dispone de portería y ascensor, añadiendo un plus de seguridad y accesibilidad a tu día a día. Este piso no es solo una vivienda, es un estilo de vida. ¿Te gustaría visitarlo y enamorarte de tu próximo hogar en Cuatro Caminos? La propiedad se ubica muy cerca de Paseo de la Castellana, Nuevos Ministerios y la zona de Azca al noroeste de la capital. Azca es el distrito financiero y de negocios de Madrid. Se trata de una gran manzana de diecinueve hectáreas de superficie compuesta por edificios de oficinas comprendida entre las calles de Raimundo Fernández Villaverde, Orense, General Perón y el Paseo de la Castellana. Asimismo, dentro del ámbito se encuentran las plazas de Pablo Ruiz Picasso, Carlos Trías Beltrán y Manuel Gómez Moreno. Este barrio está delimitado por importantes estructuras como el estadio Santiago Bernabéu, el Ministerio de Defensa, la famosa Torre Picasso o la torre BBVA. La cercanía a la Calle Orense, Nuevos Ministerios y el maravillosos Corte Ingles de Paseo de la Castellana ofrece una amplia gama de servicios desde grandes almacenes, comercios, farmacias, colegios, iglesias, gimnasios, hoteles, hasta zonas deportivas y una selección muy amplia de bares y restaurantes. En cuanto a las comunicaciones, esta zona tiene una excelente cobertura de transporte, esto se debe a la cercanía de éste a la estación de Nuevos Ministerios y del intercambiador de Plaza de Castilla. El acceso al centro de la ciudad y a las principales salidas (M-30, A-1) es rápido.",True,good,False,True,7911.0,True,True,False,False,[],False,True,799000.0,€,,,,flat,"Cuatro Caminos, Madrid",Piso en calle de Hernani,Top+,,,
