propertyCode,thumbnail,externalReference,numPhotos,floor,price,propertyType,operation,size,exterior,rooms,bathrooms,address,province,municipality,district,country,neighborhood,latitude,longitude,showAddress,url,description,hasVideo,status,newDevelopment,hasLift,priceByArea,hasPlan,has3DTour,has360,hasStaging,notes,topNewDevelopment,topPlus,priceInfo.price.amount,priceInfo.price.currencySuffix,priceInfo.price.priceDropInfo.formerPrice,priceInfo.price.priceDropInfo.priceDropValue,priceInfo.price.priceDropInfo.priceDropPercentage,parkingSpace.hasParkingSpace,parkingSpace.isParkingSpaceIncludedInPrice,parkingSpace.parkingSpacePrice,detailedType.typology,suggestedTexts.subtitle,suggestedTexts.title,highlight.groupDescription,newDevelopmentFinished,detailedType.subTypology
108666804,https://img4.idealista.com/blur/480_360_mq/0/id.pro.es.image.master/cb/3b/d7/1351581908.webp,W-0307EP,33,3,600000.0,flat,sale,97.0,True,2,2,Barrio Valdeacederas,Madrid,Madrid,Tetuán,es,Valdeacederas,40.4660903,-3.7013862,False,https://www.idealista.com/inmueble/108666804/,"Impecable ático en Valdeacederas Engel & Völkers presenta este hermoso ático en la zona de Valdeacederas, Madrid, donde la comodidad y la seguridad se encuentran en perfecta armonía. Con una superficie total de casi 100 metros cuadrados, esta oportunidad inmobiliaria ofrece un estilo de vida funcional con sus dos baños y un garaje privado que se puede adquirir por separado, garantizando la máxima comodidad en cada rincón. Al entrar, será recibido por un espacio que irradia modernidad y elegancia, acentuado por un impecable suelo de parquet que recorre todo el apartamento. Las ventanas inundan el interior de luz natural, creando una atmósfera acogedora y luminosa. El diseño contemporáneo se complementa con una terraza de 10 metros cuadrados, un rincón perfecto para relajarse y disfrutar de la tranquilidad urbana. Este apartamento se distingue por sus características únicas, como un ascensor que proporciona acceso directo y cómodo a su hogar. La disposición inteligente de los espacios maximiza la funcionalidad y el confort, mientras que el cuidado en cada detalle refleja un compromiso con la calidad y el buen gusto. Descubra un estilo de vida diferente en Madrid, donde este apartamento no solo es un hogar, sino un refugio de elegancia y tranquilidad. No pierda la oportunidad de hacer suyo este espacio que combina a la perfección la modernidad y la funcionalidad en una de las ciudades más emocionantes del mundo. Ubicada en una de las zonas más demandadas de Madrid, la propiedad en Calle del Capitán Blanco Argibay ofrece un estilo de vida inigualable, ideal para aquellos que valoran el confort en un entorno urbano vibrante. Esta área es perfecta para profesionales, familias y amantes de la cultura que buscan una ubicación privilegiada con acceso a todo lo que Madrid tiene para ofrecer. La infraestructura en esta zona es excepcional, con fácil acceso a una red de transporte público eficiente que incluye autobuses y el metro, lo que garantiza una conexión rápida con el centro de la ciudad en tan solo 15 minutos. La proximidad a la estación de tren de Chamartín, a solo 10 minutos en coche, facilita los viajes nacionales e internacionales. Para el ocio, el área ofrece una variedad de actividades que incluyen tiendas, restaurantes y cafés encantadores. El Parque de la Dehesa de la Villa, a menos de 10 minutos, es un refugio verde perfecto para paseos tranquilos o actividades al aire libre. Además, el famoso estadio Santiago Bernabéu está a solo 15 minutos, ideal para los aficionados al fútbol. Este enclave en Madrid destaca por su combinación de tranquilidad y proximidad a la vibrante vida cultural de la ciudad. La cercanía a colegios y hospitales añade un valor incalculable a la calidad de vida. Vivir en Calle del Capitán Blanco Argibay es experimentar un lado diferente de Madrid: una ciudad que combina a la perfección historia, modernidad y un estilo de vida cosmopolita. Esta ubicación ofrece un equilibrio perfecto entre la serenidad residencial y la emoción de la vida urbana, convirtiéndola en una opción irresistible para quienes buscan vivir en el corazón de España.",False,good,False,True,6186.0,False,False,False,False,[],False,False,600000.0,€,621500.0,21500.0,3.0,True,False,25000.0,flat,"Valdeacederas, Madrid",Piso,Top,,
108258626,https://img4.idealista.com/blur/480_360_mq/0/id.pro.es.image.master/b8/87/44/1338722728.webp,LFG.V.006,34,1,1420000.0,flat,sale,130.0,True,2,3,"avenida de Luis García Cereceda, 7",Madrid,Pozuelo de Alarcón,Zona Prado de Somosaguas - La Finca,es,La Finca,40.4062857,-3.8008773,True,https://www.idealista.com/inmueble/108258626/,"Realizza La Finca, vende este fantástico piso en la urbanización de La Finca Graden, con orientación sur. Nada mas entrar a la vivienda nos encontramos con unos espacios muy diáfanos y con una cocina comunicada con el salón, la cocina goza de una fantástica isla con vistas al jardín, tanto desde el salón como de la cocina se accede a la terraza, en esta planta también hay un aseo de servicio y zona de lavandería. La vivienda tiene dos dormitorios y dos baños, el dormitorio principal con baño en suite y con terraza. La vivienda tiene trastero y 2 plazas de garaje, además de seguridad 24h. La urbanización tiene gimnasio y zona multiusos para los vecinos  La zona de La Finca tiene unas excelentes comunicaciones mediante transporte público, gracias al metro ligero y a los autobuses de línea que paran en los diferentes tramos de la urbanización La Finca. La zona también goza de un gran número de colegios privados como, Kesington Shool American School, British Council, Colegio Internacional, Los Rosales, y Retamar; centros comerciales como El Corte Inglés de Pozuelo, el centro comercial Zielo, El Zoco, y los multiciness de Kinepolis (con los cines más grandes de España); Centros deportivos como Rebook sport La Finca, y campos de golf como el Club de Golf Somosaguas.  Realizza La Finca, desde el año 2012 es la inmobiliaria de referencia en la urbanización de La Finca, ofrece una amplia selección de viviendas de lujo (adosados, bajos con jardín, áticos y chalets independientes) en compra y en alquiler, ubicadas en La Finca de Pozuelo, y se caracteriza por ofrecer exclusivamente viviendas ubicadas en esta privilegiada zona residencial de Madrid. Con experiencia de más de 12 años en La Finca y con conocimiento profundo de todas las urbanizaciones que la componen. Contamos para ello se con un equipo de gran experiencia en el mercado inmobiliario de lujo, y con una relación muy directa con La Finca desde sus inicios hasta hoy. Nuestra larga trayectoria profesional nos permite ofrecer una excelente gestión y encontrar soluciones a las necesidades de cada cliente con el objetivo de lograr su satisfacción y confianza.",False,good,False,True,10923.0,True,False,False,False,[],False,False,1420000.0,€,,,,True,True,,flat,"La Finca, Pozuelo de Alarcón","Piso en avenida de Luis García Cereceda, 7",Top,,
106267856,https://img4.idealista.com/blur/480_360_mq/0/id.pro.es.image.master/e2/28/2e/1277714907.webp,Tipo 1,7,,665500.0,duplex,sale,124.0,True,2,3,"avenida Isabel Farnesio, 7",Madrid,Boadilla del Monte,Sector S,es,,40.4095859,-3.8856812,True,https://www.idealista.com/obra-nueva/106267856/,"¡Nueva promoción en Boadilla del Monte, Avenida Isabel de Farnesio! Descubre tu nuevo hogar en una de las zonas más exclusivas de Boadilla del Monte. Esta promoción cuenta con pisos de 2 y 3 habitaciones, diseñados para ofrecer el máximo confort y funcionalidad.  Cada vivienda dispone de 2 a 3 baños completos, ideales para familias o aquellos que buscan mayor espacio y comodidad. Las viviendas están pensadas para aprovechar al máximo la luz natural y cuentan con acabados de alta calidad, cocinas modernas y amplias terrazas donde disfrutar de momentos de tranquilidad. Ubicada en una zona privilegiada, la Avenida Isabel de Farnesio ofrece fácil acceso a servicios, colegios, zonas verdes y transporte público, sin renunciar a la tranquilidad y el bienestar que caracteriza a Boadilla del Monte. Características principales: •Pisos de 2 y 3 habitaciones. •2 o 3 baños completos. •Amplias terrazas. •Excelentes acabados. •Zona tranquila con todos los servicios a mano. No pierdas la oportunidad de vivir en uno de los mejores entornos residenciales de Madrid. ¡Llámanos y agenda tu visita!",False,newdevelopment,True,True,5367.0,False,False,False,False,[],False,False,665500.0,€,,,,True,True,,flat,"Sector S, Boadilla del Monte","Dúplex en avenida Isabel Farnesio, 7",Top,False,duplex
105345248,https://img4.idealista.com/blur/480_360_mq/0/id.pro.es.image.master/6c/f9/17/1249308083.webp,VAL1893,46,,1395000.0,chalet,sale,495.0,,5,5,PRINCIPAL,Madrid,Valdelagua,,es,,40.6488864,-3.6161546,False,https://www.idealista.com/inmueble/105345248/,"HOUSE AND HOUSE VENDE.- Fantástica vivienda dentro de la exclusiva urbanización de Valdelagua. La casa tiene una excelente ubicación, cerca de la entrada y salida de la urbanización, pero en una zona muy tranquila y con parcela totalmente plana y con mucha privacidad. La construcción que tiene es de gran calidad destacando el aislamiento y los cerramientos exteriores (cristales blindados y persianas de seguridad automáticas). Su distribución cuenta con todos los espacios y estancias muy amplias y con mucha luz. La vivienda se distribuye: PLANTA PRINCIPAL: Amplio hall de entrada a doble altura, salón de gran tamaño con diferentes ambientes, chimenea y salida directa al bonito porche y zona de piscina, comunicado a su vez con la zona de comedor independiente y cocina muy amplia con zona de office. Desde la zona de cocina accedemos a dos amplias estancias, una es el dormitorio de servicio con su baño completo en suite ( perfectamente también para invitados), amplia zona de lavandería y despensa, desde la que accedemos directamente al garaje ( para 4 coches) también en esta planta. Completamos esta planta con un despacho y/o cuarto de estar y el aseo de invitados. PLANTA PRIMERA: Encontramos la zona de dormitorios. Tenemos tres grandes dormitorios y dos baños completos y tambien de gran tamaño. El dormitorio principal cuenta con sala de estar, dos vestidores y baño en suite con ducha y bañera hidromasaje. Los otros dos dormitorios de unos 20m2 cada uno comparten el segundo baño de esta planta también con bañera y ducha. PLANTA BAJA: Tenemos espectacular bodega, sala de cine, zona de gimnasio y sauna (preparado para instalar) y dos trasteros. En exterior encontramos una segunda casita auxiliar que cuenta con salón, cocina, 1 dormitorio y una baño completo. La estupenda piscina con zona de chillout y cascada. y precioso jardín totalmente consolidado. Mejor ver! La urbanización Valdelagua está ubicada en el km 30 de la carretera de Burgos. Esta urbanización es totalmente privada, estando restringido el acceso únicamente a los propietarios que tengan viviendas en la misma urbanización. Tiene una zona de club social donde se desarrolla gran parte de la vida social de Valdelagua. Valdelagua está rodeada de múltiples zonas comerciales que pueden abastecer cualquiera de tus necesidades, tales como bancos, supermercados, farmacia, centro médico tanto de la seguridad social como privado, diferentes sitios de restauración…además muy cerca cuenta con colegios tanto público como concertados y privados de gran prestigio. Hay diferentes conexiones de autobuses constantemente, tanto con Madrid como con Alcobendas o San Sebastián de los Reyes.",False,good,False,,2818.0,False,False,False,False,[],False,False,1395000.0,€,,,,True,True,,chalet,Valdelagua,Casa independiente en Principal,Top,,independantHouse
108667793,https://img4.idealista.com/blur/480_360_mq/0/id.pro.es.image.master/e1/95/af/1353343629.webp,W-0303I4,46,,779000.0,chalet,sale,157.0,,6,4,Villalba Estación,Madrid,Collado Villalba,Villalba Estación,es,,40.6301795,-4.0064671,False,https://www.idealista.com/inmueble/108667793/,"Naturaleza y Confort en Collado Villalba Engel&Völkers presenta esta espectacular vivienda independiente situada en una exclusiva urbanización privada de Collado Villalba, una zona tranquila y rodeada de naturaleza, con excelentes comunicaciones tanto por carretera como en transporte público. La propiedad se asienta sobre una amplia parcela de 1.637 m², ideal para disfrutar de privacidad, espacio al aire libre y múltiples posibilidades de ocio o paisajismo. La vivienda cuenta con una superficie generosa distribuida en 6 dormitorios, perfectos para familias grandes o para quienes necesiten espacio para invitados, despacho o zona de teletrabajo. Dispone de 4 baños completos, lo que garantiza comodidad y funcionalidad para todos los miembros del hogar. El salón es amplio y luminoso, con acceso directo al exterior, y se convierte en el lugar perfecto para reuniones familiares o momentos de descanso. La cocina está completamente equipada, lista para ser disfrutada desde el primer día. Esta casa combina confort, amplitud y una ubicación privilegiada, en una urbanización segura y tranquila, pero muy bien conectada con todos los servicios y con el centro de Madrid. Ideal para quienes buscan un entorno natural sin renunciar a la comodidad y la accesibilidad. La vivienda se encuentra en una de las mejores zonas residenciales de Collado Villalba, dentro de una urbanización privada que combina tranquilidad, naturaleza y una excelente conectividad. La zona está muy bien comunicada tanto en transporte público como en carretera: A pocos minutos se encuentra la estación de Renfe de Villalba, que ofrece conexiones directas con Madrid (líneas C3a, C8 y C10), facilitando los desplazamientos diarios tanto por trabajo como por ocio. En cuanto al transporte por carretera, la vivienda tiene un acceso rápido a la A-6 (Autovía del Noroeste), lo que permite llegar al centro de Madrid en menos de 30 minutos en condiciones normales de tráfico. También cuenta con una amplia red de autobuses interurbanos, con varias líneas que conectan directamente con Moncloa y otros puntos clave de la capital, así como con municipios cercanos de la Sierra de Guadarrama. A pesar de estar rodeada de naturaleza y ofrecer un entorno muy tranquilo, la vivienda se sitúa a corta distancia de zonas comerciales, colegios, centros de salud y todo tipo de servicios.",False,good,False,,4962.0,False,False,False,False,[],False,False,779000.0,€,790000.0,11000.0,1.0,True,True,,chalet,"Villalba Estación, Collado Villalba",Casa independiente,Top,,independantHouse
108014494,https://img4.idealista.com/blur/480_360_mq/0/id.pro.es.image.master/52/dd/76/1340297035.webp,85861234,53,bj,2500000.0,flat,sale,188.0,True,2,3,calle de Juan de Mena,Madrid,Madrid,Retiro,es,Jerónimos,40.418961,-3.6904301,False,https://www.idealista.com/inmueble/108014494/,"Impresionante Apartamento Reformado a Estrenar en Jerónimos Ubicado en el corazón de Jerónimos, este exquisito apartamento de 188 m² se encuentra a tan solo 3 minutos a pie del icónico Parque del Retiro. Situado en un hermoso edificio clásico, la propiedad combina a la perfección el encanto histórico con el lujo contemporáneo. Recientemente renovado con los más altos estándares, la vivienda presenta acabados de primer nivel en todos sus espacios, ofreciendo una experiencia de vida sofisticada y tranquila en uno de los barrios más codiciados de Madrid. El apartamento cuenta con una distribución elegante: Un amplio salón con vistas exteriores a una calle tranquila Una cocina totalmente equipada con electrodomésticos de alta gama y mobiliario a medida Dos dormitorios acogedores, diseñados para brindar el máximo confort y privacidad Un baño refinado, con acabados y grifería de alta calidad Una sala de cine o juegos adicional, ideal para el ocio o para recibir invitados Con una ubicación inmejorable, proporciones elegantes y una renovación impecable, esta propiedad representa una oportunidad única de adquirir una vivienda de lujo en el epicentro cultural y arquitectónico de Madrid.",True,good,False,True,13298.0,True,False,False,False,[],False,False,2500000.0,€,,,,,,,flat,"Jerónimos, Madrid",Piso en calle de Juan de Mena,Top,,
108717633,https://img4.idealista.com/blur/480_360_mq/0/id.pro.es.image.master/a5/53/bc/1353039908.webp,,32,2,629900.0,flat,sale,131.0,True,4,2,calle Secundino Zuazo,Madrid,Boadilla del Monte,Sector B,es,,40.4033126,-3.8929595,False,https://www.idealista.com/inmueble/108717633/,"AGENCIA INMOBILIARIA HOGARES BOADILLA DEL MONTE presenta este FABULOSO PISO de 130 m² construidos en el corazón del SECTOR B.  Ubicado en una urbanización privada con conserje, piscina, zonas comunes y todos los servicios a un paso, este piso destaca por su excelente distribución, gran luminosidad y una orientación privilegiada que garantiza luz natural durante todo el día. La vivienda, originalmente de cuatro dormitorios, ha sido reformada para ofrecer espacios más amplios y funcionales, distribuyéndose en una sola planta de forma cómoda y práctica: Nada más acceder, encontramos un hall recibidor que nos da la bienvenida y conecta con una amplia y luminosa cocina independiente, con gran capacidad de almacenaje y acceso a una práctica zona de tendedero cubierto. Desde el hall también accedemos a un amplio y luminoso salón comedor, lleno de luz gracias a sus amplios ventanales y con salida directa a una generosa terraza de aproximadamente 10 m², perfecta para disfrutar del aire libre. La zona de descanso se encuentra perfectamente separada mediante un pasillo que nos conduce a tres habitaciones. Dos de ellas, de buen tamaño, comparten un baño completo, y la habitación principal cuenta con baño en suite. Además, la cuarta habitación original se ha reconvertido en una práctica zona de vestidor y despacho, ideal como espacio de trabajo o almacenamiento adicional. La vivienda cuenta con aire acondicionado por conductos, reformas en baños, paredes en liso, doble ventana con mosquitera y carpinterías lacadas en blanco, además de una cómoda plaza de garaje y trastero incluidos en el precio. La urbanización dispone de piscina comunitaria, zonas ajardinadas y espacios comunes para el disfrute de toda la familia, en un entorno tranquilo, seguro y familiar. Situado en una de las zonas mejor comunicadas de Boadilla del Monte, con fácil acceso a la M-50, M-40, A-6, A-5 y M-501, muy cerca de transporte público, supermercados, restaurantes y una amplia oferta educativa, con centros como Mirabal International School, St. Michael’s, Virgen de Europa, EuroCasvi y Endaze School, entre otros. ¡Una oportunidad única para vivir en uno de los mejores entornos residenciales de Boadilla! ¡No dudes en visitar tu nuevo hogar, te encantará!",True,good,False,True,4808.0,False,True,False,False,[],False,False,629900.0,€,,,,True,True,,flat,"Sector B, Boadilla del Monte",Piso en calle Secundino Zuazo,Top,,
96188353,https://img4.idealista.com/blur/480_360_mq/0/id.pro.es.image.master/3c/54/f6/939760504.webp,CDC1319,56,,1690000.0,chalet,sale,700.0,,8,6,calle embajador,Madrid,Ciudalcampo,,es,,40.6144831,-3.6023285,False,https://www.idealista.com/inmueble/96188353/,"HOUSE AND HOUSE VENDE Espectacular chalet en Ciudalcampo con altísimo nivel de equipamiento y facilidades, En una de las mejores ubicaciones dentro de Ciudalcampo.  Se distribuye: PLANTA BAJA: Moderna cocina muy amplia con electrodomésticos de última generación, zona de office y un cuarto para lavandería espectacularmente diseñado. Cuarto de estar o dormitorio y Baño con Baño turco, Cuarto para zona infantil o zona de cine, Baño. Se accede al jardín y piscina con zona de barbacoa y vestuarios y baño en ella. PLANTA PRIMERA: Dormitorio principal en suite con ducha y gran jacuzzi y amplio vestidor. Otro dormitorio también en suite con armarios empotrados y un tercer dormitorio o despacho con baño exterior. De las habitaciones de la segunda planta se accede a una impresionante terraza con acabados en madera de Teca en perfecto estado pudiendo también acceder a la piscina por ella.  PLANTA SEGUNDA: consta de 4 dormitorios con armarios empotrados y 2 baños. Calefacción de gas y aire acondicionado en toda la casa y persianas eléctricas en toda la casa. Amplio garaje cubierto con capacidad para 3 o 4 vehículos y almacenaje, además de una zona exterior de aparcamiento para invitados en el interior de la finca. Cualquier necesidad específica del inquilino se puede discutir. La vivienda está ubicada dentro de una urbanización, situada en el kilometro 28 de la N-I, dispone de seguridad privada las 24h del día, como servicios comunes dentro de la urbanización cabe destacar: El club social del RACE, con un campo de golf de 18 hoyos, hípica, piscina, tenis, padel, futbol, gimnasio etc.. . Además de dos edificios sociales uno de adultos y uno de niños, con zona de ocio, piscina de bolas y unos grandes jardines con columpios y mesas de picnic ideales para celebrar fiestas infantiles. Colegio privado bilingüe SEK, en la urbanización de enfrente (Santo Domingo) hay un colegio público bilingüe con primaria y secundaria y a 5 min por la vía de servicio en dirección Madrid se encuentra también el Trinity College colegio concertado bilingüe. La urbanización tiene una línea de autobús que van a Plaza de Castilla y hacen paradas intermedias en el metro de San Sebastián de los Reyes, junto al Hospital Público Infanta Sofía. Ciudalcampo dispone además de una línea de minibuses internos que recorren toda la urbanización. A 10 min, encontramos el Hospital público de la Seguridad Social Infanta Sofía.",False,good,False,,2414.0,False,False,False,False,[],False,False,1690000.0,€,,,,True,True,,chalet,Ciudalcampo,Casa independiente en calle embajador,Top,,independantHouse
108795312,https://img4.idealista.com/blur/480_360_mq/0/id.pro.es.image.master/42/3d/e0/1355352889.webp,DEHESA350,31,3,350000.0,penthouse,sale,200.0,True,4,2,"AV DEHESA DE LA, 5",Madrid,Navalcarnero,La Dehesa - El Pinar,es,,40.3036798,-4.0051726,True,https://www.idealista.com/inmueble/108795312/,"HOGARES NAVALCARNERO VENDE espectacular ático dúplex en urbanización privada con piscina comunitaria, portero físico, áreas infantiles y zonas ajardinadas. También dispone de DOS plaza de garaje y trastero, en uno de los barrios con más prestigio del municipio; La Dehesa. Una de las mejores zonas de Navalcarnero, próximo a todo tipo de servicios, a 500 metro del colegio SEI, comercios, paradas de autobús, instalaciones deportivas, etc. Combinado con naturaleza y tranquilidad en el barrio. La vivienda se distribuye en dos cómodas plantas y está compuesta por cuatro dormitorios y dos baños completos. El inmueble se encuentra en un perfecto estado de conservación, dadas las modificaciones pertinentes que se hicieron y se distribuye de la siguiente manera: Al entrar a la vivienda nos encontramos un amplio hall de entrada, cocina reformada con zona de office y gran espacio de tendedero y enorme salón – comedor de muy buen tamaño con amplios ventanales, lo que le da mucha luminosidad a la estancia. Dos dormitorios secundarios grandes con armarios empotrados y grandes ventanales. Un baño completo con bañera. Una habitación principal con armarios empotrados y con baño completo en suite con plato de ducha. Desde el salón accedemos por una cómoda y bonita escalera a la planta de arriba donde contamos con una buhardilla diáfana y completamente habilitada pudiendo usarse para múltiples actividades como habitación, ocio, despacho, etc. La vivienda tiene toda la pintura en liso, aire acondicionado por conducto con bomba frío/calor excepto en la buhardilla que contamos con split de aire acondicionado. Además de DOS plaza de garaje y trastero. ¡NO PIERDAS LA OPORTUNIDAD DE VIVIR EN UN PRECIOSO ÁTICO EN UNA DE LAS MEJORES ZONAS DEL MUNICIPIO! ¡FINANCIACION HASTA EL 100%!",False,good,False,True,1750.0,True,False,False,False,[],False,False,350000.0,€,,,,True,True,,flat,"La Dehesa - El Pinar, Navalcarnero","Ático en Av Dehesa De La, 5",Top,,penthouse
87474651,https://img4.idealista.com/blur/480_360_mq/0/id.pro.es.image.master/11/ae/ec/1248134992.webp,CDC1618,55,,1990000.0,chalet,sale,660.0,,5,5,cerro del toro,Madrid,Ciudalcampo,,es,,40.6150475,-3.6241885,False,https://www.idealista.com/inmueble/87474651/,"HOUSE AND HOUSE VENDE O ALQUILA (912779625) Fantástica vivienda de Vanguardia, diseñada por un importante estudio de arquitectura MBM y construida con los mejores materiales.  La casa esta situada en una preciosa parcela, con jardín muy bien diseñado y consolidado y unas impresionantes vistas. La casa se distribuye: Planta principal: hall, aseo de invitados, cocina totalmente equipada (electrodomésticos de alta gama), salón-comedor muy amplio dividido en dos ambientes con grandes ventanales, zona de estar con Chimenea suspendida de Dominique Imbert.  Entre los espacios que componen el salón se encuentra una espectacular terraza con suelos de teca birmana de 8x25 con increíbles vistas a la Sierra Norte.  En esta misma planta encontramos una habitación para invitados con baño en suite, otros dos dormitorios que comparten un baño completo y la habitación principal con gran vestidor y baño en suite todas muy amplias y con mucha luz. planta baja: Encontramos piscina climatizada, jacuzzi, baño turco y un área polivalente con vistas al jardín, dos habitaciones más, un cuarto de baño y cuarto de instalaciones. El jardín cuenta con un estanque y huerto. La casa tiene: alarma volumetrica, domótica, iluminación led, suelo radiante, aspiración centralizada ventanas eléctricas, persianas motorizadas de seguridad, las ventanas del salón tienen un sistema de calefacción para impedir que se empañen por la diferencia de temperatura equipo de sonido y DVD integrado y centralizado de la prestigiosa marca Bang&Olufsen, montacargas. La vivienda está ubicada dentro de una urbanización, situada en el kilometro 28 de la N-I, dispone de seguridad privada las 24h del día, como servicios comunes dentro de la urbanización cabe destacar: El club social del RACE, con un campo de golf de 18 hoyos, hípica, piscina, tenis, padel, futbol, gimnasio etc... Además de dos edificios sociales uno de adultos y uno de niños, con zona de ocio, piscina de bolas y unos grandes jardines con columpios y mesas de picnic ideales para celebrar fiestas infantiles. Colegio privado bilingüe SEK, en la urbanización de enfrente (Santo Domingo) hay un colegio público bilingüe con primaria y secundaria y a 5 min por la vía de servicio en dirección Madrid se encuentra también el Trinity College colegio concertado bilingüe. La urbanización tiene una línea de autobús que van a Plaza de Castilla y hacen paradas intermedias en el metro de San Sebastián de los Reyes, junto al Hospital Publico Infanta Sofía. Ciudalcampo dispone además de una línea de minibuses internos que recorren toda la urbanización. A 10 min, encontramos el Hospital público de la Seguridad Social Infanta Sofía, construido recientemente y con todas las especialidades.",False,good,False,,3015.0,False,False,False,False,[],False,False,1990000.0,€,,,,True,True,,chalet,Ciudalcampo,Casa independiente en cerro del toro,Top,,independantHouse
108105907,https://img4.idealista.com/blur/480_360_mq/0/id.pro.es.image.master/bc/5d/c3/1333996804.webp,VM2505018,36,7,1750000.0,penthouse,sale,219.0,True,3,3,Barrio Guindalera,Madrid,Madrid,Barrio de Salamanca,es,Guindalera,40.4334041,-3.6629985,False,https://www.idealista.com/inmueble/108105907/,"ATICO CON TERRAZA DE 70 M2, EN FINCA CON SPA, PISCINA, GIMNASIO, SAUNA, GARAGE Y TRASTERO Presentamos una propiedad verdaderamente excepcional en el distrito de Salamanca: un ático de 219 m² con una terraza privada de 70 m², un auténtico privilegio en esta zona de Madrid. La vivienda, completamente exterior, ofrece una luminosidad inigualable y una distribución ideal para disfrutar de amplitud, confort y privacidad. Dispone de un gran salón-comedor, cocina independiente, tres amplios dormitorios dobles y tres baños completos. Si bien requiere actualización, la distribución del inmueble es perfecta, ya que cada estancia es completamente exterior y luminosa, con acceso directo a la espectacular terraza, perfecta para reuniones al aire libre, momentos de relax o simplemente contemplar las vistas despejadas a la ciudad y a las zonas verdes del edificio. Ubicada en una finca moderna y exclusiva, esta propiedad se distingue por ofrecer servicios poco comunes en Madrid: zonas ajardinadas perfectamente cuidadas, piscina, gimnasio completamente equipado, sauna y servicio de seguridad las 24 horas. Todo ello pensado para brindar una experiencia de vida superior, con todas las comodidades sin salir de casa. Cuenta con plaza de garaje (opcional) y trastero. Una oportunidad única de vivir en un singular ático con una terraza excepcional por su tamaño y privacidad y en un entorno residencial ideal para quienes buscan espacio, tranquilidad y calidad de vida en pleno Madrid. ¿Te imaginas vivir aquí?  Contacte con nosotros para ver más inmuebles similares.",True,good,False,True,7991.0,True,False,False,False,[],False,False,1750000.0,€,,,,True,True,,flat,"Guindalera, Madrid",Ático,Top,,penthouse
108696188,https://img4.idealista.com/blur/480_360_mq/0/id.pro.es.image.master/9c/d3/6b/1352480048.webp,MV-2140,25,1,348000.0,flat,sale,47.0,True,1,1,calle de Bravo Murillo,Madrid,Madrid,Tetuán,es,Cuzco-Castillejos,40.4670407,-3.6922861,False,https://www.idealista.com/inmueble/108696188/,"Grupo EXTRA vende una excelente propiedad en perfecto estado y reformada hace tan solo cinco años, ubicada en calle Bravo Murillo. Actualmente la casa está distribuida en, hall de entrada, cocina independiente y equipada, dormitorios doble con armario, baño completo con plato de ducha y un amplio salón, gracias a que el piso cuenta con ventanas grandes al exterior con vistas al jardín en todas sus estancias, a su buena altura de techos y a su orientación este, la vivienda goza de mucha luz natural y muy buena ventilación. Antiguamente el salón contaba con una terraza, a día de hoy este espacio se añadió a la casa para contar con mucho más espacio en la vivienda. Piso en una primera planta, en una finca en perfecto estado. Comunidad 78€ y 280€ IBI. Aire acondicionado con bomba de calor en salón y calefacción individual con radiadores en todas las habitaciones. Piso de 47 metros construidos. Finca de 1976. Ubicada a 2 minutos de Plaza Castilla y Paseo de la Castellana. El piso está en una zona con una amplia gama de servicios, desde grandes almacenes, comercios, centros médicos, farmacias, supermercados, colegios, iglesias, gimnasios, hoteles, hasta zonas deportivas (Centro Deportivo Triángulo de Oro) y una selección muy amplia de bares y restaurantes. El distrito es especialmente conocido por su centro de negocios AZCA.  En cuanto a las comunicaciones, Castillejos tiene una excelente cobertura de transporte público (49, 66, 122, N22, N23... ) y metros (1, 9, 10... ). Esto se debe a la cercanía de la estación del metro Cuzco, Tetuán y del intercambiador de Plaza de Castilla. El acceso al centro de la ciudad y a las principales salidas Túnel de Sor Angela de la Cruz con comunicación a M30-Av. de la Ilustración (M-30, A-1) es rápido, ya sea por el Paseo de La Castellana o Plaza Castilla.",False,good,False,True,7404.0,True,False,True,False,[],False,False,348000.0,€,,,,,,,flat,"Cuzco-Castillejos, Madrid",Piso en calle de Bravo Murillo,Top,,
108796574,https://img4.idealista.com/blur/480_360_mq/0/id.pro.es.image.master/e7/a0/04/1355397007.webp,W-030VL1,27,bj,1020000.0,flat,sale,230.0,True,3,2,Norte,Madrid,Alcobendas,Norte,es,,40.5395012,-3.6561181,False,https://www.idealista.com/inmueble/108796574/,"Exclusivo bajo con Jardin Privado en Alcobendas Norte Engel & Völkers presenta esta espectacular vivienda, ubicada en una de las zonas más tranquilas y mejor comunicadas del norte de Madrid. Se trata de una preciosa propiedad de unos 230m² que se dividen de la siguiente manera. Un piso en planta baja de unos 90 m², con un amplio jardín de uso privado de aproximadamente 112 m². Está orientado al noroeste y cuenta con acceso directo a las zonas comunes. En el precio se incluyen dos plazas de garaje con punto de carga para vehículos eléctricos, así como un amplio trastero. La vivienda se presenta de la siguiente manera: un recibidor con armario empotrado separa la zona social de la zona de descanso. Por un lado, encontramos un bonito salón con cocina integrada de unos 31 m². La cocina, de concepto abierto, está completamente integrada con el salón, lo que genera una sensación de amplitud y gran luminosidad en toda la estancia. Por otro lado, se encuentra la zona de dormitorios. El dormitorio principal dispone de baño en suite. Todos los dormitorios dan al jardín exterior y cuentan con armarios empotrados. Cuenta con calidades excelentes: ventanas Climalit, suelo de madera radiante con termostato regulable en cada estancia, aire acondicionado por conductos con sistema frío/calor en toda la vivienda, y persianas eléctricas. Además, dispone de un sistema de domótica inteligente que permite controlar desde el móvil la calefacción por suelo radiante, las persianas, la iluminación e incluso el suministro de agua. La propiedad cuenta con los mejores materiales del mercado, ofreciendo un diseño moderno, funcional y eficiente. El gran jardín privado ofrece acceso directo a una urbanización que cuenta con todas las comodidades: piscina para adultos y niños, zona de columpios y juegos infantiles, sala común para reuniones o celebraciones, y servicio de portería disponible las 24 horas. La urbanización es amplia y está organizada en zonas comunes diferenciadas, pensadas para el disfrute de toda la familia. Gracias a sus características, su alta calidad constructiva y su privilegiada ubicación en una zona con una amplia oferta de servicios y equipamientos, esta vivienda es una oportunidad única para quienes buscan confort, diseño y calidad de vida. Engel & Völkers no cobra comisión al comprador. No dudes en contactarnos para conocer más sobre las opciones de financiación sin coste para el comprador. Para más información o programar una visita, no dudes en ponerte en contacto con nosotros. Descubre todo lo que esta magnífica propiedad puede ofrecerte. Su excelente ubicación permite disfrutar de una conexión inmejorable con el resto de la ciudad. En la puerta de la urbanización se encuentra la parada de autobús con conexión directa a Plaza de Castilla, mientras que las estaciones de metro y cercanías están a tan solo diez minutos caminando. Además, dispone de rápidos accesos a las principales vías de comunicación, como la A-1, M-40 y M-607. Alcobendas Norte está posicionada como una de las localizaciones más atractivas para la implantación de empresas en la Comunidad de Madrid. Es una zona residencial en plena expansión, muy bien comunicada con el Distrito Telefónica y la sede del BBVA, así como con el parque empresarial y residencial La Moraleja, o la Universidad Autónoma. Esta zona es accesible desde la A-1 (Autovía del Norte), la circunvalación M-40 y la carretera de Colmenar (M-607). Cuenta con varias líneas de autobuses, la estación de cercanías Renfe (línea C4) y la línea 10 de Metro. En la zona norte de Alcobendas hay una amplia oferta de colegios, comercios, supermercados, parques infantiles, centros deportivos y centros de salud.",False,good,False,True,4435.0,True,False,False,False,[],False,False,1020000.0,€,,,,True,True,,flat,"Norte, Alcobendas",Piso,Top,,
108844723,https://img4.idealista.com/blur/480_360_mq/0/id.pro.es.image.master/7f/bc/8e/1356783259.webp,W-030PDW,38,,1150000.0,chalet,sale,322.0,,4,4,El Pastel,Madrid,Boadilla del Monte,El Pastel,es,,40.4177947,-3.9185215,False,https://www.idealista.com/inmueble/108844723/,"Maravilloso pareado en Boadilla del Monte Moderno, eficiente y rodeado de naturaleza Engel&Völkers presenta esta exclusiva vivienda de 322 m² construidos que se alza sobre una parcela privada y ofrece un diseño arquitectónico contemporáneo, con una cuidada fachada revestida en piedra natural y carpintería exterior de PVC. Se distribuye en tres plantas, conectadas tanto por escaleras como por un ascensor interior, que aporta accesibilidad y comodidad en el día a día. ZONA EXTERIOR: La vivienda cuenta con un jardín privado, una piscina y un agradable porche cubierto de 18 m², perfecto para disfrutar al aire libre durante todo el año. Además, dispone de garaje en superficie dentro de la propia parcela. EFICIENCIA Y CONFORT: Equipada con un avanzado sistema de climatización por aerotermia, que proporciona calefacción y refrigeración por suelo radiante y refrescante, con control independiente por estancias. Todo pensado para ofrecer el máximo confort con el mínimo consumo. Planta principal cuenta con amplio hall de entrada, cocina completamente amueblada con zona de office, aseo de cortesía y salón-comedor de generosas dimensiones con salida directa al porche, jardín y piscina.  Primera planta donde encontramos la zona de descanso, que cuenta con dormitorio principal con vestidor, baño en suite y acceso a terraza, dos dormitorios secundarios con armarios empotrados y acceso a terrazas privadas, un segundo baño completo que comparten las dos habitaciones. La planta sótano es zona de múltiples servicios, cuenta con gran salón multiusos, ideal como sala de cine, juegos o gimnasio, cuarto de instalaciones, lavandería, una habitación adicional y baño completo a esta planta se accede también con entrada independiente desde el jardín, lo que permite privatizar esta planta como zona de invitados, despacho o apartamento independiente. La vivienda destaca por su gran luminosidad, amplias vistas al monte y una distribución funcional con espacios diferenciados, ideal para familias que buscan privacidad y amplitud. Se encuentra situada en una zona residencial tranquila y en expansión, conectada con todos los servicios, colegios, transporte público y zonas comerciales. Cuenta con ascensor, piscina, aerotermia, porche cubierto y entrada independiente en sótano. Una oportunidad única de vivir con todas las comodidades en una de las zonas más demandadas del noroeste de Madrid. La casa está ubicada en una de las áreas más exclusivas y nuevas del municipio, El Pastel, junto a Las Lomas, El Olivar de Mirabal y el Parque Boadilla, con grandes zonas verdes, parques infantiles, caminos para bicicletas y peatones, cerca de servicios, tiendas, paradas de autobús y acceso directo a la M-513. A minutos de los prestigiosos colegios St. Michael, Mirabal, EuroCasvi, Virgen de Europa, Endaze School y cerca del Centro Deportivo Municipal Felipe VI. Está a solo 20 minutos en coche del centro de Madrid, cerca del tren ligero que conecta con el Metro de Madrid y prestigiosas universidades en la zona noroeste. Todo lo que necesitas para una vida de calidad.",False,good,False,,3571.0,True,False,False,False,[],False,False,1150000.0,€,,,,True,True,,chalet,"El Pastel, Boadilla del Monte",Chalet pareado,Top,,semidetachedHouse
108612958,https://img4.idealista.com/blur/480_360_mq/0/id.pro.es.image.master/af/3f/81/1349949645.webp,pl2.v.052,43,,2900000.0,chalet,sale,480.0,,5,5,"paseo de los Lagos, 2",Madrid,Pozuelo de Alarcón,Zona Prado de Somosaguas - La Finca,es,La Finca,40.4162972,-3.8007676,True,https://www.idealista.com/inmueble/108612958/,"Realizza La Finca, vende este chalet adosado, en la urbanización La Finca, con excelente ubicación dentro de la urbanización. Nada mas entrar a la vivienda, nos encontramos con el hall de entrada que da acceso a un salón con zona de tv y despacho a un aseo de cortesía. En la siguiente planta un amplio salón en doble altura con acceso directo al jardín con piscina y porche cubierto, en esta misma planta se encuentra la cocina, desde la cual se accede a la zona del comedor. En la segunda planta encontramos tres dormitorios y dos baños y en la planta superior el dormitorio principal con baño en suite y vestidor ademas de una zona para despacho o cuarto de tv. En la planta -1, hay una gran zona de juegos, ademas de un dormitorio de servcio y un baño. La zona de La Finca tiene unas excelentes comunicaciones mediante transporte público, gracias al metro ligero y a los autobuses de línea que paran en los diferentes tramos de la urbanización La Finca. La zona también goza de un gran número de colegios privados como, Kesington Shool American School, British Council, Colegio Internacional, Los Rosales, y Retamar; centros comerciales como El Corte Inglés de Pozuelo, el centro comercial Zielo, El Zoco, y los multiciness de Kinepolis (con los cines más grandes de España); Centros deportivos como Rebook sport La Finca, y campos de golf como el Club de Golf Somosaguas.  Realizza La Finca, es una inmobiliaria de lujo ubicada en La Finca, ofrece una amplia selección de viviendas de lujo (adosados, bajos con jardín, áticos y chalets independientes) en compra y en alquiler, ubicadas en La Finca de Pozuelo, y se caracteriza por ofrecer exclusivamente viviendas ubicadas en esta privilegiada zona residencial de Madrid. Con experiencia de más de 10 años en La Finca y con conocimiento profundo de todas las urbanizaciones que la componen. Contamos para ello se con un equipo de gran experiencia en el mercado inmobiliario de lujo, y con una relación muy directa con La Finca desde sus inicios hasta hoy. Nuestra larga trayectoria profesional nos permite ofrecer una excelente gestión y encontrar soluciones a las necesidades de cada cliente con el objetivo de lograr su satisfacción y confianza.",False,good,False,,6042.0,True,False,False,False,[],False,False,2900000.0,€,,,,True,True,,chalet,"La Finca, Pozuelo de Alarcón","Chalet adosado en paseo de los Lagos, 2",Top,,terracedHouse
103410916,https://img4.idealista.com/blur/480_360_mq/0/id.pro.es.image.master/2f/ea/ab/1188674076.webp,CDC1757,41,,2450000.0,chalet,sale,475.0,,5,5,arlanza,Madrid,Ciudalcampo,,es,,40.622571,-3.6080682,False,https://www.idealista.com/inmueble/103410916/,"HOUSE AND HOUSE VENDE ( ) Fantástica vivienda con 9 años de antigüedad, con una distribución practica y funcional, grandes ventanales y muchísima luz. Aerotermia con placas solares, suelo radiante frio/calor regulable por estancias, persianas automáticas de bandalux, electrodomésticos de alta gama, espectacular gimnasio con sauna y baño turco.  La casa se distribuye: PLANTA PRINCIPAL: Hall de entrada a doble altura, salón comedor muy amplio con diferentes ambientes y salida al porche y piscina a través de grandes ventanales, cocina con electrodomésticos de primera calidad abierta a una zona del salón con un precioso comedor también con grandes ventanales y salida directa al porche y piscina, en el porche encontramos una zona techada con su zona de horno de leña, parrilla, cocina y barra. Al lado de la cocina tenemos una gran zona de servicio con despensa, lavandería y cuarto de instalaciones. (preparada para sacar un dormitorio de servicio con baño completo). En esta misma planta tenemos un dormitorio de invitados con vestidor y baño en suite y el aseo de visitas. PLANTA PRIMERA: Tres dormitorios con dos baños. El dormitorio principal con gran baño en suite, espectacular vestidor y una segunda estancia actualmente como cuarto de estar. PLANTA BAJA: Junto a la piscina tenemos una planta que cuenta con dormitorio de servicio baño completo y actualmente un gimnasio ( que cuenta con sauna y baño turco) Bonito jardín y piscina desbordante de sal. MEJOR VER! La vivienda está ubicada dentro de una urbanización, situada en el kilometro 28 de la N-I, dispone de seguridad privada las 24h del día, como servicios comunes dentro de la urbanización cabe destacar: El club social del RACE, con un campo de golf de 18 hoyos, hípica, piscina, tenis, padel, futbol, gimnasio etc... Además de dos edificios sociales uno de adultos y uno de niños, con zona de ocio, piscina de bolas y unos grandes jardines con columpios y mesas de picnic ideales para celebrar fiestas infantiles. Colegio privado bilingüe SEK, en la urbanización de enfrente (Santo Domingo) hay un colegio público bilingüe con primaria y secundaria y a 5 min por la vía de servicio en dirección Madrid se encuentra también el Trinity College colegio concertado bilingüe. La urbanización tiene una línea de autobús que van a Plaza de Castilla y hacen paradas intermedias en el metro de San Sebastián de los Reyes, junto al Hospital Publico Infanta Sofía. Ciudalcampo dispone además de una línea de minibuses internos que recorren toda la urbanización. A 10 min, encontramos el Hospital público de la Seguridad Social Infanta Sofía, construido recientemente y con todas las especialidades.",False,good,False,,5158.0,False,False,False,False,[],False,False,2450000.0,€,,,,True,True,,chalet,Ciudalcampo,Casa independiente en arlanza,Top,,independantHouse
108102572,https://img4.idealista.com/blur/480_360_mq/0/id.pro.es.image.master/0a/8c/e2/1333894212.webp,VM2404050,31,1,2800000.0,flat,sale,244.0,False,4,5,Barrio Castellana,Madrid,Madrid,Barrio de Salamanca,es,Castellana,40.429784,-3.6842297,False,https://www.idealista.com/inmueble/108102572/,"PISO REFORMADO EN UNA DE LAS MEJORES ZONAS DE MADRID Espectacular piso de lujo recién reformado, en una de las mejores zonas de Madrid de unas magníficas calidades.   Tiene 240 m² y techos de más de 3 m² de altura, además, cuenta con un trastero de 10 m².   Muy buena ubicación, en pleno barrio Salamanca, donde se encuentran los restaurantes más de moda de Madrid, tiendas y comercios, una oportunidad única.   ¿Te imaginas vivir aquí?  Contacte con nosotros para ver más inmuebles similares.",True,good,False,False,11475.0,True,False,False,False,[],False,False,2800000.0,€,,,,,,,flat,"Castellana, Madrid",Piso,Top,,
108807015,https://img4.idealista.com/blur/480_360_mq/0/id.pro.es.image.master/40/f1/f0/1355716377.webp,PLBUENAVISTA,26,1,230000.0,flat,sale,100.0,True,3,2,"plaza de Buenavista, 10",Madrid,Navalcarnero,El Pijorro,es,,40.2928205,-4.0158933,True,https://www.idealista.com/inmueble/108807015/,"¡Tu nuevo hogar en el Pijorro de Navalcarnero te está esperando! HOGARES NAVALCARNERO VENDE EN EXCLUSIVA este magnífico piso con terraza en El Pijorro, una de las zonas más tranquilas y valoradas del centro del municipio. Un entorno privilegiado donde la comodidad de tenerlo todo a mano se combina con la paz de un barrio residencial rodeado de naturaleza. La vivienda, en excelente estado, se encuentra en una única planta, en un primer piso con altura de segundo, y destaca por su distribución funcional y sus espacios luminosos y acogedores. Cuenta con tres dormitorios, la habitación principal dispone de armario empotrado, doble ventana, y dos baños completos con bañera, ideales para el día a día de toda la familia. El salón-comedor, amplio y con aire acondicionado, te invita a relajarte o disfrutar en compañía, con acceso directo a una terraza privada con vistas despejadas. La cocina independiente es cómoda y práctica, y dispone de una amplia zona de tendedero.  Situado a un paso de supermercados, colegios, parques infantiles, instalaciones deportivas y transporte público, este piso lo tiene todo para convertirse en tu próximo hogar o una excelente inversión.  Posibilidad de financiación al 100 %, es una oportunidad que no puedes dejar escapar. ¡Ven a visitarlo y déjate conquistar!",False,good,False,False,2300.0,True,False,False,False,[],False,False,230000.0,€,,,,,,,flat,"El Pijorro, Navalcarnero","Piso en plaza de Buenavista, 10",Top,,
108618852,https://img4.idealista.com/blur/480_360_mq/0/id.pro.es.image.master/de/d5/17/1353431670.webp,VM2506126,30,4,695000.0,flat,sale,84.0,True,2,1,Barrio Guindalera,Madrid,Madrid,Barrio de Salamanca,es,Guindalera,40.4334413,-3.6711497,False,https://www.idealista.com/inmueble/108618852/,"LUMINOSO PISO EXTERIOR CON PISCINA Y GARAJE EN FINCA  ¡Oportunidad única en Guindalera! Se vende estupendo piso en una cuarta planta exterior con orientación sur, lo que garantiza una luminosidad excelente durante todo el día. La vivienda se distribuye en dos dormitorios, un amplio salón comedor, cocina independiente y baño completo. Ideal tanto para vivir como para invertir, gracias a su cómoda distribución y su ubicación privilegiada, a pocos pasos de la Plaza de San Cayetano y con excelentes conexiones de transporte, comercios y servicios. El edificio cuenta con unas zonas comunes muy representativas y cuidadas, que aportan un extra de calidad y tranquilidad. Pero lo mejor está en la azotea: una gran piscina comunitaria con espectaculares vistas sobre Madrid, perfecta para disfrutar del verano en la capital. Cuenta también con garaje en finca, no incluido en el precio.   No dejes pasar esta oportunidad en la zona de Guindalera, dentro del distrito de Salamanca, una de las más demandadas de Madrid, tanto para vivir como para invertir, por su excelente potencial de rentabilidad. Combina un ambiente residencial y tranquilo con una excelente oferta de servicios, comercios y comunicaciones. La proximidad al Instituto de Empresa y a importantes centros empresariales de la ciudad, así como el fácil acceso al intercambiador de avenida de América y a la M-30, hacen de esta zona una opción perfecta.   ¿Te gustaría vivir aquí?  Contacte con nosotros para ver más inmuebles similares.",True,good,False,True,8274.0,True,False,False,False,[],False,False,695000.0,€,,,,,,,flat,"Guindalera, Madrid",Piso,Top,,
108780870,https://img4.idealista.com/blur/480_360_mq/0/id.pro.es.image.master/03/7d/d2/1354929255.webp,MV_2139,44,2,399000.0,flat,sale,57.0,True,2,1,calle Sófora,Madrid,Madrid,Tetuán,es,Cuzco-Castillejos,40.4646811,-3.6914876,False,https://www.idealista.com/inmueble/108780870/,"Grupo EXTRA vende una excelente propiedad en perfecto estado y reformada hace tan solo cinco años, ubicada en la zona de Castillejos, en calle Sófora. Piso en una segunda planta, en una finca de cuatro alturas sin ascensor. Al existir hueco y posibilidad en la finca, la comunidad cuenta con un proyecto de instalación del ascensor, pendiente de aprobación. Actualmente la casa está distribuida en, hall de entrada con un armario empotrado, donde se encuentra instalado el calentador y la lavadora, cuenta con dos dormitorios, ambos con armario, la casa tiene doble orientación, sureste a calle Sófora y noroeste a patio interior. , baño con plato de ducha, cocina abierta y equipada a un amplio salón con un ventanal ideal para gozar de mucha luz natural y ventilación. Antiguamente el salón contaba con una terraza, a día de hoy este espacio se añadió a la casa para contar con mucho más espacio en la vivienda.  Gracias a que la casa cuenta con ventanas grandes en todas sus estancias, al tener doble orientación y a sus techos altos, la vivienda goza de mucha luz natural y de excelente ventilación cruzada. Comunidad 57€ y 258€ IBI. Aire acondicionado con bomba de calor en salón y calefacción individual con radiadores en todas las habitaciones. Piso de 57 metros construidos. Finca de 1967. Ubicada a 50mts. de calle Infanta Mercedes, a 5 minutos de Plaza Castilla y Paseo de la Castellana. El piso está en una zona con una amplia gama de servicios, desde grandes almacenes, comercios, centros médicos, farmacias, supermercados, colegios, iglesias, gimnasios, hoteles, hasta zonas deportivas (Centro Deportivo Triángulo de Oro) y una selección muy amplia de bares y restaurantes. El distrito es especialmente conocido por su centro de negocios AZCA.  En cuanto a las comunicaciones, Castillejos tiene una excelente cobertura de transporte público (49, 66, 122, N22, N23... ) y metros (1, 9, 10... ). Esto se debe a la cercanía de la estación del metro Cuzco, Tetuán y del intercambiador de Plaza de Castilla. El acceso al centro de la ciudad y a las principales salidas Túnel de Sor Angela de la Cruz con comunicación a M30-Av. de la Ilustración (M-30, A-1) es rápido, ya sea por el Paseo de La Castellana o Plaza Castilla.",False,good,False,False,7000.0,True,False,True,False,[],False,False,399000.0,€,,,,,,,flat,"Cuzco-Castillejos, Madrid",Piso en calle Sófora,Top,,
106662742,https://img4.idealista.com/blur/480_360_mq/0/id.pro.es.image.master/f1/d3/1a/1290213067.webp,DS-P66022,28,5,1150000.0,penthouse,sale,92.0,True,2,1,glorieta de Ruiz Giménez,Madrid,Madrid,Centro,es,Malasaña-Universidad,40.4298921,-3.7074739,False,https://www.idealista.com/inmueble/106662742/,"DIZA consultores les presenta ático de lujo en Ruiz Giménez. Bienvenido a tu propio oasis de lujo en el corazón de glorieta de Ruiz Giménez. Este ático te ofrece una experiencia de vida única, fusionando elegancia contemporánea con comodidades de primer nivel. Al entrar, serás recibido por una sensación de luminosidad y dos trasteros en la parte lateral. La pieza central de esta residencia es su salón, aquí, podrás disfrutar de cenas íntimas o recibir a tus invitados en un ambiente acogedor. La cocina se encuentra independiente totalmente equipada. Los dormitorios son independientes y compartirían un baño completo. Sin embargo, la verdadera joya de esta propiedad es su magnífica terraza, desde donde podrás contemplar las vistas únicas. Ya sea disfrutando de un café por la mañana o brindando al atardecer, esta terraza se convertirá en tu refugio al aire libre. Con una ubicación privilegiada en una de las zonas más exclusivas de Madrid, este ático te ofrece lo mejor de ambos mundos: la tranquilidad de un hogar privado y la proximidad a una amplia gama de restaurantes, tiendas de lujo y lugares de interés cultural. Estaremos encantados de atenderle. DIZA Consultores Inmobiliarios. Inmobiliaria de lujo en Madrid especializada en comprar, vender y alquilar pisos en las zonas premium de Madrid: Barrio de Salamanca, Almagro, Chamartín, Retiro, Pozuelo, Aravaca, Boadilla… Convertimos Sueños en Hogares.",False,good,False,True,12500.0,False,False,False,True,[],False,False,1150000.0,€,,,,,,,flat,"Malasaña-Universidad, Madrid",Ático en glorieta de Ruiz Giménez,Top,,penthouse
106788536,https://img4.idealista.com/blur/480_360_mq/0/id.pro.es.image.master/63/bd/b0/1294034629.webp,DS-P66023,21,3,820000.0,flat,sale,83.0,True,3,2,avenida de Filipinas,Madrid,Madrid,Chamberí,es,Vallehermoso,40.4395815,-3.7107115,False,https://www.idealista.com/inmueble/106788536/,"DIZA Consultores les presenta este magnifico piso para reformar ubicado en el prestigioso barrio de Chamberí. Este espacioso inmueble de 83m2 con iluminación y ventilación natural esta compuesto de tres habitaciones y dos baños.  El piso es exterior y cuenta con 7 huecos a la calle.  Ubicada en el distrito de Chamberí ofrece una oportunidad única de inversión en una de las zonas más codiciadas de Madrid. Con una ubicación estratégica, los residentes disfrutan de fácil acceso a transporte público, servicios esenciales y una vibrante oferta cultural y arquitectónica, asegurando una alta demanda y potencial de revalorización. Actualmente se encuentra alquilado hasta Junio de 2025 con una renta de 2.400€ mensuales. DIZA Consultores Inmobiliarios. Inmobiliaria de lujo en Madrid especializada en comprar, vender y alquilar pisos en las zonas premium de Madrid: Barrio de Salamanca, Almagro, Chamartín, Retiro, Pozuelo, Aravaca, Boadilla… Convertimos Sueños en Hogares.",False,good,False,False,9880.0,False,False,False,True,[],False,False,820000.0,€,,,,,,,flat,"Vallehermoso, Madrid",Piso en avenida de Filipinas,Top,,
108143647,https://img4.idealista.com/blur/480_360_mq/0/id.pro.es.image.master/1d/5d/66/1337907488.webp,CLK01/4988,9,3,279000.0,flat,sale,29.0,True,1,1,calle de Jorge Juan,Madrid,Madrid,Barrio de Salamanca,es,Fuente del Berro,40.4238451,-3.6643599,False,https://www.idealista.com/inmueble/108143647/,"¡SOMOS PROPIETARIOS! Disfruta de todas las ventajas de comprar directamente a la propiedad. Clikalia presenta este piso ubicado en el barrio de Fuente del Berro, en Madrid. La vivienda está ubicada en la 3 planta orientada a patio de manzana con ascensor. Dispone de una superficie total de 29 m², distribuidos en salón y comedor, cocina abierta, 1 dormitorio y 1 baño. Situado en el barrio de Fuente del Berro, en la Calle Jorge Juan, cuenta con una ubicación que te permitirá estar cerca de todo lo que necesitas como el Hospital General Universitario Gregorio Marañón, El Corte Inglés Goya, el Movistar Arena y del Parque de la Quinta de la Fuente del Berro. A su vez, está próximo a supermercados, restaurantes, colegios, gimnasios, paradas de autobús y a la estación de metro O'Donnell (L6). Agenda tu visita, te acompañamos en todo el proceso. Llámanos de lunes a viernes de 9.00h a 20.00h.",True,renew,False,True,9621.0,True,False,False,False,[],False,False,279000.0,€,,,,,,,flat,"Fuente del Berro, Madrid",Piso en calle de Jorge Juan,Top,,
108898957,https://img4.idealista.com/blur/480_360_mq/0/id.pro.es.image.master/5e/a3/b9/1358315810.webp,295774,35,2,1250000.0,flat,sale,272.0,True,4,4,calle de Cantalejo,Madrid,Madrid,Fuencarral,es,Fuentelarreina,40.4761231,-3.7397171,False,https://www.idealista.com/inmueble/108898957/,"FUENCARRAL-EL PARDO - FUENTELARREINA, ¡Descubre tu nuevo hogar! Se vende espectacular piso exterior en un edificio de la Calle Cantalejo. Se sitúa en la segunda planta de un edificio de seis alturas ubicado en una urbanización cerrada. Con 272 m² construidos, se distribuye en un amplio salón-comedor ideal para disfrutar de momentos en familia o con amigos. La cocina cuenta con entrada de servicio independiente, un práctico lavadero y un dormitorio con un pequeño baño en suite. La vivienda dispone de otros tres dormitorios, proporcionando espacio suficiente para toda la familia. Además, cuenta con un aseo de cortesía y otros dos baños, uno de ellos en suite, lo que garantiza comodidad y privacidad. Ubicada en un barrio residencial y familiar asegura tranquilidad y seguridad en todo momento, siendo una opción perfecta para familias. No dejes pasar la oportunidad de vivir en un entorno que combina confort y bienestar. ¡Ven a visitar este magnífico piso y déjate enamorar por todo lo que tiene para ofrecer! ( El PVP indicado no incluye impuestos ni gastos de Escritura ).  PARA PROPIETARIOS:  1. ¿Necesitas vender para comprar? donpiso puede comprar tu casa entregándote el 10% en 48 horas y el resto ante Notario.  2. ¿Problemas económicos? Te ayudamos entregándote una cantidad pactada cada mes mientras vendemos tu casa. Sin gastos de ningún tipo.  3. ¿Vendes un piso con hipoteca? mientras gestionamos la venta, te adelantamos la cuota mensual.  4. ¿Reformas? al mejor precio y te las financiamos dentro de la hipoteca.  5. ¿La mejor hipoteca? en donpiso la encuentras y con condiciones preferentes.  6. ¿Herencias y divorcios? te ayudamos y coordinamos todo.  Infórmate:.",False,good,False,True,4596.0,False,False,False,False,[],False,False,1250000.0,€,,,,,,,flat,"Fuentelarreina, Madrid",Piso en calle de Cantalejo,Top,,
107020358,https://img4.idealista.com/blur/480_360_mq/0/id.pro.es.image.master/8b/02/2a/1327917854.webp,85571074,53,2,2500000.0,flat,sale,262.0,True,3,4,calle de Campoamor,Madrid,Madrid,Centro,es,Chueca-Justicia,40.4243488,-3.6943835,False,https://www.idealista.com/inmueble/107020358/,"BARNES presenta una joya inmobiliaria sin igual en el corazón del prestigioso distrito de Justicia en Madrid. Con una extensión impresionante de 262 metros cuadrados, esta propiedad encapsula la esencia de un estilo de vida urbano y sofisticado. Ubicada en el segundo piso de un edificio histórico de principios del siglo XX, esta vivienda ofrece una exquisita combinación de encanto clásico y lujo moderno. Disfruta de la comodidad de estar a pasos de boutiques de alta gama, restaurantes gourmet y vibrantes atracciones culturales. Disfruta de un amplio salón comedor con dos balcones y un luminoso mirador, ideal para disfrutar del skyline de Madrid. Una cocina americana totalmente equipada con electrodomésticos de primera y materiales de alta calidad satisface a los amantes de la cocina. Tres dormitorios, cada uno con su propio baño en suite, ofrecen privacidad y lujo, más un aseo adicional para mayor comodidad. La propiedad fusiona magistralmente elementos tradicionales, como el ladrillo visto, con lujo contemporáneo, ofreciendo un espacio de vida tanto atemporal como actual. Esta propiedad no es solo un lugar para vivir; es una inversión en un estilo de vida donde el lujo se encuentra con la herencia en uno de los barrios más codiciados de Madrid. Justicia es conocido por su ambiente lujoso y bohemio, rodeado de lo mejor que Madrid ofrece en cultura, gastronomía y moda. Experimenta la fusión de la rica historia de Madrid con comodidades modernas en este entorno exclusivo. Descubre esta magnífica propiedad y otras similares visitando el portal de BARNES Madrid. Ya sea que busques una residencia principal o una inversión lucrativa, esta lista promete una experiencia de vida sin igual en el lujoso distrito de Justicia de Madrid. Las imágenes presentadas han sido creadas por BARNES Interiors mediante home staging virtual para ilustrar el potencial de la vivienda. Es importante destacar que el inmueble se vende sin amueblar. BARNES Interiors también ofrece servicios de interiorismo para esta propiedad por un coste adicional.",True,good,False,True,9542.0,True,False,False,False,[],False,False,2500000.0,€,,,,,,,flat,"Chueca-Justicia, Madrid",Piso en calle de Campoamor,Top,,
108884871,https://img4.idealista.com/blur/480_360_mq/0/id.pro.es.image.master/21/a1/81/1357911008.webp,LCM37771,33,2,490000.0,flat,sale,60.0,True,1,1,calle de Atocha,Madrid,Madrid,Centro,es,Huertas-Cortes,40.4120246,-3.7004598,False,https://www.idealista.com/inmueble/108884871/,"Descubre este encantador piso de 1 dormitorio, situado en una tranquila calle del emblemático barrio de Huertas-Cortes, una de las zonas con más carácter y encanto del centro de Madrid. Ubicado en una finca moderna con ascensor, este inmueble está listo para entrar a vivir y ofrece todas las comodidades necesarias tanto para residencia habitual como para inversión. La vivienda cuenta con un dormitorio amplio con armarios empotrados, un baño completo y un salón luminoso que da acceso a uno de los dos balcones exteriores. Esta doble orientación permite una excelente entrada de luz natural y una ventilación cruzada muy agradable. La cocina está totalmente equipada y el sistema de aire acondicionado por conducto en todas las estancias garantiza confort durante todo el año. La distribución es funcional, acogedora y pensada para aprovechar al máximo cada rincón del espacio. Uno de los grandes atractivos del piso son sus dos balcones -uno en el salón y otro en el dormitorio ideales para disfrutar del ambiente del barrio desde la tranquilidad del hogar. Situado en pleno corazón de Madrid, a escasos minutos a pie de Sol y Antón Martín, este piso está rodeado de arte, historia y vida cultural. Huertas-Cortes es conocido por su aire bohemio, sus plazas llenas de terrazas, librerías, teatros y una excelente oferta gastronómica. Un lugar vibrante, con rincones de auténtica calma, donde vivir es un auténtico privilegio. Una oportunidad única en una ubicación inmejorable. ¡No la dejes escapar!",True,good,False,True,8167.0,False,False,False,False,[],False,False,490000.0,€,515000.0,25000.0,5.0,,,,flat,"Huertas-Cortes, Madrid",Piso en calle de Atocha,Top,,
107769735,https://img4.idealista.com/blur/480_360_mq/0/id.pro.es.image.master/b1/ef/99/1323279040.webp,100090834,14,bj,906000.0,flat,sale,141.0,,2,2,"calle de Mesena, 82",Madrid,Madrid,Hortaleza,es,Pinar del Rey,40.4660328,-3.6628069,True,https://www.idealista.com/obra-nueva/107769735/,"¡Inicio de construcción! “Obra nueva en Madrid, Mesena 82” Mesena 82 es un proyecto de viviendas premium en una de las zonas más privilegiadas de Madrid, muy próximo a Arturo Soria. Consta de 63 magníficas viviendas de 1,2, 3 y 4 dormitorios distribuidas en tres edificios de vanguardia y cuidado diseño. Situada en un entorno urbano consolidado y con una inmejorable situación dada su cercanía a centros escolares, asistenciales y comerciales. Está dotada de excelentes servicios comunes como piscina exterior, piscina interior climatizada, gimnasio, salón social, zona de juegos infantiles y zonas de descanso rodeado de zonas verdes en un entorno privado totalmente cerrado. Son edificios de 4 plantas con impresionantes áticos con terraza y magníficas vistas. Adaptadas a las nuevas necesidades que exige el mercado actual, las viviendas contarán con grandes terrazas, plazas de garaje y trastero. Los salones cuentan con grandes ventanales para crear ambientes agradables y luminosos y generosas terrazas para disfrutar de unas vistas despejadas. Los cuidados interiores se mezclan con la vanguardia y el diseño de sus zonas comunes.  Las viviendas diseñadas por el arquitecto Carlos Lamela utilizan elegantes materiales, en consonancia con su moderno estilo. Aúnan un óptimo mantenimiento y durabilidad con altas prestaciones de confort térmico y acústico: máxima calificación de eficiencia energética Nivel A, certificado BREEAM, suelo radiante refrescante, excelentes aislamientos térmo-acústicos, doble orientación, recuperador de calor, geotermia, cocinas y armarios totalmente equipados ¡Y mucho más!",True,,True,True,6426.0,False,False,False,False,[],False,False,906000.0,€,,,,True,True,,flat,"Pinar del Rey, Madrid","Piso en calle de Mesena, 82",Top,False,
108833137,https://img4.idealista.com/blur/480_360_mq/0/id.pro.es.image.master/15/da/a5/1356461814.webp,MAD61710,45,,1750000.0,chalet,sale,456.0,,5,5,Barrio El Cantizal,Madrid,Las Rozas de Madrid,El Cantizal,es,El Cantizal,40.5285838,-3.9295316,False,https://www.idealista.com/inmueble/108833137/,"Descubra esta espectacular villa independiente de 456 m², totalmente reformada con acabados de primera calidad, ubicada en una de las zonas más cotizadas de Las Rozas de Madrid. Forma parte de la prestigiosa promoción Levitt y ofrece la combinación perfecta de diseño contemporáneo, privacidad y confort. Ubicada en una parcela privada de más de 600 m², la vivienda cuenta con 5 espaciosas habitaciones y 5 baños completos, lo que la hace ideal para familias que buscan espacio generoso, abundante luz natural y una distribución práctica. La villa exhibe una arquitectura elegante, amplios ventanales de de suelo a techo que combinan a la perfección la vida interior y exterior, y una refinada selección de materiales de primera calidad en todas partes, incluidos bonito/a suelo de madera. El corazón de la vivienda es una cocina espaciosa y moderna equipada con electrodomésticos de alta gama, una gran encimera con barra de desayuno y un comedor adyacente, ideal para cocinar, comidas informales o entretener a invitados con estilo. La amplia suite principal ofrece un refugio tranquilo con una gran terraza privada con vista a la piscina, perfecta para relajarse en privacidad. Al aire libre, disfrute de un hermoso jardín, una piscina privada y una zona de barbacoa totalmente equipada, su propio oasis para recibir invitados y relajarse bajo el sol. Las características adicionales incluyen una lavadero, una gran área de entretenimiento en el sótano con cine en vivienda y sistema de sonido envolvente, un garaje privado, un sistema de automatización del vivienda inteligente y persianas eléctricas en toda la vivienda. Ubicada en una comunidad cerrada segura y tranquila, esta excepcional villa ofrece privacidad y comodidad, con rápido acceso a escuelas internacionales, centros comerciales, espacios verdes y excelentes conexiones de transporte al centro de Madrid. Por favor contáctenos para más información.  Un alto porcentaje de los inmuebles que tenemos en esta zona solo están publicados en nuestra web. Para ver toda nuestra cartera, visite nuestra web.",True,good,False,,3838.0,True,False,False,False,[],False,False,1750000.0,€,,,,,,,chalet,"El Cantizal, Las Rozas de Madrid",Chalet,Top,,
107258459,https://img4.idealista.com/blur/480_360_mq/0/id.pro.es.image.master/c4/4f/50/1307662994.webp,LO-194556,1,10,820000.0,flat,sale,137.0,True,3,2,calle de Jordi Solé Tura,Madrid,Madrid,Hortaleza,es,Valdebebas - Valdefuentes,40.4929076,-3.6086893,False,https://www.idealista.com/inmueble/107258459/,"Gilmar Moraleja Consulting ofrece EN EXCLUSIVA, preciosa vivienda de uno de los barrios mas modernos de Madrid, Valdebebas. Ubicada en una de las calles principales, consta de hall de entrada, cocina equipada con electrodomesticos y grandes zonas de almacenaje, y acceso a una bonita terraza desde la que tambien podemos acceder al salón, consta de dos dormitorios secundarios que comparten un baño completo y una habitación principal con baño en suite. La vivienda dispone de dos plazas de garaje y un trastero, mas de 5000 m2 de zonas comunes para el disfrute de la familia, jardines, dos piscinas, lobby comunitario, paneles solares, padel, gimnasio y seguridad 24 horas. Además, su ubicación estratégica te sitúa cerca de centros comerciales, parques, colegios, hospitales y con fácil acceso a la M-30, M-40 y el Aeropuerto Internacional Adolfo Suárez Madrid-Barajas. Ven a visitarlo.!",False,good,False,True,5985.0,True,False,False,False,[],False,False,820000.0,€,,,,True,True,,flat,"Valdebebas - Valdefuentes, Madrid",Piso en calle de Jordi Solé Tura,Top,,
108798978,https://img4.idealista.com/blur/480_360_mq/0/id.pro.es.image.master/c1/5e/f7/1355471846.webp,VM2507060,24,4,1120000.0,flat,sale,126.0,True,3,2,plaza Manolete,Madrid,Madrid,Tetuán,es,Cuatro Caminos,40.4540741,-3.6895325,False,https://www.idealista.com/inmueble/108798978/,"PISO LUMINOSO CON TERRAZA PARA REFORMAR EN CUATRO CAMINOS Se ofrece en venta esta excelente oportunidad en la codiciada Plaza Manolete. Se trata de una cuarta planta exterior con 126 m² construidos, ideal para personalizar a tu gusto. La vivienda cuenta con tres amplios dormitorios, dos cuartos de baño y una terraza privada que aporta un espacio adicional perfecto para disfrutar al aire libre. Destaca por su gran luminosidad gracias a su orientación y altura. Situado a escasos minutos del Estadio Santiago Bernabéu y del Paseo de la Castellana, la ubicación es inmejorable, con excelente comunicación y todos los servicios a tu alcance: transporte público, comercios, colegios y zonas verdes. El piso se encuentra en estado a reformar, lo que permite diseñar una vivienda a medida en una de las zonas más demandadas de Madrid. ¡Una auténtica oportunidad para vivir o invertir en una ubicación privilegiada! ¿Te imaginas vivir aquí?  Contacte con nosotros para ver más inmuebles similares.",True,renew,False,True,8889.0,False,False,False,False,[],False,False,1120000.0,€,1200000.0,80000.0,7.0,,,,flat,"Cuatro Caminos, Madrid",Piso en plaza Manolete,Top,,
108729397,https://img4.idealista.com/blur/480_360_mq/0/id.pro.es.image.master/e1/d6/09/1353411263.webp,VMO2507006,44,,1300000.0,chalet,sale,410.0,,5,4,Barrio El Plantío,Madrid,Madrid,Moncloa,es,El Plantío,40.4682775,-3.8189769,False,https://www.idealista.com/inmueble/108729397/,"VIVIENDA LUMINOSA CON MUCHAS POSIBILIDADES EN ARAVACA Vivienda de 345 m² construidos, ubicada sobre una parcela de 548 m².   Construida en 2013. Actualmente, está destinada a oficina aunque no requeriría mucha obra el volver a adaptarla a vivienda, dados los buenos materiales y distribución de los espacios.   Con muchísimas opciones de distribución, actualmente dispone de planta baja y primera más una buhardilla diáfana muy luminosa con velux en el techo y baño, también a/a. Además, cuenta con una planta sótano con acceso directo desde el exterior para poder también destinarlo a apartamento o zona de visitas o servicio independiente.   El jardín es amplio, en su momento tenía una piscina que actualmente no está, ya que la propiedad la sustituyo por una zona de parking, pero podría volver a ponerse, sin problema.   La orientación de la vivienda es muy buena, tiene muchísima luz, algo muy característico del inmueble. ¿Te imaginas vivir aquí?  Contacte con nosotros para ver más inmuebles similares.",True,good,False,,3171.0,True,False,False,False,[],False,False,1300000.0,€,,,,True,True,,chalet,"El Plantío, Madrid",Chalet pareado,Top,,semidetachedHouse
107473803,https://img4.idealista.com/blur/480_360_mq/0/id.pro.es.image.master/f8/da/5c/1328594586.webp,85672003,73,1,1700000.0,flat,sale,235.0,True,4,3,calle de Juan de Urbieta,Madrid,Madrid,Retiro,es,Niño Jesús,40.4111377,-3.6716495,False,https://www.idealista.com/inmueble/107473803/,"Exclusivo piso para reformar en una de las zonas más tranquilas y privilegiadas del centro de Madrid, junto al Parque del Retiro Ubicado en una urbanización cerrada con amplias zonas ajardinadas privadas, este elegante piso ofrece un entorno de serenidad y exclusividad en pleno corazón de la ciudad. Su estado permite una reforma integral con múltiples posibilidades para adaptar los espacios a las necesidades y gustos del futuro propietario Situado en una primera planta con altura superior a la habitual, la vivienda goza de vistas despejadas al jardín y al arbolado circundante. Su triple orientación este, sur y oeste garantiza una excelente luminosidad en todas sus estancias Con 235 m² construidos, el piso presenta una distribución amplia y funcional. La zona de día cuenta con un espacioso salón, un comedor con acceso a una agradable terraza y un acogedor cuarto de estar. En la zona de descanso, se encuentran tres dormitorios, siendo el principal en suite, mientras que los otros dos comparten un baño completo. La zona de servicio dispone de una gran cocina con amplio office, terraza con área de lavandería y un aseo de cortesía Además, la propiedad incluye dos plazas de garaje de acceso directo y un trastero, ofreciendo un valor añadido en una ubicación privilegiada Una excelente oportunidad para reformar y crear una vivienda a medida en un enclave exclusivo, junto al emblemático Parque del Retiro. Desde BARNES Madrid le invitamos a visitar nuestra web para conocer los inmuebles mas exclusivos de la capital. Las imágenes presentadas han sido creadas por BARNES Interiors mediante home staging virtual para ilustrar el potencial de la vivienda. Es importante destacar que el inmueble se vende sin amueblar. BARNES Interiors también ofrece servicios de interiorismo para esta propiedad por un coste adicional.",True,renew,False,True,7234.0,True,False,False,False,[],False,False,1700000.0,€,,,,True,True,,flat,"Niño Jesús, Madrid",Piso en calle de Juan de Urbieta,Top,,
107822527,https://img4.idealista.com/blur/480_360_mq/0/id.pro.es.image.master/7a/cc/03/1325004818.webp,85656922,22,1,850000.0,flat,sale,95.0,True,3,2,calle de los Reyes,Madrid,Madrid,Centro,es,Malasaña-Universidad,40.4241258,-3.7105157,False,https://www.idealista.com/inmueble/107822527/,"Refugio Urbano Elegante con Vistas Impresionantes y Mirador Barnes presenta esta refinada y versátil residencia de 95 m² en el centro de Madrid, diseñada para ofrecer comodidad y estilo. Esta vivienda recientemente renovada cuenta con tres amplios dormitorios, una acogedora sala de espera, un espacioso salón y una cocina de concepto abierto. Dos baños completos completan la distribución, asegurando confort y modernidad. Con 4 balcones y un mirador, el apartamento se inunda de luz natural, ofreciendo impresionantes vistas a la Plaza de España y la Plaza de los Mostenses. Ubicada en una zona codiciada, esta propiedad es ideal para quienes desean experimentar la vibrante escena cultural de Madrid. El edificio dispone de ascensor y es accesible para personas con movilidad reducida. Ya sea como residencia principal o como una oportunidad de inversión, este apartamento representa una opción fantástica. Además, se encuentra disponible una plaza de aparcamiento opcional, lo que aumenta la practicidad de esta vivienda en una ubicación privilegiada. Para descubrir más propiedades exclusivas, explore el portal de BARNES Madrid.",True,good,False,True,8947.0,True,False,False,False,[],False,False,850000.0,€,,,,,,,flat,"Malasaña-Universidad, Madrid",Piso en calle de los Reyes,Top,,
100904335,https://img4.idealista.com/blur/480_360_mq/0/id.pro.es.image.master/93/95/52/1221549515.webp,82286492,73,,4000000.0,chalet,sale,1100.0,,6,1,calle Lamiaco,Madrid,Madrid,Moncloa,es,El Plantío,40.4720044,-3.8219894,False,https://www.idealista.com/inmueble/100904335/,"Sumérgete en el lujo y la elegancia de este excepcional chalet de diseño lineal, una obra maestra creada por el renombrado arquitecto Javier Feduchi Benlliure. Presentado por BARNES International, este es un oasis de opulencia moderna que cautiva desde el primer vistazo. Situado en una parcela de 3.242 m², con una construcción de 1.100 m² y 500 m² adicionales destinados a garaje, porches, terrazas y un exuberante jardín con piscina climatizada, pista de pádel y pabellón independiente, este chalet ofrece un estilo de vida sin igual. Con una orientación sur, esta residencia de ensueño cuenta con 6 dormitorios en suite, 4 dormitorios de servicio y 10 baños, junto con una impresionante variedad de espacios de entretenimiento, como una sala de cine, sauna, gimnasio y sala de masajes. Ubicado en una de las urbanizaciones más exclusivas y seguras de Madrid, este chalet es el epítome del lujo contemporáneo, combinando un diseño impecable con comodidades de primera clase. Al ingresar a la planta principal, te recibirá un majestuoso hall de entrada de doble altura, que da paso a un espacioso salón con chimenea y un comedor independiente, ambos con vistas panorámicas al jardín a través de puertas correderas de cristal de suelo a techo. Además de estas áreas de estar, encontrarás un estudio, biblioteca, sala de estar, dormitorio de invitados en suite, aseo de invitados y un porche con comedor de verano, así como una cocina gourmet completamente equipada con office y comedor de diario, perfecta para recibir a tus invitados con estilo. En la segunda planta, descubrirás otra sala de estar y 4 amplios dormitorios en suite, cada uno con vestidor y lujosos baños con ducha y bañera de hidromasaje. Las dos terrazas y el solárium ofrecen vistas panorámicas del exuberante jardín circundante. El sótano alberga un dormitorio en suite adicional para invitados, una sala de cine, sala de juegos y una amplia zona de servicio con dos dormitorios, 2 baños y sala de estar. Además, encontrarás un gimnasio totalmente equipado, sauna finlandesa, sala de masajes y una bodega bien surtida. Los espacios exteriores son igualmente impresionantes, con un vasto jardín arbolado que alberga una casa de piscina con terraza, bar exterior, salón de juegos y una cocina completa, perfecta para disfrutar de días soleados y noches estrelladas. Con calefacción y agua caliente central, aire acondicionado central y suelos de tarima de roble en toda la casa, esta propiedad ofrece un confort inigualable en todas las estaciones del año. Ubicado en la prestigiosa urbanización La Florida, este chalet ofrece una ubicación privilegiada con fácil acceso a la estación de tren, centros comerciales, clubes de tenis, restaurantes y prestigiosos colegios internacionales. No pierdas la oportunidad de vivir en esta residencia excepcional, donde el lujo y la exclusividad se combinan para crear una experiencia de vida sin igual. Presentada por BARNES Madrid.",False,good,False,,3636.0,True,False,False,False,[],False,False,4000000.0,€,,,,True,True,,chalet,"El Plantío, Madrid",Casa independiente en calle Lamiaco,Top,,independantHouse
108855897,https://img4.idealista.com/blur/480_360_mq/0/id.pro.es.image.master/97/fd/b0/1357117587.webp,70879,45,4,239900.0,flat,sale,50.0,True,2,1,"calle de Yecla, 4",Madrid,Madrid,San Blas,es,Simancas,40.4298277,-3.623921,True,https://www.idealista.com/inmueble/108855897/,"TengoTuCasa presenta este acogedor piso, situado en una finca con ascensor, te ofrece todo lo que buscas. se trata de una oprtunidad de inversión ya que tiene un alquiler estimado de 1.200€. Su interior es luminoso y funcional, cuenta con un salón-comedor independiente con excelente entrada de luz natural, ideal para relajarte o recibir visitas. Dispone de dos dormitorios, uno de ellos doble y el otro individual.  El baño es completo, con plato de ducha y ventana, lo que garantiza una ventilación natural y mayor confort. La cocina es independiente, amplia y está totalmente equipada con electrodomésticos y buena capacidad de almacenaje. Incluye aire acondicionado en el salón y en la habitación principal, ambos nuevos, además de armarios empotrados también nuevos. Los suelos son de tarima flotante y las ventanas de PVC. La calefacción es eléctrica. Para mayor seguridad, cuenta con puerta blindada. La finca dispone de ascensor. La ubicación es excelente, entre las calles García Noblejas y Avenida de Arcentales, muy cerca del Polígono Empresarial Julián Camarillo, una zona en auge y de fuerte desarrollo tecnológico en Madrid. A pocos minutos en coche se encuentra el Centro Comercial Las Rosas, con tiendas, restauración y Carrefour. La oferta educativa cercana incluye el IES Barrio Simancas y el Colegio Nazaret San Blas. En cuanto a servicios sanitarios, destacan el Centro de Especialidades Pedro González Bueno y el Centro de Salud García Noblejas. Además, los domingos la Avenida Arcentales se convierte en zona peatonal, ideal para pasear, correr o disfrutar del aire libre. Las conexiones son inmejorables: acceso directo a la M-40, estación de metro Simancas (línea 7) a escasa distancia y líneas de autobús como la109, 165, 167, 28 y 48. No dejes pasar esta oportunidad única de vivir o invertir en una de las zonas con mayor proyección de Madrid. Contáctanos hoy mismo para más información o para concertar tu visita. TengoTuCasa, la inmobiliaria de las 3.000 reseñas.",False,good,False,True,4798.0,False,False,False,False,[],False,False,239900.0,€,,,,,,,flat,"Simancas, Madrid","Piso en calle de Yecla, 4",Top,,
102704752,https://img4.idealista.com/blur/480_360_mq/0/id.pro.es.image.master/9c/b2/81/1345553938.webp,85995493,49,2,6000000.0,flat,sale,280.0,True,4,4,calle de Alcalá,Madrid,Madrid,Barrio de Salamanca,es,Recoletos,40.4228835,-3.6810096,False,https://www.idealista.com/inmueble/102704752/,"BARNES Madrid presenta esta espectacular vivienda en esquina, completamente reformada y amueblada con piezas de diseño de autor, incluyendo mobiliario Roche Bobois. Ubicada en la prestigiosa Calle de Alcalá, frente al Parque del Retiro, esta propiedad es una verdadera joya dentro del Barrio de Salamanca. En un edificio señorial de principios del siglo XX, con portal representativo, servicio de conserjería y ascensor, se encuentra este piso de 271 m², íntegramente exterior. Cuenta con ocho balcones y un impresionante mirador con vistas abiertas al Retiro. Gracias a su orientación este y oeste, la luz natural baña todos los espacios a lo largo del día, realzando aún más sus acabados de lujo. Desde el amplio hall de entrada, destaca la altura de techos de 3,20 metros, decorados con molduras originales y sistema de iluminación indirecta que permite crear distintos ambientes. El salón, orientado al sur, se abre a dos balcones, mientras que el comedor se inunda de luz a través del mirador. La cocina, equipada con electrodomésticos de alta gama y una gran isla, se integra con estilo y funcionalidad al espacio. La zona de descanso se compone de cuatro dormitorios, tres de ellos con baño en suite. El dormitorio principal incluye un amplio vestidor. Además, dispone de una práctica zona de lavandería independiente, equipada con lavadora y secadora, y un aseo de cortesía. La propiedad cuenta con calefacción por suelo radiante, aire acondicionado central por conductos y un sistema de domótica intuitivo que permite controlar climatización, iluminación y otros elementos clave del hogar. Una vivienda de autor, luminosa, elegante y funcional, en el corazón de la Milla de Oro madrileña, rodeada de boutiques de lujo, restaurantes de alta cocina y todo el encanto del Parque del Retiro. Le invitamos a visitarla y descubrir más propiedades únicas en BARNES Madrid.",True,good,False,True,21429.0,True,False,False,False,[],False,False,6000000.0,€,,,,,,,flat,"Recoletos, Madrid",Piso en calle de Alcalá,Top,,
108473533,https://img4.idealista.com/blur/480_360_mq/0/id.pro.es.image.master/3a/7a/d9/1345978562.webp,LCM37183,36,3,760000.0,flat,sale,140.0,False,5,1,calle de Esparteros,Madrid,Madrid,Centro,es,Sol,40.4136085,-3.7050572,False,https://www.idealista.com/inmueble/108473533/,"¡ GRAN OPORTUNIDAD DE VIVIENDA EN EL CORAZÓN DE MADRID! A un paso de la Plaza Mayor y la Puerta del Sol Descubre esta magnífica vivienda situada en una de las zonas más emblemáticas de la capital, en pleno barrio de Sol. Un piso con gran amplitud y un enorme potencial de reforma, ideal para diseñar la casa de tus sueños o realizar una inversión con alta rentabilidad. Actualmente distribuido en cinco dormitorios, un baño, salón independiente y cocina, el inmueble destaca por su orientación este y la abundante luz natural que entra a través de tres patios interiores. Al tratarse de una propiedad interior, ofrece un ambiente tranquilo y silencioso en pleno centro de Madrid, perfecto para quienes valoran la paz sin renunciar a la ubicación. Una de sus grandes ventajas es la flexibilidad en la redistribución, ya que la mayoría de los muros son tabiques. Esto permite adaptar fácilmente el espacio a las necesidades y estilo de vida del comprador. Ubicado en un edificio histórico de 1890, conserva el encanto de la arquitectura clásica madrileña. El portal señorial, el ascensor, el sistema de calefacción y aire acondicionado, portero físico y automático, y el sistema de alarma, proporcionan confort, seguridad y funcionalidad. Una joya por reformar en una localización inmejorable. Vivir en Sol es sinónimo de tener todo a mano: cultura, ocio, comercio y una excelente conexión de transporte. Rodeado de una vibrante oferta gastronómica y educativa -como el prestigioso Colegio San Ildefonso y con el Centro Comercial La Vaguada a corta distancia. Las comunicaciones son óptimas, con acceso directo al metro (líneas 1, 2 y 3), cercanías (C3 y C4) y múltiples líneas de autobús (EMT 3, 50 y M1). Ya sea como hogar o inversión, esta propiedad representa una oportunidad única en el corazón palpitante de Madrid.",True,renew,False,True,5429.0,True,False,False,False,[],False,False,760000.0,€,799000.0,39000.0,5.0,,,,flat,"Sol, Madrid",Piso en calle de Esparteros,Top,,
102116112,https://img4.idealista.com/blur/480_360_mq/0/id.pro.es.image.master/49/14/cb/1217699520.webp,83035567,45,7,1339000.0,penthouse,sale,160.0,True,3,1,calle de Alustante,Madrid,Madrid,Chamartín,es,Prosperidad,40.4415614,-3.6692656,False,https://www.idealista.com/inmueble/102116112/,"Barnes Madrid presenta vivienda señorial de 160 m² construidos, con 3 habitaciones, una de ellas tipo despacho, y 1 cuarto de baño completo. DISTRIBUCIÓN DE LA VIVIENDA La finca tiene acceso por la puerta principal con dos ascensores a su disposición. El piso es único debido a su excelente distribución y reforma en 2021, manteniendo el estilo retro-vintage con un toque moderno, y conservando el suelo de parquet original combinándolo con algunas paredes en piedra natural. La entrada al piso comunica desde un pequeño vestíbulo a un salón-comedor espacioso junto a la cocina office, totalmente equipada y amueblada, la cual está revestida con baldosas cerámicas de acabado brillante, silente y llena de luz natural por su neta orientación noroeste. Sus excelentes vistas despejadas, su terraza llena de encanto y su característico estilo le hacen muy singular. Es de resaltar en su reciente reforma, el jacuzzi en la terraza con su excelente barbacoa argentina, la ampliación del salón-comedor con cocina office y tres amplios ventanales retractiles de PVC dobles que aportan una gran luminosidad al comedor, con instalación de nebulización en toda la zona de la terraza para refrescar el ambiente y poder disfrutar de la misma durante todo el año. Continuando por el pasillo se accede a la zona de dormitorios. La reestructuración supuso el sacrificio de un dormitorio por un pequeño despacho para teletrabajar o para espacio funcional, pero también supuso ganar más espacio y luminosidad.  El dormitorio principal goza de vistas a la terraza, y está revestido con la misma pared de piedra natural que el comedor. El segundo dormitorio, es un poco más amplio que el principal y tiene vistas al patio interior. LOS ALREDEDORES El piso cuenta con una excelente ubicación, justo en la zona de corazón de María (Prosperidad) muy próximo al centro de la capital.  En su entorno predomina la tranquilidad, la seguridad y la naturaleza, y se encuentra cerca de todos los servicios; como supermercados, bancos, colegios, tiendas y de estación de metro.",False,good,False,True,8369.0,True,False,True,False,[],False,False,1339000.0,€,,,,,,,flat,"Prosperidad, Madrid",Ático en calle de Alustante,Top,,penthouse
107822371,https://img4.idealista.com/blur/480_360_mq/0/id.pro.es.image.master/ce/d5/b1/1324989080.webp,85657241,26,1,800000.0,flat,sale,84.0,True,3,2,calle de los Reyes,Madrid,Madrid,Centro,es,Malasaña-Universidad,40.4258628,-3.7083154,False,https://www.idealista.com/inmueble/107822371/,"Esquina Soleada con Cinco Balcones Barnes presenta esta elegante residencia de 94 m², perfectamente ubicada en el corazón de Madrid y diseñada para ofrecer comodidad y funcionalidad. El apartamento cuenta con tres dormitorios, una acogedora sala de espera, un amplio salón y una cocina de concepto abierto. Dos baños completos garantizan el máximo confort y una vida moderna. Con cinco balcones, este apartamento está lleno de luz natural y ofrece vistas impresionantes a la Plaza de España y la Plaza de los Mostenses. Situado en una ubicación privilegiada, este hogar es ideal para quienes desean sumergirse en la vida dinámica de la ciudad. El edificio cuenta con ascensor y es accesible para personas con movilidad reducida. Ideal como residencia principal o como oportunidad de inversión, este apartamento ofrece una oportunidad única de poseer un hogar luminoso y espacioso en el centro de la ciudad. Además, se encuentra disponible una plaza de aparcamiento opcional para mayor comodidad. Para descubrir más propiedades exclusivas, explore el portal de BARNES Madrid.",True,good,False,True,9524.0,True,False,False,False,[],False,False,800000.0,€,,,,,,,flat,"Malasaña-Universidad, Madrid",Piso en calle de los Reyes,Top,,
107934601,https://img4.idealista.com/blur/480_360_mq/0/id.pro.es.image.master/bd/d0/55/1328782528.webp,85645201,48,1,2100000.0,flat,sale,274.0,True,6,3,calle de Covarrubias,Madrid,Madrid,Chamberí,es,Trafalgar,40.4319678,-3.6984056,False,https://www.idealista.com/inmueble/107934601/,"Piso Exterior en Trafalgar Le invitamos a descubrir esta vivienda de lujo, un exquisito piso que se despliega en todo su esplendor en una de las calles más prestigiosas de Chamberí. Este maravilloso espacio, completamente exterior, ha sido diseñado con un enfoque meticuloso en la distribución, logrando un ambiente no solo funcional, sino también lleno de encanto y sofisticación. Con siete amplios ventanales que se asoman a la calle, cada rincón de esta propiedad está impregnado de luz natural, creando una atmósfera cálida y acogedora que invita a disfrutar de cada momento pasado en su interior. Al ingresar, se esconde un elegante hall de entrada que da la bienvenida y conecta armoniosamente con un salón espacioso y un despacho ideal, perfecto para quienes buscan trabajar desde la comodidad de su hogar. Un pasillo, amplio y cómodo, nos guía hacia cuatro dormitorios, uno de ellos destinado al servicio, y tres baños completos que han sido diseñados con un estilo contemporáneo y funcional. La cocina, por su parte, se presenta como una joya completamente equipada, que incluye un encantador office y una despensa, garantizando así que cuente con todo lo necesario para disfrutar de la máxima comodidad y funcionalidad en el día a día. Este magnífico hogar también cuenta con la comodidad de una plaza de garaje y acceso a aparcamiento para residentes, un auténtico lujo en esta deseada zona. Situado en una de las áreas más cotizadas de Chamberí, esta propiedad combina la tranquilidad y la exclusividad con la proximidad a servicios de primera calidad, boutiques de lujo, restaurantes gourmet y excelentes conexiones de transporte público. Con un total de 274 m² construidos, esta vivienda ofrece no solo amplitud, sino también un estilo de vida inigualable. Con cuatro dormitorios, tres baños, armarios empotrados y en un estado impecable, este piso representa una oportunidad única para aquellos que buscan un hogar que refleje elegancia y confort en una de las mejores localizaciones de la ciudad. Las imágenes presentadas han sido creadas por BARNES Interiors mediante home staging virtual para ilustrar el potencial de la vivienda. Es importante destacar que el inmueble se vende sin amueblar. BARNES Interiors también ofrece servicios de interiorismo para esta propiedad por un coste adicional.",True,good,False,True,7664.0,True,False,False,False,[],False,False,2100000.0,€,,,,,,,flat,"Trafalgar, Madrid",Piso en calle de Covarrubias,Top,,
108520186,https://img4.idealista.com/blur/480_360_mq/0/id.pro.es.image.master/0e/ed/21/1347377080.webp,4250,64,en,2650000.0,flat,sale,370.0,True,4,5,calle Madrigal,Madrid,Madrid,Moncloa,es,Ciudad Universitaria,40.4636692,-3.7284952,False,https://www.idealista.com/inmueble/108520186/,"Altor presenta en Exclusiva, Impresionante vivienda de lujo de obra nueva que combina confort, diseño y tecnología, ubicada en una de las urbanizaciones más exclusivas y seguras de Madrid. La propiedad cuenta con 4 dormitorios, todos con baños en suite, además de un aseo de cortesía. La cocina está completamente equipada con electrodomésticos de alta gama y se integra perfectamente con el diseño moderno del salón-comedor, que ofrece acceso directo al jardín privado con piscina. Todas las estancias tienen salida al jardín, lo que proporciona gran luminosidad y conexión con el exterior. Los acabados son de primerísima calidad y el diseño interior ha sido cuidado al detalle. Las primeras tres fotografías son imágenes virtuales (renders) que muestran una propuesta de decoración alternativa para el inmueble. Entre sus características destacan: Materiales y acabados de primera calidad en toda la vivienda. Puerta de entrada blindada Persianas y toldos automáticos Sistema de aerotermia con suelo radiante en toda la vivienda Sistema de domótica integral 2 amplias plazas de garaje y trastero La propiedad se encuentra dentro de una elegante urbanización privada con vigilancia 24 horas, zonas verdes, piscina comunitaria y gimnasio. Una vivienda única para quienes buscan privacidad, exclusividad y calidad de vida en el corazón de Madrid.",True,good,False,True,7162.0,True,False,True,False,[],False,False,2650000.0,€,2750000.0,100000.0,4.0,True,True,,flat,"Ciudad Universitaria, Madrid",Piso en calle Madrigal,Top,,
108536317,https://img4.idealista.com/blur/480_360_mq/0/id.pro.es.image.master/45/dd/91/1347799061.webp,31,19,,1200000.0,chalet,sale,579.0,,5,3,"calle Rio Guadalete, 4",Madrid,Boadilla del Monte,Parque Boadilla,es,,40.4378032,-3.9215413,True,https://www.idealista.com/obra-nueva/108536317/,"¿BUSCAS VIVIENDA DE OBRA NUEVA EN BOADILLA DEL MONTE? ¡LA ACABAS DE ENCONTRAR! Diseña el interior, elige la distribución y los acabados. Nuestro equipo de arquitectos e interioristas te ayudarán con el diseño de la vivienda. Incluye cocina amueblada, caldera de geotermia y placas fotovoltaicas. Más de 570 m2 construidos y 678 m2 de parcela para tener tu propia piscina en la calle Jorge Juan de Boadilla del Monte. Haz la casa de tus sueños realidad. ¡LLÁMANOS!",False,,True,,2073.0,False,False,False,False,[],False,False,1200000.0,€,,,,True,True,,chalet,"Parque Boadilla, Boadilla del Monte","Casa independiente en calle Rio Guadalete, 4",Top,False,independantHouse
108789856,https://img4.idealista.com/blur/480_360_mq/0/id.pro.es.image.master/62/68/83/1355183088.webp,VMN2507010,52,,1250000.0,chalet,sale,334.0,,8,5,Vega de la Moraleja,Madrid,San Sebastián de los Reyes,Vega de la Moraleja,es,,40.5419856,-3.6226345,False,https://www.idealista.com/inmueble/108789856/,"ADOSADO DE OCHO DORMITORIOS EN VEGA DE LA MORALEJA Chalet en venta de 334 m² distribuidos en cuatro plantas Magnífico chalet adosado con una superficie construida de 334 metros cuadrados, organizado en cuatro plantas funcionales: En la planta baja nos encontramos con un amplio salón comedor muy luminoso con gran ventanal de salida a una estupenda y acogedora terraza de 45 m², cocina independiente equipado con todos los electrodomésticos y con zona de lavadero. En la misma planta un aseo de cortesía y armario gabanero.   En la primera planta dispone de cuatro dormitorios espaciosos y dos baños completos, uno de ellos en-suite. En planta alta, tres dormitorios adicionales y un baño completo con splits de aire acondicionado  En planta sótano: garaje con cierre privado y trastero. Un dormitorio y un baño completo. La vivienda tiene pres instalación para aire acondicionado por conductos. La vivienda forma parte de una urbanización privada con zonas ajardinadas, dos piscinas y pistas de pádel, ofreciendo un entorno ideal para toda la familia. Además, se incluye una planta de garaje adicional dentro del precio. Ubicación inmejorable en Vega de la Moraleja, zona exclusiva y de máximo lujo dentro de San Sebastián de los Reyes.   La zona ofrece una magnífica dotación de parques públicos, amplias zonas verdes, colegios, institutos y universidades tanto públicas como privadas, instalaciones deportivas, centros de salud entre los que destaca el Hospital Público Infanta Sofía, numerosos centros comerciales y grandes superficies como Megapark con el gran centro comercial Plaza Norte 2 Allegra ¿Te imaginas vivir aquí?  Contacte con nosotros para ver más inmuebles similares.",True,good,False,,3743.0,True,False,False,False,[],False,False,1250000.0,€,,,,True,True,,chalet,"Vega de la Moraleja, San Sebastián de los Reyes",Chalet adosado,Top,,terracedHouse
108890671,https://img4.idealista.com/blur/480_360_mq/0/id.pro.es.image.master/b0/44/f7/1358076161.webp,LCM37988,36,6,459000.0,flat,sale,55.0,True,2,1,plaza de Canalejas,Madrid,Madrid,Centro,es,Sol,40.4153998,-3.7010816,False,https://www.idealista.com/inmueble/108890671/,"Descubre este exclusivo piso exterior en una sexta planta con ascensor, bañado por una magnífica luz natural que inunda cada rincón con energía y confort. Desde sus ventanas podrás disfrutar de unas impresionantes vistas a los icónicos tejados de Madrid, en el corazón de una de las zonas más emblemáticas de la capital. La vivienda cuenta con dos dormitorios con armarios empotrados, un baño completo y está equipada con aire acondicionado en el salón y ambos dormitorios. Todas las estancias son exteriores, lo que garantiza una excelente ventilación cruzada y una luminosidad extraordinaria durante todo el día. Además, el edificio dispone de la ITE favorable, lo que asegura su buen estado de conservación. Ubicada junto al prestigioso Hotel Four Seasons, esta propiedad se sitúa en pleno centro de Madrid, a escasos pasos de la Puerta del Sol, la Plaza Mayor y el renovado Centro Canalejas. Una zona que combina el encanto histórico con el lujo contemporáneo, rodeada de cultura, gastronomía, comercios y una vibrante vida urbana. Todo ello con excelente conexión a metro, tren y múltiples servicios. Ideal tanto como residencia habitual como inversión en una de las áreas más deseadas de la ciudad. No dejes pasar esta oportunidad única. Contáctanos hoy mismo y agenda tu visita.",True,good,False,True,8345.0,True,True,False,False,[],False,False,459000.0,€,,,,,,,flat,"Sol, Madrid",Piso en plaza de Canalejas,Top,,
107111392,https://img4.idealista.com/blur/480_360_mq/0/id.pro.es.image.master/37/1c/97/1306803855.webp,BHHS-MAD-0549,12,5,725000.0,flat,sale,113.0,False,3,2,Barrio Palacio,Madrid,Madrid,Centro,es,Palacio,40.4222732,-3.7108923,False,https://www.idealista.com/inmueble/107111392/,"Te presentamos esta excelente vivienda interior, ubicada en la quinta planta de un edificio sin ascensor, con una superficie de 113 metros cuadrados catastrales y parcialmente reformada. Se entrega amueblada, lista para entrar a vivir. La propiedad se encuentra en una ubicación privilegiada, en el barrio de Palacio, entre la Gran Vía y Plaza de España. En sus alrededores, disfrutarás de una amplia oferta de servicios, tiendas, restaurantes y excelentes conexiones de transporte público, lo que asegura comodidad y accesibilidad en todo momento. La vivienda se distribuye de manera funcional, comenzando por un amplio hall de entrada con un práctico gabanero que nos conduce a la zona de estar. El espacioso salón-comedor, iluminado por tres ventanales, ofrece una agradable sensación de amplitud. La cocina independiente, totalmente equipada, cuenta con una zona de comedor para el día a día. En la zona de descanso, encontramos tres dormitorios. Uno de ellos es en suite y dispone de un amplio vestidor y una zona de estudio, mientras que otro es exterior, con vistas a un patio de luces. Además, la vivienda cuenta con un segundo baño completo que da servicio a los otros dos dormitorios. Este inmueble es una excelente opción tanto para vivir como para invertir, ya que se encuentra en una de las zonas con mayor rentabilidad de Madrid. Se vende amueblada y equipada con menaje, lo que te permitirá disfrutarla desde el primer momento. Además, disponemos de varios inmuebles similares que solo pueden ser visualizados en nuestra web por expreso deseo de sus propietarios. Si te interesa conocerlos, puedes acceder al enlace al final de este anuncio. ¡No dejes pasar esta oportunidad!",False,good,False,False,6416.0,True,False,False,True,[],False,False,725000.0,€,,,,,,,flat,"Palacio, Madrid",Piso,Top,,
107432639,https://img4.idealista.com/blur/480_360_mq/0/id.pro.es.image.master/6b/e4/ea/1315385646.webp,W-02YYXS,60,5,2000000.0,flat,sale,143.0,True,3,2,calle de María de Molina,Madrid,Madrid,Barrio de Salamanca,es,Castellana,40.4371891,-3.6867791,False,https://www.idealista.com/inmueble/107432639/,"Piso en Barrio de Salamanca en proceso de reforma ENGEL & VÖLKERS presenta esta impresionante y luminosa propiedad en proceso de reforma situada en la prestigiosa calle María de Molina, en una finca de 1935.  La vivienda ofrece 143 m² de espacio versátil y funcional. Cuenta con tres amplios dormitorios dobles, dos baños completos, y un gran salón-comedor lleno de luz natural, gracias a sus amplios ventanales que crean un ambiente cálido y acogedor. La cocina completamente equipada y en perfectas condiciones destaca por sus armarios en tonos claros, amplio espacio de almacenamiento y una zona ideal para desayunos o comidas rápidas. Además, la propiedad incluye un práctico trastero, perfecto para almacenamiento adicional. Ubicada a tan solo unos pasos de la IE University, esta vivienda goza de una ubicación inmejorable, con excelente conexión a servicios, transporte público y zonas comerciales. Combinando estilo, comodidad y una localización privilegiada, esta propiedad es una oportunidad excepcional para quienes buscan un estilo de vida sofisticado y práctico. Y está previsto la finalización de dicha reforma en unos meses. La vivienda se sitúa en el barrio de Salamanca, en la zona de Castellana, distrito eminentemente residencial y comercial. Destaca también por sus señoriales fachadas, que convierten a Madrid en una de las capitales más europeas en cuanto a arquitectura clásica y vanguardista. El barrio de Salamanca es sin duda, una de las zonas residenciales más elegantes y prestigiosas de Madrid y de Europa. El lugar ocupa un enclave estratégico: a un paso de la calle Serrano y de la Castellana, tenemos una excelente comunicación con el resto de la ciudad gracias a la arteria principal de Madrid, la Castellana, ya sea a pie, en coche, en autobús o en metro. Muy cerca de la Embajada de EE. UU. y del Instituto de Empresa. En esta zona, en la misma calle y a lo largo de la calle Serrano, a unos pasos podemos encontrar una extensa variedad de restaurantes estupendos, la mayoría con terraza, donde relajarse y comer fuera, simplemente pasear o tomar un café. Ofrece además de todo el comercio de lujo, todos los servicios típicos del barrio a pocos metros, farmacias, centros de salud, supermercados, tintorerías, etc. El placer de vivir en una zona confortable en la mejor zona de Madrid.",False,renew,False,True,13986.0,False,False,False,True,[],False,False,2000000.0,€,,,,,,,flat,"Castellana, Madrid",Piso en calle de María de Molina,Top,,
107838857,https://img4.idealista.com/blur/480_360_mq/0/id.pro.es.image.master/5a/35/4b/1325879311.webp,06f7307c-06b8-4ef7-85e2-95fe17d455fb,26,1,400000.0,studio,sale,40.0,True,0,1,calle de Santa Engracia,Madrid,Madrid,Chamberí,es,Almagro,40.4391815,-3.699373,False,https://www.idealista.com/inmueble/107838857/,"Descubre este encantador apartamento de 40 m² en el corazón de Almagro, Chamberí, Madrid. Recién reformado, ofrece una combinación perfecta de confort y estilo. La propiedad cuenta con un dormitorio acogedor y un baño moderno, ideal para una vida urbana práctica. Ubicado en un edificio clásico con ascensor, este apartamento es accesible para sillas de ruedas, garantizando comodidad para todos. Disfruta del aire acondicionado durante los cálidos veranos de Madrid y relájate en el balcón privado, un espacio perfecto para disfrutar de un café matutino. Totalmente amueblado, este hogar está listo para recibirte sin complicaciones. Aprovecha esta oportunidad única de vivir en uno de los barrios más codiciados de la ciudad, con una ubicación inmejorable cerca de servicios, tiendas y transporte público. ¡No dejes pasar esta oportunidad de vivir en Almagro! La propiedad se encuentra en el exclusivo barrio de Almagro, dentro del distrito de Chamberí, una de las zonas más elegantes de Madrid, que por algo es también conocido como el Triángulo de Oro. Muy cerca del emblemático Paseo de la Castellana, goza de una excelente comunicación gracias a la cercanía de varias estaciones de metro y autobuses. La zona dispone de una amplia oferta educativa con colegios concertados y privados. Está próximo a algunos de los más representativos puntos de interés turístico y zonas comerciales y de negocio de la capital, todo ello unido a la gran oferta de espacios gastronómicos muy de moda en Madrid. En el barrio de Almagro encontramos, además, varias embajadas y galerías o centros culturales tales como el Instituto Goethe, Centro Cultural Coreano, Fundación Norman Foster o el Instituto de cine.",True,good,False,False,10000.0,False,False,False,False,[],False,False,400000.0,€,415000.0,15000.0,4.0,,,,flat,"Almagro, Madrid",Estudio en calle de Santa Engracia,Top,,studio
105433094,https://img4.idealista.com/blur/480_360_mq/0/id.pro.es.image.master/c6/ee/f3/1344720899.webp,VM2506027,11,1,819000.0,flat,sale,76.0,False,2,2,calle del Príncipe de Vergara,Madrid,Madrid,Barrio de Salamanca,es,Recoletos,40.4264237,-3.6809184,False,https://www.idealista.com/inmueble/105433094/,"PISO REFORMADO A ESTRENAR EN RECOLETOS Estrene una acogedora vivienda en pleno Recoletos. Situada en una primera planta interior de un edificio sin ascensor, su planta distribuida en dos dormitorios, uno doble con baño en suite y otro individual, su cocina abierta y su salón, y un segundo baño completo, la convierten en una opción perfecta como vivienda habitual o inversión. Una vivienda tranquila, diseñada al detalle y bien pensada, amueblada y decorada por interioristas para disfrutar de residier en la zona más demandada de la couidad. ¿Te imaginas vivir aquí?  Contacte con nosotros para ver más inmuebles similares.",True,good,False,False,10776.0,True,False,False,False,[],False,False,819000.0,€,,,,,,,flat,"Recoletos, Madrid",Piso en calle del Príncipe de Vergara,Top,,
108855855,https://img4.idealista.com/blur/480_360_mq/0/id.pro.es.image.master/19/c7/da/1357117115.webp,W-030WJS,34,4,950000.0,penthouse,sale,100.0,True,2,1,calle de Espoz y Mina,Madrid,Madrid,Centro,es,Sol,40.4137163,-3.7020614,False,https://www.idealista.com/inmueble/108855855/,"Atico histórico con 2 terrazas en el Corazón de Madrid Engel & Volkers tiene el placer de comercializar este exclusivo atico en el corazón de la Capital, a un minuto andando de la famosísima Puerta del Sol Con una excelente ubicación,es una joya arquitectónica construida en 1900 que ofrece una experiencia de vida única. Con una superficie total de 100 metros cuadrados incluidas sus dos maravillosas terrazas, desde las que podemos ver las vistas de esta inquietante ciudad, la vivienda ha sido totalmente reformada combinando el encanto del pasado con las comodidades de la vida moderna.  Al entrar en el apartamento nos encontramos con un cálido, luminoso y elegante salón, que ha sabido conservar la esencia histórica y el espíritu de Madrid gracias a la conservación de sus vigas de madera que junto con sus altos techos nos transmiten una maravillosa sensación de amplitud y luminosidad de esta última planta  Un salón elegante, separado en dos ambientes que junto con la chimenea nos invita en los meses de invierno a disfrutar de esa deseada calidez  La zona de descanso la componen dos dormitorios cada una con salida a una terraza inundada de plantas y únicas en el corazón de Madrid  La cocina independiente con salida también a una de esas dos terrazas y el cuarto de baño con ducha y bañera completan este maravilloso apartamento. Cada rincón de esta propiedad ha sido diseñado para maximizar el confort y el lujo.  Atmósfera tranquila y privacidad en una de las zonas más vibrantes de la ciudad. Fantástica ubicación en zona centro, Sol es el corazón de Madrid y la Puerta del Sol la más famosa de toda la capital, este lujoso inmueble se encuentra en un área ideal para aquellos que buscan una vida sofisticada en una de las ciudades más vibrantes de Europa. El barrio es perfecto para profesionales, amantes del arte y la cultura, y entusiastas de la gastronomía que desean estar en el centro de la acción. La infraestructura en la zona es inmejorable, con acceso inmediato a una red de transporte público que incluye varias líneas de metro y autobús, garantizando un desplazamiento eficiente por toda la ciudad. Además, se encuentra a solo 15 minutos a pie del famoso Parque del Retiro, ofreciendo un escape verde en medio del bullicio urbano. Para los que buscan actividades de ocio, la ubicación es inmejorable. A pocos pasos se encuentran el Palacio Real, el Palacio De la ópera,el Museo del Prado, ofreciendo una rica agenda cultural. La zona está repleta de restaurantes de alta cocina y bares de tapas que satisfacen los paladares más exigentes. Además, el icónico Mercado de San Miguel está a solo 10 minutos caminando, perfecto para explorar los sabores locales. La oferta hotelera inmejorable rodeada de hoteles de alto nivel como el lujoso Four Season junto con la elegante Galería Canalejas  Una característica especial de esta ubicación es su proximidad a la Puerta del Sol, a solo 1 minuto a pie, uno de los puntos más emblemáticos de Madrid, donde se respira la historia y el dinamismo de la ciudad. Esta cercanía convierte al inmueble en un epicentro de la vida madrileña. Este enclave excepcional en Madrid ofrece una experiencia de vida inigualable, donde la historia y la modernidad se fusionan para crear un ambiente único. La propiedad en Calle de Espoz y Mina es la puerta de entrada a una vida de lujo en el corazón de una de las capitales culturales.",False,good,False,False,9500.0,False,False,False,False,[],False,False,950000.0,€,,,,,,,flat,"Sol, Madrid",Ático en calle de Espoz y Mina,Top,,penthouse
108836767,https://img4.idealista.com/blur/480_360_mq/0/id.pro.es.image.master/35/7c/0b/1356567429.webp,W-0307G0,25,6,810000.0,flat,sale,99.0,True,2,2,calle de Emilio Carrere,Madrid,Madrid,Chamberí,es,Arapiles,40.4324719,-3.7086417,False,https://www.idealista.com/inmueble/108836767/,"Luminoso y acogedor ático para reformar en el corazón de Chamberí - Arapiles Engel & Völkers presenta este magnífico ático exterior para reformar, en uno de los barrios más emblemáticos de Madrid, Chamberí - Arapiles. Está ubicado en la sexta planta de un edificio construido en 1988, con bonita fachada representativa de la arquitectura residencial madrileña de los últimos años del siglo XX. La finca está en muy buen estado y cuenta con conserje, ascensor y garaje.  La vivienda se distribuye en las siguientes estancias: un amplio salón - comedor, cocina independiente, dos dormitorios y dos baños completos.  Al entrar, se encuentra con un ambiente acogedor y elegante, donde cada rincón está diseñado para maximizar la luz natural y la funcionalidad.  A partir de un amplio hall de entrada se accede al salón de la vivienda que dispone de un frente acristalado, con fachada orientada al sur, proporcionando una gran luminosidad. La misma orientación tiene la cocina. La distribución actual tiene incorporada la terraza al salón y cocina respectivamente, ofreciendo la posibilidad de recuperarla y disfrutar de un excelente espacio exterior en la propia vivienda. Desde el hall, un distribuidor nos introduce en la zona más privada de la vivienda, el dormitorio principal con baño en suite. Los dos dormitorios abren a un amplio patio de manzana, proporcionado ventilación cruzada a la vivienda, contribuyendo a un ambiente más agradable y saludable, mejorando la calidad del aire interior. Todos los dormitorios cuentan con armarios empotrados. Vivienda muy luminosa, con excelente ubicación, múltiples posibilidades de reforma para diseñar la vivienda que mejor se adapte a las necesidades y gustos personales. Este excelente ático es ideal para vivir en un lugar privilegiado en el corazón de Chamberí a escasos metros de la calle Alberto Aguilera y a un paso del extraordinario Parque del Oeste.  En el precio se incluye una plaza de garaje. Arapiles es un barrio perteneciente al distrito de Chamberí. Está delimitado por las calles Cea Bermúdez, al norte, Bravo Murillo y San Bernardo, al este, Alberto Aguilera, al sur y Blasco de Garay, al oeste, situándose al sur del distrito. Caminando se llega en un agradable paseo de quince minutos al centro de la ciudad. El nombre del barrio procede de la calle de Arapiles, que va desde la Glorieta de Quevedo hasta su encuentro con la calle de Meléndez Valdés, justo en el cruce con la calle de Vallehermoso.  Excelentemente comunicado con el resto de la ciudad mediante las líneas 2, 4 y 7 de Metro y numerosas líneas de autobús de la EMT: líneas 2,3,12,16,21,37,61,147,149, cuenta con una ubicación privilegiada por su proximidad al centro, junto con excelentes servicios y centros culturales y artísticos. Entre los primeros destaca el Mercado de Vallehermoso, además de otros conocidos supermercados, como Mercadona y Dia. Otros productos de calidad, de reconocidas marcas, a buen precio lo encontramos en el outlet de El Corte Inglés en el centro del barrio.  Además de excelentes espacios para hacer deporte y pasear como el próximo Parque del Oeste y Parque Santander. Excelente oferta cultural: El Teatro de La Abadía, la sala Galileo Galilei, la casa de México conocida por sus exposiciones y los Teatros del Canal. Para los amantes del cine, en Arapiles se encuentra un lugar con encanto, el Pequeño Cine Estudio.  Arapiles cuenta con excelentes restaurantes y bares para degustar una excelente comida. Finalmente, destacar que en la calle Alberto Aguilera se encuentra la prestigiosa Universidad Pontificia Comillas, ICAI- ICADE. Además, el Aeropuerto Adolfo Suárez Madrid-Barajas está a solo 20 minutos en coche, facilitando conexiones internacionales. Este enclave especial también destaca por su arquitectura histórica, con elegantes edificios que narran la historia de Madrid. La cercanía al Paseo de la Castellana y sus negocios de alta gama añade un toque.",False,good,False,True,8182.0,False,False,False,False,[],False,False,810000.0,€,,,,,,,flat,"Arapiles, Madrid",Piso en calle de Emilio Carrere,Top,,
