propertyCode,thumbnail,externalReference,numPhotos,floor,price,propertyType,operation,size,exterior,rooms,bathrooms,address,province,municipality,district,country,neighborhood,latitude,longitude,showAddress,url,description,hasVideo,status,newDevelopment,hasLift,priceByArea,hasPlan,has3DTour,has360,hasStaging,notes,topNewDevelopment,topPlus,priceInfo.price.amount,priceInfo.price.currencySuffix,parkingSpace.hasParkingSpace,parkingSpace.isParkingSpaceIncludedInPrice,parkingSpace.parkingSpacePrice,detailedType.typology,suggestedTexts.subtitle,suggestedTexts.title,detailedType.subTypology,newDevelopmentFinished,priceInfo.price.priceDropInfo.formerPrice,priceInfo.price.priceDropInfo.priceDropValue,priceInfo.price.priceDropInfo.priceDropPercentage
92059142,https://img4.idealista.com/blur/480_360_mq/0/id.pro.es.image.master/a0/40/85/829832999.webp,2818,27,4,1290000.0,flat,sale,135.0,True,2,2,Barrio Lista,Madrid,Madrid,Barrio de Salamanca,es,Lista,40.4370337,-3.6810823,False,https://www.idealista.com/inmueble/92059142/,"Fortuny Real Estate ofrece Excelente inmueble a reformar con terraza en el Barrio de Salamanca. La vivienda, en una tranquila ubicación, tiene 135 m² construidos, es una cuarta planta exterior con buena distribución, orientación oeste, y con excelentes posibilidades de reforma. Cuenta con una terraza de 14 metros cuadrados con vistas despejadas. Dispone actualmente de hall, despacho, dos salones con salida a la terraza, 3 dormitorios, dos cuartos de baño. Esta formidable vivienda está ubicada en una amplia finca de los años 60 con un elegante portal recién reformado. Las fotos corresponden a un proyecto de reforma. Tiene ascensor, servicio de portería. Posibilidad de adquirir plaza de garaje por 30.000€ Excelente conexión con las principales líneas de metro y y autobús y rápido acceso a la M30. Fortuny Madrid Real Estate es una empresa joven y emprendedora, formada por un grupo de consultores inmobiliarios especializados en la zona Prime de Madrid, creada con el objetivo de satisfacer las necesidades de los clientes más exigentes.",False,renew,False,True,9556.0,True,False,False,False,[],False,False,1290000.0,€,True,False,30000.0,flat,"Lista, Madrid",Piso,,,,,
106220313,https://img4.idealista.com/blur/480_360_mq/0/id.pro.es.image.master/e1/a5/59/1299440189.webp,34018fe7-8cda-4604-ba6e-ab745d11befb,51,,3500000.0,chalet,sale,436.0,,4,5,calle Badajoz,Madrid,Pozuelo de Alarcón,Urbanizaciones,es,La Cabaña,40.4222309,-3.8403459,False,https://www.idealista.com/inmueble/106220313/,"Descubre el hogar de tus sueños en esta exclusiva vivienda de 3 plantas, donde lujo y tecnología se fusionan en cada detalle. Con una superficie de 435 m² construidos sobre una parcela de 807 m², esta impresionante propiedad ofrece 5 amplias habitaciones, 5 baños (uno de ellos en suite) y espacios diseñados para brindarte el máximo confort y bienestar.  Desde la sofisticada zona de sauna hasta una innovadora sala de rayos X y un área de criogenización, esta casa va más allá de lo convencional. Disfruta de su piscina climatizada durante todo el año y relájate en su jardín, ambientado con una exquisita iluminación que crea un entorno mágico al aire libre. La avanzada domótica te permite controlar tanto la iluminación como la climatización desde tu móvil, asegurando una experiencia de vida inigualable.  Para los momentos de ocio, la vivienda cuenta con un área especialmente diseñada para la diversión, equipada con futbolín y mesa de ping-pong, ideal para disfrutar con familiares o amigos. Esta propiedad redefine el concepto de exclusividad y confort, ofreciendo un estilo de vida donde cada detalle ha sido pensado para tu máximo disfrute. Ubicada en Pozuelo de Alarcón, uno de los municipios más prósperos y exclusivos de la Comunidad de Madrid, esta vivienda te brinda un entorno natural privilegiado junto con una alta calidad de vida. Pozuelo ofrece amplias zonas verdes, como el Parque Forestal de Somosaguas y el Monte del Pilar, perfectas para el ocio y actividades al aire libre. Es un área ideal para familias, gracias a su excelente infraestructura educativa con colegios de alto nivel y universidades como la Francisco de Vitoria y la Complutense.  Pozuelo cuenta con modernas urbanizaciones, chalets de lujo y una excelente comunicación con Madrid, a través de varias líneas de tren de cercanías, autobuses y fácil acceso a autopistas como la A-6 y la M-40. En este tranquilo y seguro entorno, disfrutarás de una vida cómoda y exclusiva cerca de la capital, sin renunciar a la serenidad de la naturaleza. ¡Ven a conocer esta propiedad y déjate sorprender por todo lo que tiene para ofrecer!",False,good,False,,8028.0,False,False,False,False,[],False,False,3500000.0,€,True,True,,chalet,"La Cabaña, Pozuelo de Alarcón",Casa independiente en calle Badajoz,independantHouse,,,,
91638283,https://img4.idealista.com/blur/480_360_mq/0/id.pro.es.image.master/10/1c/fd/819627063.webp,PIS1079,29,4,1890000.0,flat,sale,202.0,True,4,2,Barrio Goya,Madrid,Madrid,Barrio de Salamanca,es,Goya,40.4219642,-3.6738855,False,https://www.idealista.com/inmueble/91638283/,"Fortuny Real Estate ofrece magnífico piso exterior a reformar en finca representativa. El inmueble consta de 202 metros cuadrados distribuidos, en un amplio salón-comedor, con 2 ventas y un agradable balcón a la calle, 4 dormitorios, 2 baños y una amplia cocina individual. Inmueble con balcón y maravillosas vistas. La distribución y amplitud del inmueble le otorga numerosas posibilidades de reforma, para adaptarlo a las preferencias y necesidades del propietario. Mantiene la esencia del edificio, con las vidrieras originales, techos altos con molduras, suelo de pino melis. Solo dos vecinos por planta, cuenta con ascensor y conserje. Su buena comunicación con los diferentes transportes, le hacen ser un enclave idílico, además de su cercanía con los servicios comerciales y de ocio, y cercano del Parque del Retiro. Las grandes avenidas del siglo XIX del glamuroso barrio de Salamanca están llenas de restaurantes de alta cocina y boutiques de diseñadores, especialmente en la ""Milla de Oro"". Fortuny Madrid Real Estate es una empresa joven y emprendedora, formada por un grupo de consultores inmobiliarios especializados en la zona Prime de Madrid, creada con el objetivo de satisfacer las necesidades de los clientes más exigentes.",False,renew,False,True,9356.0,True,False,False,False,[],False,False,1890000.0,€,,,,flat,"Goya, Madrid",Piso,,,,,
106145229,https://img4.idealista.com/blur/480_360_mq/0/id.pro.es.image.master/e9/d5/e3/1276232365.webp,3372,21,5,1450000.0,flat,sale,126.0,True,3,3,Barrio Lista,Madrid,Madrid,Barrio de Salamanca,es,Lista,40.4287862,-3.6774486,False,https://www.idealista.com/inmueble/106145229/,"Exclusiva vivienda en el prestigioso barrio de Salamanca, ideal para quienes buscan lujo, estilo y confort. Los 126 m² están distribuidos de manera eficiente, garantizando espacios amplios y bien iluminados. Esta elegante propiedad cuenta con 3 amplios y luminosos dormitorios, diseñados para proporcionar la máxima comodidad y privacidad. Cada habitación destaca por su diseño moderno y su excelente distribución de espacios. Dispone de 3 modernos baños, con acabados de alta calidad que incluyen materiales nobles y detalles que realzan la elegancia de cada espacio. Se vende completamente amueblada, con mobiliario de diseño exclusivo y detalles decorativos cuidadosamente seleccionados, que crean un ambiente sofisticado y acogedor en cada rincón.  La vivienda ha sido decorada con un gusto impecable, utilizando materiales de primera calidad y una paleta de colores que crea un ambiente acogedor y sofisticado. Ubicación Premium, rodeado de boutiques de lujo, restaurantes de alta cocina y todas las comodidades que el barrio de Salamanca ofrece. Además, la excelente conexión de transporte te permitirá moverte por la ciudad con total facilidad. La gran mayoría de los inmuebles que tenemos en esta zona solo se encuentran en nuestra web. Visite nuestra página y descubra exclusivas viviendas. Fortuny Madrid Real Estate es una empresa con sólida experiencia formada por un grupo de consultores inmobiliarios especializados en la zona Prime de Madrid, creada con el objetivo de satisfacer las necesidades de los clientes más exigentes nacionales e internacionales. Somos un referente en el mercado español, ofreciendo un servicio completo con viviendas residenciales de alta calidad y una amplia gama de servicios inmobiliarios, cubriendo tanto el área privada como el área comercial para conseguir que personas físicas jurídicas, instituciones e inversores queden plenamente satisfechos con nuestros servicios.",False,good,False,True,11508.0,True,False,False,False,[],False,False,1450000.0,€,,,,flat,"Lista, Madrid",Piso,,,,,
108469455,https://img4.idealista.com/blur/480_360_mq/0/id.pro.es.image.master/92/57/3a/1345848948.webp,BHHS-MAD-0749,13,4,2409000.0,flat,sale,200.0,True,3,3,Barrio Lista,Madrid,Madrid,Barrio de Salamanca,es,Lista,40.4297042,-3.6780592,False,https://www.idealista.com/inmueble/108469455/,"Si buscas una vivienda luminosa en la mejor zona de Lista, te proponemos conocer esta exclusiva propiedad reformada y amueblada con dos terrazas exteriores a estrenar de 200 metros cuadrados catastrales, situado en un emplazamiento inmejorable en una de las calles principales del señorial barrio de Salamanca, muy cerca de la Plaza del Marqués de Salamanca La propiedad se encuentra ubicada en la segunda planta exterior de un edificio moderno y representativo edificado en el año 1.958.  Esta exclusiva vivienda se encuentra ubicada en la zona más comercial del barrio de Salamanca-lista, con todo tipo de comunicaciones y rodeado de museos, zonas de ocio, centros comerciales y todo tipo de servicios, todo ello hace de esta propiedad una oportunidad única de vivir o invertir en la zona más privilegiada y exclusiva de Madrid.  La vivienda se distribuye en una zona de estar compuesta por amplio salón-comedor con salida a una amplia terraza dispone de muy buena luz gracias a la altura de la vivienda, seguida de amplia cocina abierta con isla completamente amueblada y equipada con electrodomésticos de primera firma. Con zona de lavandería independiente. La zona de descanso la componen tres dormitorios dos de ellos en suite y zona de vestidor, una de ellas es exterior con salida a una amplia terraza, todos con amplios ventanales. Dispone de un tercer baño completo que presta servicio a las otras estancias. Cabe mencionar la calidad de la reforma hecha por un importante grupo de arquitectura.  La vivienda se vende amueblada y decorada por un prestigioso estudio de interiorismo. Disponemos de varios inmuebles con características similares que no pueden ser publicados, para más información visita.",False,good,False,True,12045.0,True,False,False,False,[],False,False,2409000.0,€,,,,flat,"Lista, Madrid",Piso,,,,,
108323320,https://img4.idealista.com/blur/480_360_mq/0/id.pro.es.image.master/84/3c/c9/1340685828.webp,BHHS-MAD-0724,12,2,1439000.0,flat,sale,120.0,True,3,2,Barrio Lista,Madrid,Madrid,Barrio de Salamanca,es,Lista,40.4357415,-3.676417,False,https://www.idealista.com/inmueble/108323320/,"Si buscas una vivienda luminosa en la mejor zona de Lista, te proponemos conocer esta exclusiva propiedad reformada y amueblada a estrenar de 120 metros cuadrados catastrales, situado en un emplazamiento inmejorable en una de las calles principales del señorial barrio de Salamanca, muy cerca de la Plaza del Marqués de Salamanca La propiedad se encuentra ubicada en la segunda planta exterior de un edificio moderno y representativo edificado en el año 1.958.   Esta exclusiva vivienda se encuentra ubicada en la zona más comercial del barrio de Salamanca-lista, con todo tipo de comunicaciones y rodeado de museos, zonas de ocio, centros comerciales y todo tipo de servicios, todo ello hace de esta propiedad una oportunidad única de vivir o invertir en la zona más privilegiada y exclusiva de Madrid.    La vivienda se distribuye en una zona de estar compuesta por amplio salón-comedor con muy buena luz gracias a la altura de la vivienda con salida a un estupendo balcón, seguida de amplia cocina abierta con isla completamente amueblada y equipada con electrodomésticos de primera firma. Con zona de lavandería independiente. La zona de descanso la componen tres dormitorios uno de ellos en suite y zona de vestidor y exterior, todos con amplios ventanales. El segundo dormitorio tienen salida un precioso balcón con vistas a patio de luces. Dispone de un segundo baño completo que presta servicio a las otras estancias. Cabe mencionar la calidad de la reforma hecha por un importante grupo de arquitectura.  La vivienda se vende amueblada y decorada por un prestigioso estudio de interiorismo. Disponemos de varios inmuebles con características similares que no pueden ser publicados, para más información visita.",False,good,False,True,11992.0,True,False,False,False,[],False,False,1439000.0,€,,,,flat,"Lista, Madrid",Piso,,,,,
108381917,https://img4.idealista.com/blur/480_360_mq/0/id.pro.es.image.master/1f/d4/b0/1328727209.webp,P3 1ºB,6,1,592980.0,flat,sale,100.0,True,2,2,calle Huerta Grande s/n,Madrid,Pozuelo de Alarcón,Zona Pueblo,es,Zona Pueblo,40.4367253,-3.8283981,True,https://www.idealista.com/obra-nueva/108381917/,"RESIDENCIAL PHOENIX S. COOP. MAD. ES ADJUDICATARIA DE LA PARCELA EN EL AMBICIOSO ÁMBITO DE HUERTA GRANDE, POZUELO DE ALARCÓN  Bienvenido a Residencial Phoenix, exclusivas viviendas de 2, 3 y 4 dormitorios con plaza de garaje, trastero, en el ambicioso ámbito de Huerta Grande en Pozuelo de Alarcón. Huerta Grande, es un nuevo desarrollo urbanístico en el corazón de Pozuelo de Alarcón, una de las zonas residenciales más demandadas de Madrid por su calidad de vida, tranquilidad y excelente ubicación. Viviendas de 2, 3 y 4 dormitorios, con amplias terrazas, distribución funcional, y excelentes calidades. Viviendas basadas en la sostenibilidad y ahorro energético. Se tomarán las medidas necesarias para obtener alta calificación energética, ahorrarás en tus facturas desde el primer día, sin renunciar al confort.  Disfruta de unas zonas comunes pensadas para ti y tu familia tales como piscina, zonas verdes, zona infantil para los más pequeños y una gastroteca donde celebrar momentos especiales con familia y amigos. Huerta Grande tiene una ubicación inmejorable, está situado en una zona privilegiada de Pozuelo, rodeado de naturaleza y a un paso de todo lo que necesitas: Excelentes comunicaciones: fácil acceso a la M-40, M-503 y A-6, además de cercanías RENFE y varias líneas de autobús. Cercano a los mejores colegios y universidades: Colegio Retamar, British Council, Kensington School, American School of Madrid, Universidad Francisco de Vitoria, entre otros. Rodeado de zonas comerciales, supermercados, restaurantes, centros deportivos y de ocio. Próximo a espacios naturales como el Parque Forestal Adolfo Suárez y la Casa de Campo. Huerta Grande te ofrece el equilibrio perfecto entre vida urbana y naturaleza, ideal para familias, parejas o quienes buscan un entorno tranquilo sin renunciar a las comodidades de la ciudad. Nota: Este proyecto se gestiona en régimen de Cooperativa. Residencial Phoenix S. Coop. Mad. , ya está constituida. La documentación mostrada pertenece al anteproyecto en fase de desarrollo por lo que es orientativa y no tiene carácter contractual dado que es susceptible de cambio.",False,,True,True,5930.0,True,False,False,False,[],False,False,592980.0,€,,,,flat,"Zona Pueblo, Pozuelo de Alarcón",Piso en calle Huerta Grande s/n,,False,,,
108216178,https://img4.idealista.com/blur/480_360_mq/0/id.pro.es.image.master/b2/ce/68/1358960417.webp,TIPO 4 - 2ª,6,2,309200.0,flat,sale,73.0,True,2,2,"Calle Maricara, 13",Madrid,Madrid,Villaverde,es,Butarque,40.3391902,-3.6789711,True,https://www.idealista.com/obra-nueva/108216178/,"Mirador de Villaverde es un proyecto único de 27 viviendas en PROMOCION DIRECTA.  PRECIO CERRADO, NO COOPERATIVA Cuenta con LICENCIA DE OBRAS.  Se trata de un conjunto residencial de diseño elegante y moderno formado por 27 viviendas de 2 DORMITORIOS y 2 baños, con PLAZA DE GARAJE y TRASTERO incluidos en el precio.  CERCANIA AL CENTRO DE MADRID: a tan sólo 20 minutos de la estación de Atocha en transporte público y a 15 minutos de la Plaza de Legazpi. Mirador de Villaverde ofrece ESPACIOS COMUNES ÚNICOS diseñados para el disfrute, un oasis que invita a la tranquilidad en el que disfrutarán de:  -Piscina. -Sala comunitaria. -Zona independiente para el estacionamiento de bicicletas. -Distintos ambientes en las zonas ajardinadas. -Videoportero y dos ascensores con acceso a todas las plantas -La iluminación de las zonas comunes estará dotada de sensores de presencia que garantizarán un consumo eficiente. -Preinstalación de recarga de coches eléctricos en las plazas de garaje. Las viviendas contarán con ALTA EFICIENCIA ENERGÉTICA gracias al aislamiento de la envolvente del edificio y al innovador y eficiente sistema de climatización y agua caliente mediante AEROTERMIA INDIVIDUAL.  La promoción se encuentra en una ubicación inmejorable en la zona nueva de Butarque, un barrio joven en plena expansión en el que disfrutar de un entorno natural ideal para el paseo y el deporte al aire libre, con todo tipo de servicios a su alcance (colegios, comercios, centro de salud, parques, etc. ).  El barrio de Butarque cuenta con fantásticas conexiones por carretera y transporte público con el centro de Madrid. Mirador de Villaverde además está sito junto a varias paradas de autobús, a tan sólo 10 minutos de la estación de cercanías de la línea C3 y próxima a las principales carreteras que conectan el barrio de Butaque con Madrid Centro (M40, M30 y A4).",False,newdevelopment,True,True,4236.0,True,False,False,False,[],False,False,309200.0,€,True,True,,flat,"Butarque, Madrid","Piso en Calle Maricara, 13",,False,,,
107990849,https://img4.idealista.com/blur/480_360_mq/0/id.pro.es.image.master/81/f7/17/1330445612.webp,3727,22,3,2259000.0,flat,sale,197.0,True,3,3,Barrio Lista,Madrid,Madrid,Barrio de Salamanca,es,Lista,40.4336232,-3.6764334,False,https://www.idealista.com/inmueble/107990849/,"Fortuny Madrid Real Estate ofrece esta excepcional vivienda situada en el prestigioso barrio de Lista, está disponible para aquellos que buscan el máximo confort y estilo de vida. Este tercer piso actualmente en obras, cuenta con 197 m² catastrales diseñados para ofrecer lujo y elegancia. La propiedad incluye tres habitaciones y tres baños, con una cocina totalmente equipada y un cuarto de lavado que añaden funcionalidad y comodidad. Con aire acondicionado, calefacción y ascensor, esta vivienda garantiza un estilo de vida cómodo y moderno. Además, cuenta con balcón y terraza, proporcionando espacios exteriores ideales para relajarse. El barrio de Lista, en el distrito de Salamanca, es conocido por su exclusividad y elegancia. Vivir aquí significa estar cerca de lugares emblemáticos como el Parque de María Eva Duarte de Perón, que ofrece un entorno natural para el ocio y la recreación, y el Mercado de la Paz, un destino culinario de renombre. La zona también cuenta con boutiques exclusivas, restaurantes gourmet y cafés de moda, proporcionando una experiencia de vida sofisticada. La proximidad a importantes centros de transporte y las conexiones con el resto de la ciudad hacen de este barrio una ubicación ideal para quienes buscan comodidad y estilo en el corazón de Madrid. La gran mayoría de los inmuebles que tenemos en esta zona solo se encuentran en nuestra web. Visite nuestra página y descubra exclusivas viviendas. Fortuny Madrid Real Estate es una empresa con sólida experiencia formada por un grupo de consultores inmobiliarios especializados en la zona Prime de Madrid, creada con el objetivo de satisfacer las necesidades de los clientes más exigentes nacionales e internacionales. Somos un referente en el mercado español, ofreciendo un servicio completo con viviendas residenciales de alta calidad y una amplia gama de servicios inmobiliarios, cubriendo tanto el área privada como el área comercial para conseguir que personas físicas jurídicas, instituciones e inversores queden plenamente satisfechos con nuestros servicios.",False,good,False,True,11467.0,True,False,False,False,[],False,False,2259000.0,€,,,,flat,"Lista, Madrid",Piso,,,,,
108046961,https://img4.idealista.com/blur/480_360_mq/0/id.pro.es.image.master/e0/73/84/1332231466.webp,8e933198-7cda-4a51-bb55-b3bc7c0e3280,51,3,515000.0,penthouse,sale,130.0,True,3,3,calle Valentín Llaguno,Madrid,Madrid,Carabanchel,es,San Isidro,40.3885681,-3.7324428,False,https://www.idealista.com/inmueble/108046961/,"Huspy presenta esta magnífica propiedad de obra nueva, una oportunidad única para quienes buscan confort, eficiencia y una inversión segura en una zona en pleno crecimiento. Esta vivienda destaca por su diseño moderno, materiales de alta calidad y un excepcional aprovechamiento del espacio. Con una superficie total de 130 m², esta luminosa vivienda tipo ático se distribuye en dos plantas. En la planta principal encontramos un amplio salón con cocina americana, una habitación, un baño completo y una espectacular terraza de 42,65 m². La planta superior, abuhardillada, ofrece dos habitaciones adicionales y dos baños completos, lo que proporciona un alto nivel de comodidad y privacidad para toda la familia. Características de la vivienda: - 3 habitaciones y 3 baños distribuidos en dos plantas - Gran terraza privada de 42,65 m² - Vivienda exterior, muy luminosa, con excelente orientación - Plaza de garaje y trastero incluidos en el precio Iluminación LED en toda la vivienda - Carpintería exterior de aluminio lacado con rotura de puente térmico - Acceso adaptado para personas con movilidad reducida - Certificación energética A, con sistemas de aerotermia y aislamiento de última generación Zonas comunes y extras: El edificio, de diseño vanguardista firmado por el reconocido arquitecto Joaquín Esperón Solís, cuenta con fachada ventilada cerámica y materiales constructivos de alta eficiencia energética. La urbanización incluye zonas ajardinadas y una piscina de agua salinizada, pensadas para disfrutar del aire libre con un mantenimiento mínimo y sostenible. Ubicación: Situada en una calle tranquila de Valentín Llaguno, esta propiedad se encuentra a escasos metros del metro de Oporto, lo que permite un acceso rápido y cómodo al centro de Madrid. Carabanchel es uno de los distritos con mayor potencial de revalorización de la capital, gracias a su combinación de tradición, modernización urbana y excelente infraestructura de transporte. La zona cuenta con una completa oferta de servicios: colegios, centros de salud, parques y zonas comerciales. Una vivienda moderna, eficiente y con todo lo necesario para disfrutar de una excelente calidad de vida o realizar una inversión con gran proyección.",False,good,False,True,3962.0,False,False,False,False,[],False,False,515000.0,€,True,True,,flat,"San Isidro, Madrid",Ático en calle Valentín Llaguno,penthouse,,,,
108310014,https://img4.idealista.com/blur/480_360_mq/0/id.pro.es.image.master/eb/4a/57/1341126250.webp,aa80fdbb-5a75-4cb6-8416-7dba9dd207ef,44,1,890000.0,flat,sale,193.0,True,4,3,calle Castillo de Arévalo,Madrid,Las Rozas de Madrid,Europolis,es,Europolis,40.5056891,-3.8948774,False,https://www.idealista.com/inmueble/108310014/,"Huspy les presenta un espectacular piso en la zona de Los Castillos. Moderna vivienda con piscina y garaje en Los Castillos – Las Rozas Huspy presenta esta magnífica propiedad situada en la exclusiva zona de Los Castillos, en Las Rozas. Prácticamente nueva, esta vivienda destaca por su excelente luminosidad, una distribución funcional y materiales de alta calidad. Diseñada para el confort, incorpora los últimos avances tecnológicos, como el sistema de climatización por aerotermia, que garantiza eficiencia energética y bienestar durante todo el año. La propiedad dispone de una superficie generosa y perfectamente aprovechada. Al entrar, un elegante hall da paso a un impresionante salón-comedor de 40 m², ideal como espacio central de reunión y disfrute familiar. La cocina, semiabierta, combina diseño y funcionalidad, totalmente equipada y con zona de office y tendedero independiente. La zona de descanso se compone de cuatro amplios dormitorios con armarios empotrados. El dormitorio principal incluye baño en suite, mientras que un segundo baño y un aseo dan servicio al resto de la vivienda. Extras y zonas comunes Este hogar se completa con una plaza de garaje y trastero incluidos, así como acceso a unas excelentes zonas comunes: piscina, área infantil y un jardín de diseño que añade valor al conjunto. Entorno privilegiado Ubicada junto a la Dehesa de Navalcarbón, el gran pulmón verde de Las Rozas, la vivienda se encuentra rodeada de todos los servicios necesarios: colegios, comercios, transporte público, y con excelentes conexiones a través de la A6 y la M50. Las Rozas es uno de los municipios más valorados por su alta calidad de vida y su equilibrio entre naturaleza, tranquilidad y servicios urbanos. Una oportunidad perfecta para quienes buscan un entorno familiar, moderno y conectado, ideal para ver crecer a los suyos en un entorno seguro y agradable.",True,good,False,True,4611.0,False,True,False,False,[],False,False,890000.0,€,True,True,,flat,"Europolis, Las Rozas de Madrid",Piso en calle Castillo de Arévalo,,,,,
107978278,https://img4.idealista.com/blur/480_360_mq/0/id.pro.es.image.master/d1/b4/0a/1304402160.webp,Portal 3-3ºA,4,3,265095.0,flat,sale,103.0,True,3,2,Urbanización Residencial Serpens s/n,Madrid,Madrid,Vicálvaro,es,Los Berrocales,40.3705717,-3.5773299,True,https://www.idealista.com/obra-nueva/107978278/,"SOLAMENTE DISPONIBLES VIVIENDAS PARA PERSONAS CON MOVILIDAD REDUCIDA. Grupo Ibosa presenta este nuevo proyecto de Viviendas de Protección Pública de Precio Limitado, VPPL. en uno de los nuevos desarrollos urbanísticos con mayor proyección ubicado en el sureste de Madrid, en Los Berrocales. CALIDAD, DISEÑO Y CONFORT Residencial Serpens es un proyecto de viviendas de 2, 3 y 4 dormitorios con plaza de garaje y trastero incluido en el precio. Viviendas con un precio asequible, funcionales y muy bien distribuidas, optimizando cada metro cuadrado para ofrecerte el máximo confort y comodidad. Podrás disfrutar de tu tiempo libre sin salir de casa ya que el proyecto ofrece unas estupendas zonas comunes con piscina y zonas verdes para disfrutar del buen tiempo. SOSTENIBILIDAD La sostenibilidad, calidad y diseño son los elementos principales en esta promoción de viviendas en la que se ha tenido muy en cuenta el cuidado por el medio ambiente y el ahorro energético. Los Berrocales opta por un modelo de ciudad sostenible, ecológico, con zonas verdes, amplias avenidas y zonas peatonales que mejoran la calidad del medioambiental. Un nuevo desarrollo urbanístico que se adapta perfectamente a un estilo de vida tranquilo y que además se encuentra a un paso de Madrid central para los que no quieran perder el vínculo con la gran ciudad. UBICACIÓN Tiene una ubicación estratégica al este de Madrid, muy cerca de Ensanche de Vallecas y el C. C. La Gavia destacando la gran conectividad a las redes de transporte público dada su cercanía al metro y paradas de autobuses. Delimita al sur por la A3, al este por la M-50, al oeste por la M-45 y por el norte la línea 9 de metro. ¡Ha llegado tu momento, apúntate!",False,newdevelopment,True,True,2574.0,True,False,False,False,[],False,False,265095.0,€,True,True,,flat,"Los Berrocales, Madrid",Piso en Urbanización Residencial Serpens s/n,,False,,,
108127397,https://img4.idealista.com/blur/480_360_mq/0/id.pro.es.image.master/b4/99/88/1339359667.webp,JS209091,16,bj,277000.0,duplex,sale,104.0,True,1,1,calle de Nanclares de Oca,Madrid,Madrid,San Blas,es,Rejas,40.4447628,-3.576168,False,https://www.idealista.com/inmueble/108127397/,"GILMAR Consulting Inmobiliario Madrid, Conde Orgaz-Campo de las Naciones, comercializa en zona las Mercedes este LOFT-DUPLEX (OFICINA) con una espectacular terraza de 40 metros cuadrados, junto al centro comercial Plenilunio.  Se trata de un dúplex con salón independiente en planta baja con cocina totalmente equipada. En la segunda planta se encuentra el dormitorio con vestidor y amplio baño completo.  La vivienda cuenta con una plaza de garaje de acceso directo incluida en el precio. En edificio moderno ya que se trata de una finca del año 2006, ubicada en una zona en plena expansión y con mayores expectativas de revalorización. Es sin duda una de las mejores opciones de inversión en Madrid. Se trata de una vivienda muy luminosa con una distribución muy funcional pensada para garantizar el confort y el bienestar de sus futuros inquilinos. La comunicación es inmejorable, en sus proximidades se pueden encontrar, centros comerciales (Corte Inglés, Hipercor, Arturo Soria Plaza, Plenilunio, etc.), parques (Juan Carlos I, Juan Pablo II, Quinta Molinos, Marques Suanzes, El Capricho, etc.), club deportivos (Centro Deportivo los Prunos AQA, Club de Golf Olivar de la Hinojosa, etc.), colegios (Liceo Francés, San José del Parque -Maristas Colegio Bristol, Santa María de la Hispanidad, Alameda de Osuna, Colegio GAUDEM, Montessori, Dallington School, Nuestra Señora santa María, Nursery School, Patrocinio de María, Santa María de la Hispanidad, Escuela Iraquí de Madrid, Instituto saudí de Madrid, Parque Conde de Orgaz, Ecole Maternelle Française Pomme D'api, Colegio Brains María Lombillo, etc.), parques empresariales (Julián Camarillo, Las Mercedes, Campo de las Naciones, IFEMA, Alameda de Osuna, Barajas, etc.).  También se encuentra cerca de áreas empresariales como (la milla de oro tecnológica madrileña, el llamado Silicon Alley de Madrid, un entorno con más de 200 empresas del sector tecnológico, cuajado de centros de datos y kilómetros de fibra óptica), hospitales (Clínica Universitaria de Navarra, etc.), sedes empresariales (VODAFONE, Banco Popular, ABC, EL PAIS, Registros de la Propiedad de Madrid, Banco de España, CSIF, Telefónica, Liberty Seguros, AENA, Juzgados, Jefatura General de Tráfico, etc.), hoteles (Melia, Hilton, Barceló, Confortel, IBIS, etc.), recintos feriales-IFEMA, etc. Con salida directa a M-30 y M-40, y a 5 minutos del centro de Madrid y del Aeropuerto Internacional Adolfo Suárez Madrid-Barajas No dude en visitarnos en Avenida Machupichu, 35, llamarnos o escribirnos un correo electrónico y facilitarnos la referencia número 209091 para poder atenderle mejor. En Gilmar trabajamos para ofrecer a nuestros clientes los mejores inmuebles de Madrid, con equipos especializados en cada zona para proporcionarles la mejor opción a su necesidad, con todas las excelencias y cuidando al máximo los detalles.",False,good,False,True,2663.0,False,False,False,False,[],False,False,277000.0,€,True,True,,flat,"Rejas, Madrid",Dúplex en calle de Nanclares de Oca,duplex,,,,
108816804,https://img4.idealista.com/blur/480_360_mq/0/id.pro.es.image.master/3d/f3/67/1355985556.webp,,21,2,220000.0,studio,sale,156.0,True,0,1,"calle Thomas Edison, 4",Madrid,Rivas-Vaciamadrid,Rivas Futura,es,,40.3341552,-3.5255438,True,https://www.idealista.com/inmueble/108816804/,"**Lof en Venta en Rivas - Ideal para Tu Estilo de Vida** ¡Descubre este espectacular loft en venta, perfecto para autónomos, jóvenes, parejas o solteros que buscan un espacio polivalente donde vivir y/o trabajar! Con 33 m² de espacio principal, este inmueble ofrece la flexibilidad de crear habitaciones o despachos con 11m2 según tus necesidades. La separación de espacios permite una distribución funcional y cómoda.  Ubicado en un edificio construido en 2007, el estudio cuenta con aire acondicionado y suelo radiante, garantizando el máximo confort durante todo el año. Su orientación norte proporciona abundante luz natural sin el inconveniente del sol directo. Además, disfrutarás de buenas vistas.  Este inmueble también incluye 2 plazas de garaje y un generoso trastero de 6 m², perfectos para almacenar tus pertenencias.  La ubicación es inmejorable, frente al H2Ocio, el mayor centro comercial de Rivas, y a solo 5 minutos a pie de todos los servicios que puedas necesitar: supermercados, cines, restaurantes y más. Cercano también a centros médicos públicos y el nuevo Hospital de HM Con acceso directo a la A3 y de la M50, y a solo 10 minutos del metro, la conexión es excelente.  Además, la vivienda es apta para personas con movilidad reducida, brindando comodidad y accesibilidad a todos sus habitantes.  IBI de 470€ ¡No dejes pasar esta oportunidad única de adquirir un espacio ideal para tu estilo de vida!",False,good,False,True,1410.0,True,False,False,False,[],False,False,220000.0,€,True,True,,flat,"Rivas Futura, Rivas-Vaciamadrid","Estudio en calle Thomas Edison, 4",studio,,230000.0,10000.0,4.0
108519372,https://img4.idealista.com/blur/480_360_mq/0/id.pro.es.image.master/65/de/c8/1347325982.webp,07df257a-8ec2-4188-a0fb-da4262145aec,43,bj,380000.0,flat,sale,160.0,True,4,2,calle del Néctar,Madrid,Madrid,San Blas,es,Canillejas,40.4422039,-3.6126437,False,https://www.idealista.com/inmueble/108519372/,"Huspy presenta esta excelente oportunidad de adquirir dos pisos completamente reformados, con una superficie total de 160 m², ubicados en pleno corazón del barrio de Canillejas, en el distrito de San Blas-Canillejas, Madrid. Ambos espacios han sido renovados con un diseño moderno y funcional. El primero de 59m², cuenta con dos habitaciones, un baño completo y cocina totalmente equipada, ideal para quienes buscan comodidad y estilo. El segundo de 70m² dispone también de dos habitaciones, un baño completo, un aseo adicional y zona de lavado, lo que lo convierte en una opción perfecta tanto para familias como para compartir entre amigos. Gracias a su reforma integral, estas viviendas están listas para entrar a vivir o ser alquiladas de inmediato, lo que las convierte en una opción muy atractiva como inversión inmobiliaria. Situados en una zona vibrante y consolidada, estos estudios se encuentran junto a un parque y a pocos minutos del centro comercial Plenilunio. Además, ofrecen excelente conexión con el resto de la ciudad gracias al fácil acceso a la M-40 y la A2, así como a una completa red de transporte público. No dejes pasar esta oportunidad de vivir o invertir en una de las zonas con mayor proyección de Madrid. ¡Contáctanos para más información o concertar una visita!",False,good,False,False,2375.0,False,False,False,False,[],False,False,380000.0,€,,,,flat,"Canillejas, Madrid",Piso en calle del Néctar,,,,,
108910351,https://img4.idealista.com/blur/480_360_mq/0/id.pro.es.image.master/f5/a1/84/1358658447.webp,,4,2,683730.0,flat,sale,54.0,False,2,1,"CL ALCALDE SAINZ DE BARANDA, 11",Madrid,Madrid,Retiro,es,Ibiza,40.4171284,-3.6766712,True,https://www.idealista.com/inmueble/108910351/,"Exclusiva vivienda en la zona del Retiro, se entrega amueblada y reformada, edificio en esquina con porteria en una de las calles más demandadas de madrid.",False,good,False,True,12662.0,False,False,False,False,[],False,False,683730.0,€,,,,flat,"Ibiza, Madrid","Piso en Cl Alcalde Sainz De Baranda, 11",,,,,
107293428,https://img4.idealista.com/blur/480_360_mq/0/id.pro.es.image.master/d8/51/e1/1314824878.webp,67c7f96a-6cf3-4189-a6f0-9622e38a4836,34,1,190000.0,flat,sale,68.0,True,2,1,calle de Sepúlveda,Madrid,Madrid,Latina,es,Los Cármenes,40.4059268,-3.7426353,False,https://www.idealista.com/inmueble/107293428/,"Descubre este encantador apartamento en Nuda Propiedad en Los Cármenes, Latina, Madrid. Con 68 m² bien distribuidos, esta vivienda en excelente estado ofrece dos acogedoras habitaciones y un baño completo. Su diseño funcional y luminoso, junto con el suelo de mármol, crea un ambiente cálido y acogedor. Disfruta de un piso soleado con una amplia terraza de 50 m², ideal para momentos de relax o reuniones al aire libre. Además, cuenta con un balcón privado y un trastero, proporcionando un valioso espacio de almacenamiento. La cocina equipada y amueblada está lista para preparar tus platos favoritos, mientras que el sistema de calefacción a gas y eléctrica garantiza confort en cualquier estación del año. Ubicado en una zona bien comunicada, este apartamento cuenta con una parada de autobús en la puerta, facilitando el acceso al resto de la ciudad.  Los Cármenes, en el distrito de Latina, Madrid, es un barrio residencial tranquilo y bien comunicado, ideal para quienes buscan comodidad y accesibilidad. Se encuentra cerca de la Casa de Campo y el Parque de Aluche, dos de las principales zonas verdes de la ciudad, perfectas para el ocio y el deporte. Cuenta con una amplia oferta de servicios esenciales, como supermercados, farmacias, colegios y centros de salud, además de una variada oferta gastronómica y cultural. La conexión con el transporte público es excelente, con líneas de autobús, metro (Lucero y Laguna) y Cercanías Renfe (Laguna), facilitando el acceso al centro de Madrid. Su combinación de tranquilidad, espacios verdes y buenas conexiones lo convierten en una opción atractiva para quienes buscan calidad de vida en la capital. ¡No pierdas la oportunidad de visitarlo y descubrir todo lo que ofrece este hogar único!",False,good,False,False,2794.0,False,False,False,False,[],False,False,190000.0,€,,,,flat,"Los Cármenes, Madrid",Piso en calle de Sepúlveda,,,,,
108381871,https://img4.idealista.com/blur/480_360_mq/0/id.pro.es.image.master/86/a2/76/1328727201.webp,P1 3ºB,6,3,545800.0,flat,sale,102.0,True,2,2,calle Huerta Grande s/n,Madrid,Pozuelo de Alarcón,Zona Pueblo,es,Zona Pueblo,40.437291,-3.8187616,True,https://www.idealista.com/obra-nueva/108381871/,"RESIDENCIAL PHOENIX S. COOP. MAD. ES ADJUDICATARIA DE LA PARCELA EN EL AMBICIOSO ÁMBITO DE HUERTA GRANDE, POZUELO DE ALARCÓN  Bienvenido a Residencial Phoenix, exclusivas viviendas de 2, 3 y 4 dormitorios con plaza de garaje, trastero, en el ambicioso ámbito de Huerta Grande en Pozuelo de Alarcón. Huerta Grande, es un nuevo desarrollo urbanístico en el corazón de Pozuelo de Alarcón, una de las zonas residenciales más demandadas de Madrid por su calidad de vida, tranquilidad y excelente ubicación. Viviendas de 2, 3 y 4 dormitorios, con amplias terrazas, distribución funcional, y excelentes calidades. Viviendas basadas en la sostenibilidad y ahorro energético. Se tomarán las medidas necesarias para obtener alta calificación energética, ahorrarás en tus facturas desde el primer día, sin renunciar al confort.  Disfruta de unas zonas comunes pensadas para ti y tu familia tales como piscina, zonas verdes, zona infantil para los más pequeños y una gastroteca donde celebrar momentos especiales con familia y amigos. Huerta Grande tiene una ubicación inmejorable, está situado en una zona privilegiada de Pozuelo, rodeado de naturaleza y a un paso de todo lo que necesitas: Excelentes comunicaciones: fácil acceso a la M-40, M-503 y A-6, además de cercanías RENFE y varias líneas de autobús. Cercano a los mejores colegios y universidades: Colegio Retamar, British Council, Kensington School, American School of Madrid, Universidad Francisco de Vitoria, entre otros. Rodeado de zonas comerciales, supermercados, restaurantes, centros deportivos y de ocio. Próximo a espacios naturales como el Parque Forestal Adolfo Suárez y la Casa de Campo. Huerta Grande te ofrece el equilibrio perfecto entre vida urbana y naturaleza, ideal para familias, parejas o quienes buscan un entorno tranquilo sin renunciar a las comodidades de la ciudad. Nota: Este proyecto se gestiona en régimen de Cooperativa. Residencial Phoenix S. Coop. Mad. , ya está constituida. La documentación mostrada pertenece al anteproyecto en fase de desarrollo por lo que es orientativa y no tiene carácter contractual dado que es susceptible de cambio.",False,newdevelopment,True,True,5351.0,True,False,False,False,[],False,False,545800.0,€,,,,flat,"Zona Pueblo, Pozuelo de Alarcón",Piso en calle Huerta Grande s/n,,False,,,
106651993,https://img4.idealista.com/blur/480_360_mq/0/id.pro.es.image.master/6b/87/95/1289943548.webp,,20,1,1519000.0,flat,sale,211.0,True,4,4,Barrio Chueca-Justicia,Madrid,Madrid,Centro,es,Chueca-Justicia,40.4274107,-3.7008439,False,https://www.idealista.com/inmueble/106651993/,"Descubre esta espectacular vivienda totalmente reformada en Calle Barceló 1, una de las calles más representativas del centro de Madrid. Situado en la primera planta de un edificio con fachada clásica y ascensor, este piso exterior combina a la perfección encanto tradicional y modernidad cosmopolita. Con 211 m² catastrales y 160 m² construidos, el inmueble cuenta con 4 habitaciones y 4 baños, ofreciendo un diseño inteligente y elegante. El piso incluye cocina totalmente equipada e independiente, salón de gran tamaño con acabados en madera hechos a medida, cuarto de lavado independiente, calefacción de gas particular, aire acondicionado y balcón. La ubicación en el centro histórico de Madrid ofrece una experiencia de vida inigualable, rodeada de majestuosos edificios históricos, plazas bulliciosas y calles adoquinadas. A pocos pasos se encuentran lugares emblemáticos como el Museo del Prado, el Museo Reina Sofía y una amplia variedad de tiendas boutique, restaurantes de alta cocina y locales de entretenimiento. Vivir en esta vivienda es disfrutar de una oferta cultural sin igual, y una ubicación privilegiada en el corazón de Madrid. La gran mayoría de los inmuebles que tenemos en esta zona solo se encuentran en nuestra web. Visite nuestra página y descubra exclusivas viviendas. Fortuny Madrid Real Estate es una empresa con sólida experiencia formada por un grupo de consultores inmobiliarios especializados en la zona Prime de Madrid, creada con el objetivo de satisfacer las necesidades de los clientes más exigentes nacionales e internacionales. Somos un referente en el mercado español, ofreciendo un servicio completo con viviendas residenciales de alta calidad y una amplia gama de servicios inmobiliarios, cubriendo tanto el área privada como el área comercial para conseguir que personas físicas jurídicas, instituciones e inversores queden plenamente satisfechos con nuestros servicios.",False,good,False,True,7199.0,True,False,False,False,[],False,False,1519000.0,€,,,,flat,"Chueca-Justicia, Madrid",Piso,,,,,
106740692,https://img4.idealista.com/blur/480_360_mq/90/id.pro.es.image.master/ba/a3/c3/1292579854.webp,4ºC,7,4,560000.0,flat,sale,86.0,True,3,2,"Emilio Muñoz, 47",Madrid,Madrid,San Blas,es,Simancas,40.4337669,-3.6243142,True,https://www.idealista.com/obra-nueva/106740692/,"Residencial privado compuesto de 55 viviendas de 1, 2 y 3 dormitorios en el histórico barrio de San Blas-Canillejas, uno de los barrios más legendarios de Madrid. A día de hoy se está modernizando y convirtiendo en el Silicon Valley de Madrid debido al proyecto Madbit. San Blas - Madrid es una urbanización privada con piscina, gimnasio, ascensor, garajes, trasteros y viviendas con balcones. Todas las viviendas cuentan con sistema de climatización mediante Aerotermia lo que permite reducir 30% la factura de energía de la vivienda. En San Blas apostamos por la eficiencia energética.",False,,True,True,6512.0,True,False,False,False,[],False,False,560000.0,€,True,True,,flat,"Simancas, Madrid","Piso en Emilio Muñoz, 47",,False,,,
108515008,https://img4.idealista.com/blur/480_360_mq/0/id.pro.es.image.master/5f/3c/a6/1347192870.webp,ffd30f82-a32a-47ea-a816-5d71ac935ab5,18,1,300000.0,flat,sale,43.0,False,1,1,calle del Amparo,Madrid,Madrid,Centro,es,Lavapiés-Embajadores,40.4116315,-3.7054602,False,https://www.idealista.com/inmueble/108515008/,"Descubre este encantador piso tipo loft en el vibrante barrio de Lavapiés, España. Con 43 m², este espacio se presenta en buen estado y ofrece una combinación perfecta de confort y funcionalidad. Cuenta con 1 dormitorio acogedor y 1 baño completo. La cocina está totalmente equipada, lista para tus aventuras culinarias. Disfruta de la comodidad del aire acondicionado durante los calurosos días de verano y relájate en patio privado, ideal para momentos de tranquilidad o reuniones. El edificio cuenta con ascensor, facilitando el acceso.  Ubicado en una zona llena de vida cultural y gastronómica, este piso es una oportunidad única para quienes buscan un hogar práctico en el corazón de la ciudad. ¡No dejes pasar esta oportunidad de vivir en uno de los barrios más emblemáticos de Madrid!",False,good,False,True,6977.0,False,False,False,False,[],False,False,300000.0,€,,,,flat,"Lavapiés-Embajadores, Madrid",Piso en calle del Amparo,,,,,
107099356,https://img4.idealista.com/blur/480_360_mq/0/id.pro.es.image.master/67/d9/8f/1339491830.webp,JS203646 ,30,,490000.0,chalet,sale,244.0,,4,3,calle de Francisco Bivar,Madrid,Paracuellos de Jarama,Casco Urbano,es,,40.5091264,-3.5308385,False,https://www.idealista.com/inmueble/107099356/,"Descubra este maravilloso chalet adosado de 244 metros cuadrados construidos, ubicado en la prestigiosa zona de Paracuellos del Jarama, al norte de Madrid. Este inmueble, construido en 1987, destaca por su elegancia y calidad de vida, ideal para quienes buscan tranquilidad y una zona con proyección económica. La vivienda cuenta con cuatro amplios dormitorios y tres baños, distribuidos en tres plantas. Entre sus características, destacan la presencia de aire acondicionado, armarios empotrados, puerta blindada y alarma, garantizando así la seguridad y confort de sus residentes. Además, dispone de un jardín privado y una piscina, perfectos para disfrutar de momentos de relax y ocio en familia. La zona de Paracuellos del Jarama es conocida por su cercanía al aeropuerto de Madrid-Barajas, lo que la convierte en una ubicación estratégica para quienes viajan con frecuencia. La calidad de vida en este barrio es excepcional, combinando la tranquilidad de un entorno residencial con todas las comodidades y servicios necesarios. En cuanto a la educación, a menos de 10 kilómetros se encuentra el prestigioso colegio SEK Ciudalcampo, reconocido por su excelencia académica y sus modernas instalaciones. Para las compras y el ocio, el centro comercial Plaza Norte 2 se encuentra a pocos minutos en coche, ofreciendo una amplia variedad de tiendas, restaurantes y zonas de entretenimiento. La conectividad de Paracuellos del Jarama es excelente. Las líneas de metro más cercanas son la L8 y L5, que permiten un fácil acceso al centro de Madrid y a otras áreas importantes de la ciudad. En cuanto a las líneas de cercanías, la estación de San Fernando (línea C2) se encuentra a unos 10 kilómetros, proporcionando una conexión rápida y eficiente con la red de trenes de cercanías de Madrid. Además, la zona está bien comunicada mediante diversas líneas de autobuses, como las líneas 214 y 824, que conectan Paracuellos del Jarama con otros puntos clave de la capital. El barrio de Paracuellos del Jarama es una zona con un gran potencial de desarrollo, gracias a su ubicación estratégica y su entorno tranquilo y seguro. La combinación de calidad de vida, proximidad a servicios y excelente conectividad hace de este chalet adosado una opción única para aquellos que buscan un hogar en una de las mejores zonas de Madrid. Para más información sobre este inmueble, no dude en contactar con nuestro equipo de la oficina de Orgaz-Naciones. Puede visitarnos en Avda. Machupichu, 35, llamarnos o enviarnos un correo electrónico. Por favor, facilítenos la referencia número 203646 para poder asistirle de manera más eficiente. Desde 1983, GILMAR ha estado ayudando a sus clientes a encontrar la casa de sus sueños. Con una trayectoria de más de 40 años, nuestra compañía se ha consolidado como líder en el sector inmobiliario, ofreciendo un servicio personalizado y de alta calidad.",False,good,False,,2008.0,False,False,False,False,[],False,False,490000.0,€,True,True,,chalet,"Casco Urbano, Paracuellos de Jarama",Chalet pareado en calle de Francisco Bivar,semidetachedHouse,,,,
108381835,https://img4.idealista.com/blur/480_360_mq/0/id.pro.es.image.master/29/e8/67/1328727208.webp,P2 3ºA,6,3,555500.0,flat,sale,104.0,True,2,2,calle Huerta Grande s/n,Madrid,Pozuelo de Alarcón,Zona Pueblo,es,Zona Pueblo,40.437291,-3.8187616,True,https://www.idealista.com/obra-nueva/108381835/,"RESIDENCIAL PHOENIX S. COOP. MAD. ES ADJUDICATARIA DE LA PARCELA EN EL AMBICIOSO ÁMBITO DE HUERTA GRANDE, POZUELO DE ALARCÓN  Bienvenido a Residencial Phoenix, exclusivas viviendas de 2, 3 y 4 dormitorios con plaza de garaje, trastero, en el ambicioso ámbito de Huerta Grande en Pozuelo de Alarcón. Huerta Grande, es un nuevo desarrollo urbanístico en el corazón de Pozuelo de Alarcón, una de las zonas residenciales más demandadas de Madrid por su calidad de vida, tranquilidad y excelente ubicación. Viviendas de 2, 3 y 4 dormitorios, con amplias terrazas, distribución funcional, y excelentes calidades. Viviendas basadas en la sostenibilidad y ahorro energético. Se tomarán las medidas necesarias para obtener alta calificación energética, ahorrarás en tus facturas desde el primer día, sin renunciar al confort.  Disfruta de unas zonas comunes pensadas para ti y tu familia tales como piscina, zonas verdes, zona infantil para los más pequeños y una gastroteca donde celebrar momentos especiales con familia y amigos. Huerta Grande tiene una ubicación inmejorable, está situado en una zona privilegiada de Pozuelo, rodeado de naturaleza y a un paso de todo lo que necesitas: Excelentes comunicaciones: fácil acceso a la M-40, M-503 y A-6, además de cercanías RENFE y varias líneas de autobús. Cercano a los mejores colegios y universidades: Colegio Retamar, British Council, Kensington School, American School of Madrid, Universidad Francisco de Vitoria, entre otros. Rodeado de zonas comerciales, supermercados, restaurantes, centros deportivos y de ocio. Próximo a espacios naturales como el Parque Forestal Adolfo Suárez y la Casa de Campo. Huerta Grande te ofrece el equilibrio perfecto entre vida urbana y naturaleza, ideal para familias, parejas o quienes buscan un entorno tranquilo sin renunciar a las comodidades de la ciudad. Nota: Este proyecto se gestiona en régimen de Cooperativa. Residencial Phoenix S. Coop. Mad. , ya está constituida. La documentación mostrada pertenece al anteproyecto en fase de desarrollo por lo que es orientativa y no tiene carácter contractual dado que es susceptible de cambio.",False,newdevelopment,True,True,5341.0,True,False,False,False,[],False,False,555500.0,€,,,,flat,"Zona Pueblo, Pozuelo de Alarcón",Piso en calle Huerta Grande s/n,,False,,,
108563957,https://img4.idealista.com/blur/480_360_mq/0/id.pro.es.image.master/b3/39/07/1348569305.webp,c248113f-1a4d-48dc-9664-70195a8ec8d1,84,en,2700000.0,duplex,sale,220.0,True,2,3,calle de Montalbán,Madrid,Madrid,Retiro,es,Jerónimos,40.4191217,-3.6888139,False,https://www.idealista.com/inmueble/108563957/,"Descubre este exclusivo piso dúplex de 220 m² en el codiciado barrio de Jerónimos, Retiro, Madrid.  Recientemente reformado, ofrece un diseño moderno y funcional. Cuenta con 2 amplios dormitorios y 3 baños completos. La cocina está totalmente equipada y los armarios empotrados maximizan el espacio de almacenamiento.  Disfruta de la comodidad del aire acondicionado y calefacción de gas. Además, incluye la opción de aparcamiento y un trastero. El edificio clásico ofrece servicios excepcionales como gimnasio compartido, piscina, sauna y conserjería. Relájate en las instalaciones después de un largo día o pasea por el cercano Parque del Retiro. Este piso es una oportunidad única para vivir en una de las zonas más prestigiosas de Madrid. No dejes pasar esta oportunidad de vivir con estilo y comodidad en el corazón de la ciudad. ¡Contáctanos para más información!",False,good,False,False,12273.0,False,False,False,False,[],False,False,2700000.0,€,True,True,,flat,"Jerónimos, Madrid",Dúplex en calle de Montalbán,duplex,,,,
106071426,https://img4.idealista.com/blur/480_360_mq/0/id.pro.es.image.master/61/a0/5f/1319581975.webp,W-02WFMS,30,bj,480000.0,flat,sale,78.0,True,1,1,Barrio Malasaña-Universidad,Madrid,Madrid,Centro,es,Malasaña-Universidad,40.4293512,-3.703668,False,https://www.idealista.com/inmueble/106071426/,"Vivienda exterior reformada con dos balcones en Malasaña Engel & Völkers presenta oportunidad de inversión en una de las mejores calles de Universidad - Malasaña. Muy cerca del ICADE, San Bernardo, Fuencarral, Chamberí con las mejores propuestas de restauración, comercios, ocio, colegios, etc. Vivienda ubicada en un edificio de principios del siglo XX, mantiene todo el encanto de la época y la armonía con el entorno de Madrid centro actual. Finca con ascensor Con un amplio salón comedor, amplio dormitorio con vestidor y baño. la cocina totalmente equipada. Calefacción eléctrica. Actualmente alquilada, lo que se traduce en un retorno de inversión desde el día uno. Consuelte la disponibilidad para visitas previamente. Malasaña-Universidad es uno de los barrios históricos más emblemáticos del centro de Madrid. la numerosa oferta cultural, tiendas de diseño, pequeños restaurantes con encanto. Es en este enclave donde se sitúa esta propiedad.  Perfectamente ubicado, con varias líneas de metro y red de autobuses. Próximo a Moncloa e intercambiador de cercanías, así como puntos cercanos de biciMAD para recorrer la ciudad. En definitiva, una excelente vivienda en uno de los mejores barrios de la capital. ¡No dude en visitarla con nosotros!",False,good,False,True,6154.0,False,False,False,False,[],False,False,480000.0,€,,,,flat,"Malasaña-Universidad, Madrid",Piso,,,500000.0,20000.0,4.0
106742551,https://img4.idealista.com/blur/480_360_mq/0/id.pro.es.image.master/3e/c8/ce/1312257161.webp,b0ca3776-2f45-47b8-8388-97d5a9663de1,38,,400000.0,chalet,sale,160.0,,3,1,avenida de la Sierra del Guadarrama,Madrid,Cercedilla,,es,,40.738361,-4.0450249,False,https://www.idealista.com/inmueble/106742551/,"Se vende encantador chalet independiente de 160 m² en una extensa parcela de 2.400 m², situado en un entorno natural que invita a la calma y el disfrute de la naturaleza. Con orientación sur, esta propiedad goza de una excelente luminosidad durante todo el día, ideal para crear un hogar cálido y acogedor. La vivienda cuenta con 3 amplias habitaciones, 1 baño completo, y un espacio versátil que puedes personalizar según tus necesidades. Aunque requiere algo de reforma, ofrece una magnífica oportunidad para convertirla en la casa de tus sueños, adaptada completamente a tu estilo. La parcela destaca por su amplitud, perfecta para quienes buscan privacidad y disfrutar de un gran jardín, espacio para huerto o incluso una piscina. Este chalet es ideal para familias, amantes de la tranquilidad o aquellos que buscan un refugio en plena naturaleza. Cercedilla, situada en pleno corazón de la Sierra de Guadarrama, es una de las localidades más atractivas de la Comunidad de Madrid para quienes buscan un entorno natural, tranquilidad y calidad de vida. Este municipio combina el encanto de la vida rural con servicios modernos, ofreciendo un estilo de vida único a tan solo 57 kilómetros de la capital. Conocida por su patrimonio histórico y natural, Cercedilla es famosa por sus calles pintorescas, la Iglesia de San Sebastián y las antiguas calzadas romanas que atraviesan el municipio. Además, su entorno natural es inigualable, con el Parque Nacional de la Sierra de Guadarrama y áreas como las Dehesas de Cercedilla, perfectas para practicar senderismo, ciclismo y otras actividades al aire libre. El municipio cuenta con una excelente infraestructura que incluye colegios, centros de salud, comercios locales y restaurantes que destacan por su gastronomía típica de montaña. Su ambiente acogedor y familiar lo convierte en un lugar ideal tanto para vivir todo el año como para disfrutar de segundas residencias.",False,renew,False,,2500.0,False,False,False,False,[],False,False,400000.0,€,,,,chalet,Cercedilla,Casa independiente en avenida de la Sierra del Guadarrama,independantHouse,,,,
108381802,https://img4.idealista.com/blur/480_360_mq/0/id.pro.es.image.master/29/e8/67/1328727208.webp,P1 1ºC,6,1,513120.0,flat,sale,89.0,True,2,2,calle Huerta Grande s/n,Madrid,Pozuelo de Alarcón,Zona Pueblo,es,Zona Pueblo,40.437291,-3.8187616,True,https://www.idealista.com/obra-nueva/108381802/,"RESIDENCIAL PHOENIX S. COOP. MAD. ES ADJUDICATARIA DE LA PARCELA EN EL AMBICIOSO ÁMBITO DE HUERTA GRANDE, POZUELO DE ALARCÓN  Bienvenido a Residencial Phoenix, exclusivas viviendas de 2, 3 y 4 dormitorios con plaza de garaje, trastero, en el ambicioso ámbito de Huerta Grande en Pozuelo de Alarcón. Huerta Grande, es un nuevo desarrollo urbanístico en el corazón de Pozuelo de Alarcón, una de las zonas residenciales más demandadas de Madrid por su calidad de vida, tranquilidad y excelente ubicación. Viviendas de 2, 3 y 4 dormitorios, con amplias terrazas, distribución funcional, y excelentes calidades. Viviendas basadas en la sostenibilidad y ahorro energético. Se tomarán las medidas necesarias para obtener alta calificación energética, ahorrarás en tus facturas desde el primer día, sin renunciar al confort.  Disfruta de unas zonas comunes pensadas para ti y tu familia tales como piscina, zonas verdes, zona infantil para los más pequeños y una gastroteca donde celebrar momentos especiales con familia y amigos. Huerta Grande tiene una ubicación inmejorable, está situado en una zona privilegiada de Pozuelo, rodeado de naturaleza y a un paso de todo lo que necesitas: Excelentes comunicaciones: fácil acceso a la M-40, M-503 y A-6, además de cercanías RENFE y varias líneas de autobús. Cercano a los mejores colegios y universidades: Colegio Retamar, British Council, Kensington School, American School of Madrid, Universidad Francisco de Vitoria, entre otros. Rodeado de zonas comerciales, supermercados, restaurantes, centros deportivos y de ocio. Próximo a espacios naturales como el Parque Forestal Adolfo Suárez y la Casa de Campo. Huerta Grande te ofrece el equilibrio perfecto entre vida urbana y naturaleza, ideal para familias, parejas o quienes buscan un entorno tranquilo sin renunciar a las comodidades de la ciudad. Nota: Este proyecto se gestiona en régimen de Cooperativa. Residencial Phoenix S. Coop. Mad. , ya está constituida. La documentación mostrada pertenece al anteproyecto en fase de desarrollo por lo que es orientativa y no tiene carácter contractual dado que es susceptible de cambio.",False,,True,True,5765.0,True,False,False,False,[],False,False,513120.0,€,,,,flat,"Zona Pueblo, Pozuelo de Alarcón",Piso en calle Huerta Grande s/n,,False,,,
108499445,https://img4.idealista.com/blur/480_360_mq/0/id.pro.es.image.master/01/b1/cb/1346727611.webp,f87faffe-9e77-4f77-b551-179e92a53b01,43,3,990000.0,flat,sale,109.0,True,3,2,calle de Canillas,Madrid,Madrid,Chamartín,es,Prosperidad,40.4402307,-3.6766355,False,https://www.idealista.com/inmueble/108499445/,"Descubre esta impresionante oportunidad de adquirir un apartamento a estrenar en El Viso, Chamartín, Madrid. Con 100 m² de espacio cuidadosamente diseñado, esta vivienda ofrece tres dormitorios y dos baños, ideal para familias o quienes buscan espacio adicional.  Disfruta de la comodidad de una cocina equipada y armarios empotrados que maximizan el almacenamiento. Relájate en las terrazas privada, un espacio perfecto para disfrutar del clima madrileño. Con aire acondicionado y calefacción central, el confort está garantizado durante todo el año. El edificio cuenta con servicios destacados como ascensor, conserje y acceso para sillas de ruedas, asegurando comodidad y accesibilidad para todos los residentes. No dejes pasar la oportunidad de adquirir tu nuevo hogar en una ubicación tan deseada. ¡Contáctanos hoy para más información sobre este proyecto excepcional!",False,good,False,True,9083.0,False,False,False,False,[],False,False,990000.0,€,,,,flat,"Prosperidad, Madrid",Piso en calle de Canillas,,,,,
106862077,https://img4.idealista.com/blur/480_360_mq/90/id.pro.es.image.master/fa/95/fb/1299367226.webp,2ºA,7,2,535000.0,flat,sale,94.0,True,3,2,"Emilio Muñoz, 47",Madrid,Madrid,San Blas,es,Simancas,40.4337669,-3.6243142,True,https://www.idealista.com/obra-nueva/106862077/,"Residencial privado compuesto de 48 viviendas de 1, 2 y 3 dormitorios en el histórico barrio de San Blas-Canillejas, uno de los barrios más legendarios de Madrid. A día de hoy se está modernizando y convirtiendo en el Silicon Valley de Madrid debido al proyecto Madbit. San Blas - Madrid es una urbanización privada con piscina, gimnasio, ascensor, garajes, trasteros y viviendas con balcones. Todas las viviendas cuentan con sistema de climatización mediante Aerotermia lo que permite reducir 30% la factura de energía de la vivienda. En San Blas apostamos por la eficiencia energética.",False,,True,True,5691.0,True,False,False,False,[],False,False,535000.0,€,True,True,,flat,"Simancas, Madrid","Piso en Emilio Muñoz, 47",,False,,,
108357013,https://img4.idealista.com/blur/480_360_mq/0/id.pro.es.image.master/66/07/ae/1345889983.webp,341a47cf-8d75-4eda-a601-a1d1ed1e25fb,27,1,199990.0,flat,sale,122.0,True,4,1,calle Severo Ochoa,Madrid,Parla,Parque Inlasa,es,,40.2342015,-3.7736399,False,https://www.idealista.com/inmueble/108357013/,"Amplia y luminosa vivienda familiar en excelente estado, ubicada en Parla Esta espaciosa propiedad de 122 m² es ideal para familias que buscan comodidad, amplitud y una ubicación bien comunicada. Destaca por su excelente estado de conservación, lo que permite entrar a vivir sin necesidad de reformas. La vivienda cuenta con cuatro dormitorios bien distribuidos, lo que garantiza espacio para todos los miembros del hogar, y un baño funcional, con posibilidad de adaptar según tus necesidades. La amplitud de los espacios interiores se complementa con una magnífica terraza exterior, perfecta para disfrutar del aire libre y relajarse en cualquier momento del día. El confort está asegurado durante todo el año gracias al aire acondicionado instalado en la vivienda. La gran luminosidad natural que recibe cada estancia aporta calidez y bienestar en el día a día. Características destacadas: Superficie construida: 122 m² Cuatro dormitorios amplios Un baño Terraza exterior con vistas Aire acondicionado Excelente estado de conservación Ubicación: Situada en una zona privilegiada de Parla, esta propiedad ofrece fácil acceso a todos los servicios esenciales: colegios, centros de salud, zonas comerciales y transporte público. Su entorno combina tranquilidad residencial con una ubicación práctica para el día a día, lo que la convierte en una excelente opción tanto para familias como para quienes buscan una inversión segura. No dejes pasar esta oportunidad. Contacta con Manuela para más información o para concertar una visita. Esta vivienda en Parla puede ser el hogar que siempre has buscado.",False,good,False,False,1639.0,False,False,False,False,[],False,False,199990.0,€,,,,flat,"Parque Inlasa, Parla",Piso en calle Severo Ochoa,,,,,
108263517,https://img4.idealista.com/blur/480_360_mq/0/id.pro.es.image.master/eb/55/db/1338896636.webp,07458,54,,587000.0,chalet,sale,431.0,,5,3,Becerril de la Sierra,Madrid,Becerril de la Sierra,,es,,40.7075123,-3.9875046,False,https://www.idealista.com/inmueble/108263517/,"EXCLUSIVA CASA CONSTRUIDA CON MAMPOSTERÍA DE PIEDRA DE GRANITO EN PARCELA DE 2.200m Y ESPECTACULARES VISTAS A LA MONTAÑA  Se trata de una exclusiva vivienda integrada en el paisaje que rodea las montañas de La Maliciosa y La Pedriza, construida con materiales naturales como la piedra y la madera  ESTA VIVIENDA ES ESPECIAL por su exclusivo diseño arquitectónico y la calidad de sus materiales, las vistas a la montaña de La Maliciosa y La Pedriza Se encuentra a diez minutos del centro del Municipio a pié. El frondoso jardín autóctono se asemeja a un pequeño bosque con variada vegetación en la que predomina el pino y el abeto propio de la sierra de Guadarrama. Es especial por distribución ya que cuenta con espacios independientes en la zona de dormitorios. En su conjunto se podría decir que es “una casa con encanto”  DISTRIBUCIÓN: La vivienda consta de una planta semisótano, una planta principal y otra planta bajocubierta   Planta principal. Se accede desde el jardín y consta de un porche acristalado que da paso al distribuidor de la vivienda en el que se encuentran tres dormitorios dobles. El pasillo desemboca en un amplio salón con chimenea y grandes ventanales con espectaculares vistas. Al resto de las habitaciones que componen esta planta y que forman un espacio independiente, se puede acceder desde el salón o desde el pasillo. Esta parte de la vivienda cuenta con una amplia terraza acristalada, una cocina con lavadero, un dormitorio doble con baño completo,un dormitorio de servicio con aseo y otro cuarto de baño completo. Tiene una superficie de 214 m2 Planta bajocubierta: Se accede a través de una escalera de madera y compone esta planta tres espacios tabicados y con ventanas que en la actualidad no están solados. Tiene una superficie de 137 m2 Planta semisótano: Es la planta en la que se encuentra el garaje, el porche de piedra de granito cubierto y el cuarto de calderas. Tiene una superficie de 79 m2 TOTAL ESTANCIAS: La vivienda cuenta con 4 dormitorios dobles y uno individual con sus respectivos armarios empotrados. Dos cuartos de baño completos y un aseo. Una terraza cubierta y un porche acristalado. Un salón comedor con chimenea, una cocina con zona de lavado, un garaje y un cuarto de calderas.  CALIDADES: Fachada de piedra de granito con carpintería exterior de PVC blanco oscilobatientes y con rotura de puente térmico. Puertas de madera. Suelos de madera y de gres. Calefacción y agua caliente se suministran con gas propano.  ES IMPORTANTE SABER QUE: Que aunque la vivienda necesita una reforma, las ventanas son nuevas, al igual que el cerramiento de la terraza y el porche. Que la superficie real de la vivienda son 431 m2 pero registrados hay 200 m2 aunque sí están registradas las tres plantas, pero no la superficie total. Que el jardín cuenta con una piscina en forma de judía de 32 m2 que es necesario restaurar. Que por la amplitud de espacios y la distribución es muy apropiada para personas y familias cuyos miembros puedan trabajar desde casa y que les guste la naturaleza ya que la vivienda tanto por su ubicación como por su construcción rústica invita a disfrutar de un acogedor y cálido ambiente de montaña con olor a leña en invierno y el frescor del jardín en verano. Es importante destacar la exclusividad de esta construcción y la calidad de los materiales ya que hoy en dia construir una casa con piedra de granito tendría un coste muy elevado por lo que es una oportunidad de compra única para tener una casa con un diseño exclusivo. Dada la superficie de la vivienda y la amplitud de espacios podría convertirse en una bonita Casa Rural aprovechando su genuino diseño arquitectónico. Es importante saber que Becerril en la actualidad cuenta con todos los servicios necesarios, además de haberse convertido en uno de los pueblos de la sierra con mejor servicio de restauración.",True,good,False,,1362.0,True,False,False,True,[],False,False,587000.0,€,True,True,,chalet,Becerril de la Sierra,Casa independiente,independantHouse,,,,
108445721,https://img4.idealista.com/blur/480_360_mq/0/id.pro.es.image.master/b4/9a/40/1345100493.webp,2110/21100022/241,27,1,208000.0,flat,sale,42.0,True,2,1,Barrio Lavapiés-Embajadores,Madrid,Madrid,Centro,es,Lavapiés-Embajadores,40.407495,-3.7071884,False,https://www.idealista.com/inmueble/108445721/,"""VIVIENDA ALQUILADA, IDEAL PARA INVERSORES  Excelente piso de 2 dormitorios y 1 baño. Se encuentra en la planta 1 de un edificio residencial.  La vivienda se distribuye en 2 dormitorios, salón-comedor, cocina independiente, equipada con muebles altos y bajos, vitrocerámica, horno y campana extractora. Dispone de suelos de tarima en cocina, baño y en el resto de estancias.  Se encuentra ubicado en Lavapies - Embajadores, Centro. Cuenta con fácil acceso a través de las principales carreteras y buenas comunicaciones por transporte público. La parada de metro más cercana es Embajadores y se encuentra a menos de 10 minutos andando. La parada de autobús más cercana es El Rastro y se encuentra a menos de 5 minutos andando. La parada de taxi más cercana se encuentra a menos de 10 minutos andando.   En su entorno existen viviendas plurifamiliares de similares características. La zona cuenta con todo tipo de servicios básicos, el hospital más cercano se encuentra a 730 metros, existen 3 farmacias a menos de 300 metros, existen 5 colegios a menos de 300 metros. Además, a menos de 500 metros también puedes encontrar 9 supermercados, 14 bancos, 5 lavanderías, una oficina de correos, 2 comisarías de policía.  La zona cuenta con una amplia oferta de entretenimiento con 2 bibliotecas, 2 cines, 4 teatros, 4 gimnasios, 6 parques, bares, restaurantes y comercios a pocos minutos de la vivienda.  En cuanto al transporte privado, la zona dispone de parkings privados, un parking público y aparcamiento en la calle. La vivienda tiene un fácil acceso por carretera y está bien comunicado a través de la Calle 30, Ronda de Toledo y la Paseo de las Acacias. La vivienda se encuentra actualmente alquilada a precio de mercado, con inquilinos solventes que cuentan con empleo fijo y nómina, abonando la renta de manera puntual y regular. Detalles del contrato: Vencimiento del contrato: 18/11/2031 Renta mensual actual: 885€ Rentabilidad estimada: 5.1% Además de ofrecerte la compra de un activo en rentabilidad, ponemos a tu disposición un servicio de gestión inmobiliaria que te ayudará a optimizar tu inversión. Si estás interesado, no dudes en ponerte en contacto con nosotros a través de la web de Alquizen que pertenece a PROMONTORIA MACC RESIDENCIAL, S. L. Estaremos encantados de enviarte información adicional tanto sobre el activo como sobre los servicios mencionados. *Importante: Dado que la propiedad está alquilada, no es posible realizar visitas en este momento. "".",True,good,False,False,4952.0,True,False,True,False,[],False,False,208000.0,€,,,,flat,"Lavapiés-Embajadores, Madrid",Piso,,,,,
106127317,https://img4.idealista.com/blur/480_360_mq/0/id.pro.es.image.master/8a/6e/1f/1273346809.webp,1ºC Dúplex,9,1,564000.0,duplex,sale,125.0,True,2,2,"de Villaamil, 68",Madrid,Madrid,Tetuán,es,Berruguete,40.4610209,-3.7079215,True,https://www.idealista.com/obra-nueva/106127317/,"ÚLTIMAS VIVIENDAS promoción Villaamil 68. Entrega prevista de llaves finales de 2026. El edificio Villaamil 68 se sitúa en el noroeste de Madrid, una zona en continua transformación y modernización. Con amplias zonas verdes a tan sólo unos pasos, la zona dispone de centros educativos, comercio de barrio y centros comerciales relevantes como La Vaguada y Caleido. Las estaciones de la red de metro en las proximidades, la estación de Chamartín y el rápido acceso a la M30, proporcionan unas inmejorables comunicaciones. El Hospital Universitario La Paz completa una ubicación excelente. De la memoria de calidades cabe destacar el inmejorable aislamiento tanto térmico como acústico de las viviendas, así como el sistema de calefacción por aerotermia mediante suelo radiante y refrescante, lo que dota a las viviendas de un considerable ahorro energético. Las cocinas se entregan amuebladas con muebles altos y bajos, vitrocerámica, campana y fregadero. Los baños se entregan con mueble-lavabo y espejo. Contáctenos para más información y descubra las ventajas de vivir en la capital.",False,newdevelopment,True,True,4512.0,True,False,False,False,[],False,False,564000.0,€,,,,flat,"Berruguete, Madrid","Dúplex en de Villaamil, 68",duplex,False,,,
108396373,https://img4.idealista.com/blur/480_360_mq/0/id.pro.es.image.master/70/47/0e/1342953204.webp,2110/21100022/322,31,1,201000.0,flat,sale,35.0,True,1,1,Barrio Valdeacederas,Madrid,Madrid,Tetuán,es,Valdeacederas,40.4650514,-3.7032895,False,https://www.idealista.com/inmueble/108396373/,"""VIVIENDA ALQUILADA, IDEAL PARA INVERSORES  Excelente piso de 1 dormitorio y 1 baño. Se encuentra en la planta 1 de un edificio residencial y cuenta con ascensor y terraza.  La vivienda se distribuye en 1 dormitorio, salón-comedor, cocina independiente, equipada con muebles altos y bajos, vitrocerámica, horno y campana extractora. Dispone de suelos de tarima en cocina, baño y en el resto de estancias.  Se encuentra ubicado en Valdeacederas, Tetuan (Noreste de Madrid). Cuenta con fácil acceso a través de las principales carreteras y buenas comunicaciones por transporte público. La parada de metro más cercana es Tetuan y se encuentra a menos de 10 minutos andando. La parada de autobús más cercana es Robledo y se encuentra a menos de 5 minutos andando. La parada de taxi más cercana se encuentra a menos de 20 minutos andando.   En su entorno existen viviendas plurifamiliares de similares características. La zona cuenta con todo tipo de servicios básicos, existen 5 farmacias a menos de 300 metros, existen 4 colegios a menos de 300 metros. Además, a menos de 500 metros también puedes encontrar 10 supermercados, 8 bancos, una lavandería, una oficina de correos, una comisaría de policía.  La zona cuenta con una amplia oferta de entretenimiento con un gimnasio, 5 parques, bares, restaurantes y comercios a pocos minutos de la vivienda.  En cuanto al transporte privado, la zona dispone de parkings privados, un parking público y aparcamiento en la calle. La vivienda tiene un fácil acceso por carretera y está bien comunicado a través de la Calle 30, Calle de Sinesio Delgado y la Tunel Marques de Viana - Sor Angela de la Cruz. La vivienda se encuentra actualmente alquilada a precio de mercado, con inquilinos solventes que cuentan con empleo fijo y nómina, abonando la renta de manera puntual y regular. Detalles del contrato: Vencimiento del contrato: 13/11/2030 Renta mensual actual: 845€ Rentabilidad estimada: 5.0% Además de ofrecerte la compra de un activo en rentabilidad, ponemos a tu disposición un servicio de gestión inmobiliaria que te ayudará a optimizar tu inversión. Si estás interesado, no dudes en ponerte en contacto con nosotros a través de la web de Alquizen que pertenece a PROMONTORIA MACC RESIDENCIAL, S. L. Estaremos encantados de enviarte información adicional tanto sobre el activo como sobre los servicios mencionados. *Importante: Dado que la propiedad está alquilada, no es posible realizar visitas en este momento. "".",True,good,False,True,5743.0,True,False,True,False,[],False,False,201000.0,€,,,,flat,"Valdeacederas, Madrid",Piso,,,,,
108590016,https://img4.idealista.com/blur/480_360_mq/0/id.pro.es.image.master/05/d2/ae/1349310910.webp,2ºA,4,2,548432.0,flat,sale,110.0,True,2,2,"calle EL CHARCO, 37",Madrid,Leganés,Centro,es,Casco Antiguo,40.32917,-3.7691065,True,https://www.idealista.com/obra-nueva/108590016/,"Viviendas de calidad en la zona centro de Leganés a un precio asequible. Una inversión más que rentable. Promoción inmobiliaria en régimen de Comunidad de Bienes que abarata las viviendas al ser los compradores los auto promotores de su vivienda. No existe promotora como tal y por tanto ello representa un importante ahorro. WARWIK LEGANÉS CENTRO es una promoción de 7 viviendas de 2 dormitorios, 2 baños, con 2 plazas de garaje, trastero y terrazas o balcones, en un edificio residencial de diseño moderno y localización inmejorable y privilegiada, al lado de la estación CENTRAL de tren y metro, del centro de salud, de la residencia para mayores, de la Plaza Mayor, del Ayuntamiento, de la universidad, de tiendas y supermercados, todo ello a 5 minutos andando. Las viviendas se distribuyen en tres plantas y bajo cubierta tipo dúplex. La planta baja y patio interior permiten un número limitado de garajes y trasteros. El resto de las plazas de garaje se ubican en el aparcamiento de la Plaza Mayor, a 200 metros de distancia. El interior de las viviendas se caracteriza por su distribución inteligente pensada para las familias de hoy en día. Espacios amplios y bien aprovechados, luz natural por todas partes y unos acabados de calidad.  Las terrazas y balcones dotan de luminosidad y ventilación a las viviendas. Características básicas: Edificio de nueva planta con ascensor. Pisos y Áticos Dúplex, todos de 2 habitaciones, 2 baños y 2 plazas de garaje incluidas en el precio.",False,newdevelopment,True,True,4986.0,True,False,False,False,[],False,False,548432.0,€,True,True,,flat,"Casco Antiguo, Leganés","Piso en calle El Charco, 37",,False,,,
108630041,https://img4.idealista.com/blur/480_360_mq/0/id.pro.es.image.master/22/41/63/1350442147.webp,,8,1,650000.0,flat,sale,89.0,True,2,2,"Juan de Vera, 13",Madrid,Madrid,Arganzuela,es,Delicias,40.396215,-3.6930325,True,https://www.idealista.com/obra-nueva/108630041/,"¡Tu hogar perfecto en el corazón de Madrid! Bienvenido a tu nuevo hogar en una de las zonas más tranquilas y familiares de Delicias. Desde Lasabia Living, presentamos nuestra exclusiva promoción de Obra Nueva, con 65 impresionantes viviendas de 1, 2 y 3 dormitorios diseñadas para ofrecerte el máximo confort y calidad de vida. Un concepto de diseño propio de Lasabia Living, que apuesta por la calidez del hogar, la calidad de la materialidad, la iluminación natural con grandes ventanales y la funcionalidad de espacios para crear viviendas que cumplirán con todas tus necesidades. Características principales: -Viviendas luminosas y funcionales con acabados de calidad, muchas de ellas con terrazas privativas. -Áticos con impresionantes terrazas. -Piscina y solarium en la azotea con espectaculares vistas para disfrutar de momentos de relax y diversión en familia. -Garaje privado para tu comodidad y seguridad. -Gimnasio equipado con varias zonas para mantenerte en forma sin salir de casa. -Amplio lobby de acceso con espacio de co-working y patios ajardinados comunes creando pequeños oasis verdes. -Trastero incluido para almacenamiento adicional. Ubicación privilegiada: Dentro del cada vez más cotizado Barrio de Delicias y situada en una zona tranquila y apacible, nuestra promoción ofrece el equilibrio perfecto entre la vida urbana y la serenidad familiar. Con excelentes conexiones de transporte público y cercanía a parques, colegios y servicios básicos, aquí encontrarás todo lo que necesitas para disfrutar de una vida plena y confortable. ¡No pierdas la oportunidad de formar parte de esta exclusiva comunidad! Contacta con nosotros y reserva una visita para poder conocer todos los detalles de tu futuro hogar.",False,,True,True,7303.0,True,False,False,False,[],False,False,650000.0,€,True,True,,flat,"Delicias, Madrid","Piso en Juan de Vera, 13",,False,,,
108107153,https://img4.idealista.com/blur/480_360_mq/0/id.pro.es.image.master/87/42/02/1334037397.webp,2-A,8,2,385000.0,flat,sale,62.0,False,2,1,"calle Navarra, 16",Madrid,Madrid,Tetuán,es,Bellas Vistas,40.4537389,-3.7040362,True,https://www.idealista.com/obra-nueva/108107153/,"Promoción de 20 viviendas en c/ Navarra, en pleno corazón del Barrio de Tetuán, una de las zonas más conectadas, vibrantes y en transformación de Madrid. Ideal tanto para jóvenes que buscan su primera vivienda como para inversores que apuestan por una ubicación estratégica y en auge. A escasos minutos de Cuatro Caminos, Nuevos Ministerios y del espectacular nuevo Estadio Santiago Bernabéu, este enclave ofrece una combinación perfecta entre tradición y modernidad, con toda clase de servicios disponibles, y todo ello en un entorno joven, dinámico y con una revalorización inmobiliaria asegurada. Conectividad total: Metro (L1, L2, L6 y L10) Cercanías en Nuevos Ministerios Múltiples líneas de autobús Fácil acceso a M-30 y A-6 Tanto si buscas tu primera vivienda en Madrid como si quieres invertir en una zona con gran proyección y alta demanda de alquiler, Abauco Tetuán es tu sitio. ¡Seguimos construyendo sueños!",False,newdevelopment,True,True,6210.0,True,False,False,False,[],False,False,385000.0,€,,,,flat,"Bellas Vistas, Madrid","Piso en calle Navarra, 16",,False,,,
108562797,https://img4.idealista.com/blur/480_360_mq/0/id.pro.es.image.master/27/25/14/1246863229.webp,56,14,1,264749.0,flat,sale,121.0,True,3,2,"de los Pozos, 31",Madrid,Torres de la Alameda,,es,,40.4033383,-3.3627796,True,https://www.idealista.com/obra-nueva/108562797/,"Residencial Los Álamos. (Licencia de obras concedida). Estamos emocionados de presentar una atractiva promoción de 72 viviendas, garajes y trasteros en Torres de la Alameda. Esta oferta incluye una variedad de tipologías de viviendas, con opciones de 1, 2 y 3 dormitorios, todas diseñadas para satisfacer diversas necesidades y estilos de vida. Algunas unidades cuentan con amplias terrazas, y otras ofrecen generosos espacios privativos, como patios, jardines o solariums, perfectos para disfrutar del aire libre. El edificio se distribuye en 3 plantas y cuenta con 8 portales, proporcionando una distribución funcional y accesible. Además, el complejo está diseñado para el confort de sus residentes, incluyendo una refrescante piscina y amplias zonas comunes, ideales para socializar y disfrutar en familia. Nuestros precios son realmente competitivos e incluyen, sin costo adicional, 2 plazas de garaje y un trastero. Si está interesado en esta increíble oportunidad, no dude en ponerse en contacto con nosotros. Estamos aquí para resolver cualquier duda y ayudarle a encontrar el hogar de sus sueños.",True,newdevelopment,True,True,2188.0,True,False,False,False,[],False,False,264749.0,€,True,True,,flat,Torres de la Alameda,"Piso en de los Pozos, 31",,False,,,
108445595,https://img4.idealista.com/blur/480_360_mq/0/id.pro.es.image.master/95/70/66/1345096599.webp,2110/21100022/308,29,bj,226500.0,flat,sale,73.0,True,3,1,Barrio Ambroz,Madrid,Madrid,Vicálvaro,es,Ambroz,40.4080277,-3.6144891,False,https://www.idealista.com/inmueble/108445595/,"""VIVIENDA ALQUILADA, IDEAL PARA INVERSORES  Excelente piso de 3 dormitorios y 1 baño. Se encuentra en la planta baja de un edificio residencial y cuenta con armarios empotrados.  La vivienda se distribuye en 3 dormitorios, salón-comedor, cocina independiente, equipada con muebles altos y bajos, vitrocerámica, horno y campana extractora. Dispone de suelos de tarima en cocina, baño y en el resto de estancias.  Se encuentra ubicado en Casco historico de Vicalvaro, Vicalvaro (Sureste de Madrid). Cuenta con fácil acceso a través de las principales carreteras y buenas comunicaciones por transporte público. La parada de metro más cercana es San Cipriano y se encuentra a menos de 20 minutos andando. La parada de autobús más cercana es Casalarreina-Daroca y se encuentra a menos de 5 minutos andando. La parada de taxi más cercana se encuentra a menos de 20 minutos andando.   En su entorno existen viviendas plurifamiliares de similares características. La zona cuenta con todo tipo de servicios básicos, el centro de salud más cercano se encuentra a 470 metros, existen 4 farmacias a menos de 300 metros, existen 2 colegios a menos de 300 metros, la universidad más cercana se encuentra a 280 metros. Además, a menos de 500 metros también puedes encontrar un banco.  La zona cuenta con una amplia oferta de entretenimiento con un gimnasio, 4 parques, bares, restaurantes y comercios a pocos minutos de la vivienda.  En cuanto al transporte privado, la zona dispone de parkings privados, un parking público y aparcamiento en la calle. La vivienda tiene un fácil acceso por carretera y está bien comunicado a través de la M-40, Calle de Casalarreina y la Avenida de Daroca. La vivienda se encuentra actualmente alquilada a precio de mercado, con inquilinos solventes que cuentan con empleo fijo y nómina, abonando la renta de manera puntual y regular. Detalles del contrato: Vencimiento del contrato: 22/07/2031 Renta mensual actual: 1.090€ Rentabilidad estimada: 5.8% Además de ofrecerte la compra de un activo en rentabilidad, ponemos a tu disposición un servicio de gestión inmobiliaria que te ayudará a optimizar tu inversión. Si estás interesado, no dudes en ponerte en contacto con nosotros a través de la web de Alquizen que pertenece a PROMONTORIA MACC RESIDENCIAL, S.L. Estaremos encantados de enviarte información adicional tanto sobre el activo como sobre los servicios mencionados. *Importante: Dado que la propiedad está alquilada, no es posible realizar visitas en este momento."".",True,good,False,False,3103.0,True,False,True,False,[],False,False,226500.0,€,,,,flat,"Ambroz, Madrid",Piso,,,,,
108445936,https://img4.idealista.com/blur/480_360_mq/0/id.pro.es.image.master/79/01/00/1345108669.webp,2201/22010039/216,29,4,238000.0,flat,sale,61.0,True,3,1,Barrio Numancia,Madrid,Madrid,Puente de Vallecas,es,Numancia,40.3969477,-3.6590995,False,https://www.idealista.com/inmueble/108445936/,"""VIVIENDA ALQUILADA, IDEAL PARA INVERSORES  Excelente piso de 3 dormitorios y 1 baño. Se encuentra en la planta 4 de un edificio residencial.  La vivienda se distribuye en 3 dormitorios, salón-comedor, cocina independiente, equipada con muebles altos y bajos, vitrocerámica, horno y campana extractora. Dispone de suelos de tarima en cocina, baño y en el resto de estancias.  Se encuentra ubicado en Numancia, Puente de Vallecas. Cuenta con fácil acceso a través de las principales carreteras y buenas comunicaciones por transporte público. La parada de metro más cercana es Buenos Aires y se encuentra a menos de 20 minutos andando. La parada de autobús más cercana es Sierra Toledana-Camino Valderribas y se encuentra a menos de 5 minutos andando. La parada de taxi más cercana se encuentra a menos de 10 minutos andando.   En su entorno existen viviendas plurifamiliares de similares características. La zona cuenta con todo tipo de servicios básicos, el centro de salud más cercano se encuentra a 450 metros, existen 5 farmacias a menos de 300 metros, el colegio más cercano se encuentra a 280 metros. Además, a menos de 500 metros también puedes encontrar 3 supermercados, 6 bancos.  La zona cuenta con una amplia oferta de entretenimiento con un cine, 2 gimnasios, 17 parques, bares, restaurantes y comercios a pocos minutos de la vivienda.  En cuanto al transporte privado, la zona dispone de parkings privados y aparcamiento en la calle. La vivienda tiene un fácil acceso por carretera y está bien comunicado a través de la Avenida de la Paz, Avenida de la Albufera y la Camino de Valderribas. La vivienda se encuentra actualmente alquilada a precio de mercado, con inquilinos solventes que cuentan con empleo fijo y nómina, abonando la renta de manera puntual y regular. Detalles del contrato: Vencimiento del contrato: 13/08/2030 Renta mensual actual: 999€ Rentabilidad estimada: 5.0% Además de ofrecerte la compra de un activo en rentabilidad, ponemos a tu disposición un servicio de gestión inmobiliaria que te ayudará a optimizar tu inversión. Si estás interesado, no dudes en ponerte en contacto con nosotros a través de la web de Alquizen que pertenece a PROMONTORIA MACC RESIDENCIAL, S. L. Estaremos encantados de enviarte información adicional tanto sobre el activo como sobre los servicios mencionados. *Importante: Dado que la propiedad está alquilada, no es posible realizar visitas en este momento. "".",True,good,False,False,3902.0,True,False,True,False,[],False,False,238000.0,€,,,,flat,"Numancia, Madrid",Piso,,,,,
108303871,https://img4.idealista.com/blur/480_360_mq/0/id.pro.es.image.master/03/f6/f3/1340101186.webp,c0127-00245,25,1,325000.0,flat,sale,41.0,True,1,1,El Soto de la Moraleja,Madrid,La Moraleja,El Soto de la Moraleja,es,,40.5203805,-3.6546132,False,https://www.idealista.com/inmueble/108303871/,"Century 21 Now IV vende en exclusiva este apartamento en urbanización Cuesta Blanca en Soto de la Moraleja. El inmueble está distribuido en amplio salón, dormitorioun baño, y cocina independiente. Además tiene una amplia terraza terraza con estupendas vistas. Cuenta con una plaza de garaje incluida en el precio. La urbanización dispone de piscina para niños y para mayores, parques infantiles, padle, tenis y pista de fútbol. Seguridad mediante barrera y garita con vigilancia 12 horas en invierno y 24 horas en verano lo que da mucha seguridad. Centro comercial al lado. Esta vivienda disfruta de una ubicación increible, con excelentes comunicaciones y servicios cercanos. Parada de autobús a solo unos minutos andando, con conexión directa a Plaza de Castilla, centro comercial Moraleja Green y Golf park a tan solo unos minutos. El aeropuerto de Barajas / Adolfo Suárez se encuentra a tan solo 12 minutos en coche. Con la estación de metro más cercana que es Ronda de la Comunicación (línea 10), ubicada a 15 minutos andando y tiene fácil acceso a la A-1 en lo que rápido te sitúas en Madrid y otras localidades cercanas.",True,renew,False,False,7927.0,True,False,False,False,[],False,False,325000.0,€,True,True,,flat,"El Soto de la Moraleja, La Moraleja",Piso,,,335000.0,10000.0,3.0
108445669,https://img4.idealista.com/blur/480_360_mq/0/id.pro.es.image.master/b6/3a/09/1345097734.webp,2110/21100033/1,42,1,385000.0,flat,sale,102.0,True,3,3,Barrio Zona Estación,Madrid,Pozuelo de Alarcón,Zona Estación,es,Zona Estación,40.4447379,-3.8023071,False,https://www.idealista.com/inmueble/108445669/,"""VIVIENDA ALQUILADA, IDEAL PARA INVERSORES  Excelente piso de 3 dormitorios y 3 baños. Se encuentra en la planta 1 de un edificio residencial y cuenta con armarios empotrados.  La vivienda se distribuye en 3 dormitorios, salón-comedor, cocina independiente, equipada con muebles altos y bajos, vitrocerámica, horno y campana extractora. Dispone de suelos de tarima en cocina, baño y en el resto de estancias.  Se encuentra ubicado en Somosaguas - Este, Noreste de Pozuelo de Alarcon. Cuenta con fácil acceso a través de las principales carreteras y buenas comunicaciones por transporte público. La parada de metro más cercana es Pozuelo y se encuentra a menos de 10 minutos andando. La parada de autobús más cercana es Carretera Humera - Helena Aparicio y se encuentra a menos de 5 minutos andando.   En su entorno existen viviendas plurifamiliares de similares características. La zona cuenta con todo tipo de servicios básicos, existen 4 farmacias a menos de 300 metros, el colegio más cercano se encuentra a 290 metros. Además, a menos de 500 metros también puedes encontrar 4 supermercados, 5 bancos, una oficina de correos.  La zona cuenta con una amplia oferta de entretenimiento con una biblioteca, 2 gimnasios, 18 parques, bares, restaurantes y comercios a pocos minutos de la vivienda.  En cuanto al transporte privado, la zona dispone de parkings privados, 2 parkings públicos y aparcamiento en la calle. La vivienda tiene un fácil acceso por carretera y está bien comunicado a través de la M-40, Carretera de Pozuelo a Boadilla y la Avenida de Juan XXIII. La vivienda se encuentra actualmente alquilada a precio de mercado, con inquilinos solventes que cuentan con empleo fijo y nómina, abonando la renta de manera puntual y regular. Detalles del contrato: Vencimiento del contrato: 29/06/2029 Renta mensual actual: 1.227€ Rentabilidad estimada: 3.8% Además de ofrecerte la compra de un activo en rentabilidad, ponemos a tu disposición un servicio de gestión inmobiliaria que te ayudará a optimizar tu inversión. Si estás interesado, no dudes en ponerte en contacto con nosotros a través de la web de Alquizen que pertenece a PROMONTORIA MACC RESIDENCIAL, S. L. Estaremos encantados de enviarte información adicional tanto sobre el activo como sobre los servicios mencionados. *Importante: Dado que la propiedad está alquilada, no es posible realizar visitas en este momento. "".",True,good,False,False,3775.0,True,False,True,False,[],False,False,385000.0,€,,,,flat,"Zona Estación, Pozuelo de Alarcón",Piso,,,,,
108446197,https://img4.idealista.com/blur/480_360_mq/0/id.pro.es.image.master/36/89/d1/1345115629.webp,2201/22010039/250,33,1,189000.0,flat,sale,49.0,True,1,1,Barrio Vista Alegre,Madrid,Madrid,Carabanchel,es,Vista Alegre,40.3915448,-3.739251,False,https://www.idealista.com/inmueble/108446197/,"""VIVIENDA ALQUILADA, IDEAL PARA INVERSORES  Excelente piso de 1 dormitorio y 1 baño. Se encuentra en la planta 1 de un edificio residencial y cuenta con terraza.  La vivienda se distribuye en 1 dormitorio, salón-comedor, cocina independiente, equipada con muebles altos y bajos, vitrocerámica, horno y campana extractora. Dispone de suelos de tarima en cocina, baño y en el resto de estancias.  Se encuentra ubicado en Vista Alegre, Carabanchel. Cuenta con fácil acceso a través de las principales carreteras y buenas comunicaciones por transporte público. La parada de metro más cercana es Vista Alegre y se encuentra a menos de 5 minutos andando. La parada de autobús más cercana es Vista Alegre y se encuentra a menos de 5 minutos andando. La parada de taxi más cercana se encuentra a menos de 5 minutos andando.   En su entorno existen viviendas plurifamiliares de similares características. La zona cuenta con todo tipo de servicios básicos, el centro de salud más cercano se encuentra a 700 metros, existen 10 farmacias a menos de 300 metros. Además, a menos de 500 metros también puedes encontrar 4 supermercados, 7 bancos, una oficina de correos.  La zona cuenta con una amplia oferta de entretenimiento con un gimnasio, 15 parques, bares, restaurantes y comercios a pocos minutos de la vivienda.  En cuanto al transporte privado, la zona dispone de parkings privados y aparcamiento en la calle. La vivienda tiene un fácil acceso por carretera y está bien comunicado a través de la Autovia del Suroeste, Calle del General Ricardos y la Avenida de Nuestra Senora de Valvanera. La vivienda se encuentra actualmente alquilada a precio de mercado, con inquilinos solventes que cuentan con empleo fijo y nómina, abonando la renta de manera puntual y regular. Detalles del contrato: Vencimiento del contrato: 08/12/2029 Renta mensual actual: 797€ Rentabilidad estimada: 5.1% Además de ofrecerte la compra de un activo en rentabilidad, ponemos a tu disposición un servicio de gestión inmobiliaria que te ayudará a optimizar tu inversión. Si estás interesado, no dudes en ponerte en contacto con nosotros a través de la web de Alquizen que pertenece a PROMONTORIA MACC RESIDENCIAL, S. L. Estaremos encantados de enviarte información adicional tanto sobre el activo como sobre los servicios mencionados. *Importante: Dado que la propiedad está alquilada, no es posible realizar visitas en este momento. "".",True,good,False,False,3857.0,True,False,True,False,[],False,False,189000.0,€,,,,flat,"Vista Alegre, Madrid",Piso,,,,,
108639093,https://img4.idealista.com/blur/480_360_mq/0/id.pro.es.image.master/85/2c/90/1350713676.webp,2110/21100022/199,33,2,188000.0,flat,sale,45.0,True,2,1,Barrio San Isidro,Madrid,Madrid,Carabanchel,es,San Isidro,40.396938,-3.7351917,False,https://www.idealista.com/inmueble/108639093/,"""VIVIENDA ALQUILADA, IDEAL PARA INVERSORES  Excelente piso de 2 dormitorios y 1 baño. Se encuentra en la planta 2 de un edificio residencial.  La vivienda se distribuye en 2 dormitorios, salón-comedor, cocina independiente, equipada con muebles altos y bajos, vitrocerámica, horno y campana extractora. Dispone de suelos de tarima en cocina, baño y en el resto de estancias.  Se encuentra ubicado en San Isidro, Carabanchel (Suroeste de Madrid). Cuenta con fácil acceso a través de las principales carreteras y buenas comunicaciones por transporte público. La parada de metro más cercana es Vista Alegre y se encuentra a menos de 20 minutos andando. La parada de autobús más cercana es Polideportivo Gallur y se encuentra a menos de 5 minutos andando. La parada de taxi más cercana se encuentra a menos de 5 minutos andando.   En su entorno existen viviendas plurifamiliares de similares características. La zona cuenta con todo tipo de servicios básicos, el centro de salud más cercano se encuentra a 290 metros, existen 3 farmacias a menos de 300 metros  La zona cuenta con una amplia oferta de entretenimiento con 9 parques, bares, restaurantes y comercios a pocos minutos de la vivienda.  En cuanto al transporte privado, la zona dispone de parkings privados y aparcamiento en la calle. La vivienda tiene un fácil acceso por carretera y está bien comunicado a través de la Autovia del Suroeste, Calle del General Ricardos y la Avenida de Nuestra Senora de Valvanera. La vivienda se encuentra actualmente alquilada a precio de mercado, con inquilinos solventes que cuentan con empleo fijo y nómina, abonando la renta de manera puntual y regular. Detalles del contrato: Vencimiento del contrato: 18/10/2028 Renta mensual actual: 690€ Rentabilidad estimada: 4.4% Además de ofrecerte la compra de un activo en rentabilidad, ponemos a tu disposición un servicio de gestión inmobiliaria que te ayudará a optimizar tu inversión. Si estás interesado, no dudes en ponerte en contacto con nosotros a través de la web de Alquizen que pertenece a PROMONTORIA MACC RESIDENCIAL, S. L. Estaremos encantados de enviarte información adicional tanto sobre el activo como sobre los servicios mencionados. *Importante: Dado que la propiedad está alquilada, no es posible realizar visitas en este momento. "".",True,good,False,False,4178.0,True,False,True,False,[],False,False,188000.0,€,,,,flat,"San Isidro, Madrid",Piso,,,,,
108589975,https://img4.idealista.com/blur/480_360_mq/0/id.pro.es.image.master/05/d2/ae/1349310910.webp,1ºB,4,1,499500.0,flat,sale,98.0,True,2,2,"calle EL CHARCO, 37",Madrid,Leganés,Centro,es,Casco Antiguo,40.32917,-3.7691065,True,https://www.idealista.com/obra-nueva/108589975/,"Viviendas de calidad en la zona centro de Leganés a un precio asequible. Una inversión más que rentable. Promoción inmobiliaria en régimen de Comunidad de Bienes que abarata las viviendas al ser los compradores los auto promotores de su vivienda. No existe promotora como tal y por tanto ello representa un importante ahorro. WARWIK LEGANÉS CENTRO es una promoción de 7 viviendas de 2 dormitorios, 2 baños, con 2 plazas de garaje, trastero y terrazas o balcones, en un edificio residencial de diseño moderno y localización inmejorable y privilegiada, al lado de la estación CENTRAL de tren y metro, del centro de salud, de la residencia para mayores, de la Plaza Mayor, del Ayuntamiento, de la universidad, de tiendas y supermercados, todo ello a 5 minutos andando. Las viviendas se distribuyen en tres plantas y bajo cubierta tipo dúplex. La planta baja y patio interior permiten un número limitado de garajes y trasteros. El resto de las plazas de garaje se ubican en el aparcamiento de la Plaza Mayor, a 200 metros de distancia. El interior de las viviendas se caracteriza por su distribución inteligente pensada para las familias de hoy en día. Espacios amplios y bien aprovechados, luz natural por todas partes y unos acabados de calidad.  Las terrazas y balcones dotan de luminosidad y ventilación a las viviendas. Características básicas: Edificio de nueva planta con ascensor. Pisos y Áticos Dúplex, todos de 2 habitaciones, 2 baños y 2 plazas de garaje incluidas en el precio.",False,,True,True,5097.0,True,False,False,False,[],False,False,499500.0,€,True,True,,flat,"Casco Antiguo, Leganés","Piso en calle El Charco, 37",,False,,,
107078988,https://img4.idealista.com/blur/480_360_mq/0/id.pro.es.image.master/58/93/37/1334253863.webp,P1_4ºB,5,4,354500.0,penthouse,sale,131.0,False,2,1,"avenida Provisional Ahijones Nueve, 90",Madrid,Madrid,Vicálvaro,es,Los Ahijones,40.3894362,-3.573151,True,https://www.idealista.com/obra-nueva/107078988/,"¡Descubre el ático de tus sueños! Situado en una ubicación inmejorable, a escasos metros de la Línea 9, este inmueble ofrece comodidad y modernidad en cada rincón. Ubicado en una planta 4 disfrutarás de luz natural durante todo el día. Con 2 dormitorios, 1 baño y 52 m² de terrazas, es perfecto para quienes buscan comodidad y estilo, siendo ideal para parejas o pequeñas familias. La climatización mediante aerotermia garantiza un ambiente perfecto durante todo el año, con suelos radiantes y refrescantes. La clase energética A asegura un consumo eficiente, cuidando tanto de tu bolsillo como del medio ambiente. Además, la plaza de garaje y el trastero están incluidos en el precio, brindando una solución práctica para tu día a día. Relájate en la piscina comunitaria o pasea por la zona ajardinada, ideal para desconectar del bullicio de la ciudad. No pierdas la oportunidad de vivir en un entorno que combina tranquilidad y accesibilidad. ¡Ven a conocer tu futuro hogar y enamórate de cada detalle! ¡No dejes pasar esta oportunidad única!",False,newdevelopment,True,True,2706.0,True,False,False,False,[],False,False,354500.0,€,True,True,,flat,"Los Ahijones, Madrid","Ático en avenida Provisional Ahijones Nueve, 90",penthouse,False,,,
108445629,https://img4.idealista.com/blur/480_360_mq/0/id.pro.es.image.master/24/e6/2b/1345096523.webp,2110/21100022/165,27,7,319000.0,flat,sale,62.0,True,2,1,Barrio Pilar,Madrid,Madrid,Fuencarral,es,Pilar,40.4751979,-3.7152261,False,https://www.idealista.com/inmueble/108445629/,"""VIVIENDA ALQUILADA, IDEAL PARA INVERSORES  Excelente piso de 2 dormitorios y 1 baño. Se encuentra en la planta 7 de un edificio residencial y cuenta con ascensor.  La vivienda se distribuye en 2 dormitorios, salón-comedor, cocina independiente, equipada con muebles altos y bajos, vitrocerámica, horno y campana extractora. Dispone de suelos de tarima en cocina, baño y en el resto de estancias.  Se encuentra ubicado en Pilar, Fuencarral - El Pardo (Noroeste de Madrid). Cuenta con fácil acceso a través de las principales carreteras y buenas comunicaciones por transporte público. La parada de metro más cercana es Penagrande y se encuentra a menos de 10 minutos andando. La parada de autobús más cercana es Monforte de Lemos-Ganapanes y se encuentra a menos de 5 minutos andando. La parada de taxi más cercana se encuentra a menos de 10 minutos andando.   En su entorno existen viviendas plurifamiliares de similares características. La zona cuenta con todo tipo de servicios básicos, el centro de salud más cercano se encuentra a 540 metros, existen 9 farmacias a menos de 300 metros, el colegio más cercano se encuentra a 240 metros. Además, a menos de 500 metros también puedes encontrar 3 supermercados, 14 bancos, 4 lavanderías.  La zona cuenta con una amplia oferta de entretenimiento con 2 teatros, 3 gimnasios, 9 parques, bares, restaurantes y comercios a pocos minutos de la vivienda.  En cuanto al transporte privado, la zona dispone de parkings privados, 3 parkings públicos y aparcamiento en la calle. La vivienda tiene un fácil acceso por carretera y está bien comunicado a través de la Calle 30, Calle de Sinesio Delgado y la Avenida del Cardenal Herrera Oria. La vivienda se encuentra actualmente alquilada a precio de mercado, con inquilinos solventes que cuentan con empleo fijo y nómina, abonando la renta de manera puntual y regular. Detalles del contrato: Vencimiento del contrato: 02/04/2032 Renta mensual actual: 1.155€ Rentabilidad estimada: 4.3% Además de ofrecerte la compra de un activo en rentabilidad, ponemos a tu disposición un servicio de gestión inmobiliaria que te ayudará a optimizar tu inversión. Si estás interesado, no dudes en ponerte en contacto con nosotros a través de la web de Alquizen que pertenece a PROMONTORIA MACC RESIDENCIAL, S.L. Estaremos encantados de enviarte información adicional tanto sobre el activo como sobre los servicios mencionados. *Importante: Dado que la propiedad está alquilada, no es posible realizar visitas en este momento."".",True,good,False,True,5145.0,True,False,True,False,[],False,False,319000.0,€,,,,flat,"Pilar, Madrid",Piso,,,,,
108589931,https://img4.idealista.com/blur/480_360_mq/0/id.pro.es.image.master/05/d2/ae/1349310910.webp,1ºA,4,1,665748.0,flat,sale,140.0,True,2,2,"calle EL CHARCO, 37",Madrid,Leganés,Centro,es,Casco Antiguo,40.32917,-3.7691065,True,https://www.idealista.com/obra-nueva/108589931/,"Viviendas de calidad en la zona centro de Leganés a un precio asequible. Una inversión más que rentable. Promoción inmobiliaria en régimen de Comunidad de Bienes que abarata las viviendas al ser los compradores los auto promotores de su vivienda. No existe promotora como tal y por tanto ello representa un importante ahorro. WARWIK LEGANÉS CENTRO es una promoción de 7 viviendas de 2 dormitorios, 2 baños, con 2 plazas de garaje, trastero y terrazas o balcones, en un edificio residencial de diseño moderno y localización inmejorable y privilegiada, al lado de la estación CENTRAL de tren y metro, del centro de salud, de la residencia para mayores, de la Plaza Mayor, del Ayuntamiento, de la universidad, de tiendas y supermercados, todo ello a 5 minutos andando. Las viviendas se distribuyen en tres plantas y bajo cubierta tipo dúplex. La planta baja y patio interior permiten un número limitado de garajes y trasteros. El resto de las plazas de garaje se ubican en el aparcamiento de la Plaza Mayor, a 200 metros de distancia. El interior de las viviendas se caracteriza por su distribución inteligente pensada para las familias de hoy en día. Espacios amplios y bien aprovechados, luz natural por todas partes y unos acabados de calidad.  Las terrazas y balcones dotan de luminosidad y ventilación a las viviendas. Características básicas: Edificio de nueva planta con ascensor. Pisos y Áticos Dúplex, todos de 2 habitaciones, 2 baños y 2 plazas de garaje incluidas en el precio.",False,newdevelopment,True,True,4755.0,True,False,False,False,[],False,False,665748.0,€,True,True,,flat,"Casco Antiguo, Leganés","Piso en calle El Charco, 37",,False,,,
108445949,https://img4.idealista.com/blur/480_360_mq/0/id.pro.es.image.master/92/cf/35/1345110798.webp,2201/22010039/251,33,st,203500.0,flat,sale,60.0,True,3,1,Barrio San Isidro,Madrid,Madrid,Carabanchel,es,San Isidro,40.3909873,-3.7379686,False,https://www.idealista.com/inmueble/108445949/,"""VIVIENDA ALQUILADA, IDEAL PARA INVERSORES  Excelente piso de 3 dormitorios y 1 baño. Se encuentra en la planta -1 de un edificio residencial y cuenta con balcón.  La vivienda se distribuye en 3 dormitorios, salón-comedor, cocina independiente, equipada con muebles altos y bajos, vitrocerámica, horno y campana extractora. Dispone de suelos de tarima en cocina, baño y en el resto de estancias.  Se encuentra ubicado en San Isidro, Carabanchel (Suroeste de Madrid). Cuenta con fácil acceso a través de las principales carreteras y buenas comunicaciones por transporte público. La parada de metro más cercana es Carpetana y se encuentra a menos de 5 minutos andando. La parada de autobús más cercana es Zaida-Centro Social y se encuentra a menos de 5 minutos andando. La parada de taxi más cercana se encuentra a menos de 10 minutos andando.   En su entorno existen viviendas plurifamiliares de similares características. La zona cuenta con todo tipo de servicios básicos, el centro de salud más cercano se encuentra a 470 metros, existen 6 farmacias a menos de 300 metros, existen 4 colegios a menos de 300 metros. Además, a menos de 500 metros también puedes encontrar 4 supermercados, 5 bancos.  La zona cuenta con una amplia oferta de entretenimiento con 14 parques, bares, restaurantes y comercios a pocos minutos de la vivienda.  En cuanto al transporte privado, la zona dispone de parkings privados y aparcamiento en la calle. La vivienda tiene un fácil acceso por carretera y está bien comunicado a través de la Autovia del Suroeste, Calle del General Ricardos y la Avenida de Nuestra Senora de Valvanera. La vivienda se encuentra actualmente alquilada a precio de mercado, con inquilinos solventes que cuentan con empleo fijo y nómina, abonando la renta de manera puntual y regular. Detalles del contrato: Vencimiento del contrato: 24/10/2030 Renta mensual actual: 1.014€ Rentabilidad estimada: 6.0% Además de ofrecerte la compra de un activo en rentabilidad, ponemos a tu disposición un servicio de gestión inmobiliaria que te ayudará a optimizar tu inversión. Si estás interesado, no dudes en ponerte en contacto con nosotros a través de la web de Alquizen que pertenece a PROMONTORIA MACC RESIDENCIAL, S. L. Estaremos encantados de enviarte información adicional tanto sobre el activo como sobre los servicios mencionados. *Importante: Dado que la propiedad está alquilada, no es posible realizar visitas en este momento. "".",True,good,False,False,3392.0,True,False,True,False,[],False,False,203500.0,€,,,,flat,"San Isidro, Madrid",Piso,,,,,
107967577,https://img4.idealista.com/blur/480_360_mq/0/id.pro.es.image.master/48/f3/10/1330326257.webp,6bcbd43d-88ae-4235-a0cf-39b4a7c54944,23,2,245000.0,flat,sale,102.0,True,2,1,calle del Lago Calafate,Madrid,Madrid,Puente de Vallecas,es,Portazgo,40.3823995,-3.6489663,False,https://www.idealista.com/inmueble/107967577/,"Descubre esta acogedora y luminosa vivienda de 102 m² ubicada en el corazón de Portazgo, en Puente de Vallecas, Madrid. Una propiedad que combina comodidad, amplitud y funcionalidad, ideal para quienes buscan un espacio listo para entrar a vivir. Originalmente distribuida en tres dormitorios, la vivienda fue reformada para ofrecer ahora dos amplios dormitorios que aportan mayor amplitud y versatilidad a las estancias. Dispone de un baño completo y una cocina totalmente equipada, perfecta para disfrutar del día a día o para los amantes de la cocina. El inmueble cuenta con aire acondicionado para asegurar confort durante todo el año, así como calentador de gas, armarios empotrados y un práctico trastero que garantiza espacio de almacenamiento adicional. El edificio dispone de ascensor, lo que añade un extra de comodidad a tu día a día, y su excelente luminosidad hace de cada estancia un espacio cálido y acogedor. La vivienda se sitúa en una zona muy bien comunicada y con todos los servicios a pocos pasos: supermercados, centros educativos, comercios de barrio y amplias zonas verdes. Muy próxima a estaciones de transporte público que conectan fácilmente con cualquier punto de Madrid, Portazgo es una zona dinámica y en crecimiento, perfecta para vivir con comodidad y acceso a todo lo necesario.",False,good,False,True,2402.0,False,False,False,False,[],False,False,245000.0,€,,,,flat,"Portazgo, Madrid",Piso en calle del Lago Calafate,,,,,
